image_path,image_id,label,sha256,group_id
C:\SRS(ISIC_2019)\Dataset\AK\ISIC_0025992.jpg,isic_0025992,0,898a5c3d197c0192ecf46d06b123f22e48e653a0147e1daeea3af3c3bf11bbe9,19
C:\SRS(ISIC_2019)\Dataset\AK\ISIC_0026149.jpg,isic_0026149,0,36d99ea7ec0af89eba3decd14a18dfcfa077e9d0d7bad7bc6d6ad03588ff0734,21
C:\SRS(ISIC_2019)\Dataset\AK\ISIC_0026575.jpg,isic_0026575,0,9bec563fc8d9dcdf3dd780dce8c3e046b9529eacee276708dcfc3744b3502c2e,28
C:\SRS(ISIC_2019)\Dataset\AK\ISIC_0027254.jpg,isic_0027254,0,178b879a5b98977635f80c14d3acd2db1cdc795b9270a52381a2ec42140c7269,41
C:\SRS(ISIC_2019)\Dataset\AK\ISIC_0028990.jpg,isic_0028990,0,bcadf57b6135d7aba0ff386508e0dab453c862c2d68862b7832dbf47d225e320,70
C:\SRS(ISIC_2019)\Dataset\AK\ISIC_0029460.jpg,isic_0029460,0,916d602932d4a778943017d523d752d5c1a24f161ac240ac4de2459d43618d8f,77
C:\SRS(ISIC_2019)\Dataset\AK\ISIC_0029830.jpg,isic_0029830,0,7f3108287d6baeedf8797302b1001e252fb2a80dc3522cd34e41e30bce95353d,83
C:\SRS(ISIC_2019)\Dataset\AK\ISIC_0030344.jpg,isic_0030344,0,d0fadd662cff2ae30b788d9b9e0a2442a219e470b6686eadd2554fb06b176a06,93
C:\SRS(ISIC_2019)\Dataset\AK\ISIC_0053506.jpg,isic_0053506,0,a89e84d88eb7c225fc6e67a58193285470f011b825e4d7c4cf85a455408dee3f,131
C:\SRS(ISIC_2019)\Dataset\AK\ISIC_0055452.jpg,isic_0055452,0,e1e3dc9195a6848f040b724d0c8ae772c74f43f37255bbd4a91c71f391ad05e3,195
C:\SRS(ISIC_2019)\Dataset\AK\ISIC_0056529.jpg,isic_0056529,0,e47200164b02075722609de12320d140bc97b433d05eced374aea74a161352cd,234
C:\SRS(ISIC_2019)\Dataset\AK\ISIC_0057847.jpg,isic_0057847,0,1df74ad21f5a90c30eefd49f63f7f14ac5a778f031d893e89cdac306023e1774,286
C:\SRS(ISIC_2019)\Dataset\AK\ISIC_0058762.jpg,isic_0058762,0,9fd7627e7735d135e953b314e19407b48ca6904e72fac224724e49903fa9cd7a,319
C:\SRS(ISIC_2019)\Dataset\AK\ISIC_0058884.jpg,isic_0058884,0,b87103be595720efd4a3c46658a8072695a56f26840c65177865d6fbad450da2,323
C:\SRS(ISIC_2019)\Dataset\AK\ISIC_0059572.jpg,isic_0059572,0,be6a2aa8938c7cb036d6bde6074bebdc737885c8942f1809f20de76f5345a1d3,352
C:\SRS(ISIC_2019)\Dataset\AK\ISIC_0059789.jpg,isic_0059789,0,d833874e3453318a1899efc8dd0a36f8ad390bc568fc7020c6ca103a83375e31,357
C:\SRS(ISIC_2019)\Dataset\AK\ISIC_0060522.jpg,isic_0060522,0,e73f0f8e816377dabaf1b320464e89752f61a1d56e57d1026eeacd90ccc2d5cd,388
C:\SRS(ISIC_2019)\Dataset\AK\ISIC_0060729.jpg,isic_0060729,0,e4eb72a884ca63ceef9ba8e387b117814744aa8d6bd13835d2439268c77864ed,394
C:\SRS(ISIC_2019)\Dataset\AK\ISIC_0060755.jpg,isic_0060755,0,7f3670ce7e3ad2d97b09d4eab5e934cfe4042de0af95aef305ad6e58b09c3ebf,395
C:\SRS(ISIC_2019)\Dataset\AK\ISIC_0061294.jpg,isic_0061294,0,da60c58f48a550ac2e49bf624baf7dc2c2fdc0a3c89dcc1dbe6aad67c2d8ca0a,412
C:\SRS(ISIC_2019)\Dataset\AK\ISIC_0062024.jpg,isic_0062024,0,9719f9977f99633c1026f9ae70b4e7b687a05a8f3c8adfdccb346d4de02d5fe9,437
C:\SRS(ISIC_2019)\Dataset\AK\ISIC_0062104.jpg,isic_0062104,0,d6b711f54f8b11999ed2815fd0e0fccd0bf44c00ba4843e5c2283bf249eb7c96,440
C:\SRS(ISIC_2019)\Dataset\AK\ISIC_0062408.jpg,isic_0062408,0,4110982b54271a264cf16420a2a408c2e1925f71f0d5ee5c6efa1b758450a378,454
C:\SRS(ISIC_2019)\Dataset\AK\ISIC_0062830.jpg,isic_0062830,0,997bb983b35953555e190be13bba61c02c3facc989dc9e0989f3d46a15ec7eaa,474
C:\SRS(ISIC_2019)\Dataset\AK\ISIC_0063712.jpg,isic_0063712,0,c6f21fa74d2f179be078d22a38417b9ca8cbea1f6dea1fcd1710f881f285da52,510
C:\SRS(ISIC_2019)\Dataset\AK\ISIC_0064196.jpg,isic_0064196,0,41b21631f123f113617b7db9363369b5384b6d5eec6c903dd3b5d1d1da038e5f,522
C:\SRS(ISIC_2019)\Dataset\AK\ISIC_0064524.jpg,isic_0064524,0,f8984bcd1793b5b2cbe69665da5089f93a6a3ecc0d66fd3c8a970b68f49bc2b1,530
C:\SRS(ISIC_2019)\Dataset\AK\ISIC_0064959.jpg,isic_0064959,0,2a76f3caabcada24c43ef39470ec4916145caf4a9cb867559b7f9bd4ccc92304,543
C:\SRS(ISIC_2019)\Dataset\AK\ISIC_0065450.jpg,isic_0065450,0,557b5396f0425bd621a35a1d8e0eacfb8b57d5ba640875597f43b7e85f31aeec,564
C:\SRS(ISIC_2019)\Dataset\AK\ISIC_0066546.jpg,isic_0066546,0,aef4239eb3cfde88e84d5fbb8217a53013e4c7d5afe55fccf01a8a7cf04e38a1,610
C:\SRS(ISIC_2019)\Dataset\AK\ISIC_0066819.jpg,isic_0066819,0,0ef610f88a70874cad22862b51a28a9417190f5289ae5d9ca0fc5e8fa5f8af46,620
C:\SRS(ISIC_2019)\Dataset\AK\ISIC_0066988.jpg,isic_0066988,0,3fa3c371ea7260e59eaa74bb10a2d2e52272d5e3a3dc2e9f6b2111541af2cb7e,630
C:\SRS(ISIC_2019)\Dataset\AK\ISIC_0067153.jpg,isic_0067153,0,d2fe98f2952b958e4efe490cd678a93b191ff42730efabe07e3c7c609bc4a90d,637
C:\SRS(ISIC_2019)\Dataset\AK\ISIC_0068607.jpg,isic_0068607,0,274823d9133ea5bc4d6649e49fb3ac16f04316e4028b70b2eeb93552d72df25a,689
C:\SRS(ISIC_2019)\Dataset\AK\ISIC_0069269.jpg,isic_0069269,0,8baa9f4c64c9e8a8615053926ef140e81da5fb939e9a560e44d36a3fb31556b2,715
C:\SRS(ISIC_2019)\Dataset\AK\ISIC_0069898.jpg,isic_0069898,0,f09d9fdb2e78815b719f2e32f9a11de985bec03c6ea951571a5e2565a85e2552,740
C:\SRS(ISIC_2019)\Dataset\AK\ISIC_0069904.jpg,isic_0069904,0,71a1544741ef81d34038e057517e5091820e374eb49bd4492723e30e20547b96,741
C:\SRS(ISIC_2019)\Dataset\AK\ISIC_0070256.jpg,isic_0070256,0,163d5a6d0b1d052fcbcec6de24ee0042c6c2e897ca0efe3123f1b091f6ab15df,761
C:\SRS(ISIC_2019)\Dataset\AK\ISIC_0071690.jpg,isic_0071690,0,8f867144fb76a0afe84b9db03f339d77ee6238c1479052b170a16c6499918ef5,816
C:\SRS(ISIC_2019)\Dataset\AK\ISIC_0072652.jpg,isic_0072652,0,5495bd589f8712434a921c09a800bd1073c8e577c1207b6ca2107c4f052e9ab2,843
C:\SRS(ISIC_2019)\Dataset\AK\ISIC_0072847.jpg,isic_0072847,0,cdf4569bd52e3e92d9a74695d1eaa0d4e75030f9f3ee00fc522d479275cf60b4,851
C:\SRS(ISIC_2019)\Dataset\AK\ISIC_0072940.jpg,isic_0072940,0,bdf7c21eb2d383f81e7453df0a9b1e8315053988b3901411bbcccf106cdc4599,855
C:\SRS(ISIC_2019)\Dataset\AK\ISIC_0073214.jpg,isic_0073214,0,6ae681a8e299784e63ae253fda916f597ac3daab2eea96e23a60975e62ec7227,865
C:\SRS(ISIC_2019)\Dataset\BCC\ISIC_0024582.jpg,isic_0024582,1,23aeef50c7b2e24e0672909cbaf9dc237f75c5f7ab98a749112840629a3abc27,889
C:\SRS(ISIC_2019)\Dataset\BCC\ISIC_0024833.jpg,isic_0024833,1,62dd83b378bdcdf9f6dd10c01b38317dc7e947a5444e675f051ae4beb7fb2ed8,902
C:\SRS(ISIC_2019)\Dataset\BCC\ISIC_0025299.jpg,isic_0025299,1,1c3a0030aef591c67a6de9a4a5cb062e2bcf978bf5aa025aa77ce660d45cc544,917
C:\SRS(ISIC_2019)\Dataset\BCC\ISIC_0025362.jpg,isic_0025362,1,795f506c8e0339167e70f9fe422d2ca1bf8d4d07d066385146ed803651c38b52,920
C:\SRS(ISIC_2019)\Dataset\BCC\ISIC_0026074.jpg,isic_0026074,1,1a4d4978d280d0086e87e5eb6d7ba6a854f406b53bef5671467c52e8a0aa56fc,953
C:\SRS(ISIC_2019)\Dataset\BCC\ISIC_0026118.jpg,isic_0026118,1,43679fb66941adc9afeb14246f32bd0443f44dde909a83d4f4e80d6f62ff1329,957
C:\SRS(ISIC_2019)\Dataset\BCC\ISIC_0026593.jpg,isic_0026593,1,535f2efc0d86cb72e2b7128fd0b7f80c63da471533af61909ab2ed70528b260c,978
C:\SRS(ISIC_2019)\Dataset\BCC\ISIC_0027337.jpg,isic_0027337,1,686b6f66d0d3f30249da88586c5f53a69882c940746a75e714b6e2fb88071ed8,1018
C:\SRS(ISIC_2019)\Dataset\BCC\ISIC_0027851.jpg,isic_0027851,1,2ce67614f75c65c4d5cbc62029cc15591eed7f9abe89b0319da715df620150ca,1049
C:\SRS(ISIC_2019)\Dataset\BCC\ISIC_0028050.jpg,isic_0028050,1,be837263c1b8473062d9a152b26ab0a8364668b3d402d6463c0eb87bd64c9b1a,1058
C:\SRS(ISIC_2019)\Dataset\BCC\ISIC_0028283.jpg,isic_0028283,1,72b5e5ee2626de21e1134d0c32faf077a9377732037200b57bc3a802524feea3,1073
C:\SRS(ISIC_2019)\Dataset\BCC\ISIC_0028577.jpg,isic_0028577,1,9cadf196de0effa9edfcaaa9dcbe7d748eae75a5ed90accea56d7792980f8a41,1087
C:\SRS(ISIC_2019)\Dataset\BCC\ISIC_0028814.jpg,isic_0028814,1,ea7d922f59630f0d18d6204bfbd05de90847b0985138253ab6866b17a1d1d9d9,1103
C:\SRS(ISIC_2019)\Dataset\BCC\ISIC_0029193.jpg,isic_0029193,1,48f25cd77665077dfded1c4fd3601d7bd43e349868177bceb373f1caa206ffd1,1127
C:\SRS(ISIC_2019)\Dataset\BCC\ISIC_0029331.jpg,isic_0029331,1,5cb0f96db0d0a4971f37c7673c08dde79948796ffe3aeb4e6cdb09c740481304,1134
C:\SRS(ISIC_2019)\Dataset\BCC\ISIC_0029501.jpg,isic_0029501,1,57246054a80130be1e790fc94ba94997046203e276ad788173fc0af927070f17,1145
C:\SRS(ISIC_2019)\Dataset\BCC\ISIC_0029647.jpg,isic_0029647,1,c8915f9ed13ba2eee5c23aaf4ec6c5e2bd7dcc44af5125408eaad2bfdc7c8218,1154
C:\SRS(ISIC_2019)\Dataset\BCC\ISIC_0030514.jpg,isic_0030514,1,8d182b19fa148e6bc813196c14b6175b899cd263d0e81554ffc3f669fc2e78f8,1196
C:\SRS(ISIC_2019)\Dataset\BCC\ISIC_0031552.jpg,isic_0031552,1,455cfb177370e1507ae184e247286dfd61c4be9319e09cc92a80a9a3a0fd4774,1264
C:\SRS(ISIC_2019)\Dataset\BCC\ISIC_0031614.jpg,isic_0031614,1,b45c3e987d441454e4bf0953ff87625ccb46cb7113964e13f165a855630c6b76,1268
C:\SRS(ISIC_2019)\Dataset\BCC\ISIC_0031697.jpg,isic_0031697,1,958793a3c52cc745a82168a46e41d320d73e3ada9bc36293ea65f4520c3fc3fa,1272
C:\SRS(ISIC_2019)\Dataset\BCC\ISIC_0033054.jpg,isic_0033054,1,ec2525792fe15bfdf96a75f33d874eb61f046a8c349f59308db47f30aad43589,1338
C:\SRS(ISIC_2019)\Dataset\BCC\ISIC_0033979.jpg,isic_0033979,1,32b0b6e49fbffb4101cfd4d1529800060f62ce61e0282c2038c0d872b31892a2,1362
C:\SRS(ISIC_2019)\Dataset\BCC\ISIC_0034306.jpg,isic_0034306,1,3e239d38111f4a6ca9bee6bb26ad3c9167d66642d9a2164518584a823fd3aecc,1380
C:\SRS(ISIC_2019)\Dataset\BCC\ISIC_0053568.jpg,isic_0053568,1,0b83d9e59cace874b6d8d119982c08089c6c6fa4be2e8b816a9c1365b7f2aa30,1401
C:\SRS(ISIC_2019)\Dataset\BCC\ISIC_0053719.jpg,isic_0053719,1,62da5f1700ddaeb092152d9c85758c15bb50bad45769f5d7c708f77d05a2a538,1417
C:\SRS(ISIC_2019)\Dataset\BCC\ISIC_0053868.jpg,isic_0053868,1,7c0a672f7097a26e75698909b34991cc5b164972ded0fc06f9b8af490e9442d3,1436
C:\SRS(ISIC_2019)\Dataset\BCC\ISIC_0053934.jpg,isic_0053934,1,ef43bf8146bd1793511b9696d617e9f85e58ded7e1eb25f269826df5f73aa52e,1443
C:\SRS(ISIC_2019)\Dataset\BCC\ISIC_0053951.jpg,isic_0053951,1,6f1b803fdf55d6ce69436488609ac040bdb948b7126b4fd51393b94c02b24ef1,1446
C:\SRS(ISIC_2019)\Dataset\BCC\ISIC_0054121.jpg,isic_0054121,1,133779e9cdbe44d1beeb582285cc31b625e7b7d53d79fc72034820323e53d6e8,1464
C:\SRS(ISIC_2019)\Dataset\BCC\ISIC_0054140.jpg,isic_0054140,1,33eca3f67ca659ba869f00fde36d306ed5970c154b9bb7092f87919fb71dfe23,1467
C:\SRS(ISIC_2019)\Dataset\BCC\ISIC_0054299.jpg,isic_0054299,1,9c1155f6cf237f1ffb8e58ecfffa08a89347cc63c196ca627c31018de16dea01,1488
C:\SRS(ISIC_2019)\Dataset\BCC\ISIC_0054605.jpg,isic_0054605,1,215b6e7ef72879eb4537a44b7bd068b079255730a9ccfa2575ee864038e69046,1534
C:\SRS(ISIC_2019)\Dataset\BCC\ISIC_0054877.jpg,isic_0054877,1,8a1e90bc083f3f5d9cc3590e6e414c698ed93b099dbc35c6bb17fe922c395dc0,1577
C:\SRS(ISIC_2019)\Dataset\BCC\ISIC_0055346.jpg,isic_0055346,1,9a57ccdb0ea0b2d6e36dc19f48cedcadb52c054c92e05ffcc8290b0e2691733d,1641
C:\SRS(ISIC_2019)\Dataset\BCC\ISIC_0055392.jpg,isic_0055392,1,8bd5f162d102527b443d9651d74d81f0b1fb7de6d5ce8b6824a63c80af41e0d6,1650
C:\SRS(ISIC_2019)\Dataset\BCC\ISIC_0055397.jpg,isic_0055397,1,dd4b80bc592234e643b0b46d9e4e7e1145b079eb73aa08ef452d0381f7439e8d,1652
C:\SRS(ISIC_2019)\Dataset\BCC\ISIC_0055485.jpg,isic_0055485,1,4e626d8ea0b8800b9a18601a09540dbca3d75b30f9240cae402bd22f066557db,1662
C:\SRS(ISIC_2019)\Dataset\BCC\ISIC_0055614.jpg,isic_0055614,1,327c7edf0bbd3b4fbf086e54b8fe817724b6f4093a1c0aa42c26e70c21822517,1676
C:\SRS(ISIC_2019)\Dataset\BCC\ISIC_0055961.jpg,isic_0055961,1,1d89f0405aedd5a81668839baadd6877a451b8db2429678dc0b286c89c2abb89,1737
C:\SRS(ISIC_2019)\Dataset\BCC\ISIC_0056177.jpg,isic_0056177,1,c0b469567be7e4bb098fdde9e1620b9f0ee36bac20c70c9198a63e8c90d01042,1765
C:\SRS(ISIC_2019)\Dataset\BCC\ISIC_0056362.jpg,isic_0056362,1,318114af22356f2ba8bcb688e9504056a5cd58743f270265c4eab5e271c719ea,1791
C:\SRS(ISIC_2019)\Dataset\BCC\ISIC_0056463.jpg,isic_0056463,1,a0feee1bd49c56504506a7a2b58a731823dd176bd72a429a98c2b3e68db48695,1798
C:\SRS(ISIC_2019)\Dataset\BCC\ISIC_0056703.jpg,isic_0056703,1,a63f441c25e3fc66d37c70343a5f14fa59e25cb0e88b683a05ad08b2ff4f1ec1,1829
C:\SRS(ISIC_2019)\Dataset\BCC\ISIC_0056866.jpg,isic_0056866,1,0310481f7e3f2d6f826a15bda45e672f56f31abe23fb484386fd8b5fa0d80da1,1847
C:\SRS(ISIC_2019)\Dataset\BCC\ISIC_0056889.jpg,isic_0056889,1,5da9eb029ec48c93a89f2af004b96805cf397e861cda004c6561c00dc298c0bb,1852
C:\SRS(ISIC_2019)\Dataset\BCC\ISIC_0057175.jpg,isic_0057175,1,f8a456ca7466f6d11ad5d421afdfebdd17a18fa66a454d0ef0d7a7cd5e716fcd,1893
C:\SRS(ISIC_2019)\Dataset\BCC\ISIC_0057279.jpg,isic_0057279,1,5720d32fdb70962b34cad7a2ebaddd80cd1f33da8877b2e725e5c21bfbae3e60,1908
C:\SRS(ISIC_2019)\Dataset\BCC\ISIC_0057384.jpg,isic_0057384,1,6be3daa7fc79418b685240618207b232305ba46082fe282245d2a215fdfaa120,1924
C:\SRS(ISIC_2019)\Dataset\BCC\ISIC_0057551.jpg,isic_0057551,1,0326d16b8b6267fefd20df68adbb87c45c2de81833d2b3ef81698f1d89e25db5,1947
C:\SRS(ISIC_2019)\Dataset\BCC\ISIC_0057751.jpg,isic_0057751,1,f1e3850e68aba8ae32ba72ff28903a23959f2fc1ff93e39f2daede33f9e12028,1970
C:\SRS(ISIC_2019)\Dataset\BCC\ISIC_0057933.jpg,isic_0057933,1,e4b6148cd19248a1c62a27a4b7ade8318bc57a47ede175e47dac1b133138ea24,1994
C:\SRS(ISIC_2019)\Dataset\BCC\ISIC_0058252.jpg,isic_0058252,1,63cac06fe1b5f02fbd49c6879204a18906868a3d9b232834623fbe605b91fd05,2037
C:\SRS(ISIC_2019)\Dataset\BCC\ISIC_0058264.jpg,isic_0058264,1,200705ab41a48b78338b4f663b809f5207ae22612903e7d35ec385f433bae16e,2040
C:\SRS(ISIC_2019)\Dataset\BCC\ISIC_0058463.jpg,isic_0058463,1,d8a13be4acede13bde60cbb119c06f8ec8cf27e20ccadc72ad2d9ba73895180d,2065
C:\SRS(ISIC_2019)\Dataset\BCC\ISIC_0058868.jpg,isic_0058868,1,f52187aeb1aaf6a974f9582877e2b9adbd35986eb849f6d286dc102d4c55a00f,2133
C:\SRS(ISIC_2019)\Dataset\BCC\ISIC_0058984.jpg,isic_0058984,1,a3ab10e45414b08f970b0b3aa4dbd6444db0edd10f49a2dd7d7b10efa0e906ef,2147
C:\SRS(ISIC_2019)\Dataset\BCC\ISIC_0059317.jpg,isic_0059317,1,ac81775e236f65e90e82189ad29b6a9e8d434db2455cd42e801499849f091dda,2202
C:\SRS(ISIC_2019)\Dataset\BCC\ISIC_0059329.jpg,isic_0059329,1,5fc28ee1af527a99dd3f343d89d5d6c9cc9744fd2d6cde1a5c4ebfd2d83bda07,2205
C:\SRS(ISIC_2019)\Dataset\BCC\ISIC_0059570.jpg,isic_0059570,1,70b526d96e55595f3c6a122eea5dfe93d1ba41311b64901416202e0dfee3e04b,2231
C:\SRS(ISIC_2019)\Dataset\BCC\ISIC_0059682.jpg,isic_0059682,1,c3125e0daaa947f961b2ecadaef6a772137094eb4a85fb6d0f6e02defc03aa2d,2247
C:\SRS(ISIC_2019)\Dataset\BCC\ISIC_0059730.jpg,isic_0059730,1,ef8fd9f3bad808920f74c4439229af4d49654e37930b0e3311b5c6ba7d8ea5ac,2258
C:\SRS(ISIC_2019)\Dataset\BCC\ISIC_0059912.jpg,isic_0059912,1,26607a2d0a5dc7d4d571910d8ef65f6ba3000968525508130c099f3a6ab08c8d,2284
C:\SRS(ISIC_2019)\Dataset\BCC\ISIC_0059920.jpg,isic_0059920,1,23b0d204ae2893ea62c1dfce025253deb505cd63472eb131c64369c8da4f4aae,2287
C:\SRS(ISIC_2019)\Dataset\BCC\ISIC_0059996.jpg,isic_0059996,1,1a4cc0c50db1bbe9bbc5d82ce9f5497b3a9e871678a32f5a9bccced2640bda3e,2301
C:\SRS(ISIC_2019)\Dataset\BCC\ISIC_0060162.jpg,isic_0060162,1,ba0eb75cf7bd7dcb87dc1a50ba259b074417c87d0964efe29ce98a72210bc561,2338
C:\SRS(ISIC_2019)\Dataset\BCC\ISIC_0060314.jpg,isic_0060314,1,7521456ba9689cfed0386d102dd31654646d074eee8d5a1cb4ef26108d2daa64,2361
C:\SRS(ISIC_2019)\Dataset\BCC\ISIC_0060533.jpg,isic_0060533,1,0aa88d870458fd52573e19b5cbebdd2235bdaf1c79e894647fe8bf45b74f75c3,2384
C:\SRS(ISIC_2019)\Dataset\BCC\ISIC_0060684.jpg,isic_0060684,1,3a884b3c383def0603ddd61495f50a187a3f4a1ec6fe3e364552f8aefb56221f,2411
C:\SRS(ISIC_2019)\Dataset\BCC\ISIC_0060896.jpg,isic_0060896,1,b880047cc8373f7e35885c414c90658ea9e277804ab35be05b56bcb1be39edd2,2434
C:\SRS(ISIC_2019)\Dataset\BCC\ISIC_0061076.jpg,isic_0061076,1,9df9568d45bc547b0b73d54e8bd26da4393deb073f61503c546b4313919c76a6,2459
C:\SRS(ISIC_2019)\Dataset\BCC\ISIC_0061661.jpg,isic_0061661,1,f1aa991939f45a01539f039664d2422adbbb4b60c670590de1ac976aefb1d44f,2550
C:\SRS(ISIC_2019)\Dataset\BCC\ISIC_0061883.jpg,isic_0061883,1,2aafe2df561e595c1df95293519e56a82027e84211a5a6b1da65671d8400f68e,2574
C:\SRS(ISIC_2019)\Dataset\BCC\ISIC_0061891.jpg,isic_0061891,1,06b0216636a1643afe9e29491b617b988fddbffaada5906d70a12c85c94488ae,2576
C:\SRS(ISIC_2019)\Dataset\BCC\ISIC_0061998.jpg,isic_0061998,1,c47e77cb5605766da1fe912f864f29e3a2317652e8141adf46420f08a807ce53,2586
C:\SRS(ISIC_2019)\Dataset\BCC\ISIC_0062033.jpg,isic_0062033,1,78edc15f947757539056eb90eef63630a7e2e1d71855c66e4b580939570fb1f0,2591
C:\SRS(ISIC_2019)\Dataset\BCC\ISIC_0062121.jpg,isic_0062121,1,65c1301aad775bbd776771df97e10f2dbd8f9d5a676ae7439b24d306fae129e2,2600
C:\SRS(ISIC_2019)\Dataset\BCC\ISIC_0062199.jpg,isic_0062199,1,bc0d36e60950d2e6ddbd74f7bcb23fcf3ede69030d6ee089a5a09b8049f85a80,2608
C:\SRS(ISIC_2019)\Dataset\BCC\ISIC_0062349.jpg,isic_0062349,1,d5a5078b09a9239a6ce48a29ea9d2d3d7373c82f1f6c35a1c475ed65ff75ffe0,2631
C:\SRS(ISIC_2019)\Dataset\BCC\ISIC_0062464.jpg,isic_0062464,1,07fa9778f1193d0d661ab3bbe16733d6b53f1865a5af52cb175c91e3fa8d2ada,2642
C:\SRS(ISIC_2019)\Dataset\BCC\ISIC_0062488.jpg,isic_0062488,1,f52d982a62c3c33e38de429ce4ea1df1f4e06524bd8dc35d69d054102fb7787d,2645
C:\SRS(ISIC_2019)\Dataset\BCC\ISIC_0062601.jpg,isic_0062601,1,0cd5db716b39d3d22d1f501286010ac24db52c32d9d409c3f8180a2149a1a23e,2655
C:\SRS(ISIC_2019)\Dataset\BCC\ISIC_0062747.jpg,isic_0062747,1,573455a0c128355f4d88447f5c20837cc59dc249441114b96980481862487111,2673
C:\SRS(ISIC_2019)\Dataset\BCC\ISIC_0062817.jpg,isic_0062817,1,93a4d73348687b7e8813f4447fe235df6ccd3039f90bc47e2f8d4286ff7333b5,2681
C:\SRS(ISIC_2019)\Dataset\BCC\ISIC_0062868.jpg,isic_0062868,1,367cea049d7f23885ac6c0ad958465947313c4fe323c115a3f1b7bff4765f1fe,2689
C:\SRS(ISIC_2019)\Dataset\BCC\ISIC_0062918.jpg,isic_0062918,1,bee40b460fcac7e78725497827f4696810e5358339405ba729d952a1563706a9,2696
C:\SRS(ISIC_2019)\Dataset\BCC\ISIC_0063083.jpg,isic_0063083,1,92a65bd76febec8b04ae484237791dcd4186c8f0b75223c8878abc33e3f6ec12,2720
C:\SRS(ISIC_2019)\Dataset\BCC\ISIC_0063158.jpg,isic_0063158,1,76f11e29e4e117c23df6c0e4ed9aa7e9ada8c68c7435798c5f56c81c32358393,2728
C:\SRS(ISIC_2019)\Dataset\BCC\ISIC_0063160.jpg,isic_0063160,1,b5ab56e53c9ec96f96dd51bb446dc3986627b682b2e48d4e3ac260b9ba254a47,2730
C:\SRS(ISIC_2019)\Dataset\BCC\ISIC_0063171.jpg,isic_0063171,1,52c284a3213d11d1431d102929a0d16f4ea2e844f51be2fb691625d5ee8e282b,2733
C:\SRS(ISIC_2019)\Dataset\BCC\ISIC_0063301.jpg,isic_0063301,1,15b115fdbcd3af72da2a3c0b2ad5ba1c44d8802f49ea3483aaec82c41421f2b6,2754
C:\SRS(ISIC_2019)\Dataset\BCC\ISIC_0063379.jpg,isic_0063379,1,cbe2bd80abd95f718244faba83204d467e3904d9c53415ff955191bdef6bcb36,2760
C:\SRS(ISIC_2019)\Dataset\BCC\ISIC_0063702.jpg,isic_0063702,1,1c32856615542ebccd56f62291d1c5a17b060da96d220d719ffc58ee6c262dd3,2810
C:\SRS(ISIC_2019)\Dataset\BCC\ISIC_0063900.jpg,isic_0063900,1,0a5a63e919364d4c3402413c7f0f611a989b7f190be5eed0544ca398360e629d,2834
C:\SRS(ISIC_2019)\Dataset\BCC\ISIC_0064018.jpg,isic_0064018,1,4de61470ade17ec4dcc080148dae79bc3c02eea6de80cda81a55e612b03af0ee,2851
C:\SRS(ISIC_2019)\Dataset\BCC\ISIC_0064237.jpg,isic_0064237,1,4ce7f9306ca5c670bb89e5c557520e156a0711e688582cb9ae331321a9852d4e,2881
C:\SRS(ISIC_2019)\Dataset\BCC\ISIC_0064292.jpg,isic_0064292,1,16430901ddc6f2f8bc1ad7e1a5159a9d36419753dc5a7552e686d8dd220539c7,2889
C:\SRS(ISIC_2019)\Dataset\BCC\ISIC_0064310.jpg,isic_0064310,1,c261502ff694209ab66fe8312f5beee08fe1736f0c5d835969d132ba9a5c6f0f,2893
C:\SRS(ISIC_2019)\Dataset\BCC\ISIC_0064340.jpg,isic_0064340,1,de3408e6d6d81be1dbd6456fd2eb64e91b876d29df2711ff2f95f49e39ec79ec,2896
C:\SRS(ISIC_2019)\Dataset\BCC\ISIC_0064431.jpg,isic_0064431,1,afb773ed3d49341aaa588f6668f5c4089320c33f8b24900ee5a784c708f72d16,2905
C:\SRS(ISIC_2019)\Dataset\BCC\ISIC_0064642.jpg,isic_0064642,1,cef3064f6424c71b26fba960d8ecc90201102fbdb7e6ddcfab141bf0c6d8102a,2935
C:\SRS(ISIC_2019)\Dataset\BCC\ISIC_0064975.jpg,isic_0064975,1,568e1b48756084ddd81e1d41f6e35673921ee04704426ed0b2f2f803babfea1b,2977
C:\SRS(ISIC_2019)\Dataset\BCC\ISIC_0065056.jpg,isic_0065056,1,f84fbf7739b01d11b64f0bd3aa0d09976174f4654feea8c580d2d6f871ed3ba8,2991
C:\SRS(ISIC_2019)\Dataset\BCC\ISIC_0065212.jpg,isic_0065212,1,edd3f0f7c651848563d837d7b2deceb6b4dae5945154d722bb7add7e02578803,3017
C:\SRS(ISIC_2019)\Dataset\BCC\ISIC_0065310.jpg,isic_0065310,1,8c350739969fda1431ebb6419a488a2fbdc5d3ba896dc68a6205f53ff4e14a4c,3030
C:\SRS(ISIC_2019)\Dataset\BCC\ISIC_0065877.jpg,isic_0065877,1,92b8033212a2eb38c29389ba6614c703fb67e45c3d38ad690acc30a4c4307f00,3116
C:\SRS(ISIC_2019)\Dataset\BCC\ISIC_0065893.jpg,isic_0065893,1,e65620f8697ed1fa9d26f2903abe23fb8d746f06cc3c370c6e2010e7cd504ecd,3120
C:\SRS(ISIC_2019)\Dataset\BCC\ISIC_0066070.jpg,isic_0066070,1,6693783ecf8d96d236b6bf836cadced6a3439d7585cb67c1aa95e818a724a93a,3142
C:\SRS(ISIC_2019)\Dataset\BCC\ISIC_0066144.jpg,isic_0066144,1,69970e33a898b4602c2bbaaa850477ae869b565c9589a6fda9c90a16ec512a59,3154
C:\SRS(ISIC_2019)\Dataset\BCC\ISIC_0066190.jpg,isic_0066190,1,443d15dfe500b38dfe3a5b681bc8733b60652b4f1bab9c698ce207bcf5ec4edb,3160
C:\SRS(ISIC_2019)\Dataset\BCC\ISIC_0066197.jpg,isic_0066197,1,263428e3b9fb42f81fa5711ba6949039a5f1e182bd5cdcb474b19650e83f589e,3161
C:\SRS(ISIC_2019)\Dataset\BCC\ISIC_0066561.jpg,isic_0066561,1,1fd71cbf82e80aec2c15203eb23fa01214693450fc93a777ff7be9602009da71,3219
C:\SRS(ISIC_2019)\Dataset\BCC\ISIC_0066702.jpg,isic_0066702,1,acd6311f4dc9c5981118a6c4a60da6683babb51e4bd50d47278a2fa0ba41f383,3241
C:\SRS(ISIC_2019)\Dataset\BCC\ISIC_0066821.jpg,isic_0066821,1,26d12744f718705e6568d779fec5b309007dd21d937fa706c0e23f94631bf8d9,3261
C:\SRS(ISIC_2019)\Dataset\BCC\ISIC_0067042.jpg,isic_0067042,1,4fddf08c1ab9727e1c31172e5c21c47d00a7e5a29d67f0b05cc4532224ee4000,3291
C:\SRS(ISIC_2019)\Dataset\BCC\ISIC_0067057.jpg,isic_0067057,1,5e2302c602d250ffaf32e77c0c0fa70365e05dd5b44209b50e45ce26b621f9f5,3295
C:\SRS(ISIC_2019)\Dataset\BCC\ISIC_0067079.jpg,isic_0067079,1,e895ef5f9838df9d17bc779376d37d2a81616a1f22c629c88815c5425effa6ce,3300
C:\SRS(ISIC_2019)\Dataset\BCC\ISIC_0067295.jpg,isic_0067295,1,960fdb3c3ce821975248f54caf8d26a94aea20d4b727ab60a974a4b637ec5cf6,3335
C:\SRS(ISIC_2019)\Dataset\BCC\ISIC_0067354.jpg,isic_0067354,1,fbe54b9880264d274f06add4bc81b945347feab4dfffaaca0992611bc6c4a08a,3347
C:\SRS(ISIC_2019)\Dataset\BCC\ISIC_0067646.jpg,isic_0067646,1,a87c768605ec0f6367efe3a2b8358307328e4f8534ff650223cc2e863bf7248b,3379
C:\SRS(ISIC_2019)\Dataset\BCC\ISIC_0067721.jpg,isic_0067721,1,c2b06b7cad00f83f9ebe1e9b86979184f84b30df3dbd69f7bee0adb4e2f7f41b,3392
C:\SRS(ISIC_2019)\Dataset\BCC\ISIC_0067770.jpg,isic_0067770,1,710db0d348f2c07cf38d207aa22d6d740269128f3e34f03a3263910cf77a52ea,3398
C:\SRS(ISIC_2019)\Dataset\BCC\ISIC_0067818.jpg,isic_0067818,1,045649500846c51b0070c679e3f663d210010be4e5dd987750f2a2cf31650bf6,3407
C:\SRS(ISIC_2019)\Dataset\BCC\ISIC_0067988.jpg,isic_0067988,1,38d4d1905f27fc9f2bab87d82f6c2f02087105798a5143b1a95c07f9948ff382,3422
C:\SRS(ISIC_2019)\Dataset\BCC\ISIC_0067998.jpg,isic_0067998,1,9181f5820ff57f8b9594cdae68dee519292aa61b34f530651e0da1b025002576,3427
C:\SRS(ISIC_2019)\Dataset\BCC\ISIC_0068142.jpg,isic_0068142,1,000ce3ba025476fa005ec133f834451b5fa76c3eec6a9019dc5784445a637c97,3453
C:\SRS(ISIC_2019)\Dataset\BCC\ISIC_0068169.jpg,isic_0068169,1,d9f43445fb395ea01ac1befc4d6bdf097fc72347c9a215536401b3ff25b32d8b,3457
C:\SRS(ISIC_2019)\Dataset\BCC\ISIC_0068260.jpg,isic_0068260,1,6143e14e58ebc72522e9090c29dd3fab336e31877fdeddbeb0946366c0cd70f3,3465
C:\SRS(ISIC_2019)\Dataset\BCC\ISIC_0068402.jpg,isic_0068402,1,1572fe546c909ddaa76d81989d68a893562cb25a256c9e5e3f77f852d77e2fa3,3490
C:\SRS(ISIC_2019)\Dataset\BCC\ISIC_0068480.jpg,isic_0068480,1,700888a7a23a03b673ea673469b48eaf14b83e2256550ec301e8040233517665,3495
C:\SRS(ISIC_2019)\Dataset\BCC\ISIC_0068611.jpg,isic_0068611,1,9794f85ca72f78885de66b2036fbfec4781e6bf6f2c97d86fa772b13798d3a63,3507
C:\SRS(ISIC_2019)\Dataset\BCC\ISIC_0068764.jpg,isic_0068764,1,5192002fe5a909dbfa68826d0e6f670f85c7223b160cfa9644a1a7c1adcab5bb,3530
C:\SRS(ISIC_2019)\Dataset\BCC\ISIC_0068915.jpg,isic_0068915,1,4f55154fb72561a1587ccd5a3babbb644d89cba91c2d2082aa031c185d2bb544,3550
C:\SRS(ISIC_2019)\Dataset\BCC\ISIC_0068933.jpg,isic_0068933,1,3bd31e3b51484a88610c6a894a0004007e631fbec39dd15630197e8993be1889,3552
C:\SRS(ISIC_2019)\Dataset\BCC\ISIC_0068969.jpg,isic_0068969,1,b855f947bec60e91a3a95cf0760ee2be6b3c4306d0a7eb1e7a0aef9176e31d99,3557
C:\SRS(ISIC_2019)\Dataset\BCC\ISIC_0069311.jpg,isic_0069311,1,1fe74275825900343f145f732f3a50b4b3f45cbe47e60fc5e2a6f845e13171c0,3610
C:\SRS(ISIC_2019)\Dataset\BCC\ISIC_0069493.jpg,isic_0069493,1,1ceb6a9f79676fd97f3de61c02d723d40d286ed6dde5e82f374f9f0d683e6aa0,3637
C:\SRS(ISIC_2019)\Dataset\BCC\ISIC_0069524.jpg,isic_0069524,1,2151453247ad4293bdc4b24ae564fd916c6abdda5d21fab0a7bb8f714746bcdc,3642
C:\SRS(ISIC_2019)\Dataset\BCC\ISIC_0069525.jpg,isic_0069525,1,ab223172d403fa4559c4e070ac78cf0fcf9abf4452522bc432c772c43601d2f4,3643
C:\SRS(ISIC_2019)\Dataset\BCC\ISIC_0069639.jpg,isic_0069639,1,d2bf1012bd14af3cf7b1eca4e8d0e20abe5e7fd37c0e4e843165f5b015231316,3658
C:\SRS(ISIC_2019)\Dataset\BCC\ISIC_0069652.jpg,isic_0069652,1,c7fa597d9a64f4ced536c06297fc06f162b6c9dd2703d457570ffed3df874e11,3662
C:\SRS(ISIC_2019)\Dataset\BCC\ISIC_0069807.jpg,isic_0069807,1,e7daa1880c6e518dcb563c13c1712f09e4a9608b2ac2265bac403c90563ac865,3687
C:\SRS(ISIC_2019)\Dataset\BCC\ISIC_0069976.jpg,isic_0069976,1,30b196b9de3592d5f285fc4bc26874f721e694440531db79b9d53556cd5569f8,3711
C:\SRS(ISIC_2019)\Dataset\BCC\ISIC_0070015.jpg,isic_0070015,1,6cb733917851577e28328b14cba4ec95dcd25c8a177632edf8cffe626135237d,3713
C:\SRS(ISIC_2019)\Dataset\BCC\ISIC_0070039.jpg,isic_0070039,1,9f2482c52a471c1f73f935fde42ad48ade829d99e5002358f12d98c08b502c54,3718
C:\SRS(ISIC_2019)\Dataset\BCC\ISIC_0070453.jpg,isic_0070453,1,3e401dbd071c65b4d0be5f3bf3666d251e55aa8302d010841ed9d8f8d3572515,3774
C:\SRS(ISIC_2019)\Dataset\BCC\ISIC_0070665.jpg,isic_0070665,1,60578553e530cfcd87f8b3f30a4a13d280968ec3e59ecf1b8cab48f62e353023,3804
C:\SRS(ISIC_2019)\Dataset\BCC\ISIC_0070935.jpg,isic_0070935,1,0145cf2a93fc7ceac758a160a7d0da9103deedfaa18a771306ec23261db8ab08,3849
C:\SRS(ISIC_2019)\Dataset\BCC\ISIC_0070966.jpg,isic_0070966,1,0036bf1b9c1292421de43c29e139b85b14193c067b8860fb077c849a23acf165,3856
C:\SRS(ISIC_2019)\Dataset\BCC\ISIC_0071199.jpg,isic_0071199,1,ae2b52ad811dedb6557f327044cccc94b3eeebff6597974c0a82197b9bfe8418,3883
C:\SRS(ISIC_2019)\Dataset\BCC\ISIC_0071223.jpg,isic_0071223,1,fe9fb879e74675c92cd365843fea7624c4786e51920948b25cf17b2f1ca45562,3885
C:\SRS(ISIC_2019)\Dataset\BCC\ISIC_0071235.jpg,isic_0071235,1,48cc409518b68d0d37772ed986f1dfd307063308d95885aa093ad3ece16f6961,3886
C:\SRS(ISIC_2019)\Dataset\BCC\ISIC_0071250.jpg,isic_0071250,1,491e4ce173d00708bd3158a71045f3cd69ea99319167cf473a7ed523c5154fad,3888
C:\SRS(ISIC_2019)\Dataset\BCC\ISIC_0071459.jpg,isic_0071459,1,ee1a7168fa9fef2d5a1ffe99a977d45fdc3e1d7c7bddd7b78d711cc7d16f0c88,3919
C:\SRS(ISIC_2019)\Dataset\BCC\ISIC_0071513.jpg,isic_0071513,1,3db660c2ced4177f02329b739fa4b7eb371245a1cfeb5ba6e8110606617852b1,3925
C:\SRS(ISIC_2019)\Dataset\BCC\ISIC_0071598.jpg,isic_0071598,1,ed9d81a80bc72a428a48f5db7b5bf253e3130ed36d1e02a9cac83f59ce7b1817,3935
C:\SRS(ISIC_2019)\Dataset\BCC\ISIC_0071670.jpg,isic_0071670,1,18046f5b83e7743ac180a5b54296e5eac31ebc85a713489720c45b20efdbec45,3944
C:\SRS(ISIC_2019)\Dataset\BCC\ISIC_0071979.jpg,isic_0071979,1,28d30eb37c8b7d4b48b18efdccd2eb84275f679f29594d2c09c7d6e6ba842776,3984
C:\SRS(ISIC_2019)\Dataset\BCC\ISIC_0072048.jpg,isic_0072048,1,2d0ad00447f156709eac2aeab891ee885ecec143a82f0680c20f16ba773316c9,3993
C:\SRS(ISIC_2019)\Dataset\BCC\ISIC_0072254.jpg,isic_0072254,1,e8a44532c49557a0b0803c91e1f30ecc4ba49df062331cb14b63cda99a5ae9b2,4026
C:\SRS(ISIC_2019)\Dataset\BCC\ISIC_0072539.jpg,isic_0072539,1,b1164161e944ace60aa3303a316901763ae55a1d07f3d2d2b40d357fa6e60fe8,4067
C:\SRS(ISIC_2019)\Dataset\BCC\ISIC_0072666.jpg,isic_0072666,1,07dfa3a2ebde1e41c2233fb84e43b3c5a397384c727ce4fce322479a5f540928,4093
C:\SRS(ISIC_2019)\Dataset\BCC\ISIC_0072852.jpg,isic_0072852,1,dd47e06a8cfa32e33a112c86e79e8aae7bb9befbb2289e354ab36a9537b86ac7,4123
C:\SRS(ISIC_2019)\Dataset\BCC\ISIC_0072907.jpg,isic_0072907,1,3f02bc7d064b14d8168e37a5184e6a1c5c7698238fdded27824d902a4de59adb,4134
C:\SRS(ISIC_2019)\Dataset\BCC\ISIC_0072974.jpg,isic_0072974,1,f713e11d1b70f6bf043a01a17482ef6d78403c282e4926687623657feeb9753d,4141
C:\SRS(ISIC_2019)\Dataset\BCC\ISIC_0073225.jpg,isic_0073225,1,d746cd3e0b0acf618261dd33a260ee0abc8425c7a56e8acbeb8612b096a631b6,4186
C:\SRS(ISIC_2019)\Dataset\BKL\ISIC_0012143_downsampled.jpg,isic_0012143_downsampled,2,c632316548c5e8d618ea1b3f1fbbcca53192ca1bca084e4dda8e4e955de85dc1,4197
C:\SRS(ISIC_2019)\Dataset\BKL\ISIC_0012237_downsampled.jpg,isic_0012237_downsampled,2,71de6035aa8921551d4fd4c88e2653a4e9e784a2ac9f698c08eecd679f660dc6,4214
C:\SRS(ISIC_2019)\Dataset\BKL\ISIC_0012266_downsampled.jpg,isic_0012266_downsampled,2,85aef76097777da7fb9554e3cffbc1f1c3bc0d1aaf041278e086dcce4f434557,4221
C:\SRS(ISIC_2019)\Dataset\BKL\ISIC_0012358_downsampled.jpg,isic_0012358_downsampled,2,0298d371366f7e508a1c6c9e8e1e580a3a0b8d3c1a6cb1588269922ee61e05fe,4233
C:\SRS(ISIC_2019)\Dataset\BKL\ISIC_0012387_downsampled.jpg,isic_0012387_downsampled,2,0a03ef3a315752324c36025bf66737aeae5ab76496b9ba61488d7b1f06427430,4243
C:\SRS(ISIC_2019)\Dataset\BKL\ISIC_0012390_downsampled.jpg,isic_0012390_downsampled,2,cd3a0d42a8a3ed8520f2f0f25b07125992fce8f46713814699e896fcec17e7ee,4245
C:\SRS(ISIC_2019)\Dataset\BKL\ISIC_0012433_downsampled.jpg,isic_0012433_downsampled,2,4b672463baa24061756f8e8cebf04a8be4c466132bd9275dfb79104f0e100c7a,4253
C:\SRS(ISIC_2019)\Dataset\BKL\ISIC_0012696_downsampled.jpg,isic_0012696_downsampled,2,5798edc4a61418ed70d35819f28f33fdf74c99336b7b5a5fd2e4078663544771,4277
C:\SRS(ISIC_2019)\Dataset\BKL\ISIC_0012810_downsampled.jpg,isic_0012810_downsampled,2,a95c7226f566f0b8a266ed102a91d2637c31a1f8ac1f6a05c9ac573ae9339e67,4291
C:\SRS(ISIC_2019)\Dataset\BKL\ISIC_0013160_downsampled.jpg,isic_0013160_downsampled,2,8ffa5b64efc4dfe4bf7227d9a5120613abf702f3c2004f260b07550e2565e34f,4339
C:\SRS(ISIC_2019)\Dataset\BKL\ISIC_0013165_downsampled.jpg,isic_0013165_downsampled,2,f73d4cb47d7a47e423d431374c8a7e99818b41a1208cd6b144199bbddf641803,4340
C:\SRS(ISIC_2019)\Dataset\BKL\ISIC_0013371_downsampled.jpg,isic_0013371_downsampled,2,be2237891f2b8f08e39292dc08db2c06853523019daff2abed528385ef06dd9f,4366
C:\SRS(ISIC_2019)\Dataset\BKL\ISIC_0013493_downsampled.jpg,isic_0013493_downsampled,2,4b25c70aa0df97d739166d5f1dd47d935621cb81c62192100776ace4e6c8c4d4,4376
C:\SRS(ISIC_2019)\Dataset\BKL\ISIC_0013673_downsampled.jpg,isic_0013673_downsampled,2,46ed687118590a3e5c6e4c3041ecbf2300a4b8e6d53cb205950a31e779ed19b8,4386
C:\SRS(ISIC_2019)\Dataset\BKL\ISIC_0013958_downsampled.jpg,isic_0013958_downsampled,2,1d7346a76aeaecded19285b710d08f736ddd5e5d208180d04692de83c382f4d3,4415
C:\SRS(ISIC_2019)\Dataset\BKL\ISIC_0014310_downsampled.jpg,isic_0014310_downsampled,2,ff55cad0bba23165c378ab2a817ad7c3a1a259cbbae940c462e83948dddbfd3c,4441
C:\SRS(ISIC_2019)\Dataset\BKL\ISIC_0014503_downsampled.jpg,isic_0014503_downsampled,2,9c280666cfdf501d7b4762a93c232f1a4e523bed158fa8554d7a696031c79143,4456
C:\SRS(ISIC_2019)\Dataset\BKL\ISIC_0014515_downsampled.jpg,isic_0014515_downsampled,2,45e54c1e865026da54ea4accbedfe2accba2ff775a65dca47f1b64e31939fb51,4458
C:\SRS(ISIC_2019)\Dataset\BKL\ISIC_0014579_downsampled.jpg,isic_0014579_downsampled,2,43b11fa50043df6321cf3507092c946f0ed52b6c888ceecdb4b08dda1ae16080,4475
C:\SRS(ISIC_2019)\Dataset\BKL\ISIC_0014605_downsampled.jpg,isic_0014605_downsampled,2,8cfcaa1176e7bc1b4f185eecbe7ca3f1fc6521bdda29583cf565c34ef47d8b66,4499
C:\SRS(ISIC_2019)\Dataset\BKL\ISIC_0014613_downsampled.jpg,isic_0014613_downsampled,2,55e58f178f0197db529b5f5fab74614cfc320b9f83c5b1bd71e5f8f10aa3e7a7,4507
C:\SRS(ISIC_2019)\Dataset\BKL\ISIC_0015220_downsampled.jpg,isic_0015220_downsampled,2,e73ed4fee7bf17678ddf6dc78cfe3b81970dafc48e55e05aac4337ebe52f8a26,4573
C:\SRS(ISIC_2019)\Dataset\BKL\ISIC_0024635.jpg,isic_0024635,2,2ba9cb19654ba4ee7e00b2d3a0c118cdff8b93db3f9a8cbaea11ad583c0a3b6f,4612
C:\SRS(ISIC_2019)\Dataset\BKL\ISIC_0024774.jpg,isic_0024774,2,76cd315da543941c0f3da625eb9eaf17650cb2dacbf2ddfafa5c336dfe3eac28,4631
C:\SRS(ISIC_2019)\Dataset\BKL\ISIC_0025075.jpg,isic_0025075,2,1ecef1ab41d0d56db061c22a01832062dd7f22a790da803d9d8ff016d564ef9a,4668
C:\SRS(ISIC_2019)\Dataset\BKL\ISIC_0025345.jpg,isic_0025345,2,756370562c10318fa56b93fefcca59f27d8debd0c9f7dfe8c51674860d18cea4,4693
C:\SRS(ISIC_2019)\Dataset\BKL\ISIC_0025758.jpg,isic_0025758,2,9c69448760018dbbd5c379fb5da731806bcc4b085158ff727be3d408c7d37208,4739
C:\SRS(ISIC_2019)\Dataset\BKL\ISIC_0025867.jpg,isic_0025867,2,b655149c851bbcff68b182086e620012503bc1c171e0bc8c2f301dd7e73f21af,4754
C:\SRS(ISIC_2019)\Dataset\BKL\ISIC_0026069.jpg,isic_0026069,2,50112f4a7d4c5df4830dd2f2f152990ffeecd851cb0d4df373ec1165bac77a5e,4777
C:\SRS(ISIC_2019)\Dataset\BKL\ISIC_0026085.jpg,isic_0026085,2,20a0f0806ce938df5947f73d66b9ab367409818f09430e22d6756525ffff3953,4780
C:\SRS(ISIC_2019)\Dataset\BKL\ISIC_0026276.jpg,isic_0026276,2,192b38a0cff3aacb21a62fbe27bfb3d8ae6000eaaf0bbc269c49ea4442d61ddb,4798
C:\SRS(ISIC_2019)\Dataset\BKL\ISIC_0026675.jpg,isic_0026675,2,91a78fecfa55a072c45bfd56fd6b6d64ac636b22839e973ab2a14d05046eb658,4847
C:\SRS(ISIC_2019)\Dataset\BKL\ISIC_0026790.jpg,isic_0026790,2,e1f5e4bcaa57b7bef9c1f0eece59b7cdc7a2482cbf344e604f3591506f10df4a,4859
C:\SRS(ISIC_2019)\Dataset\BKL\ISIC_0026895.jpg,isic_0026895,2,d1c09508f5b886d74ab4d23275c89fe8ee38008506084c1cba8489b4b685a601,4873
C:\SRS(ISIC_2019)\Dataset\BKL\ISIC_0027017.jpg,isic_0027017,2,3ab320e600e8a88fe50036693f45b34633f2787cb871a782eb593462b488d79e,4885
C:\SRS(ISIC_2019)\Dataset\BKL\ISIC_0027310.jpg,isic_0027310,2,64172d5dbd3c982e45410ca273f4c1c53e3595832278f3c9ede900bf3b9e4191,4916
C:\SRS(ISIC_2019)\Dataset\BKL\ISIC_0027344.jpg,isic_0027344,2,fbc3ca24ca35ac1881bfdac97a8bdffd9a4ccaa4c9dc9a65aa734cbffc65b069,4921
C:\SRS(ISIC_2019)\Dataset\BKL\ISIC_0027354.jpg,isic_0027354,2,6a8413414039c01a76ae249bfe9595ca39c377a3f83284104e01a03eee90ffd5,4922
C:\SRS(ISIC_2019)\Dataset\BKL\ISIC_0027527.jpg,isic_0027527,2,2d91f8759f5f603b74c941842dde930546846814f135c485fab77813279a8683,4942
C:\SRS(ISIC_2019)\Dataset\BKL\ISIC_0027960.jpg,isic_0027960,2,152aa9a4661f1b9be912da7d5ebde8365357b25ce75f055b9e900ff825dd997b,4984
C:\SRS(ISIC_2019)\Dataset\BKL\ISIC_0028020.jpg,isic_0028020,2,9cfe82bd32840ba502ae7f9f510c88f9e4a8bb9b046d0654ca5effe70fdbb55e,4993
C:\SRS(ISIC_2019)\Dataset\BKL\ISIC_0028449.jpg,isic_0028449,2,ff75a12ddfcc85595d0ea2caa5db91c7fe746e8702ebacad5a4bb9c82b7d2974,5033
C:\SRS(ISIC_2019)\Dataset\BKL\ISIC_0028496.jpg,isic_0028496,2,585be4d383bd408bbc9a7b6d76c186daeeb5a13ad26fbf7c8d3243dee0a96f7e,5038
C:\SRS(ISIC_2019)\Dataset\BKL\ISIC_0028650.jpg,isic_0028650,2,452ea7f3a0bef7faea8b2c6bc36c31d0f60e0c811b2d8f0a86fcbed3c3e71074,5056
C:\SRS(ISIC_2019)\Dataset\BKL\ISIC_0028920.jpg,isic_0028920,2,b61958f25fe423be8a45c4c3b6af4b995c51b73eb3b2f3b71bd392cda351f208,5079
C:\SRS(ISIC_2019)\Dataset\BKL\ISIC_0028931.jpg,isic_0028931,2,a748bd62c5474cc8e94f9842f331100167fe06b27608c6a99df4ae8cefb15d8f,5081
C:\SRS(ISIC_2019)\Dataset\BKL\ISIC_0029003.jpg,isic_0029003,2,f2ef610a5d999e4fa7a18fa605e731f8586c00d3cb2f3224c877f2756ddca2d3,5090
C:\SRS(ISIC_2019)\Dataset\BKL\ISIC_0029308.jpg,isic_0029308,2,6af599c373aecf1685397258a19bcb74fa270d7cfc9d4136a345291155eb274b,5141
C:\SRS(ISIC_2019)\Dataset\BKL\ISIC_0029518.jpg,isic_0029518,2,1837a60f1cd2bd386a4376a4e56f9669bbff2e6f19198d73ae512c8ccb1ba593,5163
C:\SRS(ISIC_2019)\Dataset\BKL\ISIC_0029557.jpg,isic_0029557,2,c9617c108fa225c1321aaaff18b4364204aabf45232bdd7ff391dbf9e21444d6,5170
C:\SRS(ISIC_2019)\Dataset\BKL\ISIC_0029682.jpg,isic_0029682,2,5d36f45161623a244e45e33ad54ab319b8704a90b5a005636cef2ce6e1432eea,5187
C:\SRS(ISIC_2019)\Dataset\BKL\ISIC_0029778.jpg,isic_0029778,2,3e8781da4237c1e0d6d014bc159173508fcdd52090215c3ffc0567063a2e46c2,5195
C:\SRS(ISIC_2019)\Dataset\BKL\ISIC_0029802.jpg,isic_0029802,2,6b693784228c891e25997837eecc62c6f681c57a580d2c7a07c954398b50b1f4,5200
C:\SRS(ISIC_2019)\Dataset\BKL\ISIC_0030007.jpg,isic_0030007,2,e186f936bafeedf8f3ba9413e787de08ebcc89e21e3b1afa6bc7a6ed176f2efb,5219
C:\SRS(ISIC_2019)\Dataset\BKL\ISIC_0030227.jpg,isic_0030227,2,4f51a05c07e9c086df06ebbd96b01cdf5fce22821418035c668d371a8487b86f,5241
C:\SRS(ISIC_2019)\Dataset\BKL\ISIC_0030377.jpg,isic_0030377,2,83705943f8f4d83d90a2ceaac14b386c97255d9e538fc63f664eb0ccec0f0f41,5258
C:\SRS(ISIC_2019)\Dataset\BKL\ISIC_0030465.jpg,isic_0030465,2,0c9429f86b63d0213a4135c42dfda5e0a393f75bceb99cd99614e6025f756d15,5265
C:\SRS(ISIC_2019)\Dataset\BKL\ISIC_0030812.jpg,isic_0030812,2,b31da6fdc39adc945ec4b459fb89fd125d660699645e8e3b184d3aaa2eaf6d0f,5296
C:\SRS(ISIC_2019)\Dataset\BKL\ISIC_0031078.jpg,isic_0031078,2,4ba0007a184d80047b3a80d62f5c27275d407ea1342b7b41f64716be80c81eb3,5318
C:\SRS(ISIC_2019)\Dataset\BKL\ISIC_0031212.jpg,isic_0031212,2,653cb2ff0c00afd73b5212cb9e5e2c16c5e8572cef7d6dc5492f54f8edcd376e,5331
C:\SRS(ISIC_2019)\Dataset\BKL\ISIC_0031485.jpg,isic_0031485,2,ee53697e4b656b18b2a6bfbfb8a79d4dc5a5464c631e3fabe5bf7b4b4d0bcad6,5359
C:\SRS(ISIC_2019)\Dataset\BKL\ISIC_0031825.jpg,isic_0031825,2,6f15485a6688bfd006ba038edb2deb2863fc76a89237b511da4a9dc0bf8311ac,5398
C:\SRS(ISIC_2019)\Dataset\BKL\ISIC_0031853.jpg,isic_0031853,2,73a3e306ddee2b76d2c04444d4b4ece182d49bc93beff082b40e3f943808540b,5401
C:\SRS(ISIC_2019)\Dataset\BKL\ISIC_0031989.jpg,isic_0031989,2,d43edc1a296b70abd3a087222c4fe55523f4f15797a9c2665a22272148fe9f6f,5415
C:\SRS(ISIC_2019)\Dataset\BKL\ISIC_0032655.jpg,isic_0032655,2,3b122b6a3c61cb5a46c45ff18fb7b7c136517a1aff1c4b8ba9c9f68ad7a32094,5483
C:\SRS(ISIC_2019)\Dataset\BKL\ISIC_0032763.jpg,isic_0032763,2,c0e55fb25666a4cd58cb011b08f1e1a8d4a3b34ce698011619e391c37744da47,5495
C:\SRS(ISIC_2019)\Dataset\BKL\ISIC_0033553.jpg,isic_0033553,2,9281c073ebca630091fa8c23f2645ff6388e49fb6df60a43a2c710f527b8197b,5582
C:\SRS(ISIC_2019)\Dataset\BKL\ISIC_0033685.jpg,isic_0033685,2,8b3af4b3357a5e02b56675300d5a5a3de4f00131b95566a3e24fe6153dad7a06,5602
C:\SRS(ISIC_2019)\Dataset\BKL\ISIC_0033691.jpg,isic_0033691,2,3c91145bb6bee58c9bd0446752b4a428b9a2235ed0d6799a5e6a006545ca32d6,5603
C:\SRS(ISIC_2019)\Dataset\BKL\ISIC_0033853.jpg,isic_0033853,2,b7d6855ee074b50febc115c20c86a047b76c1378c416563d0cef2d0d374500f9,5624
C:\SRS(ISIC_2019)\Dataset\BKL\ISIC_0034007.jpg,isic_0034007,2,0e1d4681365c99bdfe9be8c110f73d9d2eb5bc3fb168cec7a1804968ee25384e,5642
C:\SRS(ISIC_2019)\Dataset\BKL\ISIC_0034057.jpg,isic_0034057,2,380039587ce7537638bfc1263ce34e71755a9d7fa4e3c1ed8f38cf9a27f56c01,5648
C:\SRS(ISIC_2019)\Dataset\BKL\ISIC_0034113.jpg,isic_0034113,2,445df22d577b17399446afcdbb81fb007b1469acf71060bc167927eba62d1654,5651
C:\SRS(ISIC_2019)\Dataset\BKL\ISIC_0053635.jpg,isic_0053635,2,28cc9433fc04c4dd3ca6256c0da443adfc33db4197feb788e27635194481453c,5685
C:\SRS(ISIC_2019)\Dataset\BKL\ISIC_0053756.jpg,isic_0053756,2,3a167bdadc3ee1f5010c61bf221febf5d3f785393b313e3311604898e4a54967,5691
C:\SRS(ISIC_2019)\Dataset\BKL\ISIC_0053990.jpg,isic_0053990,2,97dde00abb0b11d7ddb1a174e4514fcfcd166fee394e02604e1d427b3bf30261,5702
C:\SRS(ISIC_2019)\Dataset\BKL\ISIC_0054019.jpg,isic_0054019,2,014ee3180e6d77e2b4474cb1419c29a19ec11307da262fda0ae4ce3dbfb1a916,5704
C:\SRS(ISIC_2019)\Dataset\BKL\ISIC_0054336.jpg,isic_0054336,2,24c800b1668329538ed2b32eba42aea510499bc035496eb20fead2b5bbe79715,5717
C:\SRS(ISIC_2019)\Dataset\BKL\ISIC_0054897.jpg,isic_0054897,2,9d42f4a4d57dfb76eef494bfac4363a71a84b8bfe64aac46d8fc64d347cacd43,5745
C:\SRS(ISIC_2019)\Dataset\BKL\ISIC_0055027.jpg,isic_0055027,2,6d8b441e47fad2a12a11c7f258d708fb5d3b0e2b43049c9e10a650113d946ae4,5754
C:\SRS(ISIC_2019)\Dataset\BKL\ISIC_0056094.jpg,isic_0056094,2,48523b14f19a59263a8781665f65911ee7ce04c190c80d7e5688888cd634a5ee,5807
C:\SRS(ISIC_2019)\Dataset\BKL\ISIC_0056514.jpg,isic_0056514,2,48f337dc82f18c393074e578116104fcc81a12ac1a82e1ca8350f85c0b2787a7,5827
C:\SRS(ISIC_2019)\Dataset\BKL\ISIC_0057004.jpg,isic_0057004,2,5d12bb40cc67e0c124aab8abc36739c54d7043883dbf2792f7b3f42702dda2ce,5864
C:\SRS(ISIC_2019)\Dataset\BKL\ISIC_0057160.jpg,isic_0057160,2,5f429a6be35b85ba91ace989ddc6bdf162218825b6a4473141501c1402b74ee5,5872
C:\SRS(ISIC_2019)\Dataset\BKL\ISIC_0057248.jpg,isic_0057248,2,be99ac3176647b1cba09fb9d2d8ac8ebbfc2219e2e60972cdc909dfc7f84757b,5876
C:\SRS(ISIC_2019)\Dataset\BKL\ISIC_0057958.jpg,isic_0057958,2,9fe3d4813a4675d78239653bb0312e7517a83973066d40f42488e741353b0044,5912
C:\SRS(ISIC_2019)\Dataset\BKL\ISIC_0058288.jpg,isic_0058288,2,6bb6319ba8be2862f1fad87d20af31d057557934b5df1e5d6dad1872e2dc2993,5936
C:\SRS(ISIC_2019)\Dataset\BKL\ISIC_0058289.jpg,isic_0058289,2,3647d95017fcf761509b7836cb605a27af9f4971ebf71347329a162f0f51b8ec,5937
C:\SRS(ISIC_2019)\Dataset\BKL\ISIC_0058497.jpg,isic_0058497,2,9ea07d124a6019ee55b49aeab745998d59f8107a1d26f1758d25669b9ae3bd98,5947
C:\SRS(ISIC_2019)\Dataset\BKL\ISIC_0059544.jpg,isic_0059544,2,73250ec58460a2b3c08cf8898ed72867fb52dbde554feaa03b3574b5b973bcfe,6006
C:\SRS(ISIC_2019)\Dataset\BKL\ISIC_0059710.jpg,isic_0059710,2,5f031f580b578204b1d579edf2f471daa5b0a5a2c1879fa818a1c4925d7207d4,6021
C:\SRS(ISIC_2019)\Dataset\BKL\ISIC_0059935.jpg,isic_0059935,2,7e73206d2672354be79724b1d3d159b58bb48c7fe927f99c42b4acb4745fe3c9,6029
C:\SRS(ISIC_2019)\Dataset\BKL\ISIC_0060226.jpg,isic_0060226,2,9bfefb94879ac7fd646aed82d80c160397248e58ac05adfd3c6cce24eb1bdd27,6041
C:\SRS(ISIC_2019)\Dataset\BKL\ISIC_0060305.jpg,isic_0060305,2,696cf8d0854f98c058d60c87ecb7d3c6d817250c6dd71281eb9683f1cbaf8dc3,6046
C:\SRS(ISIC_2019)\Dataset\BKL\ISIC_0060560.jpg,isic_0060560,2,f82a8d570d492104d493898086a0b5a608a4c9794e35548ccdb059c5380c7c2f,6060
C:\SRS(ISIC_2019)\Dataset\BKL\ISIC_0060902.jpg,isic_0060902,2,4c93f862465af3e760f4568a903a165979ffb4e19002fdfa083e7ae6d678c95e,6087
C:\SRS(ISIC_2019)\Dataset\BKL\ISIC_0060966.jpg,isic_0060966,2,b8dce959873bee6047b849ded9a87d5962d2dd64363a18453bcd2fdefea789f0,6092
C:\SRS(ISIC_2019)\Dataset\BKL\ISIC_0061167.jpg,isic_0061167,2,73bb1ffa17ded6470b2bbc04c4aa7f679db48ca3fb8f8e6665ae18d2d725a903,6101
C:\SRS(ISIC_2019)\Dataset\BKL\ISIC_0061216.jpg,isic_0061216,2,c5a0bd1b2100bf28575f29467a7f0052e7f0433fbb0692c38e43438e52f3e134,6104
C:\SRS(ISIC_2019)\Dataset\BKL\ISIC_0061235.jpg,isic_0061235,2,144e862d227146873a5129d96d27d51d780ec7e97f1c865c4253ab414fd3a391,6106
C:\SRS(ISIC_2019)\Dataset\BKL\ISIC_0062009.jpg,isic_0062009,2,bbfbc883efedae5fdcf417cbea202de5e29b0ee289dfbf7a10045642f7fc0a0d,6160
C:\SRS(ISIC_2019)\Dataset\BKL\ISIC_0063156.jpg,isic_0063156,2,782ee9def30c992bcf35febe4f560674f7b9205600be4e74a16fd50be058b0c4,6230
C:\SRS(ISIC_2019)\Dataset\BKL\ISIC_0063760.jpg,isic_0063760,2,1166727427872835f17ed8d6f7caf960255775bf36857f49e3af6cd6193b41d4,6262
C:\SRS(ISIC_2019)\Dataset\BKL\ISIC_0064700.jpg,isic_0064700,2,605d1893b58d40b3e1cc34d257edd4bc34e5b377de3a81655fb771d8d9505661,6308
C:\SRS(ISIC_2019)\Dataset\BKL\ISIC_0064702.jpg,isic_0064702,2,b978c2a6c28bc973c5b03fab125144c165525609bde228fcd173f69f17249141,6309
C:\SRS(ISIC_2019)\Dataset\BKL\ISIC_0065064.jpg,isic_0065064,2,251f81f3ac281b1c61dc8358263a1717fb6fc7392938813738e1803d7665664a,6331
C:\SRS(ISIC_2019)\Dataset\BKL\ISIC_0065321.jpg,isic_0065321,2,40ffe5b3631223fc0e195ecb2625219b77cc4debd32c7b41a5082c75876845d3,6343
C:\SRS(ISIC_2019)\Dataset\BKL\ISIC_0065355.jpg,isic_0065355,2,c6cbcd8bb6d669ccb8f22aeee0e18e5888619f061ae76896739272857e1d1f5d,6346
C:\SRS(ISIC_2019)\Dataset\BKL\ISIC_0066288.jpg,isic_0066288,2,3856478e8e17167708b106ee8b0674c13de15ee768c844efe529f753ea2d2cf8,6408
C:\SRS(ISIC_2019)\Dataset\BKL\ISIC_0066345.jpg,isic_0066345,2,b0e9ccc912deedfcb14069345e617afa1a59cb2bcf7fb0fbfafa847a69e1a173,6410
C:\SRS(ISIC_2019)\Dataset\BKL\ISIC_0067587.jpg,isic_0067587,2,38326f1bcc79d7c364fd3961dd4a37565bb0967d2e66705c0552d4a62fdaa25c,6475
C:\SRS(ISIC_2019)\Dataset\BKL\ISIC_0067657.jpg,isic_0067657,2,e345b568717b936314b284af2fe07100414d1da3da33356d585bed854a02460d,6483
C:\SRS(ISIC_2019)\Dataset\BKL\ISIC_0067664.jpg,isic_0067664,2,a70dfcfe9989973093950c20d5e6297b419fbf7b1e289580f722d1ee858b3119,6484
C:\SRS(ISIC_2019)\Dataset\BKL\ISIC_0067692.jpg,isic_0067692,2,73d948c05ad72cb0363de8c2ef9d9c7c547748337f9473a19e93d54387df6407,6486
C:\SRS(ISIC_2019)\Dataset\BKL\ISIC_0068426.jpg,isic_0068426,2,c1c388b73370886fdd8dac43800d99729d130bf9a1935f74ca0be0f27b036e3d,6521
C:\SRS(ISIC_2019)\Dataset\BKL\ISIC_0068922.jpg,isic_0068922,2,d3a38eacfe42b3179651a911562f707fb67d29b775dba992f70584adabf822ff,6540
C:\SRS(ISIC_2019)\Dataset\BKL\ISIC_0069221.jpg,isic_0069221,2,de4f4dfed0f8ae5ec67b4d5af9a71dadc54a575d805fef250f114783814a93a4,6560
C:\SRS(ISIC_2019)\Dataset\BKL\ISIC_0069327.jpg,isic_0069327,2,1485794580ef4e12225cf8bd4deb469f3bf2540fbe1bbc83593eeccca69b3e7f,6572
C:\SRS(ISIC_2019)\Dataset\BKL\ISIC_0069401.jpg,isic_0069401,2,7d5caf99045d407b040ee182d1fd30626d91731f046d18e132064b39b14bd2dc,6577
C:\SRS(ISIC_2019)\Dataset\BKL\ISIC_0069658.jpg,isic_0069658,2,19dcffb4809fcb62f0e564738653dce25bc1736426d176af4479961a79564c86,6595
C:\SRS(ISIC_2019)\Dataset\BKL\ISIC_0069885.jpg,isic_0069885,2,71f22e03963a5c663f0d043dbfefb7ce7fd70e4187706a7da502080af8572ea4,6615
C:\SRS(ISIC_2019)\Dataset\BKL\ISIC_0069965.jpg,isic_0069965,2,66f7d5d5dddce0013a7c77c118cdb57656ddbb16e6f8828dd4445fed2630ed04,6616
C:\SRS(ISIC_2019)\Dataset\BKL\ISIC_0070127.jpg,isic_0070127,2,325530824bac389e033221e46806495896f41d8a81db96ed79a1f643bf6ba9dd,6625
C:\SRS(ISIC_2019)\Dataset\BKL\ISIC_0070647.jpg,isic_0070647,2,c7352072c89389e87678e4d3a70796680b3aa3aac469e3722a47f8ca79fb69ea,6656
C:\SRS(ISIC_2019)\Dataset\BKL\ISIC_0071075.jpg,isic_0071075,2,5c84acce565a88d105c5c2884ebb532acb7a4a32b95190ff457eb2be85c4d7a5,6682
C:\SRS(ISIC_2019)\Dataset\BKL\ISIC_0071421.jpg,isic_0071421,2,f4e17cb4ab32b2e644826ed4b5d357d9e185035c505ae839a3558bb768cfc14c,6706
C:\SRS(ISIC_2019)\Dataset\BKL\ISIC_0071801.jpg,isic_0071801,2,ae678c95f9bdf6c88f8d8cc98964ddae52dc5d30d7560174b054198e9b50ad2d,6723
C:\SRS(ISIC_2019)\Dataset\BKL\ISIC_0072421.jpg,isic_0072421,2,4fd6e15dd7eba8154676ff971338ef5915d962dc7f367e23f8a10512fa125ede,6760
C:\SRS(ISIC_2019)\Dataset\BKL\ISIC_0072622.jpg,isic_0072622,2,cdc947d14afcc0142e7fe67e4d5a3e13b08d522fadd562e662607de940f83ea4,6769
C:\SRS(ISIC_2019)\Dataset\BKL\ISIC_0072683.jpg,isic_0072683,2,953c5903ef39ccb795643b85b0fbef48faac6854663ab4829c901fbaf2b72e8a,6772
C:\SRS(ISIC_2019)\Dataset\BKL\ISIC_0072910.jpg,isic_0072910,2,de8b922757c62e9f9295dc39598a42c44330cb793ee935b4b26906ce6b532e20,6788
C:\SRS(ISIC_2019)\Dataset\BKL\ISIC_0073039.jpg,isic_0073039,2,8d3695a0061b98da114024e67a32678ecc1210f7eff619bfbeb56ab73f22fe22,6795
C:\SRS(ISIC_2019)\Dataset\DF\ISIC_0025504.jpg,isic_0025504,3,bfdeb618193f7be27d78ec060bb807dd0ab61555ce8e1a123f8743f8ac53b2e0,6827
C:\SRS(ISIC_2019)\Dataset\DF\ISIC_0025980.jpg,isic_0025980,3,9d3bc521e1763f92178bc2594e6b31b4e6b404c74ad8b20b6185578bf043a54e,6835
C:\SRS(ISIC_2019)\Dataset\DF\ISIC_0028880.jpg,isic_0028880,3,fe445a014538bc2f628823f819955f83f6c707fb1dd2a905855d2e158edeb69c,6862
C:\SRS(ISIC_2019)\Dataset\DF\ISIC_0029130.jpg,isic_0029130,3,d6165ba17c9839e3286939a1dd5f19735c5c11722fd5b218965d3f32fc4ed6e0,6866
C:\SRS(ISIC_2019)\Dataset\DF\ISIC_0029967.jpg,isic_0029967,3,496cfa6cbcad3461f31d20e7924c1d4b071244463cb0a93927b38150c7ff6250,6876
C:\SRS(ISIC_2019)\Dataset\DF\ISIC_0033810.jpg,isic_0033810,3,293afccc33a968e8c4e0b42bf9b4ff612423cb004a4315a8fa2145e58e830422,6923
C:\SRS(ISIC_2019)\Dataset\DF\ISIC_0054823.jpg,isic_0054823,3,27eb11886282da10e583ae0a2ff4f5d6fa95b7148232cd8699c8dee630435ab7,6938
C:\SRS(ISIC_2019)\Dataset\DF\ISIC_0054918.jpg,isic_0054918,3,a9fb6809c08306579cc0ba3a9be8ec2da7d66cb0596f8b866844c49267f806c4,6940
C:\SRS(ISIC_2019)\Dataset\DF\ISIC_0062455.jpg,isic_0062455,3,ef08476a078dd4552ad4b9e4f528bdce2f42e4344423f2c87244fcedcb43ac7b,6984
C:\SRS(ISIC_2019)\Dataset\DF\ISIC_0064930.jpg,isic_0064930,3,389e52c55d12a9c032f34a6db0df525d026c267519805883bc3a05a1a5c82dcf,6996
C:\SRS(ISIC_2019)\Dataset\DF\ISIC_0068613.jpg,isic_0068613,3,0c1a423adc3e75408cade900fb3f8930ce477f01b789225c6c15deaf611acbe1,7022
C:\SRS(ISIC_2019)\Dataset\DF\ISIC_0069469.jpg,isic_0069469,3,815fe2a4dc5f1dfd88d60cf7a3b3dbf8cb088ae335bbcce65792a6fa90e04827,7027
C:\SRS(ISIC_2019)\Dataset\MEL\ISIC_0000029_downsampled.jpg,isic_0000029_downsampled,4,1e61f7cc78d4e8a68f62e42173fe162d6719a8a07b7a79eb1893521b64691d8d,7058
C:\SRS(ISIC_2019)\Dataset\MEL\ISIC_0000040_downsampled.jpg,isic_0000040_downsampled,4,0e8832c5fa662055d0e9ed5c24042562a7edc6bb947f7ef056b2ec62c3455d6c,7063
C:\SRS(ISIC_2019)\Dataset\MEL\ISIC_0000078_downsampled.jpg,isic_0000078_downsampled,4,ae9da8ccca4cdd1ae2c30cd205d42ee4e097e5ebfa62fc7f218d49cb0575069c,7071
C:\SRS(ISIC_2019)\Dataset\MEL\ISIC_0000161.jpg,isic_0000161,4,ac8aea436d7b2ea09dc9570ff1e8cbd7a7c09bb0d41e7aadb68a0c4ae07718a4,7092
C:\SRS(ISIC_2019)\Dataset\MEL\ISIC_0000175.jpg,isic_0000175,4,6596157617d012d21a870e4f1a54a245375dc30a6d6648e40244760f0cd556d6,7105
C:\SRS(ISIC_2019)\Dataset\MEL\ISIC_0000277.jpg,isic_0000277,4,40fb8ebeb91c0159567c922049aa8c1269d40fbcc895ac0883c85b3aa7380c6c,7108
C:\SRS(ISIC_2019)\Dataset\MEL\ISIC_0000299.jpg,isic_0000299,4,bee19119dad8720a8b8d50c4ec78e1368c1299b4fdac7f953821880544e6bb15,7125
C:\SRS(ISIC_2019)\Dataset\MEL\ISIC_0000519_downsampled.jpg,isic_0000519_downsampled,4,9ae20d7f27735c1bc0b6052ca61d1cb7a23209eb410b16e002a08d56a7c84337,7158
C:\SRS(ISIC_2019)\Dataset\MEL\ISIC_0000522.jpg,isic_0000522,4,9664430da63ef61e282aab6e1a07a0f56e8c5708a39c9194baf6a4b11cbed25e,7161
C:\SRS(ISIC_2019)\Dataset\MEL\ISIC_0000550.jpg,isic_0000550,4,88078010d44fa0ed66b517fa0931df575296b912ff0c8d3b8ea73099a039d1b4,7167
C:\SRS(ISIC_2019)\Dataset\MEL\ISIC_0009882.jpg,isic_0009882,4,50dfe0ac09e5a8284da89235dd0b6bbfd2df761d3c920dd8386dba0c49f02437,7189
C:\SRS(ISIC_2019)\Dataset\MEL\ISIC_0010054.jpg,isic_0010054,4,a45e17c0af04ce24d1e200650f394bf822ddc174f62d5ac98c45e4ad1408879b,7211
C:\SRS(ISIC_2019)\Dataset\MEL\ISIC_0010174.jpg,isic_0010174,4,4578f917c705cc0cbdabeed4eaa0f0a681f0f237d5c58c26f8855dea5d24028b,7219
C:\SRS(ISIC_2019)\Dataset\MEL\ISIC_0011125.jpg,isic_0011125,4,8fddd4e3f2ca5c195b4d67705f4feb565e687b0bf85f261a3387fdba2e1f7dd6,7262
C:\SRS(ISIC_2019)\Dataset\MEL\ISIC_0012348_downsampled.jpg,isic_0012348_downsampled,4,d2e2721d4a7e3d5b2348f6bcb57a5fa25b831264613f92c61af242e3de5152eb,7302
C:\SRS(ISIC_2019)\Dataset\MEL\ISIC_0012382_downsampled.jpg,isic_0012382_downsampled,4,fd41999880e254d8bf20e46b24909d789b7d1c02c8f09f1439631c894212ca2e,7305
C:\SRS(ISIC_2019)\Dataset\MEL\ISIC_0013429_downsampled.jpg,isic_0013429_downsampled,4,8576d65418a15d04ee678072bc86961f8eeacca72365dc90ceb4f50862a3d446,7342
C:\SRS(ISIC_2019)\Dataset\MEL\ISIC_0013518_downsampled.jpg,isic_0013518_downsampled,4,cc75db26532895174ce4203efdd666267f08888f60e5f2c822201cda8bf4d7fe,7354
C:\SRS(ISIC_2019)\Dataset\MEL\ISIC_0013696_downsampled.jpg,isic_0013696_downsampled,4,cf490ca4965741b4ce50ffba519e53e5869f717f21492e98e3781e08a358c3d7,7385
C:\SRS(ISIC_2019)\Dataset\MEL\ISIC_0013975_downsampled.jpg,isic_0013975_downsampled,4,765103fef5bd534be7f728bacd69ebb2dba9bcc2704e4c4b94f994da4b178348,7421
C:\SRS(ISIC_2019)\Dataset\MEL\ISIC_0014049_downsampled.jpg,isic_0014049_downsampled,4,691d44a37399e17eb6bb0b5fec89ed06272935add9e8a912fa857bfa0548c643,7432
C:\SRS(ISIC_2019)\Dataset\MEL\ISIC_0014229_downsampled.jpg,isic_0014229_downsampled,4,12d25f88974e6c0d39e57c48a3942218df95a392757318c2839e088cb0e6c83c,7471
C:\SRS(ISIC_2019)\Dataset\MEL\ISIC_0014360_downsampled.jpg,isic_0014360_downsampled,4,5d0387c2c1ea784cef7d4fbaa5a378b81ee70409ae13b64ed16c16b98945ca7c,7495
C:\SRS(ISIC_2019)\Dataset\MEL\ISIC_0014361_downsampled.jpg,isic_0014361_downsampled,4,1abb199bf462f1d4b30fcc0af8502cd4ca48708e8267ed51ec94584116f93d57,7496
C:\SRS(ISIC_2019)\Dataset\MEL\ISIC_0014518_downsampled.jpg,isic_0014518_downsampled,4,f0ce59e7e656c6c89e092bf2d6867ce4a4a1768c9e0af9ffa0a6efb3007f0b96,7516
C:\SRS(ISIC_2019)\Dataset\MEL\ISIC_0014557_downsampled.jpg,isic_0014557_downsampled,4,1de5d619f28c370aaf1550e4ebb5bc8f20d7a83fd1973a0e12af74dfe568c01f,7525
C:\SRS(ISIC_2019)\Dataset\MEL\ISIC_0014688_downsampled.jpg,isic_0014688_downsampled,4,cd13c692015c1ec82b9e3168cfb93ac956c588b2deab214ea340e8b59f732c8e,7530
C:\SRS(ISIC_2019)\Dataset\MEL\ISIC_0015079_downsampled.jpg,isic_0015079_downsampled,4,1a2122a8cec1a3a75767348e0bbb870151b3add5c34ad8f5a161b73ce2eb2fec,7575
C:\SRS(ISIC_2019)\Dataset\MEL\ISIC_0015127_downsampled.jpg,isic_0015127_downsampled,4,0bef4fff99e90449ce4c12e8863b6b686e65830ee0de9d595764a47d16119d23,7582
C:\SRS(ISIC_2019)\Dataset\MEL\ISIC_0015229_downsampled.jpg,isic_0015229_downsampled,4,6f418af3f9429a99dc005776793121eb8440043c59a2753dbcc06c65e2a6a858,7600
C:\SRS(ISIC_2019)\Dataset\MEL\ISIC_0024351.jpg,isic_0024351,4,53832ad31d4f56fd15fcd2b3e5f09b17cde4de7d468c24e746cac49d1cd85ecc,7610
C:\SRS(ISIC_2019)\Dataset\MEL\ISIC_0024400.jpg,isic_0024400,4,ddcf35cdbc765552fb83e2341acb1418cf66089626ff51eda3fa42bfecd2bf47,7612
C:\SRS(ISIC_2019)\Dataset\MEL\ISIC_0024516.jpg,isic_0024516,4,87a0723bef9b7b85a14fa31576cc38d54185d1109949f5c2d11e8c9b8a5cba7f,7619
C:\SRS(ISIC_2019)\Dataset\MEL\ISIC_0024537.jpg,isic_0024537,4,391da830f2e3c230750d5d1b69e50e17ba50e8491fa3adec5671fea2ee1dc05a,7621
C:\SRS(ISIC_2019)\Dataset\MEL\ISIC_0024554.jpg,isic_0024554,4,a37fa538fb74dbd8becb354551e5268b02e828e09f6b4736891f555d71324f0a,7625
C:\SRS(ISIC_2019)\Dataset\MEL\ISIC_0024805.jpg,isic_0024805,4,52e6bc60448532a3e46dba406ecbb7e806f7e67da66d1267587dc39ecb7d7326,7647
C:\SRS(ISIC_2019)\Dataset\MEL\ISIC_0025219.jpg,isic_0025219,4,0d5fb725c9ebf6e0e1a8637ca6b28b536b3ca78b1d6769972e0633e593655c0b,7687
C:\SRS(ISIC_2019)\Dataset\MEL\ISIC_0025234.jpg,isic_0025234,4,3c85ef798b94963064be9066a2f83c1f2282fc2bc27cf0b48c9f107dfc700a25,7688
C:\SRS(ISIC_2019)\Dataset\MEL\ISIC_0025235.jpg,isic_0025235,4,e05fcdf763e634928e8da6432af39f22d93cda06b6a00452d9bc51d9a5cf67b7,7689
C:\SRS(ISIC_2019)\Dataset\MEL\ISIC_0025277.jpg,isic_0025277,4,dffc5be429d1e3e0c5e84be345666e43db284a512f7f02bc4e4dd5c19ec359bc,7694
C:\SRS(ISIC_2019)\Dataset\MEL\ISIC_0025316.jpg,isic_0025316,4,3292973035a25c2a3f515b7e97f48976b00940b794d8532113c864d1d368ced8,7697
C:\SRS(ISIC_2019)\Dataset\MEL\ISIC_0025450.jpg,isic_0025450,4,319dc883790d68a582a85a4eaac925f092992cb0c0debf19cb19d9369f68b768,7707
C:\SRS(ISIC_2019)\Dataset\MEL\ISIC_0027442.jpg,isic_0027442,4,b96224af74d1e089d85e72e1b32e52caecfa003ac55d12255fd652aa96e7fe11,7882
C:\SRS(ISIC_2019)\Dataset\MEL\ISIC_0027659.jpg,isic_0027659,4,4f61b906826dbf086912733a93110c88cfb77dc4cfb748d83a7a41311032b1f8,7898
C:\SRS(ISIC_2019)\Dataset\MEL\ISIC_0027832.jpg,isic_0027832,4,4053b2fc2b02cab45cb7b87efe3f416384b9184481e0ff723ea27f251fbdc6bc,7911
C:\SRS(ISIC_2019)\Dataset\MEL\ISIC_0027964.jpg,isic_0027964,4,aaf89ce3cd54590a1baab22d57526ddf62342ea7a95e0ec83668b9f94569eba6,7918
C:\SRS(ISIC_2019)\Dataset\MEL\ISIC_0028317.jpg,isic_0028317,4,2541aeb714fd0c40b172f4a36629777c90ef6b1b519a61922897c10c35be2631,7955
C:\SRS(ISIC_2019)\Dataset\MEL\ISIC_0028445.jpg,isic_0028445,4,339ed044376504faa7d0573dc6cd15e7ed88f997459d8758c3261a19958ce126,7965
C:\SRS(ISIC_2019)\Dataset\MEL\ISIC_0028655.jpg,isic_0028655,4,ecfe81575207e1b1f9c1ad2ee6d09d711f6889e1cc3954deeccc345bc049d652,7987
C:\SRS(ISIC_2019)\Dataset\MEL\ISIC_0029000.jpg,isic_0029000,4,a29d96acfb3131cf3c34d74ab265fffc99234ffbe64c6bc62eb85a0634b56ff4,8014
C:\SRS(ISIC_2019)\Dataset\MEL\ISIC_0029094.jpg,isic_0029094,4,a5a00dab9d9e3d7afe817d73ddc61c06ef17cee6ae8acc0cc3be8ef14a00843c,8024
C:\SRS(ISIC_2019)\Dataset\MEL\ISIC_0029157.jpg,isic_0029157,4,78d838f27a648434f4704e06d507f53639f1b86c5b812acdd0f5127f39441627,8026
C:\SRS(ISIC_2019)\Dataset\MEL\ISIC_0029170.jpg,isic_0029170,4,4a1b2c6347a8117ff3904ead612b6c5c6ecae3bfebe47e1f99ffba376d9e0fd6,8028
C:\SRS(ISIC_2019)\Dataset\MEL\ISIC_0029172.jpg,isic_0029172,4,1c315072366838c1cffbbefefa5ff646de57d1455311681ec6f813d7f6744c9b,8029
C:\SRS(ISIC_2019)\Dataset\MEL\ISIC_0029353.jpg,isic_0029353,4,3983f4385fbc1d0fee5246216e7c8161ad24101c57e5c26e087646535263a3db,8044
C:\SRS(ISIC_2019)\Dataset\MEL\ISIC_0029370.jpg,isic_0029370,4,f082635da4851e71dc006a7e8d81cc5114ce76425796a6869d6a941225fe7257,8046
C:\SRS(ISIC_2019)\Dataset\MEL\ISIC_0029453.jpg,isic_0029453,4,6219488668d7b0beaaf9c1c4b8bd004c9c8ef879b16f0a688254e434ee582944,8049
C:\SRS(ISIC_2019)\Dataset\MEL\ISIC_0029454.jpg,isic_0029454,4,a81b94e7ad0e515d302d5a8cb557b0061f76cdfd6e6213f1655db8aaa0d180a5,8050
C:\SRS(ISIC_2019)\Dataset\MEL\ISIC_0029513.jpg,isic_0029513,4,5e849238ca2f32553bea6ff60535c8bf873e8a72fe5ddefff56bb79168502b21,8056
C:\SRS(ISIC_2019)\Dataset\MEL\ISIC_0029606.jpg,isic_0029606,4,2905478ad119b458c238d63061e7c748b2756421dbda52e646cc16a03042ddee,8066
C:\SRS(ISIC_2019)\Dataset\MEL\ISIC_0029630.jpg,isic_0029630,4,75d06582ce9672d87e1a8a954529f08775992fc511d806ddad83007c0edd617c,8067
C:\SRS(ISIC_2019)\Dataset\MEL\ISIC_0029698.jpg,isic_0029698,4,9ae2fc0a39d386e0758ba678877205ba9cd4d29064c4ba75d097d6cb71fd7b45,8073
C:\SRS(ISIC_2019)\Dataset\MEL\ISIC_0030031.jpg,isic_0030031,4,ae2a83053e0f5ff56d67c58b26df7dab1e661de4090a241f78d4ed26f627e2f8,8095
C:\SRS(ISIC_2019)\Dataset\MEL\ISIC_0030238.jpg,isic_0030238,4,5cde8b8a03c03347b52cc24980d91cedd71f398be1efc08d14a3600a1465e852,8118
C:\SRS(ISIC_2019)\Dataset\MEL\ISIC_0030391.jpg,isic_0030391,4,42bdecbb0c21c4a702e9a293402799a59887fd18dc59a4e9e005dbdc7bd6901b,8130
C:\SRS(ISIC_2019)\Dataset\MEL\ISIC_0030501.jpg,isic_0030501,4,9d0169dce83d276ad4828d4544f85fc682990fe8d952a32cf0da9285bc029c44,8137
C:\SRS(ISIC_2019)\Dataset\MEL\ISIC_0030539.jpg,isic_0030539,4,fd9e9126c847f5b8d33c5b454e70dbe9bf0e54642b83ac5527eb11eb5bf54fdc,8141
C:\SRS(ISIC_2019)\Dataset\MEL\ISIC_0030695.jpg,isic_0030695,4,4e0582f493438baf5b55663111b97acfad6d9ceb7ca3bf4d12477cbf0ee3cdd1,8151
C:\SRS(ISIC_2019)\Dataset\MEL\ISIC_0031025.jpg,isic_0031025,4,b01afad69f350d0351ac5ff63127be8c67bf3e11bb250c8b56679f3ddc743cd6,8178
C:\SRS(ISIC_2019)\Dataset\MEL\ISIC_0031642.jpg,isic_0031642,4,f803aac5a1931179ffe9aa65c5b5aacc45dae3f9c2442efec91fa925d4a55e91,8222
C:\SRS(ISIC_2019)\Dataset\MEL\ISIC_0031779.jpg,isic_0031779,4,c819c771c553b62997a924eef5ec8f28eb61b9f9a3bf1f37f6b74871021155dd,8232
C:\SRS(ISIC_2019)\Dataset\MEL\ISIC_0032187.jpg,isic_0032187,4,e2e8b81d629605ddad8b5adee828ea57c3ca4d556016fce296b09816d8f71b1e,8265
C:\SRS(ISIC_2019)\Dataset\MEL\ISIC_0032204.jpg,isic_0032204,4,326b777d1c1f10b4e33252f887139d2eac67aae5fbc9fae89c496e11fb9b3f31,8269
C:\SRS(ISIC_2019)\Dataset\MEL\ISIC_0032265.jpg,isic_0032265,4,f3018c57cc15c315a3748dd50864c28f2b3aab46d0f00054754dc2c86cd7dc83,8279
C:\SRS(ISIC_2019)\Dataset\MEL\ISIC_0032504.jpg,isic_0032504,4,7038067d4916690d3bab8720f3655524975f8ed0480536ba04d7e62054de6363,8301
C:\SRS(ISIC_2019)\Dataset\MEL\ISIC_0032603.jpg,isic_0032603,4,97c9738e81f542afcfb0148a27b1a8e27dc48fd0c547ad918eb7d71e6d08b23b,8326
C:\SRS(ISIC_2019)\Dataset\MEL\ISIC_0032630.jpg,isic_0032630,4,0fb42cb406dc1896e48ecfffde6d37892986bd4fd2b63ec44a14d0464a6e18de,8334
C:\SRS(ISIC_2019)\Dataset\MEL\ISIC_0032687.jpg,isic_0032687,4,8001f26fe482b79cfc2d364a1d41439258efd1e6adbb96f09230cc38733119c9,8344
C:\SRS(ISIC_2019)\Dataset\MEL\ISIC_0032724.jpg,isic_0032724,4,9fd81a46cca411c36cb2c3cab9b5aca2c4c5e920055fc3f000bd7e842255dd14,8354
C:\SRS(ISIC_2019)\Dataset\MEL\ISIC_0032810.jpg,isic_0032810,4,7ab447ae77f5f97ba7bdca3d82ac88b72663b8cc95d0baf41740876dbac2d028,8368
C:\SRS(ISIC_2019)\Dataset\MEL\ISIC_0032873.jpg,isic_0032873,4,41780849fed3a423cfd5f3ddc3781f5ab9522f70e9aebaece19a1cbd69e8daab,8383
C:\SRS(ISIC_2019)\Dataset\MEL\ISIC_0033063.jpg,isic_0033063,4,e0b06bef978fa57cab15c8765a3ae1a5518f248df61d30b1a841503d77e78a54,8431
C:\SRS(ISIC_2019)\Dataset\MEL\ISIC_0033154.jpg,isic_0033154,4,c93fa5ddc394ce5d67e9543faf33725e642f30e9a476bec1fad9976680a7410d,8447
C:\SRS(ISIC_2019)\Dataset\MEL\ISIC_0033216.jpg,isic_0033216,4,2e6e369b8ed09cfcc1e9ce965328e5d6b45add6cb029154b7e94c78930827cbe,8463
C:\SRS(ISIC_2019)\Dataset\MEL\ISIC_0033312.jpg,isic_0033312,4,1bb071e43c1385ae8c839dd2239cbf14636eb5e570b72def19b4f24e79f143a3,8489
C:\SRS(ISIC_2019)\Dataset\MEL\ISIC_0033387.jpg,isic_0033387,4,8904573629dd601747dbda70b76e500a5d47692aefe484f65b6bd68518a0e4d1,8503
C:\SRS(ISIC_2019)\Dataset\MEL\ISIC_0033807.jpg,isic_0033807,4,f9eadaa5cddb36752aff160d90a30babcc8add3ebb6fb131284094fd248428ec,8596
C:\SRS(ISIC_2019)\Dataset\MEL\ISIC_0033878.jpg,isic_0033878,4,b4ed3a6addf79bc5d0a6f0d262bce74c632358542b52f5553d02ca4c73754291,8611
C:\SRS(ISIC_2019)\Dataset\MEL\ISIC_0034059.jpg,isic_0034059,4,51e88cbf763eb6b2a45c857cf60222388902f6059f90e4361d279b48d70afc9c,8656
C:\SRS(ISIC_2019)\Dataset\MEL\ISIC_0034061.jpg,isic_0034061,4,77467f8e071002d89e4d472526d1d6f9bca4f885118ae43af2aa1c4d9427e749,8657
C:\SRS(ISIC_2019)\Dataset\MEL\ISIC_0034064.jpg,isic_0034064,4,992363409f90591d4d18065612a5dfa32b643040d23e33da089ba7659d9de8de,8659
C:\SRS(ISIC_2019)\Dataset\MEL\ISIC_0034085.jpg,isic_0034085,4,9963eb7a97e4411159cfd0045ae65fa2b4ef44b9e3b23d5c074a3cceada9b6d0,8665
C:\SRS(ISIC_2019)\Dataset\MEL\ISIC_0034162.jpg,isic_0034162,4,59157f5c8722f1e6d04946de7271b38c54d2fa7bfc97d39628ed0fa45cfb42c6,8685
C:\SRS(ISIC_2019)\Dataset\MEL\ISIC_0053508.jpg,isic_0053508,4,fc823818b6f675f748813222e43c1963e50256f395eac869604bc87ebb2470b0,8729
C:\SRS(ISIC_2019)\Dataset\MEL\ISIC_0053531.jpg,isic_0053531,4,0af902e41fab8e38b2369db908aa87764e36226538ebfa80329bcafda1ac4af1,8733
C:\SRS(ISIC_2019)\Dataset\MEL\ISIC_0053766.jpg,isic_0053766,4,f3324d509baaaa5209cfa9e24a77cfa21b71560cfe4eceb516be7f959d53c443,8767
C:\SRS(ISIC_2019)\Dataset\MEL\ISIC_0054364.jpg,isic_0054364,4,5437a285ec9d144c4ede012f353311561935966051a4556d7fe2b8077f76a02f,8863
C:\SRS(ISIC_2019)\Dataset\MEL\ISIC_0054536.jpg,isic_0054536,4,fa5d3261e9ac6e204ac26f7a68c90826ee9ae9cd7a62b19a78ca67a014cfb8bd,8887
C:\SRS(ISIC_2019)\Dataset\MEL\ISIC_0054626.jpg,isic_0054626,4,9f4146c6f94f36c89a63bbd681f52e2c08ace7bc8414433e21b86b60ac8538e1,8896
C:\SRS(ISIC_2019)\Dataset\MEL\ISIC_0054670.jpg,isic_0054670,4,4fcc004c1c067eaf363fd8f87bea341df325794437d2d6d6d45a16a13f6c7ed0,8901
C:\SRS(ISIC_2019)\Dataset\MEL\ISIC_0054743.jpg,isic_0054743,4,2cba7f8ffb0d25cdbdffec45419d1a19555565b3ddd28276d6860989f0137ad2,8911
C:\SRS(ISIC_2019)\Dataset\MEL\ISIC_0054846.jpg,isic_0054846,4,8078eab87b86063da8f16d811f66342b0d5a8f893927eea849fdde2b35f5f7f2,8926
C:\SRS(ISIC_2019)\Dataset\MEL\ISIC_0054885.jpg,isic_0054885,4,6cce5ae0c0bcec6a5b55b3bf2086e4850b1d0601da557c1f6327faf72066f334,8933
C:\SRS(ISIC_2019)\Dataset\MEL\ISIC_0054941.jpg,isic_0054941,4,d2c565cdd5e180c51024ef83ab91042fa39400846f96e8fbe2bcfc1adcad5838,8944
C:\SRS(ISIC_2019)\Dataset\MEL\ISIC_0054974.jpg,isic_0054974,4,6e83cfccfb6f98de70f808661058ab050a085911c051639c2ead0bc06168e537,8948
C:\SRS(ISIC_2019)\Dataset\MEL\ISIC_0054995.jpg,isic_0054995,4,c830573dd45c50659c0e1dd8aac5725965c9b230d2a54c3e750b8d6e261313f4,8953
C:\SRS(ISIC_2019)\Dataset\MEL\ISIC_0055359.jpg,isic_0055359,4,e35be63fc696ed7908b52e7f9451cef69e501a9f5548e83325020114606392c8,9012
C:\SRS(ISIC_2019)\Dataset\MEL\ISIC_0055454.jpg,isic_0055454,4,03cb9c2295e611c2874a261c4c4b46cae57a3b00da9568f01f300366d170bea6,9028
C:\SRS(ISIC_2019)\Dataset\MEL\ISIC_0055528.jpg,isic_0055528,4,78885803e641e6eb5402acdc7a56df1ff4d4130608b02ae20d620d7fcfed577e,9047
C:\SRS(ISIC_2019)\Dataset\MEL\ISIC_0055743.jpg,isic_0055743,4,11780fc6e96c9928bc2c7409b92e4ae522ccc503bdb2e17ec38ea8108412306b,9072
C:\SRS(ISIC_2019)\Dataset\MEL\ISIC_0055776.jpg,isic_0055776,4,092b2623e4672fa8d266f907ad6de25cd5314a988b3f72aeb94923a8faf75ccf,9076
C:\SRS(ISIC_2019)\Dataset\MEL\ISIC_0055984.jpg,isic_0055984,4,d44fea056386f1e73ff2fb5c63c75e8c832ab86dd309f5bd8e69247ad56c6934,9111
C:\SRS(ISIC_2019)\Dataset\MEL\ISIC_0056063.jpg,isic_0056063,4,199df5aa8b3ad69f1a602a8f3d64e7a880fad1663ffa17b4ace3f9468c0353ba,9119
C:\SRS(ISIC_2019)\Dataset\MEL\ISIC_0056364.jpg,isic_0056364,4,8de1e0f488b3fb1262e6a2d53326bf2ca9e33e8b430868d9491c9f07d0f3ab00,9164
C:\SRS(ISIC_2019)\Dataset\MEL\ISIC_0056403.jpg,isic_0056403,4,5d4ad1131f55aef27423548dbaff86acccf197dbc3cdb871ed9af1deeb16086e,9166
C:\SRS(ISIC_2019)\Dataset\MEL\ISIC_0056496.jpg,isic_0056496,4,16767b5bd305f8f118d8740fc6fe7824381e96c594b4d7145d426410d809ecf7,9180
C:\SRS(ISIC_2019)\Dataset\MEL\ISIC_0056659.jpg,isic_0056659,4,6c4c477ad449b43eb60c921e418fe04c23884e0c87193b07da8f9617b28e7079,9200
C:\SRS(ISIC_2019)\Dataset\MEL\ISIC_0056728.jpg,isic_0056728,4,66e1f63bdd1a200986351bc6477d0b2afa6cf2fbb935f86836ab744010826bd0,10902
C:\SRS(ISIC_2019)\Dataset\MEL\ISIC_0056915.jpg,isic_0056915,4,3130de34061e687116d436a2f96e9d22aeab2ed3fab0f41682701d5a22ef7f04,9241
C:\SRS(ISIC_2019)\Dataset\MEL\ISIC_0057141.jpg,isic_0057141,4,6a9b68ed4c8c5b28294a0afb889fc8d1476f7e8aafe9a6a1e843696e4449ae36,9273
C:\SRS(ISIC_2019)\Dataset\MEL\ISIC_0057169.jpg,isic_0057169,4,78da091c3481a6baacdadd560adbe5f700d75982d09c4eb420f5f3eefe68246f,9278
C:\SRS(ISIC_2019)\Dataset\MEL\ISIC_0057196.jpg,isic_0057196,4,4020b84b51d89afde5f4ebb45256fe060a0eeac8fc6c1ee7d601ce41d44600d6,9284
C:\SRS(ISIC_2019)\Dataset\MEL\ISIC_0057251.jpg,isic_0057251,4,d75f0ea3a06c38e8f4ffc73e5e123db4c42dd677a906ad04ed405842490d8ac5,9291
C:\SRS(ISIC_2019)\Dataset\MEL\ISIC_0057323.jpg,isic_0057323,4,4087c89dd9d2aaad591cc3322bf123390c00eca78d54d9f7b85cef6f999118f8,9301
C:\SRS(ISIC_2019)\Dataset\MEL\ISIC_0057374.jpg,isic_0057374,4,2b533e0a499a2239f4da28c170c99ccc363aff33e58a71626c38e37ef79f0de7,9310
C:\SRS(ISIC_2019)\Dataset\MEL\ISIC_0057450.jpg,isic_0057450,4,47ac4f687892d87a1fff497daf4389f2d6ccfaf33cb9b5cefe3cd777939ab348,9319
C:\SRS(ISIC_2019)\Dataset\MEL\ISIC_0057539.jpg,isic_0057539,4,dde1c1942da0836a86b1156262d8ae46e365f89ea56614e0c5c41960c2b9fa64,9327
C:\SRS(ISIC_2019)\Dataset\MEL\ISIC_0057707.jpg,isic_0057707,4,a5e49ad41e5c0eaadc15f345ecaf550b91d5365aa34325a71c01cbc0074521a9,9351
C:\SRS(ISIC_2019)\Dataset\MEL\ISIC_0057815.jpg,isic_0057815,4,c8eacf119b195e7dea876e6d57614e8b5f5642fa5122f9676f237a8f6d4b226e,9368
C:\SRS(ISIC_2019)\Dataset\MEL\ISIC_0057973.jpg,isic_0057973,4,9dc5d3de17c94477be64af6b12cfce1c370f52af9af44ea340768708a1a3a4d1,9391
C:\SRS(ISIC_2019)\Dataset\MEL\ISIC_0057978.jpg,isic_0057978,4,64a67b4672b0266b001dbb14fb1f8159bbf40e737a2d46f986b0b9d6c1f37e7d,9393
C:\SRS(ISIC_2019)\Dataset\MEL\ISIC_0058087.jpg,isic_0058087,4,df58931814fd8bff28d857bfcec358de2aabb04529fe9e1073995da66d50cdd8,9414
C:\SRS(ISIC_2019)\Dataset\MEL\ISIC_0058319.jpg,isic_0058319,4,9c1b74f4fdbf1c205ea46b031d20e0dde4e9479142f1af0287f008ca4254c911,9447
C:\SRS(ISIC_2019)\Dataset\MEL\ISIC_0058408.jpg,isic_0058408,4,962a545f85971f3549babb673afc6b8c7c43e4f3c4ed92613481f4edc19d93a9,9463
C:\SRS(ISIC_2019)\Dataset\MEL\ISIC_0058649.jpg,isic_0058649,4,2dafb412d11cc09bad7ba5b1144d9055f3d6dded65f9e2533daf824308c117a3,9497
C:\SRS(ISIC_2019)\Dataset\MEL\ISIC_0059423.jpg,isic_0059423,4,4421ffa15a5ad259631591b26f054fb56e136e1ef19cc9ff55e71704f1b369d4,9603
C:\SRS(ISIC_2019)\Dataset\MEL\ISIC_0059473.jpg,isic_0059473,4,592bcf4ce58881eda72abd64d63419b3dd2e89563f81974c71b12999ffed3110,9613
C:\SRS(ISIC_2019)\Dataset\MEL\ISIC_0059513.jpg,isic_0059513,4,e92ba8f43c62ae63ae0237f0edf606743b9c88378844b065398fbe2a0f92094a,9622
C:\SRS(ISIC_2019)\Dataset\MEL\ISIC_0059669.jpg,isic_0059669,4,77ccaa91c5c1243d8bcbe989e2b5ce97a63efd4dc37056e1cbcc0f8fde6b3fee,9641
C:\SRS(ISIC_2019)\Dataset\MEL\ISIC_0059684.jpg,isic_0059684,4,f753eaf4bee9bde062351d9bc0595ef04cd0451de1dc84b2a921ed42a1ee341b,9643
C:\SRS(ISIC_2019)\Dataset\MEL\ISIC_0059766.jpg,isic_0059766,4,95a4e4243ee3aed7887078a266976e4278866123d8c56abdfa2618edb07e44ed,9652
C:\SRS(ISIC_2019)\Dataset\MEL\ISIC_0060017.jpg,isic_0060017,4,ec1240abd9d06fcbde6d872460930790f44345d34dea4694176be1d51d43c2d0,9685
C:\SRS(ISIC_2019)\Dataset\MEL\ISIC_0060099.jpg,isic_0060099,4,583ce7fc2e4e095f62b8f758d8fe98cfa35f85022d4c36ec8be5636e53717926,9693
C:\SRS(ISIC_2019)\Dataset\MEL\ISIC_0060495.jpg,isic_0060495,4,3b206fe024a0159a59797cc837ff57acfad6143cc6ef1f9f0709edb22c53d871,9752
C:\SRS(ISIC_2019)\Dataset\MEL\ISIC_0060698.jpg,isic_0060698,4,f99d2ba1ebde49ff09beb3de3f7d3b3e2cfb44d613ca19222da19b5d6f2b0475,9787
C:\SRS(ISIC_2019)\Dataset\MEL\ISIC_0061253.jpg,isic_0061253,4,162e8889b417cbc9f9d252a1278ea1fe8b816ecd86b30faf7727658cd6e9ec74,9877
C:\SRS(ISIC_2019)\Dataset\MEL\ISIC_0061355.jpg,isic_0061355,4,a77384a88fa8a554a3e870aab549648d148caa03bb348376ac6464b949e2eb9d,9890
C:\SRS(ISIC_2019)\Dataset\MEL\ISIC_0061806.jpg,isic_0061806,4,9e6740f655414029cf69a5ab0cef546716939f0b4a111476ae2613462a0c4363,9963
C:\SRS(ISIC_2019)\Dataset\MEL\ISIC_0061894.jpg,isic_0061894,4,ed8f9887ef370b362970880d3e2fe7d21904612fc650463c9a3bc9d9d4e4f714,9974
C:\SRS(ISIC_2019)\Dataset\MEL\ISIC_0062099.jpg,isic_0062099,4,93cd3ac6241f69ff33e76160dfd2751aea7fc90911491d7d208df346effbb552,10008
C:\SRS(ISIC_2019)\Dataset\MEL\ISIC_0062286.jpg,isic_0062286,4,0f72056e3ed845a556e8e009977ff7b0e799b024288f02afad750552ac10091c,10037
C:\SRS(ISIC_2019)\Dataset\MEL\ISIC_0062298.jpg,isic_0062298,4,cfde9b88d895fc28a8ef26d2d0fb9b62f1e1d6768fbe0d2855d33632528cbae0,10039
C:\SRS(ISIC_2019)\Dataset\MEL\ISIC_0062339.jpg,isic_0062339,4,82f30d5f7e497d9f0c320e2c4a3a5d542decd72b30e2c581ddacc18e546b4ee5,10045
C:\SRS(ISIC_2019)\Dataset\MEL\ISIC_0062420.jpg,isic_0062420,4,07f8bf0ba4d9211aea4c8a9d45180dcf78452ac41447efd13b1cc77701be0956,10054
C:\SRS(ISIC_2019)\Dataset\MEL\ISIC_0062458.jpg,isic_0062458,4,d6fc80d45b546b7e075eec29d79e96cc8345c5263bfc1e552c3c4f5d836bbfd2,10062
C:\SRS(ISIC_2019)\Dataset\MEL\ISIC_0062639.jpg,isic_0062639,4,5ca9f2a5325296c894ac43f43f566f6e73e0176b9419f2144c2f6e45a7886d37,10091
C:\SRS(ISIC_2019)\Dataset\MEL\ISIC_0062708.jpg,isic_0062708,4,ddb8d271bfa868de45c94b43cc2abfcecb1f3d3d5578e49cb4859036cbbbbdd3,10099
C:\SRS(ISIC_2019)\Dataset\MEL\ISIC_0063032.jpg,isic_0063032,4,fe037da79c0122b1e63799db4cb181b7a2278f6d7b79e345c1bf355f00adc7cc,10143
C:\SRS(ISIC_2019)\Dataset\MEL\ISIC_0063690.jpg,isic_0063690,4,d6ed4aee7ce87b818aa1ee119bc04a72ffecd47c6dd2722f8c5a159097001aaa,10235
C:\SRS(ISIC_2019)\Dataset\MEL\ISIC_0063842.jpg,isic_0063842,4,062bb09c5210ba2048ebb62795657dc9aa80b5a19aff95a8ed457008c707830b,10261
C:\SRS(ISIC_2019)\Dataset\MEL\ISIC_0063926.jpg,isic_0063926,4,d15d3ae919e1dd8622d41ac8c5897bd47f417ee10a7d216004537542a217fb57,10270
C:\SRS(ISIC_2019)\Dataset\MEL\ISIC_0063980.jpg,isic_0063980,4,13889b2a3e28ecf5af2529910cbc7c938ba098d56da5dfafdf004e9097badcb8,10281
C:\SRS(ISIC_2019)\Dataset\MEL\ISIC_0064034.jpg,isic_0064034,4,4961c0c88cb3faf067666011751d1baa371cd9931a4a48a79aea82f94d33deec,10292
C:\SRS(ISIC_2019)\Dataset\MEL\ISIC_0064072.jpg,isic_0064072,4,65956eddcbca2e48764e94979f4f568ec93ddc65ec96628cc8c047ec4968ad85,10297
C:\SRS(ISIC_2019)\Dataset\MEL\ISIC_0064110.jpg,isic_0064110,4,2440fc4b134fc086bf51183ee8c4894420c8bcf19c684f140256c972ecd78558,10304
C:\SRS(ISIC_2019)\Dataset\MEL\ISIC_0064161.jpg,isic_0064161,4,930817a114d743bc98220424461e1309f2c4992ec1d9772790cc8e125d70b44e,10315
C:\SRS(ISIC_2019)\Dataset\MEL\ISIC_0064240.jpg,isic_0064240,4,b71521cfe90d5af2174c3e8953c9fc64012389c87b40ee86c44bd1ed3ec42b88,10323
C:\SRS(ISIC_2019)\Dataset\MEL\ISIC_0064320.jpg,isic_0064320,4,9d7791dc6226ec7081ea85330a838ef11c03ffa0711f7e7bce5326701876998b,10333
C:\SRS(ISIC_2019)\Dataset\MEL\ISIC_0064349.jpg,isic_0064349,4,b29ad3a8fb65b5ce529c387c3fe3db93453e5446cb775d9fe550213718500e7a,10341
C:\SRS(ISIC_2019)\Dataset\MEL\ISIC_0064393.jpg,isic_0064393,4,539538bed716dee7eb9007d04ac21ac256a04ed4250e13ee1f693c8289cbd7c7,10344
C:\SRS(ISIC_2019)\Dataset\MEL\ISIC_0064455.jpg,isic_0064455,4,4990e0a7ff805d06eb98926f0859f6ace993ed10f29b148b72d0e4eab6e63fe5,10354
C:\SRS(ISIC_2019)\Dataset\MEL\ISIC_0064821.jpg,isic_0064821,4,8ddf70f5759a3ad6d4bd0c44686b93189ed3a54d5c86e302e98ece355c257d16,10402
C:\SRS(ISIC_2019)\Dataset\MEL\ISIC_0064927.jpg,isic_0064927,4,876b281c2a1e6f2ced0300a39ff154b7b1e7803e60c3ee2a34938fdbe2401ac9,10423
C:\SRS(ISIC_2019)\Dataset\MEL\ISIC_0065039.jpg,isic_0065039,4,e20b3d98c5d7d971f298d7fe36569615a8eb9773ccc23e664b5bbc505da16d46,10443
C:\SRS(ISIC_2019)\Dataset\MEL\ISIC_0065421.jpg,isic_0065421,4,1ba1f8a60b03d929099cd17bab398296509ba0c8606833a0feffcc009ff75c03,10498
C:\SRS(ISIC_2019)\Dataset\MEL\ISIC_0065668.jpg,isic_0065668,4,875a00683cbdbad77b21878302990f2424870970437d7c63c8d81e72472eb79e,10530
C:\SRS(ISIC_2019)\Dataset\MEL\ISIC_0065807.jpg,isic_0065807,4,b96eb306d429655a403d2ff5c332d38aa21964a607dfeebdec8dc4223abf6f09,10553
C:\SRS(ISIC_2019)\Dataset\MEL\ISIC_0065974.jpg,isic_0065974,4,cc3660659280daa2b5cf61c2da651a6325c73f3a2ddd6cc2edb67ad5555d1105,10573
C:\SRS(ISIC_2019)\Dataset\MEL\ISIC_0066066.jpg,isic_0066066,4,080de03ef1e18d7d5a1538b44d7bb8f4e92be5dbecc2dd62dabb1ca65e63eb75,10581
C:\SRS(ISIC_2019)\Dataset\MEL\ISIC_0066845.jpg,isic_0066845,4,328013892aebf078dc47bd9b27298a8d280a72b6937b3281f8ccdfa3d6725fb2,10694
C:\SRS(ISIC_2019)\Dataset\MEL\ISIC_0066992.jpg,isic_0066992,4,5def3d2eb1b27c0819969161188fe1ff496b0714bdfe9b50f4ec588e17fdb0a0,10710
C:\SRS(ISIC_2019)\Dataset\MEL\ISIC_0067097.jpg,isic_0067097,4,81704c939d752e9811a5f5611af3db327e22e0e49066e8503355b0b4cb6169c7,10717
C:\SRS(ISIC_2019)\Dataset\MEL\ISIC_0067170.jpg,isic_0067170,4,d19929a7556392d543a0458f2bd552a8b308cf959a274c086fc8785aca6acfa6,10729
C:\SRS(ISIC_2019)\Dataset\MEL\ISIC_0067210.jpg,isic_0067210,4,62a184647af42152a934272b205716e3e2c7c64421a1b91cf8586b1f879014da,10736
C:\SRS(ISIC_2019)\Dataset\MEL\ISIC_0067333.jpg,isic_0067333,4,270f975683cc23ae8fe86027937668d0ec4aa47198be5b4944b543a19d5fd590,10753
C:\SRS(ISIC_2019)\Dataset\MEL\ISIC_0067458.jpg,isic_0067458,4,8d910c6e7e7fdc414af22cfb5bc6ab86eaf21e3a7c9331645acb7340dc8da15f,10765
C:\SRS(ISIC_2019)\Dataset\MEL\ISIC_0067564.jpg,isic_0067564,4,73538dcae5a6719e857f68f20d3da980d9c1ce5fdae0c46ae422d48f0454ebef,10783
C:\SRS(ISIC_2019)\Dataset\MEL\ISIC_0067857.jpg,isic_0067857,4,3a98a2513d7424983bd2d755e4dcbc61f98afe4744e377a4c1b34ff1d690b228,10826
C:\SRS(ISIC_2019)\Dataset\MEL\ISIC_0067933.jpg,isic_0067933,4,ecb3305f6e39be31e1d11197bb7bbe437dd526fa30a0ba16d1cbc6bb466a45c7,10837
C:\SRS(ISIC_2019)\Dataset\MEL\ISIC_0068107.jpg,isic_0068107,4,18adeafa1dfa23aefdf235a696131c96acdfce6a47fec49bc794bdbf34b4efc3,10860
C:\SRS(ISIC_2019)\Dataset\MEL\ISIC_0068117.jpg,isic_0068117,4,23b6fe468462b775d729a393fc0de4c8d831978e6779b697bfd871fb3266855c,10863
C:\SRS(ISIC_2019)\Dataset\MEL\ISIC_0068129.jpg,isic_0068129,4,fb3bfedfcb44723823048cdc157fd35b4fb4dbd12d946a227f31d96a57b5bff1,10867
C:\SRS(ISIC_2019)\Dataset\MEL\ISIC_0068143.jpg,isic_0068143,4,304b9497350453503ff84cd689768fa951cd06663ea4632611a29a9221b6e346,10869
C:\SRS(ISIC_2019)\Dataset\MEL\ISIC_0068343.jpg,isic_0068343,4,66e1f63bdd1a200986351bc6477d0b2afa6cf2fbb935f86836ab744010826bd0,10902
C:\SRS(ISIC_2019)\Dataset\MEL\ISIC_0068460.jpg,isic_0068460,4,22d03ea2f0476e9d3a591d05ddda9dbc5b9da8050326f20592ddbdb97fae4e7e,10915
C:\SRS(ISIC_2019)\Dataset\MEL\ISIC_0068700.jpg,isic_0068700,4,8adfe6b85bc1e364e5ae65ba5bd7245a8732aa0caa2111352209cfa178132661,10947
C:\SRS(ISIC_2019)\Dataset\MEL\ISIC_0068766.jpg,isic_0068766,4,32b2649fba8105597405ac93e8e56d41ac658ba6c9ce66200dd20564a4287f5a,10957
C:\SRS(ISIC_2019)\Dataset\MEL\ISIC_0068778.jpg,isic_0068778,4,35e2f520ffd890911cd6d7ca7bcff95cbb7beee8d65688d0bb71ac7db8d161c6,10961
C:\SRS(ISIC_2019)\Dataset\MEL\ISIC_0068918.jpg,isic_0068918,4,2f55df003a4f5c96af7f338e537839a40990c34b5a393c87cafb24645c41c72c,10983
C:\SRS(ISIC_2019)\Dataset\MEL\ISIC_0069432.jpg,isic_0069432,4,fe2669bb81fee4113861ccc0e4497f62407703d3fbce297830783d1cc0465483,11052
C:\SRS(ISIC_2019)\Dataset\MEL\ISIC_0069508.jpg,isic_0069508,4,cdef2de7695f788c70593174cb6863faa254ddb494c24808cd9da4827439e52f,11060
C:\SRS(ISIC_2019)\Dataset\MEL\ISIC_0069624.jpg,isic_0069624,4,083d9e705fed8f5a0688b58c93822c48d30f4dbfa10622dd775d9089fadc1684,11076
C:\SRS(ISIC_2019)\Dataset\MEL\ISIC_0069970.jpg,isic_0069970,4,bcf823fde4a8125b02cb7c174a16e4a4c817fc1bd362c936ef977fb486cbd89c,11111
C:\SRS(ISIC_2019)\Dataset\MEL\ISIC_0069987.jpg,isic_0069987,4,9bcca6acacb7a1bc0dcb128807f218cac6aa7227073812ac519b21d3d1c4fb5b,11114
C:\SRS(ISIC_2019)\Dataset\MEL\ISIC_0070285.jpg,isic_0070285,4,bc7b6be2089300749d92e714f883e7fe3a8956b4e72fa7a9b36fb76528c7e3d5,11161
C:\SRS(ISIC_2019)\Dataset\MEL\ISIC_0070347.jpg,isic_0070347,4,fc20489c62c7c635f4572a2e5411a991936a51beb01fcd5d6c1503c5c129c5a5,11169
C:\SRS(ISIC_2019)\Dataset\MEL\ISIC_0070364.jpg,isic_0070364,4,1f57437ab6a11deb416d89dcf21be60255a5eb98f94a3e70291e52505f8352c4,11173
C:\SRS(ISIC_2019)\Dataset\MEL\ISIC_0070892.jpg,isic_0070892,4,9e7c9adfd463de49e4abd74f72dec61a003c2127a2aa76ac705e8bc75d1b4be3,11239
C:\SRS(ISIC_2019)\Dataset\MEL\ISIC_0071045.jpg,isic_0071045,4,6f83720979c647c04a53f4cd823e2a199e2ff76314fd5db6d3a3b2abb7565038,11263
C:\SRS(ISIC_2019)\Dataset\MEL\ISIC_0071133.jpg,isic_0071133,4,3a72fe64d4742548e277b320bd274335981cb9c52a2e635121c62d356e4b8e21,11274
C:\SRS(ISIC_2019)\Dataset\MEL\ISIC_0071532.jpg,isic_0071532,4,2526c5be5dd1eb0a2825ef05d6b26857b5220310b2d68cbf36270c723e53b240,11316
C:\SRS(ISIC_2019)\Dataset\MEL\ISIC_0071576.jpg,isic_0071576,4,89f95bd256669decc7a9c12ab26cc2b5488108ff2595f86ed725fc8e679530d0,11325
C:\SRS(ISIC_2019)\Dataset\MEL\ISIC_0071666.jpg,isic_0071666,4,7c5a0c916a8b3ef76076e9e3869dc1bdbbff73001feb24d22b77cfbccfb14cb4,11336
C:\SRS(ISIC_2019)\Dataset\MEL\ISIC_0071808.jpg,isic_0071808,4,52bab63f1e9772688925a9057348b45bbe82adadad02b85dcf47fec505ed2415,11367
C:\SRS(ISIC_2019)\Dataset\MEL\ISIC_0071996.jpg,isic_0071996,4,2ba710da619eb0b700ec013a6229d462e87dff5226dad9b5ad4c843f61769cd1,11393
C:\SRS(ISIC_2019)\Dataset\MEL\ISIC_0072001.jpg,isic_0072001,4,4130b6b1eb948971839000c1e3286ba70910c03950ad6d60d20cd393c0b2de71,11395
C:\SRS(ISIC_2019)\Dataset\MEL\ISIC_0072173.jpg,isic_0072173,4,9ce107c1a299a4297d8545924fdd0aeb6944aeb6cda856b507225e43c5a52d4e,11421
C:\SRS(ISIC_2019)\Dataset\MEL\ISIC_0072495.jpg,isic_0072495,4,c811a2fc062e87298f8b729ccb92f528447391345ff58cb6055311c1c53ac1e3,11469
C:\SRS(ISIC_2019)\Dataset\MEL\ISIC_0072612.jpg,isic_0072612,4,e8314fd548eabe2c6c1fe845bd3c5d167f812df823244b2a5f93bf2baea4d63b,11492
C:\SRS(ISIC_2019)\Dataset\MEL\ISIC_0072624.jpg,isic_0072624,4,a8e5808b8a84005dad24136635cdb9c17375483ae18bd5da461482083264b03e,11493
C:\SRS(ISIC_2019)\Dataset\MEL\ISIC_0072691.jpg,isic_0072691,4,4177f016a45e75b00d7b719362ee7850fc617e1657e05d19fd88a87573ff1aa7,11500
C:\SRS(ISIC_2019)\Dataset\MEL\ISIC_0072714.jpg,isic_0072714,4,eeba87fdf506914a779ee234557fa9adb796d24c04d8e0fd422c95b52989906a,11503
C:\SRS(ISIC_2019)\Dataset\MEL\ISIC_0072843.jpg,isic_0072843,4,c0bec7b6cd22db8232691fbe7f62099892baa4597e7e6d9963da772422f86818,11521
C:\SRS(ISIC_2019)\Dataset\MEL\ISIC_0072917.jpg,isic_0072917,4,8256b778f97c2fb83f0f5087738ad9a5cab26d7081072dfeb2e89be95c44130f,11531
C:\SRS(ISIC_2019)\Dataset\MEL\ISIC_0072953.jpg,isic_0072953,4,8647d7a148721c7b80d56f106d93b35fb43174f21afb0ec01cd224f68c67b378,11535
C:\SRS(ISIC_2019)\Dataset\MEL\ISIC_0073237.jpg,isic_0073237,4,b54f33255440920d77b4b80259524c230faed61d5d43c02318d98eeb73121108,11569
C:\SRS(ISIC_2019)\Dataset\NV\ISIC_0000039_downsampled.jpg,isic_0000039_downsampled,5,8b7539efe25bbe74707ad0913e0a0b844c6f9bfe81415b4881ff4d30363487ed,11600
C:\SRS(ISIC_2019)\Dataset\NV\ISIC_0000051_downsampled.jpg,isic_0000051_downsampled,5,86be8a2f4685f586aa32e6279ffe9ebd076db115c74a816106584f02c4915cec,11608
C:\SRS(ISIC_2019)\Dataset\NV\ISIC_0000066.jpg,isic_0000066,5,b4e074e533f56459a511a2cb378e5903f896f758bafda199b38386bd94614117,11621
C:\SRS(ISIC_2019)\Dataset\NV\ISIC_0000079_downsampled.jpg,isic_0000079_downsampled,5,7bed28ddd866a207f800820f548d6f1ea1e57f21d023eb43ef741875bcab7d5f,11629
C:\SRS(ISIC_2019)\Dataset\NV\ISIC_0000130_downsampled.jpg,isic_0000130_downsampled,5,c274e351e342087e85502b33bb6da7d3ccf31876d743323a8131a4e54787ca8d,11676
C:\SRS(ISIC_2019)\Dataset\NV\ISIC_0000199.jpg,isic_0000199,5,04f213feceb1dacad400ab0216dd0e87fd9367adec120c2b73e2f3da75aa9738,11704
C:\SRS(ISIC_2019)\Dataset\NV\ISIC_0000205_downsampled.jpg,isic_0000205_downsampled,5,946b5d5915640f837ba6c02cc2354e28126c183da3ad4b6d36a87cbee8efdbd4,11710
C:\SRS(ISIC_2019)\Dataset\NV\ISIC_0000215.jpg,isic_0000215,5,6b0e28b8721e51dcf9e0cfe5c82087688f3d62048d7a313754905d530a0a0293,11720
C:\SRS(ISIC_2019)\Dataset\NV\ISIC_0000265.jpg,isic_0000265,5,58af609b8de7d6158cdf1b84e56cbcf06d9372894e0ad7ec0505fe6afc8bc976,11766
C:\SRS(ISIC_2019)\Dataset\NV\ISIC_0000339.jpg,isic_0000339,5,da86d1da75d1a0e3fa12605fe41697520a0e9a206b8d82869dad75cc5d7c8f8d,11793
C:\SRS(ISIC_2019)\Dataset\NV\ISIC_0000352.jpg,isic_0000352,5,ac150f5727d2210964e95f4f8ce8e0f34281cc405a9b84903436eab8f907d0ed,11806
C:\SRS(ISIC_2019)\Dataset\NV\ISIC_0000366.jpg,isic_0000366,5,09fbb5c69f461f7178cc90eadb75c881a2c5fd598a12c05ac1ca1279d009f64c,11818
C:\SRS(ISIC_2019)\Dataset\NV\ISIC_0000383_downsampled.jpg,isic_0000383_downsampled,5,0701cc6c40bce144e7cfb43e8cf807d1633d7dfd4f36a94e602cb79d9402ac6c,11833
C:\SRS(ISIC_2019)\Dataset\NV\ISIC_0000387_downsampled.jpg,isic_0000387_downsampled,5,76f8603b3964b6dc516de4676bbf8c7ce3ae7dab3fce2df728d1e321c6552093,11837
C:\SRS(ISIC_2019)\Dataset\NV\ISIC_0000540.jpg,isic_0000540,5,f54d696be8104933f3a751dd8fa84db280c2dec850567b63df7e746576037731,11927
C:\SRS(ISIC_2019)\Dataset\NV\ISIC_0001367_downsampled.jpg,isic_0001367_downsampled,5,feb8a66f545a660a61516495f54b12fcebe27d83b99724c1718979dc709fea96,11962
C:\SRS(ISIC_2019)\Dataset\NV\ISIC_0001427_downsampled.jpg,isic_0001427_downsampled,5,97c8bab9b2fcd4a9696eddc918eb1bc2543114ea1eb8b14275fe8bfa0cfe0cbd,11967
C:\SRS(ISIC_2019)\Dataset\NV\ISIC_0002206_downsampled.jpg,isic_0002206_downsampled,5,9b4ae0211f949b9ef12676a99bf493ffed782552eeae92967ef3413cd27871ef,11976
C:\SRS(ISIC_2019)\Dataset\NV\ISIC_0002476_downsampled.jpg,isic_0002476_downsampled,5,87f70b4d1abed36f31b5981845e4a9a393757d16a4544958213c99f0c2579a8a,11987
C:\SRS(ISIC_2019)\Dataset\NV\ISIC_0003582_downsampled.jpg,isic_0003582_downsampled,5,f4a6ec06fc2388b87060fa583fa752a037be1a152b1783ee87116d9515a0f8ae,12012
C:\SRS(ISIC_2019)\Dataset\NV\ISIC_0003728_downsampled.jpg,isic_0003728_downsampled,5,e5c81d19f0b6996a0ecf1728e84f4f88cfc1ea34d0a4f490cd3ba2907dbf2411,12014
C:\SRS(ISIC_2019)\Dataset\NV\ISIC_0006982_downsampled.jpg,isic_0006982_downsampled,5,e98ec81d165e8972fc3dcdb6b06d2b896f14c7a4370ff6f98c8f8e65b8ce79ba,12050
C:\SRS(ISIC_2019)\Dataset\NV\ISIC_0009871.jpg,isic_0009871,5,c1ea69a5a0855a393fd00249369fe12516b4ef69ab923659d817fad0a56d9902,12118
C:\SRS(ISIC_2019)\Dataset\NV\ISIC_0009872.jpg,isic_0009872,5,9eee5c2c7ae91fce70ab10216740385bc301d4a5600a3d8542c1f2f274175a57,12119
C:\SRS(ISIC_2019)\Dataset\NV\ISIC_0009939.jpg,isic_0009939,5,643c731bc02db3c2d4e2f92be853fcc37b0102397c0cac9944b85563ceefed2b,12161
C:\SRS(ISIC_2019)\Dataset\NV\ISIC_0009963.jpg,isic_0009963,5,8b6aed5afcb00ac880fbf66e457783310f2b7adc11f8ecb147896b5fceb88b9d,12179
C:\SRS(ISIC_2019)\Dataset\NV\ISIC_0009973.jpg,isic_0009973,5,dca40a71485db2c92ae230bee0a80f49a59fd706113b8ee2a06817fa251b753b,12188
C:\SRS(ISIC_2019)\Dataset\NV\ISIC_0010058.jpg,isic_0010058,5,4f579b8c4971f0cfec7115c8ecbbd8b11495c979014414877f2aa1509ac5a2b6,12236
C:\SRS(ISIC_2019)\Dataset\NV\ISIC_0010173.jpg,isic_0010173,5,c3f7d76eb6149470ebadca50395978681fb9078ae24338dd2c14b87f79d87d88,12266
C:\SRS(ISIC_2019)\Dataset\NV\ISIC_0010229.jpg,isic_0010229,5,183eeeb00e3c2326d5fa6d683e3b2bcaaa8f099c57ffbecb4351f23ae33ba92c,12296
C:\SRS(ISIC_2019)\Dataset\NV\ISIC_0010239.jpg,isic_0010239,5,23b3d208d1b668cfaab61da6fe10a90a3248542a1e33e3ac7e80dd037b1fe831,12303
C:\SRS(ISIC_2019)\Dataset\NV\ISIC_0010256.jpg,isic_0010256,5,3b2abbbb801c88f9cc3758d81dbe552aabad3745657558e6ea57c223a1429fcb,12312
C:\SRS(ISIC_2019)\Dataset\NV\ISIC_0010320.jpg,isic_0010320,5,c4a5b5c70feda7b5d5d34bce3f028971194f3991ae63f8ad556d9bc6d54bc713,12320
C:\SRS(ISIC_2019)\Dataset\NV\ISIC_0010370.jpg,isic_0010370,5,762b4e25f3b850f1706d092d8907181035cb469bf02ee0f35088c0a0621318a2,12347
C:\SRS(ISIC_2019)\Dataset\NV\ISIC_0010472.jpg,isic_0010472,5,46f8f41243fdc4ebcc502653d2e11660711156c098c1d67bd86aeb8d8339d981,12374
C:\SRS(ISIC_2019)\Dataset\NV\ISIC_0010558.jpg,isic_0010558,5,2f102c6df9b393142221c12bda85a5361eef96bd4de9fc656fe478f7a4c391d7,12396
C:\SRS(ISIC_2019)\Dataset\NV\ISIC_0011098.jpg,isic_0011098,5,78c10e2018b6dc7c6e97b2b8e180f4c22c20d9466a3d9a6451283da0845048eb,12453
C:\SRS(ISIC_2019)\Dataset\NV\ISIC_0011100.jpg,isic_0011100,5,609b921c0c77a8ff8ee6193f9fde3c1dd43c4f61ee40dd305276bff8cd22b4c6,12454
C:\SRS(ISIC_2019)\Dataset\NV\ISIC_0011105.jpg,isic_0011105,5,78bcca029390fd9a5066ea6fa0b06425b168be083cff497f4d1c0c6adb48c8ff,12458
C:\SRS(ISIC_2019)\Dataset\NV\ISIC_0011358.jpg,isic_0011358,5,bfbbc27683ae212d86250ee39e60a082b78fc2b7aa1487ae0adf2f3c7d82c699,12546
C:\SRS(ISIC_2019)\Dataset\NV\ISIC_0011362.jpg,isic_0011362,5,c4143a60e6481ce1a9c3a6123b52ec466ede7b5f771a7e3459bb1a3a33f8b43c,12550
C:\SRS(ISIC_2019)\Dataset\NV\ISIC_0011385.jpg,isic_0011385,5,956cf33d8835afcb65d159915ac2128868dae083ba511f98e923a4202253174d,12559
C:\SRS(ISIC_2019)\Dataset\NV\ISIC_0011398.jpg,isic_0011398,5,14b80d2c0fefd863a13ac9026128aad5c0bae03cb74d0e49ceff56611f47bcbd,12563
C:\SRS(ISIC_2019)\Dataset\NV\ISIC_0012156_downsampled.jpg,isic_0012156_downsampled,5,2c23f5c63b135bf42d9fb5f151bba8823028a3b2c70c53dde4cd42e33690da27,12586
C:\SRS(ISIC_2019)\Dataset\NV\ISIC_0012324_downsampled.jpg,isic_0012324_downsampled,5,bd8ab411b3a87f49eb4343d69f7a161da75ae577781e220a329af86d72ab801c,12638
C:\SRS(ISIC_2019)\Dataset\NV\ISIC_0012335_downsampled.jpg,isic_0012335_downsampled,5,ce5a8bb06c3090e70e45a28762e5c5d4db631440df062b4cf6165bb072e4b347,12643
C:\SRS(ISIC_2019)\Dataset\NV\ISIC_0012442_downsampled.jpg,isic_0012442_downsampled,5,1e377b8d455ae581639b3c73f92cc0f4f49bbf155dd4e47492831b71d5beb604,12658
C:\SRS(ISIC_2019)\Dataset\NV\ISIC_0012487_downsampled.jpg,isic_0012487_downsampled,5,613776798a33e5c53f802feda4174abf85c874213ae8e6c1744e924119ca947e,12665
C:\SRS(ISIC_2019)\Dataset\NV\ISIC_0012511_downsampled.jpg,isic_0012511_downsampled,5,a4dc3d2cedb74389d62074ceaa219e97cf6e495d49ca08286ab0e30cd8d408a4,12674
C:\SRS(ISIC_2019)\Dataset\NV\ISIC_0012673_downsampled.jpg,isic_0012673_downsampled,5,f4c7e75c2a3b2dd4ffd382edae84ff6a4b12a7b239fe1d9bdec0eae033a1462a,12704
C:\SRS(ISIC_2019)\Dataset\NV\ISIC_0012679_downsampled.jpg,isic_0012679_downsampled,5,6398c9c73322726d9b52a6ba6e4ed1176afa34d10d7d5592de6324489498b225,12709
C:\SRS(ISIC_2019)\Dataset\NV\ISIC_0012711_downsampled.jpg,isic_0012711_downsampled,5,dc75982378f2d532e3dc22ea2c53d495e5d1b2f6f7a7a42105ab0d25013baada,12725
C:\SRS(ISIC_2019)\Dataset\NV\ISIC_0012837_downsampled.jpg,isic_0012837_downsampled,5,6c9665dd101c13fc95705305fc8067aa77d32998de7a02377b141a1203b071fa,12755
C:\SRS(ISIC_2019)\Dataset\NV\ISIC_0012877_downsampled.jpg,isic_0012877_downsampled,5,7103bbd9c9e6f2f0d5d75b8eb1f933760420101ce93ed5d87bf21c91977056cb,12762
C:\SRS(ISIC_2019)\Dataset\NV\ISIC_0012969_downsampled.jpg,isic_0012969_downsampled,5,052433185015e8546e3b6cc931613aeaf5a6be843e82569219eca1f2640d79cc,12788
C:\SRS(ISIC_2019)\Dataset\NV\ISIC_0013230_downsampled.jpg,isic_0013230_downsampled,5,7fb4a8df12249a9c6b7616b2da20c1cdf91ebc9e3ec86c2c32561da45f46c762,12875
C:\SRS(ISIC_2019)\Dataset\NV\ISIC_0013243_downsampled.jpg,isic_0013243_downsampled,5,bf8138c16f391d25c42686d549b3747620d11a66a3c2e781550604d5c5d46517,12879
C:\SRS(ISIC_2019)\Dataset\NV\ISIC_0013456_downsampled.jpg,isic_0013456_downsampled,5,ddd0677ab00213adbd5b4f21a709b6b2a858c5003586fb5d809e41e41695e8e2,12932
C:\SRS(ISIC_2019)\Dataset\NV\ISIC_0013480_downsampled.jpg,isic_0013480_downsampled,5,e79eb4e50495f1602ff4e11cd2645dc4561be37bfe87c9db62351c6a239e240b,12934
C:\SRS(ISIC_2019)\Dataset\NV\ISIC_0013488_downsampled.jpg,isic_0013488_downsampled,5,73e7a7c617342c7c392e2a3ce3ae591ccf57048c6b59a89aaa17a51795f00eff,12937
C:\SRS(ISIC_2019)\Dataset\NV\ISIC_0013492_downsampled.jpg,isic_0013492_downsampled,5,51be0d18ef5b1d8cff8ed6ff23fa6c97d8209837cf11dc42abf8d351210da125,12939
C:\SRS(ISIC_2019)\Dataset\NV\ISIC_0013561_downsampled.jpg,isic_0013561_downsampled,5,1f7f3eac59feb653aac943234c07286b415675f14ffa8a99b784012dcfd1f67c,12956
C:\SRS(ISIC_2019)\Dataset\NV\ISIC_0013830_downsampled.jpg,isic_0013830_downsampled,5,fa560e12d6005be33cebd21d4b52207cc8dce0db55b03d3d4aea6123c000988f,13011
C:\SRS(ISIC_2019)\Dataset\NV\ISIC_0013891_downsampled.jpg,isic_0013891_downsampled,5,6015ae944eeba5ef43395320ed0be79c2c652c05c1a13dfaf6cafbd6c0800416,13020
C:\SRS(ISIC_2019)\Dataset\NV\ISIC_0014046_downsampled.jpg,isic_0014046_downsampled,5,7ad165e1cff8e1c0977d9156322e97eb2ff4f5520979f9d0b587a931ed9856cb,13045
C:\SRS(ISIC_2019)\Dataset\NV\ISIC_0014174_downsampled.jpg,isic_0014174_downsampled,5,1492ba1f304338432679a2f278e96a6be24b6fc334efaa55fed0be405ecb955f,13064
C:\SRS(ISIC_2019)\Dataset\NV\ISIC_0014730_downsampled.jpg,isic_0014730_downsampled,5,31ddb3e8313864050d2c934416d36bf5db55845841c50a78e4e3c037f48e3ced,13137
C:\SRS(ISIC_2019)\Dataset\NV\ISIC_0014749_downsampled.jpg,isic_0014749_downsampled,5,b51cf652d3d51f852d8690df1c3a9e6f5703b96f93a45e81fbffd6eaca4a5b67,13146
C:\SRS(ISIC_2019)\Dataset\NV\ISIC_0014782_downsampled.jpg,isic_0014782_downsampled,5,73aef009164f330f87776794551ce8e5c551324077efce651be43d58a933ad69,13162
C:\SRS(ISIC_2019)\Dataset\NV\ISIC_0014792_downsampled.jpg,isic_0014792_downsampled,5,5414b58f5425813770e809029a0daf98ae14feb961edde917c68bc1a610d31df,13168
C:\SRS(ISIC_2019)\Dataset\NV\ISIC_0014898_downsampled.jpg,isic_0014898_downsampled,5,ed23c71ecb1649b5ee9d8fb1ec4eef0f2a0a6152090991e1b739e5fcdeb41d25,13214
C:\SRS(ISIC_2019)\Dataset\NV\ISIC_0014933_downsampled.jpg,isic_0014933_downsampled,5,f6024ab575865b964faf63169288a43ed8900d2c972d7cdb407c193f8f9f9f55,13231
C:\SRS(ISIC_2019)\Dataset\NV\ISIC_0014942_downsampled.jpg,isic_0014942_downsampled,5,8c37d0ec12ec981ad61bd59c56b4f33aa3628bc5b6f46510141d4dcd2ea6b7a9,13237
C:\SRS(ISIC_2019)\Dataset\NV\ISIC_0014964_downsampled.jpg,isic_0014964_downsampled,5,76c6b49df2930b466f7947103068826f53131d9b6904869966867223396c5939,13252
C:\SRS(ISIC_2019)\Dataset\NV\ISIC_0014994_downsampled.jpg,isic_0014994_downsampled,5,4e8c212d41fa27887e7bee838b045b93809119ce50143451f13dba02e4653e77,13261
C:\SRS(ISIC_2019)\Dataset\NV\ISIC_0015483_downsampled.jpg,isic_0015483_downsampled,5,73e3dafeb3c7a8458cb6d7409f1984d5820029549f9370a3c088b2e4569673cc,13390
C:\SRS(ISIC_2019)\Dataset\NV\ISIC_0015526_downsampled.jpg,isic_0015526_downsampled,5,f0eadc3f10c3c59b685ed8100a3eb9d9981fe2805373ec07084b17eac24d468d,13394
C:\SRS(ISIC_2019)\Dataset\NV\ISIC_0015938_downsampled.jpg,isic_0015938_downsampled,5,c0ca0566bba88e9801cf6048b75635fc3d52d881eb2b7cab702fb44c1f1f1d4e,13416
C:\SRS(ISIC_2019)\Dataset\NV\ISIC_0015946_downsampled.jpg,isic_0015946_downsampled,5,bacb8f2ed7916e5474d9d73e09dac685cace98619fbbccfcd3da3c476df86a30,13424
C:\SRS(ISIC_2019)\Dataset\NV\ISIC_0015952_downsampled.jpg,isic_0015952_downsampled,5,8fb523b52caf799604096613c8b7dbc5015559985474af90f8b48d0523c2b18e,13430
C:\SRS(ISIC_2019)\Dataset\NV\ISIC_0015958_downsampled.jpg,isic_0015958_downsampled,5,1425c11d5b5fc18fa44746d579f31e2dc1b7d1e52b4b2485646a6f3201df7c8f,13436
C:\SRS(ISIC_2019)\Dataset\NV\ISIC_0015967_downsampled.jpg,isic_0015967_downsampled,5,6a7e6a2be378772d256490a3ced1518d1fc2784729944bb7c13f835fdebc758e,13445
C:\SRS(ISIC_2019)\Dataset\NV\ISIC_0016054_downsampled.jpg,isic_0016054_downsampled,5,9b5a4804aee7a9abf4fe354c9c475ac561cbb1c87e75e0d5a7489545648d7ed4,13519
C:\SRS(ISIC_2019)\Dataset\NV\ISIC_0016056_downsampled.jpg,isic_0016056_downsampled,5,b78c3a276faa4c9c1c24fb2c5b69d4fb1d891b94b17917a982b2d8af42a4b6ec,13521
C:\SRS(ISIC_2019)\Dataset\NV\ISIC_0024339.jpg,isic_0024339,5,39e7c005f806e8d04889ee5b240ae133642867364571e6dece3e840a810a2e2f,13555
C:\SRS(ISIC_2019)\Dataset\NV\ISIC_0024344.jpg,isic_0024344,5,47fd07dec5f4d946360df5eb1e8f0ba142fc1cb0072d14dfe1fb016a97dd38e1,13560
C:\SRS(ISIC_2019)\Dataset\NV\ISIC_0024404.jpg,isic_0024404,5,6ce20a604d1a26aac5a4b3f38edaaaa5df6cfb226804632250e325092efe638c,13603
C:\SRS(ISIC_2019)\Dataset\NV\ISIC_0024434.jpg,isic_0024434,5,84a4e6a5a1471284b4dd0a862d338ee3ad9254d0716b1a57f864398227c5df89,13622
C:\SRS(ISIC_2019)\Dataset\NV\ISIC_0024466.jpg,isic_0024466,5,d3f195b1883b889a29109c50f023a7d3a2d85400145f18e2149bbf9b16e87024,13639
C:\SRS(ISIC_2019)\Dataset\NV\ISIC_0024487.jpg,isic_0024487,5,9e584eebe174ce361f7168d5bbafcd96268060bdedbf8689f18651cbb72cbdad,13652
C:\SRS(ISIC_2019)\Dataset\NV\ISIC_0024502.jpg,isic_0024502,5,370c8dc36a0df100d7ac11e348de6bdced08e65201b8b0611739cbb720b1ba61,13661
C:\SRS(ISIC_2019)\Dataset\NV\ISIC_0024530.jpg,isic_0024530,5,10e59327b470b3846159f07f8d3d6c27427732ed8f0ac3651dca89ec8e1b44bd,13681
C:\SRS(ISIC_2019)\Dataset\NV\ISIC_0024544.jpg,isic_0024544,5,50d3f2cfeb8806f26ab7eb7dd73b119bc4278628eff9180d987cd950100ac044,13693
C:\SRS(ISIC_2019)\Dataset\NV\ISIC_0024580.jpg,isic_0024580,5,93a073a0940c79dfe1b3b88f0a4c99e5db901e1cd4b9af854833154c526c0d35,13715
C:\SRS(ISIC_2019)\Dataset\NV\ISIC_0024611.jpg,isic_0024611,5,9add57f7c164a005a12efde4d54714988a5af6def802bb8a749d77330c8c5e48,13739
C:\SRS(ISIC_2019)\Dataset\NV\ISIC_0024651.jpg,isic_0024651,5,cc02b3d644e09ab958cc3ea9bf027740fe727d8f99c5ea23e835f4950f990496,13766
C:\SRS(ISIC_2019)\Dataset\NV\ISIC_0024656.jpg,isic_0024656,5,73e83f6e7b3189eee745e567371e4889153a37c450214fa2367123d8d7f47d3a,13769
C:\SRS(ISIC_2019)\Dataset\NV\ISIC_0024697.jpg,isic_0024697,5,c5abf4fe6be1c28d888cb4039d816878fe0012ad984637eaed870482b9632beb,13799
C:\SRS(ISIC_2019)\Dataset\NV\ISIC_0024769.jpg,isic_0024769,5,c9299bd921dbaeb881c7d89da95fdbcc230a4a71a3d00b7bd7882492c2dcc8e6,13845
C:\SRS(ISIC_2019)\Dataset\NV\ISIC_0024777.jpg,isic_0024777,5,b1780747e0ccd3d31652bcf942a0f4bb22af6e058a5dc8b84202e997b7247b8d,17388
C:\SRS(ISIC_2019)\Dataset\NV\ISIC_0024815.jpg,isic_0024815,5,e813af4cb2baf92f94ed5468bf095ce196cbcf38c086e6e6af1c29cac1bedb2c,13876
C:\SRS(ISIC_2019)\Dataset\NV\ISIC_0024822.jpg,isic_0024822,5,df04b7bc63e8371a68bbb78e58e32df10b644bfc8e4de1a916b63df32d5f6ea2,13883
C:\SRS(ISIC_2019)\Dataset\NV\ISIC_0024856.jpg,isic_0024856,5,6226777fed0af19313120a4a5484bb5d6b9a68bba3ba55141ceadbf18ac6b203,13905
C:\SRS(ISIC_2019)\Dataset\NV\ISIC_0024866.jpg,isic_0024866,5,b875eda6ed198018a19dccc6c20004c9e1a0ec12158193687a19b98e7deff6b2,13913
C:\SRS(ISIC_2019)\Dataset\NV\ISIC_0024895.jpg,isic_0024895,5,cbc07e6bcef96e7454a14af5e4d6ce529835d3cd966be24ee9740d389b5ec7f2,13931
C:\SRS(ISIC_2019)\Dataset\NV\ISIC_0024903.jpg,isic_0024903,5,9c842367cf14b45a51fa0f6a5858857a33f12a9b99b150ac0233dff32e2f9edd,13936
C:\SRS(ISIC_2019)\Dataset\NV\ISIC_0024917.jpg,isic_0024917,5,d37aa2df706d18df74a066ba885a29a7dc628154519761f69005381aa6001987,13944
C:\SRS(ISIC_2019)\Dataset\NV\ISIC_0024920.jpg,isic_0024920,5,96ca1510a71eb1bf9f375d00ec25e526c740359fc261f508aa134f07a96d4727,13946
C:\SRS(ISIC_2019)\Dataset\NV\ISIC_0024937.jpg,isic_0024937,5,9f51689ce0baef98aec042b857c2fc439405663e72b8cb008d95bd8010c5c4f8,13957
C:\SRS(ISIC_2019)\Dataset\NV\ISIC_0024991.jpg,isic_0024991,5,f7c4e394dab33658232f01856bddbd17409f1564f6a19408d23c2f46f1e0b67f,13991
C:\SRS(ISIC_2019)\Dataset\NV\ISIC_0025026.jpg,isic_0025026,5,2b7f2fc5329feb746ab92178dc92c27feee2d4f4372eeeaad3424ed8fe0c5fa6,14019
C:\SRS(ISIC_2019)\Dataset\NV\ISIC_0025057.jpg,isic_0025057,5,c4b95ab2a62e8dd79269ee1d4f4cf28e1a71810c5046f2ed51a1fefc2ea21680,14041
C:\SRS(ISIC_2019)\Dataset\NV\ISIC_0025098.jpg,isic_0025098,5,219fb6a113ac40cf6f525aad71baa9fe13cf624d0febdd3f3971d5a8b737497e,14069
C:\SRS(ISIC_2019)\Dataset\NV\ISIC_0025146.jpg,isic_0025146,5,0f368534ac7bf519b706a8b7027234acc59cc9956878fd7e06f7bb257701be43,14102
C:\SRS(ISIC_2019)\Dataset\NV\ISIC_0025161.jpg,isic_0025161,5,03f8b87253e7d0b1a9385783eddb0fcc30401d556b7f4a36bec3541f0798c796,14113
C:\SRS(ISIC_2019)\Dataset\NV\ISIC_0025201.jpg,isic_0025201,5,61822f8b8e30cab10dea3c49da0410b47fb5f3508f6196647e0bfd32aeb4a0e2,14145
C:\SRS(ISIC_2019)\Dataset\NV\ISIC_0025208.jpg,isic_0025208,5,59375d96841803396eb326746c60cdb1d425ef50e350075ee219cfe1c9da9fdd,14152
C:\SRS(ISIC_2019)\Dataset\NV\ISIC_0025236.jpg,isic_0025236,5,42ec52349a2c9f99ae1a19012fff2baec7589aefb5cdd55b735b51cc683a4349,14174
C:\SRS(ISIC_2019)\Dataset\NV\ISIC_0025242.jpg,isic_0025242,5,4e035fb094489ab8fbdccccff59f570c532e4c4de1f86557f4ef88a4926aa90b,14179
C:\SRS(ISIC_2019)\Dataset\NV\ISIC_0025255.jpg,isic_0025255,5,af53b766df6cdc004f646cb7a40a6eed6fe9f0c7f2b500e4851f61dad075c373,14187
C:\SRS(ISIC_2019)\Dataset\NV\ISIC_0025270.jpg,isic_0025270,5,fc2c7bfdbd98817756b7ff2808247ff9dda88a6fff0a8966213d90cb4549336d,14197
C:\SRS(ISIC_2019)\Dataset\NV\ISIC_0025353.jpg,isic_0025353,5,ba309b2669fd4bc430f19565ae0be399baaaf24026733a16e0136887e9f58134,14252
C:\SRS(ISIC_2019)\Dataset\NV\ISIC_0025370.jpg,isic_0025370,5,fdf987c0b6787bdba0198abfe4bcbcdfc888cf6bc35a4e049208e9d39e5f49ed,14264
C:\SRS(ISIC_2019)\Dataset\NV\ISIC_0025436.jpg,isic_0025436,5,1e857d7a2238928781faaa4a4f4c3481542d98b8bdc0858274a933bd40532389,14308
C:\SRS(ISIC_2019)\Dataset\NV\ISIC_0025441.jpg,isic_0025441,5,bac3f1deac56f16da0c3b85e43db0b3a6087a94e05000dbe1459af36344b4158,14312
C:\SRS(ISIC_2019)\Dataset\NV\ISIC_0025444.jpg,isic_0025444,5,b8d85cd11e18bd96ffb4752f37d94339cede4ae2e8f23e27c0869de421618211,14315
C:\SRS(ISIC_2019)\Dataset\NV\ISIC_0025476.jpg,isic_0025476,5,553943e2ccde1064e78bc09657e651137add3097082e0dcd230b971886a66fc3,14337
C:\SRS(ISIC_2019)\Dataset\NV\ISIC_0025478.jpg,isic_0025478,5,3727aed97bff68bf2d20d2bd8c3f0569194a26c6d784f72043d22c2ec3615dc0,14339
C:\SRS(ISIC_2019)\Dataset\NV\ISIC_0025521.jpg,isic_0025521,5,5d8d308146956103b38a9c463574c0836e6caae0522f02c70e6fb99897c20a25,14369
C:\SRS(ISIC_2019)\Dataset\NV\ISIC_0025533.jpg,isic_0025533,5,32a7124abfedc3e4882066fa5ef793142fe7f27b9ff0f43cfc26b0623a592df6,14376
C:\SRS(ISIC_2019)\Dataset\NV\ISIC_0025636.jpg,isic_0025636,5,9ef6653373cb68f743575322e07fa1774762fd85dba7acadf0d6d06df927e15e,14444
C:\SRS(ISIC_2019)\Dataset\NV\ISIC_0025670.jpg,isic_0025670,5,c37cee8fef9722b1b54abbe8cf28afb02b72859fe489a9de0447e6e1f0e9e866,14467
C:\SRS(ISIC_2019)\Dataset\NV\ISIC_0025685.jpg,isic_0025685,5,c17cab5a04f9d112ef1a4d695e003a6cfb4e9a6694f1433ab18bcf894e0ef437,14479
C:\SRS(ISIC_2019)\Dataset\NV\ISIC_0025689.jpg,isic_0025689,5,631ce466c13393cc895eb05c5bb92a51f49175a5d20d9e4a4e481648a30f5728,14483
C:\SRS(ISIC_2019)\Dataset\NV\ISIC_0025698.jpg,isic_0025698,5,a6053d836e3aa32f7b1ee1d05cd083ace56dd5c2401fd2ac8ba72fc7e7ba75f6,14489
C:\SRS(ISIC_2019)\Dataset\NV\ISIC_0025717.jpg,isic_0025717,5,7eabdf06bb23af92bd62bb09366b17d9b27a66566ea7176deed2f571e15d5600,14498
C:\SRS(ISIC_2019)\Dataset\NV\ISIC_0025723.jpg,isic_0025723,5,6d122db7812db4734f523a0759b316595ae6c6b93a47e2b970d6f2cb557c2540,14502
C:\SRS(ISIC_2019)\Dataset\NV\ISIC_0025733.jpg,isic_0025733,5,19826a2fd0ac7728fa06cc71f814ef45f9bfa64e9fd01c2647c37ecb5761fd05,14509
C:\SRS(ISIC_2019)\Dataset\NV\ISIC_0025768.jpg,isic_0025768,5,3ff3e50c4a4ed8fb52f3118bb01d47d4c9e002fecd63705aa78b1b555a2edc00,14533
C:\SRS(ISIC_2019)\Dataset\NV\ISIC_0025812.jpg,isic_0025812,5,d2d2d874a7f8becb26f60d344cc98500f49ca70deeb81696cdc3658b8b3c257a,14560
C:\SRS(ISIC_2019)\Dataset\NV\ISIC_0025855.jpg,isic_0025855,5,30a6ad656daab29a89e1e525166a83371e3e8e5271c3a15545ba2b539daa3aeb,14589
C:\SRS(ISIC_2019)\Dataset\NV\ISIC_0025866.jpg,isic_0025866,5,76325c9d5d1786d2d784ba3e736bae7151b10867f3857d9005cf7f5271373fae,14599
C:\SRS(ISIC_2019)\Dataset\NV\ISIC_0025893.jpg,isic_0025893,5,51967cd0a33935a830fd834139763d4631786d618e321688e28290d60513f10e,14618
C:\SRS(ISIC_2019)\Dataset\NV\ISIC_0025910.jpg,isic_0025910,5,0b95196b54538a7c2b857edb9682cb4552d65e8796427561ef57a67126e76ef2,14632
C:\SRS(ISIC_2019)\Dataset\NV\ISIC_0025934.jpg,isic_0025934,5,a294b8e0d63c1237bc9bfd8f1eb4ee10351755d8799fabe403f2ba01639df0be,14650
C:\SRS(ISIC_2019)\Dataset\NV\ISIC_0025979.jpg,isic_0025979,5,5309d32bdbd4c3fbb1060eeeca1a899e0395e2c79146d9afbc3b1f86e4ae997f,14681
C:\SRS(ISIC_2019)\Dataset\NV\ISIC_0026052.jpg,isic_0026052,5,00dfea686d7b05faf5a027b47972ad646551e3a0a0046112746f06ff513107e5,14736
C:\SRS(ISIC_2019)\Dataset\NV\ISIC_0026054.jpg,isic_0026054,5,4a0b7ca14742ff4b1994481d38e5b77a1a85856e74b9f11db25afa46ae9428d6,14738
C:\SRS(ISIC_2019)\Dataset\NV\ISIC_0026061.jpg,isic_0026061,5,fb0a0226d77d49b39f0eaa416f7e356566bad2cb3e34aca9d3fb2475aafcc815,14743
C:\SRS(ISIC_2019)\Dataset\NV\ISIC_0026071.jpg,isic_0026071,5,469bbf253fa6e01b5a08879063afe032986df7786ad6bffb77335cbb9ce4c151,14750
C:\SRS(ISIC_2019)\Dataset\NV\ISIC_0026148.jpg,isic_0026148,5,e2a34eef8a251d2b782a94edd0c7d96451b731cc6415a8ce7cc63c2012ba9228,14801
C:\SRS(ISIC_2019)\Dataset\NV\ISIC_0026170.jpg,isic_0026170,5,e900fb9d4d1f1623ea00a8e62123532159c58edd304ed4172924464fff15f375,14813
C:\SRS(ISIC_2019)\Dataset\NV\ISIC_0026182.jpg,isic_0026182,5,5c3a158f99234a1f495e0402c9e47e96f7195eca8507af1273c039fb1ec0c59a,14822
C:\SRS(ISIC_2019)\Dataset\NV\ISIC_0026271.jpg,isic_0026271,5,ffee634ae8c280249f77d59c5977737c3c15632f696fd397ded5c401fd83f660,14886
C:\SRS(ISIC_2019)\Dataset\NV\ISIC_0026320.jpg,isic_0026320,5,1f7b30b96d828a6b3071a8eb717e3eabcc3a7d00c60a44d1541a869ea917031f,14917
C:\SRS(ISIC_2019)\Dataset\NV\ISIC_0026333.jpg,isic_0026333,5,d6598ca1a8f7580b9cd09f8f4830faf91d6c9bc128289bf49f216f7199394ec5,14927
C:\SRS(ISIC_2019)\Dataset\NV\ISIC_0026341.jpg,isic_0026341,5,723974cbf8663eedbd7fd0c256607ad227486d3ca90ffa6acb953bee8ce95be0,14932
C:\SRS(ISIC_2019)\Dataset\NV\ISIC_0026346.jpg,isic_0026346,5,c0030a417a83e851a52a201ad96f88c753a23a57902fc2498c21703239c878ac,14936
C:\SRS(ISIC_2019)\Dataset\NV\ISIC_0026347.jpg,isic_0026347,5,36ee182cc7baa23162fb0cbc886fca133dd3e3f7c49342aad6d37acf852ffbdd,14937
C:\SRS(ISIC_2019)\Dataset\NV\ISIC_0026358.jpg,isic_0026358,5,ce430cb50cadcd30e355f6d5a93da829b45d5c56e78dc336dca83f5bc2ea3b10,14944
C:\SRS(ISIC_2019)\Dataset\NV\ISIC_0026414.jpg,isic_0026414,5,aed037ed2cf8f55ba8d2ae372734e682f9ce50fd12103e662b97ea7b128add28,14990
C:\SRS(ISIC_2019)\Dataset\NV\ISIC_0026479.jpg,isic_0026479,5,dc0f776266d181c8d7cdd1c37a790a52013a89c326ae68125c6f48dc57790d84,15031
C:\SRS(ISIC_2019)\Dataset\NV\ISIC_0026548.jpg,isic_0026548,5,5eed9f760398ffe38735aa7ee4de7b45a841f2b53cce37aab2715e443dcf7d91,15077
C:\SRS(ISIC_2019)\Dataset\NV\ISIC_0026554.jpg,isic_0026554,5,bb57de7c30cdb7c1c95042f0ac6fe92c64e0f4ac3ecbaf59c57aff84e43ed97f,15081
C:\SRS(ISIC_2019)\Dataset\NV\ISIC_0026560.jpg,isic_0026560,5,1989920bfc7d42480ad368e0cde8cef01a9e22f2f09234d8db15ee68b3445b09,15085
C:\SRS(ISIC_2019)\Dataset\NV\ISIC_0026563.jpg,isic_0026563,5,61c8fb735dc650c488693d1ef3b3d5d4f901bf5b3add8f37564009d0bacead87,15088
C:\SRS(ISIC_2019)\Dataset\NV\ISIC_0026572.jpg,isic_0026572,5,7076c216bb244623a995d47723554925e5ef79fb8999e84e3175158fd743f0b5,15094
C:\SRS(ISIC_2019)\Dataset\NV\ISIC_0026579.jpg,isic_0026579,5,3d8e8958b84b12b212cb29a3f627aa2bf9486807757bb4b49f1e36fb51c914df,15098
C:\SRS(ISIC_2019)\Dataset\NV\ISIC_0026609.jpg,isic_0026609,5,607b1f3ee8799981b00b984f7ec9f3696884bb9e61f32e13178b150ed8da28e5,15121
C:\SRS(ISIC_2019)\Dataset\NV\ISIC_0026640.jpg,isic_0026640,5,ef779d42b51f7dde8bd48355ce3f087bbcfec4079433d50a58b51d7cc61f67d5,15143
C:\SRS(ISIC_2019)\Dataset\NV\ISIC_0026654.jpg,isic_0026654,5,24baa932ab5ddd1b7b0402709085200f505431258ebc5b202bb2a037634576b5,15151
C:\SRS(ISIC_2019)\Dataset\NV\ISIC_0026660.jpg,isic_0026660,5,488be920ceb1eadf95123afea35d9799d8d3e7fad198ebe2044f6959e486e119,15156
C:\SRS(ISIC_2019)\Dataset\NV\ISIC_0026676.jpg,isic_0026676,5,9e508c2a7fb7a78c2fcb1c6e40a9c6d9ce585dca53675e30aa8281257fc0fa72,15167
C:\SRS(ISIC_2019)\Dataset\NV\ISIC_0026682.jpg,isic_0026682,5,5ca62ce5d79d322492f16153b718397a15f8e2caa5312539d7fd1679669079da,15172
C:\SRS(ISIC_2019)\Dataset\NV\ISIC_0026684.jpg,isic_0026684,5,39ef1c13da4898ca53bc42e67a61837d4d661e99fbda02ad8d2805c53106b0cf,15174
C:\SRS(ISIC_2019)\Dataset\NV\ISIC_0026721.jpg,isic_0026721,5,7d15678102c953ae3778d096eeb0d074d6a3f242876b58ebf17c7ba07d3c74a0,15198
C:\SRS(ISIC_2019)\Dataset\NV\ISIC_0026725.jpg,isic_0026725,5,b66ccf2186f27abc7f76ff4ee2e9cd184e1191dcaa1297cf390478746315d358,15202
C:\SRS(ISIC_2019)\Dataset\NV\ISIC_0026748.jpg,isic_0026748,5,3710fa6c96bc48428a210dea5abd242ec76dcff41ca439bb80d46ee87e7c0d8e,15217
C:\SRS(ISIC_2019)\Dataset\NV\ISIC_0026850.jpg,isic_0026850,5,71cfae32168ce2b852b00618108186068f8872fee3c4f70ae56859cef0ac5d4e,15288
C:\SRS(ISIC_2019)\Dataset\NV\ISIC_0026869.jpg,isic_0026869,5,c24cee862452d3141bd7fd341e9a3a4939edc6d7ae50126e3f57209beab351e3,15300
C:\SRS(ISIC_2019)\Dataset\NV\ISIC_0026969.jpg,isic_0026969,5,923babaf7fa7f84ab75fbb933c48edd8ba70dafd562b7011a9da8231ec7d1940,15368
C:\SRS(ISIC_2019)\Dataset\NV\ISIC_0026985.jpg,isic_0026985,5,4489ea3ca1f330058f26d91b0138c5fb7934ca1a0bb5aa2e359191bfeaa2534d,15379
C:\SRS(ISIC_2019)\Dataset\NV\ISIC_0027074.jpg,isic_0027074,5,dac9c6da66980434c7001f7afd624a1e54b81dd1ab1391cf1dab6af8291f2da3,15431
C:\SRS(ISIC_2019)\Dataset\NV\ISIC_0027097.jpg,isic_0027097,5,45ef86286c660430eebdda2f03c77ee54b4a1c3e51c204228c44500dd3b0c826,15447
C:\SRS(ISIC_2019)\Dataset\NV\ISIC_0027127.jpg,isic_0027127,5,de2ba47f044daed661a67dbc9b0075a9b4f064ec763c1f9f1ce95ac153f97276,15467
C:\SRS(ISIC_2019)\Dataset\NV\ISIC_0027173.jpg,isic_0027173,5,d86d601377b0ccd025cbe7c7e1ea6045adf4fd8a7329ca4af16503bb69536076,15496
C:\SRS(ISIC_2019)\Dataset\NV\ISIC_0027195.jpg,isic_0027195,5,e437b5f993b30f2e490208771a16c1f178cad6956de2788f63805fed643d09b7,15507
C:\SRS(ISIC_2019)\Dataset\NV\ISIC_0027208.jpg,isic_0027208,5,9bbccf24c54de75b0adc591036cdb02a27b98568aa3f368cb6712d99fe66cafa,15518
C:\SRS(ISIC_2019)\Dataset\NV\ISIC_0027315.jpg,isic_0027315,5,3493e9a771fcbc6aa17bb85c1a4fd9d27c3d5177f892a38cc8ec2779d1be0c23,15593
C:\SRS(ISIC_2019)\Dataset\NV\ISIC_0027321.jpg,isic_0027321,5,f04bce2df056ee6232a2cb810c03e3c13b5176cf3c3e6d74feadccbfaf8197f9,15598
C:\SRS(ISIC_2019)\Dataset\NV\ISIC_0027340.jpg,isic_0027340,5,0e5be4fe6eeb17e6765104d643b56eedd451c97b8ab5af8f5023f7706da888cc,15610
C:\SRS(ISIC_2019)\Dataset\NV\ISIC_0027346.jpg,isic_0027346,5,82f080fcebfd7d991e2e4fa66b7add39c760762fcbae96ee768fc7305f2fd33e,15614
C:\SRS(ISIC_2019)\Dataset\NV\ISIC_0027375.jpg,isic_0027375,5,f920c13c7ffdd74dd5d7e764688c80a43d663317d97daa7f2c638938d88ab740,15633
C:\SRS(ISIC_2019)\Dataset\NV\ISIC_0027386.jpg,isic_0027386,5,b802b6740ff909afb72e93da70dde31af1aa2c53b11637518c1d329b94382366,15643
C:\SRS(ISIC_2019)\Dataset\NV\ISIC_0027414.jpg,isic_0027414,5,cc45d39d3455228043d74a9d6af5de6b76f4d62dc0a5ec866653d81e6095fd5e,15665
C:\SRS(ISIC_2019)\Dataset\NV\ISIC_0027458.jpg,isic_0027458,5,7393e736552fb4c8cb496a2d70679b27054cbd4a5c7001a16a8766f72788179c,15695
C:\SRS(ISIC_2019)\Dataset\NV\ISIC_0027501.jpg,isic_0027501,5,5cb81d02539d9b2149c3e6586948ba43ceddfb401c62ff52553d25c36e267cd6,15731
C:\SRS(ISIC_2019)\Dataset\NV\ISIC_0027541.jpg,isic_0027541,5,ab5a274775388656041f8b47fa1c55ff1375bf9e4b9d5db832cb56a90ccefbeb,15756
C:\SRS(ISIC_2019)\Dataset\NV\ISIC_0027596.jpg,isic_0027596,5,792399ecdcb60d0a9a73165ed9ddd43ab4c17a0a9046e1168a104f003420f340,15794
C:\SRS(ISIC_2019)\Dataset\NV\ISIC_0027619.jpg,isic_0027619,5,3abbda7db190172aad6cf3475673d9bee5c0ec7422609d4cb3cc92df5d2d1383,15807
C:\SRS(ISIC_2019)\Dataset\NV\ISIC_0027632.jpg,isic_0027632,5,2b5fef49230642761e7f498dc4e6d4971b472d6f1c0d41d4307412613195f0ad,15815
C:\SRS(ISIC_2019)\Dataset\NV\ISIC_0027647.jpg,isic_0027647,5,b0841e1e5e2d8fd1c51592115c187974d8d886afb1f07424b78caa25955511ef,15830
C:\SRS(ISIC_2019)\Dataset\NV\ISIC_0027690.jpg,isic_0027690,5,2c3d7d44569fb18dd5a741e3fcdbbfa8559ab14ac8bbcabe9d8808b51be0d9d6,15856
C:\SRS(ISIC_2019)\Dataset\NV\ISIC_0027696.jpg,isic_0027696,5,847702c2c81041be87a4ad02dc072f504a1c9cd829dc7dba63a972488bdab0e4,15861
C:\SRS(ISIC_2019)\Dataset\NV\ISIC_0027715.jpg,isic_0027715,5,ef2d88fe440d5183aaf63d67774ff65c959c5e9a3f8258d593d6119eb3822a29,15873
C:\SRS(ISIC_2019)\Dataset\NV\ISIC_0027733.jpg,isic_0027733,5,8e17be2411d229336b830a0c2d19e8a4cfff9beaaedbf2ea17813e7fc2a35bfa,15887
C:\SRS(ISIC_2019)\Dataset\NV\ISIC_0027746.jpg,isic_0027746,5,95fc7aec04b237a207bdf11dae362c58559da0081374f6808f954a00549e792d,15894
C:\SRS(ISIC_2019)\Dataset\NV\ISIC_0027750.jpg,isic_0027750,5,403278f08a9b155060dec5573ce8008b9f5f163e581924b818174cc52c3c0acf,15897
C:\SRS(ISIC_2019)\Dataset\NV\ISIC_0027766.jpg,isic_0027766,5,7de47a833fd1c69dd199de4a1d830806657980fd4423922198185883bebbdcec,15909
C:\SRS(ISIC_2019)\Dataset\NV\ISIC_0027784.jpg,isic_0027784,5,c2384dec61838f0815b28e0d28748e8cbcbd677b6777d638defb392e2eefb520,15919
C:\SRS(ISIC_2019)\Dataset\NV\ISIC_0027812.jpg,isic_0027812,5,44c1da7744e1a6f4235e1f07655061b08de50f1303f0c2de90827d829d0d0cab,15936
C:\SRS(ISIC_2019)\Dataset\NV\ISIC_0027843.jpg,isic_0027843,5,7b9d698672fe3bd9df568dc614bec9f0ff3b71cec68b67a3cd426251ff93c524,15955
C:\SRS(ISIC_2019)\Dataset\NV\ISIC_0027881.jpg,isic_0027881,5,91de35d7516f846e60a134b9560b07842efe6ba5ba028214055b4524f59823ea,15982
C:\SRS(ISIC_2019)\Dataset\NV\ISIC_0027895.jpg,isic_0027895,5,1609a83e823fbfa715c842fc47d5f02417c6d4e5d61e0dd6a37e05b2d601e11d,15993
C:\SRS(ISIC_2019)\Dataset\NV\ISIC_0027917.jpg,isic_0027917,5,42eacf95ab4f6deacd773858aa281eda12aa4351ab6927f1cd90a8f29f796fd7,16008
C:\SRS(ISIC_2019)\Dataset\NV\ISIC_0027932.jpg,isic_0027932,5,6c1e5fb05e826e985eb2543982cc3b72f263329a0d037117763e2ca19461a9b7,16021
C:\SRS(ISIC_2019)\Dataset\NV\ISIC_0027980.jpg,isic_0027980,5,d077a5b366a6e5fc2ca486ed2bb8a9051d555af69e24246fd260f0502d3819c3,16055
C:\SRS(ISIC_2019)\Dataset\NV\ISIC_0028001.jpg,isic_0028001,5,849761d49e0f2c1adbe0723fe9a7983fec030549e1b98c07e80f6f9b3f7737c8,16069
C:\SRS(ISIC_2019)\Dataset\NV\ISIC_0028048.jpg,isic_0028048,5,cd5107b4ab56df16c89c636fd24f2ae593568d79aaddc421cca8cdaa231acfcc,16106
C:\SRS(ISIC_2019)\Dataset\NV\ISIC_0028062.jpg,isic_0028062,5,1bef873e5c5c62fc3641f831a5926ab38b64b3a35a5b302a9cf483084c855900,16115
C:\SRS(ISIC_2019)\Dataset\NV\ISIC_0028105.jpg,isic_0028105,5,acecfbdcc192bbc38b723179803b97f771f6c3d3648635b2bdaf147473ab6fd3,16141
C:\SRS(ISIC_2019)\Dataset\NV\ISIC_0028110.jpg,isic_0028110,5,abcc2e19fd03887acb296202edba1b6bc91c8e517bab9f852db5196e7e55067c,16143
C:\SRS(ISIC_2019)\Dataset\NV\ISIC_0028129.jpg,isic_0028129,5,bfd7b62948df526f213fef8639667eb9b116f14c78bd443cc72b957cd64e3af7,16153
C:\SRS(ISIC_2019)\Dataset\NV\ISIC_0028136.jpg,isic_0028136,5,c8740ba93711515405cb45146ffc5a388964f0fe0abcb1ff184fada6102b5e4e,16159
C:\SRS(ISIC_2019)\Dataset\NV\ISIC_0028144.jpg,isic_0028144,5,1bd40688f8c09d3e82a870e4d770a3f3c0ad76abb09fd31cecd5d063cad1957b,16167
C:\SRS(ISIC_2019)\Dataset\NV\ISIC_0028166.jpg,isic_0028166,5,d5c1e3156728deac456620037a0c8ac318feb2814b14abf07985b6c3b1bc9289,16181
C:\SRS(ISIC_2019)\Dataset\NV\ISIC_0028249.jpg,isic_0028249,5,0df12e753e1105ebc9758d56769707f14bcb3d73d78893691e55fb33f8252674,16237
C:\SRS(ISIC_2019)\Dataset\NV\ISIC_0028287.jpg,isic_0028287,5,4a7f79abc3d5be2874cdbcd71b35153046aa6c5cc39465126a4377aef741d5a5,16270
C:\SRS(ISIC_2019)\Dataset\NV\ISIC_0028315.jpg,isic_0028315,5,7248e4194b937b686c734a10aec75be416964cccd439365e8f1aaaa445ff0f12,16290
C:\SRS(ISIC_2019)\Dataset\NV\ISIC_0028321.jpg,isic_0028321,5,04b54ea3939c7825f6fd153a1b5eae895e99c191fb6d8601199b3873c3d75217,16294
C:\SRS(ISIC_2019)\Dataset\NV\ISIC_0028362.jpg,isic_0028362,5,19d56ef54f56a3721b49ef29cc91c1ca56c3f8be7a5104f7e60a34e81f59f00b,16321
C:\SRS(ISIC_2019)\Dataset\NV\ISIC_0028401.jpg,isic_0028401,5,36a329f5660b1885cc88ddc5ea319c7ac37026346199f1ada6bbc23db1b7f9f2,16352
C:\SRS(ISIC_2019)\Dataset\NV\ISIC_0028432.jpg,isic_0028432,5,0cc9242221c1bb1197401d3178921d5a870b1ca5a31c44216b71a7dabe77b3f1,16373
C:\SRS(ISIC_2019)\Dataset\NV\ISIC_0028586.jpg,isic_0028586,5,9fd6e746ef2aba23f2881131f4fbaa69128b15d5a4855af84d489cde5bfab694,16479
C:\SRS(ISIC_2019)\Dataset\NV\ISIC_0028604.jpg,isic_0028604,5,9c0673572597176fc3ea1574fffa68018288e16d321f93406116ced989c96ec8,16495
C:\SRS(ISIC_2019)\Dataset\NV\ISIC_0028624.jpg,isic_0028624,5,321c1d9bb69bcb30c9ff0eb6dc7394945044025a31736eb74c33ad78d24fede6,16509
C:\SRS(ISIC_2019)\Dataset\NV\ISIC_0028647.jpg,isic_0028647,5,9367b9d876507192e6e1f343efbc72468360504702da60251eacf7af73447c34,16527
C:\SRS(ISIC_2019)\Dataset\NV\ISIC_0028676.jpg,isic_0028676,5,6f8d0dc5dd4af851d4b08cdbff3bdde2e73154d6b31db812fb715e2ad31e05a3,16545
C:\SRS(ISIC_2019)\Dataset\NV\ISIC_0028679.jpg,isic_0028679,5,ee99403c3668e0d40a0158bb3e0dc156d1a2f4d63f96a2d524526151a7c24b29,16547
C:\SRS(ISIC_2019)\Dataset\NV\ISIC_0028700.jpg,isic_0028700,5,951582c84b7589e0059ecfe5fd1b060798456ca92c8f9d773197f20fa717c256,16561
C:\SRS(ISIC_2019)\Dataset\NV\ISIC_0028720.jpg,isic_0028720,5,dde73631c5128c2fec24120c8d28689fea4f493e6796bd6f3fa676450d182a25,16573
C:\SRS(ISIC_2019)\Dataset\NV\ISIC_0028737.jpg,isic_0028737,5,d8be8dfee6cafd0209a155e3879757b46092dd36067d14b52467bc00ca7bd6b4,16587
C:\SRS(ISIC_2019)\Dataset\NV\ISIC_0028909.jpg,isic_0028909,5,1bb3ee04562c40bdd01b53cf178d663109e94269c6c7c5d0c41382daa8417ebf,16712
C:\SRS(ISIC_2019)\Dataset\NV\ISIC_0028997.jpg,isic_0028997,5,1c08c1334471d875f0e93f88ff9e01c3cb2de1704f447b799c04418071475d1e,16769
C:\SRS(ISIC_2019)\Dataset\NV\ISIC_0029037.jpg,isic_0029037,5,bfef9e5d901cff4cd1cdcf49ee38916ebd2a6df9515b5779509cec5a2e30d2fa,16789
C:\SRS(ISIC_2019)\Dataset\NV\ISIC_0029074.jpg,isic_0029074,5,824e1570480708bc7a91c1a0f037760029d250f14ecdbcf67b2b53fa1ce3160f,16810
C:\SRS(ISIC_2019)\Dataset\NV\ISIC_0029086.jpg,isic_0029086,5,c9b4260747ac0217f7e1b6d0549fd020d3d1759c364a88a2c6bb693effb31820,16818
C:\SRS(ISIC_2019)\Dataset\NV\ISIC_0029105.jpg,isic_0029105,5,40c6ff753b1f9d4dfd4b9abfd76fadfd326ec3f699bec1b4eaa3efe7d81c28e0,16830
C:\SRS(ISIC_2019)\Dataset\NV\ISIC_0029282.jpg,isic_0029282,5,d47850e0f5be59896f353353f1d09197e8af49d78872969d38afbeb6fb10d441,16950
C:\SRS(ISIC_2019)\Dataset\NV\ISIC_0029299.jpg,isic_0029299,5,2cd2f1e5254296dbc6bd6b6c6f7d10ff66af3de75126733fbc80ce2ec1bd8af5,16963
C:\SRS(ISIC_2019)\Dataset\NV\ISIC_0029350.jpg,isic_0029350,5,a81cce48e165d6a9d4edee86ad5ef89b36e9daa63386e887cdb45c82270e2025,16995
C:\SRS(ISIC_2019)\Dataset\NV\ISIC_0029415.jpg,isic_0029415,5,b21a3031e3292839ab6891cfb833950527f343b12c3722a604224358fece9a76,17041
C:\SRS(ISIC_2019)\Dataset\NV\ISIC_0029431.jpg,isic_0029431,5,679fb49e2d4bc5f81f92d80eaf22197bae0000adc4083b6ddfae782885173b1e,17052
C:\SRS(ISIC_2019)\Dataset\NV\ISIC_0029444.jpg,isic_0029444,5,00ea7fee60e387a24ac0e1fcf5bff64ca32126c80190ac4d394830e63c7762c3,17062
C:\SRS(ISIC_2019)\Dataset\NV\ISIC_0029477.jpg,isic_0029477,5,713cfabc7a91c1bfe545e9baab2c125ae5a7a7dc4d90841ff306e458d87c8f6c,17084
C:\SRS(ISIC_2019)\Dataset\NV\ISIC_0029484.jpg,isic_0029484,5,839cf6043de8a21254e5327ae47f6e43c14546b5346af83a00c987b5c3b30785,17090
C:\SRS(ISIC_2019)\Dataset\NV\ISIC_0029550.jpg,isic_0029550,5,7aa5717e72ffed958f60b9e1b551b17b6e1df565e603d120bce9e782fef72d02,17130
C:\SRS(ISIC_2019)\Dataset\NV\ISIC_0029560.jpg,isic_0029560,5,c51fb3bec6b1ac12e7ffee9d2563b49501b0f0132ccbfc12d5423519f56eea99,17136
C:\SRS(ISIC_2019)\Dataset\NV\ISIC_0029579.jpg,isic_0029579,5,5455988bb838ca548fe0dced8b646d7b6098ae6fd17eda3b390fbd7d306d437d,17143
C:\SRS(ISIC_2019)\Dataset\NV\ISIC_0029604.jpg,isic_0029604,5,cd7cf52e5f8c9291c8bded7979857b5fb77410bef5a69a37dcf7ded6bee413f0,17158
C:\SRS(ISIC_2019)\Dataset\NV\ISIC_0029637.jpg,isic_0029637,5,2aadfba31ddb47c7b9af6787dfaa54b888eca4b501312df20003d2aea97e3b29,17181
C:\SRS(ISIC_2019)\Dataset\NV\ISIC_0029643.jpg,isic_0029643,5,d46817f7b0cdc7ade913e69aea70f97e6610bc67fb1c7d5e8d54e930a5d3167c,17185
C:\SRS(ISIC_2019)\Dataset\NV\ISIC_0029716.jpg,isic_0029716,5,22dd9297ad6426f3c5b66fe174afb1de7c6ce833f11fe5317260e5d8c9d795fe,17239
C:\SRS(ISIC_2019)\Dataset\NV\ISIC_0029723.jpg,isic_0029723,5,27061c627b1cdeb556479e17bb743397432f2b40eec66f6a9d1be6e11f091d29,17246
C:\SRS(ISIC_2019)\Dataset\NV\ISIC_0029725.jpg,isic_0029725,5,4ee851710cf2cfe70737b633dfae2a3b87f9516968fc060ddbef837ab1bf73bd,17248
C:\SRS(ISIC_2019)\Dataset\NV\ISIC_0029736.jpg,isic_0029736,5,d45a0be35c9929659b11ffe06f5c7c3bc7a0c4fe452e1ef678d8df93df344a04,17257
C:\SRS(ISIC_2019)\Dataset\NV\ISIC_0029750.jpg,isic_0029750,5,36513e223abfbe5b354febbd21f9ecf5f59fa5211aac4e72d61af7b0bc00d410,17265
C:\SRS(ISIC_2019)\Dataset\NV\ISIC_0029759.jpg,isic_0029759,5,dd61b22dd4b90c2ea5ab7c5504c1bc8468d408bb9354c6bedc958707a9d831da,17273
C:\SRS(ISIC_2019)\Dataset\NV\ISIC_0029768.jpg,isic_0029768,5,4992cbe02dd156ccd797dae5b554ef0bba788f852a8fac2d425f5c22a4415790,17280
C:\SRS(ISIC_2019)\Dataset\NV\ISIC_0029834.jpg,isic_0029834,5,6029ce5414190f574f978ee25657d641e62c885f18ed206fefa5aa752a6b04d3,17324
C:\SRS(ISIC_2019)\Dataset\NV\ISIC_0029845.jpg,isic_0029845,5,322a46174488ae25b34c3d711b5b15cf9a5dc1119c7de03bf52697310e4ee66b,17329
C:\SRS(ISIC_2019)\Dataset\NV\ISIC_0029907.jpg,isic_0029907,5,3ddb5b631fb990721a6c50d3cff3fa1369a0695d80704ce3a3fec75fe323b1fa,17372
C:\SRS(ISIC_2019)\Dataset\NV\ISIC_0029908.jpg,isic_0029908,5,1f6cb2a0dcd69e7b6c4adcb4cd6738d77aa41618aa23177088d148af7d2b3691,17373
C:\SRS(ISIC_2019)\Dataset\NV\ISIC_0029938.jpg,isic_0029938,5,b1780747e0ccd3d31652bcf942a0f4bb22af6e058a5dc8b84202e997b7247b8d,17388
C:\SRS(ISIC_2019)\Dataset\NV\ISIC_0029939.jpg,isic_0029939,5,ec04aab19289671221880b1671f908b5fee01c56d0103c47377d14e5500d8ad5,17389
C:\SRS(ISIC_2019)\Dataset\NV\ISIC_0029946.jpg,isic_0029946,5,29e37bb68fef5709ec8d011bf6ba8e3ae8d060558300179a9348b682e2a32900,17396
C:\SRS(ISIC_2019)\Dataset\NV\ISIC_0029952.jpg,isic_0029952,5,331d8243539e658249c47ea8488cc29bd3b310d8fcb3dfefc46a698e90ee8a75,17400
C:\SRS(ISIC_2019)\Dataset\NV\ISIC_0030055.jpg,isic_0030055,5,64063801e5c4622d729ff1f624ed3575fd6e4fcfc1926198eb960d17391162fa,17482
C:\SRS(ISIC_2019)\Dataset\NV\ISIC_0030059.jpg,isic_0030059,5,51d762f0412c5bc4c2ca08758b128cefb4acc90f574731ac64e2b90db5ed86bc,17485
C:\SRS(ISIC_2019)\Dataset\NV\ISIC_0030063.jpg,isic_0030063,5,50318f397ecf72ada0a0c3030cc9c87ef97007a996427dbac09dfb11f5a9869f,17488
C:\SRS(ISIC_2019)\Dataset\NV\ISIC_0030084.jpg,isic_0030084,5,081acb82a3a68d3449c0c157f2576992ce44bc972eaf102582625779aecdc16c,17503
C:\SRS(ISIC_2019)\Dataset\NV\ISIC_0030093.jpg,isic_0030093,5,49f7d80a190eaf4abc5b2bbf66b47e48e9ab6d7db1d1d6d2a76013a76f9994f6,17510
C:\SRS(ISIC_2019)\Dataset\NV\ISIC_0030152.jpg,isic_0030152,5,a429442a2ecc5c5527883d629762f6bed17324fceee981251de17ceee244c16e,17545
C:\SRS(ISIC_2019)\Dataset\NV\ISIC_0030184.jpg,isic_0030184,5,d35e1fff274f6b5251da6097e7749051a8edb37c14983093fef7234a0f210dda,17567
C:\SRS(ISIC_2019)\Dataset\NV\ISIC_0030229.jpg,isic_0030229,5,42e0377cdbae1684cc1130e0805a930b42699c3f268f2a9b177018af90d351a5,17599
C:\SRS(ISIC_2019)\Dataset\NV\ISIC_0030243.jpg,isic_0030243,5,f0f7a8cab3394e74e0fe36a2174f4a7e6e3420f0af97879f555f61219328bb5d,17606
C:\SRS(ISIC_2019)\Dataset\NV\ISIC_0030251.jpg,isic_0030251,5,6a8a2415d4bc022111caa20b94b4ace95e9357eaddde9151f8a5ba9af5b2774b,17610
C:\SRS(ISIC_2019)\Dataset\NV\ISIC_0030266.jpg,isic_0030266,5,55aa93d9223b58c1ffaca2994fa3be7b676d5ccf4b4ab6cd190c0dfcdcbc8567,17622
C:\SRS(ISIC_2019)\Dataset\NV\ISIC_0030278.jpg,isic_0030278,5,850a51143d795aec860fada11ab12b2e8ffea75aba0b69dec9109d4e25b4f57a,17629
C:\SRS(ISIC_2019)\Dataset\NV\ISIC_0030285.jpg,isic_0030285,5,4d4795af5a369ca76f2ecea44d41adccae91f26ad69f8fc3d8f905b6f3805b02,17633
C:\SRS(ISIC_2019)\Dataset\NV\ISIC_0030405.jpg,isic_0030405,5,7ddfbf4a1f97e2b173ca5c2f0e499ee4f4b29fed33233e7603a107cfa82f5089,17719
C:\SRS(ISIC_2019)\Dataset\NV\ISIC_0030416.jpg,isic_0030416,5,aa166121df1e3a74f93faa741294aff821d5edcc22ef8aeb0586fdbd39b3c54e,17729
C:\SRS(ISIC_2019)\Dataset\NV\ISIC_0030419.jpg,isic_0030419,5,16dd51b9d10f51568ef4cffc218c2704f5a12a1cdd67654ddb2d19d725017f39,17731
C:\SRS(ISIC_2019)\Dataset\NV\ISIC_0030444.jpg,isic_0030444,5,0222b866525bb109b45ae7513ad059f79717fdb12bf92fbd0f761d3eaeb048b1,17750
C:\SRS(ISIC_2019)\Dataset\NV\ISIC_0030454.jpg,isic_0030454,5,a931331761d8b0efbc65b96a8edacd7f92201a51d8bdd639c6c7dc07af517f7f,17757
C:\SRS(ISIC_2019)\Dataset\NV\ISIC_0030468.jpg,isic_0030468,5,cae5219f87fbab46ca84559b6f223df932fd41056bc418283b358ec863c97a07,17767
C:\SRS(ISIC_2019)\Dataset\NV\ISIC_0030490.jpg,isic_0030490,5,919b0a9598ef834d28c4f4c838691ff7b4b88ec5abc3a0f59bf979ee494d45f2,17786
C:\SRS(ISIC_2019)\Dataset\NV\ISIC_0030612.jpg,isic_0030612,5,4257f06a14ffd8ecdf0bd5174f106a0545fdae07b4977cf217d61d91a86ebc2e,17876
C:\SRS(ISIC_2019)\Dataset\NV\ISIC_0030658.jpg,isic_0030658,5,d7d832f5c3f02cf63e19fd6d076b93935ab02bea32eae8351010d1278483ae74,17914
C:\SRS(ISIC_2019)\Dataset\NV\ISIC_0030660.jpg,isic_0030660,5,8e23eefff55d6d3d6cf3a22224bbb2093df6c6095bbcc1089e8a783b2bb31620,17915
C:\SRS(ISIC_2019)\Dataset\NV\ISIC_0030761.jpg,isic_0030761,5,e05c58a0ac09ef4780a0208d37be8a0b7653c08fa9d870645ef73ab42e9cc5f5,17984
C:\SRS(ISIC_2019)\Dataset\NV\ISIC_0030764.jpg,isic_0030764,5,3dde24ac4850f1853ea208dd3b04a39b179688228186cde765bbae9b770e3e6b,17987
C:\SRS(ISIC_2019)\Dataset\NV\ISIC_0030774.jpg,isic_0030774,5,93bd7af80bc66033cc35581a6b7741f86042de00afb081fcce2c137b1b03f1a3,17993
C:\SRS(ISIC_2019)\Dataset\NV\ISIC_0030805.jpg,isic_0030805,5,0220e2e5ef797e096c623917e87aaa5395435d8bf92efd381b9cf4eaf9f93b1b,18012
C:\SRS(ISIC_2019)\Dataset\NV\ISIC_0030811.jpg,isic_0030811,5,422e34557d14283e996c504648c7b78f7ce0657bcb55f3fda599a3db3ce39ba2,18017
C:\SRS(ISIC_2019)\Dataset\NV\ISIC_0030838.jpg,isic_0030838,5,f8d790b23d3e8d83506ed3122798965b93da0f6386e82a223ba7c5fffd89226a,18032
C:\SRS(ISIC_2019)\Dataset\NV\ISIC_0030846.jpg,isic_0030846,5,caa4049a1cb41ab57adbfdb71d9c989be8fc3cedf2c9ad57108083890e9a6a7c,18038
C:\SRS(ISIC_2019)\Dataset\NV\ISIC_0030888.jpg,isic_0030888,5,2f5296f836f06c81a71b763782425ea12b671c0c674e55f60bb9a66512f1a7f0,18073
C:\SRS(ISIC_2019)\Dataset\NV\ISIC_0030889.jpg,isic_0030889,5,0e8cbe9f10e319337ec43e41106f80b540382931650bdb1db34c667de0b432de,18074
C:\SRS(ISIC_2019)\Dataset\NV\ISIC_0030924.jpg,isic_0030924,5,bffa3844033499eee9a2cdaac9d4c552de524e60b08265549cb1216a33d2c9de,18104
C:\SRS(ISIC_2019)\Dataset\NV\ISIC_0031010.jpg,isic_0031010,5,d028960c2990a51f9369548862bab8e1bac83b175e79844f426a95b4388c4761,18164
C:\SRS(ISIC_2019)\Dataset\NV\ISIC_0031039.jpg,isic_0031039,5,24463610058aad2eb118d335238885875ed4afdd0ca50d364407dffc415bbcbe,18182
C:\SRS(ISIC_2019)\Dataset\NV\ISIC_0031074.jpg,isic_0031074,5,24fcf51ce054a8a61fcbc5fcf04e980a6caa99237710cf2c2e9b5118a4dd5951,18205
C:\SRS(ISIC_2019)\Dataset\NV\ISIC_0031092.jpg,isic_0031092,5,e38203983e4ec80da405a2701cbb81223ae02496e3a5f6f42e14bbe665f918cb,18218
C:\SRS(ISIC_2019)\Dataset\NV\ISIC_0031105.jpg,isic_0031105,5,78e74ef063a5e4deb51bb7db8ea8206eaf86bca6a518b3f7b213b56833eae88a,18228
C:\SRS(ISIC_2019)\Dataset\NV\ISIC_0031112.jpg,isic_0031112,5,5c0a71e135d2561645c505c3c045a2b3f6aedf2996a55e98e2dd226b6da9a982,18234
C:\SRS(ISIC_2019)\Dataset\NV\ISIC_0031164.jpg,isic_0031164,5,c440ae81d3c0e43353d059b91210aaf1d80251e3cb85d40f0bb8adc34aedff23,18272
C:\SRS(ISIC_2019)\Dataset\NV\ISIC_0031179.jpg,isic_0031179,5,b8bc17097b5c5611119d335e09db07261a735aced63332d3923b535cabc88c62,18280
C:\SRS(ISIC_2019)\Dataset\NV\ISIC_0031188.jpg,isic_0031188,5,16d38db356db8ddc602dbdb27a5622e94e06787100683e9ac21854be97c9623e,18287
C:\SRS(ISIC_2019)\Dataset\NV\ISIC_0031219.jpg,isic_0031219,5,7f72bc7567a69dd4b09a26e528dbb0d620155e5e659615beb35ea0cf43c81ad9,18304
C:\SRS(ISIC_2019)\Dataset\NV\ISIC_0031265.jpg,isic_0031265,5,8609a148558564f5829508caeb0ba37ca72d07b6f7a3c0abd9cdf9278b5c8798,18336
C:\SRS(ISIC_2019)\Dataset\NV\ISIC_0031300.jpg,isic_0031300,5,255b7dc1077c73a054ba0a4aedfc2124f0554d688fe60a2b094a14877517382e,18357
C:\SRS(ISIC_2019)\Dataset\NV\ISIC_0031331.jpg,isic_0031331,5,980a0646890723227360121c31bc094c774ea5f18db5b4970b466709770ab686,18381
C:\SRS(ISIC_2019)\Dataset\NV\ISIC_0031374.jpg,isic_0031374,5,798fc02e61806291d97cc58abdcae2ff605644b0afe26989f3b8328962339417,18409
C:\SRS(ISIC_2019)\Dataset\NV\ISIC_0031380.jpg,isic_0031380,5,568af48312d649e6b580d589f54e34a636ae96b1db1d16e96c14b440d4876b9b,18412
C:\SRS(ISIC_2019)\Dataset\NV\ISIC_0031411.jpg,isic_0031411,5,6847db0b1c68fa8e288d29f32e69421ee8f84ecf7853226c5a15be72461414ea,18431
C:\SRS(ISIC_2019)\Dataset\NV\ISIC_0031427.jpg,isic_0031427,5,78ed17dbdcd03deb216854a5a69c0cf4a0f84a3d0f570ebb1ebe86beb86ac60c,18443
C:\SRS(ISIC_2019)\Dataset\NV\ISIC_0031446.jpg,isic_0031446,5,6ac7c9f75667d6ecd1b81b2771e60db56c39059a402a4a7d1ee996aad19df99d,18455
C:\SRS(ISIC_2019)\Dataset\NV\ISIC_0031512.jpg,isic_0031512,5,8f81cdbed54aed607fc67836487387d1740d36c0bfc8e2f830f389eb7329d45c,18503
C:\SRS(ISIC_2019)\Dataset\NV\ISIC_0031535.jpg,isic_0031535,5,b5f9d1925bb273a16566cd32e86643e564ba5dce8f5a76237e87ec1b7372745e,18516
C:\SRS(ISIC_2019)\Dataset\NV\ISIC_0031544.jpg,isic_0031544,5,04e781205f1e21e3bf02f9f9cbeff350e521329cb64752b9c4868205e84cf97f,18521
C:\SRS(ISIC_2019)\Dataset\NV\ISIC_0031604.jpg,isic_0031604,5,9a3071f056a90b2000e06506351eb0fdc1e01da8c2a7f314679219c0e04d1573,18558
C:\SRS(ISIC_2019)\Dataset\NV\ISIC_0031612.jpg,isic_0031612,5,91ab91d70396fe475f0ddf7a834a5621582664c23768acf1ea62ef4cf94d7657,18565
C:\SRS(ISIC_2019)\Dataset\NV\ISIC_0031626.jpg,isic_0031626,5,fd84c6a45283ffe83674808df7470dced39485f06895a872390e201620cfa2aa,18575
C:\SRS(ISIC_2019)\Dataset\NV\ISIC_0031667.jpg,isic_0031667,5,77f072c545ca373e25f0777d4ef457157315c78afea28a0c7e65361c5770f3a5,18605
C:\SRS(ISIC_2019)\Dataset\NV\ISIC_0031684.jpg,isic_0031684,5,7f1292099543640a6a2ba36d9817aa0f472aaf7c7c970cdc2e89a44b7daedb29,18619
C:\SRS(ISIC_2019)\Dataset\NV\ISIC_0031688.jpg,isic_0031688,5,2a8b955f6042b0f348d626baeb3b2fb4b2246691fe6f0b146eb0412099565da4,18622
C:\SRS(ISIC_2019)\Dataset\NV\ISIC_0031720.jpg,isic_0031720,5,6a75c9be94fe7a7c26a7793f39585f951fb8afd2e274d65c9d9ffa20e4c79bfc,18641
C:\SRS(ISIC_2019)\Dataset\NV\ISIC_0031722.jpg,isic_0031722,5,bd9806f8b557b54618b505d44d6ef7d9d35085ba4d8011b1ca811e761020e41b,18642
C:\SRS(ISIC_2019)\Dataset\NV\ISIC_0031740.jpg,isic_0031740,5,594050128cf261460329c2979f1f2841cffbe542f40daeaba77e92e9118eac76,18657
C:\SRS(ISIC_2019)\Dataset\NV\ISIC_0031833.jpg,isic_0031833,5,e40760f2b71524b4d7e0fdc673c3edebf8d17ccafa41e57f8c0cdfa0360fec02,18723
C:\SRS(ISIC_2019)\Dataset\NV\ISIC_0031834.jpg,isic_0031834,5,d54a3892fb97cad771a1ff8c6b3bab07c03a49362611f8f764c1985085b6164b,18724
C:\SRS(ISIC_2019)\Dataset\NV\ISIC_0031846.jpg,isic_0031846,5,2e962abe6e9839c24913fda6c00d36d17cb0a8d5111d41ab163cb3f63444dc36,18734
C:\SRS(ISIC_2019)\Dataset\NV\ISIC_0031857.jpg,isic_0031857,5,2b04248de77c3add2a791db05e8fa055ee236121ce3f5e3055d2b7b155dcffd8,18742
C:\SRS(ISIC_2019)\Dataset\NV\ISIC_0031875.jpg,isic_0031875,5,a07b21a5bb6e47d6333f5a1428f5c08f50903b5c7f7d890343b6375f4e720b5d,18758
C:\SRS(ISIC_2019)\Dataset\NV\ISIC_0031899.jpg,isic_0031899,5,4740b1254c5bb653cd149db72e6dbad42fdf6e0269584e075cf650f6bcb49c57,18777
C:\SRS(ISIC_2019)\Dataset\NV\ISIC_0031962.jpg,isic_0031962,5,6a164be44adebdbf2fb0a792f77181993ff895cfadaf20435d3f34505b4afa8d,18817
C:\SRS(ISIC_2019)\Dataset\NV\ISIC_0031970.jpg,isic_0031970,5,0d421777c9509fe88a75ba0c08d2089c5897fbf1f9372439a4faeab4e480c62f,18824
C:\SRS(ISIC_2019)\Dataset\NV\ISIC_0031973.jpg,isic_0031973,5,d53c4ba1863682186c75c5bac1955a31979aed8a055a22c2dec7bca4727483a9,18825
C:\SRS(ISIC_2019)\Dataset\NV\ISIC_0031988.jpg,isic_0031988,5,9904e5d634b601aaf53030af4fb7111ee85d2c5011acb25f56dfcc93f5e95893,18835
C:\SRS(ISIC_2019)\Dataset\NV\ISIC_0031998.jpg,isic_0031998,5,6e9c5c78539646a9d71670bc92f0dd2879392cd42c1e0009e87c1f0d5c3a8cea,18842
C:\SRS(ISIC_2019)\Dataset\NV\ISIC_0032032.jpg,isic_0032032,5,03e1b068570a1a35071c2f629359171721a6acf5312c2245eaf437aabf16c05a,18866
C:\SRS(ISIC_2019)\Dataset\NV\ISIC_0032047.jpg,isic_0032047,5,aa3a8b3e24a6388e22d121ffbb5e94b83bc183b76d898325cd91cf344045696b,18875
C:\SRS(ISIC_2019)\Dataset\NV\ISIC_0032053.jpg,isic_0032053,5,3bffd427eeedf10376efdc3abfc03e026b1969b703dc0464d0873296b7f15efb,18880
C:\SRS(ISIC_2019)\Dataset\NV\ISIC_0032104.jpg,isic_0032104,5,a7d6172ba1dd45804f5c7ab46f194659513251a1efa71a718344b01cf5a9a39b,18918
C:\SRS(ISIC_2019)\Dataset\NV\ISIC_0032108.jpg,isic_0032108,5,96bdf970cea0a44fc11bda32308d52942e5293789fd1a122c53d07bf59e4adaf,18922
C:\SRS(ISIC_2019)\Dataset\NV\ISIC_0032117.jpg,isic_0032117,5,bd32bad6eb2b68857c44ba219ce25590831c6e4e3ec3a3d17c2a1cf80dd1365c,18926
C:\SRS(ISIC_2019)\Dataset\NV\ISIC_0032202.jpg,isic_0032202,5,ce4493db3858508802b1ea5ef8ec26714aa499c5847fdb5927d6fea692a452e4,18981
C:\SRS(ISIC_2019)\Dataset\NV\ISIC_0032231.jpg,isic_0032231,5,20826467463dabece7d531166eb1792118caaaa1e6547e61c26c36a6b29736d1,18999
C:\SRS(ISIC_2019)\Dataset\NV\ISIC_0032242.jpg,isic_0032242,5,f39acde1e2acd2e855554afd6bee2e5ba0ec32d76b64d965462165dce8bfda6a,19006
C:\SRS(ISIC_2019)\Dataset\NV\ISIC_0032243.jpg,isic_0032243,5,cc4170b84d8b04c6103e96c200ffffd6fe2816012c2bae9c5ad55943d5d02689,19007
C:\SRS(ISIC_2019)\Dataset\NV\ISIC_0032272.jpg,isic_0032272,5,34f110e05e78fd8ea7684dce86f5f7c69f2754a8611fc06f25ef3bd7a4ae85f9,19025
C:\SRS(ISIC_2019)\Dataset\NV\ISIC_0032273.jpg,isic_0032273,5,ba92603b96938a01f0dc3f15afded8f4060e4df3f0b0488f5c98ca4f5a314f55,19026
C:\SRS(ISIC_2019)\Dataset\NV\ISIC_0032354.jpg,isic_0032354,5,8927b24a2d00969685f416bedd7a2556b400c58e17ee288d5dc64ce727fdbeaa,19083
C:\SRS(ISIC_2019)\Dataset\NV\ISIC_0032364.jpg,isic_0032364,5,945948506da53b870103f8b07ce4e6e5af3ae2c71573f07ccec67feebf89087d,19090
C:\SRS(ISIC_2019)\Dataset\NV\ISIC_0032524.jpg,isic_0032524,5,a8d29ac677fb07fca206ea5f9521328f886046cb09c94e7b3b0af37f632c4a1f,19197
C:\SRS(ISIC_2019)\Dataset\NV\ISIC_0032527.jpg,isic_0032527,5,9fd7062d989e166bed820c811f19a1c585179def95a12355034c9420b6357c1e,19199
C:\SRS(ISIC_2019)\Dataset\NV\ISIC_0032619.jpg,isic_0032619,5,46563777a9ff696b38609b8aa2bb8b96871c96202872f16c92e1a90cc42f3f53,19254
C:\SRS(ISIC_2019)\Dataset\NV\ISIC_0032683.jpg,isic_0032683,5,43129ef93191ea606c5b3d43192d47ede40afb0affa327e6ae7253932ad25bd6,19296
C:\SRS(ISIC_2019)\Dataset\NV\ISIC_0032701.jpg,isic_0032701,5,b5d32c00e90bf37e6f4fb56cefd94cf9da783df69df36d504eedfbe05daf91a6,19303
C:\SRS(ISIC_2019)\Dataset\NV\ISIC_0032760.jpg,isic_0032760,5,321e11b9362bd1afe82a1ddf04b1aae7471365594f80a388d49d9db77739f81f,19340
C:\SRS(ISIC_2019)\Dataset\NV\ISIC_0032788.jpg,isic_0032788,5,08fbad6f62e05156857c2609bde984ffad2e8f88f5bb5f563f5b2425454c6ace,19358
C:\SRS(ISIC_2019)\Dataset\NV\ISIC_0032803.jpg,isic_0032803,5,fbc8b7148e3d4c13429b4e768183313f2467a5c2f6290bc9db9c567cf6baa462,19370
C:\SRS(ISIC_2019)\Dataset\NV\ISIC_0032849.jpg,isic_0032849,5,a5bdcaa47a3072ecf77c7894ad353f6b94632068f123dc929fcfe488f7fbdda6,19393
C:\SRS(ISIC_2019)\Dataset\NV\ISIC_0032858.jpg,isic_0032858,5,eb480bceb94f9aa04561010c7608d9d4bedf0a6f6a446e62c69146d223f854a8,19398
C:\SRS(ISIC_2019)\Dataset\NV\ISIC_0032904.jpg,isic_0032904,5,e75b89ba4b0e1f6150e910d528e98db5d476dd29f7641a6e0f264bddf2954cbf,19423
C:\SRS(ISIC_2019)\Dataset\NV\ISIC_0032937.jpg,isic_0032937,5,3fca38f6d77d836023c6ad3e0373df55a18595a47b61130050db186e94d6f4f9,19443
C:\SRS(ISIC_2019)\Dataset\NV\ISIC_0032950.jpg,isic_0032950,5,402929c0d981cc5994a190648a25bfbca82028d2f5914d06d6a04a94d5ac79ba,19451
C:\SRS(ISIC_2019)\Dataset\NV\ISIC_0032969.jpg,isic_0032969,5,52b9e490b3fb3da3f71728a0a3f64a8708636ddade61be5db5bd54c45efd63bc,19462
C:\SRS(ISIC_2019)\Dataset\NV\ISIC_0032979.jpg,isic_0032979,5,964d2f2af849e3576411b4d92f085532027a21b3c5b514c1cbd8316bac2968c5,19467
C:\SRS(ISIC_2019)\Dataset\NV\ISIC_0033049.jpg,isic_0033049,5,b3e9dc7f37e1a13680c21ad40ea6b4ee9d8ca372c14a6889158d3e7c6b0a7a42,19507
C:\SRS(ISIC_2019)\Dataset\NV\ISIC_0033066.jpg,isic_0033066,5,2263ea5f41f87275c6dde0042975a1a8f3cdee2d49947fe0f0999cc1a1b5c0a1,19516
C:\SRS(ISIC_2019)\Dataset\NV\ISIC_0033104.jpg,isic_0033104,5,7dc220f1f536dfc8bcd045ddc7203c7aab7456e812507d0e2e81fa8b8acc7363,19543
C:\SRS(ISIC_2019)\Dataset\NV\ISIC_0033242.jpg,isic_0033242,5,43882cc86fc5d3d6dcc7bd2d9a3c6138ffc1cf8b46390bf49b93c7a94e02035a,19627
C:\SRS(ISIC_2019)\Dataset\NV\ISIC_0033253.jpg,isic_0033253,5,f8fb9588ed8509db57d2a1ae76cef5650027697698b1b6c7f8445713bc7fe44d,19634
C:\SRS(ISIC_2019)\Dataset\NV\ISIC_0033296.jpg,isic_0033296,5,72aa1b434f9207ffc63677007038274640e79ed49117b7d549f777df3e60c2f5,19654
C:\SRS(ISIC_2019)\Dataset\NV\ISIC_0033297.jpg,isic_0033297,5,cd2146444e1d2a3caa47bf1e2a7085634562af9397095abbf3fb27b188206e78,19655
C:\SRS(ISIC_2019)\Dataset\NV\ISIC_0033311.jpg,isic_0033311,5,433b770ab6143043a3a0e2a3116ae60a72bb3adf3db99b277abbc4b42102bf99,19660
C:\SRS(ISIC_2019)\Dataset\NV\ISIC_0033330.jpg,isic_0033330,5,d0d45da1b22f67ffa61b8e6bcea3cc37a46f8606444843520384d47be84cf725,19671
C:\SRS(ISIC_2019)\Dataset\NV\ISIC_0033365.jpg,isic_0033365,5,bbb017e0e119ffb2db0d0ea435bd332ba612e188c42940d7a9d6638447fcd91f,19697
C:\SRS(ISIC_2019)\Dataset\NV\ISIC_0033375.jpg,isic_0033375,5,d773f0dd8891bf25bd95c3a251a1a395a865202439eed36758fc5312a47bca01,19703
C:\SRS(ISIC_2019)\Dataset\NV\ISIC_0033513.jpg,isic_0033513,5,f0d3c04aff39abce4239eed7d9a20c18ec49872da35720c6a7c768a8a0502a2d,19776
C:\SRS(ISIC_2019)\Dataset\NV\ISIC_0033527.jpg,isic_0033527,5,c074b8d4c0b94894da5eaaf0ed6ad995ab7763e4ee4682a33d879fffd1961f90,19784
C:\SRS(ISIC_2019)\Dataset\NV\ISIC_0033541.jpg,isic_0033541,5,126f402512c4aa71405dacc60fea43f180ff712611a9a7bc254097ba4bdf87ec,19790
C:\SRS(ISIC_2019)\Dataset\NV\ISIC_0033552.jpg,isic_0033552,5,9d6a6390e6324168e3364f52f5b95449241868bfc1f84d58befeb952bb21f627,19797
C:\SRS(ISIC_2019)\Dataset\NV\ISIC_0033563.jpg,isic_0033563,5,735f149e0306b5c9597515e9718cc4749f9788a1293b61ea32fd44ef593675b9,19803
C:\SRS(ISIC_2019)\Dataset\NV\ISIC_0033598.jpg,isic_0033598,5,50a5ddbd2378f952f898c8f9b1c44496885b50a9791d319ad95c751de42ba070,19818
C:\SRS(ISIC_2019)\Dataset\NV\ISIC_0033634.jpg,isic_0033634,5,ad2982d1cc62d1a4680fa4d6cc53042a80bf88a16e1e60cf41163908f1fa064d,19837
C:\SRS(ISIC_2019)\Dataset\NV\ISIC_0033656.jpg,isic_0033656,5,d34255d05b08f82f4f4d11bca035b97d78c7d72f0c15edb2e48d9c7c85fc67d0,19848
C:\SRS(ISIC_2019)\Dataset\NV\ISIC_0033711.jpg,isic_0033711,5,3b01d512c16569f1ae04904124f5c547a9ffbac8e5cd585cb54c412afbb03d70,19878
C:\SRS(ISIC_2019)\Dataset\NV\ISIC_0033745.jpg,isic_0033745,5,49999548617a8b6e82543a7cc3f076cbe53908f6cbe67ba402b454065dff3ba0,19901
C:\SRS(ISIC_2019)\Dataset\NV\ISIC_0033753.jpg,isic_0033753,5,64d71ce4974f4bbc14736d701acc0e8eb26b2937d5a6570449a89cd435b1ecb4,19905
C:\SRS(ISIC_2019)\Dataset\NV\ISIC_0033760.jpg,isic_0033760,5,68885a112fd85a881d852cb88557608e9fdde2a54798164f43e2d0c65e830b6c,19910
C:\SRS(ISIC_2019)\Dataset\NV\ISIC_0033765.jpg,isic_0033765,5,31b8a31cb6d2f82496258e22147d084d133c0dc08ecb7013db9d5c4bcf167758,19913
C:\SRS(ISIC_2019)\Dataset\NV\ISIC_0033774.jpg,isic_0033774,5,d49908232bbab732d77638525f2aa646aa20819f451a2c9396fb211c048eb804,19920
C:\SRS(ISIC_2019)\Dataset\NV\ISIC_0033835.jpg,isic_0033835,5,aa7b0a4be379a731fc473aecf0dfc33d0e482dd53a219ff83ff2483785d6b23d,19953
C:\SRS(ISIC_2019)\Dataset\NV\ISIC_0033845.jpg,isic_0033845,5,4c977831204d3bfb38415ed30f81631f0f4b0fb3db940d1519d6f3ad24fa943f,19961
C:\SRS(ISIC_2019)\Dataset\NV\ISIC_0033896.jpg,isic_0033896,5,16c88b384604e0eb92dd5825358c14c610d9e35a027cd4c775b469508b4deb2e,19989
C:\SRS(ISIC_2019)\Dataset\NV\ISIC_0033937.jpg,isic_0033937,5,f34ea824487e897c5e141f638853d1ec052067219455c82ec9d88106f70c028f,20018
C:\SRS(ISIC_2019)\Dataset\NV\ISIC_0033955.jpg,isic_0033955,5,038caafe98bd6f69e45fff2db6234d506b54795fe4e25eeb6cbdf186b19df406,20028
C:\SRS(ISIC_2019)\Dataset\NV\ISIC_0033964.jpg,isic_0033964,5,8ee605287ca907de4b85bd0ebeeff2519b3daba65dc54ff2557a247de25df68f,20034
C:\SRS(ISIC_2019)\Dataset\NV\ISIC_0034013.jpg,isic_0034013,5,6f90109d1a49bb04ef4fe69318e2cb966dd22a9d718294c4e7ce158a203f664c,20060
C:\SRS(ISIC_2019)\Dataset\NV\ISIC_0034084.jpg,isic_0034084,5,e19d18a9791d0450e039f2866d9f74484cf4a253f0e85b4edd2912f48d42066d,20101
C:\SRS(ISIC_2019)\Dataset\NV\ISIC_0034108.jpg,isic_0034108,5,8e1bad7b00fe6c90f8bb3f3ca7c7567a8c0a00713aa9c4343030d9879c7bd5a5,20112
C:\SRS(ISIC_2019)\Dataset\NV\ISIC_0034109.jpg,isic_0034109,5,18c48028a75382c2f6b84923de9755b523e410771be8094b1b490db74892d499,20113
C:\SRS(ISIC_2019)\Dataset\NV\ISIC_0034111.jpg,isic_0034111,5,ffb5939204b19783ee2c05ec8bd99cc1e21333b306f09276a8525105350bd4e2,20115
C:\SRS(ISIC_2019)\Dataset\NV\ISIC_0034137.jpg,isic_0034137,5,23ed3ad1436b6d02c404d8889edfb4fb6fdac4e31e66d8abd6c95846b78b526f,20129
C:\SRS(ISIC_2019)\Dataset\NV\ISIC_0034138.jpg,isic_0034138,5,e3d0b2dd3930cc93f5eac694ff2762c2b40e540eadf18226a034fef1f2b5182c,20130
C:\SRS(ISIC_2019)\Dataset\NV\ISIC_0034149.jpg,isic_0034149,5,7a29fb72a9f6bcffdae922514dfa7d237230ed112d1f0594f197b26d35b4f599,20136
C:\SRS(ISIC_2019)\Dataset\NV\ISIC_0034166.jpg,isic_0034166,5,3334027e75d4b1014070cd9d79b4fa03dc0478d5a9572796dec530d176e1d8e5,20145
C:\SRS(ISIC_2019)\Dataset\NV\ISIC_0034206.jpg,isic_0034206,5,ad657d23c6983662678f17c34716833e2bbce81e1e2b0b96fe2b13af8200bf74,20168
C:\SRS(ISIC_2019)\Dataset\NV\ISIC_0034225.jpg,isic_0034225,5,852f8a169b7f4a644f24d2d4bd43d3818948a407160c44f07baa9e2dc2bc04c7,20179
C:\SRS(ISIC_2019)\Dataset\NV\ISIC_0034264.jpg,isic_0034264,5,051ed9e8aa9ae38527061def01a7ca2961ad76d8b79f5339cfccf80bd8b4f11a,20204
C:\SRS(ISIC_2019)\Dataset\NV\ISIC_0034286.jpg,isic_0034286,5,6f5441dfeb8d056e9eb636918577313dcaf8724c93ebb01c7cb279314493463b,20220
C:\SRS(ISIC_2019)\Dataset\NV\ISIC_0034312.jpg,isic_0034312,5,b44ddce47ce705592bac22a36742ec424710918db632c0f709941aa4f3180594,20238
C:\SRS(ISIC_2019)\Dataset\NV\ISIC_0053551.jpg,isic_0053551,5,e839bd1a8ea82e029873112244a34f1dcc039b6192e3145275da0c7769ab6ffc,20256
C:\SRS(ISIC_2019)\Dataset\NV\ISIC_0053652.jpg,isic_0053652,5,7090f1e5d7a58f87b789dac307d43a022bd9abe7966f33cc67a1dc7b8bccc4ea,20281
C:\SRS(ISIC_2019)\Dataset\NV\ISIC_0053821.jpg,isic_0053821,5,ad5576044f27ddf1b04482f658d6cd4df87cb06489811048ad869b189cc5e3b4,20316
C:\SRS(ISIC_2019)\Dataset\NV\ISIC_0054046.jpg,isic_0054046,5,c15b30cf5877a4edb06f3468e10dcca95ea25d89264bcfc51ac7845433534887,20360
C:\SRS(ISIC_2019)\Dataset\NV\ISIC_0054126.jpg,isic_0054126,5,252f943ab370f224c35b0e00f2d2370e50013bfb1d55560797c1b9ba1d5b8cd9,20376
C:\SRS(ISIC_2019)\Dataset\NV\ISIC_0054166.jpg,isic_0054166,5,7ffa35903bb29abd6d6cc7a852e35e3b330460119eb1d3b6d5b1ebf5a33f49ed,20383
C:\SRS(ISIC_2019)\Dataset\NV\ISIC_0054211.jpg,isic_0054211,5,08c2bbe6a7d6ac21e3ebf2e0b24940d34b9ba0b40e5d0316ef2bbb301933f1fa,20389
C:\SRS(ISIC_2019)\Dataset\NV\ISIC_0054230.jpg,isic_0054230,5,3ec5632aede332f835c1658ef0634aa377841d60b4bc73455dd1e4a9ff8485d0,20391
C:\SRS(ISIC_2019)\Dataset\NV\ISIC_0054308.jpg,isic_0054308,5,e2c8b6bd4c83beda6e8379ac2381a36e63bfae11379d0c24b2a9cc10f7702b53,20410
C:\SRS(ISIC_2019)\Dataset\NV\ISIC_0054456.jpg,isic_0054456,5,62075929299127465a865243e026a25f7a7a7f9f21d478699e0f04cfef04ad92,20441
C:\SRS(ISIC_2019)\Dataset\NV\ISIC_0054476.jpg,isic_0054476,5,18b8e5ad6800abfc4c49fc98aad74df4212857adf146b023a431dc21cf8d38a1,20443
C:\SRS(ISIC_2019)\Dataset\NV\ISIC_0054538.jpg,isic_0054538,5,03a20552e39b48f698a90f3b69042a2e9b57d16e0d9f45d764124adf460551df,20458
C:\SRS(ISIC_2019)\Dataset\NV\ISIC_0054596.jpg,isic_0054596,5,af38e0b44c58f06568f5959cd553634fcd47b8194f5344a551a430a6de3fa062,20475
C:\SRS(ISIC_2019)\Dataset\NV\ISIC_0054696.jpg,isic_0054696,5,37a7040cefa8a5acc0eed1bc99dda1de1fdbf91fb756928683cfe0c3eaecc8f6,20497
C:\SRS(ISIC_2019)\Dataset\NV\ISIC_0054749.jpg,isic_0054749,5,069e5722b9970627ae7d501e94b0d3d1e82f6762e5c9f2fb39b730f7945b0384,20511
C:\SRS(ISIC_2019)\Dataset\NV\ISIC_0054864.jpg,isic_0054864,5,9bf3bee836dc2dcf65e5129447860d82aed3773f69a17e2eb263322d9aeae7bd,20532
C:\SRS(ISIC_2019)\Dataset\NV\ISIC_0054964.jpg,isic_0054964,5,b0821277d02c85dab94943f082fda7c73f817d68ce141c8d84dee7daa4547e89,20555
C:\SRS(ISIC_2019)\Dataset\NV\ISIC_0055053.jpg,isic_0055053,5,3aa62e9c6c2da8d664b7ecda5761b6a4825813e743102eecf269a55cd4649e60,20567
C:\SRS(ISIC_2019)\Dataset\NV\ISIC_0055148.jpg,isic_0055148,5,664efefdb27a4346ad5f5e2742d391725fe6381a01515507d3994c591c407613,20586
C:\SRS(ISIC_2019)\Dataset\NV\ISIC_0055237.jpg,isic_0055237,5,f73aacfd0b0913d592c8062d571748413c88972426cde3fce583432c849ea645,20599
C:\SRS(ISIC_2019)\Dataset\NV\ISIC_0055310.jpg,isic_0055310,5,c95b217a0d40ef158bedb8f8404289de1a2f99097d452181ec1bacd7701d22a5,20617
C:\SRS(ISIC_2019)\Dataset\NV\ISIC_0055552.jpg,isic_0055552,5,ebff11be9d97a61ee265f420c2d316d964c834aa92275459bc5cccbae811f874,20667
C:\SRS(ISIC_2019)\Dataset\NV\ISIC_0055564.jpg,isic_0055564,5,0e8c844845ec368d6ba30557ef1a89c52ed03ed685c7c4bf7cc310161621444f,20669
C:\SRS(ISIC_2019)\Dataset\NV\ISIC_0055608.jpg,isic_0055608,5,847f77628115d5ba86647c5284a97259f0dc55c9b9f0b99cc8447b61f933b83a,20679
C:\SRS(ISIC_2019)\Dataset\NV\ISIC_0055826.jpg,isic_0055826,5,2e12269d8d0c339d96ac1a80f93537ad3d121dd44f4af543f7a7188deb8be644,20720
C:\SRS(ISIC_2019)\Dataset\NV\ISIC_0055917.jpg,isic_0055917,5,d6804c7ff32d05ff839e89233e742c37b6d6e79a8f0f7c61fe9c46c638212390,20742
C:\SRS(ISIC_2019)\Dataset\NV\ISIC_0056197.jpg,isic_0056197,5,872643bae400ac183bba17519137bf4f3b16ad7eae0c1acc5ba9e9a1c8e63c67,20796
C:\SRS(ISIC_2019)\Dataset\NV\ISIC_0056301.jpg,isic_0056301,5,c3a2a3183d1cb012d8553814cf6c0a0ee64069455c6224c48d262285309c3369,20816
C:\SRS(ISIC_2019)\Dataset\NV\ISIC_0056458.jpg,isic_0056458,5,a3946ca78679ffe2f1e3dadc6701a624ee37fb24790f9139d86cfe4ebcd5a44b,20860
C:\SRS(ISIC_2019)\Dataset\NV\ISIC_0056509.jpg,isic_0056509,5,2a3afc544b2a2a6dc4ae89fd0c202d08646f78075293f184e8b970488533c397,20873
C:\SRS(ISIC_2019)\Dataset\NV\ISIC_0056698.jpg,isic_0056698,5,2838077837c5cd819aae72821bd1ba3d2737af4a439296525b72f0a682f72ca5,20915
C:\SRS(ISIC_2019)\Dataset\NV\ISIC_0056757.jpg,isic_0056757,5,72bac5542c9621aa83bb51d649accaf7e6907a2ec1691895065bb63483001c8b,20926
C:\SRS(ISIC_2019)\Dataset\NV\ISIC_0056789.jpg,isic_0056789,5,fb33766d8da79c85f9afd8b8ac3d3031d1fef0b5ed24690c838497dc212a7977,20935
C:\SRS(ISIC_2019)\Dataset\NV\ISIC_0056880.jpg,isic_0056880,5,639b3f66e50bc4b0c49809e8948685a8134656a44a4dc1c37b0f0693c2014794,20959
C:\SRS(ISIC_2019)\Dataset\NV\ISIC_0056960.jpg,isic_0056960,5,f0d52d3cf3518d432aa475ca7157aa7120371ac477240b48161795f9b347f258,20974
C:\SRS(ISIC_2019)\Dataset\NV\ISIC_0056997.jpg,isic_0056997,5,0ef69b646ad077e32e5089c4b7ceb8a0aeb6ef65d834c278179dedff4414f53d,20982
C:\SRS(ISIC_2019)\Dataset\NV\ISIC_0057153.jpg,isic_0057153,5,c228eae1aa415f520013b79bb204174fc67af0c0daf06a523adc31579a391980,21016
C:\SRS(ISIC_2019)\Dataset\NV\ISIC_0057440.jpg,isic_0057440,5,78954c0487f083b8dff45c07e24be50878f3f866e012086ddcef75cca419d248,21073
C:\SRS(ISIC_2019)\Dataset\NV\ISIC_0057487.jpg,isic_0057487,5,24e63edbf56a43bbe4aca91a9f2c52ba92c4699270ad7796ecbfe356de38f642,21085
C:\SRS(ISIC_2019)\Dataset\NV\ISIC_0057562.jpg,isic_0057562,5,ca4747ea1ac3bfe82b7c8339c46b5a2f29620b3118e895b07fc62eebd33f7d79,21098
C:\SRS(ISIC_2019)\Dataset\NV\ISIC_0057571.jpg,isic_0057571,5,1e1e78d89fcfd5f1c0a0f625762ebf26a7c65a642a1454a06344d790bd0d2e6f,21100
C:\SRS(ISIC_2019)\Dataset\NV\ISIC_0057681.jpg,isic_0057681,5,352ec879bbdc7b2b89d4f2d6fb683e60a6a7e7eec5c8dead8b4a249ff3c60296,21118
C:\SRS(ISIC_2019)\Dataset\NV\ISIC_0057763.jpg,isic_0057763,5,a997b4eefa293c96f694d6f71786de234dbbd6ef84872e9eb5fae02769ff4a59,21134
C:\SRS(ISIC_2019)\Dataset\NV\ISIC_0057923.jpg,isic_0057923,5,13f347306813a3928240b0604d508400a4d3d52f52a8e12d6a59c73c17e084c6,21170
C:\SRS(ISIC_2019)\Dataset\NV\ISIC_0057970.jpg,isic_0057970,5,5479bb74f90479c0449c2ea4414ca2a77e37322a0702de885fcd9e8d64949197,21184
C:\SRS(ISIC_2019)\Dataset\NV\ISIC_0058073.jpg,isic_0058073,5,365c57a8fbbf9f63619dccf67253c908d1c9a4db23e93af2d00ec66f2d036c68,21201
C:\SRS(ISIC_2019)\Dataset\NV\ISIC_0058147.jpg,isic_0058147,5,49e9171d74a2eb07f848422ed961174bd6648aaa4b4ba9edb1fd937bc40777f3,21218
C:\SRS(ISIC_2019)\Dataset\NV\ISIC_0058156.jpg,isic_0058156,5,de82a9a4e66b8ee94da262fb3c1b9f6fb6a76c885cbeb7ee4c2a660c6cae9c52,21220
C:\SRS(ISIC_2019)\Dataset\NV\ISIC_0058183.jpg,isic_0058183,5,c4f744661092f3ae4b4eaa156eeadf3babeaa9cd70ce04cbd91a82c2b2eeb17e,21227
C:\SRS(ISIC_2019)\Dataset\NV\ISIC_0058495.jpg,isic_0058495,5,231015d9bbeda2c5c896694482358863a4aee68d70eb9dcacfafa713b962f4f2,21281
C:\SRS(ISIC_2019)\Dataset\NV\ISIC_0058531.jpg,isic_0058531,5,8a639ad7adb000ab625d6c13e3bd317746ab55ce9edf8edd57d5df4ee9e8460a,21289
C:\SRS(ISIC_2019)\Dataset\NV\ISIC_0058606.jpg,isic_0058606,5,16b4688c566dbefd49115005f163989afa9d35288119cbbc01f2efdae24ffa3b,21307
C:\SRS(ISIC_2019)\Dataset\NV\ISIC_0058634.jpg,isic_0058634,5,75120fd0d3826dad4edf3250c8aae32e764a0b09674762d525ab3340adc12938,21312
C:\SRS(ISIC_2019)\Dataset\NV\ISIC_0058736.jpg,isic_0058736,5,1a4ad949d6013c0e88977b8cf9bdc931192ec157cd2f4cd17c1f10af5bfe5a9d,21337
C:\SRS(ISIC_2019)\Dataset\NV\ISIC_0058761.jpg,isic_0058761,5,a6de0ed0bc24454bcc2f455e836cf5b4256f280bffb93cc7ead56afc577f2227,21343
C:\SRS(ISIC_2019)\Dataset\NV\ISIC_0058772.jpg,isic_0058772,5,20a46c7182e15e9ae7f9c555b1c7e9d776dcb68c2f9aa3f92e4124e9f1112ea1,21345
C:\SRS(ISIC_2019)\Dataset\NV\ISIC_0059019.jpg,isic_0059019,5,e789862c925b656df673da0b9e1146c28c02b96f9a9c46a2ca923dd0556756da,21402
C:\SRS(ISIC_2019)\Dataset\NV\ISIC_0059068.jpg,isic_0059068,5,ebbb5cac298c08836b313441c8465d3b2d98ff206f917fc9795c7cc37922c422,21412
C:\SRS(ISIC_2019)\Dataset\NV\ISIC_0059166.jpg,isic_0059166,5,c26969ec4377a163131d8ff67a6d153fe642b631bc511e546b44556b146ee264,21426
C:\SRS(ISIC_2019)\Dataset\NV\ISIC_0059208.jpg,isic_0059208,5,db18d64fc2a13f2200b7451b8b68926c0089874dd5be6e32fcd5173bd12df15a,21433
C:\SRS(ISIC_2019)\Dataset\NV\ISIC_0059221.jpg,isic_0059221,5,d976e0420a7393e83b368481bbf0e71b835ab3d0efeb41f587ab1fa9fb85a869,21437
C:\SRS(ISIC_2019)\Dataset\NV\ISIC_0059239.jpg,isic_0059239,5,a1dfe1a658647f3f87cb5aab48ad29d3d874d03d4fea638cbca8639d92123bf8,21441
C:\SRS(ISIC_2019)\Dataset\NV\ISIC_0059322.jpg,isic_0059322,5,21473a8c615896ea0ddb11eebb06bd893de01a226b359d16322c112df5068a38,21461
C:\SRS(ISIC_2019)\Dataset\NV\ISIC_0059379.jpg,isic_0059379,5,ef76a0677957faa618b0e1fb62e538c03bfef64f24af5e0d407370661a95d84c,21475
C:\SRS(ISIC_2019)\Dataset\NV\ISIC_0059457.jpg,isic_0059457,5,de7664e6e69f77ce83465ea693ff23358c94ae87ce9061cde95210a103bfc4a2,21496
C:\SRS(ISIC_2019)\Dataset\NV\ISIC_0059583.jpg,isic_0059583,5,926c1f0eceacf8f487c152c129a1e78374b52c8bcb7575f685c9c0ff8143dfbb,21523
C:\SRS(ISIC_2019)\Dataset\NV\ISIC_0059921.jpg,isic_0059921,5,66db55f2ebf472507887689133849988b40bdd44db67ebc7755ff4787ed2d6bb,21597
C:\SRS(ISIC_2019)\Dataset\NV\ISIC_0059962.jpg,isic_0059962,5,0f2d92728b42b783239dd28e7919d77e1dfefbe883703f1e9e5faacce82bfd23,21606
C:\SRS(ISIC_2019)\Dataset\NV\ISIC_0059979.jpg,isic_0059979,5,807a46aceb1de4cf33036829e6a7b60a5b47563c4781c4781473eb59d7922c6d,21611
C:\SRS(ISIC_2019)\Dataset\NV\ISIC_0060068.jpg,isic_0060068,5,961abc2600d78bbea8b8236d81aef7ae93e5da61510de70dcb5a9c3ade6741d3,21633
C:\SRS(ISIC_2019)\Dataset\NV\ISIC_0060084.jpg,isic_0060084,5,838a16835265674906b0cfbb00c8d06ddaed469d98fed87362ed50274632de5b,21634
C:\SRS(ISIC_2019)\Dataset\NV\ISIC_0060245.jpg,isic_0060245,5,09240d760be073cc4936e5afca4b1d08c88b2b8d220033b0a7f71eb0583649dd,21659
C:\SRS(ISIC_2019)\Dataset\NV\ISIC_0060312.jpg,isic_0060312,5,ac1d915e23a1af09d62316e87fb7705b9f11e24a8d7ec6a74f25f4e3ece0f82c,21678
C:\SRS(ISIC_2019)\Dataset\NV\ISIC_0060378.jpg,isic_0060378,5,57a7134756ef389291632366b0ba91514184663c253f64812e560deeb805f8de,21692
C:\SRS(ISIC_2019)\Dataset\NV\ISIC_0060388.jpg,isic_0060388,5,c90ea5a2551d9e7d3a47cc3cb17764685aec32c2dfa87c4fb1bc48b4becffb99,21693
C:\SRS(ISIC_2019)\Dataset\NV\ISIC_0060451.jpg,isic_0060451,5,f1eb24cd1dbf78530813a906c06fa6ce6649986701f32c74664e63c05f4962a9,21703
C:\SRS(ISIC_2019)\Dataset\NV\ISIC_0060745.jpg,isic_0060745,5,f615f7e0536ced6de853f1c98b046a7543f8d6da000fc424e95f18f507561848,21771
C:\SRS(ISIC_2019)\Dataset\NV\ISIC_0060848.jpg,isic_0060848,5,09e8d495e0e8367ef634940c56a57b352846cd25972c19299b14ff59ba62da2e,21788
C:\SRS(ISIC_2019)\Dataset\NV\ISIC_0060877.jpg,isic_0060877,5,983e77147d53a667ae125d6b111b3bd047c3b741e68fabc7734a3550d4d6d8a6,21796
C:\SRS(ISIC_2019)\Dataset\NV\ISIC_0061133.jpg,isic_0061133,5,67a4b7c77648d7a26fec4ab07173b4d1a0ba00b8671bc3abd26774de5447e10f,21840
C:\SRS(ISIC_2019)\Dataset\NV\ISIC_0061302.jpg,isic_0061302,5,2ee2120250c208fbf2e6b62da1f34c9bace94b3694f623d77b52f19b0955f766,21867
C:\SRS(ISIC_2019)\Dataset\NV\ISIC_0061312.jpg,isic_0061312,5,54c1d7318ceb15289ec447b8d7dd33ac29afb8eba61984dedcc8305ecfb11294,21869
C:\SRS(ISIC_2019)\Dataset\NV\ISIC_0061614.jpg,isic_0061614,5,0ba6facc04cd322baa7feb2dc919c682dbf321744b8f9a3fef6f979e25993651,21921
C:\SRS(ISIC_2019)\Dataset\NV\ISIC_0061648.jpg,isic_0061648,5,0dd8e78dc6db93289f802de70759243697f6db9f1d01e4ec46f847d92e33d9a6,21929
C:\SRS(ISIC_2019)\Dataset\NV\ISIC_0061649.jpg,isic_0061649,5,6d2bcaff9a17b98d1a2e96e27abbe4d8a1aaacee6aec2e238dd50bc60426c73c,21930
C:\SRS(ISIC_2019)\Dataset\NV\ISIC_0061742.jpg,isic_0061742,5,07fee91ff8f4f0141b5b0f2f67e8ac20f4c8690b8fd40891a1aa350ca2a818df,21948
C:\SRS(ISIC_2019)\Dataset\NV\ISIC_0061838.jpg,isic_0061838,5,c07e465771789a4ff4c55286c725abeb8ca9452afaf4168ccbf28782e5c607ab,21967
C:\SRS(ISIC_2019)\Dataset\NV\ISIC_0061873.jpg,isic_0061873,5,01ba3d72e4bfa6e6bce02d7969f0270c4f4267f70c2bcfe5a3b0092d02121aba,21982
C:\SRS(ISIC_2019)\Dataset\NV\ISIC_0061987.jpg,isic_0061987,5,f67ab0d9725991bf7d6e500dbd29a22818399a4a9713a407a61117f58ebbf766,22000
C:\SRS(ISIC_2019)\Dataset\NV\ISIC_0062201.jpg,isic_0062201,5,4c861bd61fdbdfc63ee0716a62be0959c77c6684acfcf51eddcfb8fc097d74ab,22048
C:\SRS(ISIC_2019)\Dataset\NV\ISIC_0062249.jpg,isic_0062249,5,dcf11022b5df4ad2b5d66897cba89584ef4ac2b609595a81474cdf5ba1e83bb3,22056
C:\SRS(ISIC_2019)\Dataset\NV\ISIC_0062275.jpg,isic_0062275,5,5e7c3d82f60113442f6d1773402e4dc76de72e97cf211295e93bee08b60727ae,22061
C:\SRS(ISIC_2019)\Dataset\NV\ISIC_0062297.jpg,isic_0062297,5,8996848f6ae1d7c8608e0ebd6f951692fa06070bdcd122cbd5f9d3c2bec22102,22067
C:\SRS(ISIC_2019)\Dataset\NV\ISIC_0062319.jpg,isic_0062319,5,57ad7c53af9e6e4e964e30ac4029df7e8c5ccc5a4e0ef405a91361dd7e48612e,22072
C:\SRS(ISIC_2019)\Dataset\NV\ISIC_0062400.jpg,isic_0062400,5,d43e138907bc491fc5203d32e670d16778797f984ebee20056eee6f0978adc0e,22093
C:\SRS(ISIC_2019)\Dataset\NV\ISIC_0062704.jpg,isic_0062704,5,1653182eb34a096ec6f33d0b035a3614dcab339affc8bbcf3cea5df12a972bfb,22161
C:\SRS(ISIC_2019)\Dataset\NV\ISIC_0062726.jpg,isic_0062726,5,b8533365a84bfb5c97fc09f8c79046d5dff216abb612d3608c4ca074508cba81,22167
C:\SRS(ISIC_2019)\Dataset\NV\ISIC_0062772.jpg,isic_0062772,5,e4ab498713290912a1a298ac17d8f4c63ddd83e7cabc2b810b1ef965d59a48a4,22175
C:\SRS(ISIC_2019)\Dataset\NV\ISIC_0062783.jpg,isic_0062783,5,8d204acdbc8663b98374f8459c7a8340a18310b49b8f71728213b95bce282b34,22179
C:\SRS(ISIC_2019)\Dataset\NV\ISIC_0062819.jpg,isic_0062819,5,bc7e5e2f6ca19aa36e4c15bf802b500df0526265166f585f2ed5fb4b08d24f8a,22191
C:\SRS(ISIC_2019)\Dataset\NV\ISIC_0062872.jpg,isic_0062872,5,f03e947997cef2e78b6e51418ddbedee4bf34d34f267ae8e9a8e150a721f62a8,22206
C:\SRS(ISIC_2019)\Dataset\NV\ISIC_0062917.jpg,isic_0062917,5,1a52fc63b2dd05640dac0b79c46eecf407e6b917dad60ddac2160fe3a65da1f2,22217
C:\SRS(ISIC_2019)\Dataset\NV\ISIC_0062997.jpg,isic_0062997,5,68a1b8d7319b7d50ed998586a7f26fe32330c3faf6cc1dc42f5410871be6d808,22233
C:\SRS(ISIC_2019)\Dataset\NV\ISIC_0063034.jpg,isic_0063034,5,2fd2849a49f867f396fed824bf37ca20db0ca07888e95b00f581c505e15c2987,22242
C:\SRS(ISIC_2019)\Dataset\NV\ISIC_0063141.jpg,isic_0063141,5,1c5d4550a04394d9f954ab7f56c449516f7e1838572ea4e090f75ffe1166e20f,22260
C:\SRS(ISIC_2019)\Dataset\NV\ISIC_0063179.jpg,isic_0063179,5,93c2621e4586a245d60bf0f57074f05a221ccf9037b057e12ad520ec9ce333c6,22265
C:\SRS(ISIC_2019)\Dataset\NV\ISIC_0063337.jpg,isic_0063337,5,bbfa3028ebd2ba3f35e3728207a1b688b4a6d0042744344802c4ae7be9f81118,22296
C:\SRS(ISIC_2019)\Dataset\NV\ISIC_0063440.jpg,isic_0063440,5,512037b9da1c14b58cd6eb2a88887106a7ca2a4e45cebd6bcfdb0be42e9243c4,22319
C:\SRS(ISIC_2019)\Dataset\NV\ISIC_0063574.jpg,isic_0063574,5,dab7b0495111e3987a635fb5443506e5725f01c5dc218ddf906d5dc1169a37e6,22346
C:\SRS(ISIC_2019)\Dataset\NV\ISIC_0063585.jpg,isic_0063585,5,f7351e6299090f614759bb7d9b3058435efa18a2137d947491c41413d5b789d6,22350
C:\SRS(ISIC_2019)\Dataset\NV\ISIC_0063909.jpg,isic_0063909,5,6e87c80d5723a461c42f524b782715fba05d905888a771852d57faa68246554c,22425
C:\SRS(ISIC_2019)\Dataset\NV\ISIC_0064011.jpg,isic_0064011,5,03d9c1c44879d84af9dd14be84e252eca1b45852da652277a1443fcf8059a675,22454
C:\SRS(ISIC_2019)\Dataset\NV\ISIC_0064036.jpg,isic_0064036,5,9da65fc771771f4fbb4e02bbd215a5459dc7c56d15f4d321be46038bb065cd34,22459
C:\SRS(ISIC_2019)\Dataset\NV\ISIC_0064125.jpg,isic_0064125,5,68a9f8e285734c3a0881837f6a00360a3157bc66700a9ed79d3a6f9c9e303f50,22476
C:\SRS(ISIC_2019)\Dataset\NV\ISIC_0064159.jpg,isic_0064159,5,df4fb040ed2b8688049536bb9b67ba9b14d1682eee5ee0660f01030f52306c2c,22482
C:\SRS(ISIC_2019)\Dataset\NV\ISIC_0064217.jpg,isic_0064217,5,2c74ca9708cadd82886fa8cdb6eb4a4732fd3f73527b1d9907d5d49b325cdbdb,22496
C:\SRS(ISIC_2019)\Dataset\NV\ISIC_0064239.jpg,isic_0064239,5,98cdfc2deb12adbc98dd30a47f708bb35c12b19ed6c7894e9e0bb293ee7bd226,22500
C:\SRS(ISIC_2019)\Dataset\NV\ISIC_0064274.jpg,isic_0064274,5,a68c31a63a0c50082dd0c48396ed3ba3eefe4fa34a1c4cdbf66eb00763569116,22507
C:\SRS(ISIC_2019)\Dataset\NV\ISIC_0064528.jpg,isic_0064528,5,23e7862ae828d2927b72e8e51634ed1a15b2d2fe9cf6b3c2d97e3398e99a56ce,22564
C:\SRS(ISIC_2019)\Dataset\NV\ISIC_0064768.jpg,isic_0064768,5,3b80bc4a631073d4f4fe5e4b608b21f628468f92b022b98841234e6a49b4a37f,22616
C:\SRS(ISIC_2019)\Dataset\NV\ISIC_0065067.jpg,isic_0065067,5,d0707d2258983df32c4045156124f481190f0a8efdd92acb7c3090e5d88f3148,22676
C:\SRS(ISIC_2019)\Dataset\NV\ISIC_0065161.jpg,isic_0065161,5,14e6b66d971ba96d0aa996e747f33c6a42fd06612f0fc58cbdb43146d1e16271,22691
C:\SRS(ISIC_2019)\Dataset\NV\ISIC_0065182.jpg,isic_0065182,5,aa99a3d28e51f4c12faf3ae8abd1b54049b233601150778346c6d3063035096e,22695
C:\SRS(ISIC_2019)\Dataset\NV\ISIC_0065274.jpg,isic_0065274,5,df584c95e38f666eb611b950b5fd21efd192f41ea1102e697b7ba487af1ae022,22719
C:\SRS(ISIC_2019)\Dataset\NV\ISIC_0065353.jpg,isic_0065353,5,1a7f6310eae362a93e34a067db475f307ba552ecc710278f971ddcf621021d93,22742
C:\SRS(ISIC_2019)\Dataset\NV\ISIC_0065357.jpg,isic_0065357,5,a11993a62278ec401a7cf9ebbbdcc9e5f09f94827f95ad0964a58057ce62c86b,22743
C:\SRS(ISIC_2019)\Dataset\NV\ISIC_0065426.jpg,isic_0065426,5,0c09ce6c979338d0589eed743c1429b767f648f220c1e0f3efca00438b55e4fe,22761
C:\SRS(ISIC_2019)\Dataset\NV\ISIC_0065536.jpg,isic_0065536,5,6db6dab851c989128b5fb2ccff92ea0c0269fe4d7b328ddf25fc99e55a32510a,22784
C:\SRS(ISIC_2019)\Dataset\NV\ISIC_0065572.jpg,isic_0065572,5,62ae0cd7d946d8f7c6bbc4ef07ace0407482bf4d1ea86b05e078a0f88da7d87a,22791
C:\SRS(ISIC_2019)\Dataset\NV\ISIC_0065595.jpg,isic_0065595,5,ca43b45153a0881503e964e6d60473779ac733196ccb3bca86cf17b056d2cdb1,22799
C:\SRS(ISIC_2019)\Dataset\NV\ISIC_0065601.jpg,isic_0065601,5,9d31912bd69174e98e8189a7ab53e1e3fd170e15757155c9328dee6f1d5e6851,22801
C:\SRS(ISIC_2019)\Dataset\NV\ISIC_0065603.jpg,isic_0065603,5,500614d906360e43ca531a3467ab4f9b8bea03d0a5b60b2c44e433d5c9c39f84,22802
C:\SRS(ISIC_2019)\Dataset\NV\ISIC_0065689.jpg,isic_0065689,5,f1ff3c32726bfb946553c76d259c4eb125186ca318b9fce29b5d25e0adb7d493,22817
C:\SRS(ISIC_2019)\Dataset\NV\ISIC_0065732.jpg,isic_0065732,5,7ca9eec81f9760d63d28735990bd96e252fb3d294413077117f99c57cd4ea568,22823
C:\SRS(ISIC_2019)\Dataset\NV\ISIC_0065809.jpg,isic_0065809,5,e27dfb47f5c4c4a44eb33731c476efd63974ea6c95a8b5eae1e773314a5a5b8b,22839
C:\SRS(ISIC_2019)\Dataset\NV\ISIC_0065818.jpg,isic_0065818,5,4b750d98fb32584a44cfe55f0428a7a7ba12fdd8c91ca2e4a4cbf8e354463a9d,22841
C:\SRS(ISIC_2019)\Dataset\NV\ISIC_0065819.jpg,isic_0065819,5,be7911ec746395ff65ab72d5350025bebc7f58e2267e884ebbdab2173f509831,22842
C:\SRS(ISIC_2019)\Dataset\NV\ISIC_0065842.jpg,isic_0065842,5,02731a12799796f62863b88837665a61e32ddcfa6934a7acce42fb79b196eb18,22847
C:\SRS(ISIC_2019)\Dataset\NV\ISIC_0066000.jpg,isic_0066000,5,5d15ec62a27649fd2183e42cfd7e87cdecf9b27cf5dff7d279c6c0fa28a2ea39,22876
C:\SRS(ISIC_2019)\Dataset\NV\ISIC_0066067.jpg,isic_0066067,5,80619af49a8454eee15a079a50659f2a3390c37f88c82ab85fd8972211d494bf,22892
C:\SRS(ISIC_2019)\Dataset\NV\ISIC_0066068.jpg,isic_0066068,5,65d2194661c11048f12a9d339c946d533038625eb9508bb40edf49ed1ac1a77b,22893
C:\SRS(ISIC_2019)\Dataset\NV\ISIC_0066139.jpg,isic_0066139,5,66c655557d8c4e8d82e3a0c1dfcede2046a1d0314584567aa78cb8456072fea2,22903
C:\SRS(ISIC_2019)\Dataset\NV\ISIC_0066211.jpg,isic_0066211,5,dd52d5b9824459ede98525cbe24810ece97f3126d0926087b0c2a6804f524dba,22912
C:\SRS(ISIC_2019)\Dataset\NV\ISIC_0066349.jpg,isic_0066349,5,67207a690e71f2c32f25823fc3e7bc871aca70a0d497626bc8336ca84d751577,22947
C:\SRS(ISIC_2019)\Dataset\NV\ISIC_0066458.jpg,isic_0066458,5,651a44a46117c4da8acc4a5ab74f811f67693eb67031b5b596152a8184fac465,22968
C:\SRS(ISIC_2019)\Dataset\NV\ISIC_0066529.jpg,isic_0066529,5,78c57803a8c06d9a38feb582ac0621c4bd66262ef26001ea296d08a389c6946a,22979
C:\SRS(ISIC_2019)\Dataset\NV\ISIC_0066567.jpg,isic_0066567,5,484afc29f8ff5ec700b740ac7edabe9d5dd346765a05d89c420484744b3af905,22986
C:\SRS(ISIC_2019)\Dataset\NV\ISIC_0066628.jpg,isic_0066628,5,78e011f87ba58010603f570cae7e074081a6def6b130188da0f03577b40a9426,22998
C:\SRS(ISIC_2019)\Dataset\NV\ISIC_0066884.jpg,isic_0066884,5,bc79742bfd44f70f7e1989abfe50f6246ec6bf2f1b1f799e7786265199f54b50,23052
C:\SRS(ISIC_2019)\Dataset\NV\ISIC_0067027.jpg,isic_0067027,5,3c76087370e5cf582e258d46d1b50ac36eb9bfb8246e921fe564c4767beb06a2,23079
C:\SRS(ISIC_2019)\Dataset\NV\ISIC_0067031.jpg,isic_0067031,5,3ea9f9b30ed4e1fb19499ac9011f3f3dbca4e2c13cee892970f0c786eeac11c2,23081
C:\SRS(ISIC_2019)\Dataset\NV\ISIC_0067058.jpg,isic_0067058,5,b971707a1b854d771a5665262678e8391ef2189fcd8af049195469e818382bdd,23088
C:\SRS(ISIC_2019)\Dataset\NV\ISIC_0067178.jpg,isic_0067178,5,2974c8ef032120fe43043702603a88cd56e39e654c993c6b5ff3a6aaf865925f,23112
C:\SRS(ISIC_2019)\Dataset\NV\ISIC_0067214.jpg,isic_0067214,5,7f117411469ea78204981eb2d539b25adfef709f1f4af07f1f4388bba7368885,23118
C:\SRS(ISIC_2019)\Dataset\NV\ISIC_0067242.jpg,isic_0067242,5,d4967af431464f81862cb36601d48eeb389ccb5316e4e999809f832214aebf20,23126
C:\SRS(ISIC_2019)\Dataset\NV\ISIC_0067412.jpg,isic_0067412,5,5584de836c3b6795f97e1269b2ce15ad8c6af2a7a2a313b036e3369ac8aabaef,23163
C:\SRS(ISIC_2019)\Dataset\NV\ISIC_0067427.jpg,isic_0067427,5,b58a70173fc23ce7ff92e9513b4b55407a6ba4ca7f331a14c42b316155888064,23167
C:\SRS(ISIC_2019)\Dataset\NV\ISIC_0067498.jpg,isic_0067498,5,3de6e35a6daf4629ccb8539c07886e599bf5d29250cc09dd1acf83be70922307,23191
C:\SRS(ISIC_2019)\Dataset\NV\ISIC_0067652.jpg,isic_0067652,5,a818ae1ba1a586ad424413fb87d670fed20099537b61392a809f7e8641bcd9f3,23218
C:\SRS(ISIC_2019)\Dataset\NV\ISIC_0067673.jpg,isic_0067673,5,bc4cfa4c5c7e49508638a00073fabede80f7fcde7ce5c462d8ea3c46222e2409,23224
C:\SRS(ISIC_2019)\Dataset\NV\ISIC_0067710.jpg,isic_0067710,5,6e89c46c638325fb2704a8591ae297b338fc956a4839fc99558135318ba94d0d,23234
C:\SRS(ISIC_2019)\Dataset\NV\ISIC_0067715.jpg,isic_0067715,5,5084281683d1ff3c8ea9e2df79e1e20b738984215e28845a38b97a426affc897,23235
C:\SRS(ISIC_2019)\Dataset\NV\ISIC_0067841.jpg,isic_0067841,5,350a2ddd99ba4920488b75578ee88b0fb3097bef2e795a8ec086d01ea2d847f8,23264
C:\SRS(ISIC_2019)\Dataset\NV\ISIC_0067870.jpg,isic_0067870,5,765bbc34ecb5badd7b6b13e733c4535b624530df71b01cdf23b8381f6e449315,23272
C:\SRS(ISIC_2019)\Dataset\NV\ISIC_0067916.jpg,isic_0067916,5,3743b9d94ff5f09d7156dbecd6a197cd195a1d264d6ee6c8ab5486a9c0604755,23282
C:\SRS(ISIC_2019)\Dataset\NV\ISIC_0068368.jpg,isic_0068368,5,b8ef4ec22c14235c3e903bc8a48f74fabfc00cd9eada7da63e9983f84dfea507,23389
C:\SRS(ISIC_2019)\Dataset\NV\ISIC_0068456.jpg,isic_0068456,5,b4c0f35e1c1c6df430ebdf511253b8bf67a1046d2639c293d8d226602719ccda,23414
C:\SRS(ISIC_2019)\Dataset\NV\ISIC_0068491.jpg,isic_0068491,5,bd85eb0a42656633fb628b2c29eac9526ef55d2335b259e589742c8df231c8c1,23425
C:\SRS(ISIC_2019)\Dataset\NV\ISIC_0068500.jpg,isic_0068500,5,95d5229432e2feee0d019385f6daf95461d82fed2a77c787026d5f34ca17a761,23428
C:\SRS(ISIC_2019)\Dataset\NV\ISIC_0068610.jpg,isic_0068610,5,43f9f6b09ff134f3a5a79ce57787be3a5c760949cc577cbeb48419ad52fdd86c,23452
C:\SRS(ISIC_2019)\Dataset\NV\ISIC_0068724.jpg,isic_0068724,5,62a8ac7e63739080c93542eb0334755f90dc532ed761ee35a928d04e9264f633,23483
C:\SRS(ISIC_2019)\Dataset\NV\ISIC_0068728.jpg,isic_0068728,5,2eaebfad8a7c10ffe92b8c800ab11162fe606c358ecfc38df78a831e569e572d,23485
C:\SRS(ISIC_2019)\Dataset\NV\ISIC_0069090.jpg,isic_0069090,5,3d04eedbcb397ce3e895a6f2bf889edc9dc967e4b060505623c2e31d41548e0b,23562
C:\SRS(ISIC_2019)\Dataset\NV\ISIC_0069121.jpg,isic_0069121,5,c3632c38eea34fd29ba7e6f6eab3dd76e1d85567bc15e6e44fe74f0972f7bc8c,23570
C:\SRS(ISIC_2019)\Dataset\NV\ISIC_0069334.jpg,isic_0069334,5,e454cb582717873aa3e088dafc2a56ee70eb1d8736befccfa7925d9d10863083,23621
C:\SRS(ISIC_2019)\Dataset\NV\ISIC_0069349.jpg,isic_0069349,5,600d4689fe00dde42e89e1e04238946219cd6cf2db1a4c53351ff5bc17424d03,23627
C:\SRS(ISIC_2019)\Dataset\NV\ISIC_0069545.jpg,isic_0069545,5,9fc6188f40859018a7d2d7314352cd081c1ef9575fafcfd93c5bc9871d30d35c,23671
C:\SRS(ISIC_2019)\Dataset\NV\ISIC_0069597.jpg,isic_0069597,5,bd8dd6bb29083c12ebf96f34c9cc7d51924ef9da2b44e4a31249b48861007548,23687
C:\SRS(ISIC_2019)\Dataset\NV\ISIC_0069619.jpg,isic_0069619,5,f8541fd9219da5a92ee9d61b66b04e9d17ea3c0c72ea8800c3fa9a3de654241d,23693
C:\SRS(ISIC_2019)\Dataset\NV\ISIC_0069839.jpg,isic_0069839,5,d0d8dd17083f077201c110030fff7cf42ae9fb36ff28675a1fecbd2fab5cd93c,23737
C:\SRS(ISIC_2019)\Dataset\NV\ISIC_0069903.jpg,isic_0069903,5,3265042a5a1d69857a6bc33b9e0b8b598b3ff522d0018524a86625e5272c4c60,23751
C:\SRS(ISIC_2019)\Dataset\NV\ISIC_0069955.jpg,isic_0069955,5,369fe12dba6695b856527e7895029e10260595489596ecf59a935be1069f73ce,23764
C:\SRS(ISIC_2019)\Dataset\NV\ISIC_0070044.jpg,isic_0070044,5,d532f5df277346e560786c21f86538de4c0049537250b0d733712c275d833d50,23783
C:\SRS(ISIC_2019)\Dataset\NV\ISIC_0070180.jpg,isic_0070180,5,d63365e16edf2e1c4bd4b33c394dad5d1b5354a0a7acb517edfee7edc2eb1e44,23805
C:\SRS(ISIC_2019)\Dataset\NV\ISIC_0070267.jpg,isic_0070267,5,18021c5bfaa3a584c539ab9bba92c45e56643d90b1d01c8d165a752d2c0a58d0,23823
C:\SRS(ISIC_2019)\Dataset\NV\ISIC_0070496.jpg,isic_0070496,5,051581efddcd1d0451e51c6776fdb6978bb356769ae504c1607eb41c1ac7932e,23860
C:\SRS(ISIC_2019)\Dataset\NV\ISIC_0070519.jpg,isic_0070519,5,92d39a2c2d9d7efb6345531407ea48ccb87011ebdb9ddcc52a8ac7bc66f85f2b,23865
C:\SRS(ISIC_2019)\Dataset\NV\ISIC_0070662.jpg,isic_0070662,5,fe55fae17f135ad7c40d5a2a9c069df1d6d746866f990daa1b982afd48d71666,23898
C:\SRS(ISIC_2019)\Dataset\NV\ISIC_0070696.jpg,isic_0070696,5,18c0fd029e957269d520fc38065706c2b71e0ea0ebbff7291377924feca39ccf,23907
C:\SRS(ISIC_2019)\Dataset\NV\ISIC_0070712.jpg,isic_0070712,5,bd44c5d79fd1d281027fd7a1f7d0322531a5a531b25d4eb1aaefee7c7dcb51f3,23912
C:\SRS(ISIC_2019)\Dataset\NV\ISIC_0070782.jpg,isic_0070782,5,f764c2da7389f0fbfe3c806965428028a5421a0c5bcb9e70c7883625ccb83fed,23928
C:\SRS(ISIC_2019)\Dataset\NV\ISIC_0070818.jpg,isic_0070818,5,c4b54e798d3657acf67a793c99afd96c6d3ba3b2efc178929f45c8e6733ef1b2,23935
C:\SRS(ISIC_2019)\Dataset\NV\ISIC_0070978.jpg,isic_0070978,5,d440be34a76c1a287edc50b9b0b8b756e5b924da6d1b4b8da287d609cb5181e9,23967
C:\SRS(ISIC_2019)\Dataset\NV\ISIC_0071051.jpg,isic_0071051,5,e6f048e7e236aeacee33b0d7f587b3c68df0594498fc1c9358d56e1dabdde582,23979
C:\SRS(ISIC_2019)\Dataset\NV\ISIC_0071068.jpg,isic_0071068,5,4d3df7b469076bb7e11b1044c8ec263ff7837e6631c73b0db8fd1600d42aa87f,23981
C:\SRS(ISIC_2019)\Dataset\NV\ISIC_0071096.jpg,isic_0071096,5,b146d8eca3f2e676ee1fa1652c26967cd26e091a5979785c6078780e7cbd2db7,23987
C:\SRS(ISIC_2019)\Dataset\NV\ISIC_0071135.jpg,isic_0071135,5,85d2b020423d59a662ec7f6d6d59b33fcc84f561e92c8069f180ea5f966d5eb2,23998
C:\SRS(ISIC_2019)\Dataset\NV\ISIC_0071374.jpg,isic_0071374,5,043c7e0d756b6b2213453e727b0ced76041f0465c6ff18f6b704c0d09f6a079f,24050
C:\SRS(ISIC_2019)\Dataset\NV\ISIC_0071386.jpg,isic_0071386,5,9927c3263b21aea3e81c7d87a50d9d2f735f14933acd48100270126defccfe8a,24053
C:\SRS(ISIC_2019)\Dataset\NV\ISIC_0071460.jpg,isic_0071460,5,969f7450fb70c1ae45fcbaa2cad7a6b8e2138cbb9ffee3a4a4ee21b8633eca4f,24065
C:\SRS(ISIC_2019)\Dataset\NV\ISIC_0071655.jpg,isic_0071655,5,396600c43e59268796df3d9f2688dcc7ac7281fed674b3840ea80cf09bb3df4d,24119
C:\SRS(ISIC_2019)\Dataset\NV\ISIC_0071841.jpg,isic_0071841,5,0e33afbe0492b32c5a41fc04f56484e7747cf4f300746d01df08df2ea6d48dca,24153
C:\SRS(ISIC_2019)\Dataset\NV\ISIC_0071898.jpg,isic_0071898,5,4dff74a493c607e5a1769f9d4fdc71593f322f9669daa4d4607c4b8df589ece5,24173
C:\SRS(ISIC_2019)\Dataset\NV\ISIC_0072019.jpg,isic_0072019,5,6a276d786a3b17fa06a6e749ef5f4b31ea838531bb29538033a9dd0873956754,24195
C:\SRS(ISIC_2019)\Dataset\NV\ISIC_0072100.jpg,isic_0072100,5,08e47174f81f87c90879911b57270f7a490c8b02a31acfee8e0ced7dec7dad3d,24215
C:\SRS(ISIC_2019)\Dataset\NV\ISIC_0072236.jpg,isic_0072236,5,05d4e1f608ca7a38957674c0da75134f550308c0bc3556d72ea25f3494c65709,24244
C:\SRS(ISIC_2019)\Dataset\NV\ISIC_0072552.jpg,isic_0072552,5,94ad4e0084852f3a46f8122f61cd859946ed0a730663d8f85274686cf7f29b3b,24304
C:\SRS(ISIC_2019)\Dataset\NV\ISIC_0072767.jpg,isic_0072767,5,76833390caf3307414fcbf69730cc8312a5007115511f59d3f87eaae7e3b2434,24348
C:\SRS(ISIC_2019)\Dataset\NV\ISIC_0072846.jpg,isic_0072846,5,23ae6848d58cf2ec6c11f191db3bd8d6805d417c84bddf4cc8799fa1699932ec,24366
C:\SRS(ISIC_2019)\Dataset\NV\ISIC_0072860.jpg,isic_0072860,5,45c0b3e3711c77abc561f617f8c7a1f59aee65543da1d493b7cef2f0504f8602,24371
C:\SRS(ISIC_2019)\Dataset\NV\ISIC_0072918.jpg,isic_0072918,5,100a7bb60338ab19b5871550d54895c559203f4c31f8ca6bf82d190e9c2e9f01,24383
C:\SRS(ISIC_2019)\Dataset\NV\ISIC_0073027.jpg,isic_0073027,5,85744b5e7ab852ccd0d9cad8cb69a80e9674832c0bd9021bff17532d8a8e4557,24403
C:\SRS(ISIC_2019)\Dataset\NV\ISIC_0073135.jpg,isic_0073135,5,34f07db662ab9e722088f7bfcba58f877ff044cd6f75db7181e2dc149eb359da,24417
C:\SRS(ISIC_2019)\Dataset\NV\ISIC_0073164.jpg,isic_0073164,5,2e8dfbd53dd5894101865f111d7badf8e930c4168f070ecc88bf87670ced6fd8,24423
C:\SRS(ISIC_2019)\Dataset\NV\ISIC_0073169.jpg,isic_0073169,5,cd8a438c7851d91c3cfeafc77c7b7e379024a4a5ca62696d7ae6b3047a363493,24424
C:\SRS(ISIC_2019)\Dataset\NV\ISIC_0073175.jpg,isic_0073175,5,fa6a71597832f9b84c971336cb59b57ce81a7a429415f79013e5fe0004d7a66f,24426
C:\SRS(ISIC_2019)\Dataset\NV\ISIC_0073184.jpg,isic_0073184,5,34dfaee0a4e3db120038cefe892ed609777cd4278abbd2b064f37c96ca8970c0,24429
C:\SRS(ISIC_2019)\Dataset\NV\ISIC_0073245.jpg,isic_0073245,5,7c58cd999d3e5b04a2de42d710ca914d6cba79eba3b726c8158c670537b45f22,24444
C:\SRS(ISIC_2019)\Dataset\SCC\ISIC_0024575.jpg,isic_0024575,6,7bac6ae95176bfd24b40af92aeb1fab17999f511ad742cdc81cb2f936747ccb4,24455
C:\SRS(ISIC_2019)\Dataset\SCC\ISIC_0025178.jpg,isic_0025178,6,5540f05b960f7e3a8c0754728bfae34835c0222348c08fe29c23abdb4105a045,24466
C:\SRS(ISIC_2019)\Dataset\SCC\ISIC_0025539.jpg,isic_0025539,6,fab8861a3eb330ee208610c5ff0c33543054423faab5e946f320557f33af3c2c,24477
C:\SRS(ISIC_2019)\Dataset\SCC\ISIC_0029932.jpg,isic_0029932,6,81eecd7d284f996c45208d1ce6f90bbd093fb8a29ee9716e7e0273c43334d6ce,24574
C:\SRS(ISIC_2019)\Dataset\SCC\ISIC_0030794.jpg,isic_0030794,6,c7e35a49c2bf7cdfa29cf2327cb3d9e9042e1b37b4cf3933f0ee1a24d93f4971,24592
C:\SRS(ISIC_2019)\Dataset\SCC\ISIC_0031421.jpg,isic_0031421,6,3c52bf324abe8090a325f66928a09547d1d46eb8a6006ebeaf965d9e3abc7a53,24608
C:\SRS(ISIC_2019)\Dataset\SCC\ISIC_0031659.jpg,isic_0031659,6,8afe507e251b4936b86b927844c684cc89d18d0456c431dfc8bb98575de33b36,24612
C:\SRS(ISIC_2019)\Dataset\SCC\ISIC_0031940.jpg,isic_0031940,6,0707767fa4c91cd581d251a5ff3615bfabb52c981335d092b061558e91d3826e,24622
C:\SRS(ISIC_2019)\Dataset\SCC\ISIC_0032397.jpg,isic_0032397,6,0c5f90f87bc970307f6b62e1d9c5bb0e4ec40199fa04b08303aa42c41cc17f6f,24633
C:\SRS(ISIC_2019)\Dataset\SCC\ISIC_0055350.jpg,isic_0055350,6,769eaf3ba6ab750b41978c81a74c5f64afbbfbd1e41f47f055b89bbe9f9942b0,24686
C:\SRS(ISIC_2019)\Dataset\SCC\ISIC_0056212.jpg,isic_0056212,6,7eddc2421f9bfd153ca37d447e88115e6e10c69cb4fbfa218df2bddf968cce12,24703
C:\SRS(ISIC_2019)\Dataset\SCC\ISIC_0058029.jpg,isic_0058029,6,248d373930724100f222f7b0d3997df20d6ea46eee02394bc4c54b3d25da5ca7,24749
C:\SRS(ISIC_2019)\Dataset\SCC\ISIC_0059575.jpg,isic_0059575,6,8fe667c347e218c5aab642eab0b0497c7a0b5ed5da7120190b4a33c581735209,24783
C:\SRS(ISIC_2019)\Dataset\SCC\ISIC_0059940.jpg,isic_0059940,6,0b529cc2c133f92fa2b80fbbf27243729129d05d6502794c88b345c63ac6a612,24788
C:\SRS(ISIC_2019)\Dataset\SCC\ISIC_0060711.jpg,isic_0060711,6,f41d4f4e70e53cc179fda014e03190590e2cba5009621b4fd2a6eac091d98b35,24807
C:\SRS(ISIC_2019)\Dataset\SCC\ISIC_0061192.jpg,isic_0061192,6,1c2e51006989e933e22f3b4951df6ece6910ec704a985f8175f2db7039c9461e,24821
C:\SRS(ISIC_2019)\Dataset\SCC\ISIC_0062494.jpg,isic_0062494,6,3b07903ed159cb83b45df7a896ddf0ef5194ec308954e57506c05054017e2b32,24848
C:\SRS(ISIC_2019)\Dataset\SCC\ISIC_0063275.jpg,isic_0063275,6,d6269aa8b96f2a8a793fd002a7ef39eab4c857da0cc83bbef30bdc8fe51be1f4,24860
C:\SRS(ISIC_2019)\Dataset\SCC\ISIC_0064094.jpg,isic_0064094,6,0f61a1fd6a879e57159095ce1f8f3ad56ae14c9c3a3f742c9b0e64e4c3808b61,24877
C:\SRS(ISIC_2019)\Dataset\SCC\ISIC_0064143.jpg,isic_0064143,6,2f315085da3d5a8a01ce68914d6fd845afe9169a6ce5951ae753cef63b85b376,24878
C:\SRS(ISIC_2019)\Dataset\SCC\ISIC_0064169.jpg,isic_0064169,6,d1e2d368fdacc6c2394726290ec05c4fbbadda0b206e677e62a3c31d3e9fdd14,24879
C:\SRS(ISIC_2019)\Dataset\SCC\ISIC_0064338.jpg,isic_0064338,6,690e5b70765352b03f29c44f7ce4661676e46d7e86ef6258ffe7711fecac0393,24882
C:\SRS(ISIC_2019)\Dataset\SCC\ISIC_0064977.jpg,isic_0064977,6,8aa2c977f8ba5e2998e06ddb397c14c3c857464643f761e3fd73e0929065c0fe,24896
C:\SRS(ISIC_2019)\Dataset\SCC\ISIC_0065838.jpg,isic_0065838,6,a5223204fed8cff8e9ed39bf321a021bd6566e24b951b438b0a4040895055912,24912
C:\SRS(ISIC_2019)\Dataset\SCC\ISIC_0066781.jpg,isic_0066781,6,13d5e8b21a5a1f17c9a91ba74387d60f9cd2a62f25dee38a386ed405547d073e,24926
C:\SRS(ISIC_2019)\Dataset\SCC\ISIC_0068266.jpg,isic_0068266,6,70a89159e372b16bc33b9373cc9d3a18fbf4aff478e6d58c13516e37e6d5ab95,24962
C:\SRS(ISIC_2019)\Dataset\SCC\ISIC_0068956.jpg,isic_0068956,6,a091191dae893d48fcf15ccc1ce6337e60f58c07cb47fcf3a1e9f9c6c6ede120,24985
C:\SRS(ISIC_2019)\Dataset\SCC\ISIC_0069266.jpg,isic_0069266,6,089c2628d8f9b84ce366142cbfd849190fb5682e9d097ce24e15fcf3b4d76439,24991
C:\SRS(ISIC_2019)\Dataset\SCC\ISIC_0069419.jpg,isic_0069419,6,4185a0f5a96ddfbf7303b46e7e87e777a0bd9d925770a24fb6a26faf90537b3a,24995
C:\SRS(ISIC_2019)\Dataset\SCC\ISIC_0070157.jpg,isic_0070157,6,ad9267d366e3a54c8a59448110bf92e96132aea54f9958e827857e851ce6f846,25009
C:\SRS(ISIC_2019)\Dataset\SCC\ISIC_0072599.jpg,isic_0072599,6,edd01ca1d2e86257e4b2dc51dd93f8dcc6578f85a1702709be45bde263eabad3,25059
C:\SRS(ISIC_2019)\Dataset\SCC\ISIC_0073022.jpg,isic_0073022,6,2930152b2034c97eaaca1d8292a59f4312d0e1b4df045998f7af5de85a05f645,25069
C:\SRS(ISIC_2019)\Dataset\VASC\ISIC_0025924.jpg,isic_0025924,7,40f6a3e41059b665245711aba96ed05c26c8757c46f0ebc0c9b03c6df002da6f,25102
C:\SRS(ISIC_2019)\Dataset\VASC\ISIC_0026456.jpg,isic_0026456,7,9e9e6154bcb2ed973992bb44d117b1c1f66b5784933a2937305d5f5140f8b8e4,25109
C:\SRS(ISIC_2019)\Dataset\VASC\ISIC_0028406.jpg,isic_0028406,7,27a7ae270422a763415d3c1b2857260930e57f6c5383910a3acfdefaa21dfbd9,25133
C:\SRS(ISIC_2019)\Dataset\VASC\ISIC_0029889.jpg,isic_0029889,7,16ec7e11daf61484904baffecd718be2fb5de1b5f56d2484677d590b5869dbb4,25147
C:\SRS(ISIC_2019)\Dataset\VASC\ISIC_0031648.jpg,isic_0031648,7,1eef2d7398dd9ca1d0ba452092d1bd0ae55b91ff011c68c20f98ec1dd0e87b94,25168
C:\SRS(ISIC_2019)\Dataset\VASC\ISIC_0031706.jpg,isic_0031706,7,86ccbe4b441b87162a004ce01afc88ac87eba42ad69ba588915a540311d03384,25169
C:\SRS(ISIC_2019)\Dataset\VASC\ISIC_0032692.jpg,isic_0032692,7,06f7ca7ebe5ef17e316893a37f710a0d50465810ce423b99f7279cc9fd5094bf,25185
C:\SRS(ISIC_2019)\Dataset\VASC\ISIC_0032775.jpg,isic_0032775,7,3d0bc0bec892ef5e905255a425fc884a856094ddb925684017521f2644f1279a,25188
C:\SRS(ISIC_2019)\Dataset\VASC\ISIC_0033565.jpg,isic_0033565,7,f22993c0278430a391cdcf7c0de3990d474feea85006aa6443511048a7743a4e,25205
C:\SRS(ISIC_2019)\Dataset\VASC\ISIC_0055352.jpg,isic_0055352,7,4e513840d11b427df1d3e7eb63f1653a8b6f4f2d7eb9218d230adc5dcd823863,25227
C:\SRS(ISIC_2019)\Dataset\VASC\ISIC_0059298.jpg,isic_0059298,7,631a2df01b2d412b48ab367df46d626e6da5b80a842501d081a5f272e6f6c21f,25242
C:\SRS(ISIC_2019)\Dataset\VASC\ISIC_0060499.jpg,isic_0060499,7,d5e1bcd4dc0a54ecee7fec7ecab8e1341834610200ec1cf5f09aab5885b5d1a0,25248
