image_path,image_id,label,sha256,group_id,client_id
C:\SRS(ISIC_2019)\Dataset\AK\ISIC_0024470.jpg,isic_0024470,0,139a147689d152664bc3d00744dc108eaa0e26030db1018cc881585aadd18779,1,3
C:\SRS(ISIC_2019)\Dataset\AK\ISIC_0024763.jpg,isic_0024763,0,fab8c92e5e59d03bee28dd3b3a06142b9cee87d3c9a5b21b6c1bccd078635123,6,3
C:\SRS(ISIC_2019)\Dataset\AK\ISIC_0024800.jpg,isic_0024800,0,3fe366c5a20e94b44fa6fe9bf5a4d9b3e961d808ee39875a3de468e3faef51d9,8,3
C:\SRS(ISIC_2019)\Dataset\AK\ISIC_0024913.jpg,isic_0024913,0,2206d9c465c042c5889b7f23961a91840629a9bdd4901a246c536602b939014f,9,3
C:\SRS(ISIC_2019)\Dataset\AK\ISIC_0024948.jpg,isic_0024948,0,769d0f6a355dda072c4ccefae2f2ef72d86280ed26837789f8aaf6c02a976428,10,3
C:\SRS(ISIC_2019)\Dataset\AK\ISIC_0026040.jpg,isic_0026040,0,b97f3082a6339356751fcf83dff543572fedc7b11e21658a89f74d9a9f8cb607,20,3
C:\SRS(ISIC_2019)\Dataset\AK\ISIC_0026194.jpg,isic_0026194,0,6b7a97fc2204fa3e5c4a5d07f935f743d5d4a22a6af06cdb49f345dcf0e1060a,23,3
C:\SRS(ISIC_2019)\Dataset\AK\ISIC_0026468.jpg,isic_0026468,0,1320fb7bb07488e9282a9c324993e96aafb3fadaffd1d3b97877b5b4c6d4759a,26,3
C:\SRS(ISIC_2019)\Dataset\AK\ISIC_0026729.jpg,isic_0026729,0,ff465c7cffb6a0de9b713ce1142a5a959c3d96af2c0c6d5d2db27983f2fe3ed5,34,3
C:\SRS(ISIC_2019)\Dataset\AK\ISIC_0027334.jpg,isic_0027334,0,5ae080e51253c63a209965122d18d85cdc88ae78f813153983581e6fd4cddabb,42,3
C:\SRS(ISIC_2019)\Dataset\AK\ISIC_0027884.jpg,isic_0027884,0,c62b15b35ec90aa1a41890ff0e6823532f2990b3a797eaf91eceeeb9beca1cd8,54,3
C:\SRS(ISIC_2019)\Dataset\AK\ISIC_0028076.jpg,isic_0028076,0,d2c7fe24550815077bd060715893c7048df0cb3ff0f78008b5158c823f634838,59,3
C:\SRS(ISIC_2019)\Dataset\AK\ISIC_0028190.jpg,isic_0028190,0,dcc2a9030f9f87fa66b90ed704780175f3e9765f03b2bc510618c17dcfce0752,60,3
C:\SRS(ISIC_2019)\Dataset\AK\ISIC_0029133.jpg,isic_0029133,0,6fedf5cee25c3e5b20ec17a2540e2e1cbe2492f042e750f3f2cdc118228fad24,73,3
C:\SRS(ISIC_2019)\Dataset\AK\ISIC_0029210.jpg,isic_0029210,0,fb1a77a61fbe33febc516bafa400325c864fab107d6c38e73bba05141ebfe2c4,75,3
C:\SRS(ISIC_2019)\Dataset\AK\ISIC_0029500.jpg,isic_0029500,0,1f2c7ed59ce645feecf904d1784e1c94e04d291da4653c7f874481e504ac8916,78,3
C:\SRS(ISIC_2019)\Dataset\AK\ISIC_0029840.jpg,isic_0029840,0,2359ecd93f9b0bf5a1d3db065c20f80ff25a39af0435add7a1d7b69bf6dcea49,84,3
C:\SRS(ISIC_2019)\Dataset\AK\ISIC_0029900.jpg,isic_0029900,0,97675386d77755e3eb5a697a78f522c2316d7b5a758882693bdee815f9c1ff88,85,3
C:\SRS(ISIC_2019)\Dataset\AK\ISIC_0029930.jpg,isic_0029930,0,110b91f7c13be9ba62a9da0d475519a875b19764a373b745f8a367eb4a588081,87,3
C:\SRS(ISIC_2019)\Dataset\AK\ISIC_0030036.jpg,isic_0030036,0,3bb5f397e9b79b6be2521eb20dec9414b47b5f05fb213fc5a5ff11c97ce54dc0,88,3
C:\SRS(ISIC_2019)\Dataset\AK\ISIC_0030408.jpg,isic_0030408,0,2690e32e3a001664a6b1de055cf1afa3b5ee2af1f19590ef87f9e271ccacc922,94,3
C:\SRS(ISIC_2019)\Dataset\AK\ISIC_0030877.jpg,isic_0030877,0,fc9f3cff284b3e587fac608e1120fb3a4e97a669f9e670382706c2f734ca88b7,102,3
C:\SRS(ISIC_2019)\Dataset\AK\ISIC_0031228.jpg,isic_0031228,0,d7b3ab17bad8ee2afaa637d4fd926a6c8aaa5a9fc700636531fe3ea716e87d05,105,3
C:\SRS(ISIC_2019)\Dataset\AK\ISIC_0031506.jpg,isic_0031506,0,96e2fa850f63e68be4c9cd908f7f22929b026a74b885291b59fe7fb3990a6353,110,3
C:\SRS(ISIC_2019)\Dataset\AK\ISIC_0031993.jpg,isic_0031993,0,b91cc25c35cbc1910c06c89336b8d3d5374d72f07b859d9344ef97b603acbf75,114,3
C:\SRS(ISIC_2019)\Dataset\AK\ISIC_0033866.jpg,isic_0033866,0,45705c0ac54beb6821acd81f941e0ddc98f48c01838276a2d57230195e45518d,129,3
C:\SRS(ISIC_2019)\Dataset\AK\ISIC_0053515.jpg,isic_0053515,0,b14b44485a9c06b36b5d3eb7025283fd5fa1624759e29deeb2de4fc4a1e133aa,132,3
C:\SRS(ISIC_2019)\Dataset\AK\ISIC_0053764.jpg,isic_0053764,0,abc9b8870bddbf87cece6c28a8b1902c45eeacf7665c44cea6bc4968183086d3,146,3
C:\SRS(ISIC_2019)\Dataset\AK\ISIC_0054137.jpg,isic_0054137,0,a27ad6228d3af81821d98f29079d3662fb20dc042e0e95adcee0b01dfc631ba4,156,3
C:\SRS(ISIC_2019)\Dataset\AK\ISIC_0054223.jpg,isic_0054223,0,abaed839727fca10acdba3df0492a90a8443dabc79306f679d68c045f76d964b,160,3
C:\SRS(ISIC_2019)\Dataset\AK\ISIC_0054333.jpg,isic_0054333,0,5f6e4658d76a69115622d9dcc434d6ae1491c9ab0bec24adc0f0312258e50573,164,3
C:\SRS(ISIC_2019)\Dataset\AK\ISIC_0054531.jpg,isic_0054531,0,e5a80baf112d9445b5f1c81f5c7e60c3f91b9acdd6a77dd3473646962e15820d,168,3
C:\SRS(ISIC_2019)\Dataset\AK\ISIC_0054556.jpg,isic_0054556,0,1d856e14151b81789469831e340fb44d30c27142a810ce2511db4099fbc83fb9,170,3
C:\SRS(ISIC_2019)\Dataset\AK\ISIC_0054583.jpg,isic_0054583,0,62d3982f60c8166e1a8cc5578779d69a141c555db8bf0d954c27de937885a753,171,3
C:\SRS(ISIC_2019)\Dataset\AK\ISIC_0055259.jpg,isic_0055259,0,ccae0ce5428ca2f163cf7e45aef678577d6e931e794f6fc4ade322ef8def4f95,189,3
C:\SRS(ISIC_2019)\Dataset\AK\ISIC_0055331.jpg,isic_0055331,0,3db7b8c95a985ef78ab05993ea0e4d958697046981dbbef52a1803d687750bc6,192,3
C:\SRS(ISIC_2019)\Dataset\AK\ISIC_0055596.jpg,isic_0055596,0,b7c7c3e8fcb6210dc6d3fa5816d45905bf63e80c06633da2794616162750530f,197,3
C:\SRS(ISIC_2019)\Dataset\AK\ISIC_0056002.jpg,isic_0056002,0,7caa09a0117a985d60ef47515470f5301dddeba719c6967c454dc981022d88bd,211,3
C:\SRS(ISIC_2019)\Dataset\AK\ISIC_0056128.jpg,isic_0056128,0,9b4e562927a44938858fed66de0a409630e65e105c4411f8f26a3342defaf747,221,3
C:\SRS(ISIC_2019)\Dataset\AK\ISIC_0056273.jpg,isic_0056273,0,25a2be3e20f08314c42a399eb27834afe3717ceb8368f420c78c180f62033438,225,3
C:\SRS(ISIC_2019)\Dataset\AK\ISIC_0056278.jpg,isic_0056278,0,fb0cf5206c5b6ff7977cfcb96fa8e376d68952963be0be17d40df8a5a4e5f265,226,3
C:\SRS(ISIC_2019)\Dataset\AK\ISIC_0056419.jpg,isic_0056419,0,7ea2147f4cb162696ed4b50540c42391e6a9ac740568acdd95d9246fcb4f5d0d,229,3
C:\SRS(ISIC_2019)\Dataset\AK\ISIC_0056630.jpg,isic_0056630,0,2628592db500ee64d8d6572c154525a68796a0b3da41a513bb573687404daf99,237,3
C:\SRS(ISIC_2019)\Dataset\AK\ISIC_0056745.jpg,isic_0056745,0,931bbc96edef5ce6b4993f2d562500935d4207df98bc92949687b147f8b814b6,241,3
C:\SRS(ISIC_2019)\Dataset\AK\ISIC_0056905.jpg,isic_0056905,0,e8a9668c956c44e28541beed856d80cfdb8bbbb806f490fdd4c5c9984ffbbe9e,247,3
C:\SRS(ISIC_2019)\Dataset\AK\ISIC_0057022.jpg,isic_0057022,0,c58d600c40c730211395385714338ee78b0952ea629d1ed6997f6f847cf18e05,249,3
C:\SRS(ISIC_2019)\Dataset\AK\ISIC_0057126.jpg,isic_0057126,0,0fb45119ecccf72cb3849bd875f7fdbd6f203b0de8b09fb41aba5904d059c8d5,258,3
C:\SRS(ISIC_2019)\Dataset\AK\ISIC_0057526.jpg,isic_0057526,0,b0919e70ad7c0d258edddb0ba530ce88dbe67731c03ccd3bbed23b201dfb9f1d,274,3
C:\SRS(ISIC_2019)\Dataset\AK\ISIC_0057706.jpg,isic_0057706,0,0301daebae7c6a806377e51bb486f05529846e41bfd7e115935fdb9682b40c33,281,3
C:\SRS(ISIC_2019)\Dataset\AK\ISIC_0057987.jpg,isic_0057987,0,4293c3be9967eeb88b07150abb4ee49d149a95b3f59bba5357cb963b4eb6f185,289,3
C:\SRS(ISIC_2019)\Dataset\AK\ISIC_0058239.jpg,isic_0058239,0,6159e9c1c7a49337f215751aa6e61a91fbf6a1627d8d6f7f79a778ffdf623dc8,295,3
C:\SRS(ISIC_2019)\Dataset\AK\ISIC_0058242.jpg,isic_0058242,0,24d2fd8a510504daf848f13c570270d7f9454a09aeac54821b8104dd3629730b,296,3
C:\SRS(ISIC_2019)\Dataset\AK\ISIC_0058443.jpg,isic_0058443,0,b2082768f8c5296a05c9810243e92c09db5a8c4338c649d98909acbb83233e4b,305,3
C:\SRS(ISIC_2019)\Dataset\AK\ISIC_0058494.jpg,isic_0058494,0,e5f3adfb37210d40d4a6928691182190a7e1a03e7485ed87a129f23fec648456,309,3
C:\SRS(ISIC_2019)\Dataset\AK\ISIC_0058639.jpg,isic_0058639,0,45825bdbd47d89b3c45382241f43ec1115e0dfeed700f487d30936380384c492,315,3
C:\SRS(ISIC_2019)\Dataset\AK\ISIC_0058769.jpg,isic_0058769,0,de9c631788355edae6f5a151d286d0a08bc1b2a35de3f2ea60e05c6187aa8409,320,3
C:\SRS(ISIC_2019)\Dataset\AK\ISIC_0059139.jpg,isic_0059139,0,26a88c5ade36d29afe96180c5a41e6645bf7c1e2bda323b8d1b2b67daa342201,340,3
C:\SRS(ISIC_2019)\Dataset\AK\ISIC_0059182.jpg,isic_0059182,0,8254f84c215fa98676f3fa40f1e155d5be9242a165cf05547a891036b674575d,342,3
C:\SRS(ISIC_2019)\Dataset\AK\ISIC_0059843.jpg,isic_0059843,0,2f7bfef98a04db819d3dc6f26551f111efbb445ef529b752150cf7c1e2bcb483,361,3
C:\SRS(ISIC_2019)\Dataset\AK\ISIC_0059872.jpg,isic_0059872,0,8f87f265cf707cfd7ace32f1126f4e980550f0f0e76e36d2856640049914e279,363,3
C:\SRS(ISIC_2019)\Dataset\AK\ISIC_0060041.jpg,isic_0060041,0,fd42fb09118e442fb81388b853a11bfa7dbac3bcb234eaf9f9a8a68c8a69eb6a,367,3
C:\SRS(ISIC_2019)\Dataset\AK\ISIC_0060257.jpg,isic_0060257,0,0be98a44eef48227e7b22514c2eb1ed022ac0dd983240d19ded73f99cd85e301,378,3
C:\SRS(ISIC_2019)\Dataset\AK\ISIC_0060273.jpg,isic_0060273,0,a1dd21c7a7196cd3e6a8f0b3b114c026fde9366049c9630f447eb8f574d360dd,380,3
C:\SRS(ISIC_2019)\Dataset\AK\ISIC_0060670.jpg,isic_0060670,0,25608e3d985e2b9272e545b2b8c836f4a76ee9b6801eef68290716f7b7c4c42b,392,3
C:\SRS(ISIC_2019)\Dataset\AK\ISIC_0060776.jpg,isic_0060776,0,40ba2f7714cbaaf577c0d51d00994a30d77cedd7b23224707bff757e00ff3925,397,3
C:\SRS(ISIC_2019)\Dataset\AK\ISIC_0061044.jpg,isic_0061044,0,60e5a52943dc8c98f321f575c9c6ae23e7e59576297969e9fee19bded09d74e4,404,3
C:\SRS(ISIC_2019)\Dataset\AK\ISIC_0061582.jpg,isic_0061582,0,3e7ddca5cca661b8ebfcc451707bc2686114e309c67398af3f90d217c1a7e780,422,3
C:\SRS(ISIC_2019)\Dataset\AK\ISIC_0061593.jpg,isic_0061593,0,fcc05a41224eadda973349952a2eeb356f322cb1b20ef1e289b1c5e21e30a352,424,3
C:\SRS(ISIC_2019)\Dataset\AK\ISIC_0061687.jpg,isic_0061687,0,506b19b531acc27be38d216ff02118efa6095491ddc7ad2849085dbc422a2e57,426,3
C:\SRS(ISIC_2019)\Dataset\AK\ISIC_0061787.jpg,isic_0061787,0,268b2c84406e80f09168d0fbe7105813930a9aab05b83dde731a1072a635c4da,431,3
C:\SRS(ISIC_2019)\Dataset\AK\ISIC_0061836.jpg,isic_0061836,0,6e928b38ee815e74fb6f83e3bba8bfef0bcc9685c3646fc2654fb740f1661ff5,433,3
C:\SRS(ISIC_2019)\Dataset\AK\ISIC_0061947.jpg,isic_0061947,0,1a1b68bcb99f1492451066b74f8668c1948e9aad83dd9f21c13d6a6675ec054d,434,3
C:\SRS(ISIC_2019)\Dataset\AK\ISIC_0062255.jpg,isic_0062255,0,afb38118b4840454e4efa7d20fee110c805b5726a88445591468117e22fedf8b,448,3
C:\SRS(ISIC_2019)\Dataset\AK\ISIC_0062305.jpg,isic_0062305,0,fe339bb4a40d5e77e7aa31c0706cbb08180069d684474f8114a7e5a0c4b14012,450,3
C:\SRS(ISIC_2019)\Dataset\AK\ISIC_0062346.jpg,isic_0062346,0,4ef9cabf56add138d0ea208842efb5ad3c017c73c3b087317218ce8ea1c5a528,452,3
C:\SRS(ISIC_2019)\Dataset\AK\ISIC_0062351.jpg,isic_0062351,0,509f90dee82748a3ef01472c2dc8f031389ef45f793b3c51e4810c44c1988bc0,453,3
C:\SRS(ISIC_2019)\Dataset\AK\ISIC_0062508.jpg,isic_0062508,0,fc547a744c457bb04297e36a7b8331b554b1902f6e0fdd3840a258c8d51ff25f,456,3
C:\SRS(ISIC_2019)\Dataset\AK\ISIC_0062692.jpg,isic_0062692,0,634b9d5dfcb68ea819e0c06604457194481da537661a2814040fdf997207a4cf,465,3
C:\SRS(ISIC_2019)\Dataset\AK\ISIC_0062742.jpg,isic_0062742,0,a9088c23f76c2e6dd877ce57ff79d23a6056cc59f518b3589d7caeaa52f7a95e,470,3
C:\SRS(ISIC_2019)\Dataset\AK\ISIC_0062940.jpg,isic_0062940,0,7e5178b339621b975b213df08048db16c73232f3b90263f9691e665e3be10464,477,3
C:\SRS(ISIC_2019)\Dataset\AK\ISIC_0063068.jpg,isic_0063068,0,5f366e19f3f9e50572648470f624fbfbf36e5c5fb234cb6d9b4cefcbe403b95d,485,3
C:\SRS(ISIC_2019)\Dataset\AK\ISIC_0063187.jpg,isic_0063187,0,c771534ec9d4057e3ed6ac802165b74dd6521064315357f580efd048afa5f990,491,3
C:\SRS(ISIC_2019)\Dataset\AK\ISIC_0063261.jpg,isic_0063261,0,3681e9ff93d6ff1f0d4eb6d6cbb70e64e8bd17ab87d9d2a00ff9afed29a0ab0f,494,3
C:\SRS(ISIC_2019)\Dataset\AK\ISIC_0063322.jpg,isic_0063322,0,1425b4595ab2942fa5e4cd1f1246811f246d5897c2518e9f8017ff7624103481,498,3
C:\SRS(ISIC_2019)\Dataset\AK\ISIC_0063359.jpg,isic_0063359,0,55fb473c2fd10787b14b514ac005babf8d7b8be08e0b8b5aab360dfd64c8caf4,501,3
C:\SRS(ISIC_2019)\Dataset\AK\ISIC_0063442.jpg,isic_0063442,0,5361e80e9b8224a5c46fe070b021c1761455e50bec1a2ed7523f1c09f47d06aa,504,3
C:\SRS(ISIC_2019)\Dataset\AK\ISIC_0063778.jpg,isic_0063778,0,fb2a7284f0c653f8dc26507443d18ca3575dc970487387c06c0d4687f4e2f645,511,3
C:\SRS(ISIC_2019)\Dataset\AK\ISIC_0063798.jpg,isic_0063798,0,c27f74251ba93fba2011bd7233270255b5ee1a96da5a43e49ffdc81f329aaefd,512,3
C:\SRS(ISIC_2019)\Dataset\AK\ISIC_0063890.jpg,isic_0063890,0,eedf83ff11799a68b9eaf48b8bb1b70cc7ed3abd55bfb36478a4e08babe5d654,515,3
C:\SRS(ISIC_2019)\Dataset\AK\ISIC_0064067.jpg,isic_0064067,0,43425a247fd86c8c2f12f9f56aa8e1c680573de1e44d5f660586cefac0a67b5a,520,3
C:\SRS(ISIC_2019)\Dataset\AK\ISIC_0064490.jpg,isic_0064490,0,26defba8827064aa20d77cb8e1999db3a45d662878160f50071b15224c35cfcd,529,3
C:\SRS(ISIC_2019)\Dataset\AK\ISIC_0064553.jpg,isic_0064553,0,c3cb345a28a455a2d1b3a54fdb710ea2c34bbe005337039bccf61990fa11bd14,531,3
C:\SRS(ISIC_2019)\Dataset\AK\ISIC_0064587.jpg,isic_0064587,0,c8bdffec1ff0ec87ed9b71b9a6209ea387cabf1fc0b0bb62246ee643d3dbf470,533,3
C:\SRS(ISIC_2019)\Dataset\AK\ISIC_0064690.jpg,isic_0064690,0,96c18ff14f39473ec5af5ee047406cbed2b22a3f927009fe99e9b7559ef85ea1,537,3
C:\SRS(ISIC_2019)\Dataset\AK\ISIC_0065052.jpg,isic_0065052,0,1fe26746300f281dd34124f924bc3beb713ca49194c545ab3698e5976b7b9948,545,3
C:\SRS(ISIC_2019)\Dataset\AK\ISIC_0065120.jpg,isic_0065120,0,3d3bcc2a98ae56cb8648b0f09f05c3ebe62e475cb896d51ebe9d6b5d79c8eea2,550,3
C:\SRS(ISIC_2019)\Dataset\AK\ISIC_0065276.jpg,isic_0065276,0,9759557bbe941a88494c39b1bcf34299530889468a50a8c39b20580cf95436a8,555,3
C:\SRS(ISIC_2019)\Dataset\AK\ISIC_0065301.jpg,isic_0065301,0,fc19daf49a31b19bfda5f73987513c9a426d60bfca81b5f4ceffffb2bb22ee64,556,3
C:\SRS(ISIC_2019)\Dataset\AK\ISIC_0065312.jpg,isic_0065312,0,346a3af66f237eb5884ad43a72c3f61c07baed008cb4593ca8cfb4d47f73697a,559,3
C:\SRS(ISIC_2019)\Dataset\AK\ISIC_0065416.jpg,isic_0065416,0,d31460bf0a18b00020b46bb7887c7618a9c76a6ed240477e6bb086dd600039ae,563,3
C:\SRS(ISIC_2019)\Dataset\AK\ISIC_0065538.jpg,isic_0065538,0,8da911ab9ce6d26300c763bf32d02031e3d0274b6cfe3937b49eb9ede172efa1,568,3
C:\SRS(ISIC_2019)\Dataset\AK\ISIC_0065628.jpg,isic_0065628,0,29b2c144ea95b474035e65b2a493223e2eee5af22f5421e140ad48b062e69640,574,3
C:\SRS(ISIC_2019)\Dataset\AK\ISIC_0065633.jpg,isic_0065633,0,69102f2d4cb2a5abb048c943cbd133236384785d88a1163e6dd96907a24f2c4c,575,3
C:\SRS(ISIC_2019)\Dataset\AK\ISIC_0065661.jpg,isic_0065661,0,4bad189de48c38f6ca30a181d4774f57dd63763ea5954bf79ebcb14f60be381f,576,3
C:\SRS(ISIC_2019)\Dataset\AK\ISIC_0065960.jpg,isic_0065960,0,69f045d20dbe8b52fd1b2eef006bac838b9085ca3f02ffc209bd688c8e7ecc34,587,3
C:\SRS(ISIC_2019)\Dataset\AK\ISIC_0066142.jpg,isic_0066142,0,eed8768c41a114bf34e7527abce3c38568fe7ea6f00dedda699d10a562caf8f7,593,3
C:\SRS(ISIC_2019)\Dataset\AK\ISIC_0066272.jpg,isic_0066272,0,9615890a92b0a15c110b08db4a78eb7e0e5011ca7df6d7d275b88c5a56cb10ff,596,3
C:\SRS(ISIC_2019)\Dataset\AK\ISIC_0066278.jpg,isic_0066278,0,74d7647c0b1b1e7afcd03462ddb1f75c1930c7d5ec223f0d979028abb55117e4,597,3
C:\SRS(ISIC_2019)\Dataset\AK\ISIC_0066315.jpg,isic_0066315,0,cafef9dfd5143967c28a7172a57ab033c33c55aa242526acc7667347d5403c69,600,3
C:\SRS(ISIC_2019)\Dataset\AK\ISIC_0066370.jpg,isic_0066370,0,bc58ac668190a975521884b5507f01e50ce07bc72e3af928673529525837d246,602,3
C:\SRS(ISIC_2019)\Dataset\AK\ISIC_0066452.jpg,isic_0066452,0,1821c0ba6483661455464e39eb0df344473c27799573d1829a4089638753dc3d,606,3
C:\SRS(ISIC_2019)\Dataset\AK\ISIC_0066466.jpg,isic_0066466,0,7b8381dd5c9211cdac05c98d42aeb7917c87fbc6a9423869051e551d9d887992,607,3
C:\SRS(ISIC_2019)\Dataset\AK\ISIC_0066563.jpg,isic_0066563,0,540aa4224b6f609bdc5a7f2fd5209f1e5e69dc59beebc0f9ea03ad57426ae540,612,3
C:\SRS(ISIC_2019)\Dataset\AK\ISIC_0066586.jpg,isic_0066586,0,1203e07e13f34e794a051712ca1550de996dd5f140b2046dccee315937807ad3,613,3
C:\SRS(ISIC_2019)\Dataset\AK\ISIC_0066684.jpg,isic_0066684,0,68c2c96672d2723cd5bb7e9596a95c8a889c778cf7a9fb420344fef1518b93d1,615,3
C:\SRS(ISIC_2019)\Dataset\AK\ISIC_0066762.jpg,isic_0066762,0,a25c2aeeb3350ffcf2267387838cbdbc892b5679a78711f3d467480c1c711f59,617,3
C:\SRS(ISIC_2019)\Dataset\AK\ISIC_0066858.jpg,isic_0066858,0,3923dbc9a5e31aaad6c0d34bccd57ddbe34ebc5a099ff9d6552d7e43361e8eab,622,3
C:\SRS(ISIC_2019)\Dataset\AK\ISIC_0066895.jpg,isic_0066895,0,eaeb84527ea431ef9b4005718e5ec43867a34ced5264eefa445cb94273a13dc6,627,3
C:\SRS(ISIC_2019)\Dataset\AK\ISIC_0067377.jpg,isic_0067377,0,3d9ff2e4f65c1d03e4b8ee647b891948e0706b17ac57e72376ccae59d68a1b53,648,3
C:\SRS(ISIC_2019)\Dataset\AK\ISIC_0067394.jpg,isic_0067394,0,29134a69fad693de74738a87d92b9e061f46d1e5988fe5c05d504f81245950a1,649,3
C:\SRS(ISIC_2019)\Dataset\AK\ISIC_0067676.jpg,isic_0067676,0,036e230f139eb86568978a882d2022b21d6c63c8c550532dcfd7fa36b58924a5,662,3
C:\SRS(ISIC_2019)\Dataset\AK\ISIC_0067728.jpg,isic_0067728,0,15e704e06dcbef229363eb21646c1a680ca9d0aa32aa4a98a74c5c54e617a47e,664,3
C:\SRS(ISIC_2019)\Dataset\AK\ISIC_0067855.jpg,isic_0067855,0,de222cfbef3fda9c34a0fec15c1a9b042cc7d2c2b97286ff98aa2cd2081c9b62,669,3
C:\SRS(ISIC_2019)\Dataset\AK\ISIC_0067887.jpg,isic_0067887,0,bac47c453b2d22a931aa602e4a5317741c10efc74c97be1a183026cb0665f5c2,670,3
C:\SRS(ISIC_2019)\Dataset\AK\ISIC_0068086.jpg,isic_0068086,0,9c8ec4a2a2d6200f3ada197683e4ded4662fb09c8d2c830ad2c6dd4a56db4350,674,3
C:\SRS(ISIC_2019)\Dataset\AK\ISIC_0068377.jpg,isic_0068377,0,79c5332838d4613d4d1e03c440341e4728f6643b10fc6e7fde8a4bde0aa8f1b7,682,3
C:\SRS(ISIC_2019)\Dataset\AK\ISIC_0068653.jpg,isic_0068653,0,fc66354120b6e4547784b153cecefa8c6f76e35bbe2f18d08b97756f4105b85b,692,3
C:\SRS(ISIC_2019)\Dataset\AK\ISIC_0068797.jpg,isic_0068797,0,9e30a4181637cd25e1c912a702d1fa0e2231486aa8585007a148f7e29ee78931,694,3
C:\SRS(ISIC_2019)\Dataset\AK\ISIC_0069629.jpg,isic_0069629,0,f64e23f110e425042578406e63a7ad8f6bdb75fff3a0df5ea55a8c0510cf06ca,727,3
C:\SRS(ISIC_2019)\Dataset\AK\ISIC_0069769.jpg,isic_0069769,0,be32cf0f9d76c80bcab86486b6a68f5030e1ba83c93e17fffa3f54ddc99408d0,733,3
C:\SRS(ISIC_2019)\Dataset\AK\ISIC_0069925.jpg,isic_0069925,0,81b5ea6034de51f7958ec75169d3b6af111601a92149594c5763e05abafaaabb,745,3
C:\SRS(ISIC_2019)\Dataset\AK\ISIC_0069932.jpg,isic_0069932,0,fe9131494cbb0792a4b6e33ace12873d131057d4ab3c8b5f724d889179f49ee1,747,3
C:\SRS(ISIC_2019)\Dataset\AK\ISIC_0069942.jpg,isic_0069942,0,b8f698b1f59d295c3763706c887243c136ca99cd5ba21a2310176ad9b29efd25,749,3
C:\SRS(ISIC_2019)\Dataset\AK\ISIC_0070164.jpg,isic_0070164,0,4a34674cc04c55349c706f73513a047613fd082a04d60051b4a7c15d03968d5a,755,3
C:\SRS(ISIC_2019)\Dataset\AK\ISIC_0070321.jpg,isic_0070321,0,41bd3fa87a99aba5b92d1892f08e4867c558df1d75332689aa6b870104ba9ae7,767,3
C:\SRS(ISIC_2019)\Dataset\AK\ISIC_0070510.jpg,isic_0070510,0,9cd2a43916a964896d79b121ffc274d5f7dd3cd497aa8d9b7932dfc3ed9298e7,775,3
C:\SRS(ISIC_2019)\Dataset\AK\ISIC_0070691.jpg,isic_0070691,0,302fbba110a375903a9033d5f700f232f1200a5211167cc389cde599ad7fc137,779,3
C:\SRS(ISIC_2019)\Dataset\AK\ISIC_0070713.jpg,isic_0070713,0,d59c8ff4cac5b695db9b4dd1089736246a8810afc618bb754e7ab243ccba20cb,811,3
C:\SRS(ISIC_2019)\Dataset\AK\ISIC_0070922.jpg,isic_0070922,0,1f091e01b1de8ea756ed9737f3a7973fbbb8990b4d03ebf05f750483fcb02d03,785,3
C:\SRS(ISIC_2019)\Dataset\AK\ISIC_0071007.jpg,isic_0071007,0,8ab74d24153953f8ca89997c40e5ad9e85cd6fd2d5a37d48441f1e3cdced1862,789,3
C:\SRS(ISIC_2019)\Dataset\AK\ISIC_0071108.jpg,isic_0071108,0,d21b3a60daa0cbd76cefd811a4c675584e253d1bc7702331b23c5a9ea41985a9,794,3
C:\SRS(ISIC_2019)\Dataset\AK\ISIC_0071256.jpg,isic_0071256,0,e2db65abf1d1afe21d291f0605849c26546b464caeb49b6524d587915bf47693,797,3
C:\SRS(ISIC_2019)\Dataset\AK\ISIC_0071423.jpg,isic_0071423,0,9d0821d4e68ccf92d8ff93dc498f0b6d25b485483e96225fa2ca037544348b4d,802,3
C:\SRS(ISIC_2019)\Dataset\AK\ISIC_0071606.jpg,isic_0071606,0,d59c8ff4cac5b695db9b4dd1089736246a8810afc618bb754e7ab243ccba20cb,811,3
C:\SRS(ISIC_2019)\Dataset\AK\ISIC_0071619.jpg,isic_0071619,0,9087d1e1f49863c21f251098eca50762acda1f66915808ca3ba0d5cfc42ac637,813,3
C:\SRS(ISIC_2019)\Dataset\AK\ISIC_0071669.jpg,isic_0071669,0,726f6d9f4741e8edbc1b0a8b42117e94cb40457ddafa8963cbfffddd0c217f10,814,3
C:\SRS(ISIC_2019)\Dataset\AK\ISIC_0071779.jpg,isic_0071779,0,f53673f822169d7c94a52d0c773ec41c60e38fe7e37c1e22a3f3b91606c1156d,820,3
C:\SRS(ISIC_2019)\Dataset\AK\ISIC_0071946.jpg,isic_0071946,0,1e1a3e5d2db2efd720248921927c58c87e8481d0bd5d7297dc6daf1d8becf2d2,824,3
C:\SRS(ISIC_2019)\Dataset\AK\ISIC_0072038.jpg,isic_0072038,0,a4fc6a6e9cb983ec3b015568ee73a5588b52c5d60de429624541fa609ed8e9b8,828,3
C:\SRS(ISIC_2019)\Dataset\AK\ISIC_0072646.jpg,isic_0072646,0,7c87c4168006adc67b217208ae8e78079ece01b10e07cf3ac818042d518c2256,842,3
C:\SRS(ISIC_2019)\Dataset\AK\ISIC_0072932.jpg,isic_0072932,0,5ccac1b4de90d7cfec4e09af0fce38a442067a9be39d4615e16d20731e6cad6a,854,3
C:\SRS(ISIC_2019)\Dataset\AK\ISIC_0073130.jpg,isic_0073130,0,bc295f315b27db47aba71da70e140f6b42bd628815182e8863b4e2f58ba5b190,861,3
C:\SRS(ISIC_2019)\Dataset\BCC\ISIC_0024332.jpg,isic_0024332,1,407f40c530405b64ab6e2624b5cede5301b3c87045abbb33f553d16b5a6526fe,868,3
C:\SRS(ISIC_2019)\Dataset\BCC\ISIC_0024452.jpg,isic_0024452,1,fb0171dcd7922c5c71eec0af86484bb52c1df0fcff9a4d456143ea914ac98814,878,3
C:\SRS(ISIC_2019)\Dataset\BCC\ISIC_0024564.jpg,isic_0024564,1,d4a83911017f77aa4a474914e4dce424a014aa5514bff5fab434c22fdfc323d8,886,3
C:\SRS(ISIC_2019)\Dataset\BCC\ISIC_0024573.jpg,isic_0024573,1,0e764a3ea99b5314e88820df0bafcb0ffa3e27fc7282ab5ca323e615522794f9,888,3
C:\SRS(ISIC_2019)\Dataset\BCC\ISIC_0024632.jpg,isic_0024632,1,1f2b269c55c868724daed7e9564367414b7ea4236f25da3018234a7ebb2be2ac,892,3
C:\SRS(ISIC_2019)\Dataset\BCC\ISIC_0024799.jpg,isic_0024799,1,53a79c11d2bfc53cd93b921a54f1277b1ebcaec9a923c37a6a372024a8b14ae1,900,3
C:\SRS(ISIC_2019)\Dataset\BCC\ISIC_0025031.jpg,isic_0025031,1,b5f373f725def8f3df13c8446ce5cc3dc5681ff4febb86af6a96a57f36e5456e,910,3
C:\SRS(ISIC_2019)\Dataset\BCC\ISIC_0025102.jpg,isic_0025102,1,1a6aa5c207627fa98cc6b765153331168a8d3afabfdeec0b89eefdcd21d7be82,912,3
C:\SRS(ISIC_2019)\Dataset\BCC\ISIC_0025144.jpg,isic_0025144,1,95e4fe72b022fae06ea4496f95184ad529665309711868b0bd30a99ba146590b,913,3
C:\SRS(ISIC_2019)\Dataset\BCC\ISIC_0025383.jpg,isic_0025383,1,b9c47ef38c3459d61de6434ceda2decfbf13cf7b83c2e04fca385f22898f0390,921,3
C:\SRS(ISIC_2019)\Dataset\BCC\ISIC_0025564.jpg,isic_0025564,1,8bd9e053b374e014dc775b7a15991ebee184aa8e57f7810ed51223aad6d3a896,929,3
C:\SRS(ISIC_2019)\Dataset\BCC\ISIC_0025584.jpg,isic_0025584,1,e024e9d4c855e4be00c08e1bd4b0210bae0bceb97e3c2d1caf8542b55abae2d4,931,3
C:\SRS(ISIC_2019)\Dataset\BCC\ISIC_0025650.jpg,isic_0025650,1,27a30c3727d350c3e82b1c3df7d76a057254939a518357c4a255e5b387f67d4b,937,3
C:\SRS(ISIC_2019)\Dataset\BCC\ISIC_0026117.jpg,isic_0026117,1,90d9325a02e1061b0b8c50bc7ae3daa840c2dafb0a4a376b51acff0d1dd248e6,956,3
C:\SRS(ISIC_2019)\Dataset\BCC\ISIC_0026154.jpg,isic_0026154,1,e84f7d01769ce68b69a06a9654f18fb446f4fb5d7ef73559f28a7b461318c46a,958,3
C:\SRS(ISIC_2019)\Dataset\BCC\ISIC_0026230.jpg,isic_0026230,1,a360a8d45b53acaf1ec39ed294026ef7b2895ca2c3e3c9f5dcf5ef009f31af83,962,3
C:\SRS(ISIC_2019)\Dataset\BCC\ISIC_0026282.jpg,isic_0026282,1,250874fd2674e4269d4794681f7813cad47a353e409fad3f3a01bc2f4b8e842a,964,3
C:\SRS(ISIC_2019)\Dataset\BCC\ISIC_0026433.jpg,isic_0026433,1,9f9320e484c75836ecd47082c190c10d0b2ad6d14f724e637d6029f7d00a80e0,971,3
C:\SRS(ISIC_2019)\Dataset\BCC\ISIC_0026528.jpg,isic_0026528,1,d4ab979bbf1776f6b83f474935a95f32d07b82585814c9b198f2d85050e256bf,976,3
C:\SRS(ISIC_2019)\Dataset\BCC\ISIC_0026687.jpg,isic_0026687,1,f0bf3216ea4065a63fff422c95326ff1245c50ab2c699ef658d33dfb9128784a,982,3
C:\SRS(ISIC_2019)\Dataset\BCC\ISIC_0026831.jpg,isic_0026831,1,fed9fee73bba707bc89932721a3b54a5010d9a9901341ce0f3cd29fcad480df9,988,3
C:\SRS(ISIC_2019)\Dataset\BCC\ISIC_0026902.jpg,isic_0026902,1,f64f8106766de9da6fb4ae503c935a4b45692f33d9bdc9426de8f9822e133450,992,3
C:\SRS(ISIC_2019)\Dataset\BCC\ISIC_0026952.jpg,isic_0026952,1,781b39c340fc6f0cf913a78d559266018ee51a4cda5c2af78ca6a019bc9eb893,994,3
C:\SRS(ISIC_2019)\Dataset\BCC\ISIC_0027090.jpg,isic_0027090,1,265e3847719daa52f365c2bc9c377a77b89354ca92e1681e3385b02c1d8a2166,1006,3
C:\SRS(ISIC_2019)\Dataset\BCC\ISIC_0027146.jpg,isic_0027146,1,f4bbf18671050103c086a7495f55e0dfbdd01b3cf2af73e67e874baa077da03d,1011,3
C:\SRS(ISIC_2019)\Dataset\BCC\ISIC_0027229.jpg,isic_0027229,1,55b369582f01d3f9f091693b25d6e12ac32c418aa9a397182b7ef542c0d6a265,1014,3
C:\SRS(ISIC_2019)\Dataset\BCC\ISIC_0027281.jpg,isic_0027281,1,120a89c0c5382753bbceaa61cdc3f2b37a930bf2c1073617c6db5037cade9679,1015,3
C:\SRS(ISIC_2019)\Dataset\BCC\ISIC_0027425.jpg,isic_0027425,1,c0d3617916c79d8183e3888fb5da2ead942799c91ed71537cf5ef2829c43d646,1021,3
C:\SRS(ISIC_2019)\Dataset\BCC\ISIC_0027704.jpg,isic_0027704,1,823943cf541b15338fc3ec516d15b73ec066c1795e5182753bdd5819b9c9c1e4,1038,3
C:\SRS(ISIC_2019)\Dataset\BCC\ISIC_0027759.jpg,isic_0027759,1,91ee5fc78040924276016e177fd840c39727dde545b18b9c496199479e57dffd,1041,3
C:\SRS(ISIC_2019)\Dataset\BCC\ISIC_0027865.jpg,isic_0027865,1,6f585ade0c2df8b7ed0f40ec6fadbadcef002baabc41172271da9377460f0086,1051,3
C:\SRS(ISIC_2019)\Dataset\BCC\ISIC_0027976.jpg,isic_0027976,1,71a1379ca2056285463ad11306fe1428850930ef08df9105a85c1fb93c72db7c,1055,3
C:\SRS(ISIC_2019)\Dataset\BCC\ISIC_0027998.jpg,isic_0027998,1,447070ed625184b3dced836419228c4c2842e074f73820a06093640ecae56679,1056,3
C:\SRS(ISIC_2019)\Dataset\BCC\ISIC_0028106.jpg,isic_0028106,1,379bcd4c57b2eaaf5fc9dd0148427aeba1939a8d7492e947c250c4ca298d77d5,1064,3
C:\SRS(ISIC_2019)\Dataset\BCC\ISIC_0028107.jpg,isic_0028107,1,7d95797477a43be10eb724ca1b917b2b5cd03682eeec0f6650a27b6596fdd97a,1065,3
C:\SRS(ISIC_2019)\Dataset\BCC\ISIC_0028168.jpg,isic_0028168,1,09d45560e1b26fd6c712d00b173e1b41a1ac4f16baf773b9eabadc30d5f4349e,1070,3
C:\SRS(ISIC_2019)\Dataset\BCC\ISIC_0028323.jpg,isic_0028323,1,775f408999205e81d5fbededde0d48e9d8133707d7b26ca1536538e0a9313eac,1076,3
C:\SRS(ISIC_2019)\Dataset\BCC\ISIC_0028570.jpg,isic_0028570,1,b9e16d1247fef2651d5004073bfcadd822fee181e66ddd904f6532d766ed0bd1,1086,3
C:\SRS(ISIC_2019)\Dataset\BCC\ISIC_0028871.jpg,isic_0028871,1,f9965f8ced7a0be915b2192ae06a1cc4ddff99d285d0d4ac3b9442bee4f3dc0d,1107,3
C:\SRS(ISIC_2019)\Dataset\BCC\ISIC_0028890.jpg,isic_0028890,1,b222f8240f19ea2589d826297dc8775b2cf8af9061b7de9880a1974878e74932,1109,3
C:\SRS(ISIC_2019)\Dataset\BCC\ISIC_0028989.jpg,isic_0028989,1,09eda660462d3ec90f2255e45b0de26a3a2d22f413bee51361f207a27dc67110,1116,3
C:\SRS(ISIC_2019)\Dataset\BCC\ISIC_0028994.jpg,isic_0028994,1,c0f785c025f60e8791990bbb2a78b7c5771efade1027e959fec8426c295f1d38,1117,3
C:\SRS(ISIC_2019)\Dataset\BCC\ISIC_0029053.jpg,isic_0029053,1,089c4cb263df3286a7e42e73e0cb6368a30cbb590bb45a69b66d9b6922e312ed,1121,3
C:\SRS(ISIC_2019)\Dataset\BCC\ISIC_0029083.jpg,isic_0029083,1,97146187a0bb5355101838670fdfae56dd22ee79c191b6e39d12f544007f3395,1123,3
C:\SRS(ISIC_2019)\Dataset\BCC\ISIC_0029278.jpg,isic_0029278,1,badce5d66400f15ebe7f8f54d15152ce0c0acb523bcb717e9a588463916b6d67,1132,3
C:\SRS(ISIC_2019)\Dataset\BCC\ISIC_0029680.jpg,isic_0029680,1,41eef69316c107ad6d9bd51496a1a4381c9c273cb939a19a71ea52b76a0c57b9,1157,3
C:\SRS(ISIC_2019)\Dataset\BCC\ISIC_0029779.jpg,isic_0029779,1,6ea398055cd29e413ca1181403df9db1a9ef1cf48072fcbcfc2353f46fb1861d,1161,3
C:\SRS(ISIC_2019)\Dataset\BCC\ISIC_0029820.jpg,isic_0029820,1,08aa75a04841a251b8d3ade86a5befca64c6de2bd26a9d4aadd392bf8facae5e,1163,3
C:\SRS(ISIC_2019)\Dataset\BCC\ISIC_0029856.jpg,isic_0029856,1,ac19ba4fd2a92739a2921dccc10b1a0837b0be5571bb1e95204a019a96d6cacc,1166,3
C:\SRS(ISIC_2019)\Dataset\BCC\ISIC_0029974.jpg,isic_0029974,1,1de37422c95a3444f0cabc7f1eb35571408925ff854d162194fb5cf2c0a29235,1172,3
C:\SRS(ISIC_2019)\Dataset\BCC\ISIC_0030114.jpg,isic_0030114,1,e4bfb03f962dc4ae0a4cc3e7ff9282b9ce841b6d29fcdf62232a40c5e29632a0,1176,3
C:\SRS(ISIC_2019)\Dataset\BCC\ISIC_0030230.jpg,isic_0030230,1,3a0edfef567ac95b745bdfaec79854b2cd07545d45a07e5eadc81c52ee63704b,1182,3
C:\SRS(ISIC_2019)\Dataset\BCC\ISIC_0030233.jpg,isic_0030233,1,129690638b011a21851246b52a83510bd2b9c434111a8a50bd88a925b495a7f5,1183,3
C:\SRS(ISIC_2019)\Dataset\BCC\ISIC_0030446.jpg,isic_0030446,1,c89299c687b11029d0b5f1ef10398119c4a6ddfa72ce8b3ffa9f5b17a8c489d1,1193,3
C:\SRS(ISIC_2019)\Dataset\BCC\ISIC_0030712.jpg,isic_0030712,1,52f026737229fcea25444fd858d03892001e2afea6337466734e931347a4e596,1205,3
C:\SRS(ISIC_2019)\Dataset\BCC\ISIC_0030746.jpg,isic_0030746,1,8a5935cbfc8790549128f229d59e61da668e78993a93b079e1fd7ad3a0cb0c11,1207,3
C:\SRS(ISIC_2019)\Dataset\BCC\ISIC_0030766.jpg,isic_0030766,1,dc7f71c530ecb9291021e06dd592e5004021cc4ac6143979fbc17c3c35874dfa,1209,3
C:\SRS(ISIC_2019)\Dataset\BCC\ISIC_0030782.jpg,isic_0030782,1,7bbbf25bce2ce142fddd9295ffcaad91dc46c30bdda1e1be364f04ef27a20ecf,1212,3
C:\SRS(ISIC_2019)\Dataset\BCC\ISIC_0030800.jpg,isic_0030800,1,30faad5c26b921f2e3761823466678a3e0dfc1ea78498851407dc37d082e51b4,1213,3
C:\SRS(ISIC_2019)\Dataset\BCC\ISIC_0031122.jpg,isic_0031122,1,a419dd29d82b3ebc47ba94862d12331d76f75f9f4b11418a4b773d874192f89d,1229,3
C:\SRS(ISIC_2019)\Dataset\BCC\ISIC_0031175.jpg,isic_0031175,1,fb827fe86afedc9117aeaa3d13a84d9db70876b44c142d05bc04e4c1d2bc3985,1235,3
C:\SRS(ISIC_2019)\Dataset\BCC\ISIC_0031294.jpg,isic_0031294,1,8ee52962198f8ffe16307925b02834725ea455e1754d8fce2065db4d313d5c80,1245,3
C:\SRS(ISIC_2019)\Dataset\BCC\ISIC_0031442.jpg,isic_0031442,1,2a0d30d6f6cf318224129ded7dd2ef4469c8f45d42462675bf5426aaf269c433,1254,3
C:\SRS(ISIC_2019)\Dataset\BCC\ISIC_0031489.jpg,isic_0031489,1,5269067ea9819aa20c926d9d98bd36d403d215c924b9f3e72380f7b704909108,1257,3
C:\SRS(ISIC_2019)\Dataset\BCC\ISIC_0031513.jpg,isic_0031513,1,2280e4c541e2db1150c1aec2b199da39196d80d56c6883bec24f091a5fa07a4c,1258,3
C:\SRS(ISIC_2019)\Dataset\BCC\ISIC_0031531.jpg,isic_0031531,1,79f9cc7b5ddd4ea2b718089e2f6deff18931ea499c76d337e23a5b79ad56acd1,1262,3
C:\SRS(ISIC_2019)\Dataset\BCC\ISIC_0031749.jpg,isic_0031749,1,875ba0a7bcc70da9845f1f344a81b920d15d5dac5b3e8fa4c6b3262c810d3dd5,1277,3
C:\SRS(ISIC_2019)\Dataset\BCC\ISIC_0031762.jpg,isic_0031762,1,ab68e2a7dc0ec5c48e34ea1678b9ba4a821ed1036438d5cf39c7d021d7a437e8,1278,3
C:\SRS(ISIC_2019)\Dataset\BCC\ISIC_0031789.jpg,isic_0031789,1,3952d5bc6b646e5dee1574bed5d2c271718101bd13b3965978402e08ffd9603b,1279,3
C:\SRS(ISIC_2019)\Dataset\BCC\ISIC_0031976.jpg,isic_0031976,1,5c06476563ded4a7f517ef961e68d74fa3b0dd3ac0f430765e5ebcba1760c951,1285,3
C:\SRS(ISIC_2019)\Dataset\BCC\ISIC_0032302.jpg,isic_0032302,1,886542ced364c0a61fad4f634c87a05f88380224cd6005c9fa519b2e8f781882,1302,3
C:\SRS(ISIC_2019)\Dataset\BCC\ISIC_0032461.jpg,isic_0032461,1,c69aa4674bfd14f5f029a46bbc2abfb3b65d5d8d7b42a6ddffd132cc97037cdf,1312,3
C:\SRS(ISIC_2019)\Dataset\BCC\ISIC_0032696.jpg,isic_0032696,1,82cc63af8839eb0b3364ae37b2f47bb1321a3f22e8f175721fc3f26e020dc835,1319,3
C:\SRS(ISIC_2019)\Dataset\BCC\ISIC_0032768.jpg,isic_0032768,1,2278c3b4962d798c5de21361e29062869a92f0d2cd01e26544ab3d2cf9d7c42a,1322,3
C:\SRS(ISIC_2019)\Dataset\BCC\ISIC_0032799.jpg,isic_0032799,1,4b317653ce4e1338a7b983f84f8c3f7cdb4024494a6cc6f90b6671e3bcab3fa6,1324,3
C:\SRS(ISIC_2019)\Dataset\BCC\ISIC_0032834.jpg,isic_0032834,1,d20000a7af01d109d4d7c53bdec1206fdeefc6b19e62f0982f50542a72df2f41,1327,3
C:\SRS(ISIC_2019)\Dataset\BCC\ISIC_0032894.jpg,isic_0032894,1,f5617bc6aa6a5bce80c5e615332c7ac06ea365bc1e9a1ea6d024b5676dceb1e0,1330,3
C:\SRS(ISIC_2019)\Dataset\BCC\ISIC_0032906.jpg,isic_0032906,1,63ce121843fa501b0612888709556028258214a87fe498c867694ff86a3fc271,1331,3
C:\SRS(ISIC_2019)\Dataset\BCC\ISIC_0032991.jpg,isic_0032991,1,e2df5031911339e5a4156d030f2b30712d48e36f2444c9f9f16afa153d4111b8,1333,3
C:\SRS(ISIC_2019)\Dataset\BCC\ISIC_0033020.jpg,isic_0033020,1,d718d930ee83616027aaa32914788189828163cf79f86d53bf2cbb5865199b5b,1337,3
C:\SRS(ISIC_2019)\Dataset\BCC\ISIC_0033301.jpg,isic_0033301,1,d6d3789138cfa1b9106ad24fd7beba093db2c663995b29025d2d1c531f582911,1346,3
C:\SRS(ISIC_2019)\Dataset\BCC\ISIC_0033468.jpg,isic_0033468,1,8b875a26f2551b836d415fa892717894776afe32c50f7849051139612c5c338d,1350,3
C:\SRS(ISIC_2019)\Dataset\BCC\ISIC_0033551.jpg,isic_0033551,1,1dad36143c97088fd7a4244a0fab3db6abd4637324131bfa588dfb1f4bbbab05,1354,3
C:\SRS(ISIC_2019)\Dataset\BCC\ISIC_0034015.jpg,isic_0034015,1,c7d7abbf4adcef7bacc886ce7bdc1633696c73652090d7a458f376da39230163,1363,3
C:\SRS(ISIC_2019)\Dataset\BCC\ISIC_0034066.jpg,isic_0034066,1,f0cef4728d934eca0476fb8360847b617188c6787aef25b5d8323e280de505e7,1367,3
C:\SRS(ISIC_2019)\Dataset\BCC\ISIC_0034093.jpg,isic_0034093,1,33c937dec9920dfc5de71d19ba7eb6ae36bf63e5d401e6f91260c55303c2cf03,1368,3
C:\SRS(ISIC_2019)\Dataset\BCC\ISIC_0034119.jpg,isic_0034119,1,0b56598153069a7bdcdcd5ec58efe4224eb3ca0472ba7530a1b3f999d392458a,1370,3
C:\SRS(ISIC_2019)\Dataset\BCC\ISIC_0034155.jpg,isic_0034155,1,99d53cc9a29fc469147a1839bf5c85227813d4e0fc0640ffa0198b41680b09f9,1373,3
C:\SRS(ISIC_2019)\Dataset\BCC\ISIC_0034255.jpg,isic_0034255,1,b34879c9bf37cf684058da4b3c50ced1f6b37a038f526ee205d2f9a07d3d93d3,1377,3
C:\SRS(ISIC_2019)\Dataset\BCC\ISIC_0034299.jpg,isic_0034299,1,122746b8915ecb4911a653ace113902a94d00cfc45d251b7693458e660c5b390,1379,3
C:\SRS(ISIC_2019)\Dataset\BCC\ISIC_0053472.jpg,isic_0053472,1,2ae91a2f81ac1b4da71f48ef83c59ed1f2510da9a9ed8dc4958658d9d0c7671e,1382,3
C:\SRS(ISIC_2019)\Dataset\BCC\ISIC_0053483.jpg,isic_0053483,1,4f870268c2e37d92dc716f6966f5a4e49293bc4edc6930c368de3ab940ba8244,1384,3
C:\SRS(ISIC_2019)\Dataset\BCC\ISIC_0053514.jpg,isic_0053514,1,f8e85b12b668ab36e84dfaa654ab97ed40c3fa0738d8cf8df17ca23273b82377,1390,3
C:\SRS(ISIC_2019)\Dataset\BCC\ISIC_0053535.jpg,isic_0053535,1,939f7152cdd1546fb45ce36762dea380c0a87fa591ff412ca929e8cfa935ee79,1393,3
C:\SRS(ISIC_2019)\Dataset\BCC\ISIC_0053621.jpg,isic_0053621,1,91a01e0144ce7e5e9c4e63f6717b16cbf532206aa4d7a0728774a6a7f5e4f6f4,1406,3
C:\SRS(ISIC_2019)\Dataset\BCC\ISIC_0053678.jpg,isic_0053678,1,07264c6f10059b7c9939f01c0dd6a8580201e12a146e605ba38cce42a58d2276,1412,3
C:\SRS(ISIC_2019)\Dataset\BCC\ISIC_0053735.jpg,isic_0053735,1,daf85c290b774b4f21ee034d4b927f5d225ea5309b43d728b16165ea905934ec,1420,3
C:\SRS(ISIC_2019)\Dataset\BCC\ISIC_0053744.jpg,isic_0053744,1,096cba1736d83b55bdd72d84385d4b8b7a7ab4caafdb33613d597ba6e85e298b,1421,3
C:\SRS(ISIC_2019)\Dataset\BCC\ISIC_0053809.jpg,isic_0053809,1,57017dead58160b3adb59a57bf30bd99f75880c68779484bd0070f8a462234c9,1427,3
C:\SRS(ISIC_2019)\Dataset\BCC\ISIC_0053863.jpg,isic_0053863,1,8cc887b6830a9d3b5c1e9e37530434aa50e1ddeb78be82adfec48fff2f456edc,1434,3
C:\SRS(ISIC_2019)\Dataset\BCC\ISIC_0053867.jpg,isic_0053867,1,33477ad87057ae364c1e0a289bfe173e52f46352857409d79a6a5e55a2561cde,1435,3
C:\SRS(ISIC_2019)\Dataset\BCC\ISIC_0053924.jpg,isic_0053924,1,e1045646090d52b91fd3b0e87f75344d211e73d6ccd341e6cceabb9af94d8a0c,1441,3
C:\SRS(ISIC_2019)\Dataset\BCC\ISIC_0053928.jpg,isic_0053928,1,b42a3a68084af7fcdbd4fc549432498e256474e79137e2427a9440e9dfc70c48,1442,3
C:\SRS(ISIC_2019)\Dataset\BCC\ISIC_0053993.jpg,isic_0053993,1,a76c134284a344950f29c18a2983acecbd1ee50f5dc5eb0932d367570682dd01,1450,3
C:\SRS(ISIC_2019)\Dataset\BCC\ISIC_0054065.jpg,isic_0054065,1,8e74e8c0b9aa42684f7affdb08eedd0558ef31b775ed673b59ddfa2ed444857f,1457,3
C:\SRS(ISIC_2019)\Dataset\BCC\ISIC_0054158.jpg,isic_0054158,1,1eb924a975a0e8a4b890bbdd917fb3f7cd6854f4c5f1a04d3cd78229b2dd99f9,1471,3
C:\SRS(ISIC_2019)\Dataset\BCC\ISIC_0054169.jpg,isic_0054169,1,745233491f845179489985f5658b5002d0be071d4ec21a69fb44b65f1a1bf3e2,1473,3
C:\SRS(ISIC_2019)\Dataset\BCC\ISIC_0054189.jpg,isic_0054189,1,fc4f8a79b7dff583edecb71b4263cd7bb8ff611aa93b9bc55472a1a65ba8d9b4,1476,3
C:\SRS(ISIC_2019)\Dataset\BCC\ISIC_0054191.jpg,isic_0054191,1,868c5d3e57a54715c49bf1aa02cf5779bee72f23a937356599b21dca17c9e1a7,1478,3
C:\SRS(ISIC_2019)\Dataset\BCC\ISIC_0054306.jpg,isic_0054306,1,f475f18acd400455d176d2ca9287a25a26bcfafbe7e313435a5bba1ce0b68fe6,1489,3
C:\SRS(ISIC_2019)\Dataset\BCC\ISIC_0054413.jpg,isic_0054413,1,c331e7bd3cc4d1745b9fd280751f92bc330df01d404aa448ed1bf492a920954d,1506,3
C:\SRS(ISIC_2019)\Dataset\BCC\ISIC_0054449.jpg,isic_0054449,1,2192203bfe0b6e564abad5093dd5c867e0b8e890b24d3d674ba83ca94917b188,1512,3
C:\SRS(ISIC_2019)\Dataset\BCC\ISIC_0054467.jpg,isic_0054467,1,eec33167d24d2c198551652ceabfce91fdd5864c54ae43edff2d0563ef65b2ed,1515,3
C:\SRS(ISIC_2019)\Dataset\BCC\ISIC_0054518.jpg,isic_0054518,1,4a52261ebcef7560f0fd56d4d56c71e936e840652b41ae6766cfbeaf469273ba,1520,3
C:\SRS(ISIC_2019)\Dataset\BCC\ISIC_0054524.jpg,isic_0054524,1,557d215cd30717d3423792c17c565f0b4ebe6c9600616f81d5ee2c7d93766f75,1521,3
C:\SRS(ISIC_2019)\Dataset\BCC\ISIC_0054530.jpg,isic_0054530,1,58a2a700ba6ef5002cabb90e0ceec6e641734c1b52381d27b23e69fdcb142854,1522,3
C:\SRS(ISIC_2019)\Dataset\BCC\ISIC_0054542.jpg,isic_0054542,1,bf7a3bcd375c6ff9c5418a707dc433b0bb12efa6887c5e8b31d58c2417a9eb28,1525,3
C:\SRS(ISIC_2019)\Dataset\BCC\ISIC_0054607.jpg,isic_0054607,1,166f409545f4adc3c0efaced6b67ecb658f21999599e0d2393cc4b4de39d8777,1535,3
C:\SRS(ISIC_2019)\Dataset\BCC\ISIC_0054616.jpg,isic_0054616,1,368cee89430d59c01bcdf7e735335a351d7aa3fb5bfd763beccbc676c4f272b4,1537,3
C:\SRS(ISIC_2019)\Dataset\BCC\ISIC_0054653.jpg,isic_0054653,1,63d00bc5c50125f9c6d6521ff4215fa51bc1a4df69cffb8dc7c68287fed51f0c,1544,3
C:\SRS(ISIC_2019)\Dataset\BCC\ISIC_0054662.jpg,isic_0054662,1,5a931d65f65e2c15045ec31cef1020a432d02f6d1ca0ae7a0b4336eb882b1215,1546,3
C:\SRS(ISIC_2019)\Dataset\BCC\ISIC_0054665.jpg,isic_0054665,1,5f81002e412d8c6781591c51991d3a2ba2a0fcc938cc4103df7a27245515d24c,1547,3
C:\SRS(ISIC_2019)\Dataset\BCC\ISIC_0054674.jpg,isic_0054674,1,65240c412a1ed1ce0e1cab8e8afed1062543862e679f784a0802d70ce8c145c9,1549,3
C:\SRS(ISIC_2019)\Dataset\BCC\ISIC_0054688.jpg,isic_0054688,1,445593d4cb3abc46bba503f7a188e7639b5c37747e57a5f604f989059cb6f6c4,1551,3
C:\SRS(ISIC_2019)\Dataset\BCC\ISIC_0054717.jpg,isic_0054717,1,0984651771dc0b443c7c605c74a17e45a7c75c99b0144aedda8861a57252219c,1553,3
C:\SRS(ISIC_2019)\Dataset\BCC\ISIC_0054740.jpg,isic_0054740,1,d926deec8d3ebae8c1c034f1fb1a35c9dde2ed354c7a9f2dc967d7ae69d82e2c,1557,3
C:\SRS(ISIC_2019)\Dataset\BCC\ISIC_0054820.jpg,isic_0054820,1,387b61a44280cde4565c20893db84829b5a69c4465df976f58f382586f975dd0,1568,3
C:\SRS(ISIC_2019)\Dataset\BCC\ISIC_0054836.jpg,isic_0054836,1,e47c0652205e4afe1960d946201e59117ed7664a89ddb0a4d1ab71f3c764469c,1570,3
C:\SRS(ISIC_2019)\Dataset\BCC\ISIC_0054881.jpg,isic_0054881,1,75d9a8c673d17fe0e7d9de897ac83bbacc3e2a326ed068f43481bcc2d7db5aee,1578,3
C:\SRS(ISIC_2019)\Dataset\BCC\ISIC_0054917.jpg,isic_0054917,1,8eb9233e7bb4c81ebd7ed09b509759c59f4f98c347ef4e19a1311b56b047560c,1580,3
C:\SRS(ISIC_2019)\Dataset\BCC\ISIC_0054929.jpg,isic_0054929,1,9acc580f79d4d3ce38c040abb2863c53514c6bdb445202db067e1086da58068f,1582,3
C:\SRS(ISIC_2019)\Dataset\BCC\ISIC_0054957.jpg,isic_0054957,1,4c2238a7928ecf425d3e577576bd66f0180ab7baeb3e9d97c1c5c9ad1cc23970,1586,3
C:\SRS(ISIC_2019)\Dataset\BCC\ISIC_0054993.jpg,isic_0054993,1,5f11a3bb9e6e8a85062a39cccf5a0c5dd1c3c01f25609569adff9a9c5ef417de,1594,3
C:\SRS(ISIC_2019)\Dataset\BCC\ISIC_0055060.jpg,isic_0055060,1,d378fc5e31b40386a8fee041c8ad612844eed5f6a24380c56e79ed29733ddc0e,1604,3
C:\SRS(ISIC_2019)\Dataset\BCC\ISIC_0055075.jpg,isic_0055075,1,2a427a398f723668fc11c47e7333e6f0fdf53ddfb9eb7d3fa99335792bd7ac42,1607,3
C:\SRS(ISIC_2019)\Dataset\BCC\ISIC_0055178.jpg,isic_0055178,1,e9f4ddf2c795d65f08562a45a10c120cb64b767ba266a73a11650463437cfd9b,1618,3
C:\SRS(ISIC_2019)\Dataset\BCC\ISIC_0055194.jpg,isic_0055194,1,43d64bff9573bcde8362e43a33c292e8e209a8b328fe4ec2e2309f98afd56a05,1620,3
C:\SRS(ISIC_2019)\Dataset\BCC\ISIC_0055262.jpg,isic_0055262,1,c7c19e45d3316a717e86c468d83ff9fb4e52e39bb9a24bd866603b4917af836d,1629,3
C:\SRS(ISIC_2019)\Dataset\BCC\ISIC_0055313.jpg,isic_0055313,1,78be9127da802d28bee5ff8efcf20830db4a5775063e3a03832323f11d111498,1636,3
C:\SRS(ISIC_2019)\Dataset\BCC\ISIC_0055323.jpg,isic_0055323,1,2a3c282859ee16333ad5ce779427c762bc4ad5384d3b21c2d84190c6396f5283,1637,3
C:\SRS(ISIC_2019)\Dataset\BCC\ISIC_0055334.jpg,isic_0055334,1,49d0827175103cc51a405ffc01f38609051d7fbe5a12f29ba950351b4ce87af1,1640,3
C:\SRS(ISIC_2019)\Dataset\BCC\ISIC_0055368.jpg,isic_0055368,1,3d8634686f32f687a18758b40e3d56541fa2e68ea40dffc9eae278800d105d18,1647,3
C:\SRS(ISIC_2019)\Dataset\BCC\ISIC_0055409.jpg,isic_0055409,1,534d45bc90702383e740fd644ab1f3a067e178b56ef5a6b71016fbf15330ed18,1655,3
C:\SRS(ISIC_2019)\Dataset\BCC\ISIC_0055509.jpg,isic_0055509,1,810041d1dcd5875cf35cd2150b59689aa78a37f894965bfbdd768d74321f75ba,1665,3
C:\SRS(ISIC_2019)\Dataset\BCC\ISIC_0055554.jpg,isic_0055554,1,1b48f1ae6fa49e60462c1fe82445deeb4c1850aa031dddc97a77776555ad497c,1669,3
C:\SRS(ISIC_2019)\Dataset\BCC\ISIC_0055555.jpg,isic_0055555,1,1e61b385926e97881fac611c51ff01112182c38189667dd29e54d0864417150d,1670,3
C:\SRS(ISIC_2019)\Dataset\BCC\ISIC_0055629.jpg,isic_0055629,1,b5b192e8a19f8a557ff255969c845a8269b8443b910e9ff494b00b7c86ef32ca,1677,3
C:\SRS(ISIC_2019)\Dataset\BCC\ISIC_0055647.jpg,isic_0055647,1,b161afbd6598291edad49dfc7d038688adfc555481fb45894fbf75d885697d57,1680,3
C:\SRS(ISIC_2019)\Dataset\BCC\ISIC_0055718.jpg,isic_0055718,1,03410beb5d186292fc6bdea81f4dfea2483c47e2f3eed7dadbdbad3ebfec25cb,1690,3
C:\SRS(ISIC_2019)\Dataset\BCC\ISIC_0055721.jpg,isic_0055721,1,30c07a9ecaf687fd006b0eae1ad3f1c8ef0eb0e74d3e881114d5e152ae0b0ee2,1691,3
C:\SRS(ISIC_2019)\Dataset\BCC\ISIC_0055728.jpg,isic_0055728,1,1eaf41ea633862d5500a6a9ede4326389652a19390d093794087fe85da36ee7d,1692,3
C:\SRS(ISIC_2019)\Dataset\BCC\ISIC_0055735.jpg,isic_0055735,1,3e606b2fca131b03437a153a1d88ad32049e6a1ccf1ccdb0add6ab5da89eb4ee,1694,3
C:\SRS(ISIC_2019)\Dataset\BCC\ISIC_0055758.jpg,isic_0055758,1,9cfcb9f6d51287417b24c63ca5da4dd586fc2ea8ab9500a6f43f02287e346698,1699,3
C:\SRS(ISIC_2019)\Dataset\BCC\ISIC_0055762.jpg,isic_0055762,1,4b4aa5d7e9446e2015db4bcef263d088d1c449d301d3d74ade469dcbf506f491,1701,3
C:\SRS(ISIC_2019)\Dataset\BCC\ISIC_0055765.jpg,isic_0055765,1,9c4de9ed6994a93c9b148fe5a57c3313d0933c60750fd9425bdab07dfa5dd207,1702,3
C:\SRS(ISIC_2019)\Dataset\BCC\ISIC_0055772.jpg,isic_0055772,1,0727b990033d64f14c24a3a6ace428ee7705de01495af9727ed43ad26cbc5c9e,1705,3
C:\SRS(ISIC_2019)\Dataset\BCC\ISIC_0055775.jpg,isic_0055775,1,2989547a8c507dcfa4e9363bb46e9eee992c78a26bf2c2d286ed05cb8dcc5f1f,1707,3
C:\SRS(ISIC_2019)\Dataset\BCC\ISIC_0055812.jpg,isic_0055812,1,a821a64ffb456e6bcfe2307da1ba15747848f72ac370b501f820ea58cf77fbc1,1712,3
C:\SRS(ISIC_2019)\Dataset\BCC\ISIC_0055882.jpg,isic_0055882,1,734560761ade96bff8c96a573fe408c66baec4f5aa6e58a82819a8c34df15c4c,1719,3
C:\SRS(ISIC_2019)\Dataset\BCC\ISIC_0055890.jpg,isic_0055890,1,590242c6becc6f030cacff211690076c2eed4424ecd9ef9e1f19d03d609162ab,1721,3
C:\SRS(ISIC_2019)\Dataset\BCC\ISIC_0055912.jpg,isic_0055912,1,7b1479a764b8e582e5ea370253173e8cfbb7962f99289bcea4ffa278dfd6d7ac,1727,3
C:\SRS(ISIC_2019)\Dataset\BCC\ISIC_0055957.jpg,isic_0055957,1,229c56bded2ea24ff2695216db20ce1c4c4d8d7f777b1d7b3e6e1d73512ae675,1735,3
C:\SRS(ISIC_2019)\Dataset\BCC\ISIC_0056020.jpg,isic_0056020,1,ac68e1ce2194f5e93d5a8f44c47a6ad19462eabbc86bc785bee9e7e8e2d98ef6,1743,3
C:\SRS(ISIC_2019)\Dataset\BCC\ISIC_0056024.jpg,isic_0056024,1,409b6a0633c0788af634ccc7e1de7b5ee0ba48a2b7cee436805c52bffc85e963,1744,3
C:\SRS(ISIC_2019)\Dataset\BCC\ISIC_0056083.jpg,isic_0056083,1,f79833b0264d59487430f6b45558a3062fbf47d541e9642e67ca9ffb6c788805,1749,3
C:\SRS(ISIC_2019)\Dataset\BCC\ISIC_0056126.jpg,isic_0056126,1,4969e324efd12f6ea1b3c448cfb5c41be5e0d682e3f6ba5c1a3d30f2a8177354,1757,3
C:\SRS(ISIC_2019)\Dataset\BCC\ISIC_0056187.jpg,isic_0056187,1,2d74ca8361810999b5dd50917c0c4c0525ba2195f035970bb448980a1a2f12d2,1766,3
C:\SRS(ISIC_2019)\Dataset\BCC\ISIC_0056189.jpg,isic_0056189,1,0eb8eb6e94cfad44d9fa42866eb626d0cc5419fd57ecc057497082158587288f,1767,3
C:\SRS(ISIC_2019)\Dataset\BCC\ISIC_0056229.jpg,isic_0056229,1,22c7a8cf8dab7ab699f09cf73f839bc47eedf55c5568f254c39e6eeea068eb0b,1773,3
C:\SRS(ISIC_2019)\Dataset\BCC\ISIC_0056259.jpg,isic_0056259,1,d673d6a310e002a6f721b8a656a389574a0c9776dc0da45dab09437c402900c2,1779,3
C:\SRS(ISIC_2019)\Dataset\BCC\ISIC_0056282.jpg,isic_0056282,1,a81d8a5d5a3eec30626419c6e1c8e3c0e4f1329f8becccecda3a07cd504f70fb,1781,3
C:\SRS(ISIC_2019)\Dataset\BCC\ISIC_0056287.jpg,isic_0056287,1,2735516faac2e178ab11e2b0a46e390a70368194d73cad0bd5f690c5182a222c,1782,3
C:\SRS(ISIC_2019)\Dataset\BCC\ISIC_0056321.jpg,isic_0056321,1,aa24585400ae778adaab00795b0f4b7b8c6f1e8c4b435bd493c480bfb9c70996,1790,3
C:\SRS(ISIC_2019)\Dataset\BCC\ISIC_0056383.jpg,isic_0056383,1,7ac0ec974c203268e98b3c75554326818d27c5af5ac93695e8b95aeeacc42c67,1795,3
C:\SRS(ISIC_2019)\Dataset\BCC\ISIC_0056498.jpg,isic_0056498,1,36fac6c423cbe4666d577bbbb3a1f275a069fbd1f874b539fec24c492abbbddd,1803,3
C:\SRS(ISIC_2019)\Dataset\BCC\ISIC_0056550.jpg,isic_0056550,1,7bc72208ee1be4cb7eae26f877a7ac51c0065bee7063f323e524328ca3924b65,1809,3
C:\SRS(ISIC_2019)\Dataset\BCC\ISIC_0056588.jpg,isic_0056588,1,3d59b63ae018b1df0554cecfa30a7e47f686694a27cfe3a960fde490c7c49d0f,1815,3
C:\SRS(ISIC_2019)\Dataset\BCC\ISIC_0056747.jpg,isic_0056747,1,2b57be6361538fe904ca98637b547048581c85ba35ff22b9893296707139a3a9,1836,3
C:\SRS(ISIC_2019)\Dataset\BCC\ISIC_0056766.jpg,isic_0056766,1,e55fb17eade471fb45a299aa421bc50fa86b30dcd179c6c5c93bf6c4dc5e077b,1837,3
C:\SRS(ISIC_2019)\Dataset\BCC\ISIC_0056767.jpg,isic_0056767,1,4a97640964982b94567e10532208efe2056bc845ee785be80178d895e9da9420,1838,3
C:\SRS(ISIC_2019)\Dataset\BCC\ISIC_0056775.jpg,isic_0056775,1,553317afa3b23e2819ee78e8a15676042c824f62afce4f9dc5c93a4658785e7b,1839,3
C:\SRS(ISIC_2019)\Dataset\BCC\ISIC_0056810.jpg,isic_0056810,1,85e9cafbc653456cee1fa9d62f01e1ba853d36ae4a6dde52ec3ae3ee8fd78884,1841,3
C:\SRS(ISIC_2019)\Dataset\BCC\ISIC_0056840.jpg,isic_0056840,1,a0e9063fdb9e946e79984373a9d77bf7c682031f3532c7908f7d75f4ea55368d,1845,3
C:\SRS(ISIC_2019)\Dataset\BCC\ISIC_0056883.jpg,isic_0056883,1,09b0b544b12ed7a1cb07f401863da040f98ffa945f79214df9c2fc8fdc540f97,1850,3
C:\SRS(ISIC_2019)\Dataset\BCC\ISIC_0056917.jpg,isic_0056917,1,b28fe17a8901b726efbe7fc90f0e50945013bedf785bcf7d9324fc51fc382f49,1856,3
C:\SRS(ISIC_2019)\Dataset\BCC\ISIC_0056918.jpg,isic_0056918,1,10e07180aaec808fd4537740feb3dcfa7ce034aee69e91f99d0a62099bdd9532,1857,3
C:\SRS(ISIC_2019)\Dataset\BCC\ISIC_0056933.jpg,isic_0056933,1,0880de71419145447ee555838e6884645ba399b6aa39a234fe1a72b5f8c9a6af,1859,3
C:\SRS(ISIC_2019)\Dataset\BCC\ISIC_0056942.jpg,isic_0056942,1,dedaf68586d0158e27a6908aa904afaceba4d0ed8ccf5d725e7046d37a0ad595,1861,3
C:\SRS(ISIC_2019)\Dataset\BCC\ISIC_0056950.jpg,isic_0056950,1,a3b10d79e23eb0a16c249b7e95cf3cdcaf6c9f4a015e2a6f261fead73a8930f1,1862,3
C:\SRS(ISIC_2019)\Dataset\BCC\ISIC_0056951.jpg,isic_0056951,1,bc36a5722a0bb80a50921fa1bf32c7482be73797fb9a92b6a5286078bded795d,1863,3
C:\SRS(ISIC_2019)\Dataset\BCC\ISIC_0056965.jpg,isic_0056965,1,1aad434d7f112fe7f7522c42603d9e60cf15aa8ff527e04d28804cc98d124888,1867,3
C:\SRS(ISIC_2019)\Dataset\BCC\ISIC_0057050.jpg,isic_0057050,1,5527f989b9b7b7d33b56e6266a59b11bc8b62b6caeba4693a04c60640186054c,1873,3
C:\SRS(ISIC_2019)\Dataset\BCC\ISIC_0057086.jpg,isic_0057086,1,88d5594d718069166be124c67ff26bc873f0f2526c5d1f31a70a583f66bfee80,1880,3
C:\SRS(ISIC_2019)\Dataset\BCC\ISIC_0057090.jpg,isic_0057090,1,26d015f698ff32a37e143a2cdc6ec822f7852be00944c228ccab1fc8360d0688,1882,3
C:\SRS(ISIC_2019)\Dataset\BCC\ISIC_0057101.jpg,isic_0057101,1,c3f9c1d15c52f733d57a57fdeb0cd43d49781cda4ce1677fa5a67903388be4f5,1883,3
C:\SRS(ISIC_2019)\Dataset\BCC\ISIC_0057111.jpg,isic_0057111,1,35f9d9e3be178ff873df7291d31b65735adf9f02b4ed57bfd1a8566bcd77a438,1885,3
C:\SRS(ISIC_2019)\Dataset\BCC\ISIC_0057170.jpg,isic_0057170,1,10a3388a61b5370826cdf54bb3125362b7a504d4548d5be9cff8d53447d31ab6,1892,3
C:\SRS(ISIC_2019)\Dataset\BCC\ISIC_0057273.jpg,isic_0057273,1,aa10e69919715a45cb80d1ce2cfa6abae597ef9d398be17c3fea37ce323fe55e,1906,3
C:\SRS(ISIC_2019)\Dataset\BCC\ISIC_0057275.jpg,isic_0057275,1,f7332ce44fd001e7f0de8226f22bce27251b606fc3c63afdcde469370fffcd45,1907,3
C:\SRS(ISIC_2019)\Dataset\BCC\ISIC_0057352.jpg,isic_0057352,1,886ff71f30ec95bb7a804d15ad772fabda4715668e8fedc26fd71c6cf6781922,1919,3
C:\SRS(ISIC_2019)\Dataset\BCC\ISIC_0057380.jpg,isic_0057380,1,c674d1fb2961d44856a328a7ddc5032f4e376c8e5f31e8dec7995d08e495761e,1923,3
C:\SRS(ISIC_2019)\Dataset\BCC\ISIC_0057442.jpg,isic_0057442,1,866ed472e5f0481e3ea92fd285c96cb5f999ebb976c52a6b356a1f799caf3536,1935,3
C:\SRS(ISIC_2019)\Dataset\BCC\ISIC_0057456.jpg,isic_0057456,1,57b66a4ddc1dc931b7d1235d83dbeebdaef304a38aa0b22ff417d53781cc0bde,1937,3
C:\SRS(ISIC_2019)\Dataset\BCC\ISIC_0057471.jpg,isic_0057471,1,53c24004fb8ffd9194394976249814f99ee9c09692238d705fe094c081e42dbf,1938,3
C:\SRS(ISIC_2019)\Dataset\BCC\ISIC_0057629.jpg,isic_0057629,1,1656a3d510dada24f214a2bc6d7aaf98217c61d5781a8f91f0d1d3aac3026a16,1958,3
C:\SRS(ISIC_2019)\Dataset\BCC\ISIC_0057680.jpg,isic_0057680,1,bfca2116e8abddd04b5676fa6a619ae47e8401a6654bac3ec18b174225481886,1965,3
C:\SRS(ISIC_2019)\Dataset\BCC\ISIC_0057705.jpg,isic_0057705,1,b1f7469699fa4d94c249f857d5f99bbb4621fe738e0ccf5a27b1ec10a5b23fcf,1966,3
C:\SRS(ISIC_2019)\Dataset\BCC\ISIC_0057732.jpg,isic_0057732,1,a685d3bfea5f5d0e769c540fa188c822407400b9d5440205a788e18cf0588d79,1968,3
C:\SRS(ISIC_2019)\Dataset\BCC\ISIC_0057825.jpg,isic_0057825,1,fc8511698403f18e31bcdc39fd74f486dd26e1d87d4cb54cdf6a5db811e436a6,1978,3
C:\SRS(ISIC_2019)\Dataset\BCC\ISIC_0057839.jpg,isic_0057839,1,a521fd73c86c8d264e727f85689a4e95b9c4652926c02b5281dd565f4febd8c6,1980,3
C:\SRS(ISIC_2019)\Dataset\BCC\ISIC_0057882.jpg,isic_0057882,1,8d7ef4344d69107662e9900d3c9a755c76047ba5c5c5cbe6b4c2912ec9002120,1982,3
C:\SRS(ISIC_2019)\Dataset\BCC\ISIC_0057902.jpg,isic_0057902,1,d94f0303c78f96997ba2cfe3e9883d0ccf1cf98fb6c075a1d6b8ea74f2976acc,1986,3
C:\SRS(ISIC_2019)\Dataset\BCC\ISIC_0057909.jpg,isic_0057909,1,13fda4b7dbf884cd94852b89e8f1d11a6ca73dbf7b24a055afb70511724e5846,1989,3
C:\SRS(ISIC_2019)\Dataset\BCC\ISIC_0057916.jpg,isic_0057916,1,ea62127a0cb7a20c2cb7d621fbee148beaff981de9a488ec7a6ed440428db665,1992,3
C:\SRS(ISIC_2019)\Dataset\BCC\ISIC_0057917.jpg,isic_0057917,1,9efa9e1f5d84005a8d6a17021754a3bfffe91ddddd13d267accf46bb5afd6a58,1993,3
C:\SRS(ISIC_2019)\Dataset\BCC\ISIC_0057941.jpg,isic_0057941,1,032a6771249ce06754dc9d22b514349c65edef3d62760c7163bc8b42ff84b629,1996,3
C:\SRS(ISIC_2019)\Dataset\BCC\ISIC_0058011.jpg,isic_0058011,1,e41a39886c1de9d5cfdb299a291859882a0acac1be49e31cc97fdecfa79e24f7,2004,3
C:\SRS(ISIC_2019)\Dataset\BCC\ISIC_0058025.jpg,isic_0058025,1,1d4e8b8397af8d48a6b0a8efc43a0ee3565fcd70ef9399a9039c1252413cf2c9,2005,3
C:\SRS(ISIC_2019)\Dataset\BCC\ISIC_0058039.jpg,isic_0058039,1,0c0dbde1da5ddb3e1cee66005e3972844ca6b94aae2eb76a1aaf897dd6f71633,2007,3
C:\SRS(ISIC_2019)\Dataset\BCC\ISIC_0058060.jpg,isic_0058060,1,ec3114400a7f41a44da206e50dc8b6e284661fbb49ec88e56c6cdb79bb4e88e5,2010,3
C:\SRS(ISIC_2019)\Dataset\BCC\ISIC_0058064.jpg,isic_0058064,1,3b2ce3dd0483273fc89b8281c919d0c844e35d83c5e5a205097f7d1ca70d9f90,2012,3
C:\SRS(ISIC_2019)\Dataset\BCC\ISIC_0058088.jpg,isic_0058088,1,72f94fba21a0184b0977843ca7f35a14792e44c7ce2cf34ee1277893968d2f3d,2017,3
C:\SRS(ISIC_2019)\Dataset\BCC\ISIC_0058104.jpg,isic_0058104,1,a535c94f31b04cd66d1436eb7ee89c50a06a5d73ef0b063f00caffa028e3d3f4,2019,3
C:\SRS(ISIC_2019)\Dataset\BCC\ISIC_0058169.jpg,isic_0058169,1,54888985a29a1d3b6e7526ebcb4fd3bb6fdd27a7c1cb38b56d45c15254e64f23,2027,3
C:\SRS(ISIC_2019)\Dataset\BCC\ISIC_0058188.jpg,isic_0058188,1,765d53ae8f22245f5f8fc1cace73d697ee21b753f0322573107dddc131174a7f,2028,3
C:\SRS(ISIC_2019)\Dataset\BCC\ISIC_0058240.jpg,isic_0058240,1,efbe2f5636c98042ebd0a2a50accf7694833da4fb63b3104949513097c72e89c,2036,3
C:\SRS(ISIC_2019)\Dataset\BCC\ISIC_0058257.jpg,isic_0058257,1,f1000802afecd52c3ced8ddbf70dfb6c8b69ef82edee613a7fc0c73d14e78b56,2038,3
C:\SRS(ISIC_2019)\Dataset\BCC\ISIC_0058268.jpg,isic_0058268,1,2137476ed8962960ea19eac6215be86d2ed8d4e137fa3e4137ea43cc32564256,2041,3
C:\SRS(ISIC_2019)\Dataset\BCC\ISIC_0058278.jpg,isic_0058278,1,35533e46a85523744825a12482eba7719d1388eb595bc359faaeda14857bfb82,2042,3
C:\SRS(ISIC_2019)\Dataset\BCC\ISIC_0058304.jpg,isic_0058304,1,d6e283202de0e16b10d0daecbdba89ca0efa418a0b794d36dfd1d75cd841b955,2044,3
C:\SRS(ISIC_2019)\Dataset\BCC\ISIC_0058342.jpg,isic_0058342,1,847dbf31e68839ead57ad7ee7234ccbb6ca2cdb3ff4cf1fae7e8cf3ea3b3025f,2050,3
C:\SRS(ISIC_2019)\Dataset\BCC\ISIC_0058372.jpg,isic_0058372,1,3c9fce234e2f22043e4a785d074d7973ba07ea2a656ea3f9c533f933b70b2ea6,2053,3
C:\SRS(ISIC_2019)\Dataset\BCC\ISIC_0058389.jpg,isic_0058389,1,f9be69318ee6599d456bfac611a1255703a7e0e047e2ed746d46121b9fa06751,2055,3
C:\SRS(ISIC_2019)\Dataset\BCC\ISIC_0058392.jpg,isic_0058392,1,0a17752c034f5083d800d7799e3490da0fb4234c391e709adf1079e809d775c7,2056,3
C:\SRS(ISIC_2019)\Dataset\BCC\ISIC_0058474.jpg,isic_0058474,1,bf756af2d217779d9864c36ab99f5e9276ab05c84cdc488b7ecd30f71f5a2dbd,2069,3
C:\SRS(ISIC_2019)\Dataset\BCC\ISIC_0058476.jpg,isic_0058476,1,60014703a138bcdfd616de3c71c635500d0e91fdc02da396b1a90517c1ccfa30,2070,3
C:\SRS(ISIC_2019)\Dataset\BCC\ISIC_0058549.jpg,isic_0058549,1,11be8992bb61487d5122d5373a3ef9bbc2831097b60ad2c10e49a8cab0ce0383,2078,3
C:\SRS(ISIC_2019)\Dataset\BCC\ISIC_0058567.jpg,isic_0058567,1,182ae4cbfee0361e99a591294928e4cb6521846a21a554b58c181bc0151303e5,2083,3
C:\SRS(ISIC_2019)\Dataset\BCC\ISIC_0058611.jpg,isic_0058611,1,6272d2be017051015333f5b5e10d03de72e2e6c6e383af31b2e1b8cfe6559737,2090,3
C:\SRS(ISIC_2019)\Dataset\BCC\ISIC_0058692.jpg,isic_0058692,1,082d1f16ff4b379c4b9d76cd83b0e953c40e600fb0880265e512edc4b53471ee,2100,3
C:\SRS(ISIC_2019)\Dataset\BCC\ISIC_0058751.jpg,isic_0058751,1,d523cba12b4698f5c40666cb242963bf48c53be824e768d83f4d155988acd417,2111,3
C:\SRS(ISIC_2019)\Dataset\BCC\ISIC_0058766.jpg,isic_0058766,1,97aec31ec9c65c5a7b64d71e1587af6c64e5450a78b5a116c2dc4ca8f44def38,2114,3
C:\SRS(ISIC_2019)\Dataset\BCC\ISIC_0058767.jpg,isic_0058767,1,5e41fdf7e54ec69811081a421abf6f682057894f81bb0e0285718f1b94013cbb,2115,3
C:\SRS(ISIC_2019)\Dataset\BCC\ISIC_0058775.jpg,isic_0058775,1,3c67afcc9d10133b1f79bb41d69314cfa1f1a8f60a161454b1e9c4a8914e12de,2117,3
C:\SRS(ISIC_2019)\Dataset\BCC\ISIC_0058806.jpg,isic_0058806,1,7620a99e6e597d6900c6c63458a71106d22b8918f67002c4d0f2101bf397dfa4,2122,3
C:\SRS(ISIC_2019)\Dataset\BCC\ISIC_0058833.jpg,isic_0058833,1,7267eb115282633228cb16d49de9dd768159d43ac0dc3a3f01cd2b26b850a742,2127,3
C:\SRS(ISIC_2019)\Dataset\BCC\ISIC_0058845.jpg,isic_0058845,1,950e9984e8996f89b6c33d95abde5a3da54dd2fb8ba6c6974194eacdc6ee927f,2129,3
C:\SRS(ISIC_2019)\Dataset\BCC\ISIC_0058964.jpg,isic_0058964,1,af02ff0751911477c3b4b5a5b44fa5f263cc75299d16b62fc2e9474cc01e1475,2143,3
C:\SRS(ISIC_2019)\Dataset\BCC\ISIC_0058973.jpg,isic_0058973,1,207ace3d794dd20d8661ef448016fc12040a61d4ad0bf04a04fd52aad81329ef,2145,3
C:\SRS(ISIC_2019)\Dataset\BCC\ISIC_0058991.jpg,isic_0058991,1,1f662551e016222a1145798083982c4aacd340ab69b4a19fcdba00cebfe7431f,2149,3
C:\SRS(ISIC_2019)\Dataset\BCC\ISIC_0059006.jpg,isic_0059006,1,d6fb14bb4b13d805f1ad1fae1ef86bfe9b0518b94ab551712d507e2dad032601,2153,3
C:\SRS(ISIC_2019)\Dataset\BCC\ISIC_0059033.jpg,isic_0059033,1,a2e27a9cb4d22794534b675192ce313d8070f7cc681bf7a5cd1c73cc61a406d7,2158,3
C:\SRS(ISIC_2019)\Dataset\BCC\ISIC_0059064.jpg,isic_0059064,1,cd90b8e8fbc89464182b8681392340364f3c5251e47e4acc0451c8188b8ed612,2162,3
C:\SRS(ISIC_2019)\Dataset\BCC\ISIC_0059081.jpg,isic_0059081,1,6bca06fbd80a999b814bb55be3e7aed2fb8da31d50ce7f0d290ec757c43e02a4,2165,3
C:\SRS(ISIC_2019)\Dataset\BCC\ISIC_0059094.jpg,isic_0059094,1,7a117ef8367dc210c9c4fe33b055c8f1d191e444b4127f77f74acc197dfd5ded,2166,3
C:\SRS(ISIC_2019)\Dataset\BCC\ISIC_0059096.jpg,isic_0059096,1,e3e4820b712aa30dc956b156a8e78f7f9f96370b5a8251ac71840af5d59a2b2a,2167,3
C:\SRS(ISIC_2019)\Dataset\BCC\ISIC_0059106.jpg,isic_0059106,1,dddc610e5bd1686f99f7f16afb532d349b9f140bd62c5fef34b171884dff49d1,2169,3
C:\SRS(ISIC_2019)\Dataset\BCC\ISIC_0059128.jpg,isic_0059128,1,1841846a499eb391f5070de19a52c44bcbd3cc461197a8f7534eceb746b690d8,2176,3
C:\SRS(ISIC_2019)\Dataset\BCC\ISIC_0059149.jpg,isic_0059149,1,d25e42eeb0abd326716641c8343360f0d5061cea6ad54b4f8283d0c761c4dd31,2179,3
C:\SRS(ISIC_2019)\Dataset\BCC\ISIC_0059159.jpg,isic_0059159,1,ff27cf412980b56e296e6f46763cae8509f618a309956f552a14d6f0e36c19f8,2180,3
C:\SRS(ISIC_2019)\Dataset\BCC\ISIC_0059180.jpg,isic_0059180,1,b7a5781a4e1f621fa09f51d66b7b55e65681bbb70cee5a986c7cf86eb14e8a08,2182,3
C:\SRS(ISIC_2019)\Dataset\BCC\ISIC_0059200.jpg,isic_0059200,1,c4d79bc217e1ef91c6f2abd20070fbe5c6e6935e4c86eccdc9a67728446310ac,2184,3
C:\SRS(ISIC_2019)\Dataset\BCC\ISIC_0059213.jpg,isic_0059213,1,6a755e4c7d7acbc91bc9a73c1c1df63a6a9893251e72ee77f52acdded6486549,2188,3
C:\SRS(ISIC_2019)\Dataset\BCC\ISIC_0059246.jpg,isic_0059246,1,d7dfe3ff3a574b393f58e6039801cf74ba86349e541525a223002a2d8b729462,2195,3
C:\SRS(ISIC_2019)\Dataset\BCC\ISIC_0059374.jpg,isic_0059374,1,be721622b451898deeb4ebc089a84f0d065490c168db27aba78517dc253351c4,2208,3
C:\SRS(ISIC_2019)\Dataset\BCC\ISIC_0059388.jpg,isic_0059388,1,01145d978f786201634533c2df6a9d4129cb9edf5b9cce7af14432bc3284a041,2209,3
C:\SRS(ISIC_2019)\Dataset\BCC\ISIC_0059528.jpg,isic_0059528,1,d73785793e67d1fe87801ab4326d1f952ecb3582f167961bf456f53a2aeeceb4,2225,3
C:\SRS(ISIC_2019)\Dataset\BCC\ISIC_0059585.jpg,isic_0059585,1,24168a6b3555b2913e35a5649184c58b5b865d542525dc337eaa3c447b44ea27,2234,3
C:\SRS(ISIC_2019)\Dataset\BCC\ISIC_0059657.jpg,isic_0059657,1,630c5f6b06946b3c6e40159b3b2892dbb48cc4c1c4d9902d5e8821311212b80e,2243,3
C:\SRS(ISIC_2019)\Dataset\BCC\ISIC_0059690.jpg,isic_0059690,1,c8dccc9248070b4cf4f067a21bea00376e918c3e46eaf141f553623b35b810da,2251,3
C:\SRS(ISIC_2019)\Dataset\BCC\ISIC_0059724.jpg,isic_0059724,1,b9b670a459a1aa36330b893ee650d9f7471013ee3079e7e83e030f747b03b2f0,2254,3
C:\SRS(ISIC_2019)\Dataset\BCC\ISIC_0059755.jpg,isic_0059755,1,c86ae2c8ce85a4663cd0dfc75b2cbf410f7df8c35c6afc60c37c6a39faad4416,2264,3
C:\SRS(ISIC_2019)\Dataset\BCC\ISIC_0059758.jpg,isic_0059758,1,cc6ab34457afdfb97bc78eb5eec72944bc9a19305ef23f553fc8bd122f586e6b,2265,3
C:\SRS(ISIC_2019)\Dataset\BCC\ISIC_0059845.jpg,isic_0059845,1,9401797d2f0681e970477ea6a7cb843a2ac87e19a3901902a1761d9b46e68b20,2277,3
C:\SRS(ISIC_2019)\Dataset\BCC\ISIC_0059847.jpg,isic_0059847,1,e3ad70ac0df3fbfa10d7034f6317ad8e694947f70dbeb8c465bfbba5ff83d224,2278,3
C:\SRS(ISIC_2019)\Dataset\BCC\ISIC_0059882.jpg,isic_0059882,1,3c97f56bb8a64802a67e4ae87a978f50ff0b32e0b3239d5282ac83ffe511ae81,2283,3
C:\SRS(ISIC_2019)\Dataset\BCC\ISIC_0059973.jpg,isic_0059973,1,aaa200eeb27f3992d7b7d5fa592624558d08e4f2e8516507e46ade11655581c3,2294,3
C:\SRS(ISIC_2019)\Dataset\BCC\ISIC_0059977.jpg,isic_0059977,1,b8e00e212bc691186d4e8f22dd13ac0bb79d7cb3de430bb546fdd6e8e15ee2e8,2295,3
C:\SRS(ISIC_2019)\Dataset\BCC\ISIC_0059989.jpg,isic_0059989,1,60edc2e50867c29b24d262c9ae155c315533250e394f5d08756331d4b58443cc,2299,3
C:\SRS(ISIC_2019)\Dataset\BCC\ISIC_0059997.jpg,isic_0059997,1,a85beb62528987b43a238436ebe2bcb91cd65dfe7a54b62ac578beb999350e83,2302,3
C:\SRS(ISIC_2019)\Dataset\BCC\ISIC_0059999.jpg,isic_0059999,1,53ecb101a010f33cbba1897a13fe69226960e8ea32c8c21a15fe72a65a2a7474,2303,3
C:\SRS(ISIC_2019)\Dataset\BCC\ISIC_0060008.jpg,isic_0060008,1,c0671ae69d62e3fe01e5b99d28c8d34883493006e29ca2a0a99c28177db782e0,2307,3
C:\SRS(ISIC_2019)\Dataset\BCC\ISIC_0060045.jpg,isic_0060045,1,6cc2a60eab6af8662c894261e22e8b87768228e2c68246b19072c86d403257dc,2314,3
C:\SRS(ISIC_2019)\Dataset\BCC\ISIC_0060093.jpg,isic_0060093,1,545d701be8dca68298645c6ee0d7c48f928e43166721fab38422ffe5edfb3458,2321,3
C:\SRS(ISIC_2019)\Dataset\BCC\ISIC_0060119.jpg,isic_0060119,1,2c77591388411634c0ce59d0d5a5068de894244cf622158e9960edf6a49efcf0,2327,3
C:\SRS(ISIC_2019)\Dataset\BCC\ISIC_0060166.jpg,isic_0060166,1,44574f91d2a8961a0147d441426809a16aab0f938f9e152c955f37280281092e,2339,3
C:\SRS(ISIC_2019)\Dataset\BCC\ISIC_0060274.jpg,isic_0060274,1,86f553661702b93ef51f33fd9b42cd40d90a48b1fb8a7f631ca0a5e64188c8bf,2354,3
C:\SRS(ISIC_2019)\Dataset\BCC\ISIC_0060288.jpg,isic_0060288,1,730ded1c9289f1f282fffa3d48a9a0d20683e7e354609ba06cca1c62cda4cce3,2357,3
C:\SRS(ISIC_2019)\Dataset\BCC\ISIC_0060370.jpg,isic_0060370,1,1ee7c736dc5db8b067bb3fc0853008921705c5453a691ff52d4b4a5b66220018,2366,3
C:\SRS(ISIC_2019)\Dataset\BCC\ISIC_0060529.jpg,isic_0060529,1,9e375578ad99f76da11b5541582078e0f0e801ca13c7983fdfbd54823c5d76be,2383,3
C:\SRS(ISIC_2019)\Dataset\BCC\ISIC_0060582.jpg,isic_0060582,1,0723ab8e92db7d0b3a4d3f6e996206407585f7571294e352872823687ede6816,2388,3
C:\SRS(ISIC_2019)\Dataset\BCC\ISIC_0060596.jpg,isic_0060596,1,57d87939c2a467b2f7673ae1a3feaa3c90621936f434ab937d138554f7f354bb,2392,3
C:\SRS(ISIC_2019)\Dataset\BCC\ISIC_0060625.jpg,isic_0060625,1,423b2f0b0732a3c23eb106134423cc058fc12d8e7622645a4b44e69ca959335f,2398,3
C:\SRS(ISIC_2019)\Dataset\BCC\ISIC_0060645.jpg,isic_0060645,1,cfc2e7d734e116ac42055a68c7ab68e9f6869c17a538f7795527e28f15e200ee,2404,3
C:\SRS(ISIC_2019)\Dataset\BCC\ISIC_0060657.jpg,isic_0060657,1,a00386095657aadb8c9f7ac6c69083e0f207efd8d23b92179992dccd446e9752,2405,3
C:\SRS(ISIC_2019)\Dataset\BCC\ISIC_0060789.jpg,isic_0060789,1,10cfe03942978021720b5f8e78ef4b93b4a2fcb4cadb891621ce6495b294edda,2419,3
C:\SRS(ISIC_2019)\Dataset\BCC\ISIC_0060874.jpg,isic_0060874,1,bce9edf9ec7fb3ddbe017ec7e4d84112e3eff59eff27521fcf233a038045ff97,2431,3
C:\SRS(ISIC_2019)\Dataset\BCC\ISIC_0060903.jpg,isic_0060903,1,327209492a97f33f5998ce65b72a482b35ea0ffabb85d69ac4ecffdb8a62aadf,2435,3
C:\SRS(ISIC_2019)\Dataset\BCC\ISIC_0060922.jpg,isic_0060922,1,9316138697f59673dd97957219e07bd79bd6b2fbd899086169aab3703dd1fe93,2438,3
C:\SRS(ISIC_2019)\Dataset\BCC\ISIC_0060928.jpg,isic_0060928,1,2978bf5e61908b9e8b2b12a22d8f187c46c63ddcaa515cbb3b07621b4df50446,2440,3
C:\SRS(ISIC_2019)\Dataset\BCC\ISIC_0061022.jpg,isic_0061022,1,20e2799d0ae29d84a4bb1f51d67038d85d2a963fb9a78d8ba645ccebb4e889f3,2452,3
C:\SRS(ISIC_2019)\Dataset\BCC\ISIC_0061157.jpg,isic_0061157,1,dba9910ae8acfa9a0cf97e2d50150681455a7a523b758e1508d05b52cd7f5547,2472,3
C:\SRS(ISIC_2019)\Dataset\BCC\ISIC_0061177.jpg,isic_0061177,1,e6ed8f680cbb480d043a6b64dd77eace8359fa7f649571cfb59515b5c3b5ef9f,2476,3
C:\SRS(ISIC_2019)\Dataset\BCC\ISIC_0061290.jpg,isic_0061290,1,851dc5ade7cd8d62a75c60f13b0d4262697b2e7395c919a6dde406e58dd9fb93,2494,3
C:\SRS(ISIC_2019)\Dataset\BCC\ISIC_0061301.jpg,isic_0061301,1,f6c706da2443c4167a895290c385493b700eccd73ad697d491607df56cfc4b28,2495,3
C:\SRS(ISIC_2019)\Dataset\BCC\ISIC_0061316.jpg,isic_0061316,1,dea5dc522d9fcd75a4f23693882fa263bfb1e7d38f18fca19d2dfa44854f7ece,2500,3
C:\SRS(ISIC_2019)\Dataset\BCC\ISIC_0061436.jpg,isic_0061436,1,4ac1ce24d15c6302fa2d043597e923893f777464b2cea2d8bf198e3cfb396587,2516,3
C:\SRS(ISIC_2019)\Dataset\BCC\ISIC_0061437.jpg,isic_0061437,1,138f504d35e971111c3b77b2c89321f7043037569029cd87edf83e06fe0b92dd,2807,3
C:\SRS(ISIC_2019)\Dataset\BCC\ISIC_0061438.jpg,isic_0061438,1,88a30a55f1c9abedaad8c5294ae43b3140e93ca259fe5ffce76afae37d6c074d,2518,3
C:\SRS(ISIC_2019)\Dataset\BCC\ISIC_0061465.jpg,isic_0061465,1,47a23848ac59dc25760ba3b4f3d015f502f562fa29a1b65c39071639898e19f2,2522,3
C:\SRS(ISIC_2019)\Dataset\BCC\ISIC_0061471.jpg,isic_0061471,1,b4706c24233e8599be8b80938041b1d227e282ba720c11989eb2946818d603f4,2524,3
C:\SRS(ISIC_2019)\Dataset\BCC\ISIC_0061515.jpg,isic_0061515,1,b23fd9769ff1089e2021c55007084c8db8ac10e83a2ef250d45150d6b6f571ef,2534,3
C:\SRS(ISIC_2019)\Dataset\BCC\ISIC_0061596.jpg,isic_0061596,1,5d7a99079f66758154ee2cc058296b0178d6d076f3aab972a96d77e8c8feeb5d,2542,3
C:\SRS(ISIC_2019)\Dataset\BCC\ISIC_0061637.jpg,isic_0061637,1,567c80da670370935693d8974f59067bc26810a8d0e3b31f9352b8d4a4db6197,2549,3
C:\SRS(ISIC_2019)\Dataset\BCC\ISIC_0061676.jpg,isic_0061676,1,5ab40d3143f1804ab34f71d385511aee41c0469443e2381b4cd02447b82ca196,2552,3
C:\SRS(ISIC_2019)\Dataset\BCC\ISIC_0061696.jpg,isic_0061696,1,beef2e575dcba32d63ed95d58eb32054f274edd861bc21e7cb5f20ad73271108,2554,3
C:\SRS(ISIC_2019)\Dataset\BCC\ISIC_0061738.jpg,isic_0061738,1,5e17f0092e6cdda971ee193569327e51160fde245797dfbd544ca68d13c3b8ca,2559,3
C:\SRS(ISIC_2019)\Dataset\BCC\ISIC_0061739.jpg,isic_0061739,1,5bf6eaf4c1b8b8c20b20ac4e6b3793f99efead84343ec2cb891c33025b8d40d5,2560,3
C:\SRS(ISIC_2019)\Dataset\BCC\ISIC_0061778.jpg,isic_0061778,1,026207f690b71981670a10e613f124847e5b1c3905d590e8fc1a9e36f92456c3,2562,3
C:\SRS(ISIC_2019)\Dataset\BCC\ISIC_0061781.jpg,isic_0061781,1,44f9e410bcbca4a958f7a5d0e7567e2c2babb3f0cf4a91160fd38c516a7b6325,2563,3
C:\SRS(ISIC_2019)\Dataset\BCC\ISIC_0061909.jpg,isic_0061909,1,6fbb3d3823b0cf979e8bfc4ae8c6919a4fcded28beb0a629e57ddfe96d299529,2580,3
C:\SRS(ISIC_2019)\Dataset\BCC\ISIC_0062052.jpg,isic_0062052,1,57ed5a587a45fbb4c02825f336b3fd77bd52d6f7e6efff3ca9328709fdd3f137,2592,3
C:\SRS(ISIC_2019)\Dataset\BCC\ISIC_0062080.jpg,isic_0062080,1,b26661ff2ef58cf6a9e021348b6d4a5ca7483099e47497ecb0d273ab5f2a024b,2593,3
C:\SRS(ISIC_2019)\Dataset\BCC\ISIC_0062150.jpg,isic_0062150,1,395c7d784eda8740c30e408b5646064110d14c3e4c0bf1dd917e4ab8ba8f8a01,2602,3
C:\SRS(ISIC_2019)\Dataset\BCC\ISIC_0062180.jpg,isic_0062180,1,a04307e382890fda4dadf63cdcffb49c75ca3d0f58fd05db3cee1c219b357315,2605,3
C:\SRS(ISIC_2019)\Dataset\BCC\ISIC_0062225.jpg,isic_0062225,1,9045f833db1b43bfa54295253a73b8e4d05ab175277b4923eef747b0830e6cc9,2612,3
C:\SRS(ISIC_2019)\Dataset\BCC\ISIC_0062231.jpg,isic_0062231,1,d804c51d94118e9503252227ac86c199a352b8e77fd18e71baef757e2c864007,2614,3
C:\SRS(ISIC_2019)\Dataset\BCC\ISIC_0062281.jpg,isic_0062281,1,0a0d9017d4f3c9dbdd5f35bd470f1643386cf8471b905b970aee1aa98ef80275,2623,3
C:\SRS(ISIC_2019)\Dataset\BCC\ISIC_0062299.jpg,isic_0062299,1,70fddafacd0bea1936c9db2698880733a001e4b248aa354c075b8b313dde18d6,2626,3
C:\SRS(ISIC_2019)\Dataset\BCC\ISIC_0062399.jpg,isic_0062399,1,25a01a1b18a8944f3999c7bd5c36f3bdc152f06af135215f4bd9aa15bc96ba32,2638,3
C:\SRS(ISIC_2019)\Dataset\BCC\ISIC_0062504.jpg,isic_0062504,1,fe32cc86c6d9292cce25e6c705d68f871c99129a89994f758b810062d7649bc5,2649,3
C:\SRS(ISIC_2019)\Dataset\BCC\ISIC_0062588.jpg,isic_0062588,1,0ceec86d4db6e8bbfc278e7e1e9b42606dad94acb400a5f2ed64ddf8ad49341e,2654,3
C:\SRS(ISIC_2019)\Dataset\BCC\ISIC_0062615.jpg,isic_0062615,1,629e70ffdca54795f342d4feb484e04469be1b639dba2a7a51d13fdbfda97546,2656,3
C:\SRS(ISIC_2019)\Dataset\BCC\ISIC_0062634.jpg,isic_0062634,1,b65a1475cd6ae7fcd9d70ee790ce7f6cc8a80953cb8e18b9d4646562c858772d,2659,3
C:\SRS(ISIC_2019)\Dataset\BCC\ISIC_0062637.jpg,isic_0062637,1,2972fcaa6781fbb1799e34074e02e1e9f9c5d338303a1b25a5f685833c001b62,2660,3
C:\SRS(ISIC_2019)\Dataset\BCC\ISIC_0062825.jpg,isic_0062825,1,67d68ddddab1dc23368ad224032a37874feb97eafbece82ef6a5e7db087e7edf,2682,3
C:\SRS(ISIC_2019)\Dataset\BCC\ISIC_0062845.jpg,isic_0062845,1,3ead9141252241ab09889e4d9a6c7a4be959b8dab69cedce973f0e708d997e6e,2687,3
C:\SRS(ISIC_2019)\Dataset\BCC\ISIC_0062874.jpg,isic_0062874,1,1f9fed520a2525a75417299221361f88486ac3f607a0b41a928d275ce3763859,2690,3
C:\SRS(ISIC_2019)\Dataset\BCC\ISIC_0062875.jpg,isic_0062875,1,5c815b2a47891cdf67e2c67f5aedb7909bc035fc8b0c8105162f266af470aa1b,2691,3
C:\SRS(ISIC_2019)\Dataset\BCC\ISIC_0062899.jpg,isic_0062899,1,91718535f2582f083ba601fd979feaea5a88ee5dc390535731cf0a61796eb900,2692,3
C:\SRS(ISIC_2019)\Dataset\BCC\ISIC_0062946.jpg,isic_0062946,1,4ca1fa0a7a6df67d9b28c53c0553766377ea456f582ee1e7b3e10f455360a225,2703,3
C:\SRS(ISIC_2019)\Dataset\BCC\ISIC_0062962.jpg,isic_0062962,1,16eaed9eebefcd4c36e51736f361af546507a7da8cd28f24170210f4ca5e3c07,2705,3
C:\SRS(ISIC_2019)\Dataset\BCC\ISIC_0063166.jpg,isic_0063166,1,2444ee1ee36d2c21a4752fd5ba62118208b377153e49672220436e60a6c32f90,2731,3
C:\SRS(ISIC_2019)\Dataset\BCC\ISIC_0063283.jpg,isic_0063283,1,0ffa70542ec0ac6da1448f4ff2e86ac18832045fcfc4f37b10ab2b075ba05ad4,2749,3
C:\SRS(ISIC_2019)\Dataset\BCC\ISIC_0063298.jpg,isic_0063298,1,55f6c644a49c20ecf73219d7af046d0858ddeca72390435a6dbe39df9c6124b7,2753,3
C:\SRS(ISIC_2019)\Dataset\BCC\ISIC_0063342.jpg,isic_0063342,1,2b284e5411786a39fb75fe91e169b8056dcd7387b2d27893e5790e3285f2b669,2756,3
C:\SRS(ISIC_2019)\Dataset\BCC\ISIC_0063400.jpg,isic_0063400,1,11ce11833b3683cdb1e6d56096caefdff5998ecfd00942663a503e0c01167f53,2762,3
C:\SRS(ISIC_2019)\Dataset\BCC\ISIC_0063404.jpg,isic_0063404,1,8307c55f31976cc13046c7ed23d3f22cc699c8a5d4e0ff83af03023445ce5ac6,2763,3
C:\SRS(ISIC_2019)\Dataset\BCC\ISIC_0063562.jpg,isic_0063562,1,ef39ce9bbb479ec2d2061266d2a8838eb3d645adc440a67d529a291f6bb5203c,2787,3
C:\SRS(ISIC_2019)\Dataset\BCC\ISIC_0063575.jpg,isic_0063575,1,d422bd76d6b15e61d296419ebfcec25a214aef825152203e2dbf0cb2b092823e,2790,3
C:\SRS(ISIC_2019)\Dataset\BCC\ISIC_0063662.jpg,isic_0063662,1,f54988dbd5127c29c5377c89e0684f2015df3cca4fb1060c86a9b65525a66a18,2803,3
C:\SRS(ISIC_2019)\Dataset\BCC\ISIC_0063677.jpg,isic_0063677,1,138f504d35e971111c3b77b2c89321f7043037569029cd87edf83e06fe0b92dd,2807,3
C:\SRS(ISIC_2019)\Dataset\BCC\ISIC_0063689.jpg,isic_0063689,1,ceb09b158e89382e9efa685386b0068d0a85c138d158408b6538846ab9f631b1,2808,3
C:\SRS(ISIC_2019)\Dataset\BCC\ISIC_0063754.jpg,isic_0063754,1,6a43c28e758c87a0f1ae5d6b9b4868994d820a3f17031ca09f92ac76ee48de46,2817,3
C:\SRS(ISIC_2019)\Dataset\BCC\ISIC_0063779.jpg,isic_0063779,1,bc59773d11f76ecf8778ca48409caac5a8172593f1a83901a04d96ee63ae47de,2819,3
C:\SRS(ISIC_2019)\Dataset\BCC\ISIC_0063794.jpg,isic_0063794,1,a42addc3a9d00fb9059ffbc6f8f52275f8d1215b4e1acf73d37ad80937798c44,2820,3
C:\SRS(ISIC_2019)\Dataset\BCC\ISIC_0063802.jpg,isic_0063802,1,dd4569baf628f15aeeddbbeb7494da6ffa1bb83ae63ab8cf34e6b2b2f36ebd40,2821,3
C:\SRS(ISIC_2019)\Dataset\BCC\ISIC_0063808.jpg,isic_0063808,1,99bd9823522c1a3cdfbd9fe4e2485cde08f8f071b7e203b75b40fef4b65f15a6,2824,3
C:\SRS(ISIC_2019)\Dataset\BCC\ISIC_0063809.jpg,isic_0063809,1,fe6d941362cf265c057c6f2aff569ac21241ced127598a474b4864eb4f8248ab,2825,3
C:\SRS(ISIC_2019)\Dataset\BCC\ISIC_0063923.jpg,isic_0063923,1,2dc27169bdbe9a247564cae728096f56c87b02e29f9728d089bd831cf53853bd,2836,3
C:\SRS(ISIC_2019)\Dataset\BCC\ISIC_0063967.jpg,isic_0063967,1,938635e95876c3bf824f39e16eea3e70383d24e8d433cb45528c1dfcfcbbce9a,2843,3
C:\SRS(ISIC_2019)\Dataset\BCC\ISIC_0063970.jpg,isic_0063970,1,e6b9fb557323f4ca395fb69fbb620867c68d24ed5e1c7ddb6ea20b534699664e,2844,3
C:\SRS(ISIC_2019)\Dataset\BCC\ISIC_0063999.jpg,isic_0063999,1,f3bbdb1a302c9bf554b385a891e1d405f41e94a9ffa6885276597113075d8477,2849,3
C:\SRS(ISIC_2019)\Dataset\BCC\ISIC_0064019.jpg,isic_0064019,1,1032d46a112886e9ac90384a86179b5a6bdb4672b642c5ac989e2f1241e558ab,2852,3
C:\SRS(ISIC_2019)\Dataset\BCC\ISIC_0064064.jpg,isic_0064064,1,e77fcc700b1910d86995ee4c32b7a73a9a062a11127581b3c2aea9fca48b52d4,2859,3
C:\SRS(ISIC_2019)\Dataset\BCC\ISIC_0064075.jpg,isic_0064075,1,3cd4efb1ca7771ac23fa180eb6f79be582e7a9d8d1e276e87bcc3f641434cddc,2860,3
C:\SRS(ISIC_2019)\Dataset\BCC\ISIC_0064096.jpg,isic_0064096,1,178e615452434cca138671d813e667bcee0d8cfdffed6dc68c01d0167e6aec9e,2861,3
C:\SRS(ISIC_2019)\Dataset\BCC\ISIC_0064149.jpg,isic_0064149,1,ee786ca2214e6f58c28f1f6ffd0c5dca362d4f274e484a46b377773b67328976,2867,3
C:\SRS(ISIC_2019)\Dataset\BCC\ISIC_0064162.jpg,isic_0064162,1,03a7bb32806f9206021898fc219206e9c40737a421f810fb46026ac5b8d8169b,2870,3
C:\SRS(ISIC_2019)\Dataset\BCC\ISIC_0064200.jpg,isic_0064200,1,585565c10f06fd2f0fd1100849ebf82aedc1e73439bbf42b9f023ec6abe62fb3,2874,3
C:\SRS(ISIC_2019)\Dataset\BCC\ISIC_0064233.jpg,isic_0064233,1,71060bde027251d29311dd8cf66c20cd3d66198e235cbcb6561b21737a25a47e,2879,3
C:\SRS(ISIC_2019)\Dataset\BCC\ISIC_0064351.jpg,isic_0064351,1,642aff01b1bc4d35ba9547b5cdfcd15a6465fff3246d7a575d3d335d7d6b29fd,2897,3
C:\SRS(ISIC_2019)\Dataset\BCC\ISIC_0064357.jpg,isic_0064357,1,dd924c5b39afac42e5a300ce9b72f38ddce8cf6a5c28f12d2603b2d26b3057d3,2900,3
C:\SRS(ISIC_2019)\Dataset\BCC\ISIC_0064424.jpg,isic_0064424,1,e292d99af79f66efedfc0e5d0a2f48dbfd018bc82de92c99dd52d81a5b4c23f5,2904,3
C:\SRS(ISIC_2019)\Dataset\BCC\ISIC_0064456.jpg,isic_0064456,1,02522fa9ecae1d8c8ed22104153cebd026166616cba4b458ff3ac28363870b7c,2911,3
C:\SRS(ISIC_2019)\Dataset\BCC\ISIC_0064460.jpg,isic_0064460,1,efa5ffd8b25a5b23b64c32f7b8e406e9748bff4a1950d0f347fb02e2844d2c48,2913,3
C:\SRS(ISIC_2019)\Dataset\BCC\ISIC_0064544.jpg,isic_0064544,1,eb75d469b2002373dc5c34b61db88b5b2287e0720b859687f7930a88f8a39610,2920,3
C:\SRS(ISIC_2019)\Dataset\BCC\ISIC_0064555.jpg,isic_0064555,1,0a7eb3474cec74d0e89c8e018ecfb0950d78fe1d5774f1cc2ba0e246c18bb3d8,2921,3
C:\SRS(ISIC_2019)\Dataset\BCC\ISIC_0064608.jpg,isic_0064608,1,d03272f7948e4678aaae1c527d3229bc4784d47559c1794d93b1c922641e79f2,2929,3
C:\SRS(ISIC_2019)\Dataset\BCC\ISIC_0064631.jpg,isic_0064631,1,b198e8cd0d81788117b15f9db5864b1dc427a7bf62ba6d697158af9d9b626085,2933,3
C:\SRS(ISIC_2019)\Dataset\BCC\ISIC_0064639.jpg,isic_0064639,1,0457a4500dbc47ef0777288fdbb998fca1f532f1ecf88aa7bb1dfbb6604eacb9,2934,3
C:\SRS(ISIC_2019)\Dataset\BCC\ISIC_0064644.jpg,isic_0064644,1,26f9ad452df4c7192fa37f456744887e220cd1524387d85a5cfc15eee7c42c78,2936,3
C:\SRS(ISIC_2019)\Dataset\BCC\ISIC_0064744.jpg,isic_0064744,1,99d60614895a779dd40ac2adea256398d21a7b6aa2497a81c53c28c606e97833,2952,3
C:\SRS(ISIC_2019)\Dataset\BCC\ISIC_0064747.jpg,isic_0064747,1,147207f5dd3d541923e3a3fd086e66c9f88e0c92e3e0a43d76b58e9a113648e3,2953,3
C:\SRS(ISIC_2019)\Dataset\BCC\ISIC_0064753.jpg,isic_0064753,1,a51f4dccf287822c7121c3359d7689c478139a61ccb448cfc19685af56179a04,2955,3
C:\SRS(ISIC_2019)\Dataset\BCC\ISIC_0064754.jpg,isic_0064754,1,34faaba5ce8721572849c03e6310045175aefb9fff057754fd4a07bb3295c9a8,2956,3
C:\SRS(ISIC_2019)\Dataset\BCC\ISIC_0064884.jpg,isic_0064884,1,072b6c52195cd564ae5d3c9d1f2f292d81ed69e48fae7560dd824d3fb5c37cff,2968,3
C:\SRS(ISIC_2019)\Dataset\BCC\ISIC_0064939.jpg,isic_0064939,1,2a69850d8d08326bd2d18c36bfcfa82c7dce9964416831ce2a468bf47f2a4051,2973,3
C:\SRS(ISIC_2019)\Dataset\BCC\ISIC_0065049.jpg,isic_0065049,1,14ae048f8033258197d3677a9e3aab1cd5a88d054434353cf310000287b8b57c,2988,3
C:\SRS(ISIC_2019)\Dataset\BCC\ISIC_0065050.jpg,isic_0065050,1,4fd416403ae76c6686beec8c95709dc3816dd4ca05432d69aff9eb156d3128da,2989,3
C:\SRS(ISIC_2019)\Dataset\BCC\ISIC_0065063.jpg,isic_0065063,1,f923e7235832cca4bb2ae8594f31d5ae50c9233f885aee0548887ada2a54e3f7,2993,3
C:\SRS(ISIC_2019)\Dataset\BCC\ISIC_0065082.jpg,isic_0065082,1,dd39074e9a018a28c0d5c323f5a5385599300be81ab0131b8bf16aeb93932980,2997,3
C:\SRS(ISIC_2019)\Dataset\BCC\ISIC_0065108.jpg,isic_0065108,1,a93073151300e57dde599298e537cf7ebde738faae4979ed8bdcc886ff4958cd,3001,3
C:\SRS(ISIC_2019)\Dataset\BCC\ISIC_0065167.jpg,isic_0065167,1,240f4cb58685a7fe0f41903dfaf9c40063d338c8ccc69fe879a2e7559ba29b1b,3010,3
C:\SRS(ISIC_2019)\Dataset\BCC\ISIC_0065190.jpg,isic_0065190,1,5157c74ba9b654fbc73379b02dd6182bd05028d3547f9cc4131431ae97eeeb5a,3015,3
C:\SRS(ISIC_2019)\Dataset\BCC\ISIC_0065207.jpg,isic_0065207,1,fdc65a574f5f68b25f1d40988a030f28cf12e720a2d9ea6ce7bdb1baac475dbe,3016,3
C:\SRS(ISIC_2019)\Dataset\BCC\ISIC_0065227.jpg,isic_0065227,1,5b6b880863d03d365218d28d225f086c3f197b582e5d6f593dc03ee10f67d24a,3019,3
C:\SRS(ISIC_2019)\Dataset\BCC\ISIC_0065256.jpg,isic_0065256,1,7fd3d3a2174348b35e0c92713110756cde0098b98389b97aa1c026fbeba326f7,3023,3
C:\SRS(ISIC_2019)\Dataset\BCC\ISIC_0065303.jpg,isic_0065303,1,d4c9871ac60aa3009425abb31eaa8bcb4b800c133274dd0a969a376e73fe53ca,3028,3
C:\SRS(ISIC_2019)\Dataset\BCC\ISIC_0065334.jpg,isic_0065334,1,04ac895f893bbd51ef8e03f0df3f0958e1a0d09ed453031f7d3219f9b71d8e00,3034,3
C:\SRS(ISIC_2019)\Dataset\BCC\ISIC_0065391.jpg,isic_0065391,1,750fcaac170ed20b5c95ed96d50118c690e1b026c15836636a0c605ba7e041e5,3042,3
C:\SRS(ISIC_2019)\Dataset\BCC\ISIC_0065447.jpg,isic_0065447,1,6033ce960e7cce8f08e86a1a04ea9cf8ea697ddb9a5472fef5b30b5a78763636,3051,3
C:\SRS(ISIC_2019)\Dataset\BCC\ISIC_0065581.jpg,isic_0065581,1,cf0c0aafd3a16e768516466dc01a5f24173879adcb12741b67f6a50081ccb4a9,3070,3
C:\SRS(ISIC_2019)\Dataset\BCC\ISIC_0065594.jpg,isic_0065594,1,8110f0b1db9b87ae45e47d1a4c55e248fc9bd0246fc6442537470064b95ef26f,3073,3
C:\SRS(ISIC_2019)\Dataset\BCC\ISIC_0065605.jpg,isic_0065605,1,624ab8e30c31ba12e7513ddca2fcee9843bb7b6273524fdce9a12ca585490ac5,3075,3
C:\SRS(ISIC_2019)\Dataset\BCC\ISIC_0065637.jpg,isic_0065637,1,027b7b77cbb8cb0ab04bf33ff2541b78cb63817c95cc086fcda1f9ba4240250b,3079,3
C:\SRS(ISIC_2019)\Dataset\BCC\ISIC_0065739.jpg,isic_0065739,1,9df1504a29577c09c95f21891ebbe72c8d06a7d4f8f83bd08feca62823b6c0a7,3093,3
C:\SRS(ISIC_2019)\Dataset\BCC\ISIC_0065785.jpg,isic_0065785,1,21431329d9bcdb4a3b0364dd324e906e5349b34d195a8e50d8dac1cf3c103f56,3099,3
C:\SRS(ISIC_2019)\Dataset\BCC\ISIC_0065804.jpg,isic_0065804,1,cea0855e573cb82b74983b73e2496c03f535209991b9b8a1d6f81a6da22ff7ae,3102,3
C:\SRS(ISIC_2019)\Dataset\BCC\ISIC_0065833.jpg,isic_0065833,1,2a0b9c8c8aa4c9ef32fabad40e9f309d9dd5ef0cba5cabf525f88a7225ed8655,3106,3
C:\SRS(ISIC_2019)\Dataset\BCC\ISIC_0065849.jpg,isic_0065849,1,ab88200a722a0bf67ed409b04f0dcd5a559226936e05ddf7f24719bb191b6805,3110,3
C:\SRS(ISIC_2019)\Dataset\BCC\ISIC_0065874.jpg,isic_0065874,1,a9dfa36fa6fd1faf4513fd0623de4933a7d6b03e0e1de11f2b9fde044e39b8d8,3113,3
C:\SRS(ISIC_2019)\Dataset\BCC\ISIC_0065875.jpg,isic_0065875,1,70719919831053b77b834b479cd5621817f4b526e1e274ac3f2ed9ac4ca426bb,3114,3
C:\SRS(ISIC_2019)\Dataset\BCC\ISIC_0065890.jpg,isic_0065890,1,152bd31e476e5a243131aa9624795a50252a7d880dd5ea954d4ecd8f8b2db9c3,3119,3
C:\SRS(ISIC_2019)\Dataset\BCC\ISIC_0065929.jpg,isic_0065929,1,8fa81ee884d67d6fa1ddedea7ffd8328750ba97dbd9a588fd274efa217c64969,3123,3
C:\SRS(ISIC_2019)\Dataset\BCC\ISIC_0065990.jpg,isic_0065990,1,3d1f3c47b398961ba405fe9756ff3ccb9ee284a112ee15a6b29b44f7868f7913,3129,3
C:\SRS(ISIC_2019)\Dataset\BCC\ISIC_0066014.jpg,isic_0066014,1,99221eaeb5f5feb4b497bf8f47c8a090919fb111997d0c3a419125a6f8721931,3133,3
C:\SRS(ISIC_2019)\Dataset\BCC\ISIC_0066044.jpg,isic_0066044,1,23841c399f918c896470b2c5da31b903cf3feb033f1c1032f3703c748d306781,3138,3
C:\SRS(ISIC_2019)\Dataset\BCC\ISIC_0066062.jpg,isic_0066062,1,72e2a9fc3f01154b8adcc97d17200578bb7bafc9d0bcb48d24e440ae81aebd14,3141,3
C:\SRS(ISIC_2019)\Dataset\BCC\ISIC_0066198.jpg,isic_0066198,1,408cdbe546842fdcda276af03e87eacb37417f3fa08681a16ae20ee0a743f991,3162,3
C:\SRS(ISIC_2019)\Dataset\BCC\ISIC_0066214.jpg,isic_0066214,1,e7c0b03cc63879203c63a260fd8566adff90bbf2d22e5d63b43f14efa5c3ed67,3166,3
C:\SRS(ISIC_2019)\Dataset\BCC\ISIC_0066257.jpg,isic_0066257,1,30b7f8b5285660037996e5a663cd5e6d40d01773e3db9e10004a3752c9ee5044,3173,3
C:\SRS(ISIC_2019)\Dataset\BCC\ISIC_0066310.jpg,isic_0066310,1,d008882aa5b6b192ba373e8e03941578e3c7eb8513da12fdbe9022c3e500f233,3180,3
C:\SRS(ISIC_2019)\Dataset\BCC\ISIC_0066318.jpg,isic_0066318,1,af053fa3395faf471886a2d50cb75948d852e4c411e5ce260092f37258a6e8ef,3181,3
C:\SRS(ISIC_2019)\Dataset\BCC\ISIC_0066331.jpg,isic_0066331,1,cc52c59f56649f88ed3fcb68939ec3b2fb09721bfc0390209ce583f9a8ecdcc1,3184,3
C:\SRS(ISIC_2019)\Dataset\BCC\ISIC_0066398.jpg,isic_0066398,1,b6baa618a4d45ab7fd893b29321ba36d3819de2da4814efa065d63a2ba88b510,3192,3
C:\SRS(ISIC_2019)\Dataset\BCC\ISIC_0066414.jpg,isic_0066414,1,2309451802af8064e609cfcdf500ca7b55a0170851a11d51a89cc11bdfd898f7,3194,3
C:\SRS(ISIC_2019)\Dataset\BCC\ISIC_0066436.jpg,isic_0066436,1,1b212c119322b4f189f1d1062c5b6b1a8e7efc24d4285839a95df4c6971fea2d,3196,3
C:\SRS(ISIC_2019)\Dataset\BCC\ISIC_0066473.jpg,isic_0066473,1,3503eeaa3d87e2aeba265097b4d97fae04ae58bdffb997d950f919d5c433634b,3204,3
C:\SRS(ISIC_2019)\Dataset\BCC\ISIC_0066489.jpg,isic_0066489,1,8974478628bf84b7fe00253b5536f4bba81e1a05831273199995764963eaf6ef,3208,3
C:\SRS(ISIC_2019)\Dataset\BCC\ISIC_0066525.jpg,isic_0066525,1,9cb14a2e15edeb8a4d405d550ec9b3de20fda2c0a3a17f097fd96deaa9360e67,3211,3
C:\SRS(ISIC_2019)\Dataset\BCC\ISIC_0066540.jpg,isic_0066540,1,98e79474d297faf236383082e4bb97a629a3a04a55cf131ad9b1400c19105840,3213,3
C:\SRS(ISIC_2019)\Dataset\BCC\ISIC_0066620.jpg,isic_0066620,1,7acecf86be21af071a87d89e8d18096b34a18f97cace18f651b07c9439c199fd,3228,3
C:\SRS(ISIC_2019)\Dataset\BCC\ISIC_0066774.jpg,isic_0066774,1,baa8cfaa4373f5a1f23dcde8858d83e846a8bd58c7108305d1fab77925781184,3254,3
C:\SRS(ISIC_2019)\Dataset\BCC\ISIC_0066834.jpg,isic_0066834,1,446de205798e33d1c02a123f9754f849729f204ef27bccef1ef0c82f3366b63f,3266,3
C:\SRS(ISIC_2019)\Dataset\BCC\ISIC_0066842.jpg,isic_0066842,1,b132f563246b609a0a727a4a153f65572ff3e435148d26d8074c718267aea925,3269,3
C:\SRS(ISIC_2019)\Dataset\BCC\ISIC_0066940.jpg,isic_0066940,1,c7c89edaa62fb5b7cceab5c1786d42573f7bbf31586908ddbd91b9f8c5caa054,3281,3
C:\SRS(ISIC_2019)\Dataset\BCC\ISIC_0067055.jpg,isic_0067055,1,bdd6eae0a2425e3ddfda1b9ce1808b7bbe1e0e1ff3d91f66e08adcb4bf1f8a53,3294,3
C:\SRS(ISIC_2019)\Dataset\BCC\ISIC_0067072.jpg,isic_0067072,1,7b2ac3ccf9d67ae1e335e9a32e45ef620de95887e91386a999e69550a04ec84e,3298,3
C:\SRS(ISIC_2019)\Dataset\BCC\ISIC_0067076.jpg,isic_0067076,1,7e02888c50d0d46c29b12fb4d9afef639a5e187936453b2dfe0faa6f11ac7bd9,3299,3
C:\SRS(ISIC_2019)\Dataset\BCC\ISIC_0067080.jpg,isic_0067080,1,ae48c1b0fc9623680f602131a4445074dc2a980b95eb20c000537b772d4976dd,3301,3
C:\SRS(ISIC_2019)\Dataset\BCC\ISIC_0067087.jpg,isic_0067087,1,3b5b9a8c38dc7e4446ae5ca04561cdffa03f8eaba2ad256de228f2fa3abae893,3302,3
C:\SRS(ISIC_2019)\Dataset\BCC\ISIC_0067103.jpg,isic_0067103,1,4e6507627e5512b6f82cc5f92858ca54d70ba198c451851466231fddf6168245,3306,3
C:\SRS(ISIC_2019)\Dataset\BCC\ISIC_0067147.jpg,isic_0067147,1,4131b64d8420e5579a3a6500bb1108fcf256d0b0524046b71098e7bf82e1bbf0,3314,3
C:\SRS(ISIC_2019)\Dataset\BCC\ISIC_0067163.jpg,isic_0067163,1,f5bc3acfcad9363add41ab5a37a310201da97cb6db6cb92561c8b6d98cf63e4f,3316,3
C:\SRS(ISIC_2019)\Dataset\BCC\ISIC_0067241.jpg,isic_0067241,1,3badff8cea1e91ce435488fdccd364b20ce0c6766363096dffc390fbf9e80fe1,3322,3
C:\SRS(ISIC_2019)\Dataset\BCC\ISIC_0067281.jpg,isic_0067281,1,a41c2fecdc2405c35a7f0bc41f7c63c267383abf73a7fc1876224a02f157cd2b,3332,3
C:\SRS(ISIC_2019)\Dataset\BCC\ISIC_0067305.jpg,isic_0067305,1,6adf442739ee38d4f386adb5c8f387c1fdd12a4b55b09c6c3e0bbc53a7184da8,3339,3
C:\SRS(ISIC_2019)\Dataset\BCC\ISIC_0067312.jpg,isic_0067312,1,be6100288a8995e9521199e38ed7f7f6a0fa223ee62f822a9b0f45267269afb2,3340,3
C:\SRS(ISIC_2019)\Dataset\BCC\ISIC_0067345.jpg,isic_0067345,1,eee91dfe090e728fd6fa1e70a7827e992cec63a80b0c4aa71fac911d6e7d8e0e,3345,3
C:\SRS(ISIC_2019)\Dataset\BCC\ISIC_0067386.jpg,isic_0067386,1,b51188490f6d826d4537a4657fcde5202a669ff632dbcdb9253b46bdc7437ede,3351,3
C:\SRS(ISIC_2019)\Dataset\BCC\ISIC_0067454.jpg,isic_0067454,1,8983ba8a77e1b68dbbd9bbacde1a59388538d0b56af245da5e4e7af15e67b3be,3358,3
C:\SRS(ISIC_2019)\Dataset\BCC\ISIC_0067486.jpg,isic_0067486,1,bdb3d1b3c3b882ed6173cd33b7d61eb73215f754a38fc8d88a2d3e4ee42dac77,3361,3
C:\SRS(ISIC_2019)\Dataset\BCC\ISIC_0067595.jpg,isic_0067595,1,f60cd8d92e0bb99e5b1861a7307e27b2034ac93c6830aa8a1503303632716a4c,3373,3
C:\SRS(ISIC_2019)\Dataset\BCC\ISIC_0067638.jpg,isic_0067638,1,5ba4132bb4af18b73acb3323c15f625ad8299af4334a279e8f0de705eb35ccaf,3377,3
C:\SRS(ISIC_2019)\Dataset\BCC\ISIC_0067674.jpg,isic_0067674,1,8cdb438e27802d5824b8a24ed81f53477294c9f1e30f82b8000ec4a393699c30,3382,3
C:\SRS(ISIC_2019)\Dataset\BCC\ISIC_0067679.jpg,isic_0067679,1,5d091a06e91fd123a57a06af16cbd76afc952ae935525fd6ff8f168407702d57,3384,3
C:\SRS(ISIC_2019)\Dataset\BCC\ISIC_0067681.jpg,isic_0067681,1,03dae584580280b4324851fa094d4765d89ab76b8bb21b41c8d6be2904566d7e,3386,3
C:\SRS(ISIC_2019)\Dataset\BCC\ISIC_0067730.jpg,isic_0067730,1,d9e77a7d9172bb36ea7bf3b261199ab383ac900279045fb77c24db1e69086002,3393,3
C:\SRS(ISIC_2019)\Dataset\BCC\ISIC_0067766.jpg,isic_0067766,1,aa06b09bc6ecabfe4ad8801a90572e30485edf05f9f987c1ba86b3e759b277f7,3397,3
C:\SRS(ISIC_2019)\Dataset\BCC\ISIC_0067815.jpg,isic_0067815,1,549ef745745cb67b2da088ba8741952de4657846e3c87a994a8eabc00d0bff05,3406,3
C:\SRS(ISIC_2019)\Dataset\BCC\ISIC_0067850.jpg,isic_0067850,1,77149088738ffb91522a71e67a23d380fc52276277c21f84d68528c301b35d18,3412,3
C:\SRS(ISIC_2019)\Dataset\BCC\ISIC_0068004.jpg,isic_0068004,1,65efc93f6a3441bf8411ccad652ae0a1121741a427c667b4743d75942f1fe5bc,3429,3
C:\SRS(ISIC_2019)\Dataset\BCC\ISIC_0068021.jpg,isic_0068021,1,c99b4255488e286b3a08dd1cb8a508321416d1b81f471b5ac7c7aa47089a8ec4,3432,3
C:\SRS(ISIC_2019)\Dataset\BCC\ISIC_0068050.jpg,isic_0068050,1,ad7b49e38e4a91d35c8b0b32b12cde54e0e413643bae363da1f40b7118fdf069,3441,3
C:\SRS(ISIC_2019)\Dataset\BCC\ISIC_0068068.jpg,isic_0068068,1,52cecf89bc2cd9b700a3fa43b64d825134b9c56a5d858f2211455faa952c9320,3443,3
C:\SRS(ISIC_2019)\Dataset\BCC\ISIC_0068101.jpg,isic_0068101,1,15aa3800a5f93a135e9e637aed50f9388b9829f84cc3b90253563e112e030a6d,3445,3
C:\SRS(ISIC_2019)\Dataset\BCC\ISIC_0068113.jpg,isic_0068113,1,42b0b35a6201c47eabc56c42619de2e4347e2756206565fa6204a00dd47d4c8b,3448,3
C:\SRS(ISIC_2019)\Dataset\BCC\ISIC_0068124.jpg,isic_0068124,1,9a188fcf44d32f3ee6b2fee3ac077886d974ff40b5cc696d2e46f7131bbadde0,3449,3
C:\SRS(ISIC_2019)\Dataset\BCC\ISIC_0068240.jpg,isic_0068240,1,bae62ccda0ed62666d07c83aa659aef8b66aaae78f19d3375c3d9483b4d9b9c2,3462,3
C:\SRS(ISIC_2019)\Dataset\BCC\ISIC_0068270.jpg,isic_0068270,1,abe4f2d75a6f9423dbf3dd531215a1aa6bcdc251bdf4cd1f8af744837cf7b371,3467,3
C:\SRS(ISIC_2019)\Dataset\BCC\ISIC_0068330.jpg,isic_0068330,1,37258d00308daca979a7b8004975e33f4e84db727167fca4d5bb387471816a8f,3474,3
C:\SRS(ISIC_2019)\Dataset\BCC\ISIC_0068392.jpg,isic_0068392,1,d7593d02e75650f28be7d0318ef4c73d43c82f7dcb022febd3a383b2079a25c5,3487,3
C:\SRS(ISIC_2019)\Dataset\BCC\ISIC_0068400.jpg,isic_0068400,1,1b8bf9fd0be6211c9ecf2f3dc90ad04517b781f983a66e8297b4f661e1cfbccb,3489,3
C:\SRS(ISIC_2019)\Dataset\BCC\ISIC_0068451.jpg,isic_0068451,1,852a82ec72ab27691f95002cd8a340551a481f403a93e26416e0aa8dabe20c17,3493,3
C:\SRS(ISIC_2019)\Dataset\BCC\ISIC_0068529.jpg,isic_0068529,1,0d01dc06e07d80cb49a7828451e81983c69ec1ccdbe808b4f1d0306058b94e91,3499,3
C:\SRS(ISIC_2019)\Dataset\BCC\ISIC_0068669.jpg,isic_0068669,1,1faebe2ded5885727d866ec4c7e38cfc7067592d826f3f45c3d94637d6c7449d,3516,3
C:\SRS(ISIC_2019)\Dataset\BCC\ISIC_0068694.jpg,isic_0068694,1,c6e293bf2e3d87478561ba5dc5d5eb2a69b811914dfb6d03601ce3146e14f086,3519,3
C:\SRS(ISIC_2019)\Dataset\BCC\ISIC_0068716.jpg,isic_0068716,1,41d02069bf17b8f00f8de4c6a355e144a4d927ffa4b79f46a3b26d79de247cdb,3523,3
C:\SRS(ISIC_2019)\Dataset\BCC\ISIC_0068810.jpg,isic_0068810,1,7ed76b57469843b4366e7bc1d07bec869b06a5796d45338c7e89a0ebe05faaad,3538,3
C:\SRS(ISIC_2019)\Dataset\BCC\ISIC_0068899.jpg,isic_0068899,1,c8ba7f1e2493bd884f2de05464f3c5030116e68a3736b36fbe82ed2f8d65efe4,3547,3
C:\SRS(ISIC_2019)\Dataset\BCC\ISIC_0068985.jpg,isic_0068985,1,3b37caecfb19f8578226f691f4ee853a0bfadac242af119e8fbe9a564a836fd5,3559,3
C:\SRS(ISIC_2019)\Dataset\BCC\ISIC_0069228.jpg,isic_0069228,1,ba37161a8131b28032b75f82075c8ebb3cce35ae88308ab3c6547d2dde4c3aec,3596,3
C:\SRS(ISIC_2019)\Dataset\BCC\ISIC_0069244.jpg,isic_0069244,1,e7f705ca0441ac3c648e777542cf143374c55f8aef1f8e7594f738200cde8c20,3598,3
C:\SRS(ISIC_2019)\Dataset\BCC\ISIC_0069249.jpg,isic_0069249,1,9dcdb7e2139931fbac5e23650aea4604ed307b28a7b188dd45eb7a24567c69ca,3599,3
C:\SRS(ISIC_2019)\Dataset\BCC\ISIC_0069259.jpg,isic_0069259,1,7e01879f2fc6936f854ac673929e18937e6cb02996ffb12df9ae74dec38f0193,3601,3
C:\SRS(ISIC_2019)\Dataset\BCC\ISIC_0069261.jpg,isic_0069261,1,d3d75a6956b370f21529af93dd7c4d5290b3bd9c0a293bfc0b5e6867e4d9ee27,3602,3
C:\SRS(ISIC_2019)\Dataset\BCC\ISIC_0069299.jpg,isic_0069299,1,a97f21cca327108c4827ab4eb2f822ba0b896cb294e7f5ac84ed01722e245cc0,3606,3
C:\SRS(ISIC_2019)\Dataset\BCC\ISIC_0069319.jpg,isic_0069319,1,67c16b98990d02115f1d0f5a1046d602a9e68478d70e95ff76b543f7ebddcc56,3611,3
C:\SRS(ISIC_2019)\Dataset\BCC\ISIC_0069332.jpg,isic_0069332,1,98eb4a0594ffec5e3c5d4a78ca5666a7525c03345e8c901f036048141cf25d02,3613,3
C:\SRS(ISIC_2019)\Dataset\BCC\ISIC_0069378.jpg,isic_0069378,1,bbd49fb20569870589574c1e1a75b68d08f87bd34bca5eb646cce35fac00e930,3619,3
C:\SRS(ISIC_2019)\Dataset\BCC\ISIC_0069421.jpg,isic_0069421,1,e500b59c3cda0fdf927e029d6543595237c949116a762dc4c6d1ce8a11849037,3622,3
C:\SRS(ISIC_2019)\Dataset\BCC\ISIC_0069458.jpg,isic_0069458,1,0f31de8624873163c5eccdd9336a50fc43a2bd1528454b256a843b8bbdc97d64,3629,3
C:\SRS(ISIC_2019)\Dataset\BCC\ISIC_0069465.jpg,isic_0069465,1,ab7a075dadabf1976f5a3204de6c7beaa3771bd6e347f0f87c9516f95559e825,3630,3
C:\SRS(ISIC_2019)\Dataset\BCC\ISIC_0069484.jpg,isic_0069484,1,100c0bb9dc400b92880032dabe7c9001b0d941698d725ca3abcc3b027131d040,3635,3
C:\SRS(ISIC_2019)\Dataset\BCC\ISIC_0069574.jpg,isic_0069574,1,04f883c70fa50c14043285b3a0c6628fa7b431003a0bf8b38df685cffc2e3e73,3650,3
C:\SRS(ISIC_2019)\Dataset\BCC\ISIC_0069679.jpg,isic_0069679,1,7858f66d2436cd16e3c1d86494cd734a5d625497831796d863526f1f7ed145ca,3664,3
C:\SRS(ISIC_2019)\Dataset\BCC\ISIC_0069709.jpg,isic_0069709,1,d083b83e5dd964720b09acd7ad643f32947e533425bf2b715c4811ef2f92adf7,3668,3
C:\SRS(ISIC_2019)\Dataset\BCC\ISIC_0069714.jpg,isic_0069714,1,62682e048621df549bef649720df56444021cfb6b9aa75b2f07e960da084b648,3670,3
C:\SRS(ISIC_2019)\Dataset\BCC\ISIC_0069737.jpg,isic_0069737,1,15df3cd743cfc92b645f04d37f3304359bffe40a8e5c8b190e1a885774934f83,3676,3
C:\SRS(ISIC_2019)\Dataset\BCC\ISIC_0069796.jpg,isic_0069796,1,78e623d2e28d8222b253cb5b42097e850232367a9f19378755be431c6e150367,3684,3
C:\SRS(ISIC_2019)\Dataset\BCC\ISIC_0069868.jpg,isic_0069868,1,314a863193ef8aa56a5b98785f701558612ac0c2b8a8cb52e853085f120f2512,3696,3
C:\SRS(ISIC_2019)\Dataset\BCC\ISIC_0069907.jpg,isic_0069907,1,355a59cc8e6b773687bac425d4f0d28d0f7f4c0a3b96cabe3f7f321ca7fd4d43,3699,3
C:\SRS(ISIC_2019)\Dataset\BCC\ISIC_0069913.jpg,isic_0069913,1,97c5f8787acc01e43f1105fbeb8c69bd9589a597068ffdf5a21b31dab5588f4b,3701,3
C:\SRS(ISIC_2019)\Dataset\BCC\ISIC_0070081.jpg,isic_0070081,1,1515b347559d9e529859cbde086cb5a4a925a7df730818809ab2a87e0fab7788,3723,3
C:\SRS(ISIC_2019)\Dataset\BCC\ISIC_0070088.jpg,isic_0070088,1,89941e86295d7f7dab525b38b8ecf7aa232618d135fae0df5131006c99a9f375,3725,3
C:\SRS(ISIC_2019)\Dataset\BCC\ISIC_0070146.jpg,isic_0070146,1,3619a209e4d73e8e5d94c15f1773711378cd0e6c51bf1d5e6a237ae9d1755eb3,3732,3
C:\SRS(ISIC_2019)\Dataset\BCC\ISIC_0070150.jpg,isic_0070150,1,fde9876fa9851c0bc88dcf33085b71f2a447ce42e336ed80798e8668928ab22c,3734,3
C:\SRS(ISIC_2019)\Dataset\BCC\ISIC_0070151.jpg,isic_0070151,1,d73ad57084efd5ca1c04a3be1464a0323e27afa4c6d971ff2a4532820d4f7984,3735,3
C:\SRS(ISIC_2019)\Dataset\BCC\ISIC_0070162.jpg,isic_0070162,1,b89be6d058e39e585e2276fc5f59802d321622bbb6e569a62f2d3cb0f8c112b7,3738,3
C:\SRS(ISIC_2019)\Dataset\BCC\ISIC_0070236.jpg,isic_0070236,1,8119df4d9d4587c9f0126e8a8c14d202e5e60eb3ddb9c8e63b7dff8c2bd1cfb4,3751,3
C:\SRS(ISIC_2019)\Dataset\BCC\ISIC_0070309.jpg,isic_0070309,1,9c71e5c1b9937ed770f16904441cbc9d96442829dfe21946d999662f71b0eb87,3758,3
C:\SRS(ISIC_2019)\Dataset\BCC\ISIC_0070376.jpg,isic_0070376,1,b1342cad259964bb6310ba49f9c2267896cf0ef9586966a8013a566ee1301f1d,3766,3
C:\SRS(ISIC_2019)\Dataset\BCC\ISIC_0070386.jpg,isic_0070386,1,49853371926058b1723c384670a2d7dc2c66d4fbeb59d3f752094920cd2eacf5,3768,3
C:\SRS(ISIC_2019)\Dataset\BCC\ISIC_0070437.jpg,isic_0070437,1,0d34de5778500c756c8b7ad40bfb967c8531991bf9baf457db6d8047a880e295,3773,3
C:\SRS(ISIC_2019)\Dataset\BCC\ISIC_0070472.jpg,isic_0070472,1,341f4f9fd1b4f2e82198883d693684d6e4d3b136aad7074cd0bb469f6e2784c4,3777,3
C:\SRS(ISIC_2019)\Dataset\BCC\ISIC_0070487.jpg,isic_0070487,1,60636087745225d9ee46fc443ac87c08c85a0c7bcfc0cf02f68e34f923a5146d,3778,3
C:\SRS(ISIC_2019)\Dataset\BCC\ISIC_0070620.jpg,isic_0070620,1,e7fefe479483ef1e4168fa82c64085a0949a50ab3a74901d36341e568e9460a1,3797,3
C:\SRS(ISIC_2019)\Dataset\BCC\ISIC_0070656.jpg,isic_0070656,1,ffdfbcfe8780cc7738c89cab8843ce4da8bea1e5ee8e40b73e61b5871e414e3a,3801,3
C:\SRS(ISIC_2019)\Dataset\BCC\ISIC_0070663.jpg,isic_0070663,1,b120603e1f1c17290c0f069314e524fd004015d6f82cdb7650fc0d762f6e9573,3803,3
C:\SRS(ISIC_2019)\Dataset\BCC\ISIC_0070684.jpg,isic_0070684,1,6e629e57a2f6b9527f0e274d3c8478b4c9c0cadfc6a9ff1990a32b70a805935a,3808,3
C:\SRS(ISIC_2019)\Dataset\BCC\ISIC_0070706.jpg,isic_0070706,1,12bdcba95622ee631f682646552a537dd600561160271ad3dfa6a3aa2661e47c,3812,3
C:\SRS(ISIC_2019)\Dataset\BCC\ISIC_0070728.jpg,isic_0070728,1,e1ac81d4e0c72f601d4e5a7524709751c10661933046fe6be6fa81ac84344a02,3817,3
C:\SRS(ISIC_2019)\Dataset\BCC\ISIC_0070735.jpg,isic_0070735,1,53ede4be3563578b74ae317b14f5ebef16e04c12707db77e6228ab32e59ee2d2,3819,3
C:\SRS(ISIC_2019)\Dataset\BCC\ISIC_0070748.jpg,isic_0070748,1,40d485a2b8a8a40a8ea1da051c07e348c09146851bb21b0865b699e976297fa9,3821,3
C:\SRS(ISIC_2019)\Dataset\BCC\ISIC_0070791.jpg,isic_0070791,1,ac1e0d8db03d021f0a37bf48e12cc3cbee0fc4bf328dbaefcd5290f2e6351e86,3826,3
C:\SRS(ISIC_2019)\Dataset\BCC\ISIC_0070853.jpg,isic_0070853,1,3d2d8583eb80739ae6d8174ab6e8a31a192e0b9087ae7559454920f312cb392b,3838,3
C:\SRS(ISIC_2019)\Dataset\BCC\ISIC_0070994.jpg,isic_0070994,1,b63337b8ac395885820258239cdb622a62b07a55dda4b3c3b73601f72631806c,3858,3
C:\SRS(ISIC_2019)\Dataset\BCC\ISIC_0071085.jpg,isic_0071085,1,39a836020b85dc2169a95d92280aba75bb231d475dee1a229f7ef5cfc2f3acf2,3867,3
C:\SRS(ISIC_2019)\Dataset\BCC\ISIC_0071099.jpg,isic_0071099,1,66711296d721e71a95dc2224db7ce03b0b50fc61741e36f816cc958a95f3b9d4,3868,3
C:\SRS(ISIC_2019)\Dataset\BCC\ISIC_0071110.jpg,isic_0071110,1,aea372f4d607abd63d771e55ab05e1d2914975600631d4f0b436905b460aab30,3870,3
C:\SRS(ISIC_2019)\Dataset\BCC\ISIC_0071172.jpg,isic_0071172,1,7350e8061be682de720b506a7e12cd4ae46437a0ecbae3222cecf9ec82c431af,3880,3
C:\SRS(ISIC_2019)\Dataset\BCC\ISIC_0071384.jpg,isic_0071384,1,da37ebc2801c48eb83a655f9f89a361e660357912d3450e154c5b2c15781d41a,3905,3
C:\SRS(ISIC_2019)\Dataset\BCC\ISIC_0071397.jpg,isic_0071397,1,37b30a98d865e6605e90b8db8c90d9c32ac35a1bbc9d673b782cbc5f655498b3,3907,3
C:\SRS(ISIC_2019)\Dataset\BCC\ISIC_0071400.jpg,isic_0071400,1,7710f67633a8406a07c0c027882d956711ce1571f71774aa354b63aa60b46d3a,3909,3
C:\SRS(ISIC_2019)\Dataset\BCC\ISIC_0071414.jpg,isic_0071414,1,ad044fbf4c266ffebb6d38f2006d5d622bd849ffe1e9049aef3a3e7f3cd64a25,3910,3
C:\SRS(ISIC_2019)\Dataset\BCC\ISIC_0071416.jpg,isic_0071416,1,8f3db3983fffe3ee6e8447a3f8ba0d8dd03cb7392b67799bbded0632fdc1efb8,3911,3
C:\SRS(ISIC_2019)\Dataset\BCC\ISIC_0071461.jpg,isic_0071461,1,9b96951ed6434ba7a82876dfba421b3562e056d30b8a93d128f1d814d9945879,3920,3
C:\SRS(ISIC_2019)\Dataset\BCC\ISIC_0071517.jpg,isic_0071517,1,192466a204edb8bd2829a65186b3d0d0981899b6733a548216583c0b4869a434,3927,3
C:\SRS(ISIC_2019)\Dataset\BCC\ISIC_0071548.jpg,isic_0071548,1,7a527616a2919fe8df64b9d87479e4aaf7260d1bd3532f68584a98af4b82ece7,3928,3
C:\SRS(ISIC_2019)\Dataset\BCC\ISIC_0071637.jpg,isic_0071637,1,cebc34e6d424e92396873123fc59030d050e0abbaa71873db3a28a2f17232607,3940,3
C:\SRS(ISIC_2019)\Dataset\BCC\ISIC_0071742.jpg,isic_0071742,1,5be35f2e9c26aafcc876e1e18f61e5e23d7ce26a7aa363cf89f919d7fff02de5,3953,3
C:\SRS(ISIC_2019)\Dataset\BCC\ISIC_0071758.jpg,isic_0071758,1,b8faf4c9e8ec1e820177551f0c4206ded817ba5bb6f602d3df1d9b54c112ec07,3957,3
C:\SRS(ISIC_2019)\Dataset\BCC\ISIC_0071859.jpg,isic_0071859,1,6b7b419a1dcae804c4ba9553bd8ff597a3426093a7c3067dcf3bce9fd3051388,3963,3
C:\SRS(ISIC_2019)\Dataset\BCC\ISIC_0071867.jpg,isic_0071867,1,7618cdc65f7c5e7bba116db61410c8aa9d8c386c16e8a1df422b5a873c568124,3965,3
C:\SRS(ISIC_2019)\Dataset\BCC\ISIC_0072035.jpg,isic_0072035,1,b70b43e547bb31282ec77322aa03b11daca25843aebc0e4859ff0285ce46ffff,3991,3
C:\SRS(ISIC_2019)\Dataset\BCC\ISIC_0072082.jpg,isic_0072082,1,be4949ea95a7ef699abaca292d671903fa162b5f5dce74557130a0ea3bfb2a98,3997,3
C:\SRS(ISIC_2019)\Dataset\BCC\ISIC_0072105.jpg,isic_0072105,1,32150a88fbf69decf5070d00ac3e257a9f6451cd6daaf80a782bbbbaee23d0cb,4001,3
C:\SRS(ISIC_2019)\Dataset\BCC\ISIC_0072129.jpg,isic_0072129,1,f4dfa70b6cd351859db72b981ab9cba9ae9fd634c2f84c9370719c6e35046a46,4007,3
C:\SRS(ISIC_2019)\Dataset\BCC\ISIC_0072186.jpg,isic_0072186,1,1c51c77c74186c86f0d42159a953679f53e6c9b5e186e63b13693719b712e611,4014,3
C:\SRS(ISIC_2019)\Dataset\BCC\ISIC_0072211.jpg,isic_0072211,1,c2a98498a04b9323b467803846101c6c219a65c325eed874b17a630afe817561,4017,3
C:\SRS(ISIC_2019)\Dataset\BCC\ISIC_0072228.jpg,isic_0072228,1,720bfe3703f395dac9917ef9cbc6c065b75061df16f6c798c3516c31bc9241b6,4019,3
C:\SRS(ISIC_2019)\Dataset\BCC\ISIC_0072251.jpg,isic_0072251,1,567412c0ae6278035b51dd09cb9c777099d35dd1ce856395adc1f1a18435545a,4025,3
C:\SRS(ISIC_2019)\Dataset\BCC\ISIC_0072260.jpg,isic_0072260,1,2e7bb11be68dcf4d280fa7110bbe4284b3ff86c94fa48188503a79957abcfecd,4027,3
C:\SRS(ISIC_2019)\Dataset\BCC\ISIC_0072342.jpg,isic_0072342,1,eeb8c0bc61703f6486d1d0ecac919be84ed952da782cf0dece2806b11ea9ac2e,4035,3
C:\SRS(ISIC_2019)\Dataset\BCC\ISIC_0072365.jpg,isic_0072365,1,4d50f90c058b7886831a493d1643ad591bce764be14a16c86c14569c8c40ac90,4040,3
C:\SRS(ISIC_2019)\Dataset\BCC\ISIC_0072376.jpg,isic_0072376,1,746dbe214489e909c8c49b12125970e49d6887d9f0dcc14ce75706f7ad3d02e2,4041,3
C:\SRS(ISIC_2019)\Dataset\BCC\ISIC_0072450.jpg,isic_0072450,1,16aceeebf3fd82b17673e82bcde1390f133d5c134257e4b660d4981606f2d722,4048,3
C:\SRS(ISIC_2019)\Dataset\BCC\ISIC_0072455.jpg,isic_0072455,1,6880da21878a40d299f845e23617a54ac3b2ba8ac300042c5e960df9222fe361,4050,3
C:\SRS(ISIC_2019)\Dataset\BCC\ISIC_0072471.jpg,isic_0072471,1,f7b76e6bc9af5495f73b34e0e0656838bd8978657a202a732917f09cb8d3354f,4055,3
C:\SRS(ISIC_2019)\Dataset\BCC\ISIC_0072590.jpg,isic_0072590,1,dcf3e0d9d56b334cc4f67f94237e701129dd46b2591c692d0a08258e244710cb,4076,3
C:\SRS(ISIC_2019)\Dataset\BCC\ISIC_0072610.jpg,isic_0072610,1,11498625c3bc9242ceac817fce8a194877cb6ecac0c697bca935c6af391d2a4a,4080,3
C:\SRS(ISIC_2019)\Dataset\BCC\ISIC_0072640.jpg,isic_0072640,1,261438800270e92e89578bca14357409d4cabbf09b213f10e21aa730553981c1,4087,3
C:\SRS(ISIC_2019)\Dataset\BCC\ISIC_0072660.jpg,isic_0072660,1,5c2333e53ead9623060edb4b0fcea3c6871fcb0aee22fe8e2fba42bb8c59a2c4,4090,3
C:\SRS(ISIC_2019)\Dataset\BCC\ISIC_0072670.jpg,isic_0072670,1,9268ea00b61e39b005f1bbecf1b83da8ab573910011b9c34b4009d9a4a6d7494,4094,3
C:\SRS(ISIC_2019)\Dataset\BCC\ISIC_0072688.jpg,isic_0072688,1,85ea519fb384f3ebfc0a502ae48fc1fccf6dbc599e8a6c0aae7340c4e3219536,4096,3
C:\SRS(ISIC_2019)\Dataset\BCC\ISIC_0072701.jpg,isic_0072701,1,7dcde0f3663274b10695f8865c48e1563d68b0c5eee5e0ca173658442147953e,4100,3
C:\SRS(ISIC_2019)\Dataset\BCC\ISIC_0072731.jpg,isic_0072731,1,35740e062a033834808303b73860182028de81eec146244fa6011912b9663fb7,4102,3
C:\SRS(ISIC_2019)\Dataset\BCC\ISIC_0072732.jpg,isic_0072732,1,cf5f04aee5fb684a8e27e7eb85ad806df18c80120fb989e3224b35da05fef2e3,4103,3
C:\SRS(ISIC_2019)\Dataset\BCC\ISIC_0072789.jpg,isic_0072789,1,90c8b050279eedc99d34add53499f5d634dd7be34f66991366f9a5235f665ca5,4111,3
C:\SRS(ISIC_2019)\Dataset\BCC\ISIC_0072818.jpg,isic_0072818,1,1165c296ed0ca08d27fa87d228cdd11e334729bfe409701c3d60f36cfd9d13ce,4118,3
C:\SRS(ISIC_2019)\Dataset\BCC\ISIC_0072856.jpg,isic_0072856,1,a9e961ac03e2d07a80fc019c3041250be21b077aabdf27fee4951cb6a3196d75,4125,3
C:\SRS(ISIC_2019)\Dataset\BCC\ISIC_0072857.jpg,isic_0072857,1,8c1acf797ff91409ae01ab51f69e122cfd55d979a583ecc46a93e24aeec06330,4126,3
C:\SRS(ISIC_2019)\Dataset\BCC\ISIC_0072880.jpg,isic_0072880,1,17a6827db987e65ab8b783dc3cda027d5b78baebced57864c15c28dd17ee70e6,4130,3
C:\SRS(ISIC_2019)\Dataset\BCC\ISIC_0072978.jpg,isic_0072978,1,4ef1200d6ea0e5f6f5277bcc3871e45757a938093b478ff89609463ddda6da05,4142,3
C:\SRS(ISIC_2019)\Dataset\BCC\ISIC_0072988.jpg,isic_0072988,1,6e28e711712856894f9772f6eda78a81272c84a11871f6f443a6e203586d264d,4143,3
C:\SRS(ISIC_2019)\Dataset\BCC\ISIC_0073023.jpg,isic_0073023,1,f8e588060bd4cb7fece1e0f611a0b5ce3ec1acc183488ba594ce3c7d6bcc1869,4150,3
C:\SRS(ISIC_2019)\Dataset\BCC\ISIC_0073109.jpg,isic_0073109,1,377e1612e13da43b56994539fdc545a4a2b09678b9146b4869d906f223fec5f1,4166,3
C:\SRS(ISIC_2019)\Dataset\BCC\ISIC_0073111.jpg,isic_0073111,1,7c168f84355a618ccc7edc64e83667e96793c11eeaa4a19b6f95e76b14fe8d1e,4167,3
C:\SRS(ISIC_2019)\Dataset\BCC\ISIC_0073122.jpg,isic_0073122,1,4a0eaea8c26257475689cc37d64e3f54d25b411aaa93d5f9d6f306b1e5ad6426,4170,3
C:\SRS(ISIC_2019)\Dataset\BCC\ISIC_0073149.jpg,isic_0073149,1,f725ea529bb334d1f9685e550be1b6fd475fc073b3d5ebc4558535300b3c262a,4175,3
C:\SRS(ISIC_2019)\Dataset\BKL\ISIC_0012178_downsampled.jpg,isic_0012178_downsampled,2,bba47a2b5d0a2f75f4c43377e77c2cbb11df988abf9c18ac588f57b26e601e57,4202,3
C:\SRS(ISIC_2019)\Dataset\BKL\ISIC_0012207_downsampled.jpg,isic_0012207_downsampled,2,6cefec67fcbcf6823f2f82b7dba77d59227db36761742e99c795679af9c65eb1,4206,3
C:\SRS(ISIC_2019)\Dataset\BKL\ISIC_0012217_downsampled.jpg,isic_0012217_downsampled,2,4010129b637d306fdd29f3c52c3e81ff3e83a6e49a948493ec0503dda80b1b1d,4210,3
C:\SRS(ISIC_2019)\Dataset\BKL\ISIC_0012238_downsampled.jpg,isic_0012238_downsampled,2,30d90948a0fa8121b79fdce451edee4f35325427c258443048a7d459c8aa4158,4215,3
C:\SRS(ISIC_2019)\Dataset\BKL\ISIC_0012240_downsampled.jpg,isic_0012240_downsampled,2,6f88d124a44498e509eee93aa658b278edfc502294c58c3ffc20bc9e75ef0d4e,4216,3
C:\SRS(ISIC_2019)\Dataset\BKL\ISIC_0012265_downsampled.jpg,isic_0012265_downsampled,2,27f9840c0e3484cb3b39a2a59ca13797460fe72d041f06387e4a03bb42ca702e,4220,3
C:\SRS(ISIC_2019)\Dataset\BKL\ISIC_0012299_downsampled.jpg,isic_0012299_downsampled,2,78d1cd9a376b82c9ff7eecb379418537194573c3474b448d20c789814f5020b0,4227,3
C:\SRS(ISIC_2019)\Dataset\BKL\ISIC_0012314_downsampled.jpg,isic_0012314_downsampled,2,3bd86efbefd6f759c48a174acd54489e0883efc3a6752c941dd7140e66c708a8,4228,3
C:\SRS(ISIC_2019)\Dataset\BKL\ISIC_0012330_downsampled.jpg,isic_0012330_downsampled,2,b81c7abd0dd66709f026e4c0c636d6a586c9341d2d6cb36dfdaa39e08fff330b,4231,3
C:\SRS(ISIC_2019)\Dataset\BKL\ISIC_0012359_downsampled.jpg,isic_0012359_downsampled,2,1dec4f5cba0e49d4db697e60465b1d377468a40a82d100168d039352d798ce27,4234,3
C:\SRS(ISIC_2019)\Dataset\BKL\ISIC_0012372_downsampled.jpg,isic_0012372_downsampled,2,fecd10cf4980d7aa6dea60069e76d1502f27ea8ac641ae59d6ef77ecaf798376,4236,3
C:\SRS(ISIC_2019)\Dataset\BKL\ISIC_0012377_downsampled.jpg,isic_0012377_downsampled,2,4dd4d8c7c1505940f6e569bd45cd35aac933e6d85976b07bba5d16239f0cf26e,4238,3
C:\SRS(ISIC_2019)\Dataset\BKL\ISIC_0012448_downsampled.jpg,isic_0012448_downsampled,2,8ae069a0ceb4a26d813c7d4c8ee58b6a6c8de9b0ba66d91258d0952da478013a,4255,3
C:\SRS(ISIC_2019)\Dataset\BKL\ISIC_0012543_downsampled.jpg,isic_0012543_downsampled,2,079b23be2a996d43af58444addca6a20f4e2bfa927e925627d787aaa3ce50025,4272,3
C:\SRS(ISIC_2019)\Dataset\BKL\ISIC_0012666_downsampled.jpg,isic_0012666_downsampled,2,4ab08ddcd847e30188d14c6953a924658bc1fd0f17effe1fed8456e615f152a1,4275,3
C:\SRS(ISIC_2019)\Dataset\BKL\ISIC_0012719_downsampled.jpg,isic_0012719_downsampled,2,9f84d6393259792d498f17011e78947f2caccd125ee2cff93e0645862093d4b9,4281,3
C:\SRS(ISIC_2019)\Dataset\BKL\ISIC_0012773_downsampled.jpg,isic_0012773_downsampled,2,a1a1e448e47e48da1122bb14b0c352c977dcad9188fe8e3c812cabe666270959,4285,3
C:\SRS(ISIC_2019)\Dataset\BKL\ISIC_0012785_downsampled.jpg,isic_0012785_downsampled,2,92d2163aa492f5c2ed51cf158f59f8c9ca6a6512973e5e547865919e5c62bf1b,4286,3
C:\SRS(ISIC_2019)\Dataset\BKL\ISIC_0012786_downsampled.jpg,isic_0012786_downsampled,2,fdc6d51b2fa74b754e835fc4e6cca00849f91694dea7191a6229dcec4accc86a,4287,3
C:\SRS(ISIC_2019)\Dataset\BKL\ISIC_0012790_downsampled.jpg,isic_0012790_downsampled,2,ed9223150d2dbb68b5b0ced7448ccf1e85463eb1b3340e5964fc6bc6f6be6979,4288,3
C:\SRS(ISIC_2019)\Dataset\BKL\ISIC_0012833_downsampled.jpg,isic_0012833_downsampled,2,d91ed4ece00585f09e21162ccedf6204b5bd3932cb9d6685709f58b867c1e747,4295,3
C:\SRS(ISIC_2019)\Dataset\BKL\ISIC_0012840_downsampled.jpg,isic_0012840_downsampled,2,d6283518c79e8e795388bd0e3578f9d81ebbe6fd253669362453b7d6ae74e762,4296,3
C:\SRS(ISIC_2019)\Dataset\BKL\ISIC_0012889_downsampled.jpg,isic_0012889_downsampled,2,eafbc6e7f9aeebe77bc913294816246862d42d8feb25d276fde5de0311e72074,4305,3
C:\SRS(ISIC_2019)\Dataset\BKL\ISIC_0012898_downsampled.jpg,isic_0012898_downsampled,2,e8ced89723c5a2f21171029526a91af29819ddb62279a2a5ddab9fa91058b667,4306,3
C:\SRS(ISIC_2019)\Dataset\BKL\ISIC_0012932_downsampled.jpg,isic_0012932_downsampled,2,be3886267a30aa1db88fcf6a46ff8fbc584d3780af4b5cd341bc037241ab417c,4310,3
C:\SRS(ISIC_2019)\Dataset\BKL\ISIC_0012974_downsampled.jpg,isic_0012974_downsampled,2,af7ff6f8881b1af0302ebe503e529f658d63836dc9e7133a571f85a26fbcce6f,4315,3
C:\SRS(ISIC_2019)\Dataset\BKL\ISIC_0013040_downsampled.jpg,isic_0013040_downsampled,2,7370ec4e49be7dee5f61164be7d5a46c7624161ad1b8ec95713b9455c56e65ce,4323,3
C:\SRS(ISIC_2019)\Dataset\BKL\ISIC_0013056_downsampled.jpg,isic_0013056_downsampled,2,3cc13f58fa1471d03ebc77daceb5f7016be35475c423edc338579117c4a11abe,4326,3
C:\SRS(ISIC_2019)\Dataset\BKL\ISIC_0013134_downsampled.jpg,isic_0013134_downsampled,2,968de6f10b12b1386c3a9d73fc2042463dce713c5345d21fe383bd256d696202,4336,3
C:\SRS(ISIC_2019)\Dataset\BKL\ISIC_0013169_downsampled.jpg,isic_0013169_downsampled,2,4d4f850720394580bab9e8946a2d41d4f89f425c49737420d1a01910626bc786,4343,3
C:\SRS(ISIC_2019)\Dataset\BKL\ISIC_0013268_downsampled.jpg,isic_0013268_downsampled,2,9dbbac012b8974e7b5eb25a0b6b089f3a05324bb6eb84b3c5718c81ec65db402,4354,3
C:\SRS(ISIC_2019)\Dataset\BKL\ISIC_0013271_downsampled.jpg,isic_0013271_downsampled,2,940b5105008affe4d00f5466d6396ea31a6776452f5ad0ee8619cf57a981fd25,4356,3
C:\SRS(ISIC_2019)\Dataset\BKL\ISIC_0013319_downsampled.jpg,isic_0013319_downsampled,2,77adc67bba92aea289104fff57b8e47c1f2f06c50d3f3626c6d9cf74caec62ed,4359,3
C:\SRS(ISIC_2019)\Dataset\BKL\ISIC_0013585_downsampled.jpg,isic_0013585_downsampled,2,56c8cfe0bd7f8abb02cf3fc8df48bc67cec26f195fbf299f99e3f10adca4e9f2,4379,3
C:\SRS(ISIC_2019)\Dataset\BKL\ISIC_0013637_downsampled.jpg,isic_0013637_downsampled,2,e46ac5c0d6cd896b8a6121fea699abdf6d6e6df48d19af07c3a35bbdb54680a7,4384,3
C:\SRS(ISIC_2019)\Dataset\BKL\ISIC_0013706_downsampled.jpg,isic_0013706_downsampled,2,f3056678a51c8bb5f5e73e06b9a590d4ca3518e4e3755ce0857c0177ec3db6ce,4393,3
C:\SRS(ISIC_2019)\Dataset\BKL\ISIC_0013765_downsampled.jpg,isic_0013765_downsampled,2,6385733dbae8de4f22a30c566df68a1d21e013207588c1d254653ea09ffbd6bb,4401,3
C:\SRS(ISIC_2019)\Dataset\BKL\ISIC_0013910_downsampled.jpg,isic_0013910_downsampled,2,d793289e24b2a9a7a26276fe922875818b0c9ef039387bbd0a2ef22a833e21fc,4409,3
C:\SRS(ISIC_2019)\Dataset\BKL\ISIC_0013927_downsampled.jpg,isic_0013927_downsampled,2,6635a31be9548f8be665e91721c6b10ba589fec2ceb3780276dac302baa37f32,4411,3
C:\SRS(ISIC_2019)\Dataset\BKL\ISIC_0013945_downsampled.jpg,isic_0013945_downsampled,2,8969faae4ae58a2f98615cb5c9171d7758c5304b490626e3225dc7b0fa7a9dfb,4414,3
C:\SRS(ISIC_2019)\Dataset\BKL\ISIC_0013981_downsampled.jpg,isic_0013981_downsampled,2,a0c9aff9b1a87ffccbe63ace05e8cd58b10757177768979111e6b8dd87be2d96,4418,3
C:\SRS(ISIC_2019)\Dataset\BKL\ISIC_0014028_downsampled.jpg,isic_0014028_downsampled,2,b32c1478a5598bb94fdc0deebb35b4b2793658a61ca7f182c9a05b7afaf9df99,4420,3
C:\SRS(ISIC_2019)\Dataset\BKL\ISIC_0014032_downsampled.jpg,isic_0014032_downsampled,2,50f0481f28b9f4252462fe97edd47c671ff89a3349e2fd208de0c6618496c352,4423,3
C:\SRS(ISIC_2019)\Dataset\BKL\ISIC_0014083_downsampled.jpg,isic_0014083_downsampled,2,038646199f8edc501f204f93065480ec4be4e4bfd029e6a45dc69fd5775dcf45,4427,3
C:\SRS(ISIC_2019)\Dataset\BKL\ISIC_0014120_downsampled.jpg,isic_0014120_downsampled,2,b8410e7b9f5c905cdb7dc0a53df78092d5bb6b97289a5c184a8653f5cb4f5ef4,4428,3
C:\SRS(ISIC_2019)\Dataset\BKL\ISIC_0014169_downsampled.jpg,isic_0014169_downsampled,2,867ea89f81b8400a1e3ed4b1a757e5a5663b9d2de4e6f81d4328b06c879817e4,4430,3
C:\SRS(ISIC_2019)\Dataset\BKL\ISIC_0014191_downsampled.jpg,isic_0014191_downsampled,2,ba78c756c03cb23b7274007e5d81e56afbe62c0600e7d90f6cc87a94c23e4855,4433,3
C:\SRS(ISIC_2019)\Dataset\BKL\ISIC_0014264_downsampled.jpg,isic_0014264_downsampled,2,da290a1947083c4c20b860c9655202e2e9500ce4c26dde379de2788a9cb4af93,4437,3
C:\SRS(ISIC_2019)\Dataset\BKL\ISIC_0014382_downsampled.jpg,isic_0014382_downsampled,2,cc4b13955a6d008d408db9d788e2854a8e9b92c5f482f9b8685b6009b3c4614e,4444,3
C:\SRS(ISIC_2019)\Dataset\BKL\ISIC_0014392_downsampled.jpg,isic_0014392_downsampled,2,801734b0e9dad66daf8538f50ac28aacbe43b76f4d6e0c7b65f9566ca0d1f904,4446,3
C:\SRS(ISIC_2019)\Dataset\BKL\ISIC_0014535_downsampled.jpg,isic_0014535_downsampled,2,df987a3a9a37bc307e97f13ad4479c3ef8434390fbcb07624b86d05d9fbdf99e,4460,3
C:\SRS(ISIC_2019)\Dataset\BKL\ISIC_0014554_downsampled.jpg,isic_0014554_downsampled,2,767b6955e36e81b229bbd6cdc9e25a94c4aa13f8848b1e3419a13ede514f2e19,4462,3
C:\SRS(ISIC_2019)\Dataset\BKL\ISIC_0014576_downsampled.jpg,isic_0014576_downsampled,2,ff4ced5745ee1db894719be46b76d8bc9045850d2c2017491406c0afe13f5bfe,4472,3
C:\SRS(ISIC_2019)\Dataset\BKL\ISIC_0014582_downsampled.jpg,isic_0014582_downsampled,2,56bc1346cf7bca5a6eee899f573572fe5fb7dd22b7c60735fdfbc0964d36e59f,4478,3
C:\SRS(ISIC_2019)\Dataset\BKL\ISIC_0014587_downsampled.jpg,isic_0014587_downsampled,2,9c9c240769bb6414efa2d031c8cbe888bfcc13505440691075247efb22c272fe,4482,3
C:\SRS(ISIC_2019)\Dataset\BKL\ISIC_0014588_downsampled.jpg,isic_0014588_downsampled,2,d81a3805f982335557f38d7922ad0fa049817ad4ec145684cbd6ed6d5d6f2e5a,4483,3
C:\SRS(ISIC_2019)\Dataset\BKL\ISIC_0014592_downsampled.jpg,isic_0014592_downsampled,2,d0484c8b67ee8e628c9de86521f4359648083f546cfe3b8dab9cdf28ff36f1ff,4487,3
C:\SRS(ISIC_2019)\Dataset\BKL\ISIC_0014612_downsampled.jpg,isic_0014612_downsampled,2,1070ed7382b27dc14f8ff023605adfbf091f4a3817530b612c4bc3598047cfc3,4506,3
C:\SRS(ISIC_2019)\Dataset\BKL\ISIC_0014630_downsampled.jpg,isic_0014630_downsampled,2,b6f268db0c1a01e45fcb95a13fcde94fbb1002a2e8eefa6a81a6935ac61a8724,4523,3
C:\SRS(ISIC_2019)\Dataset\BKL\ISIC_0014643_downsampled.jpg,isic_0014643_downsampled,2,7236c8fcfdc8dd8dbf4dcf8325d38ad448e4ca6a6a2036ad1b76e8044c37b428,4536,3
C:\SRS(ISIC_2019)\Dataset\BKL\ISIC_0014647_downsampled.jpg,isic_0014647_downsampled,2,0369e4ed9741ab4e5ced54cf21eeeefb622c45021ffadf20c538d823b5b73d9d,4540,3
C:\SRS(ISIC_2019)\Dataset\BKL\ISIC_0014650_downsampled.jpg,isic_0014650_downsampled,2,655896142cabf729ce530cfb03678fccdc04fdab70d5fa9daeed4fa73eb42305,4543,3
C:\SRS(ISIC_2019)\Dataset\BKL\ISIC_0014652_downsampled.jpg,isic_0014652_downsampled,2,e336b7ee5de468dc423b288c5c3879663f10ca72f356b4ea924538436a733640,4545,3
C:\SRS(ISIC_2019)\Dataset\BKL\ISIC_0015044_downsampled.jpg,isic_0015044_downsampled,2,dd44969150681707e23ba2efe8483110cbbc3ab78db2ca59597064b7b00774c1,4562,3
C:\SRS(ISIC_2019)\Dataset\BKL\ISIC_0015062_downsampled.jpg,isic_0015062_downsampled,2,c70a5145a3a18630cb2361c6b9c71b881d53b79f541058a3b97d788862aa9ebc,4563,3
C:\SRS(ISIC_2019)\Dataset\BKL\ISIC_0015295_downsampled.jpg,isic_0015295_downsampled,2,1bc48e2083e84b12562b67d2980a9b5f15b3b47817213221983aac406fb28182,4576,3
C:\SRS(ISIC_2019)\Dataset\BKL\ISIC_0024336.jpg,isic_0024336,2,fcf97aeb6611dde378c1692fb32818351e872770e68b9b700ca7c69330fa9a13,4579,3
C:\SRS(ISIC_2019)\Dataset\BKL\ISIC_0024338.jpg,isic_0024338,2,6b74536cdce3daddb17df86c2f7cf3afc494f8076a4eb619b83a498ca9413ae2,4581,3
C:\SRS(ISIC_2019)\Dataset\BKL\ISIC_0024383.jpg,isic_0024383,2,6f0516d4bafc728c8b914aeff5eeb12cfcd5f0472c5d0c1bb33cb7cc44e3d519,4586,3
C:\SRS(ISIC_2019)\Dataset\BKL\ISIC_0024422.jpg,isic_0024422,2,1e33b94d2b82f587f857e99e6c96fb7b4093d5b95d9f5d2d5293a75d9f4f1c62,4591,3
C:\SRS(ISIC_2019)\Dataset\BKL\ISIC_0024445.jpg,isic_0024445,2,9d39bd62042f8f180c41fcaf84078cd2c6c6f97f60e15596ca59a8e7cca2caa3,4594,3
C:\SRS(ISIC_2019)\Dataset\BKL\ISIC_0024494.jpg,isic_0024494,2,655aebd8763cc8a8b5da278228028a5d620c3a16d63ba7b9c076ee07f51a89f9,4601,3
C:\SRS(ISIC_2019)\Dataset\BKL\ISIC_0024495.jpg,isic_0024495,2,996958965fbd6bc6569a7d063b8ce1474162ed93891148dcc876b72aac8e8c8a,4602,3
C:\SRS(ISIC_2019)\Dataset\BKL\ISIC_0024547.jpg,isic_0024547,2,8d2a20d6d48e9227aea26bbc962af4590bbc8757d47696661e94e18e064f2e6f,4605,3
C:\SRS(ISIC_2019)\Dataset\BKL\ISIC_0024581.jpg,isic_0024581,2,6b7beb4eaf63827b013f5f56309751ad04ea3fcd71a365c597a9d9214add2685,4606,3
C:\SRS(ISIC_2019)\Dataset\BKL\ISIC_0024602.jpg,isic_0024602,2,db08fc5d1b70f688f229eddcda798b6e14e0493149afbe513b1627a99f2df0c5,4608,3
C:\SRS(ISIC_2019)\Dataset\BKL\ISIC_0024696.jpg,isic_0024696,2,2a066390feba2a8ecb2eceb322aa2facc6063c41023e60bae8075b9903dabdcc,4616,3
C:\SRS(ISIC_2019)\Dataset\BKL\ISIC_0024709.jpg,isic_0024709,2,1dfb7d12dfd733df0d6eb4c8ad45d15b3ee3da6f2588a8368d754f95b5ccef49,4619,3
C:\SRS(ISIC_2019)\Dataset\BKL\ISIC_0024711.jpg,isic_0024711,2,38e957cd313e04d1b3c1aab53e6385231ab1abc9662af2e657b6da4c116eb192,4620,3
C:\SRS(ISIC_2019)\Dataset\BKL\ISIC_0024740.jpg,isic_0024740,2,1bde2eca4eea8112e5bcbb48aee6fb6672a28d7a2e840d632f0abdf3bf20a982,4622,3
C:\SRS(ISIC_2019)\Dataset\BKL\ISIC_0024748.jpg,isic_0024748,2,a8bac67f0643cc578ec0bba941e1337e776f3a09dce8588d3ebd48d2de9a1793,4624,3
C:\SRS(ISIC_2019)\Dataset\BKL\ISIC_0024758.jpg,isic_0024758,2,dffceaf15ce431dcc91f91eda33ec9d4b864ec8c2b525c1e41c1f37c9913b9ec,4625,3
C:\SRS(ISIC_2019)\Dataset\BKL\ISIC_0024760.jpg,isic_0024760,2,cb1cf989060011728cebecbfcca9564aade53975a992912a7522713fcdd83c9b,4626,3
C:\SRS(ISIC_2019)\Dataset\BKL\ISIC_0024782.jpg,isic_0024782,2,3135322e1a5913c37260d4ad13325ee8c692fefa274bf6c626a8e54cceaee9ce,4632,3
C:\SRS(ISIC_2019)\Dataset\BKL\ISIC_0024786.jpg,isic_0024786,2,817686ec43e99964dbb04073f1021112bf10fea4f5e00ff02d905e4231086c51,4633,3
C:\SRS(ISIC_2019)\Dataset\BKL\ISIC_0024910.jpg,isic_0024910,2,cf249cb4714ee05245de5646607659a6f5f36422f8e45227adc1b26438ddb637,4648,3
C:\SRS(ISIC_2019)\Dataset\BKL\ISIC_0024971.jpg,isic_0024971,2,637c0a3ddd1decac7343f800d5f555f097ae0191fe2e4c8dffbb24753fca5305,4653,3
C:\SRS(ISIC_2019)\Dataset\BKL\ISIC_0024997.jpg,isic_0024997,2,18d1a21b0006e218e751c7d93f423b85716fcf98fd0a46f8e80e018d868f4f2c,4656,3
C:\SRS(ISIC_2019)\Dataset\BKL\ISIC_0025180.jpg,isic_0025180,2,fd700dd8e79aa084b83aaf315588b7f7323b4ca7d1d5b18d17c9594303a2a7b2,4679,3
C:\SRS(ISIC_2019)\Dataset\BKL\ISIC_0025199.jpg,isic_0025199,2,18c4ac2bade163c65ed6de53d1fe8fe1d3d614e49a34d3c8fdf5aa323046e7ca,4680,3
C:\SRS(ISIC_2019)\Dataset\BKL\ISIC_0025286.jpg,isic_0025286,2,861003e047c83ef2af4b5dc9c7a14e56f4f83a708d0b798ccfe15291dd904d0e,4685,3
C:\SRS(ISIC_2019)\Dataset\BKL\ISIC_0025339.jpg,isic_0025339,2,72d813753fbe97c0d23ef72d7231f126fa71e08338e2376e0c34e95bae1c7325,4692,3
C:\SRS(ISIC_2019)\Dataset\BKL\ISIC_0025351.jpg,isic_0025351,2,bdf852c1869cfe87c85369553c0cb5e3573ebe9f340287cfa601e25e89e90ddf,4694,3
C:\SRS(ISIC_2019)\Dataset\BKL\ISIC_0025374.jpg,isic_0025374,2,17e6984c0d88d2f201be916471ed407588a33e38f7fd87ff14f3442063b466b8,4696,3
C:\SRS(ISIC_2019)\Dataset\BKL\ISIC_0025376.jpg,isic_0025376,2,44ebea92ea0b2bb9c1806dae067e824b73b65c7eb0478336e73860e57edb7a3c,4697,3
C:\SRS(ISIC_2019)\Dataset\BKL\ISIC_0025431.jpg,isic_0025431,2,e97e899d2d4756c38d073cc2a5c79a04bf7cc6b166df5fe3f4bd397f6e1f0eec,4704,3
C:\SRS(ISIC_2019)\Dataset\BKL\ISIC_0025454.jpg,isic_0025454,2,ca2c23e02ad0e4e2ef5820c88142a0de75fcf05e52ce1042b02b295eb72949a8,4706,3
C:\SRS(ISIC_2019)\Dataset\BKL\ISIC_0025567.jpg,isic_0025567,2,c20ec91799730176178fe3ca69b9949e7579320a9aa18a862a927850f22cc688,4720,3
C:\SRS(ISIC_2019)\Dataset\BKL\ISIC_0025575.jpg,isic_0025575,2,c9e688c4f09b8615945245a5ab918f94ef1a21b6439f6b49a66609b210796ce7,4721,3
C:\SRS(ISIC_2019)\Dataset\BKL\ISIC_0025716.jpg,isic_0025716,2,9b26fba1324462ea8590e430bf6c2ed2172ea8cc9a07a604d310e9698c306fc8,4734,3
C:\SRS(ISIC_2019)\Dataset\BKL\ISIC_0025804.jpg,isic_0025804,2,53308649d9a4083a93952483b759c1acf86141226307cb34d0b21815d69ee4c5,4744,3
C:\SRS(ISIC_2019)\Dataset\BKL\ISIC_0025830.jpg,isic_0025830,2,6282cbf5f90550b32a7388a5e3afa2f67167d0d0539e09b26e19123e9159aaf6,4748,3
C:\SRS(ISIC_2019)\Dataset\BKL\ISIC_0025879.jpg,isic_0025879,2,e690701b14c2cfc149bc56f7fa9107ec3b2435af0cc91a11aa4e336a7202a42d,4757,3
C:\SRS(ISIC_2019)\Dataset\BKL\ISIC_0026153.jpg,isic_0026153,2,0d355056466154cec1e473dfb659d9fa365ac145f7697e65acd91c6aac36d818,4786,3
C:\SRS(ISIC_2019)\Dataset\BKL\ISIC_0026219.jpg,isic_0026219,2,5fa87928b95c85d910079cdbdbfdce9ef5d4553fa59481f0c73a9ecbcea74dac,4790,3
C:\SRS(ISIC_2019)\Dataset\BKL\ISIC_0026280.jpg,isic_0026280,2,c87e693c2e1b55ea10b8c9c0752388cd020eafa31a6117a713a9bd5a5a56d505,4800,3
C:\SRS(ISIC_2019)\Dataset\BKL\ISIC_0026316.jpg,isic_0026316,2,74ec6f4f398fb9382c4fa4d5007c7a8a3e067f1d74bac2cc6b85aa1975fac2a2,4807,3
C:\SRS(ISIC_2019)\Dataset\BKL\ISIC_0026441.jpg,isic_0026441,2,2eb4cde51bf3162b012d4ac03829bb315e5753cee899f2e2a7e121e6e575142a,4815,3
C:\SRS(ISIC_2019)\Dataset\BKL\ISIC_0026514.jpg,isic_0026514,2,79a34db35ac706b64cffce706feb6243952bd6ea12e7ec6be1e0e585a0dc3a80,4823,3
C:\SRS(ISIC_2019)\Dataset\BKL\ISIC_0026530.jpg,isic_0026530,2,1b32ac9c333cf27265a6c14cd7301c200600ac3a77ca19ba2d0c4bc96b32414c,4827,3
C:\SRS(ISIC_2019)\Dataset\BKL\ISIC_0026538.jpg,isic_0026538,2,f62d5b790f09cf195d8b6bc172180b2e08a783379d6030459b242eb4fae51892,4829,3
C:\SRS(ISIC_2019)\Dataset\BKL\ISIC_0026631.jpg,isic_0026631,2,3011bd8fa0aa227e1b1f1727fd79cf2bb9124874f44665fa96f98a5293420575,4841,3
C:\SRS(ISIC_2019)\Dataset\BKL\ISIC_0026637.jpg,isic_0026637,2,71d1fc359424a295a02dfeebdf04bf33172c5cbfbbbbe7b1708e206a62411637,4843,3
C:\SRS(ISIC_2019)\Dataset\BKL\ISIC_0026769.jpg,isic_0026769,2,ff60d95dbcd72fe89cc0377e3ce2b606c62245bcd2ca5a9334b2526cb717c801,4855,3
C:\SRS(ISIC_2019)\Dataset\BKL\ISIC_0026775.jpg,isic_0026775,2,f14f983da03a405f78e988cc8b1e21a1a16018598fe842254148d364160547a6,4856,3
C:\SRS(ISIC_2019)\Dataset\BKL\ISIC_0026783.jpg,isic_0026783,2,68816cd86c2d1bf287bf76ca72c0dec3011fb4657351aabde497cb68b195e18b,4857,3
C:\SRS(ISIC_2019)\Dataset\BKL\ISIC_0026849.jpg,isic_0026849,2,a4e9c1a1064d46fbc107b15580345a612a01d317ba4cf2fe2365836c0c6be77d,4868,3
C:\SRS(ISIC_2019)\Dataset\BKL\ISIC_0027018.jpg,isic_0027018,2,30fa61605f453d2fca574c9877da937a7a0c29edbe8e84900daa8b86a6a88081,4886,3
C:\SRS(ISIC_2019)\Dataset\BKL\ISIC_0027023.jpg,isic_0027023,2,35e2d6720a7f8d881c78d0f6325c160d1793023e586c76655be927b555ae3dd0,4887,3
C:\SRS(ISIC_2019)\Dataset\BKL\ISIC_0027053.jpg,isic_0027053,2,9db0b474010563219cdd51cdf6c3571b8bae038ca61e6621c8a20813bd921182,4894,3
C:\SRS(ISIC_2019)\Dataset\BKL\ISIC_0027154.jpg,isic_0027154,2,11fae5b586e84b8b0874b54f827b1657d16783742b0956add0a1143de31bf727,4902,3
C:\SRS(ISIC_2019)\Dataset\BKL\ISIC_0027219.jpg,isic_0027219,2,98882a64ba1e7af8296b9ca981d13f06bac549955ead954dd4d512f5f3b1b2f5,4909,3
C:\SRS(ISIC_2019)\Dataset\BKL\ISIC_0027279.jpg,isic_0027279,2,b386f2a247f7139845190af6873956b6584a8724a207bd818ff59b6c5b753489,4913,3
C:\SRS(ISIC_2019)\Dataset\BKL\ISIC_0027370.jpg,isic_0027370,2,be38560fa2ff221ea492e99a361ac92f61d4e889e4d6f5d8a00b086cf6e1d7da,4925,3
C:\SRS(ISIC_2019)\Dataset\BKL\ISIC_0027435.jpg,isic_0027435,2,8bba4238f539a943e2bfa3961e64937c545c84f21a2547674726d246873abb0c,4932,3
C:\SRS(ISIC_2019)\Dataset\BKL\ISIC_0027437.jpg,isic_0027437,2,65e3109d7f7fecaecbb5fc1fb874f7e50c24c663e7c15f2fd0b25433ad9eb9a7,4933,3
C:\SRS(ISIC_2019)\Dataset\BKL\ISIC_0027463.jpg,isic_0027463,2,986b978006453149405d2643510d3f0d4dc1f3ed49d99eccec564be67ec4080b,4937,3
C:\SRS(ISIC_2019)\Dataset\BKL\ISIC_0027584.jpg,isic_0027584,2,7568eb509e911f472c9a946b98c4f828d0b9c93c9a3dd487d5fe746c443d0b52,4945,3
C:\SRS(ISIC_2019)\Dataset\BKL\ISIC_0027649.jpg,isic_0027649,2,ec724de70ec134dbc138d669502d6fe1e9b5b9e1e4cb13190710fa230cff9c82,4949,3
C:\SRS(ISIC_2019)\Dataset\BKL\ISIC_0027680.jpg,isic_0027680,2,d63ea9aa57434cc31fe8f2c3363c7c9dfa270c197958bd9eea6c11edaf67a37e,4951,3
C:\SRS(ISIC_2019)\Dataset\BKL\ISIC_0027706.jpg,isic_0027706,2,058ec3ee96f2fb766e32a6a260bce2b95e177a2486c3b83e91e4c28d25a5ffcf,4953,3
C:\SRS(ISIC_2019)\Dataset\BKL\ISIC_0027780.jpg,isic_0027780,2,b287f1e89728716b33b82094340ba4a5a3b49e873744bb6404c58fe11fe70d35,4964,3
C:\SRS(ISIC_2019)\Dataset\BKL\ISIC_0027801.jpg,isic_0027801,2,96ce80ea92704be6c7467408d012005cbe21760bd8a1a07f257d32f43c900242,4967,3
C:\SRS(ISIC_2019)\Dataset\BKL\ISIC_0027875.jpg,isic_0027875,2,dcb86e145f7d765c377b9cd35b155a6776f027ca1070d95690f6bbef66c4d8de,4977,3
C:\SRS(ISIC_2019)\Dataset\BKL\ISIC_0027905.jpg,isic_0027905,2,4a9975867b4303322b21c40bfb330b8ec6ca1182f5159adc7004dba8e7763ab3,4979,3
C:\SRS(ISIC_2019)\Dataset\BKL\ISIC_0027916.jpg,isic_0027916,2,997694f026464ffcc2f32f95e58863010f8664aba4efaab97ce16ba0ddf85465,4980,3
C:\SRS(ISIC_2019)\Dataset\BKL\ISIC_0027967.jpg,isic_0027967,2,48962a62d9f5c777a95f8ae6f4a95383aee0c53e575ab24981211d4acfa588c9,4985,3
C:\SRS(ISIC_2019)\Dataset\BKL\ISIC_0027991.jpg,isic_0027991,2,3b9fa12c3876478e6d33b81b413204c28c55abe307b8b68bf1f7b57d94ac74e4,4991,3
C:\SRS(ISIC_2019)\Dataset\BKL\ISIC_0027996.jpg,isic_0027996,2,f89b64a7531fc181b8b2b09ddebf23eaa93717b3b742d5e55ddefc153421fe41,4992,3
C:\SRS(ISIC_2019)\Dataset\BKL\ISIC_0028094.jpg,isic_0028094,2,217913e601c88f9edc1aba271419c890f6532c48e12fdc6df030a81d8312e968,4997,3
C:\SRS(ISIC_2019)\Dataset\BKL\ISIC_0028120.jpg,isic_0028120,2,4d8cb4f11dbc8493817445e54f5ba8633e3c20e17f72bbf80efbce276e047719,5000,3
C:\SRS(ISIC_2019)\Dataset\BKL\ISIC_0028165.jpg,isic_0028165,2,d55cccb32dbb8534afb517dd3f7e0da3a4fde07494012a265642d19dfeaf36f1,5004,3
C:\SRS(ISIC_2019)\Dataset\BKL\ISIC_0028180.jpg,isic_0028180,2,fcdcc178739905a1609105186ccdc024ca3cc97d5142b69c40a271e04fc04709,5005,3
C:\SRS(ISIC_2019)\Dataset\BKL\ISIC_0028200.jpg,isic_0028200,2,8fc7577d1fbd400122276339a9f1c05de0bf4cfac8b8dd7208529491369cffeb,5006,3
C:\SRS(ISIC_2019)\Dataset\BKL\ISIC_0028201.jpg,isic_0028201,2,ba4628964ece7e3c65679ef74f948242295ea201c510b9112d5f651cb45ecb75,5007,3
C:\SRS(ISIC_2019)\Dataset\BKL\ISIC_0028209.jpg,isic_0028209,2,f2d85f2edc3f396a570382ae9d9518922599bd4581e87fc4d911dcd2a7afe364,5008,3
C:\SRS(ISIC_2019)\Dataset\BKL\ISIC_0028294.jpg,isic_0028294,2,ed933d49d74109b8ac931dc35a29951324163d82359a3eb172f453341d363dca,5017,3
C:\SRS(ISIC_2019)\Dataset\BKL\ISIC_0028511.jpg,isic_0028511,2,a652fc4e162c88c040761609246d021b25af16849b9eb8b2059443edc3f67d96,5041,3
C:\SRS(ISIC_2019)\Dataset\BKL\ISIC_0028555.jpg,isic_0028555,2,6cc2d3e86d735317317969526d7f36a418d2b95d878176f0a97f62ec589d3d07,5044,3
C:\SRS(ISIC_2019)\Dataset\BKL\ISIC_0028701.jpg,isic_0028701,2,566e5f0dbe4d31963ce70bfee0e8bcd9f85c50218a8f16e8d91143574631fcf2,5060,3
C:\SRS(ISIC_2019)\Dataset\BKL\ISIC_0028792.jpg,isic_0028792,2,b4402b097a17509514bf668672ea93cf3f22bf5a157248c0b2c5ba5314f05d21,5067,3
C:\SRS(ISIC_2019)\Dataset\BKL\ISIC_0028830.jpg,isic_0028830,2,c8a28ce1ca473d30cc7749497e8736f6e0343228af647eaf2ffd9fec43e89f26,5071,3
C:\SRS(ISIC_2019)\Dataset\BKL\ISIC_0028856.jpg,isic_0028856,2,25364fef42cbe5906ea8d5fd101297990eacb803cee8e75b714b20cd7a1748db,5075,3
C:\SRS(ISIC_2019)\Dataset\BKL\ISIC_0028913.jpg,isic_0028913,2,7fdcb7dcb99ad3337a81919a11b462a729a16f7a304a6d641916720bddc7fb04,5078,3
C:\SRS(ISIC_2019)\Dataset\BKL\ISIC_0028970.jpg,isic_0028970,2,bcc9773cf240285b0bbb2165a5f413afb7bea3249ea1cf28735716330e2ed2fb,5085,3
C:\SRS(ISIC_2019)\Dataset\BKL\ISIC_0028992.jpg,isic_0028992,2,a1580f70b0434c23bb15ef80435ea5be0ab63eb640fb223cc81c80342158af59,5088,3
C:\SRS(ISIC_2019)\Dataset\BKL\ISIC_0029014.jpg,isic_0029014,2,86b4d85ef5087b38da72003c9bd296a1ceaac2cb00c44f49935fdeef85b422ed,5093,3
C:\SRS(ISIC_2019)\Dataset\BKL\ISIC_0029032.jpg,isic_0029032,2,5beef160d6222acaf989f26cf075295ef99813ad6ace5c61320eef90ac310243,5097,3
C:\SRS(ISIC_2019)\Dataset\BKL\ISIC_0029101.jpg,isic_0029101,2,023cc6fb3707a8044450a56ace79531e0b687615dad1c049a7c6176d905bcbaf,5109,3
C:\SRS(ISIC_2019)\Dataset\BKL\ISIC_0029102.jpg,isic_0029102,2,21c2842d21086d95449267c9e52bca51cef8d7c119ebcef37aeb0988aa440470,5110,3
C:\SRS(ISIC_2019)\Dataset\BKL\ISIC_0029227.jpg,isic_0029227,2,8151b5453d19ae5c23f5cddd728543d1ecb9cd6d61a020a19d93e642b1cb90cf,5127,3
C:\SRS(ISIC_2019)\Dataset\BKL\ISIC_0029251.jpg,isic_0029251,2,0154b2b356f84224e7a518f86e392b50cb1fad92f1a7d03eb0d0b50fb040c8a4,5133,3
C:\SRS(ISIC_2019)\Dataset\BKL\ISIC_0029270.jpg,isic_0029270,2,240226554d98e2e80707f7c8d7ca50bc5b16175ddbc98c2e00394aecaaa84860,5135,3
C:\SRS(ISIC_2019)\Dataset\BKL\ISIC_0029288.jpg,isic_0029288,2,ea3cbd6ce5179cf83c0cc5556c787bbfbf8dff15b6d689f96cb89842611975e4,5136,3
C:\SRS(ISIC_2019)\Dataset\BKL\ISIC_0029289.jpg,isic_0029289,2,3016361bc3f97d7a2164c2123b114ca88dde30ee898deb2edfbb400fa8f4e7f8,5137,3
C:\SRS(ISIC_2019)\Dataset\BKL\ISIC_0029291.jpg,isic_0029291,2,837bb6a87505c4aecae54496e8c7b6b28936a813cf28987f4453941891a42966,5138,3
C:\SRS(ISIC_2019)\Dataset\BKL\ISIC_0029301.jpg,isic_0029301,2,1a10bc720a119acdfdd676e3c1e3c49161dc8e96df9764392e488d2650a0d1db,5139,3
C:\SRS(ISIC_2019)\Dataset\BKL\ISIC_0029329.jpg,isic_0029329,2,8a9f16e54b5b59b2c36b0a68685d44a66983a30dafb3ce5df3a2d4813c7b6d5b,5144,3
C:\SRS(ISIC_2019)\Dataset\BKL\ISIC_0029406.jpg,isic_0029406,2,c1c7f3f14b4cb6e043db5abe8d542a3ee36a259561e3697846c53212e31b050d,5151,3
C:\SRS(ISIC_2019)\Dataset\BKL\ISIC_0029472.jpg,isic_0029472,2,f1e03af3935c81e08c8497b24faf69d8a34dc3e99b3eea8010f0fa9787dba071,5160,3
C:\SRS(ISIC_2019)\Dataset\BKL\ISIC_0029474.jpg,isic_0029474,2,52b25b00bd75cbf67e73211b4cf363ac0fd13c2736147fa18e470447b906d868,5161,3
C:\SRS(ISIC_2019)\Dataset\BKL\ISIC_0029519.jpg,isic_0029519,2,e0b2b059328d9f9fa6837fb8fc499d12844b152ad70485d29850ff9597c7191b,5164,3
C:\SRS(ISIC_2019)\Dataset\BKL\ISIC_0029568.jpg,isic_0029568,2,e4ea13ee0357a61ecc29d1097a236b3feebffb7b66f7e4b9dccc2a8410d1650a,5172,3
C:\SRS(ISIC_2019)\Dataset\BKL\ISIC_0029580.jpg,isic_0029580,2,fee62444f179bd272c311ee018d47f5e2c83d68704f5098fe75ddd494ba53f44,5174,3
C:\SRS(ISIC_2019)\Dataset\BKL\ISIC_0029731.jpg,isic_0029731,2,1865952f119c676bcb646b563c87cfc954935f5410a9e1609d89ecc60f39c395,5190,3
C:\SRS(ISIC_2019)\Dataset\BKL\ISIC_0029776.jpg,isic_0029776,2,62072731c38e9fcb5dd8d2d2882362f1234a93233cbce8dde610a69789f019ce,5194,3
C:\SRS(ISIC_2019)\Dataset\BKL\ISIC_0029810.jpg,isic_0029810,2,205a919e027521a7f1d92560fd297213d170242d913240f3d8fb61d069cc1fd1,5201,3
C:\SRS(ISIC_2019)\Dataset\BKL\ISIC_0029836.jpg,isic_0029836,2,a23e79bce5fca331e040217209f9f1dae75e79a7db06fd6c61817fe42617c0da,5203,3
C:\SRS(ISIC_2019)\Dataset\BKL\ISIC_0029878.jpg,isic_0029878,2,6b6f76f7e6e62a480073fffcb7962467d68370161f478e552a9cba0077563ea3,5208,3
C:\SRS(ISIC_2019)\Dataset\BKL\ISIC_0029897.jpg,isic_0029897,2,5b68cb5a3efe8182644abbb49baaaf9a7b6b7c443dce2526776b2557e8b5ce35,5210,3
C:\SRS(ISIC_2019)\Dataset\BKL\ISIC_0029927.jpg,isic_0029927,2,42f8bfda97449f96c5ef784bf16279836124bc5ab79c2868dd9673779f8dc533,5213,3
C:\SRS(ISIC_2019)\Dataset\BKL\ISIC_0030005.jpg,isic_0030005,2,dc21307d47c8c8ee17b5a8cb9aaa2fc0b211d134fa97aa7c43621fba7ee4d971,5218,3
C:\SRS(ISIC_2019)\Dataset\BKL\ISIC_0030067.jpg,isic_0030067,2,f632e8424004c4827462197864484a800ae60a24c9ae991433097d78b51f1d01,5222,3
C:\SRS(ISIC_2019)\Dataset\BKL\ISIC_0030118.jpg,isic_0030118,2,4d6ecddd996f3b618a3936b5ef91f387f23e6ddb77dbd9c1ee727212ca8eefae,5227,3
C:\SRS(ISIC_2019)\Dataset\BKL\ISIC_0030188.jpg,isic_0030188,2,7973edb883af44f4fea0b2461f55616e838c6bcad7f404ca6c82316fdcdcaa85,5235,3
C:\SRS(ISIC_2019)\Dataset\BKL\ISIC_0030310.jpg,isic_0030310,2,048385c26d7075a6c5156334baf05477d74b3f7772ffd3e9aaabc1071bde6d90,5248,3
C:\SRS(ISIC_2019)\Dataset\BKL\ISIC_0030323.jpg,isic_0030323,2,1441931a24f993cc9d748bef9cea7fb90b0b842dc4abdc36f920ff8ec02784ab,5252,3
C:\SRS(ISIC_2019)\Dataset\BKL\ISIC_0030329.jpg,isic_0030329,2,fffdd3aa04da8bd08c97421af0e7bcfcccabfca9917694660e2a361294364dee,5253,3
C:\SRS(ISIC_2019)\Dataset\BKL\ISIC_0030383.jpg,isic_0030383,2,0ca1f2a33868eb13356c240001aa547e23c55086ec54ffe5064eb13dcc16cbf2,5259,3
C:\SRS(ISIC_2019)\Dataset\BKL\ISIC_0030459.jpg,isic_0030459,2,f0acdcf03dcdfd0b034ce01292bd58767757930400354aee192d79e2b761c562,5264,3
C:\SRS(ISIC_2019)\Dataset\BKL\ISIC_0030488.jpg,isic_0030488,2,0bad03f8a79930acd31baeececf6f00dd5396e82a081e6ad135c10ad38faf499,5266,3
C:\SRS(ISIC_2019)\Dataset\BKL\ISIC_0030533.jpg,isic_0030533,2,1fab51ba28724455d65062fa6f2adfe4afdac918a01e107407018f8de26dfd94,5268,3
C:\SRS(ISIC_2019)\Dataset\BKL\ISIC_0030661.jpg,isic_0030661,2,34a373262092a7fb80f510e411e26b294dd986b70aece26ad0a017c3707d2b74,5279,3
C:\SRS(ISIC_2019)\Dataset\BKL\ISIC_0030705.jpg,isic_0030705,2,0af43a652d89408e98bc99967ae0a23da8e21a909f2b7a4c7e5effd32491bd44,5284,3
C:\SRS(ISIC_2019)\Dataset\BKL\ISIC_0030706.jpg,isic_0030706,2,4e8a088c0f1414008153dea46abc5b6ac8b6e342e304e0c3b5dbea477a5e74a2,5285,3
C:\SRS(ISIC_2019)\Dataset\BKL\ISIC_0030768.jpg,isic_0030768,2,5a97d3a1fa46c6dde5a3528283ae5550ae42c1be80f692846c7c2bcbd566c302,5291,3
C:\SRS(ISIC_2019)\Dataset\BKL\ISIC_0030822.jpg,isic_0030822,2,4bb224a40d4919a91aa6a875cef625ba6300046fa0be891ec1c24e9d9410961c,5297,3
C:\SRS(ISIC_2019)\Dataset\BKL\ISIC_0030998.jpg,isic_0030998,2,52561a47a50325439e2e470ebf1fef602355c58feddf297acb03e4149d964769,5307,3
C:\SRS(ISIC_2019)\Dataset\BKL\ISIC_0031016.jpg,isic_0031016,2,bc62e797b67bf81e63e71de35e0a611c36daca6b3c751dc4f9cac917cad5321d,5310,3
C:\SRS(ISIC_2019)\Dataset\BKL\ISIC_0031029.jpg,isic_0031029,2,1e9b83567910fd12cd5ee8b5e0377de1c029cf9c6a300bd66f3ca56d7efd5689,5313,3
C:\SRS(ISIC_2019)\Dataset\BKL\ISIC_0031159.jpg,isic_0031159,2,83a914c3b0e792d717c3e009693e99cc80fd2c5237eb548f765ef2581fb85bfa,5326,3
C:\SRS(ISIC_2019)\Dataset\BKL\ISIC_0031196.jpg,isic_0031196,2,c359820398e992da22e83bfec504c15c2954e19505eed6149f855401e56bd565,5329,3
C:\SRS(ISIC_2019)\Dataset\BKL\ISIC_0031277.jpg,isic_0031277,2,394b4ac9ab94549cc8ef8eaa6e549cc00648e4db5519e8bd079eb9955574d518,5337,3
C:\SRS(ISIC_2019)\Dataset\BKL\ISIC_0031321.jpg,isic_0031321,2,f632c527eb17e09be2fcb151dbd1ea4f21c4823b8f5adb461ba6c6c250b495e0,5340,3
C:\SRS(ISIC_2019)\Dataset\BKL\ISIC_0031326.jpg,isic_0031326,2,39a294b129a7773204c3f967ac9761d2e0621dfc80be940f9ea112716af15935,5341,3
C:\SRS(ISIC_2019)\Dataset\BKL\ISIC_0031424.jpg,isic_0031424,2,d2eff0bbf1af6fb60d1bc1e31b71ccd76c2cc6e3e81d4e15867c4eefbe831d97,5351,3
C:\SRS(ISIC_2019)\Dataset\BKL\ISIC_0031436.jpg,isic_0031436,2,63bbc07cb074f1c2c8d732d91ff9274d308d0b28915a7e0cb4276c948fe22f21,5353,3
C:\SRS(ISIC_2019)\Dataset\BKL\ISIC_0031495.jpg,isic_0031495,2,ac1cc0bc7e67932c6e9abc8bcdd07fed58a63c36bc69af6844c35252e63d1b91,5360,3
C:\SRS(ISIC_2019)\Dataset\BKL\ISIC_0031519.jpg,isic_0031519,2,7d38505e6a4b5463b471cc95cab560d797e7ede3c0edd6ec68e6d270717532f5,5363,3
C:\SRS(ISIC_2019)\Dataset\BKL\ISIC_0031556.jpg,isic_0031556,2,50d963fe221636f105a79602853d1bec7a01a0e3cbf3cd58eb6f3556e1f22e29,5368,3
C:\SRS(ISIC_2019)\Dataset\BKL\ISIC_0031600.jpg,isic_0031600,2,70f77781c426981f8a68d0a0cfdc77dc890ebba8ca2cedfa0589d58688424052,5375,3
C:\SRS(ISIC_2019)\Dataset\BKL\ISIC_0031601.jpg,isic_0031601,2,f2b07263715bbe5ab9dd45f9fb53e61fea3239e7864ab64f3a58697edbe051c6,5376,3
C:\SRS(ISIC_2019)\Dataset\BKL\ISIC_0031633.jpg,isic_0031633,2,071c256bf414516b5cfb8371aea4f1d23574e4245036af08ea19d23bc6c498cf,5381,3
C:\SRS(ISIC_2019)\Dataset\BKL\ISIC_0031987.jpg,isic_0031987,2,6c18deaa9655ad461334babfa615b737ede7982824c434e8e4b2bdb70215ab9b,5414,3
C:\SRS(ISIC_2019)\Dataset\BKL\ISIC_0032013.jpg,isic_0032013,2,00628ec76b23ecc0c2c077c0f8c2a629c87cb5d5d4c7b625803f065fe3969c21,5417,3
C:\SRS(ISIC_2019)\Dataset\BKL\ISIC_0032024.jpg,isic_0032024,2,41c28f1198e975719ebd7feb41754e177898f88bc863a008ea83685be0faae42,5418,3
C:\SRS(ISIC_2019)\Dataset\BKL\ISIC_0032045.jpg,isic_0032045,2,4b9240bc852ef81e675858b5cb7f2f39038ca03a2e2ca6c3204058504ba9de4b,5422,3
C:\SRS(ISIC_2019)\Dataset\BKL\ISIC_0032156.jpg,isic_0032156,2,0255dd7f80bb85f58fd459faba1f32951a1c54da64c37dc28476c9a137f59513,5434,3
C:\SRS(ISIC_2019)\Dataset\BKL\ISIC_0032215.jpg,isic_0032215,2,1e61c2c1d467cf92c8b3f1cc9a973e5a40e95b8e2f966c0237b29b0c4bf6b0e1,5440,3
C:\SRS(ISIC_2019)\Dataset\BKL\ISIC_0032280.jpg,isic_0032280,2,467ecbb3dd32847b05163d8053363ff12d975add673b8600a9728adef8f9d1d9,5445,3
C:\SRS(ISIC_2019)\Dataset\BKL\ISIC_0032306.jpg,isic_0032306,2,e4044fc39ba16cd916bbb456e6a3cfb5af4a09229157060c2fe49698dc0ce4c9,5449,3
C:\SRS(ISIC_2019)\Dataset\BKL\ISIC_0032365.jpg,isic_0032365,2,b21e80b5cd291c55dbfd4da2cbb6f8fac5f20a2c855651a441c9ad9f43e40803,5458,3
C:\SRS(ISIC_2019)\Dataset\BKL\ISIC_0032417.jpg,isic_0032417,2,43ce2a87159d7f3ca7094585fabf5f32900f7d8add2a0455f177a12819e2a524,5462,3
C:\SRS(ISIC_2019)\Dataset\BKL\ISIC_0032445.jpg,isic_0032445,2,a021084eb2143c2cbac0525af6258d49f7154c20f579ecd15b60713b5365ca88,5463,3
C:\SRS(ISIC_2019)\Dataset\BKL\ISIC_0032534.jpg,isic_0032534,2,585368e338b026045ec0491865921dbbfb9df1cb671b588d9d951132015da3aa,5473,3
C:\SRS(ISIC_2019)\Dataset\BKL\ISIC_0032556.jpg,isic_0032556,2,a0f10e4071ceab23c69a5e6368feb781f048d06e1d4982502e1d62e4e829c01e,5475,3
C:\SRS(ISIC_2019)\Dataset\BKL\ISIC_0032570.jpg,isic_0032570,2,2fe0602bf4174864d0cb25117cdea23bc73d0ca16305dbc45f02510f6c1b7622,5477,3
C:\SRS(ISIC_2019)\Dataset\BKL\ISIC_0032654.jpg,isic_0032654,2,b7fd2b06e382d5300b5dd7e501e45361a8c63de6827bbf4a1ecea0af063f786e,5482,3
C:\SRS(ISIC_2019)\Dataset\BKL\ISIC_0032675.jpg,isic_0032675,2,bf03fb581889eece64ea857333717313727647cfd848a708e55030f7f21c59ad,5485,3
C:\SRS(ISIC_2019)\Dataset\BKL\ISIC_0032827.jpg,isic_0032827,2,28fc76dd650a093a88d556a717df4e25cdd520745fd1099ab2bb83c7f571ff85,5501,3
C:\SRS(ISIC_2019)\Dataset\BKL\ISIC_0032898.jpg,isic_0032898,2,cf726d15ea552260f7aa64d53c6e985bd1556df16e7d3918fcaf402594107bca,5510,3
C:\SRS(ISIC_2019)\Dataset\BKL\ISIC_0032929.jpg,isic_0032929,2,4df51d47030bd67d209c3ffce8f2c7b2e0abfb89d40b2c8c0b37311db7426496,5511,3
C:\SRS(ISIC_2019)\Dataset\BKL\ISIC_0032949.jpg,isic_0032949,2,b496f82645f80e4c6defca4c14a36058a322604b812e5750474e84571438b643,5512,3
C:\SRS(ISIC_2019)\Dataset\BKL\ISIC_0033060.jpg,isic_0033060,2,8ef32ca43af0d9470e96a87ad4260344ffe9a37881f60c2c0b2babdb807b4df0,5522,3
C:\SRS(ISIC_2019)\Dataset\BKL\ISIC_0033199.jpg,isic_0033199,2,b8b1c9df49c6bc156128f9ae5504d38c6a891afabf1cb6c3361d31e7163e18dc,5533,3
C:\SRS(ISIC_2019)\Dataset\BKL\ISIC_0033235.jpg,isic_0033235,2,05336e869f5003bee49b5bab825f94e3fa6038df32431c00dd1d243ab182faba,5537,3
C:\SRS(ISIC_2019)\Dataset\BKL\ISIC_0033260.jpg,isic_0033260,2,c5c8fe7b4a56230b45d524ed29605276893097f1e19e859c65359427e25e61d5,5540,3
C:\SRS(ISIC_2019)\Dataset\BKL\ISIC_0033306.jpg,isic_0033306,2,7c33596df1505e469f5f45f764ca7b81239212236eb3931350962135ba04a9f1,5547,3
C:\SRS(ISIC_2019)\Dataset\BKL\ISIC_0033378.jpg,isic_0033378,2,f9ef035b7bea5182d71a233f9253467c5b5c70368ade89c174c818236ab7a438,5552,3
C:\SRS(ISIC_2019)\Dataset\BKL\ISIC_0033391.jpg,isic_0033391,2,03d61520661ac777f13c802b26666734ca4329137e035d838a322fd884627e0c,5554,3
C:\SRS(ISIC_2019)\Dataset\BKL\ISIC_0033446.jpg,isic_0033446,2,dcef5c47e2934f84f20937752ad15128c0ff8477e42fd38ba931492a4811402b,5562,3
C:\SRS(ISIC_2019)\Dataset\BKL\ISIC_0033466.jpg,isic_0033466,2,e066b9c5508597e7c6ac032cf8ea98163d3bf9d986185e2612adb821b2301fc6,5567,3
C:\SRS(ISIC_2019)\Dataset\BKL\ISIC_0033480.jpg,isic_0033480,2,7bcc433e300e4eb968a78256799774c4b4ff212dcc8d607661bf518a205b3045,5568,3
C:\SRS(ISIC_2019)\Dataset\BKL\ISIC_0033507.jpg,isic_0033507,2,fd5b4a72dc22099e4e492c4cadbf63f1b9166259ac4534509aebaa2df823be75,5575,3
C:\SRS(ISIC_2019)\Dataset\BKL\ISIC_0033582.jpg,isic_0033582,2,01bd5abaacc1a8a5119d67c05807f59b7d2d84ff8f832f21bf7f8460565ea7aa,5585,3
C:\SRS(ISIC_2019)\Dataset\BKL\ISIC_0033606.jpg,isic_0033606,2,0fee67f1501e5658ff002f91779400f2cd157635d6d222bb4fcf9a8807a82f18,5590,3
C:\SRS(ISIC_2019)\Dataset\BKL\ISIC_0033660.jpg,isic_0033660,2,ef801bca21a8315f68214b7754d674d60d54ecd644ef83c0e594b8ec821eced0,5599,3
C:\SRS(ISIC_2019)\Dataset\BKL\ISIC_0033676.jpg,isic_0033676,2,7acb830d2ef77089f0722ac7c67a0e1fe719ce5ab38d43e9d9b3158d10ad18c1,5600,3
C:\SRS(ISIC_2019)\Dataset\BKL\ISIC_0033709.jpg,isic_0033709,2,da369b5084b541762798803e8e273290574ee0dd524cdff31e372b15c43ba9f2,5606,3
C:\SRS(ISIC_2019)\Dataset\BKL\ISIC_0033736.jpg,isic_0033736,2,78ed4c44c1400eab275e3167cec726aa5d8f4c1bd76a86a6a01646971e79f6f3,5610,3
C:\SRS(ISIC_2019)\Dataset\BKL\ISIC_0033761.jpg,isic_0033761,2,e3d7b892a71910dc8604ade389ce9ded210fddb91ad16f03e599435d3536d547,5614,3
C:\SRS(ISIC_2019)\Dataset\BKL\ISIC_0033783.jpg,isic_0033783,2,479282f853077360f0d274b40822772ad6540d59cb25ecdf5a70144cb285933b,5618,3
C:\SRS(ISIC_2019)\Dataset\BKL\ISIC_0033785.jpg,isic_0033785,2,bf085b19b565ccaf47a9ddc43f7c7ae032653ded95a5706e67c6419440cf7de5,5620,3
C:\SRS(ISIC_2019)\Dataset\BKL\ISIC_0033899.jpg,isic_0033899,2,c9424e36bd3b38546c8d00e1013e10d825be09c721379a1e89e0cb3f21e6da4f,5630,3
C:\SRS(ISIC_2019)\Dataset\BKL\ISIC_0033908.jpg,isic_0033908,2,d9cf9092ee821e3555012492a7e5a8d1c4242bad7f4113a295b7076fe511d592,5632,3
C:\SRS(ISIC_2019)\Dataset\BKL\ISIC_0034125.jpg,isic_0034125,2,e2bcb3d3975cd7560057f32027efb67e64559ca738787cd3ce1e08d56bc82eb8,5653,3
C:\SRS(ISIC_2019)\Dataset\BKL\ISIC_0034126.jpg,isic_0034126,2,18f071aff87d5001723619fb4b18544dd1bca6f98466befce20d1f4ef87790cf,5654,3
C:\SRS(ISIC_2019)\Dataset\BKL\ISIC_0053467.jpg,isic_0053467,2,79ea00dde88cb63ea4b954354ef4e48575763daee2e0cf2552ec29fe1ba95ffe,5676,3
C:\SRS(ISIC_2019)\Dataset\BKL\ISIC_0053523.jpg,isic_0053523,2,026ad2ad4e9d35d74f52a1521be8535d815562ae47918a99a987e3ab82bf6d03,5679,3
C:\SRS(ISIC_2019)\Dataset\BKL\ISIC_0053528.jpg,isic_0053528,2,5d4e85096a3ea04ff08e9ece28a7867160ef35675552bfb1f5ec9f0ec53f3dfb,5680,3
C:\SRS(ISIC_2019)\Dataset\BKL\ISIC_0053748.jpg,isic_0053748,2,d20ed1ec17fbcbe396f5ae44cefd3e8b5da3b6a347e57a61a7fedf0c3954ca8d,5689,3
C:\SRS(ISIC_2019)\Dataset\BKL\ISIC_0053750.jpg,isic_0053750,2,c9e79d64897035c70e04d55b81db3470bea77141724f69397fc8dc9ed2478de3,5690,3
C:\SRS(ISIC_2019)\Dataset\BKL\ISIC_0053849.jpg,isic_0053849,2,f87b0aa5ceaee1cbc35d09c119241518fda50770ddaef202ab23ba27ab2f77e1,5694,3
C:\SRS(ISIC_2019)\Dataset\BKL\ISIC_0053930.jpg,isic_0053930,2,7088c0970196f21ce9bfd686ca45fa69bb28d4d7172fead60b726746976da4ab,5698,3
C:\SRS(ISIC_2019)\Dataset\BKL\ISIC_0053932.jpg,isic_0053932,2,a124b0cfa746565cbe1c82499af98c58262c8ebc4766aa612ff7a6dcad3347ed,5699,3
C:\SRS(ISIC_2019)\Dataset\BKL\ISIC_0054047.jpg,isic_0054047,2,4e8e80d3f3b73c4b936e99c154c5adb175aef11ad9be15c9e576264c930ab625,5705,3
C:\SRS(ISIC_2019)\Dataset\BKL\ISIC_0054207.jpg,isic_0054207,2,4d226dffaab5350405a51c85944017de6f5601c956783e3797352225f15f830f,5708,3
C:\SRS(ISIC_2019)\Dataset\BKL\ISIC_0054219.jpg,isic_0054219,2,4e27a466c2dfc8b731edf55ba50b90d2eef5294cfd966b16ed79da107adf7dcb,5709,3
C:\SRS(ISIC_2019)\Dataset\BKL\ISIC_0054237.jpg,isic_0054237,2,74743303ac74e32d38b570402a15032bc55bdb88afa9bc42e2af02d1e5f355dc,5711,3
C:\SRS(ISIC_2019)\Dataset\BKL\ISIC_0054324.jpg,isic_0054324,2,a791dadb7504cdb93b3a40550c2547050bd4a9611391c3f816be69045f7bc35a,5715,3
C:\SRS(ISIC_2019)\Dataset\BKL\ISIC_0054543.jpg,isic_0054543,2,bc6a214e48ef540c1ba84e3bfbc8d0fa459e3a165b28aaff082cc32f6f4407d5,5726,3
C:\SRS(ISIC_2019)\Dataset\BKL\ISIC_0054720.jpg,isic_0054720,2,0896f41e414ba87706de98e8f70d76092876d0f2839982146d8c42b0fb4d18ae,5731,3
C:\SRS(ISIC_2019)\Dataset\BKL\ISIC_0054811.jpg,isic_0054811,2,9b87e231b894bfbec3a605c075b3182c97c3bed69cfa453c430ccad4b5e8f898,5739,3
C:\SRS(ISIC_2019)\Dataset\BKL\ISIC_0054879.jpg,isic_0054879,2,931c592a7a3f6bea51e65d952371a15dc18ea5635562f56cd93a8e8f03732dd8,5743,3
C:\SRS(ISIC_2019)\Dataset\BKL\ISIC_0055036.jpg,isic_0055036,2,d07aac5919e78b777d10dc796b1962f4d83eab444d89224767d8084f5e07a939,5755,3
C:\SRS(ISIC_2019)\Dataset\BKL\ISIC_0055166.jpg,isic_0055166,2,e1b3f7d5e31d46a94c0a7c455ee0e2eb964275e59ff6bb45dec2032e2992018d,5762,3
C:\SRS(ISIC_2019)\Dataset\BKL\ISIC_0055185.jpg,isic_0055185,2,03c262d8d0b7b3ae83d9bf5942285f4e978ad44297e212c06eed0ccd03d0be32,5764,3
C:\SRS(ISIC_2019)\Dataset\BKL\ISIC_0055320.jpg,isic_0055320,2,a3a0199461716a7eabd405ce56d89138fb0469d312634f26a689edab964ef52b,5772,3
C:\SRS(ISIC_2019)\Dataset\BKL\ISIC_0055472.jpg,isic_0055472,2,67ccf005f7387ddbeab88d48fde2ab2d2d019cd772180826070fe80e5e269db7,5779,3
C:\SRS(ISIC_2019)\Dataset\BKL\ISIC_0055537.jpg,isic_0055537,2,e2222740cd011e1eee3ab779cd08c314621b37afa5fbc5b409739f722b4e3222,5782,3
C:\SRS(ISIC_2019)\Dataset\BKL\ISIC_0055557.jpg,isic_0055557,2,3868711943c9ac3f5be8dd12c5c82f33b34dffea533a202fc338c79c96ea5353,5783,3
C:\SRS(ISIC_2019)\Dataset\BKL\ISIC_0055679.jpg,isic_0055679,2,6ec8f1689b99856c92d390f00e0c766c9ef5976e11dd55ef0200bb8bde519555,5791,3
C:\SRS(ISIC_2019)\Dataset\BKL\ISIC_0055755.jpg,isic_0055755,2,2550d45aeeb959a0c3dc07050817ab78e9f9e8020a52414c082cd4879ce2cc23,5793,3
C:\SRS(ISIC_2019)\Dataset\BKL\ISIC_0055795.jpg,isic_0055795,2,1ecf252be6ac0e62fbb24c099f40e5a433b4876b4d55372532177ffb8405f9ff,5794,3
C:\SRS(ISIC_2019)\Dataset\BKL\ISIC_0055894.jpg,isic_0055894,2,d5d4d038f7ee880d41a4b7b474dec3d1edfba4b216c1f869b8098d5f9948a76f,5798,3
C:\SRS(ISIC_2019)\Dataset\BKL\ISIC_0055972.jpg,isic_0055972,2,f92e6d41347a677c3ff5e6b78268660c9ab6eaa78984add849172d3edda8aab6,5801,3
C:\SRS(ISIC_2019)\Dataset\BKL\ISIC_0055986.jpg,isic_0055986,2,10f150c28c5fbd5189ffb6a6836ec055ed1af1f3b120f4ea80a1574efef353d1,5803,3
C:\SRS(ISIC_2019)\Dataset\BKL\ISIC_0056107.jpg,isic_0056107,2,3de59aa07553e82f6f9e097e5679cc8c5b202239b0555288ab407f14ec56492b,5808,3
C:\SRS(ISIC_2019)\Dataset\BKL\ISIC_0056149.jpg,isic_0056149,2,b42e6c9d83b21e81a82e72de1fa76b083894e7c06108db25005532972cc99718,5810,3
C:\SRS(ISIC_2019)\Dataset\BKL\ISIC_0056818.jpg,isic_0056818,2,c00297a41598cb4b16725f436bf5e0b1b6a2aab22b0ba73315b1febdb7d553a5,5854,3
C:\SRS(ISIC_2019)\Dataset\BKL\ISIC_0056906.jpg,isic_0056906,2,69266bf65ef4d54ffcbc91435b009a6242ffd7d34326df29b2ac5dfc82d38ead,5860,3
C:\SRS(ISIC_2019)\Dataset\BKL\ISIC_0057063.jpg,isic_0057063,2,fe004b399a2f1d7093630fcb699b68b509f4d63cc1629ad77d89e3912c730d92,5866,3
C:\SRS(ISIC_2019)\Dataset\BKL\ISIC_0057085.jpg,isic_0057085,2,bf79d85a3978bf8216c564a781f2ec637bb5f4c1effbe78621d8a4c07536be88,5869,3
C:\SRS(ISIC_2019)\Dataset\BKL\ISIC_0057098.jpg,isic_0057098,2,7296a3dae8f72916107e569713ad388073c4d1c42708a41be149d630fc87b283,5870,3
C:\SRS(ISIC_2019)\Dataset\BKL\ISIC_0057250.jpg,isic_0057250,2,7990ac7057c887bdf59afdab3f3f39c3633e43ecf3da86dcc282a32f7bbe6dc9,5877,3
C:\SRS(ISIC_2019)\Dataset\BKL\ISIC_0057289.jpg,isic_0057289,2,78b73493bac66e5897408b651d2845c6094cfc43cb752f11f9334087c4699b8a,5879,3
C:\SRS(ISIC_2019)\Dataset\BKL\ISIC_0057298.jpg,isic_0057298,2,8a852fdbf558aa6e28a6f62c5ece7fede39b24737666c0d0e3bda703ac7c3c1f,5882,3
C:\SRS(ISIC_2019)\Dataset\BKL\ISIC_0057329.jpg,isic_0057329,2,bfcc671c4a35897ec69c38f00516862a10d7137964f8558c560ba51bfd8b5471,5884,3
C:\SRS(ISIC_2019)\Dataset\BKL\ISIC_0057348.jpg,isic_0057348,2,6d49c10301330785b7a1701f6e4b3fb2b76d3f8259c5161ca5d5f2ebd32fa720,5886,3
C:\SRS(ISIC_2019)\Dataset\BKL\ISIC_0057446.jpg,isic_0057446,2,a2914120d4a2d423fc4087681821613140b43025ffa4988ffaf4cb30310e1d92,5888,3
C:\SRS(ISIC_2019)\Dataset\BKL\ISIC_0057636.jpg,isic_0057636,2,072ef09e2b9c8a0ac59416d1d5f59593b0dd0b5a99e979565db57ce975a9c7cb,5897,3
C:\SRS(ISIC_2019)\Dataset\BKL\ISIC_0057698.jpg,isic_0057698,2,fda6f6082ee6930bed6f203490b2bc158eed3c9889a9be0873bc374a4de3cfc8,5900,3
C:\SRS(ISIC_2019)\Dataset\BKL\ISIC_0057758.jpg,isic_0057758,2,661c7f7ff1188c7e936aae9d53ce5c671ad50a57d77c4505514a1fef5afaa433,5903,3
C:\SRS(ISIC_2019)\Dataset\BKL\ISIC_0057798.jpg,isic_0057798,2,58ebc90e8c803edda32e3331e7deac5a5eaf4f453d6dad562e7b95471b4d7bb6,5905,3
C:\SRS(ISIC_2019)\Dataset\BKL\ISIC_0058056.jpg,isic_0058056,2,1f449de62ea5093e020db94ae0db9ad2d0405902f0a958f43babdd88321ce529,5918,3
C:\SRS(ISIC_2019)\Dataset\BKL\ISIC_0058212.jpg,isic_0058212,2,8f6f4d2b84ff1b8a758d128b2182a8bc551f270739e90088969e14b0707ef9ba,5928,3
C:\SRS(ISIC_2019)\Dataset\BKL\ISIC_0058261.jpg,isic_0058261,2,58826c0354e82765b06176c51aa7cafaf1dccaf4f6140d748bc8a6220f414f30,5931,3
C:\SRS(ISIC_2019)\Dataset\BKL\ISIC_0058265.jpg,isic_0058265,2,7e69d398d2f88eb8fadfef80b0389e3e4bf210a32e51647def4abdd88d4afc41,5932,3
C:\SRS(ISIC_2019)\Dataset\BKL\ISIC_0058276.jpg,isic_0058276,2,a0adb0b555984d6bf6c96569deb9a40bced3240aa6e3d97ec25087463af36490,5934,3
C:\SRS(ISIC_2019)\Dataset\BKL\ISIC_0058558.jpg,isic_0058558,2,858ca2f11aef1a7116341076602e6bd13b0d9e08df5330b334e120ed4a3436d1,5953,3
C:\SRS(ISIC_2019)\Dataset\BKL\ISIC_0058778.jpg,isic_0058778,2,00e2621477ed9cd5a5a6317bc43e33406ff708e343eb39cc5c20cb41a43a3e7e,5960,3
C:\SRS(ISIC_2019)\Dataset\BKL\ISIC_0058990.jpg,isic_0058990,2,150f57868a4d3abd8c3c1eea6e14689ff6badae45fcd4b7f70ec38973c8e9e08,5977,3
C:\SRS(ISIC_2019)\Dataset\BKL\ISIC_0059035.jpg,isic_0059035,2,8f62d97fda1e10433f89c0d810758d7b06331f4108a7bfa3de36c28138532ab4,5980,3
C:\SRS(ISIC_2019)\Dataset\BKL\ISIC_0059053.jpg,isic_0059053,2,51f974346b37470691648455a6572b71e5c012867d413f54771011b863f92e4f,5982,3
C:\SRS(ISIC_2019)\Dataset\BKL\ISIC_0059088.jpg,isic_0059088,2,a5e16abf2edb33c031fa0bb6dde99a97d83b6584cb3f24851e2665cd180119e7,5985,3
C:\SRS(ISIC_2019)\Dataset\BKL\ISIC_0059109.jpg,isic_0059109,2,dea4a7216789147238b6da734818d5927e04b8e6dc3f49d981b005276fe29a9f,5986,3
C:\SRS(ISIC_2019)\Dataset\BKL\ISIC_0059186.jpg,isic_0059186,2,15824cc8a00dbcf4a881d3bde86e59474f341c3516eceb71c85c7d5130a9769f,5990,3
C:\SRS(ISIC_2019)\Dataset\BKL\ISIC_0059535.jpg,isic_0059535,2,f90c10d770592e7bbb7f8cced5aa566f8d15286f6aa897907fc3590e30a96260,6005,3
C:\SRS(ISIC_2019)\Dataset\BKL\ISIC_0059598.jpg,isic_0059598,2,146f100301c4f2cc2e1d6e676f074953fe2c283a0d8b9502ce83c25f7640ab62,6009,3
C:\SRS(ISIC_2019)\Dataset\BKL\ISIC_0059620.jpg,isic_0059620,2,73f2fa2d526f5af736b2e60d3aa10929e170d0154911a1a9e1e611aea4650d8a,6012,3
C:\SRS(ISIC_2019)\Dataset\BKL\ISIC_0059970.jpg,isic_0059970,2,fd794d8e5ff80c61726bdc24732796fbce3e39b7a2dc0a702000bbb657ed89f9,6030,3
C:\SRS(ISIC_2019)\Dataset\BKL\ISIC_0059972.jpg,isic_0059972,2,0be95c357b9a07bd604e25673dddf9fd8ff8009c21280532ba4694642a0e8cff,6031,3
C:\SRS(ISIC_2019)\Dataset\BKL\ISIC_0059975.jpg,isic_0059975,2,df0dec16c09c3d529bd2a1c7c44edf7c0522040572e37aec5da6a69a2227e885,6032,3
C:\SRS(ISIC_2019)\Dataset\BKL\ISIC_0060105.jpg,isic_0060105,2,d204be9f4815a3995b14fb4eab1b023678baefd0d29da30ad2bf4df9e7e085fe,6035,3
C:\SRS(ISIC_2019)\Dataset\BKL\ISIC_0060173.jpg,isic_0060173,2,08c46dbf5fd9f84647f7e68e75958a969d4a6dc279ab34414bc5812a411d4e59,6037,3
C:\SRS(ISIC_2019)\Dataset\BKL\ISIC_0060411.jpg,isic_0060411,2,6d75810cdc00b616e1785a82ee45ac25e2d78e75f356c4bd598df3c7f05f6fe0,6050,3
C:\SRS(ISIC_2019)\Dataset\BKL\ISIC_0060479.jpg,isic_0060479,2,7342698ca94591506a3cf4200b043c31671ca65ce25d973aa0828ce79a08be9d,6054,3
C:\SRS(ISIC_2019)\Dataset\BKL\ISIC_0060579.jpg,isic_0060579,2,60aafbf2f5f431a6b5527fcf5a16f3fe6a9deae8995a6e33e4953974829b1758,6063,3
C:\SRS(ISIC_2019)\Dataset\BKL\ISIC_0060606.jpg,isic_0060606,2,47aa7dd36c4390745f3c9ba39f9270dc6d5fe9d38bab1ef791b8f15151bda456,6166,3
C:\SRS(ISIC_2019)\Dataset\BKL\ISIC_0060620.jpg,isic_0060620,2,2a14bc18f5d589ec9130b1a782a6d25128792c3994f0aec899c6d24e5c973197,6067,3
C:\SRS(ISIC_2019)\Dataset\BKL\ISIC_0060813.jpg,isic_0060813,2,0d6694f9caa1671c9b53f82b9c3e494c140fef761f858f5d57fbbb1784e12996,6078,3
C:\SRS(ISIC_2019)\Dataset\BKL\ISIC_0061114.jpg,isic_0061114,2,e3fcef6393775e195438362016da908423157080bd533b60ee8d2ef64640a18a,6099,3
C:\SRS(ISIC_2019)\Dataset\BKL\ISIC_0061287.jpg,isic_0061287,2,5c62167079ec456b2c81ebae2e99fb045b559d6f66ef4f1cf96bc4996024c625,6108,3
C:\SRS(ISIC_2019)\Dataset\BKL\ISIC_0061338.jpg,isic_0061338,2,45fd098cb2dfd434fdb299b2ab3f60b7e5c65c6be088a4e6e664abf302757d84,6111,3
C:\SRS(ISIC_2019)\Dataset\BKL\ISIC_0061391.jpg,isic_0061391,2,4301193ea647cdfdcc716d682140e908661757963771f5e47e32e3b17ed49e7e,6553,3
C:\SRS(ISIC_2019)\Dataset\BKL\ISIC_0061503.jpg,isic_0061503,2,4e874abf5fda9a2800956f329199f31593fcaff3f26ef99d32e4e502b37f6691,6120,3
C:\SRS(ISIC_2019)\Dataset\BKL\ISIC_0061536.jpg,isic_0061536,2,f3ea980544b45a6646ab6e6239d0163db10431c00a6333761bd1ada4ceb897a7,6123,3
C:\SRS(ISIC_2019)\Dataset\BKL\ISIC_0061698.jpg,isic_0061698,2,eb02176126902d97242a1d518a055945ae95642d504ce31188d95053054b368a,6135,3
C:\SRS(ISIC_2019)\Dataset\BKL\ISIC_0061725.jpg,isic_0061725,2,5351e989cb0d7be0f7d53fe760f69cf8ebd43e4146266ec689bafb93d9f0f66f,6138,3
C:\SRS(ISIC_2019)\Dataset\BKL\ISIC_0061752.jpg,isic_0061752,2,8b0c14a17dfbb372a542b8131f38de10e777fde363c8a34167ca6a078ba5e8bd,6140,3
C:\SRS(ISIC_2019)\Dataset\BKL\ISIC_0061980.jpg,isic_0061980,2,f26719bab013f26e2c04af55e077f35ff6e83f00e3e1e900d562888b10d37d5f,6156,3
C:\SRS(ISIC_2019)\Dataset\BKL\ISIC_0062094.jpg,isic_0062094,2,47aa7dd36c4390745f3c9ba39f9270dc6d5fe9d38bab1ef791b8f15151bda456,6166,3
C:\SRS(ISIC_2019)\Dataset\BKL\ISIC_0062146.jpg,isic_0062146,2,46707af35781b54e5eab1299e8b55c70ede4c24e4973c76445c8156574295a1c,6171,3
C:\SRS(ISIC_2019)\Dataset\BKL\ISIC_0062148.jpg,isic_0062148,2,7ac2f68f180145f576dc3fbb2361985a84426c8c88bd6c0fac4a3f3ee76cb021,6172,3
C:\SRS(ISIC_2019)\Dataset\BKL\ISIC_0062247.jpg,isic_0062247,2,0e057d2f59b7f2e7085962495cff4770592dc5268391559230dabb483cfa9ffc,6176,3
C:\SRS(ISIC_2019)\Dataset\BKL\ISIC_0062309.jpg,isic_0062309,2,1496a5ddd99660051afb7d1b2ed00877b79590c7b2c0c09525e7fe29c0cd414a,6180,3
C:\SRS(ISIC_2019)\Dataset\BKL\ISIC_0062361.jpg,isic_0062361,2,95ffdf6205e98bdba4d1a783c3c9951b9b46b6eb0afdd16b5f0a65c6f1a73001,6609,3
C:\SRS(ISIC_2019)\Dataset\BKL\ISIC_0062363.jpg,isic_0062363,2,3d82d3c40b013cc426d5a5febbc4aba61582737fe443291d85287845e13347a1,6182,3
C:\SRS(ISIC_2019)\Dataset\BKL\ISIC_0062555.jpg,isic_0062555,2,47849debc86a24a26db0ffb81de123159654aff1b02f87201259789a48a007ec,6192,3
C:\SRS(ISIC_2019)\Dataset\BKL\ISIC_0062566.jpg,isic_0062566,2,1db888ed895ed9c33b208bab5b559e3424cf7ef62ce3dc87efb262d0c0a66024,6194,3
C:\SRS(ISIC_2019)\Dataset\BKL\ISIC_0062590.jpg,isic_0062590,2,5947151d356b74a413cf568397f000a64ed3eb3a523b6e0a99c326f391acb751,6199,3
C:\SRS(ISIC_2019)\Dataset\BKL\ISIC_0062658.jpg,isic_0062658,2,1aaa2b9c16aa42792a7976ea644e4b8d9ceac7b53c681b19c7dc2cf79d33e8ef,6201,3
C:\SRS(ISIC_2019)\Dataset\BKL\ISIC_0062835.jpg,isic_0062835,2,6d38909da093cbc02bef3a01a672c834695140191115a4800d98c6539fd600e9,6213,3
C:\SRS(ISIC_2019)\Dataset\BKL\ISIC_0062884.jpg,isic_0062884,2,33c5e64c036d818cba0d43b110d85e5da2e1436c08b087ce2f0492f6354380d5,6214,3
C:\SRS(ISIC_2019)\Dataset\BKL\ISIC_0063006.jpg,isic_0063006,2,f46929976a76b0681a9a2ad22587a5f7fcb81b4ca37b45323c8904e445f4bd02,6221,3
C:\SRS(ISIC_2019)\Dataset\BKL\ISIC_0063014.jpg,isic_0063014,2,1385b4053c8d34f0e7336e37ba3d7cfbf3b9cf4b98ccd37193817eaa489b77de,6222,3
C:\SRS(ISIC_2019)\Dataset\BKL\ISIC_0063042.jpg,isic_0063042,2,673b0fcb79919d6ebe9371d7b54da2dcdf75a12504992add57eb71f1087ed7db,6223,3
C:\SRS(ISIC_2019)\Dataset\BKL\ISIC_0063076.jpg,isic_0063076,2,23280480b74bbecc42c8e665654e2512b2bd948527926eac5196d8874760c739,6225,3
C:\SRS(ISIC_2019)\Dataset\BKL\ISIC_0063105.jpg,isic_0063105,2,560fa6f2b45261c7593a0590fb8533380d351cf9acfa17cf8752389f5f915156,6226,3
C:\SRS(ISIC_2019)\Dataset\BKL\ISIC_0063134.jpg,isic_0063134,2,e8497e7db5ef91a3bdea3cc2d6e2ee107f46d60b184e4feeedcae1592089c7bf,6228,3
C:\SRS(ISIC_2019)\Dataset\BKL\ISIC_0063213.jpg,isic_0063213,2,9befbc7bc3adfdd2e90a6022aac46d6bcd6507476174b2086e44e92afd23f284,6234,3
C:\SRS(ISIC_2019)\Dataset\BKL\ISIC_0063237.jpg,isic_0063237,2,4bb2aaab89521b6539ffe335ba938bf920de7f607ee406bd6463dc7ebb939228,6235,3
C:\SRS(ISIC_2019)\Dataset\BKL\ISIC_0063355.jpg,isic_0063355,2,5f167c2fc137775c4bd4d67387735fe7e2dfcfb1671b7c0a02c8fe8cb965ff1a,6240,3
C:\SRS(ISIC_2019)\Dataset\BKL\ISIC_0063371.jpg,isic_0063371,2,67d93e97157395be1daaad983e695bba2f32ee5d887de5437d7d1c4d1c3d058f,6242,3
C:\SRS(ISIC_2019)\Dataset\BKL\ISIC_0063571.jpg,isic_0063571,2,9f6cff3b95d8aaf9f1ac289cb127c924dd0abb6c354a5c962e7d2a8bb6289368,6250,3
C:\SRS(ISIC_2019)\Dataset\BKL\ISIC_0063698.jpg,isic_0063698,2,f33fef5f7a2f34b12540816f3d13382bed59f84c69c9813ead53d829ac4cd076,6253,3
C:\SRS(ISIC_2019)\Dataset\BKL\ISIC_0063734.jpg,isic_0063734,2,614ab0314ec7fa0bd55d988b0aca2d89c0ee680e56c18dea8a649075073e501c,6258,3
C:\SRS(ISIC_2019)\Dataset\BKL\ISIC_0063763.jpg,isic_0063763,2,59f7c858e5c242c384210b33a3978dbd00cad21c051bdfb69c58ff8833efbc1a,6263,3
C:\SRS(ISIC_2019)\Dataset\BKL\ISIC_0063799.jpg,isic_0063799,2,8477d21aa9002683ddc38b2e33703c9c0f3a102c26e20829a838a4ac5c22a9fc,6265,3
C:\SRS(ISIC_2019)\Dataset\BKL\ISIC_0063818.jpg,isic_0063818,2,6c5c039763f436db676f7ab6f9c4492c1ce69b676e07b21e1314560d3e3d5e7d,6268,3
C:\SRS(ISIC_2019)\Dataset\BKL\ISIC_0063849.jpg,isic_0063849,2,eb1b8262ce4506c84cd0da94a751186bc3eb18997263c32f07e6e81822ea1599,6270,3
C:\SRS(ISIC_2019)\Dataset\BKL\ISIC_0063868.jpg,isic_0063868,2,6c2498cb3bfc3c9da1d341299f772a219dfe94b2d111661301a90aa6b375c64e,6271,3
C:\SRS(ISIC_2019)\Dataset\BKL\ISIC_0064025.jpg,isic_0064025,2,b9c67ce0fa7e20e4b5b8c8c6d69206719c9b62c0053c01e5ba2e5dd52574db53,6276,3
C:\SRS(ISIC_2019)\Dataset\BKL\ISIC_0064137.jpg,isic_0064137,2,7f0c5c03ac361d9b045f776a9f380677a21a26a75d881f20fb36b998b15fcbb5,6281,3
C:\SRS(ISIC_2019)\Dataset\BKL\ISIC_0064445.jpg,isic_0064445,2,9ee3495ec9604692c6f7471e750f31c22d0e4643d1c323475848490843560214,6293,3
C:\SRS(ISIC_2019)\Dataset\BKL\ISIC_0064529.jpg,isic_0064529,2,5903d296153dc5beb2508f4df387d6be01777b167a4228e6e050bee5ca2a785b,6300,3
C:\SRS(ISIC_2019)\Dataset\BKL\ISIC_0064695.jpg,isic_0064695,2,66b66b045215e4e4a521524bfe10a1a0e3ad99f65d6bffa69836820d55166481,6307,3
C:\SRS(ISIC_2019)\Dataset\BKL\ISIC_0064787.jpg,isic_0064787,2,fc10dab5e16344a41d8be2c7ec76b5f6002803006596a1d14336568148be8c26,6316,3
C:\SRS(ISIC_2019)\Dataset\BKL\ISIC_0064817.jpg,isic_0064817,2,6d38ad29bc3f68b5592555a6b5114d144f5c74dd8f08f87dc334dde8eaba77bf,6320,3
C:\SRS(ISIC_2019)\Dataset\BKL\ISIC_0064900.jpg,isic_0064900,2,651bb1bb76ea69e92f330f112a7b201755203c1e62638e092341935a10521378,6324,3
C:\SRS(ISIC_2019)\Dataset\BKL\ISIC_0064942.jpg,isic_0064942,2,f6e571a935e91f36df334f84b918d4fd4b5bd199ddabfee622e62b9dfe5366ca,6327,3
C:\SRS(ISIC_2019)\Dataset\BKL\ISIC_0065011.jpg,isic_0065011,2,01aedbafd085097f8ae137ec812ac4eef0e263fd324321d674ff1ef6a2426de6,6330,3
C:\SRS(ISIC_2019)\Dataset\BKL\ISIC_0065211.jpg,isic_0065211,2,678c1a39ad2524dd3aaa57453662653ab5640375a6e05e7e58c28fb5174bd2a4,6337,3
C:\SRS(ISIC_2019)\Dataset\BKL\ISIC_0065232.jpg,isic_0065232,2,09c0bf0602b46c0194b40d402882832592bf20b80fd7ae1d81e0c2d39b1b291e,6338,3
C:\SRS(ISIC_2019)\Dataset\BKL\ISIC_0065300.jpg,isic_0065300,2,f7adb8008ce9e5108aa826a3a80b997ecc5424eb48a6769e32f436260c165316,6341,3
C:\SRS(ISIC_2019)\Dataset\BKL\ISIC_0065335.jpg,isic_0065335,2,480804ab38f6cd787dbdfdddb7a3fa9331b3f0a818c79b9ccb5cd62c49b7a0d8,6344,3
C:\SRS(ISIC_2019)\Dataset\BKL\ISIC_0065399.jpg,isic_0065399,2,7d5f9168e1832e12c22c3f5bc0e0ed6a7238468b10a25e874b9c2ea4d00eb8be,6351,3
C:\SRS(ISIC_2019)\Dataset\BKL\ISIC_0065701.jpg,isic_0065701,2,0d7ef82a9ef328fddbb2e0587df369b7091a4931bd5a0a5ceef0bd6b41c62c61,6366,3
C:\SRS(ISIC_2019)\Dataset\BKL\ISIC_0065764.jpg,isic_0065764,2,60fbc024d9ea6b1ac31750fe828d25483234953071e37e6004accfa7468201b4,6370,3
C:\SRS(ISIC_2019)\Dataset\BKL\ISIC_0065935.jpg,isic_0065935,2,8c41ed3a6d41ab37da3675ed94aa46dc651bb8248c02747e7fd5dc4ec5ab0fbc,6385,3
C:\SRS(ISIC_2019)\Dataset\BKL\ISIC_0065964.jpg,isic_0065964,2,8dbfd11e939f85c873faea73f29d8aa296319a25dbd8c3252c696b0f7cac610d,6387,3
C:\SRS(ISIC_2019)\Dataset\BKL\ISIC_0065993.jpg,isic_0065993,2,74cc8e5ed53a276334fb28ac08b8b81463e684c2fe3afc5a8034f198b9b6b8b6,6389,3
C:\SRS(ISIC_2019)\Dataset\BKL\ISIC_0066046.jpg,isic_0066046,2,3961c780bb052fa3d3e11090c9a7e427bcdf66eccc2efc09431a1dc709c0a671,6393,3
C:\SRS(ISIC_2019)\Dataset\BKL\ISIC_0066138.jpg,isic_0066138,2,0a8fa5e45983eb9cb99d9d0f39ce8006ce8d06ddfe2c723a424e4fbfd310a1fb,6400,3
C:\SRS(ISIC_2019)\Dataset\BKL\ISIC_0066178.jpg,isic_0066178,2,2c29577800fcdf514d2208fbe8700b8eba5e615f357e0508466646dd276a70ef,6402,3
C:\SRS(ISIC_2019)\Dataset\BKL\ISIC_0066258.jpg,isic_0066258,2,9b644e549cf31354caa33f7aad254dae37623e1dac75c383f0aa8f77be02a262,6406,3
C:\SRS(ISIC_2019)\Dataset\BKL\ISIC_0066522.jpg,isic_0066522,2,5a5abef51583598957250ca792b9310c3927e6c2677ec29b0f802c612e03401c,6417,3
C:\SRS(ISIC_2019)\Dataset\BKL\ISIC_0066735.jpg,isic_0066735,2,02af6d1b76603d14f8125450a828c00df4192fb813b15945bafd4753d803c465,6431,3
C:\SRS(ISIC_2019)\Dataset\BKL\ISIC_0066737.jpg,isic_0066737,2,fef247e55bc270d0f1ec65e6246d96c4f0f42db238091068b9ab48f231b9d6bc,6432,3
C:\SRS(ISIC_2019)\Dataset\BKL\ISIC_0066989.jpg,isic_0066989,2,5266e98c1368c0a9d2b692effd898ffc660a313d6522d19bd0e337344fb9de17,6449,3
C:\SRS(ISIC_2019)\Dataset\BKL\ISIC_0067283.jpg,isic_0067283,2,0c783491c37d5a7db6f416c6b2f63fc3cff005172bd411307bfb67814373438d,6462,3
C:\SRS(ISIC_2019)\Dataset\BKL\ISIC_0067411.jpg,isic_0067411,2,7fc2d3b6087a5db8b9657efadb84126d735ab9553952346f5b151d1b3b705e26,6464,3
C:\SRS(ISIC_2019)\Dataset\BKL\ISIC_0067584.jpg,isic_0067584,2,98655f954ae626f0440812ef352e9a7757042e93064bb1194ce64b5864622f51,6474,3
C:\SRS(ISIC_2019)\Dataset\BKL\ISIC_0067620.jpg,isic_0067620,2,be7a94ff193fe736de2272fdaf9b7835984fa446c89f7b9631f9eb68879bcdae,6480,3
C:\SRS(ISIC_2019)\Dataset\BKL\ISIC_0067739.jpg,isic_0067739,2,c4c0722b362eef83719d370b64daeccdc4af5b97f613669ca700a76133a43e52,6489,3
C:\SRS(ISIC_2019)\Dataset\BKL\ISIC_0067882.jpg,isic_0067882,2,b1e03644ce4d0569e243254a509bdbd3c8b4d8709844f63528c58b540f9d46ff,6493,3
C:\SRS(ISIC_2019)\Dataset\BKL\ISIC_0068040.jpg,isic_0068040,2,1a8b2f4f5f10b4007f4087af30e382b49c03572e7ea9b149416be658c7020b39,6498,3
C:\SRS(ISIC_2019)\Dataset\BKL\ISIC_0068063.jpg,isic_0068063,2,a8969a33c7a05fa8232da7eb69bd64e60adab95b57dc2df99abdefb1f15470f5,6500,3
C:\SRS(ISIC_2019)\Dataset\BKL\ISIC_0068226.jpg,isic_0068226,2,c4d5e276865813cb9f4a989b734a6cef8550d59c2a1482b392c02415c8a8e7ec,6508,3
C:\SRS(ISIC_2019)\Dataset\BKL\ISIC_0068284.jpg,isic_0068284,2,c643c697e42199d434e8ba788bb03d5e90a7e7d168c02c93986ce0728c283b58,6512,3
C:\SRS(ISIC_2019)\Dataset\BKL\ISIC_0068479.jpg,isic_0068479,2,6dd71f127c5bc419d8111399072c1e7fa3b9ef257b5f969221cf57742cb614ea,6524,3
C:\SRS(ISIC_2019)\Dataset\BKL\ISIC_0068575.jpg,isic_0068575,2,f68a86741dfe688de8e4391ecb07d52897866645334c4114bf7d75d15dd1686e,6529,3
C:\SRS(ISIC_2019)\Dataset\BKL\ISIC_0068596.jpg,isic_0068596,2,d0c58d799206818762aa7445c4946635890648d00645cf08aa10c9d3b6aee082,6531,3
C:\SRS(ISIC_2019)\Dataset\BKL\ISIC_0068794.jpg,isic_0068794,2,f26267141c49b6c5edbe20dac3b4b075754d3daeaa5c37823fe7f47df4dfad7a,6538,3
C:\SRS(ISIC_2019)\Dataset\BKL\ISIC_0069015.jpg,isic_0069015,2,805aeb16a7993b67c5e57b37c36892f09b484a61d1f7a265f0f94344e77c4647,6545,3
C:\SRS(ISIC_2019)\Dataset\BKL\ISIC_0069118.jpg,isic_0069118,2,4301193ea647cdfdcc716d682140e908661757963771f5e47e32e3b17ed49e7e,6553,3
C:\SRS(ISIC_2019)\Dataset\BKL\ISIC_0069162.jpg,isic_0069162,2,2fb62a2fc2c787f42bf054f7748de343b0d02ac35972b2b604e3a3620bcfaf99,6558,3
C:\SRS(ISIC_2019)\Dataset\BKL\ISIC_0069316.jpg,isic_0069316,2,bd5df5fd9e590fc82599da09d3cc54ea318977fa8a2e2a4e6b5c977ba8518332,6571,3
C:\SRS(ISIC_2019)\Dataset\BKL\ISIC_0069354.jpg,isic_0069354,2,b11b46b89ea1a90d56cec5d25329dc5bd045f2f76d81c5fbc5f9f5443e0e6576,6575,3
C:\SRS(ISIC_2019)\Dataset\BKL\ISIC_0069425.jpg,isic_0069425,2,148d51ae5ee20709c2c0b5d307135ba0959174270a6568ef018bb83be689a0ef,6579,3
C:\SRS(ISIC_2019)\Dataset\BKL\ISIC_0069472.jpg,isic_0069472,2,fb3db97d0ec82fb4c15c5e2e279d7f3dda1ced2540021001fdb3049535d1fc5e,6582,3
C:\SRS(ISIC_2019)\Dataset\BKL\ISIC_0069585.jpg,isic_0069585,2,5a2dc8830495e4c1f8cb19434c6ac6abf18db0da69a3efb582a9ccec605252c8,6588,3
C:\SRS(ISIC_2019)\Dataset\BKL\ISIC_0069758.jpg,isic_0069758,2,8feb21b5cc9ad14b3c7ffad4f4c7dcfeec181020c30146a386a80e6251e28161,6602,3
C:\SRS(ISIC_2019)\Dataset\BKL\ISIC_0069790.jpg,isic_0069790,2,de54e443f9118c765c95709ae53a15159bce9495caa8596d5f4dd7f7eb3ee959,6605,3
C:\SRS(ISIC_2019)\Dataset\BKL\ISIC_0069849.jpg,isic_0069849,2,95ffdf6205e98bdba4d1a783c3c9951b9b46b6eb0afdd16b5f0a65c6f1a73001,6609,3
C:\SRS(ISIC_2019)\Dataset\BKL\ISIC_0069879.jpg,isic_0069879,2,cffd952d78644215b147cae6e37c1c067f745d4739ff81ccca05e797324dbf6a,6614,3
C:\SRS(ISIC_2019)\Dataset\BKL\ISIC_0070040.jpg,isic_0070040,2,7e693f2c8c9a61f30c2b5eaf279c76cd025f65efa6e26c515ef64334612eaa9c,6621,3
C:\SRS(ISIC_2019)\Dataset\BKL\ISIC_0070176.jpg,isic_0070176,2,0c7b3d25a6bc0a2a819f8d82d0ae696d4201c327d9cd4a784536fda78c2623f2,6626,3
C:\SRS(ISIC_2019)\Dataset\BKL\ISIC_0070272.jpg,isic_0070272,2,712a0be0ecf97cd3aacaf443a40f835f79b042225313f9263b954868081f6fde,6634,3
C:\SRS(ISIC_2019)\Dataset\BKL\ISIC_0070503.jpg,isic_0070503,2,5b9e8a2fa2e4750d7833e4a1b713b14277860de642c3e3817c980c1068cb7d81,6644,3
C:\SRS(ISIC_2019)\Dataset\BKL\ISIC_0070592.jpg,isic_0070592,2,97e0793ab86d08471682cb1b8dca4a417d1fc1ea35bfe8960f067cb03b74cfc3,6651,3
C:\SRS(ISIC_2019)\Dataset\BKL\ISIC_0070688.jpg,isic_0070688,2,04016377845fd2e844b4642634678ecba9186e2c4a1398e62dcd8fe60958e3e8,6659,3
C:\SRS(ISIC_2019)\Dataset\BKL\ISIC_0070954.jpg,isic_0070954,2,f5a8acb2767bca7d0589db34684ab7553561ec16129358c402e620aa974149eb,6672,3
C:\SRS(ISIC_2019)\Dataset\BKL\ISIC_0071166.jpg,isic_0071166,2,48907cc94ca13100e543c8c66c6ad94a25725dd110b00c7abebaaf2cd18dc422,6689,3
C:\SRS(ISIC_2019)\Dataset\BKL\ISIC_0071211.jpg,isic_0071211,2,36af89c68f18369714c293e7d7607b9cf1edc15e7fdda4c72e4764061a20877b,6691,3
C:\SRS(ISIC_2019)\Dataset\BKL\ISIC_0071329.jpg,isic_0071329,2,b057ea851ce3bc47fb7286d4292a81ba6956846902d70c3aa0e8c6c2eb5b8162,6700,3
C:\SRS(ISIC_2019)\Dataset\BKL\ISIC_0071344.jpg,isic_0071344,2,33a059f54ee8afd2c226dd63ae7f0491a63b1991a87f4de554dce65cd1de89ad,6701,3
C:\SRS(ISIC_2019)\Dataset\BKL\ISIC_0071380.jpg,isic_0071380,2,eb0ec25921753a0be246e2723d707e330ea72154947323ddc2b39af9cd9721d6,6704,3
C:\SRS(ISIC_2019)\Dataset\BKL\ISIC_0071399.jpg,isic_0071399,2,189dab26ebe524c3ece6adf06f2d2266317ae7141133b93554145cf5c3834815,6705,3
C:\SRS(ISIC_2019)\Dataset\BKL\ISIC_0071427.jpg,isic_0071427,2,68bcb267090b98b0f6342ba07953b1e67ad7ca5c26f9038f00e4bde352c361b5,6708,3
C:\SRS(ISIC_2019)\Dataset\BKL\ISIC_0071445.jpg,isic_0071445,2,879a2fef7f01ba038aeff87d8044f96059d20c161ee0f03d5e529edca293427c,6709,3
C:\SRS(ISIC_2019)\Dataset\BKL\ISIC_0071511.jpg,isic_0071511,2,0ccabbc01c887f320ba6749d0b2e7c2810d953c2870582f05c441d3c90e5b125,6711,3
C:\SRS(ISIC_2019)\Dataset\BKL\ISIC_0071629.jpg,isic_0071629,2,afe0e5e12a6bee9a0fd3c27d9254d6d85a2212d05e77d3e966dc9a66754e379c,6716,3
C:\SRS(ISIC_2019)\Dataset\BKL\ISIC_0071662.jpg,isic_0071662,2,9a0b5fd7c05015961b129e0bf785fdd14f0335852fffbdfa8c1daa3630077edf,6718,3
C:\SRS(ISIC_2019)\Dataset\BKL\ISIC_0071930.jpg,isic_0071930,2,f86c9e80c730ce1d7216131715e45192faf57b8c2d6a372c7df9d15608082b42,6731,3
C:\SRS(ISIC_2019)\Dataset\BKL\ISIC_0071952.jpg,isic_0071952,2,3320430807a5f7a7746eec468dac374dec1878eddb53c97c48ba6088f65e63a0,6732,3
C:\SRS(ISIC_2019)\Dataset\BKL\ISIC_0072040.jpg,isic_0072040,2,542baee3b4d138c591aeacb4fb85b238dfd47b197edfb99a19c9cd0df95d7df4,6735,3
C:\SRS(ISIC_2019)\Dataset\BKL\ISIC_0072050.jpg,isic_0072050,2,6f2fa94a67821c13e9320e08424a779fafaf995c90f14bc96fdac9967470eb0c,6737,3
C:\SRS(ISIC_2019)\Dataset\BKL\ISIC_0072149.jpg,isic_0072149,2,ae3b591c5ef2a5fd8b656141ad5653e4a7a29787ba7d24568e97bcbcb695b15c,6746,3
C:\SRS(ISIC_2019)\Dataset\BKL\ISIC_0072257.jpg,isic_0072257,2,f5bd1f1f104cdadb8f4e9f825bdc6531db878ae034c64d75b14cda4cae15adc0,6751,3
C:\SRS(ISIC_2019)\Dataset\BKL\ISIC_0072614.jpg,isic_0072614,2,0a513320de3a9d93ff31ddcce865a1c68836f5caa84bee58de152301778b32c9,6768,3
C:\SRS(ISIC_2019)\Dataset\BKL\ISIC_0072737.jpg,isic_0072737,2,5dcdee3e683f44c792664c41d50f27b2b8352cee51b2235aea1a8d7c83359f2c,6774,3
C:\SRS(ISIC_2019)\Dataset\BKL\ISIC_0072752.jpg,isic_0072752,2,743e6d3c592c15d8bcbe45786930987e02fa08618752b905a0afcc19d5789614,6776,3
C:\SRS(ISIC_2019)\Dataset\BKL\ISIC_0072864.jpg,isic_0072864,2,59e94fac16d190acd261351130d1cb0922cc6be8df6bfe6657661f381eb299e6,6781,3
C:\SRS(ISIC_2019)\Dataset\BKL\ISIC_0073011.jpg,isic_0073011,2,40db93a04ac62afe1b71bee8ef12e6b8ed3944e26acebe3a1d01a80872b796fa,6793,3
C:\SRS(ISIC_2019)\Dataset\BKL\ISIC_0073021.jpg,isic_0073021,2,8695ad7f0baf513f0743228c391294ebcaf76ad3dce25f22b57b6160c16a2648,6794,3
C:\SRS(ISIC_2019)\Dataset\BKL\ISIC_0073070.jpg,isic_0073070,2,b2e7522535c82fd00c12de3463de93b492ba5b6e68ea864afa8ee84fd0325d15,6799,3
C:\SRS(ISIC_2019)\Dataset\BKL\ISIC_0073142.jpg,isic_0073142,2,b0bc5f4a08ab31148333d039a79ee1e0160ba80853c03f229829e19351ac2675,6807,3
C:\SRS(ISIC_2019)\Dataset\BKL\ISIC_0073248.jpg,isic_0073248,2,cb0248b52b31acba03d97b810d8a1db27bb47df336b0467c03e4edf4b6b9c192,6812,3
C:\SRS(ISIC_2019)\Dataset\DF\ISIC_0025302.jpg,isic_0025302,3,acc762a909affb5dd26f1eedcc6f673fdfd8ac58b2a98f1e5c3722a76bf661cd,6824,3
C:\SRS(ISIC_2019)\Dataset\DF\ISIC_0025668.jpg,isic_0025668,3,dcd9927ef8949a96a4967ff5d16f5afc23097533087a250ad35ad6bccdcfd775,6830,3
C:\SRS(ISIC_2019)\Dataset\DF\ISIC_0026473.jpg,isic_0026473,3,e7a2930f083a5ee460907ddfbe95dfcf2bd5bd23b3eaf634714feadb6cf89505,6840,3
C:\SRS(ISIC_2019)\Dataset\DF\ISIC_0026629.jpg,isic_0026629,3,28f834c8415deacf023c047a98b0538497134f34f785ce1aa4f2c014b1bd2354,6841,3
C:\SRS(ISIC_2019)\Dataset\DF\ISIC_0027044.jpg,isic_0027044,3,914f7a3f7065228958d9b941e1f5fa885321601428d5b114a8e1e87b83e55add,6844,3
C:\SRS(ISIC_2019)\Dataset\DF\ISIC_0028346.jpg,isic_0028346,3,edc69319a09a7b78ac3a0bb326ee6082307d6de4f08dbd6762bd2c77b8f7fb9b,6858,3
C:\SRS(ISIC_2019)\Dataset\DF\ISIC_0029297.jpg,isic_0029297,3,7df75f6e634fe4a3384618f1302992bef940bd47fe4bf4514a957865ff49640d,6869,3
C:\SRS(ISIC_2019)\Dataset\DF\ISIC_0029962.jpg,isic_0029962,3,32d7902c3c2c52ff9fd660da19e08ea6a7d57cdbfbb33512db6d93fbbcb22b1f,6875,3
C:\SRS(ISIC_2019)\Dataset\DF\ISIC_0030015.jpg,isic_0030015,3,0d5d8d4f43434bfbd6df2fa22a36e79329152de4db0b1ad78261ffeea9378867,6879,3
C:\SRS(ISIC_2019)\Dataset\DF\ISIC_0030021.jpg,isic_0030021,3,da6713ac09a168b58f1879ba780629868fa14b1476dee63d2ee2aa908aceffc6,6880,3
C:\SRS(ISIC_2019)\Dataset\DF\ISIC_0030757.jpg,isic_0030757,3,4a6351f52527f57e591c963cb49d79b28df6d5d2473b3d8678942532f9c30acb,6888,3
C:\SRS(ISIC_2019)\Dataset\DF\ISIC_0030830.jpg,isic_0030830,3,294ed7ac8de4d40793f17058aac185419a27a3d425d1544a78e823c7eae5b523,6889,3
C:\SRS(ISIC_2019)\Dataset\DF\ISIC_0031257.jpg,isic_0031257,3,a9a5a429aaf14a9344b0de8a6bc2ec6d16810708415f537b97a6aa2ff6ecf932,6893,3
C:\SRS(ISIC_2019)\Dataset\DF\ISIC_0031271.jpg,isic_0031271,3,5eda0ad617b16c70549924ebfe94dc2c517a1bd26ee6f7c9f28e24e2d5773d63,6894,3
C:\SRS(ISIC_2019)\Dataset\DF\ISIC_0032138.jpg,isic_0032138,3,c5b793ef2dab221183c3aa4382d68067c8755d52069f9547758bddb7c7b98141,6906,3
C:\SRS(ISIC_2019)\Dataset\DF\ISIC_0032410.jpg,isic_0032410,3,322e3a41662bbfb0f112de218d3fe9064be40f1afa6177d5315b0780907afade,6908,3
C:\SRS(ISIC_2019)\Dataset\DF\ISIC_0032613.jpg,isic_0032613,3,21a29771e49336915dad215d672d6999225f491fa0838db36d95f517e3d3a1c1,6910,3
C:\SRS(ISIC_2019)\Dataset\DF\ISIC_0033808.jpg,isic_0033808,3,50f97f42fa816bb2f22d2be3be6e4ecec10f53dc20a862c6cc9fb51b2864d667,6922,3
C:\SRS(ISIC_2019)\Dataset\DF\ISIC_0053697.jpg,isic_0053697,3,08ddef63e30ce2457732e5a0ad4c8da4685abac11bd9beab09d3f2e3920516fb,6930,3
C:\SRS(ISIC_2019)\Dataset\DF\ISIC_0054915.jpg,isic_0054915,3,f669845f9f22eb4000a069c4086d8cb605cbcbff9f122d4da4b09f480b641b6f,6939,3
C:\SRS(ISIC_2019)\Dataset\DF\ISIC_0056996.jpg,isic_0056996,3,b0ff85f745e944b001f717b43dc0b958b33cb659a456eea78e32c5580e3de25b,6952,3
C:\SRS(ISIC_2019)\Dataset\DF\ISIC_0058296.jpg,isic_0058296,3,09c4c017905f3e9d9fe1fd4eb2d2a2d884e97f0e42ffce675577ba32272b7419,6959,3
C:\SRS(ISIC_2019)\Dataset\DF\ISIC_0058401.jpg,isic_0058401,3,80543742ebe44d13be6299fa3f7d2012b0a00e8208ce6f6ecbfc01a70f98448a,6961,3
C:\SRS(ISIC_2019)\Dataset\DF\ISIC_0060348.jpg,isic_0060348,3,54d8f3cb777e604036dc03fbdb12eea3d3fd81938530c7ce2d3d6b9fa549c7e4,6972,3
C:\SRS(ISIC_2019)\Dataset\DF\ISIC_0060422.jpg,isic_0060422,3,a740161c45016e44e6ef18e3771fc0e8bce3e5ef0fc4c0c2919d13f2c2e28314,6973,3
C:\SRS(ISIC_2019)\Dataset\DF\ISIC_0060615.jpg,isic_0060615,3,f9ad329e2e7559032c3ab84e1185d685edf35fc2404b664ceee90c5cbb46a0f7,6974,3
C:\SRS(ISIC_2019)\Dataset\DF\ISIC_0061493.jpg,isic_0061493,3,4309a3dbda3fc709eda40c8d809beedac0839c49a16be73efb22f89a51b9c74e,6979,3
C:\SRS(ISIC_2019)\Dataset\DF\ISIC_0063817.jpg,isic_0063817,3,e8da54933cb5675448ad3fa4357f1c40d282ecc102b5cbc0865a092646286ded,6989,3
C:\SRS(ISIC_2019)\Dataset\DF\ISIC_0064413.jpg,isic_0064413,3,86f9b9f351352a5d1992b042b1eaa76eb959b24919cbeabcebae2a7f207bbfde,6994,3
C:\SRS(ISIC_2019)\Dataset\DF\ISIC_0066028.jpg,isic_0066028,3,224d1449b8e375ad5f3d6717be6208841add55fd946f82fff5df2ce75b6d0df3,7001,3
C:\SRS(ISIC_2019)\Dataset\DF\ISIC_0066632.jpg,isic_0066632,3,42626cf9e98a1f0bf1d0354a3d10915593c0638cbd1a83c5049aa627691f6b66,7006,3
C:\SRS(ISIC_2019)\Dataset\DF\ISIC_0067025.jpg,isic_0067025,3,d72061ad9efcb51018eab919274373606305ff7bd6234472de59d9a6454618a2,7009,3
C:\SRS(ISIC_2019)\Dataset\DF\ISIC_0067186.jpg,isic_0067186,3,30277d9ed2dffe6c441cf4c77a5d6ec8c0b09993d09a1a63add6919957535a8e,7011,3
C:\SRS(ISIC_2019)\Dataset\DF\ISIC_0067199.jpg,isic_0067199,3,46a1109ae040272acbdfb6bc93583db0ed4b2ac98ba2dcac28991f363a62f5c0,7012,3
C:\SRS(ISIC_2019)\Dataset\DF\ISIC_0067217.jpg,isic_0067217,3,d6c67f1203c79ba5f62bd31d9ed9c4c095ce9b0ca3c1a77180f601a7356ec2d9,7013,3
C:\SRS(ISIC_2019)\Dataset\DF\ISIC_0067762.jpg,isic_0067762,3,8e7ad935b1c31ae26c1b4b49a124ee276bf91ab1d86e8eafae084ea3311a7f34,7019,3
C:\SRS(ISIC_2019)\Dataset\DF\ISIC_0067989.jpg,isic_0067989,3,53baed5c68a2a98b2de58ed3389e4d01382b7341ce089a54ee4fed1b89f399de,7020,3
C:\SRS(ISIC_2019)\Dataset\DF\ISIC_0069930.jpg,isic_0069930,3,1d6d71fcc7a275a386b4c4b60bd0ab8bea50a49a82e08f8d60a077a962f748bd,7030,3
C:\SRS(ISIC_2019)\Dataset\DF\ISIC_0070875.jpg,isic_0070875,3,10fae8ec95bb8ec4c0e413800743cc40705d8fd014c681b9624665323a258467,7035,3
C:\SRS(ISIC_2019)\Dataset\DF\ISIC_0071844.jpg,isic_0071844,3,00ec14453cc0e30d2973a1aa49e4893e5c0fe8dd69ebc23b79df1b6c4c7c1233,7041,3
C:\SRS(ISIC_2019)\Dataset\DF\ISIC_0071998.jpg,isic_0071998,3,dc08598d536f3e523b4383ebc5aec2a60316db84d5994ef045e1ad3c0e94fc5c,7043,3
C:\SRS(ISIC_2019)\Dataset\DF\ISIC_0072033.jpg,isic_0072033,3,743c8c8c3168adf9ad94bfc4b78225a9c956832765428e25bc86c72f2b1fb5b1,7044,3
C:\SRS(ISIC_2019)\Dataset\MEL\ISIC_0000046_downsampled.jpg,isic_0000046_downsampled,4,26ec2f5e54c09a17b732bb8bb8d24bb4dd166511579e533f7e48381b2afc118d,7065,3
C:\SRS(ISIC_2019)\Dataset\MEL\ISIC_0000139_downsampled.jpg,isic_0000139_downsampled,4,8cc735534a82acc6ff899430668a2b0a3cfda296dce80a63b9044dd229d26fe8,7072,3
C:\SRS(ISIC_2019)\Dataset\MEL\ISIC_0000145_downsampled.jpg,isic_0000145_downsampled,4,d270408011f60d73cbec76ac6acc10d7dc442af9920927f10ccbf5694c133e2b,7077,3
C:\SRS(ISIC_2019)\Dataset\MEL\ISIC_0000146_downsampled.jpg,isic_0000146_downsampled,4,8c3d77523b09453bbbf129184d9ac43fdc2e3d1fed3bfc04c0c79b011f0c5a24,7078,3
C:\SRS(ISIC_2019)\Dataset\MEL\ISIC_0000152_downsampled.jpg,isic_0000152_downsampled,4,243f55c25cedd32763cd523feb5e9cdc7329905416b98fd55f9ea85b106811b9,7084,3
C:\SRS(ISIC_2019)\Dataset\MEL\ISIC_0000154_downsampled.jpg,isic_0000154_downsampled,4,772fe8a9c24915f9e5c893333852f89f6084f3963cf3014605689df986f599f9,7086,3
C:\SRS(ISIC_2019)\Dataset\MEL\ISIC_0000155_downsampled.jpg,isic_0000155_downsampled,4,36901f63bd4e6bada5911055ce1808ae9cb78d59b5549e3fd6fcfc289154afa3,7087,3
C:\SRS(ISIC_2019)\Dataset\MEL\ISIC_0000163.jpg,isic_0000163,4,cc397b0b015cf0ac5f32df560467c993fed9fd32390326488cab704850b7c10e,7094,3
C:\SRS(ISIC_2019)\Dataset\MEL\ISIC_0000176_downsampled.jpg,isic_0000176_downsampled,4,5c935a02ad9cec9fd089397f688699a6ba2ff2fe8b8004e57b77f40b8114857a,7106,3
C:\SRS(ISIC_2019)\Dataset\MEL\ISIC_0000278.jpg,isic_0000278,4,e8ea322e1188e00fe9aac213e44831b80552d92d1ce313dd5f1859a0de2d485e,7109,3
C:\SRS(ISIC_2019)\Dataset\MEL\ISIC_0000285.jpg,isic_0000285,4,74dd66a6a7fbff72cbb22dbfaf76dd4cc82b8ed703570be385a99c85ab383211,7114,3
C:\SRS(ISIC_2019)\Dataset\MEL\ISIC_0000287.jpg,isic_0000287,4,61675c431d97028a5368f2ee050917a1af79acf0ea4d940aa970b0d5fd61af57,7115,3
C:\SRS(ISIC_2019)\Dataset\MEL\ISIC_0000290.jpg,isic_0000290,4,92210c5b406d2b2b7118af98b7ea56b801aacfb4373aa412be97abc34dc7bdd0,7118,3
C:\SRS(ISIC_2019)\Dataset\MEL\ISIC_0000306.jpg,isic_0000306,4,47065c440ea56be34bf7653d2d62d6573de59adb076fb1fff780fc2d79840ed7,7130,3
C:\SRS(ISIC_2019)\Dataset\MEL\ISIC_0000410_downsampled.jpg,isic_0000410_downsampled,4,8fc3d0599cd029e5f60bc50aab7834c6fece4883713e2c7ff2d7865c8a377af2,7139,3
C:\SRS(ISIC_2019)\Dataset\MEL\ISIC_0000466.jpg,isic_0000466,4,6798edf10b903b559cb5f0ba18014873cc82466804977adeedcf63b57f6c70c4,7148,3
C:\SRS(ISIC_2019)\Dataset\MEL\ISIC_0000482.jpg,isic_0000482,4,109b1b46b5505903f3dae3c2f491195c9bc8f3b932a32176042b55ceaed89335,7150,3
C:\SRS(ISIC_2019)\Dataset\MEL\ISIC_0000531.jpg,isic_0000531,4,7cee756b51397840216a7b2c55a4458cfdd032d73cfb7be2239e9a9e4d0b77c5,7162,3
C:\SRS(ISIC_2019)\Dataset\MEL\ISIC_0001102_downsampled.jpg,isic_0001102_downsampled,4,5522aa152017892f48cf18087aa3ae29923414bf5d180c4a0cc32bf8353ff1b8,7173,3
C:\SRS(ISIC_2019)\Dataset\MEL\ISIC_0001105_downsampled.jpg,isic_0001105_downsampled,4,6955f7a98659c65ba77755325e486cfd0281b916a243de071f7b7e837042263c,7175,3
C:\SRS(ISIC_2019)\Dataset\MEL\ISIC_0001126_downsampled.jpg,isic_0001126_downsampled,4,c250cfe9a866b7bd3f5065e955905e13d60fc451597b87baacf095f188f471aa,7179,3
C:\SRS(ISIC_2019)\Dataset\MEL\ISIC_0001148_downsampled.jpg,isic_0001148_downsampled,4,f8652b68664eb5a4a6ba949eb135824e2a84dd46a64782943be55fcd4b3b5703,7186,3
C:\SRS(ISIC_2019)\Dataset\MEL\ISIC_0009905.jpg,isic_0009905,4,ef7ca39d8c73a7c24ef8013192794de9e752dd6f4732bdf6899b5740a618a957,7192,3
C:\SRS(ISIC_2019)\Dataset\MEL\ISIC_0009955.jpg,isic_0009955,4,b533eb5504e709750c238c7c76b2d6cc98fd7c3d27e5163215dcd62128161e41,7198,3
C:\SRS(ISIC_2019)\Dataset\MEL\ISIC_0009971.jpg,isic_0009971,4,b924d0a189627ad4013e05ef22447af2b80ff857af119d525591cca4f8250ab6,7200,3
C:\SRS(ISIC_2019)\Dataset\MEL\ISIC_0009992.jpg,isic_0009992,4,ba3a525a1b1526a85f62f9ea6125913c985cc44762586f4375a98e4d911d00c1,7201,3
C:\SRS(ISIC_2019)\Dataset\MEL\ISIC_0010023.jpg,isic_0010023,4,16147f595950850ca6a84f6d2e29fb34292b49503c037703339bfdd4e1f5da15,7206,3
C:\SRS(ISIC_2019)\Dataset\MEL\ISIC_0010024.jpg,isic_0010024,4,7a1b4da31325b34ad36976aed3598727bb0acd88844eb535d172783c8a4be9c1,7207,3
C:\SRS(ISIC_2019)\Dataset\MEL\ISIC_0010034.jpg,isic_0010034,4,9b3e854ae5dc3f230b2fea7fefeb3d9572d4e63544ff8bea4d3ce86e28aa6880,7209,3
C:\SRS(ISIC_2019)\Dataset\MEL\ISIC_0010089.jpg,isic_0010089,4,c0ed6da498e2a94387e6a4c2bd571991dcc9f7d9fb41185a08729effcb67fad7,7216,3
C:\SRS(ISIC_2019)\Dataset\MEL\ISIC_0010194.jpg,isic_0010194,4,ab087ac9184b2a05729045dc0e85775acadf999ebb91b96bd2d3990ee0cc8773,7222,3
C:\SRS(ISIC_2019)\Dataset\MEL\ISIC_0010241.jpg,isic_0010241,4,1f9455d5af6bbf96f4494e44b604f8d90569c9b0f812937ab116b61225bf2434,7228,3
C:\SRS(ISIC_2019)\Dataset\MEL\ISIC_0010267.jpg,isic_0010267,4,148a61c03bc0e12382937d652c1fab3762caf016fbf529fee7d7252f111e882d,7231,3
C:\SRS(ISIC_2019)\Dataset\MEL\ISIC_0010349.jpg,isic_0010349,4,40c6f742ab6a9a96a12ce878d2177a903016f758173fd300452d064a02dd6f24,7236,3
C:\SRS(ISIC_2019)\Dataset\MEL\ISIC_0010596.jpg,isic_0010596,4,6dafaf1fdd1c1836245385f7d1c3d61c8551f9726c2646c555287e01f891d8eb,7251,3
C:\SRS(ISIC_2019)\Dataset\MEL\ISIC_0011095.jpg,isic_0011095,4,7ba92a439698fbde0b5f2e20ba2a6e25b8691b48c2d425d904a92c277f35033c,7257,3
C:\SRS(ISIC_2019)\Dataset\MEL\ISIC_0011099.jpg,isic_0011099,4,93be55f9bc10c42584addd445a19ee25ce24e9aa475cb1a16baeddd250d10369,7258,3
C:\SRS(ISIC_2019)\Dataset\MEL\ISIC_0011135.jpg,isic_0011135,4,7a9b4d383e09fc6bbd076af56b5c24e793a1641c51d1d0c4d46b4d54a9bc6f4e,7267,3
C:\SRS(ISIC_2019)\Dataset\MEL\ISIC_0011139.jpg,isic_0011139,4,6260a52964d3944ed0a8f3943cfe8f96f7561c9f376c3a6fb10b74c32883edaa,7270,3
C:\SRS(ISIC_2019)\Dataset\MEL\ISIC_0011305.jpg,isic_0011305,4,94b7aacb95e4cffeda501b22bcf063e006384a2d5c96fd4d5ba8d69ded1cfe0d,7281,3
C:\SRS(ISIC_2019)\Dataset\MEL\ISIC_0011334.jpg,isic_0011334,4,dadc777f49bf3780457e5ac3e39e122ad5c3c6960200e726d5a398b4598c20d6,7284,3
C:\SRS(ISIC_2019)\Dataset\MEL\ISIC_0011344.jpg,isic_0011344,4,21d5ce73297a58a1a40c598495f5ae88e5f148838b59d74c141dfc48f46f4ec0,7285,3
C:\SRS(ISIC_2019)\Dataset\MEL\ISIC_0011348.jpg,isic_0011348,4,05569de854d0ee9c700cf05609dc1c3eca148c7fcfdfca68b22538edef0e8b9a,7286,3
C:\SRS(ISIC_2019)\Dataset\MEL\ISIC_0011350.jpg,isic_0011350,4,28e36885d5a58e678dd26587497ea553cf8b8b6003eb22a05593480db65f671c,7288,3
C:\SRS(ISIC_2019)\Dataset\MEL\ISIC_0011366.jpg,isic_0011366,4,e48ef38aa57ba7fbad64bbd16b9d7bd13b82fabd6e5bac33d038092b6cbb6a3b,7290,3
C:\SRS(ISIC_2019)\Dataset\MEL\ISIC_0011390.jpg,isic_0011390,4,814dcef168c5da50284337d55303f564913020a336c466de894403b058fb0325,7293,3
C:\SRS(ISIC_2019)\Dataset\MEL\ISIC_0012425_downsampled.jpg,isic_0012425_downsampled,4,dcd1ec38286262354c60ef59e4998d89104887db629a1a3ece9f05041fee3792,7308,3
C:\SRS(ISIC_2019)\Dataset\MEL\ISIC_0012434_downsampled.jpg,isic_0012434_downsampled,4,225d4e06db596a9a967208a893d1b6ccfefd8669492fcd9c8dc6a7d3fabc90f8,7309,3
C:\SRS(ISIC_2019)\Dataset\MEL\ISIC_0012990_downsampled.jpg,isic_0012990_downsampled,4,8f1ee8f0e9767890b30bb1e89aa06aefd71692dcb0f4146567a9517cf1b31026,7323,3
C:\SRS(ISIC_2019)\Dataset\MEL\ISIC_0013359_downsampled.jpg,isic_0013359_downsampled,4,9633b1894d650a765b96953cfd12c1e5ec93c52926f9938090e18863403acdfa,7336,3
C:\SRS(ISIC_2019)\Dataset\MEL\ISIC_0013455_downsampled.jpg,isic_0013455_downsampled,4,f44b08d5778f1e7ad692b702913972a93ed2c618df1670ae966a04e757ea8d1f,7343,3
C:\SRS(ISIC_2019)\Dataset\MEL\ISIC_0013459_downsampled.jpg,isic_0013459_downsampled,4,5ca5848da081ee386ff2d8b7323c148cc839fbf7da8c2c78329dd7c8303a59c8,7345,3
C:\SRS(ISIC_2019)\Dataset\MEL\ISIC_0013577_downsampled.jpg,isic_0013577_downsampled,4,d69bf53d9abec3f12f43ee57a86e359b4d43b0e3f5b560cdd493e7304057110f,7362,3
C:\SRS(ISIC_2019)\Dataset\MEL\ISIC_0013581_downsampled.jpg,isic_0013581_downsampled,4,cfba0ef7313f2853c8072a96d907a6d6df51635998ac6dab9e6c18eb53167122,7365,3
C:\SRS(ISIC_2019)\Dataset\MEL\ISIC_0013639_downsampled.jpg,isic_0013639_downsampled,4,228120d82dd0c7082a7244419af4397fdb09445c86d542e411eb8cf9dd02dc0d,7376,3
C:\SRS(ISIC_2019)\Dataset\MEL\ISIC_0013644_downsampled.jpg,isic_0013644_downsampled,4,8c243061c81d07c802b53ada0044ac7823aeb6475514059ea95e5108341190bc,7377,3
C:\SRS(ISIC_2019)\Dataset\MEL\ISIC_0013702_downsampled.jpg,isic_0013702_downsampled,4,f88191c3ab919785341785a8a3c4022be5390ecb1aebfb6d884eb762b116227d,7386,3
C:\SRS(ISIC_2019)\Dataset\MEL\ISIC_0013767_downsampled.jpg,isic_0013767_downsampled,4,ef636027f363eee4f1f0be28c897fceeaded0eb67f25c411d8e4c1df12c3afe9,7393,3
C:\SRS(ISIC_2019)\Dataset\MEL\ISIC_0013861_downsampled.jpg,isic_0013861_downsampled,4,b0479b65931abd4455a4fd2deed51e9f43ed40a7a1d3f3da2ba51e389631b1d3,7409,3
C:\SRS(ISIC_2019)\Dataset\MEL\ISIC_0013867_downsampled.jpg,isic_0013867_downsampled,4,0732f58a3d364b4609e7443334647201dbeda662647000c35b1feedec3b2cf22,7411,3
C:\SRS(ISIC_2019)\Dataset\MEL\ISIC_0013908_downsampled.jpg,isic_0013908_downsampled,4,d941bfcb3d4149b30d16f9621b22af068c707adf7d5ae62b2ee0a5eaceabfeeb,7413,3
C:\SRS(ISIC_2019)\Dataset\MEL\ISIC_0013936_downsampled.jpg,isic_0013936_downsampled,4,1d3b8311409af49e14b525d244a68d5b93e575e63fe3102a04904b001694bf86,7416,3
C:\SRS(ISIC_2019)\Dataset\MEL\ISIC_0013972_downsampled.jpg,isic_0013972_downsampled,4,e17825197010517d9ce8c1c2d09b7d67d2d06f08beab5c2d218faf52a07ddee2,7420,3
C:\SRS(ISIC_2019)\Dataset\MEL\ISIC_0013984_downsampled.jpg,isic_0013984_downsampled,4,667e852d233867c63adea388238a7049c2b4080826662bfa053b443b5415cc5c,7422,3
C:\SRS(ISIC_2019)\Dataset\MEL\ISIC_0013988_downsampled.jpg,isic_0013988_downsampled,4,4cc6f1b9b0b7775eb02eb827a94586fbb010dc3237494336216c03bda706640c,7425,3
C:\SRS(ISIC_2019)\Dataset\MEL\ISIC_0014013_downsampled.jpg,isic_0014013_downsampled,4,ae20c0557d6ee00aa94b90deeba62cc3853614fcfd93ea145c28122c5ef287f2,7428,3
C:\SRS(ISIC_2019)\Dataset\MEL\ISIC_0014027_downsampled.jpg,isic_0014027_downsampled,4,5ec757b6341bece7caee2f14dd11e28207485f00596ae2aa6c218ea26745f349,7429,3
C:\SRS(ISIC_2019)\Dataset\MEL\ISIC_0014059_downsampled.jpg,isic_0014059_downsampled,4,21c153b5d7f90ece9792916da12a2fac5f6fd0dcf7d804c64d94111239d07d63,7433,3
C:\SRS(ISIC_2019)\Dataset\MEL\ISIC_0014092_downsampled.jpg,isic_0014092_downsampled,4,5c0676e7b2c7c1678440516a52114acc229099ec546ba48ccb564a375f94088a,7442,3
C:\SRS(ISIC_2019)\Dataset\MEL\ISIC_0014110_downsampled.jpg,isic_0014110_downsampled,4,c5c8844aa9796c20aecd0ada741593e200b5dfd01c2133b8408404f2e743cfa5,7446,3
C:\SRS(ISIC_2019)\Dataset\MEL\ISIC_0014171_downsampled.jpg,isic_0014171_downsampled,4,3ce36de31851fcc025c2c50e9f25b87ad3b6fef83553430653ed04562174be6a,7459,3
C:\SRS(ISIC_2019)\Dataset\MEL\ISIC_0014190_downsampled.jpg,isic_0014190_downsampled,4,4e358efacfaf1d89005e0eecc16a3c181140d47d16f99505b6e8d606264561d4,7466,3
C:\SRS(ISIC_2019)\Dataset\MEL\ISIC_0014288_downsampled.jpg,isic_0014288_downsampled,4,472b6a3b913dec1e87fbe2942057f049d1e8a39fa130910c08e6fc2ef4ffa343,7478,3
C:\SRS(ISIC_2019)\Dataset\MEL\ISIC_0014290_downsampled.jpg,isic_0014290_downsampled,4,baed27eee19057c69c3914db2768819657784898221eb4e1c9093fa1ef16bae1,7480,3
C:\SRS(ISIC_2019)\Dataset\MEL\ISIC_0014302_downsampled.jpg,isic_0014302_downsampled,4,e37e8a13fb6ea665ec11560f079fceeee61d180c88ef04ed7200ee74996a42d2,7482,3
C:\SRS(ISIC_2019)\Dataset\MEL\ISIC_0014316_downsampled.jpg,isic_0014316_downsampled,4,8858257f00aff6f8fa4caabf3094f3c447eeea60014681f6770e4d7702497a32,7484,3
C:\SRS(ISIC_2019)\Dataset\MEL\ISIC_0014357_downsampled.jpg,isic_0014357_downsampled,4,5f61b7db016e114e7c36cd1c39fbcb7af09e4b52ebad039376a370a13660032c,7494,3
C:\SRS(ISIC_2019)\Dataset\MEL\ISIC_0014385_downsampled.jpg,isic_0014385_downsampled,4,4bbedafc19655a39fb6a1aaba1efc72ccf0dc86c197819f35171987aca2c75e8,7500,3
C:\SRS(ISIC_2019)\Dataset\MEL\ISIC_0014480_downsampled.jpg,isic_0014480_downsampled,4,063fa3559993b59c278985a79ac4fb5b03f8f32d986b03efd9fc51bc85550c36,7509,3
C:\SRS(ISIC_2019)\Dataset\MEL\ISIC_0014525_downsampled.jpg,isic_0014525_downsampled,4,51f6ced492b2114aed4a247067f14c3b6c880c9b0824345729c8070e9a2b686d,7517,3
C:\SRS(ISIC_2019)\Dataset\MEL\ISIC_0014542_downsampled.jpg,isic_0014542_downsampled,4,74522146cf73061c1c358a91a8ecbf9f96fcb03f7c782191532f9fbfea1b0da7,7520,3
C:\SRS(ISIC_2019)\Dataset\MEL\ISIC_0014666_downsampled.jpg,isic_0014666_downsampled,4,6a1ed0e5ea637082b159943bc53921430e7926d987ead0829841324775dee1b7,7529,3
C:\SRS(ISIC_2019)\Dataset\MEL\ISIC_0014975_downsampled.jpg,isic_0014975_downsampled,4,df5cb9ed71d96fa2ecf120594a1fe84f918ee7d2eaa1c4a2b7e72987c953d84d,7562,3
C:\SRS(ISIC_2019)\Dataset\MEL\ISIC_0014979_downsampled.jpg,isic_0014979_downsampled,4,acd98238ba05dcda3704a7a14b169807169380ebba199c28f91e9c62635c5242,7563,3
C:\SRS(ISIC_2019)\Dataset\MEL\ISIC_0015050_downsampled.jpg,isic_0015050_downsampled,4,5e3ff37ee89183dfe48a7a5200e642692a735b8dbd850ec74d03372e536f4ce7,7573,3
C:\SRS(ISIC_2019)\Dataset\MEL\ISIC_0015082_downsampled.jpg,isic_0015082_downsampled,4,62cda02471b5258f675e008ac79a48a804788a5b53c89f20d05634c647172509,7576,3
C:\SRS(ISIC_2019)\Dataset\MEL\ISIC_0015115_downsampled.jpg,isic_0015115_downsampled,4,1162be937df86316ac7a76452d0ed7c079f2e56ae3b776d3e935a3b483f71376,7579,3
C:\SRS(ISIC_2019)\Dataset\MEL\ISIC_0015156_downsampled.jpg,isic_0015156_downsampled,4,91e443247f7b58c78f750c5eacf48ddc25628e2f2317d05c98f04824df7c97d4,7587,3
C:\SRS(ISIC_2019)\Dataset\MEL\ISIC_0015189_downsampled.jpg,isic_0015189_downsampled,4,fe76adcc367c887891198ca0755354889d61041ea86f8b1b33dd84465694c3c4,7593,3
C:\SRS(ISIC_2019)\Dataset\MEL\ISIC_0015190_downsampled.jpg,isic_0015190_downsampled,4,e9077ea134597d9dc1619bb3967ccca5988a2749b6480750617b874107ca9e76,7594,3
C:\SRS(ISIC_2019)\Dataset\MEL\ISIC_0015193_downsampled.jpg,isic_0015193_downsampled,4,a2ecb3fdb7a2cc7f06e6a58bb9339367d5547270d1f3b18d31eb96f40e01646c,7595,3
C:\SRS(ISIC_2019)\Dataset\MEL\ISIC_0015200_downsampled.jpg,isic_0015200_downsampled,4,a0f947a10fcc7da3bb07ceb07627dc92fd62021d571c73e6203020b4826fd815,7596,3
C:\SRS(ISIC_2019)\Dataset\MEL\ISIC_0015284_downsampled.jpg,isic_0015284_downsampled,4,b729c898c027b2a96e5cdf3587bf74ee6389c30011fa7ed8e961c5124b3f25e1,7604,3
C:\SRS(ISIC_2019)\Dataset\MEL\ISIC_0024545.jpg,isic_0024545,4,39648e5e7cfaf13e1979dd0448d91dda7cfbc6a2d950121f69fbf2d1ed388a82,7622,3
C:\SRS(ISIC_2019)\Dataset\MEL\ISIC_0024630.jpg,isic_0024630,4,2ee55f026f552c2fb96aff6e721ccfcbeb39d3c8a80fa7d6dcbe142c14491743,7629,3
C:\SRS(ISIC_2019)\Dataset\MEL\ISIC_0024640.jpg,isic_0024640,4,eedec92bb3461f9521e84d7a4bbb85c2a0dd28086a4638dd1d01272635f1e479,7630,3
C:\SRS(ISIC_2019)\Dataset\MEL\ISIC_0024644.jpg,isic_0024644,4,7edb0a04229ab1263e547884cfe759431e08e3bc8056a4f191da7a0ab4dc6100,7631,3
C:\SRS(ISIC_2019)\Dataset\MEL\ISIC_0024675.jpg,isic_0024675,4,75b84b1435277d93e555d786eb9689e5d1513e806c23e00919d47c459aa421ee,7634,3
C:\SRS(ISIC_2019)\Dataset\MEL\ISIC_0024688.jpg,isic_0024688,4,224e23275bc9c65d3232f59e376ca19f7cc3504ca11d301940be3ead49f647d5,7636,3
C:\SRS(ISIC_2019)\Dataset\MEL\ISIC_0024732.jpg,isic_0024732,4,74e4077061c9b865e0fe2c7019e5273a67b6992f23180401de49ae29e912b415,7641,3
C:\SRS(ISIC_2019)\Dataset\MEL\ISIC_0024733.jpg,isic_0024733,4,9ff7675e7cf6d4bb75f2b1dacd48a4566f021431a54ec86affb8445469a5acde,7642,3
C:\SRS(ISIC_2019)\Dataset\MEL\ISIC_0024739.jpg,isic_0024739,4,9c6046c3318fce6acce718477ff7c7f3774397f2d91ea782fe61c340a5c09db9,7643,3
C:\SRS(ISIC_2019)\Dataset\MEL\ISIC_0024792.jpg,isic_0024792,4,a163464cbe6e6281ee8b5a6a689b8986160a26d4c9d5f5c8bdc8534c011780c6,7646,3
C:\SRS(ISIC_2019)\Dataset\MEL\ISIC_0024806.jpg,isic_0024806,4,c8761539b8c38c1dfb6d4c667c6ae6c7e49bf298653eb0e329e4a69cb9406ea1,7648,3
C:\SRS(ISIC_2019)\Dataset\MEL\ISIC_0024911.jpg,isic_0024911,4,5f0d1d669e2d5d8f3a9ae5e1290cebd0843f8004190d9cb3c56aac3ced9aa79e,7657,3
C:\SRS(ISIC_2019)\Dataset\MEL\ISIC_0024952.jpg,isic_0024952,4,270ebd821ce381253d9cc619d3d1756b247b02ae46e94997f9f4249a3fcf7d83,7664,3
C:\SRS(ISIC_2019)\Dataset\MEL\ISIC_0024958.jpg,isic_0024958,4,bca8348571ff7ce92bf1b276e4eb49bb539e08c377e49997a87b3a6af82acfb5,7665,3
C:\SRS(ISIC_2019)\Dataset\MEL\ISIC_0024972.jpg,isic_0024972,4,08db9ddfc4b986982aa05d0fa00f4e35b8406873e5a270857e192ec52e5533f8,7669,3
C:\SRS(ISIC_2019)\Dataset\MEL\ISIC_0025018.jpg,isic_0025018,4,2416de747766d35b0fb6c1d2f3dee93dbc9fc48c15e5199773b8f2e8645357ab,7672,3
C:\SRS(ISIC_2019)\Dataset\MEL\ISIC_0025238.jpg,isic_0025238,4,f4d1cafc134d9e769957d751c3d4ce76ad0701004949f918674eed3e5603f6e3,7690,3
C:\SRS(ISIC_2019)\Dataset\MEL\ISIC_0025317.jpg,isic_0025317,4,9db0542898ace936d5c95959c3b1b6967fa62e011f8e3777232c6e8a7fda5142,7698,3
C:\SRS(ISIC_2019)\Dataset\MEL\ISIC_0025391.jpg,isic_0025391,4,fcd61481f1a4104c443f250b2fab271b5d6f2b83f722a0624f7423173a4ba4e7,7701,3
C:\SRS(ISIC_2019)\Dataset\MEL\ISIC_0025512.jpg,isic_0025512,4,836585021a7df1e83c0f97d9adc09ea30238b27324083fbbb518e0a041994a7f,7712,3
C:\SRS(ISIC_2019)\Dataset\MEL\ISIC_0025520.jpg,isic_0025520,4,99d81e4566222ff5a0542ae7edda30ce6ecb4999aa251bbfe78df152cb6afb36,7713,3
C:\SRS(ISIC_2019)\Dataset\MEL\ISIC_0025524.jpg,isic_0025524,4,b8fac9c0b1c11c1493b711c99f13bc0e45640a3f7a143e367eeabe72ff4c0a79,7714,3
C:\SRS(ISIC_2019)\Dataset\MEL\ISIC_0025546.jpg,isic_0025546,4,ed321fc8ff5d32b2bd9cdf69ab293ea4449e3cdbc666be388b988ffcc3312b28,7717,3
C:\SRS(ISIC_2019)\Dataset\MEL\ISIC_0025603.jpg,isic_0025603,4,1da22c3ba355955ab3307bf82a53139ab3dc78740526c63a68186efdf3d962e3,7722,3
C:\SRS(ISIC_2019)\Dataset\MEL\ISIC_0025616.jpg,isic_0025616,4,0d159de9efac2facac9912b82b50b0c3a27e2c07241a12b2ed3757bdd06ca1fa,7724,3
C:\SRS(ISIC_2019)\Dataset\MEL\ISIC_0025663.jpg,isic_0025663,4,2c4cf13769afa33eaae7440158f51a56ea1b83570f38ce9ea7fa9fb0b21280d5,7726,3
C:\SRS(ISIC_2019)\Dataset\MEL\ISIC_0025708.jpg,isic_0025708,4,29bafdd89521123b2f098ce2e50df52d8c82c07c12782c2151d244dd988b4863,7728,3
C:\SRS(ISIC_2019)\Dataset\MEL\ISIC_0025751.jpg,isic_0025751,4,1aece3a16e007721b1d54ea7f1e4252456f3562f955829a657d7ccb6e542abfb,7734,3
C:\SRS(ISIC_2019)\Dataset\MEL\ISIC_0025783.jpg,isic_0025783,4,d1a0083ac25ee1307b2d1713de0960ab18157ecb04b92dff8cc69186454f646d,7737,3
C:\SRS(ISIC_2019)\Dataset\MEL\ISIC_0026086.jpg,isic_0026086,4,d37127a4da2610dc90f5ece70a69239b87c7020e064cba468f1ec3ad029a6b30,7755,3
C:\SRS(ISIC_2019)\Dataset\MEL\ISIC_0026120.jpg,isic_0026120,4,9440f352486db1e4a99c8cf011ea31694f77343c0397e68a76933c3bd3d3c02d,7761,3
C:\SRS(ISIC_2019)\Dataset\MEL\ISIC_0026266.jpg,isic_0026266,4,dd637ea8a621fb606efabb158e85369966e835039bf94474da789c264ca4cdec,7773,3
C:\SRS(ISIC_2019)\Dataset\MEL\ISIC_0026268.jpg,isic_0026268,4,9b2d79427b7b3b5bc05784ea90114fdac050b68e0e5664f3666da2d7ff03e24c,7774,3
C:\SRS(ISIC_2019)\Dataset\MEL\ISIC_0026296.jpg,isic_0026296,4,d472057aac043f82be713eb769bb0c73c7d117b538e69f8a97e123e78042f137,7776,3
C:\SRS(ISIC_2019)\Dataset\MEL\ISIC_0026438.jpg,isic_0026438,4,bc774e4d3240a87ddd4bf9af76b4926d6266ea05471a866b9e982cbe616a1c88,7783,3
C:\SRS(ISIC_2019)\Dataset\MEL\ISIC_0026516.jpg,isic_0026516,4,4c54b2118d18269e65378047e537c1f62cf95db30f408817d9e6bc35b653af8e,7789,3
C:\SRS(ISIC_2019)\Dataset\MEL\ISIC_0026545.jpg,isic_0026545,4,753bc1b644a47ba7b1b2ece1c5d75ffe23102badaf0ba267a965fdb0255ce115,7791,3
C:\SRS(ISIC_2019)\Dataset\MEL\ISIC_0026647.jpg,isic_0026647,4,eb9d988aed14163ea3ac548c5a467853453d385037bf5fdd180867e811b0d4a2,7798,3
C:\SRS(ISIC_2019)\Dataset\MEL\ISIC_0026735.jpg,isic_0026735,4,eae1dec24ef13f779593ecd42526036909593dc72756ae64686535ed0144848d,7804,3
C:\SRS(ISIC_2019)\Dataset\MEL\ISIC_0026770.jpg,isic_0026770,4,2474a30a5eb0ad7a6662b89fe73bd8cd4dd43b821aeea7d3cb7523ef04e442fb,7809,3
C:\SRS(ISIC_2019)\Dataset\MEL\ISIC_0026802.jpg,isic_0026802,4,6b5a3c17befc752f864b3f84fa9b8bc8034c84682c75daab387a3835728fed1e,7812,3
C:\SRS(ISIC_2019)\Dataset\MEL\ISIC_0026823.jpg,isic_0026823,4,201e47296dcc3df7e646d6370204c3c417339ee6103244147b59e374956dd7bb,7814,3
C:\SRS(ISIC_2019)\Dataset\MEL\ISIC_0026897.jpg,isic_0026897,4,01f264a812b558f0a013d9fef2b55ab13f8adb8ca819518ff28114e089dfda84,7821,3
C:\SRS(ISIC_2019)\Dataset\MEL\ISIC_0026963.jpg,isic_0026963,4,97e2f5d92c68e8d788257525d7b0e9cdeafbbfc664850136904d72af7c0ad2e1,7827,3
C:\SRS(ISIC_2019)\Dataset\MEL\ISIC_0027021.jpg,isic_0027021,4,3cd0e6efa59d5ed19a20029e843e9a6665ca0deed02c7dba1b47072181d85428,7832,3
C:\SRS(ISIC_2019)\Dataset\MEL\ISIC_0027155.jpg,isic_0027155,4,0fef8c88bc10808cf0ea632ffbcbb28a570f1ebd3da975d26a10b6e13b49a53e,7853,3
C:\SRS(ISIC_2019)\Dataset\MEL\ISIC_0027179.jpg,isic_0027179,4,eae9e507b4286fe4d33f40854f0b96ec79f7bdd1d240f472f2dc52dc6d93deeb,7857,3
C:\SRS(ISIC_2019)\Dataset\MEL\ISIC_0027260.jpg,isic_0027260,4,e9a28ba2b4a05037652f450a323727ed6cd1c53cf8939d1d587c0966cf30d285,7864,3
C:\SRS(ISIC_2019)\Dataset\MEL\ISIC_0027261.jpg,isic_0027261,4,88ae64da14361742cc8fd9ff8a3c5eee8527e6a195aa714b87f6548ba3ed503b,7865,3
C:\SRS(ISIC_2019)\Dataset\MEL\ISIC_0027387.jpg,isic_0027387,4,91bfed9c4a5b0dfb432e8a1b5513bbfbd472c652980cd53d4c18e770455eef5c,7877,3
C:\SRS(ISIC_2019)\Dataset\MEL\ISIC_0027487.jpg,isic_0027487,4,fed6b3e01c53f2cabe5b691deb20cd5fa03596d483fc36b06c5804f18fe06630,7884,3
C:\SRS(ISIC_2019)\Dataset\MEL\ISIC_0027502.jpg,isic_0027502,4,28f2b57146f67fe865006a47b8382a93a37b972603aa4ba45a7682c4f3605cef,7885,3
C:\SRS(ISIC_2019)\Dataset\MEL\ISIC_0027517.jpg,isic_0027517,4,b730991612a65d159f98f8607de42cbf961dd06dda1a7d447c68beff260ba438,7887,3
C:\SRS(ISIC_2019)\Dataset\MEL\ISIC_0027552.jpg,isic_0027552,4,d0daad6304765a1ed2a19322d323af4551695b69302be9150601b1a58bec965b,7888,3
C:\SRS(ISIC_2019)\Dataset\MEL\ISIC_0027663.jpg,isic_0027663,4,4ca8365f7adda05056593fdba4815d2ded66962d556f01152691786c062a169b,7899,3
C:\SRS(ISIC_2019)\Dataset\MEL\ISIC_0027742.jpg,isic_0027742,4,ff31fa8a5d265f78694ee71b23b07eeb83f48da934b0291553a9d2be0a8ac607,7905,3
C:\SRS(ISIC_2019)\Dataset\MEL\ISIC_0027797.jpg,isic_0027797,4,3eed325c18b02878b9ec53f0e35f20286183728ba3f0ccdf961a9c84f5c2bfba,7909,3
C:\SRS(ISIC_2019)\Dataset\MEL\ISIC_0027838.jpg,isic_0027838,4,a6f1f3a9fc3160ff04a97a2fe2564cc732e2ac2d96759d7b5de8b5bab9760d3f,7912,3
C:\SRS(ISIC_2019)\Dataset\MEL\ISIC_0028029.jpg,isic_0028029,4,4309420595915206b49ddff9af12dfb8a9514d2ae8d004571252112f27f3351f,7923,3
C:\SRS(ISIC_2019)\Dataset\MEL\ISIC_0028075.jpg,isic_0028075,4,dca9cdf78a7db09fff88879b3bdddc2c66d520bc80c8f8397bc1882d45647305,7930,3
C:\SRS(ISIC_2019)\Dataset\MEL\ISIC_0028087.jpg,isic_0028087,4,79f94f0fe2ec2857e1157ff968d624e569e7072f853ce1b50ed4e3de183e3bc8,7933,3
C:\SRS(ISIC_2019)\Dataset\MEL\ISIC_0028148.jpg,isic_0028148,4,a2c5355ca38ba526df7ac6a4171f96077a06a8c8f72ffd6098fb3485ab50e05e,7939,3
C:\SRS(ISIC_2019)\Dataset\MEL\ISIC_0028215.jpg,isic_0028215,4,21172501c17eacf633db06ad5f3f68388c72b7cd88fe69b6c98cfa80ab991afc,7944,3
C:\SRS(ISIC_2019)\Dataset\MEL\ISIC_0028218.jpg,isic_0028218,4,587b556c07254ed06a53d9313a84fd7efda3ea17defea2ace21b8c3721471618,7945,3
C:\SRS(ISIC_2019)\Dataset\MEL\ISIC_0028285.jpg,isic_0028285,4,c57ea4762286bbd0add35f81beba0220c60e19d4a508a794f42338d6eeecc534,7951,3
C:\SRS(ISIC_2019)\Dataset\MEL\ISIC_0028418.jpg,isic_0028418,4,f92c0154d905f5607b16eec88ed12c5e93b3c188c07c1b13d694dd4ce13de779,7963,3
C:\SRS(ISIC_2019)\Dataset\MEL\ISIC_0028460.jpg,isic_0028460,4,88629df157cb002fc03b8b5cfc981e6871b837c690083e8e2eb5e7e555f90ddd,7966,3
C:\SRS(ISIC_2019)\Dataset\MEL\ISIC_0028489.jpg,isic_0028489,4,0fd767b96923a9b100cc8efb41a05479135892066454b3ccef45396d23d2f2dc,7971,3
C:\SRS(ISIC_2019)\Dataset\MEL\ISIC_0028512.jpg,isic_0028512,4,e7f79a3fe1efb5a3ba69827c7f619043827b2da424df1eca60374c25a485446c,7975,3
C:\SRS(ISIC_2019)\Dataset\MEL\ISIC_0028567.jpg,isic_0028567,4,0d83700965cbc4ff353447fe1b4b3e2ca5d01ee1318f156cbf1e8aa0f220535c,7982,3
C:\SRS(ISIC_2019)\Dataset\MEL\ISIC_0028584.jpg,isic_0028584,4,f6e6d0a30d98ab315e3a2d12bccd604f413a3432c7de8e677fd80b23db9c83bb,7985,3
C:\SRS(ISIC_2019)\Dataset\MEL\ISIC_0028642.jpg,isic_0028642,4,abc252bd88a2de5cee077f7068eff5012d55b56ad79bbb52f30caf394881b370,7986,3
C:\SRS(ISIC_2019)\Dataset\MEL\ISIC_0028666.jpg,isic_0028666,4,42b271e10e679bec5d7f563ea7b3c7a8e94e2574104b2c50360ffec9b6f7307d,7988,3
C:\SRS(ISIC_2019)\Dataset\MEL\ISIC_0028847.jpg,isic_0028847,4,63d112013fd9756ed1a46fd48c69520b7833149909f7eb363315c2d9ff747846,7998,3
C:\SRS(ISIC_2019)\Dataset\MEL\ISIC_0028860.jpg,isic_0028860,4,b34b39e5a3db6127756228dfe9a29fbeb907b79807fa89faccb272d6717564ec,7999,3
C:\SRS(ISIC_2019)\Dataset\MEL\ISIC_0028897.jpg,isic_0028897,4,768010a1d712da6039117c59f35e7d90995818c6926c763e8927b6ad28af2d4e,8001,3
C:\SRS(ISIC_2019)\Dataset\MEL\ISIC_0028899.jpg,isic_0028899,4,7fa7368a8a9c4ad3254e2adb2c4bc6f72598d88bc1b3a25c64ba7660288f186e,8003,3
C:\SRS(ISIC_2019)\Dataset\MEL\ISIC_0028930.jpg,isic_0028930,4,bd0e8b7c1ecc557638c84211755c2a399ed22f260fd0c64c05b185b7e05a2d15,8009,3
C:\SRS(ISIC_2019)\Dataset\MEL\ISIC_0028984.jpg,isic_0028984,4,2e7cc87c78dd298da7b8a7091021bede406b9022145a0cee2a35939ed8a9beba,8013,3
C:\SRS(ISIC_2019)\Dataset\MEL\ISIC_0029013.jpg,isic_0029013,4,4c5c5e5b5f849d81ffd9c3dc7483bfd50ff62115caa2b712e4fad7961e394581,8015,3
C:\SRS(ISIC_2019)\Dataset\MEL\ISIC_0029081.jpg,isic_0029081,4,ab386ed9d5ba106e69ff1e8f25e8248aa3e6fc06f6ebbab84e4bb028ceb919de,8021,3
C:\SRS(ISIC_2019)\Dataset\MEL\ISIC_0029318.jpg,isic_0029318,4,109ae22a7a29f59a29085057738ec57b56d5cb9a5acf48cec3bee41fd8be933d,8041,3
C:\SRS(ISIC_2019)\Dataset\MEL\ISIC_0029397.jpg,isic_0029397,4,7a36abf12d8e36fbd90b231dc8bc6474c91d906a04e4c26a2e7d422757e1de45,8047,3
C:\SRS(ISIC_2019)\Dataset\MEL\ISIC_0029495.jpg,isic_0029495,4,98387d6d98f640266b32537f441d87eb724549317c8ca0cf5addf8c8a2d24b96,8053,3
C:\SRS(ISIC_2019)\Dataset\MEL\ISIC_0029547.jpg,isic_0029547,4,216995e211db5509f57923ff8bd5fdaeb1e47de4c07eda7ff737e4b3bffc997d,8058,3
C:\SRS(ISIC_2019)\Dataset\MEL\ISIC_0029575.jpg,isic_0029575,4,a684eee4758669a8e0647fe75ee96b38c306a5c263d3592635650fe5ea1d8311,8064,3
C:\SRS(ISIC_2019)\Dataset\MEL\ISIC_0029591.jpg,isic_0029591,4,72346eeedeb72d3fc9c4666432b7f02aacd23511974a07ce48a2a179a05d75e9,8065,3
C:\SRS(ISIC_2019)\Dataset\MEL\ISIC_0029705.jpg,isic_0029705,4,3f3ded673facbfd52b90c28787803e55840c800daba944e474ac7ef9cb280f34,8074,3
C:\SRS(ISIC_2019)\Dataset\MEL\ISIC_0029726.jpg,isic_0029726,4,d4125cd0dc53be57cfe75a9cbcdad8c47e30f466404f5e1346040d7b03e68e0b,8075,3
C:\SRS(ISIC_2019)\Dataset\MEL\ISIC_0029744.jpg,isic_0029744,4,d49e29b1079ceebaf50eb158133be502770eb5e3306bf7775120c1ffd32279c5,8077,3
C:\SRS(ISIC_2019)\Dataset\MEL\ISIC_0030047.jpg,isic_0030047,4,cd13c58774396ecb65a02d315ffc67ff9d473daad10274dc429a3116bf2e5628,8098,3
C:\SRS(ISIC_2019)\Dataset\MEL\ISIC_0030080.jpg,isic_0030080,4,b19d6d67d88a8e70ed7abd1cd46a52a553423d94766da6622fe79f67c59c6562,8100,3
C:\SRS(ISIC_2019)\Dataset\MEL\ISIC_0030083.jpg,isic_0030083,4,c4b87a486160b3cde114f2adcf761a714d33d43d6885c7d5f530df490ca7d817,8101,3
C:\SRS(ISIC_2019)\Dataset\MEL\ISIC_0030129.jpg,isic_0030129,4,f7d3e3d2f14b60a97a6b717b784343e51c3328d4c9337d6e501aa975d1c8ad76,8108,3
C:\SRS(ISIC_2019)\Dataset\MEL\ISIC_0030223.jpg,isic_0030223,4,f13eae3f6492de9177bb26a9d7ab0756232baf70dbcb5d19c9127eb41eb2bd13,8117,3
C:\SRS(ISIC_2019)\Dataset\MEL\ISIC_0030277.jpg,isic_0030277,4,1ae5217a6ae9365c74aeb3925a1b490b35c0339863aab0f44be46cab5a10b23a,8121,3
C:\SRS(ISIC_2019)\Dataset\MEL\ISIC_0030360.jpg,isic_0030360,4,9d33a24a55a48986dec7b776f0651623d318e418f46e8e1fca20a8db08f42f5f,8126,3
C:\SRS(ISIC_2019)\Dataset\MEL\ISIC_0030417.jpg,isic_0030417,4,00e387e00d532014b4db7c3136867360bbdb7cd3bd60470b18f0f2f17e44463b,8131,3
C:\SRS(ISIC_2019)\Dataset\MEL\ISIC_0030423.jpg,isic_0030423,4,36fc0ac85306d715f538e88862d336b851ebbc6344acc1e52f7fd099efcdc1d7,8132,3
C:\SRS(ISIC_2019)\Dataset\MEL\ISIC_0030440.jpg,isic_0030440,4,48bedbfb1beb339ce8d27618cc014ab8a2f79011bc06e1c14a9080472d733270,8133,3
C:\SRS(ISIC_2019)\Dataset\MEL\ISIC_0030445.jpg,isic_0030445,4,c75fd0e71ab4166f2f23dc0c0101c4707acb4197c2d63b76360bee8d408fe4ad,8135,3
C:\SRS(ISIC_2019)\Dataset\MEL\ISIC_0030512.jpg,isic_0030512,4,e1368aee9837037eee3a687ec0cbca9b93c0a32705ad1fef23acc9b93dac0b59,8139,3
C:\SRS(ISIC_2019)\Dataset\MEL\ISIC_0030564.jpg,isic_0030564,4,8c44c8b5d1ccdaaa42b66a02568922c80845b6cf8bf30adb54dd9f4d9db5107f,8143,3
C:\SRS(ISIC_2019)\Dataset\MEL\ISIC_0030604.jpg,isic_0030604,4,4b05700307129331aa1559fdd25d040547454e55d936cc8ee31bce2180c71ac0,8145,3
C:\SRS(ISIC_2019)\Dataset\MEL\ISIC_0030760.jpg,isic_0030760,4,cf2dd072bf89fe174606aabac11c567ebc0ce11d63774384cc3fa711a4f4e348,8156,3
C:\SRS(ISIC_2019)\Dataset\MEL\ISIC_0030995.jpg,isic_0030995,4,32865b25e1834d57056acdacaf01cf4d2b3adb710992eb8098deeaa42a15b09c,8174,3
C:\SRS(ISIC_2019)\Dataset\MEL\ISIC_0031023.jpg,isic_0031023,4,0b35d5358b43bccca10e0f351fcec8969e0df945d88aa7466fc939f0b7239cf4,8177,3
C:\SRS(ISIC_2019)\Dataset\MEL\ISIC_0031203.jpg,isic_0031203,4,40e5f9f2c7ff0750a19b0c7d14ece8d911273f0852b35b9847afe57c98ae010d,8188,3
C:\SRS(ISIC_2019)\Dataset\MEL\ISIC_0031233.jpg,isic_0031233,4,fa64976262a2a98d29e0c272192e50ea2703b661d8fe287cdb2ca188812c22b5,8190,3
C:\SRS(ISIC_2019)\Dataset\MEL\ISIC_0031303.jpg,isic_0031303,4,f5e7c5145c10464cccd15d6cb0e39306eca4cb0c18a6ce60eed63187a54e136b,8193,3
C:\SRS(ISIC_2019)\Dataset\MEL\ISIC_0031368.jpg,isic_0031368,4,66b8d021d8a93a2cc7e0fb4ff6f4c4df80402ff166adac154f54b4c1422e6fb1,8197,3
C:\SRS(ISIC_2019)\Dataset\MEL\ISIC_0031498.jpg,isic_0031498,4,1366a4c22e4466f4df210835c3b53a75e0bcb80b94e829aef7aaaafb60a18acc,8209,3
C:\SRS(ISIC_2019)\Dataset\MEL\ISIC_0031543.jpg,isic_0031543,4,0382d359763dfe7d05b4681e65d841b2d3a9d5472ed3a81456f496c5e7696e29,8213,3
C:\SRS(ISIC_2019)\Dataset\MEL\ISIC_0031545.jpg,isic_0031545,4,d30253b21cd82fde440526e07a2a566789b0f3acafa5f625e83509e1d006e10a,8214,3
C:\SRS(ISIC_2019)\Dataset\MEL\ISIC_0031709.jpg,isic_0031709,4,492ae8099a93f5bd98fc860e66fd042e70ecd9974051637628f795fe7ec0016d,8225,3
C:\SRS(ISIC_2019)\Dataset\MEL\ISIC_0031718.jpg,isic_0031718,4,af772cb75b97e7e6fac56114fd0688d0fafdb4fa96cad309cad41a90d600a9d1,8227,3
C:\SRS(ISIC_2019)\Dataset\MEL\ISIC_0031915.jpg,isic_0031915,4,948dadab3660c153fbb71581372340000520b20947a14e7e8ccf65b4556fd1f8,8240,3
C:\SRS(ISIC_2019)\Dataset\MEL\ISIC_0031931.jpg,isic_0031931,4,70fefe9388a120a0f09b29673469925f5bb156f9acbd546606f1d32050e77816,8241,3
C:\SRS(ISIC_2019)\Dataset\MEL\ISIC_0031941.jpg,isic_0031941,4,64dae2dbe3fbea2665e4660c9a23a0089e09f1c0b41480769ceb7a6cb8f18bc2,8242,3
C:\SRS(ISIC_2019)\Dataset\MEL\ISIC_0031977.jpg,isic_0031977,4,2b4aa6dcca867b47d77617310a8aea44eca2491000174768ddf99de55e365c52,8247,3
C:\SRS(ISIC_2019)\Dataset\MEL\ISIC_0032044.jpg,isic_0032044,4,94a74b829e52a6c3711183d6b6f24e5b139422a19ea907fd101caddc45bd3746,8252,3
C:\SRS(ISIC_2019)\Dataset\MEL\ISIC_0032070.jpg,isic_0032070,4,d2665560c0323379afdef8034246dafa619e61d216dd37e1bcc22c0cdf21b698,8254,3
C:\SRS(ISIC_2019)\Dataset\MEL\ISIC_0032149.jpg,isic_0032149,4,1394a00213e1980876e174c910cdec1fd8fb07887db5be427872f1ad13b7a50b,8262,3
C:\SRS(ISIC_2019)\Dataset\MEL\ISIC_0032197.jpg,isic_0032197,4,4a11e2394546a280edb108754caa9190955778bcd2ecb60033dd5207217f50f9,8268,3
C:\SRS(ISIC_2019)\Dataset\MEL\ISIC_0032207.jpg,isic_0032207,4,e5f8f9ebdf88db87c2574346f999c64ebfd340da95969595cc29ae8090124ed1,8270,3
C:\SRS(ISIC_2019)\Dataset\MEL\ISIC_0032244.jpg,isic_0032244,4,6885501c8361bf4d03a8231da9baf5a9a1737b0df677c5aafb82c7ebab96a806,8275,3
C:\SRS(ISIC_2019)\Dataset\MEL\ISIC_0032269.jpg,isic_0032269,4,218035d74d63152b10552f9f51904dc0c8a31bcbe4e06442815fb29ff38652b5,8280,3
C:\SRS(ISIC_2019)\Dataset\MEL\ISIC_0032308.jpg,isic_0032308,4,655d8b352a073402bdd11aa4c00551047a9f20358f7db2fddfbc474496ac259a,8282,3
C:\SRS(ISIC_2019)\Dataset\MEL\ISIC_0032372.jpg,isic_0032372,4,9f652bb1b78bb851abdf927b76dc93fbb19d8bc7e1d4462d535d3b6cf91b6c48,8285,3
C:\SRS(ISIC_2019)\Dataset\MEL\ISIC_0032447.jpg,isic_0032447,4,fe476403a7307e265bc4ea7064476e5e08e7d2ead6a797d89372a4dcde5c9b00,8296,3
C:\SRS(ISIC_2019)\Dataset\MEL\ISIC_0032466.jpg,isic_0032466,4,1944cc357e7d045dc21c31738c7226bfcce0c274decdc04e612ca714143cb2cf,8299,3
C:\SRS(ISIC_2019)\Dataset\MEL\ISIC_0032476.jpg,isic_0032476,4,1550a07039cf38340a2714b938dee966e752561d3f894864bf4018786c5a5de3,8300,3
C:\SRS(ISIC_2019)\Dataset\MEL\ISIC_0032517.jpg,isic_0032517,4,5403a6cbe9ac2bb4a65f2993eb8188f808c29fb9eb019feaa267de97bc4d22a5,8304,3
C:\SRS(ISIC_2019)\Dataset\MEL\ISIC_0032537.jpg,isic_0032537,4,2856acb5bc6058fc8e2e9dc5463e60080b8676ccec80811117e508b696f904e1,8311,3
C:\SRS(ISIC_2019)\Dataset\MEL\ISIC_0032547.jpg,isic_0032547,4,03c1f150dda69d3d6d170e0324bae9f384458000ec9abe81d07d0b70077d050f,8313,3
C:\SRS(ISIC_2019)\Dataset\MEL\ISIC_0032569.jpg,isic_0032569,4,c3c4cd9e1c2caef6ae5928eb187d160aca72816c1195c87641cafef7d74d6f88,8318,3
C:\SRS(ISIC_2019)\Dataset\MEL\ISIC_0032604.jpg,isic_0032604,4,6bd07afd74d73b2b59e43310df33ff01565545554367713bb145dc2c643164e8,8327,3
C:\SRS(ISIC_2019)\Dataset\MEL\ISIC_0032622.jpg,isic_0032622,4,5ba434b2cf1c1044e2589eee74546b08538486bf3f08f0c82ca3674a73eb9d4f,8330,3
C:\SRS(ISIC_2019)\Dataset\MEL\ISIC_0032624.jpg,isic_0032624,4,1cc8c0e5e549bafc8be3b518a567712646151c63568272ee38319ef38ed89e8c,8331,3
C:\SRS(ISIC_2019)\Dataset\MEL\ISIC_0032690.jpg,isic_0032690,4,0bb634615aa04444291da7946fa56299617a1e63ffa1bafd20fa74ed143c93de,8345,3
C:\SRS(ISIC_2019)\Dataset\MEL\ISIC_0032699.jpg,isic_0032699,4,8fe497fe69dea421d2b77cc5e0b44c333614268fb4c36de3116f36e3a299ba34,8348,3
C:\SRS(ISIC_2019)\Dataset\MEL\ISIC_0032716.jpg,isic_0032716,4,56908eff31801828c3783feb90934b43cc4abbc0d7a3647e4f200ee689ba6e83,8350,3
C:\SRS(ISIC_2019)\Dataset\MEL\ISIC_0032718.jpg,isic_0032718,4,bcc3a8a11e47f55f256d3044c36f6ca277b80034b5754988b1ec59635869227e,8351,3
C:\SRS(ISIC_2019)\Dataset\MEL\ISIC_0032723.jpg,isic_0032723,4,20ae7a17bb6823287a15762975e04db900f6a2e618b466f95f89c86f57e2284e,8353,3
C:\SRS(ISIC_2019)\Dataset\MEL\ISIC_0032806.jpg,isic_0032806,4,331c34fb429285e197f0dd5b13b3692d7fec580ea9d715fcd5ac2be940e57119,8366,3
C:\SRS(ISIC_2019)\Dataset\MEL\ISIC_0032841.jpg,isic_0032841,4,37edea0bfbccd6dabb3aa5bcb10799537a0fabd67d18d9a378b9ee4ec9298d0a,8374,3
C:\SRS(ISIC_2019)\Dataset\MEL\ISIC_0032845.jpg,isic_0032845,4,9719ee8030158c5715fb153107c69750e310c0962faa32d5d496d0af20c99cfd,8376,3
C:\SRS(ISIC_2019)\Dataset\MEL\ISIC_0032856.jpg,isic_0032856,4,420c2dec245c51a796e6eac9cb8ed3a0cbaad5e7b2341424c1134b494e7d060a,8378,3
C:\SRS(ISIC_2019)\Dataset\MEL\ISIC_0032872.jpg,isic_0032872,4,ed656216aaaa006f5116d367accfcd80b056e5a89fb57873d1bc162ee7088f59,8382,3
C:\SRS(ISIC_2019)\Dataset\MEL\ISIC_0032922.jpg,isic_0032922,4,4d65cf51eab563bd5ec1448f1ce343192be5b9b6b34fba2bd936bfd1a65dca8a,8395,3
C:\SRS(ISIC_2019)\Dataset\MEL\ISIC_0032985.jpg,isic_0032985,4,676c798916b7af55cc878c92203cd8ce0e559886be5f4f82d3e67de0e2bb335a,8412,3
C:\SRS(ISIC_2019)\Dataset\MEL\ISIC_0033004.jpg,isic_0033004,4,a40b45b67218b6df303a5b6ea9fde2666933d065ab92d1137434d2434b6fac38,8416,3
C:\SRS(ISIC_2019)\Dataset\MEL\ISIC_0033017.jpg,isic_0033017,4,9c5185e013047f5fb75678a237e01f5e894ab348292d38ab4de62a165ecae20f,8417,3
C:\SRS(ISIC_2019)\Dataset\MEL\ISIC_0033024.jpg,isic_0033024,4,cf6c5c4411c7098b4413e2698c054e5fb3e22d40afb8d8aabff12aaa8db786d9,8419,3
C:\SRS(ISIC_2019)\Dataset\MEL\ISIC_0033034.jpg,isic_0033034,4,04ae5ca98bec0c70b5535b2012058372f5d98ccf3a1acc0f2e00d5f545b0ed89,8422,3
C:\SRS(ISIC_2019)\Dataset\MEL\ISIC_0033047.jpg,isic_0033047,4,f3929d150546e83e34e9798cd102d21d2c92682b513fbe2009bec6668f3573a1,8426,3
C:\SRS(ISIC_2019)\Dataset\MEL\ISIC_0033081.jpg,isic_0033081,4,da3967f8149d3d7df41b8e7ccc7d68947df144bd25ee8f26d499189b0b848206,8435,3
C:\SRS(ISIC_2019)\Dataset\MEL\ISIC_0033117.jpg,isic_0033117,4,e8ddc0b9dbaac5857b281848b0976e64f39f5784411ae504dbb2a48758137397,8440,3
C:\SRS(ISIC_2019)\Dataset\MEL\ISIC_0033174.jpg,isic_0033174,4,ef9b0f0280962835385e3c7670f8d63d73b890dd46a6b838fc5df2806158be43,8450,3
C:\SRS(ISIC_2019)\Dataset\MEL\ISIC_0033178.jpg,isic_0033178,4,963e814eef070e6b02cadcd7074f2798939981c0da2157fa93eaac0d275ae3e9,8452,3
C:\SRS(ISIC_2019)\Dataset\MEL\ISIC_0033232.jpg,isic_0033232,4,543362b7e75e3b1f56b377698524ac064e30a9a2737c4118972afc14c2c8d027,8466,3
C:\SRS(ISIC_2019)\Dataset\MEL\ISIC_0033325.jpg,isic_0033325,4,e1d8a9bb6964be51cc743ef6b48e07637d2261337ee9cecd9cba48100cd7c080,8494,3
C:\SRS(ISIC_2019)\Dataset\MEL\ISIC_0033337.jpg,isic_0033337,4,04638da670ac995cd8a46c254dd5fc7d80423cbd4afc80b4710d9156808e0a2b,8497,3
C:\SRS(ISIC_2019)\Dataset\MEL\ISIC_0033392.jpg,isic_0033392,4,4bd9249e8b79d530b40ecf93ca2837c02eaf701816aa4b7bd43764ff3c790643,8504,3
C:\SRS(ISIC_2019)\Dataset\MEL\ISIC_0033393.jpg,isic_0033393,4,46fd43d9b24eaaa1569c4a1582e2fc04b82decad6191a22622c04a4973602dc4,8505,3
C:\SRS(ISIC_2019)\Dataset\MEL\ISIC_0033416.jpg,isic_0033416,4,0eba90e876dcb81e59c80b891c02888c0a3f525cc3000735e09df41f80fa431c,8510,3
C:\SRS(ISIC_2019)\Dataset\MEL\ISIC_0033440.jpg,isic_0033440,4,bf8eeeea356948b10d66a3420bd166aa1e325822dac08430802bca2ebda115ab,8517,3
C:\SRS(ISIC_2019)\Dataset\MEL\ISIC_0033485.jpg,isic_0033485,4,6273d4f37e12d826a6e1c45511102350cccd5933a05a5687ac45b401fc8fb43e,8527,3
C:\SRS(ISIC_2019)\Dataset\MEL\ISIC_0033524.jpg,isic_0033524,4,2868b3e9fe90e946e2aa5c0ebf8561ab03ce419847cb2a72354d43864e913c1e,8535,3
C:\SRS(ISIC_2019)\Dataset\MEL\ISIC_0033534.jpg,isic_0033534,4,d49bd342beae589afacad7df81ad5db2c05aaeef7e4e71a3e1f8ed747e4bd144,8538,3
C:\SRS(ISIC_2019)\Dataset\MEL\ISIC_0033546.jpg,isic_0033546,4,7977144bf43da5e951397f2233af97bda474c8174079874510474cdf4864c4b1,8541,3
C:\SRS(ISIC_2019)\Dataset\MEL\ISIC_0033603.jpg,isic_0033603,4,d803dfb2c640ced0a13cfe06763c21e7540ade273e5479480c551313ff03a4fd,8554,3
C:\SRS(ISIC_2019)\Dataset\MEL\ISIC_0033653.jpg,isic_0033653,4,ecc2ea10909e582c9211efa96528f1f952cea37755ae20b53479024aab57497f,8567,3
C:\SRS(ISIC_2019)\Dataset\MEL\ISIC_0033713.jpg,isic_0033713,4,5a18b2b91ff9b7725f763130483aa9bebbc1bf0d6370df42acd2a3ae2676b415,8582,3
C:\SRS(ISIC_2019)\Dataset\MEL\ISIC_0033773.jpg,isic_0033773,4,16e0a6bca849b11b7470c825a734d2d0c815690f11f3dfe6da69b70ee21f7e28,8589,3
C:\SRS(ISIC_2019)\Dataset\MEL\ISIC_0033779.jpg,isic_0033779,4,9e19ebafbf82875550f0019a054f8c4924ac6e980d684f7305b43c678baf0712,8590,3
C:\SRS(ISIC_2019)\Dataset\MEL\ISIC_0033848.jpg,isic_0033848,4,cf60ca3365e8e64a96ab15ea342341b22d42b63bebc575452886928e7ac1da80,8605,3
C:\SRS(ISIC_2019)\Dataset\MEL\ISIC_0033881.jpg,isic_0033881,4,55c884ab2f83bdd72ef754732a22eb855394ec769b883c8c4b64aa29c87165e5,8612,3
C:\SRS(ISIC_2019)\Dataset\MEL\ISIC_0033885.jpg,isic_0033885,4,7c4a3d0d171514d9c0cad5b1970532d2d996bb659d23842d01d5105e3d590ce3,8614,3
C:\SRS(ISIC_2019)\Dataset\MEL\ISIC_0033931.jpg,isic_0033931,4,945d3aa17bbf326c18cb0d2cf51747d97893b28dfb3268ee0c3c1a4ff0a65ccc,8622,3
C:\SRS(ISIC_2019)\Dataset\MEL\ISIC_0033938.jpg,isic_0033938,4,04d68c920b559612baea8a693ea40e2798e1d92b273f60191ad1d43dcf50acd3,8623,3
C:\SRS(ISIC_2019)\Dataset\MEL\ISIC_0033946.jpg,isic_0033946,4,57ac4bb13497fc2ceaac0e09b94c83888bd6468ef23d759440e71a4a8a097aeb,8625,3
C:\SRS(ISIC_2019)\Dataset\MEL\ISIC_0033981.jpg,isic_0033981,4,6d3d7442a994de10a26a946de9f342a6b3c8840252c069180976cdcf2b38b479,8636,3
C:\SRS(ISIC_2019)\Dataset\MEL\ISIC_0033986.jpg,isic_0033986,4,fc095726bbbb0ec502323f9a40c148d7abee49e13fbcfcc269b329ccbfe4a9ab,8638,3
C:\SRS(ISIC_2019)\Dataset\MEL\ISIC_0034005.jpg,isic_0034005,4,e1971a363e4917f4ee4357460242ff5c331e027672085f32a4fa0bee683acca3,8643,3
C:\SRS(ISIC_2019)\Dataset\MEL\ISIC_0034050.jpg,isic_0034050,4,fd881e3c268e42027c4599acc02f735c41ed1f0ffce7855b0f3fc7aae0a0d91c,8653,3
C:\SRS(ISIC_2019)\Dataset\MEL\ISIC_0034051.jpg,isic_0034051,4,262ee1bb77b05aa27378fccc0f200a16035383fdeaeee8c9561106edf56d2de5,8654,3
C:\SRS(ISIC_2019)\Dataset\MEL\ISIC_0034094.jpg,isic_0034094,4,12ef93ede2cc2d2ad0c918777f2d80a852816b31da0ac2bab970a7babf4d09bf,8669,3
C:\SRS(ISIC_2019)\Dataset\MEL\ISIC_0034134.jpg,isic_0034134,4,eeeaee4657fdc562a926f1801dba491f4ce94b9d2297726060ba91dadb0235cc,8679,3
C:\SRS(ISIC_2019)\Dataset\MEL\ISIC_0034141.jpg,isic_0034141,4,40653394720e0a9c1d2bdecd925bc2abe071ef51d2ab7df9fd4ab099957adc38,8681,3
C:\SRS(ISIC_2019)\Dataset\MEL\ISIC_0034180.jpg,isic_0034180,4,a1029da4351c912285dbeb36dfc2b3afaa41400981e813715dcd0653f43b7d93,8689,3
C:\SRS(ISIC_2019)\Dataset\MEL\ISIC_0034205.jpg,isic_0034205,4,cfcd9ef67dfd72eb15f35cad8175a55f09537a09528684a3f431a2dc9f01675d,8693,3
C:\SRS(ISIC_2019)\Dataset\MEL\ISIC_0034263.jpg,isic_0034263,4,9d578a96f24404aa4df9a97d91d2a38a97c07597cf1d737f725a34c7ef4a8ec2,8708,3
C:\SRS(ISIC_2019)\Dataset\MEL\ISIC_0034287.jpg,isic_0034287,4,8644526b2e272a73c5f32c87f9c45572d82065ae7a5dfb09cd63cbf9d30c5603,8712,3
C:\SRS(ISIC_2019)\Dataset\MEL\ISIC_0034294.jpg,isic_0034294,4,f7cdeeb2f50185f2951bb12644905f70ea622442ff92ba3cb78d21c686ee5b5b,8714,3
C:\SRS(ISIC_2019)\Dataset\MEL\ISIC_0053456.jpg,isic_0053456,4,5c9186a425f91d7645610b7a6d3edf487dc8729c1a36f1b3a9d51cf1d1c6170a,8719,3
C:\SRS(ISIC_2019)\Dataset\MEL\ISIC_0053503.jpg,isic_0053503,4,9ae93407d701e845033dbe2a42b60581e1bc9c8b33270b35bfb5f01e1317a527,8727,3
C:\SRS(ISIC_2019)\Dataset\MEL\ISIC_0053513.jpg,isic_0053513,4,d598d6296ebcb4a618405aeb1f16bc82085e5117216e0479adcfe14f43c2ae7d,8732,3
C:\SRS(ISIC_2019)\Dataset\MEL\ISIC_0053582.jpg,isic_0053582,4,94b1a3526ca4720d20f345b00dd81b3d83fa05f6669eff5c1a4d91eb721b54f8,8740,3
C:\SRS(ISIC_2019)\Dataset\MEL\ISIC_0053617.jpg,isic_0053617,4,92955af9eacfa044d41a67564881dc8089d840dafb344bd42d829ce8e82781d8,8745,3
C:\SRS(ISIC_2019)\Dataset\MEL\ISIC_0053660.jpg,isic_0053660,4,dfe69b3249c0683a340cdc1bbeb5a4f86ec7279640ef989daf5362b6b4a39d3b,8750,3
C:\SRS(ISIC_2019)\Dataset\MEL\ISIC_0053742.jpg,isic_0053742,4,018308910a10baafaec443b3d0b0bbfed624c09707ff572b1b4c6df20c7ddd80,8762,3
C:\SRS(ISIC_2019)\Dataset\MEL\ISIC_0053765.jpg,isic_0053765,4,9b37332abeb67ceab4f163a2a1ef6b238bfddc62f8e8ba6ef5655c9d64f29f54,8766,3
C:\SRS(ISIC_2019)\Dataset\MEL\ISIC_0053774.jpg,isic_0053774,4,3ab01e281b130cbc045f6bc102caae8c303f65ea2e696bb99e2e8b5e9c45842c,8768,3
C:\SRS(ISIC_2019)\Dataset\MEL\ISIC_0053796.jpg,isic_0053796,4,ca2cf58ef54b0d0fa55e1a3d2d6f521226eb1e4675b0bfb0fed7ef656b911c7a,8772,3
C:\SRS(ISIC_2019)\Dataset\MEL\ISIC_0053801.jpg,isic_0053801,4,cb24563202ad6e10952ca5161d07c6e0beefb1f8faebb882d10b3e60441c099a,8774,3
C:\SRS(ISIC_2019)\Dataset\MEL\ISIC_0053812.jpg,isic_0053812,4,188c197d8d15a592f92028f314e0501f791630694f8545f5830ec788e789796f,11270,3
C:\SRS(ISIC_2019)\Dataset\MEL\ISIC_0053884.jpg,isic_0053884,4,f46d53fad0f6f45b8b451f6b49d158d91621b2659349e3e43cc1e324245ee798,8788,3
C:\SRS(ISIC_2019)\Dataset\MEL\ISIC_0053891.jpg,isic_0053891,4,0e991a69158b819ce8f8b6bc7a05cb066f20aacbb46e76a3b6f0af898956ea87,8789,3
C:\SRS(ISIC_2019)\Dataset\MEL\ISIC_0053960.jpg,isic_0053960,4,4c1c6c2b98ea6db172cf986a435c1daf12c97d51eddf403242b83c29b4fbdd84,8796,3
C:\SRS(ISIC_2019)\Dataset\MEL\ISIC_0053980.jpg,isic_0053980,4,31389d4a68706a30a8ecb5b2be8f5c955e113ae02213bb9c3a237adacbe2d2c6,8799,3
C:\SRS(ISIC_2019)\Dataset\MEL\ISIC_0053985.jpg,isic_0053985,4,ae84938517fd0216b624e95957381a2f44e902cf59e0b94ecf62088bc58ae62a,8801,3
C:\SRS(ISIC_2019)\Dataset\MEL\ISIC_0054025.jpg,isic_0054025,4,79e15c5f6f671110a40acc851f852fa50a3d9eecc12f844ccd37a5d122d0f396,8806,3
C:\SRS(ISIC_2019)\Dataset\MEL\ISIC_0054087.jpg,isic_0054087,4,8edbffc5d71450849ade9f72d63b9deec96ca97fea9ca1765cd7ce1fb22b6311,8819,3
C:\SRS(ISIC_2019)\Dataset\MEL\ISIC_0054112.jpg,isic_0054112,4,85f296a2a034b5d6fb6024cc3bf8b96708a61b099495d55e0247e94c0e582238,8823,3
C:\SRS(ISIC_2019)\Dataset\MEL\ISIC_0054123.jpg,isic_0054123,4,d7e664b61c751779904197b4382736f3043d4fd6323ed482871219621ee992c6,8824,3
C:\SRS(ISIC_2019)\Dataset\MEL\ISIC_0054198.jpg,isic_0054198,4,0bd101064ffa4c8f3edb85ea6ca1734678eec772b5a28c697de5f1baa0b63451,8835,3
C:\SRS(ISIC_2019)\Dataset\MEL\ISIC_0054220.jpg,isic_0054220,4,f1a7e09c41f5bddc0306d517d87f5d95d673300b7d64939feb14a39ac6564058,8838,3
C:\SRS(ISIC_2019)\Dataset\MEL\ISIC_0054229.jpg,isic_0054229,4,8d4877085aaf2a370346eb9aa575acb5847cf8c018a1f230623bb65b4c89d33f,8840,3
C:\SRS(ISIC_2019)\Dataset\MEL\ISIC_0054284.jpg,isic_0054284,4,5a29df164249abe29f97097c8e0f545cfd1d024096e6a549817ceadbc6f01ad4,8847,3
C:\SRS(ISIC_2019)\Dataset\MEL\ISIC_0054302.jpg,isic_0054302,4,12dd38efeff11464fda832165a9ca5e338dc7eaf23f21b0892876d63df510546,8853,3
C:\SRS(ISIC_2019)\Dataset\MEL\ISIC_0054332.jpg,isic_0054332,4,a9a7fec48bcfc272a76d991ece35da8820d31ba567c3b0c9cc721cfb4deae44e,8857,3
C:\SRS(ISIC_2019)\Dataset\MEL\ISIC_0054341.jpg,isic_0054341,4,6c83761caed8496bd81f0adc572456338a4b4cc91985ca724d22502f63e1889f,8859,3
C:\SRS(ISIC_2019)\Dataset\MEL\ISIC_0054385.jpg,isic_0054385,4,b074a47783037a482050fa0ffe6fff6ad330ca3a20130cbdeac4b9a965263d4a,8866,3
C:\SRS(ISIC_2019)\Dataset\MEL\ISIC_0054391.jpg,isic_0054391,4,10931ddd6205af0d7453a989ad6df8f1e5507e27a6adf725f09ff6d8052f4e83,8867,3
C:\SRS(ISIC_2019)\Dataset\MEL\ISIC_0054434.jpg,isic_0054434,4,14f581e347a7bf4bebbca8fc598fb6c4765cc40afd8dc259dec1b69a3918b97a,8871,3
C:\SRS(ISIC_2019)\Dataset\MEL\ISIC_0054444.jpg,isic_0054444,4,59d67f8ff2983b7e9b3dd55380c986344de27806002efa3e2a84c53a483b98ca,8872,3
C:\SRS(ISIC_2019)\Dataset\MEL\ISIC_0054465.jpg,isic_0054465,4,dee2e826837e43f63df8021ea678b0edf4dc59e0ecab60d73702c693d0b7fcf0,8877,3
C:\SRS(ISIC_2019)\Dataset\MEL\ISIC_0054497.jpg,isic_0054497,4,f5ca0c9cad4a4934e9a50881d49b082ee93fdb098e479c987b0b2ac544e3d8bd,8880,3
C:\SRS(ISIC_2019)\Dataset\MEL\ISIC_0054573.jpg,isic_0054573,4,b762c08d145340f755de12206891e1b2a27ce4a548f20d962a661799cfa0f95a,8891,3
C:\SRS(ISIC_2019)\Dataset\MEL\ISIC_0054599.jpg,isic_0054599,4,52b925ca730381abbe7c240f08b79e9e3160365e361f21c7f8cca7968a21c8b4,8892,3
C:\SRS(ISIC_2019)\Dataset\MEL\ISIC_0054710.jpg,isic_0054710,4,337e0726d5b86f55101b7b796c55769504860a2ed07b79120db974899ad0a0e6,8908,3
C:\SRS(ISIC_2019)\Dataset\MEL\ISIC_0054744.jpg,isic_0054744,4,35536ece864088b5dfdd0f6195c6f0261c94c181617bdebaf8fb893ae874232b,8912,3
C:\SRS(ISIC_2019)\Dataset\MEL\ISIC_0054747.jpg,isic_0054747,4,6b64069cc9a249d21fc0647ee5aa7c9527d32cc1f2f7911600e7c9f857a4f5bc,8913,3
C:\SRS(ISIC_2019)\Dataset\MEL\ISIC_0054756.jpg,isic_0054756,4,0b00970f353589f2b09d83fef8ab8265de540568d8f72be81e728194d944392d,8915,3
C:\SRS(ISIC_2019)\Dataset\MEL\ISIC_0054819.jpg,isic_0054819,4,7bd47f815592f904568e5db163651416b25fdf7222ef161d9caa636f93bc6f3f,8924,3
C:\SRS(ISIC_2019)\Dataset\MEL\ISIC_0054912.jpg,isic_0054912,4,abf0dde0ba4ebe9ed452a83cde7eea5c81da328b1442c69cb86ee02d37a04fe8,8939,3
C:\SRS(ISIC_2019)\Dataset\MEL\ISIC_0054914.jpg,isic_0054914,4,7231bf1457a62d861bfa55dbfebd8ca2f45aa474c5cc213e859ad8e56c735976,8940,3
C:\SRS(ISIC_2019)\Dataset\MEL\ISIC_0054973.jpg,isic_0054973,4,fa0499b99c98cf85130b0e6c307323577181aca5ef59a2ee579895f1508da84a,8947,3
C:\SRS(ISIC_2019)\Dataset\MEL\ISIC_0055003.jpg,isic_0055003,4,657d1473a4d3f91dc6839e380dcbc33732ea3eb0560c1ed236074abf630f7b12,8954,3
C:\SRS(ISIC_2019)\Dataset\MEL\ISIC_0055022.jpg,isic_0055022,4,41ecaf19856067e50ae2aa504736c11e0ad9b5d9976f37324656e1b3f359d89f,8957,3
C:\SRS(ISIC_2019)\Dataset\MEL\ISIC_0055048.jpg,isic_0055048,4,bc6b194ce1efd591390e31c786a43da8afbfe228500717ccea731ed51fb9b007,8961,3
C:\SRS(ISIC_2019)\Dataset\MEL\ISIC_0055051.jpg,isic_0055051,4,fc59d808f19fd795d10232b5cc3b4ad01b2822d8ddff622b1db37b939400a20d,8962,3
C:\SRS(ISIC_2019)\Dataset\MEL\ISIC_0055141.jpg,isic_0055141,4,8c00d9aa8b1ec455590947decc6b70a2eed8936c135850c042810cda8253a793,8972,3
C:\SRS(ISIC_2019)\Dataset\MEL\ISIC_0055193.jpg,isic_0055193,4,2eb27e57238a37a6a749d00a6f028715edd98993250a981b224bec11866d1c0e,8983,3
C:\SRS(ISIC_2019)\Dataset\MEL\ISIC_0055213.jpg,isic_0055213,4,8f81afe94fd0f0e662e24ea84229ea134868a7c1ba493cec216c546d0fe08d91,8986,3
C:\SRS(ISIC_2019)\Dataset\MEL\ISIC_0055226.jpg,isic_0055226,4,cba55627eabf6fb908b33fdccf9b0e8f2c46fc70358529726e77e3f218f9ac77,8987,3
C:\SRS(ISIC_2019)\Dataset\MEL\ISIC_0055249.jpg,isic_0055249,4,8acff5971e04f4a22068ac86e48fe23b07a9c4a29552d6bbd8c501cdbb0701cb,8991,3
C:\SRS(ISIC_2019)\Dataset\MEL\ISIC_0055253.jpg,isic_0055253,4,ca94189005e108dcc4734ae6666d933976e64eddb5a48919137f20bf2dff15fa,8992,3
C:\SRS(ISIC_2019)\Dataset\MEL\ISIC_0055276.jpg,isic_0055276,4,ee8bc002ebdcfd7c4c14eab69028d658561c84d66aa634797e688b1828fe83cc,8996,3
C:\SRS(ISIC_2019)\Dataset\MEL\ISIC_0055474.jpg,isic_0055474,4,8efb857c80de3856e99d9c37467db25c2eb8b4675baefe877c9c2846615bbed4,9036,3
C:\SRS(ISIC_2019)\Dataset\MEL\ISIC_0055511.jpg,isic_0055511,4,2e6ea0c18fb39ca0a91e9b50e7fff7b7c0be96ae3270239ca5e369733f4a2799,9042,3
C:\SRS(ISIC_2019)\Dataset\MEL\ISIC_0055526.jpg,isic_0055526,4,e6e4d0b477f574ec935fab0bada13d3630f027781473983bd317b731db02fccd,9045,3
C:\SRS(ISIC_2019)\Dataset\MEL\ISIC_0055665.jpg,isic_0055665,4,aa96a8c1302650821b3c798f562d9c0aa5c4937bd1ff320cc842488d97b0c73e,9058,3
C:\SRS(ISIC_2019)\Dataset\MEL\ISIC_0055709.jpg,isic_0055709,4,ceda79b611dcaf0d3cf2cc96e96ec025458d899a363661fdce193f61cba83d11,9065,3
C:\SRS(ISIC_2019)\Dataset\MEL\ISIC_0055739.jpg,isic_0055739,4,952eae7ab929b05a03fbc15042e6f3fb4c1efa38f48e34746a85cb19d5fdc816,9069,3
C:\SRS(ISIC_2019)\Dataset\MEL\ISIC_0055783.jpg,isic_0055783,4,1de35160945adcac3446774796fe8d32ed48d536f8a6d60762011231ed904838,9078,3
C:\SRS(ISIC_2019)\Dataset\MEL\ISIC_0055799.jpg,isic_0055799,4,0aea94e80afe0b3340bb61c3f8e43aaaa4a5ae67cd334a772cb5412fcedbfbd1,9081,3
C:\SRS(ISIC_2019)\Dataset\MEL\ISIC_0055887.jpg,isic_0055887,4,26d5e3134d7a2426f0adaad744a4404d9bb934020ec5fb23a215a6ee1427fd47,9095,3
C:\SRS(ISIC_2019)\Dataset\MEL\ISIC_0056019.jpg,isic_0056019,4,28c3ad2d3938f9431f38605f61d0fb0435c8c48c5012ee922997bd05349dfaec,9113,3
C:\SRS(ISIC_2019)\Dataset\MEL\ISIC_0056041.jpg,isic_0056041,4,f3d6decb0d2c2653d8275308a2edf67213a4325f77f23ac02e499693a6539a23,9115,3
C:\SRS(ISIC_2019)\Dataset\MEL\ISIC_0056079.jpg,isic_0056079,4,0794863184b5472d3ddbb2cf5817f0ac22688a19d0fdecd99930a5b1b12757a7,9121,3
C:\SRS(ISIC_2019)\Dataset\MEL\ISIC_0056102.jpg,isic_0056102,4,130b07e2194dbaf5d38c5eb72a5f7f519aec26d661657f0261c6560d2ccaeca0,9124,3
C:\SRS(ISIC_2019)\Dataset\MEL\ISIC_0056185.jpg,isic_0056185,4,4b6385ac0b1d784e76c9e978b0412bc9180913fb89d83ed51024741d9e39cd1a,9137,3
C:\SRS(ISIC_2019)\Dataset\MEL\ISIC_0056247.jpg,isic_0056247,4,37ae5ef456c150353e4067e9d848704c6ae18715940b6d254694770139016cf1,9152,3
C:\SRS(ISIC_2019)\Dataset\MEL\ISIC_0056261.jpg,isic_0056261,4,b5440731353d45d363d5d2701e2eb74ef79ca4b5e21b8b9cb020b958036f94e0,9153,3
C:\SRS(ISIC_2019)\Dataset\MEL\ISIC_0056303.jpg,isic_0056303,4,857d4d1e4815144da599e4701f32ae2f8c2f3bff5f696ab6acda1bbf4a99f5b8,9159,3
C:\SRS(ISIC_2019)\Dataset\MEL\ISIC_0056406.jpg,isic_0056406,4,58dca970f7c54b5b3a7f2a83487913f4dc4292fa3a4cce122a07c2824283ebc7,9167,3
C:\SRS(ISIC_2019)\Dataset\MEL\ISIC_0056425.jpg,isic_0056425,4,664e3fcaa5bb0b2519615394bace48bcb433827d7370f080cd7d3693baaf3fe0,9171,3
C:\SRS(ISIC_2019)\Dataset\MEL\ISIC_0056428.jpg,isic_0056428,4,cfa0c7bfe5c0cc61759b7cca540b4b6476f6b06baba657910c7260352dce2341,9172,3
C:\SRS(ISIC_2019)\Dataset\MEL\ISIC_0056484.jpg,isic_0056484,4,8237e37ebc9fa900587efd9e0bd88f8b79cb8ffd567f5c7b8c5b29b3eca8a310,9178,3
C:\SRS(ISIC_2019)\Dataset\MEL\ISIC_0056600.jpg,isic_0056600,4,2163501e5c5e9b9aa7335cb466206a01765105eab107dc4083b867328f8c77b5,9190,3
C:\SRS(ISIC_2019)\Dataset\MEL\ISIC_0056615.jpg,isic_0056615,4,cdd3afa56f91ced6221e71425552ba07aa26941c514e2265cac3c09954be86c9,9194,3
C:\SRS(ISIC_2019)\Dataset\MEL\ISIC_0056626.jpg,isic_0056626,4,3dc115b6317120c718c6ed55ea38fa8f777039b2e006ed2184f1cde46f344307,9196,3
C:\SRS(ISIC_2019)\Dataset\MEL\ISIC_0056670.jpg,isic_0056670,4,92a9359b1e3e00c0834cc4ed6358050e3c2a5b9a9bab62ccd11aa30b89fa3de9,9203,3
C:\SRS(ISIC_2019)\Dataset\MEL\ISIC_0056676.jpg,isic_0056676,4,8e52ca3dbf57a31fb8f6b373954e89b44df0b47313843690927840efa2f8c216,9204,3
C:\SRS(ISIC_2019)\Dataset\MEL\ISIC_0056692.jpg,isic_0056692,4,2f76eef720844d862aa7557d0601b7ace94dbcab99acf3be945a4715ae73cc39,9206,3
C:\SRS(ISIC_2019)\Dataset\MEL\ISIC_0056723.jpg,isic_0056723,4,0799640e7e26681eca487d2127154296ee73877ebc263baf937277635b62a2ec,9211,3
C:\SRS(ISIC_2019)\Dataset\MEL\ISIC_0056726.jpg,isic_0056726,4,55958a2641deca4962113b2d63b06a3604b9114145ef34e717fe5eabebdc4115,9213,3
C:\SRS(ISIC_2019)\Dataset\MEL\ISIC_0056729.jpg,isic_0056729,4,32fc4fb91f4ff314b08f105d2888aabcbf044b150a4e7090f1d175eb0b681d78,9215,3
C:\SRS(ISIC_2019)\Dataset\MEL\ISIC_0056740.jpg,isic_0056740,4,793ccc9c622159af0301c670728a600a205088b9b7c46d1b4e2fccf52fecb5b5,9217,3
C:\SRS(ISIC_2019)\Dataset\MEL\ISIC_0056860.jpg,isic_0056860,4,2a635f1d38b271520d4312819d374807cdec90aa0bdf408fd359efc77d84a872,9233,3
C:\SRS(ISIC_2019)\Dataset\MEL\ISIC_0056863.jpg,isic_0056863,4,c68effeb3448c2eb8382ae6261a6681638f0734d87609ba6c9f136d7c9629708,9234,3
C:\SRS(ISIC_2019)\Dataset\MEL\ISIC_0056900.jpg,isic_0056900,4,09aa65fc5454215df68a473d9054484424281480b573683157d7b2dae7e160a3,9237,3
C:\SRS(ISIC_2019)\Dataset\MEL\ISIC_0056901.jpg,isic_0056901,4,4bb2f2f1e44190852d0203b5894d655851aef6c6aba05b8eee901da4bf8062ba,9238,3
C:\SRS(ISIC_2019)\Dataset\MEL\ISIC_0056926.jpg,isic_0056926,4,71f14118b46526273bbc52218791cfad0471d98dad02c0fe56d41736bd19b98a,9244,3
C:\SRS(ISIC_2019)\Dataset\MEL\ISIC_0056974.jpg,isic_0056974,4,1a6a4ea2883948e4194c157ee9ffec8a8b5a114abf2b6348e32b79a06d5866d7,9251,3
C:\SRS(ISIC_2019)\Dataset\MEL\ISIC_0056988.jpg,isic_0056988,4,52b054a7489ccee8a69456e62ae4c6416c820d48da87d6042f0ba159e7583d06,9256,3
C:\SRS(ISIC_2019)\Dataset\MEL\ISIC_0057044.jpg,isic_0057044,4,d506536aaec9bd624b29b26971a1730aa4f70c9c0ab460710a729552f527a468,9267,3
C:\SRS(ISIC_2019)\Dataset\MEL\ISIC_0057148.jpg,isic_0057148,4,dacdb9b994e54d986439f5aa46c3eeb7bdb51b86818430256ac4dfcb318a7c1a,9275,3
C:\SRS(ISIC_2019)\Dataset\MEL\ISIC_0057155.jpg,isic_0057155,4,ecb6736093927936bcd925fc9865de3128d6d1d91b3bd836d31ce07c77245c39,9276,3
C:\SRS(ISIC_2019)\Dataset\MEL\ISIC_0057164.jpg,isic_0057164,4,6c8e1aef5e050d34d3a54949162f11b8267faecba8fe33c1e75e8121c001dcf9,9277,3
C:\SRS(ISIC_2019)\Dataset\MEL\ISIC_0057234.jpg,isic_0057234,4,7f4194c99490ca3e91bd603519f5c0d5be5ed883af5bd1208f3d48a0acac1b3d,9288,3
C:\SRS(ISIC_2019)\Dataset\MEL\ISIC_0057252.jpg,isic_0057252,4,172f52c607c23fdb97b68d2da2aceeba7d007dbe8e548218471504b0004f8844,9292,3
C:\SRS(ISIC_2019)\Dataset\MEL\ISIC_0057257.jpg,isic_0057257,4,093046184d9c880616399bfa7c82302c465551e2644cb2a7805d2e8df51cdd4e,9293,3
C:\SRS(ISIC_2019)\Dataset\MEL\ISIC_0057302.jpg,isic_0057302,4,41a277f001447dbd03fefa0dc5ef78f8734b4b40c1ce42c8c9d4660e10d00cdd,9297,3
C:\SRS(ISIC_2019)\Dataset\MEL\ISIC_0057313.jpg,isic_0057313,4,29d2aae7b2ad7d83c6b5301c46de0bec2a92e39c6b4d3c988b28e6407ab441aa,9299,3
C:\SRS(ISIC_2019)\Dataset\MEL\ISIC_0057338.jpg,isic_0057338,4,fa511502ecbdcfe851ce9beed4bc9cb48e73580affd106ea3c8eb8011f7d6835,9304,3
C:\SRS(ISIC_2019)\Dataset\MEL\ISIC_0057362.jpg,isic_0057362,4,5ae67aa335cae969e69a3f18fe9b22e95d55b63c1f44f4716bd892d5dc01dda9,9306,3
C:\SRS(ISIC_2019)\Dataset\MEL\ISIC_0057390.jpg,isic_0057390,4,7a635d258dc43e3a0ee5a0681abce0735308ccfd2a2cc6d3d2f700d1baa4f1cd,9311,3
C:\SRS(ISIC_2019)\Dataset\MEL\ISIC_0057406.jpg,isic_0057406,4,4fbb7931661501a1814461d3ec45cd5e72e1ac62cecf4ec617c57de2df341183,9314,3
C:\SRS(ISIC_2019)\Dataset\MEL\ISIC_0057412.jpg,isic_0057412,4,3d1a45f639d3fcad21340c5e556757a25a2c079f5fc24a42a772d572c98fcdc8,9316,3
C:\SRS(ISIC_2019)\Dataset\MEL\ISIC_0057462.jpg,isic_0057462,4,0bfb062668c6fad9494399691a5bb7cb82131e3a542b7dec08dbc047e1e17cf1,9321,3
C:\SRS(ISIC_2019)\Dataset\MEL\ISIC_0057534.jpg,isic_0057534,4,152850d349444ca7a7e44c8a4a2fe46019f0f0633ecd0e30347e33db658156e5,9326,3
C:\SRS(ISIC_2019)\Dataset\MEL\ISIC_0057550.jpg,isic_0057550,4,010573604fb64411a64e5a10719ab72f43a9b5db555510418099d2bcd32be12f,9329,3
C:\SRS(ISIC_2019)\Dataset\MEL\ISIC_0057554.jpg,isic_0057554,4,591c944d11ad8e7cb53f82dab472ebf2719aa42f26810f1451778cf83d4e2f04,9330,3
C:\SRS(ISIC_2019)\Dataset\MEL\ISIC_0057556.jpg,isic_0057556,4,afd72666ed9e43f7b03d49bf8b8eefc8b681e1871f818137606af88c22e363b9,9331,3
C:\SRS(ISIC_2019)\Dataset\MEL\ISIC_0057655.jpg,isic_0057655,4,0dca9f3eadac34efe3914e15e893c74621e977c124af1bef63899a08db363a3e,9342,3
C:\SRS(ISIC_2019)\Dataset\MEL\ISIC_0057656.jpg,isic_0057656,4,f72d881a84081c527e714c437bcb6358c46e9c8b32c996108598f60c2fdb74b6,9343,3
C:\SRS(ISIC_2019)\Dataset\MEL\ISIC_0057661.jpg,isic_0057661,4,bae46f7a264e148a3c20fdd6e97f120e27a24423dda9e3200c624d5ff0f54044,9344,3
C:\SRS(ISIC_2019)\Dataset\MEL\ISIC_0057672.jpg,isic_0057672,4,ec58e1d8570b37fe4e2ee3eb358f761d07fab3efc9b40c75c1d93aae45b685cb,9346,3
C:\SRS(ISIC_2019)\Dataset\MEL\ISIC_0057723.jpg,isic_0057723,4,0816c74c215cca789d61280bafc7d0c3936812afa4e29cd31767fa6733d7541c,9353,3
C:\SRS(ISIC_2019)\Dataset\MEL\ISIC_0057787.jpg,isic_0057787,4,cfc50250f7d404556aeecd7a57b9f1ffc70677208d6d909ceb28a967b19136f8,9366,3
C:\SRS(ISIC_2019)\Dataset\MEL\ISIC_0057963.jpg,isic_0057963,4,78e704a29a1aea5500f41d0c7450068b38610863502e2f9ee046e35e57f4ca48,9390,3
C:\SRS(ISIC_2019)\Dataset\MEL\ISIC_0058016.jpg,isic_0058016,4,dc62226fb8e3b0f9eec87f31d754155ce974f1428edb2d3f9e110a4146e348f7,9401,3
C:\SRS(ISIC_2019)\Dataset\MEL\ISIC_0058036.jpg,isic_0058036,4,10f97e29fee7366c26b99db7cbd806df1f27245ef845d0419f80e55b2e94ea27,9406,3
C:\SRS(ISIC_2019)\Dataset\MEL\ISIC_0058050.jpg,isic_0058050,4,85e0d744394f6d7952c1403c7fd7c86da23a05b81f8c4398a8c91e0cb5ade8e5,9410,3
C:\SRS(ISIC_2019)\Dataset\MEL\ISIC_0058098.jpg,isic_0058098,4,a8d0c6784057df4b7f078ddb4a23d2b12768e1d508245220f4fc0234d89169ac,9416,3
C:\SRS(ISIC_2019)\Dataset\MEL\ISIC_0058173.jpg,isic_0058173,4,314991d3459e53fdfa7cb6eb79af80734c94b51824aefa2f71304b153e8ed647,9427,3
C:\SRS(ISIC_2019)\Dataset\MEL\ISIC_0058176.jpg,isic_0058176,4,6af36229aa6331a7fbc732a5c84ba47a4d234cca43985bebc6e19dd66fdbf868,9429,3
C:\SRS(ISIC_2019)\Dataset\MEL\ISIC_0058196.jpg,isic_0058196,4,9505f279616db1762159ff61dcaf8a8d4a2f5454f87b311d7568449724796ada,9431,3
C:\SRS(ISIC_2019)\Dataset\MEL\ISIC_0058237.jpg,isic_0058237,4,f3d1a1b5722302621d2ace6f23fb16b5528169df071deab1c1bc8c587f11970d,9435,3
C:\SRS(ISIC_2019)\Dataset\MEL\ISIC_0058331.jpg,isic_0058331,4,87e774298519d7f73eaa08edb5d4c7580d476df2da47a0e4d9aab31d3ba85215,9449,3
C:\SRS(ISIC_2019)\Dataset\MEL\ISIC_0058332.jpg,isic_0058332,4,b93e423774032ecd6fa423e6e471d4caf8992fee3f7b0770d699375ee7c3ae19,9450,3
C:\SRS(ISIC_2019)\Dataset\MEL\ISIC_0058341.jpg,isic_0058341,4,561286581f5f1193cac527a9a995b4a8082911c289387e4e8e037a809553beed,9451,3
C:\SRS(ISIC_2019)\Dataset\MEL\ISIC_0058344.jpg,isic_0058344,4,b32b9c84986f4c9f8bb28f785c1244508fa990de592245bb0311cb9a6566692b,9452,3
C:\SRS(ISIC_2019)\Dataset\MEL\ISIC_0058368.jpg,isic_0058368,4,0e6fd4a6a62501f085b418b22a658add6d4e428ed3d2ee55976e356e02fdfe57,9457,3
C:\SRS(ISIC_2019)\Dataset\MEL\ISIC_0058432.jpg,isic_0058432,4,ad8a04a424ba90680b76d3247b237fec623c694c0e0b4e14144e6fa4690946e2,9469,3
C:\SRS(ISIC_2019)\Dataset\MEL\ISIC_0058526.jpg,isic_0058526,4,d690f2532903ad709258fdc6c6c29bb3d5f640108cbb61fdeed13d6551426bca,9482,3
C:\SRS(ISIC_2019)\Dataset\MEL\ISIC_0058580.jpg,isic_0058580,4,57a8083bf8526a3da60d3919685490987f827e00343d0e9e63fc32c964a42a0c,9487,3
C:\SRS(ISIC_2019)\Dataset\MEL\ISIC_0058607.jpg,isic_0058607,4,f4cdaaa29cab8d03d2f30acc455c337f395a702aab827003cf851bde29535dcb,9489,3
C:\SRS(ISIC_2019)\Dataset\MEL\ISIC_0058608.jpg,isic_0058608,4,f7048fb2d99fe3c721e5b36ec265a3933aeccd7c8c1ada805ab247cf9fb5a267,9490,3
C:\SRS(ISIC_2019)\Dataset\MEL\ISIC_0058625.jpg,isic_0058625,4,8d9330b3c87fa9bc795adf18b00bb154b5bd427f6f5a67cf905f6385e7dfd7d0,9492,3
C:\SRS(ISIC_2019)\Dataset\MEL\ISIC_0058630.jpg,isic_0058630,4,364e7809c683b2a868d138a0a96989f0c334da2bbacde786928e6c00b2fce383,9493,3
C:\SRS(ISIC_2019)\Dataset\MEL\ISIC_0058658.jpg,isic_0058658,4,8233a6cceaa681229d030d5251853b37150074e1710b4ea8fe8f94018124ee6a,9499,3
C:\SRS(ISIC_2019)\Dataset\MEL\ISIC_0058763.jpg,isic_0058763,4,99296536fe036597dd156bd01630c63bfb675945ce3e0781300e33516e265a0c,9510,3
C:\SRS(ISIC_2019)\Dataset\MEL\ISIC_0058790.jpg,isic_0058790,4,ac8625709185d0c600ce551ee8b3cf577768e0313f0cace0a2cc78834cd3a63d,9514,3
C:\SRS(ISIC_2019)\Dataset\MEL\ISIC_0058791.jpg,isic_0058791,4,8e6718fb747c4514d731c6fa605de85176e5fd948584e0346c25c0b40800be98,9515,3
C:\SRS(ISIC_2019)\Dataset\MEL\ISIC_0058858.jpg,isic_0058858,4,adf870d7c0a47dbdb07fc64a3d335d4e4eb8b316ee53a76335744849bed33b15,9524,3
C:\SRS(ISIC_2019)\Dataset\MEL\ISIC_0058957.jpg,isic_0058957,4,90de8c412942e89e13162709e50d781059e86cb8b3cac46d3cd7769f5384c8bc,9536,3
C:\SRS(ISIC_2019)\Dataset\MEL\ISIC_0059037.jpg,isic_0059037,4,e09769be8796755728ddbf8ee06275fa3176806b84f40d1c4ae19c25ac1753dd,9542,3
C:\SRS(ISIC_2019)\Dataset\MEL\ISIC_0059065.jpg,isic_0059065,4,15e95a18b9d97ac70e5b7bcc29d6d25065639b2561ccf908222dbe72526984c9,9545,3
C:\SRS(ISIC_2019)\Dataset\MEL\ISIC_0059082.jpg,isic_0059082,4,28b4084f1b66b136d29e93e492c44fe5242f90256dc7239a2d4591176e040093,9552,3
C:\SRS(ISIC_2019)\Dataset\MEL\ISIC_0059170.jpg,isic_0059170,4,22df3df46ee0d8a64dac564b018ce6fada64c6ecdbe3255e3461e6824974deb9,9563,3
C:\SRS(ISIC_2019)\Dataset\MEL\ISIC_0059202.jpg,isic_0059202,4,4c1abed2a44f91e491fcc14beb5dbf29f28af923f95d0b10e053b541f35830b7,9567,3
C:\SRS(ISIC_2019)\Dataset\MEL\ISIC_0059218.jpg,isic_0059218,4,a5580d58b8ec4ab9ee21d2c47a3cc5425cdaeb0db7c8b3cd10005ecf208192a6,9570,3
C:\SRS(ISIC_2019)\Dataset\MEL\ISIC_0059219.jpg,isic_0059219,4,9d20c747cc4bd9df4f70b66d79ce9f5797c1aed50ad17bcd146113e2babb4226,9571,3
C:\SRS(ISIC_2019)\Dataset\MEL\ISIC_0059301.jpg,isic_0059301,4,ab01c66c56cf8ad51a02e0340f009eab47e276f7a21553cbebb461aa491b360b,9582,3
C:\SRS(ISIC_2019)\Dataset\MEL\ISIC_0059318.jpg,isic_0059318,4,875ace40242be334531b98f1602bfe596797b7b170ed99441c130f7977371000,9585,3
C:\SRS(ISIC_2019)\Dataset\MEL\ISIC_0059346.jpg,isic_0059346,4,38eb09978eb714d69490f49c431237c0d967c2f2da4eea6d0abbc405079bac24,9589,3
C:\SRS(ISIC_2019)\Dataset\MEL\ISIC_0059435.jpg,isic_0059435,4,f9ab442d96d19f364f94a930f081c019ca444ddb145741877b6e5f1b02d4b0bb,9607,3
C:\SRS(ISIC_2019)\Dataset\MEL\ISIC_0059448.jpg,isic_0059448,4,1246beca083279e3101ac0dd069d4cf1e59c04385dff3c6f9ea60a971fe10f5e,9611,3
C:\SRS(ISIC_2019)\Dataset\MEL\ISIC_0059481.jpg,isic_0059481,4,cc4349f9fe0d0372af1ddb2d6b34ed3ed3d5bf14f10102b936c3dec8efb1d727,9614,3
C:\SRS(ISIC_2019)\Dataset\MEL\ISIC_0059493.jpg,isic_0059493,4,233992945a751eaddb8ec3546e1c4bff975c96780536bdca8b23655625d7c55a,9618,3
C:\SRS(ISIC_2019)\Dataset\MEL\ISIC_0059495.jpg,isic_0059495,4,030828b2acfbf762a68a4ea3b035dc178c27ff22e440d0209d194eaf90853b1d,9619,3
C:\SRS(ISIC_2019)\Dataset\MEL\ISIC_0059512.jpg,isic_0059512,4,bb966ed2b768a93f56343fed06a5ccc47e25259f6f5938c6707a37e4d57ab4cd,9621,3
C:\SRS(ISIC_2019)\Dataset\MEL\ISIC_0059532.jpg,isic_0059532,4,552323aab02984df4a715452e4f34d8728a419709b6e04b5fb882336dc20da89,9624,3
C:\SRS(ISIC_2019)\Dataset\MEL\ISIC_0059538.jpg,isic_0059538,4,9040ded3ed5b53935f4068e1f22b7f093d6a5ca0dc4b1bba84dab994f2fbe2eb,9625,3
C:\SRS(ISIC_2019)\Dataset\MEL\ISIC_0059569.jpg,isic_0059569,4,debaf4134b6634c8e421cf349d991ff61583d483f329620bab3e6ec88d107f1a,9629,3
C:\SRS(ISIC_2019)\Dataset\MEL\ISIC_0059597.jpg,isic_0059597,4,3abd1b5029bc19a9d2529e661b988ed6d310b8cbddf98cb9c48fe71f15edde3e,9632,3
C:\SRS(ISIC_2019)\Dataset\MEL\ISIC_0059611.jpg,isic_0059611,4,636cef077da80d9d5b48aaaf045310249052eb99d49f6ea7682a6ce5ba69a603,9636,3
C:\SRS(ISIC_2019)\Dataset\MEL\ISIC_0059750.jpg,isic_0059750,4,3281c1eab5f1d4330e9cbac9bc72ff1765c0ec2f382be6584718e1446bc9acc7,9650,3
C:\SRS(ISIC_2019)\Dataset\MEL\ISIC_0059770.jpg,isic_0059770,4,ca87ebd2df9310e19a1bab06c921be3ac7fbd4d7fbe1910864d2f023826fb0ac,9654,3
C:\SRS(ISIC_2019)\Dataset\MEL\ISIC_0059830.jpg,isic_0059830,4,905938140f77a1f2b640141f6ab2ad0b6cacf2ab6411197c0d4335b144b09343,9663,3
C:\SRS(ISIC_2019)\Dataset\MEL\ISIC_0059836.jpg,isic_0059836,4,c6df2d3b2bbb3ccf4860f79f7c28aae3aaf9acda961763cf3f1a8ea8694373bb,9664,3
C:\SRS(ISIC_2019)\Dataset\MEL\ISIC_0059855.jpg,isic_0059855,4,134ff2abcb57ee18b7243969e55de7be036a42891ff10d72bb5f52830221790a,9666,3
C:\SRS(ISIC_2019)\Dataset\MEL\ISIC_0059897.jpg,isic_0059897,4,3a3dfab3e3e92c135cd9bd2313c062742376304f2b3a6269c7d04fbd3ead10e1,9673,3
C:\SRS(ISIC_2019)\Dataset\MEL\ISIC_0059905.jpg,isic_0059905,4,1c6ab3817b92c170bfc3e2a6e37fb06269396ae40db9f2bb53b6910591d9fc0e,9675,3
C:\SRS(ISIC_2019)\Dataset\MEL\ISIC_0060080.jpg,isic_0060080,4,6f988188a12c070093d1a0590e6460cab2b78eeab981db96a42b7a4ae006943c,9689,3
C:\SRS(ISIC_2019)\Dataset\MEL\ISIC_0060150.jpg,isic_0060150,4,29955ed23393ce7bb90802897a5d02ee6b027624267faea960e253ed5c06f58c,9702,3
C:\SRS(ISIC_2019)\Dataset\MEL\ISIC_0060152.jpg,isic_0060152,4,032125cbeb591753733525734f9ce60d8e9add9e30b2c229511a7eb87c5ca790,9703,3
C:\SRS(ISIC_2019)\Dataset\MEL\ISIC_0060225.jpg,isic_0060225,4,c4e3f85c12d1e9f73cbd25889be6f6ae6e443f3b778f0854d075d5a670eedcfa,9715,3
C:\SRS(ISIC_2019)\Dataset\MEL\ISIC_0060228.jpg,isic_0060228,4,a3793e389e5360a259198fa068dfce1e17255f1db96fcf45744444af111496be,9716,3
C:\SRS(ISIC_2019)\Dataset\MEL\ISIC_0060340.jpg,isic_0060340,4,8da97794554c0eb4f1bf9f67d0da89e13470170c8a3204f936c0b4d1f25a7bc9,9731,3
C:\SRS(ISIC_2019)\Dataset\MEL\ISIC_0060342.jpg,isic_0060342,4,4afab775d092d83fddeb5985ba13e4ed68f324729873a23083f9be4befe069e2,9733,3
C:\SRS(ISIC_2019)\Dataset\MEL\ISIC_0060376.jpg,isic_0060376,4,19e7f841a6b519921faaa4ae1a146e36e7f20f46027f63ce1edd19b7283691a6,9736,3
C:\SRS(ISIC_2019)\Dataset\MEL\ISIC_0060377.jpg,isic_0060377,4,5cb4c6f393f024466e6f3826db4950cf74c07f733611347d10a2a57547cb7f15,9737,3
C:\SRS(ISIC_2019)\Dataset\MEL\ISIC_0060406.jpg,isic_0060406,4,e0727dd6cd626e0feda4f9191afff7a07162a180f51d2f321ffdece17fcc6af3,9745,3
C:\SRS(ISIC_2019)\Dataset\MEL\ISIC_0060446.jpg,isic_0060446,4,efd5832b9f9f9c1c758b5857a220ebbabe30b2de49d58d832da8fb765722118f,9747,3
C:\SRS(ISIC_2019)\Dataset\MEL\ISIC_0060465.jpg,isic_0060465,4,9cb426d1e36b33bc1372a06833635bd0cdae5f9ddd885bf811f31954265a03b0,9749,3
C:\SRS(ISIC_2019)\Dataset\MEL\ISIC_0060481.jpg,isic_0060481,4,4cf626113286dc5d55b23131cb7ed8eeff96f07a420074322d7ca29d9bdc6f3a,9750,3
C:\SRS(ISIC_2019)\Dataset\MEL\ISIC_0060487.jpg,isic_0060487,4,1deed139ffe96de629480063eff72dfb29adc88019986d697fb7c425205da2c8,9751,3
C:\SRS(ISIC_2019)\Dataset\MEL\ISIC_0060585.jpg,isic_0060585,4,927bb0c6e7ab239cebd831e8e09c630e0eafa232284c374597ce1d28d7a407c1,9766,3
C:\SRS(ISIC_2019)\Dataset\MEL\ISIC_0060629.jpg,isic_0060629,4,9b0ba57fb9fd3cb3a3f2cdbccf54bba9b20300c7f51910349b94bb4216f8b2bb,9771,3
C:\SRS(ISIC_2019)\Dataset\MEL\ISIC_0060653.jpg,isic_0060653,4,f833ba07f9430916b28977b750650040065f4ebe41acb820d2e7a01db576342d,9775,3
C:\SRS(ISIC_2019)\Dataset\MEL\ISIC_0060656.jpg,isic_0060656,4,caf15bf45c12804f129415826081bb7297de1285e3bce1164f24e382f3acca48,9777,3
C:\SRS(ISIC_2019)\Dataset\MEL\ISIC_0060665.jpg,isic_0060665,4,c981eb7b1594712bec227456979bdc452179d04ac606828d0cc833e2df2f9d5d,9780,3
C:\SRS(ISIC_2019)\Dataset\MEL\ISIC_0060700.jpg,isic_0060700,4,63d672124e4540f3090fe0af37e78095c5a9c87c3c3551435b9bcbcd412569d6,9788,3
C:\SRS(ISIC_2019)\Dataset\MEL\ISIC_0060713.jpg,isic_0060713,4,b580b87b05ecd2b57671ef0dc891b2e155ff0ffe0f2fc2f72be688c75ce92d7b,9790,3
C:\SRS(ISIC_2019)\Dataset\MEL\ISIC_0060773.jpg,isic_0060773,4,b66addf65a023d2730a40102db592ce897761f37564023fac9041aa4a2c0f5cc,9802,3
C:\SRS(ISIC_2019)\Dataset\MEL\ISIC_0060834.jpg,isic_0060834,4,7e41811df1815b56365a465664f6986420a919521137b412719fd53e0c316b1d,9808,3
C:\SRS(ISIC_2019)\Dataset\MEL\ISIC_0060893.jpg,isic_0060893,4,23b14a8005cc34d12a110b4262a0c9e295c8dbbf48a68f95868b0fc862d00fcf,9814,3
C:\SRS(ISIC_2019)\Dataset\MEL\ISIC_0060934.jpg,isic_0060934,4,5075cbdeb6eafb069c556f313bc02c9499630ad7fd08a0d63e8e68bde79bb043,9816,3
C:\SRS(ISIC_2019)\Dataset\MEL\ISIC_0060975.jpg,isic_0060975,4,0f15f0213be5f800592f66941ee7eaeddcb6ffdaebdf04f189f83df9e129e5c2,9826,3
C:\SRS(ISIC_2019)\Dataset\MEL\ISIC_0060979.jpg,isic_0060979,4,05fea8761f96dc6f4b4c025abc8d8639ebdcedab5f0a0cbff3d089269bcce2a8,9828,3
C:\SRS(ISIC_2019)\Dataset\MEL\ISIC_0061002.jpg,isic_0061002,4,82269dec85d9fab55a45f8a62059390f56cb5364ffeaa772187e0c97d14b9979,9832,3
C:\SRS(ISIC_2019)\Dataset\MEL\ISIC_0061092.jpg,isic_0061092,4,6c6d75ea35646a1975bc48f4600395f4b61afd92b639b0ca00a3811774711d9d,9851,3
C:\SRS(ISIC_2019)\Dataset\MEL\ISIC_0061112.jpg,isic_0061112,4,a79ba6cd923958f8b551afc0fa169acc2c67bc92065dff28b718bfef25783dea,9854,3
C:\SRS(ISIC_2019)\Dataset\MEL\ISIC_0061127.jpg,isic_0061127,4,4a473ec75d2cabd5a3d652d825d2a1ba65d45e6ccb60ba753fd508069ea6ec30,9856,3
C:\SRS(ISIC_2019)\Dataset\MEL\ISIC_0061139.jpg,isic_0061139,4,4e9e98f39cfdcdfe817649afbf124bfd4ce0e0057b212ab349f8bfc202eb6962,9859,3
C:\SRS(ISIC_2019)\Dataset\MEL\ISIC_0061158.jpg,isic_0061158,4,50f7cbac150979ee47f3dd350f759ed27073b43055c6af10e60cddaeca16ca56,9862,3
C:\SRS(ISIC_2019)\Dataset\MEL\ISIC_0061184.jpg,isic_0061184,4,0fa1de500cd416347777313d7aa2bc2bc29dd898ea48393b61487779a348489f,9867,3
C:\SRS(ISIC_2019)\Dataset\MEL\ISIC_0061250.jpg,isic_0061250,4,04475198cd01b2f834fff8a0e5095cc733844bd14ef8336bb1b1d41b0c4aaae0,9875,3
C:\SRS(ISIC_2019)\Dataset\MEL\ISIC_0061261.jpg,isic_0061261,4,2118f297d3032be40a5ded605bfe2742a07712c124c774472b8a9d12f8eb5c3e,9879,3
C:\SRS(ISIC_2019)\Dataset\MEL\ISIC_0061293.jpg,isic_0061293,4,1f6806b5c49f79dfae2aaf2d7ee591f55591921af5f6f3139d1ef5d52f6a6f76,9883,3
C:\SRS(ISIC_2019)\Dataset\MEL\ISIC_0061334.jpg,isic_0061334,4,91a91a87edd3f5f88eb9d31506da062836d02325c12607c1f350ca6d8701f1cd,9887,3
C:\SRS(ISIC_2019)\Dataset\MEL\ISIC_0061418.jpg,isic_0061418,4,37a8f4d9c27c40796879125295def04cf4dffdcacc169de5fed65baad13b5eae,9901,3
C:\SRS(ISIC_2019)\Dataset\MEL\ISIC_0061446.jpg,isic_0061446,4,b9170473757ae1c372bf37dbda892a362869d5ea7fb78d7b389454a20bef8b1c,9903,3
C:\SRS(ISIC_2019)\Dataset\MEL\ISIC_0061502.jpg,isic_0061502,4,77861efb53bde839a24ebda06e29f09b538e84f8400752aee6c431d4fff1c459,9910,3
C:\SRS(ISIC_2019)\Dataset\MEL\ISIC_0061566.jpg,isic_0061566,4,820ea34e62a7d63400dd3a0373e1836e9873b416767ff55257a0e2114c0d76b9,9924,3
C:\SRS(ISIC_2019)\Dataset\MEL\ISIC_0061580.jpg,isic_0061580,4,eb8fcb58aecbf4e6c487eb6609ad7aa2f00f2ccc09b3550d697e829c0abf9440,9926,3
C:\SRS(ISIC_2019)\Dataset\MEL\ISIC_0061624.jpg,isic_0061624,4,cc0bd1fdc00f542448d5b5598f519cbb57bf834310fe8803e8d5d8d53d1b3796,9932,3
C:\SRS(ISIC_2019)\Dataset\MEL\ISIC_0061625.jpg,isic_0061625,4,9d25280a9feeadcce923b9889ff8bbc5a14b96b65d36dbce852d1d26c6ef0255,9933,3
C:\SRS(ISIC_2019)\Dataset\MEL\ISIC_0061626.jpg,isic_0061626,4,7c26b8a8b8a00e12c0686cb2f841e332c825fcb3d789259fafaa9d5b41d914a0,9934,3
C:\SRS(ISIC_2019)\Dataset\MEL\ISIC_0061636.jpg,isic_0061636,4,2155427f4ee07194672499b3b2ebf0e94c332d2510171449c9361dee243380ec,9937,3
C:\SRS(ISIC_2019)\Dataset\MEL\ISIC_0061660.jpg,isic_0061660,4,c662b05303321161121828e50d869733f37f2b27fb603a470d287d35ba0e7c4a,9940,3
C:\SRS(ISIC_2019)\Dataset\MEL\ISIC_0061705.jpg,isic_0061705,4,9c2010557717301036e972440f4e72725eaab831974274ae45ed8e5ede601714,9949,3
C:\SRS(ISIC_2019)\Dataset\MEL\ISIC_0061715.jpg,isic_0061715,4,5e76885e26dd999d67d606f9ef38ce01848282780b6c513e545dd5678f309f59,9953,3
C:\SRS(ISIC_2019)\Dataset\MEL\ISIC_0061735.jpg,isic_0061735,4,378cbfcaf83dbe87061e98de5f1a686dce54a8dad66b87871276b296c5791c90,9954,3
C:\SRS(ISIC_2019)\Dataset\MEL\ISIC_0061741.jpg,isic_0061741,4,43e936a801e67931d234737941184360e349c57c4f694db0a4eb56413b6f2351,9955,3
C:\SRS(ISIC_2019)\Dataset\MEL\ISIC_0061770.jpg,isic_0061770,4,a9dd561f8ef57186c6949f4e032b12d58c9fd65b969e034c27659d343ee3cab9,9959,3
C:\SRS(ISIC_2019)\Dataset\MEL\ISIC_0061829.jpg,isic_0061829,4,df630f04e0a4b79d2c80c50249d0fac3c34c21d9bbfa11302d0286be68d30492,9966,3
C:\SRS(ISIC_2019)\Dataset\MEL\ISIC_0061848.jpg,isic_0061848,4,3b7543a711aa40f29088d57186710edc57047e07ee21692bd89950cb2fb8ad89,9969,3
C:\SRS(ISIC_2019)\Dataset\MEL\ISIC_0061870.jpg,isic_0061870,4,37cc4e2bd456f3e18b042d6699f08dd9c388c5e68e69c9adf245f011e62125bf,9970,3
C:\SRS(ISIC_2019)\Dataset\MEL\ISIC_0061880.jpg,isic_0061880,4,0007b9184c09f03b8f24b1242cd13f477707f0664df21fb9da40d781cf99788d,9971,3
C:\SRS(ISIC_2019)\Dataset\MEL\ISIC_0061884.jpg,isic_0061884,4,97859737322cf02e3370300daa675008410990d8e4ae024704aad8f3c22cb543,9972,3
C:\SRS(ISIC_2019)\Dataset\MEL\ISIC_0061921.jpg,isic_0061921,4,60e2a7fd8dec8b28ce4393fefb13344e9f7ea7aa82d3ceeec5eac51ea241efbc,9979,3
C:\SRS(ISIC_2019)\Dataset\MEL\ISIC_0061971.jpg,isic_0061971,4,6b9c78918dbe18b8ed7f506912761fd73d3a7979d2e324a5b854051be5e3bfe5,9990,3
C:\SRS(ISIC_2019)\Dataset\MEL\ISIC_0062042.jpg,isic_0062042,4,31c973d5dbca7118e414d939b7521fcbe23b4ec0871c9cc8b6e0020f763fd4b3,10000,3
C:\SRS(ISIC_2019)\Dataset\MEL\ISIC_0062048.jpg,isic_0062048,4,d9e0ec55866513976c8a2a8a8778c439ac39fb97256e033029c0b458edcdcbf3,10001,3
C:\SRS(ISIC_2019)\Dataset\MEL\ISIC_0062112.jpg,isic_0062112,4,fe8151a1ffd9f8e5735cbb35821c10abd0375bef2474239776c48fc52e7734c8,10012,3
C:\SRS(ISIC_2019)\Dataset\MEL\ISIC_0062138.jpg,isic_0062138,4,cb3947a7c50c98024ede085a5418c5195fb3f0fa3f871e2ead425920a31f5590,10017,3
C:\SRS(ISIC_2019)\Dataset\MEL\ISIC_0062196.jpg,isic_0062196,4,f18d5a3621902e312da9834cb847be14e69f90efcb4eb275ffa0b45a05a566df,10027,3
C:\SRS(ISIC_2019)\Dataset\MEL\ISIC_0062241.jpg,isic_0062241,4,c912d56bd27354d678e110b7afa95f5576cbc3f0b0e60f5160040da60bce1807,10033,3
C:\SRS(ISIC_2019)\Dataset\MEL\ISIC_0062296.jpg,isic_0062296,4,62865367a4f12e18adef0f1d0a21a1f5957365394967d5f1416ebdb98a0eb5eb,10038,3
C:\SRS(ISIC_2019)\Dataset\MEL\ISIC_0062325.jpg,isic_0062325,4,41f93a4fb13fd6ba9f6cc1ded03b734cf5c3eae3101c10833433f5231d943bb7,10044,3
C:\SRS(ISIC_2019)\Dataset\MEL\ISIC_0062442.jpg,isic_0062442,4,74d9a6f34f5573ab95370dbc1c0e15f14bdc112ea346137097d67c6f8b108d37,10058,3
C:\SRS(ISIC_2019)\Dataset\MEL\ISIC_0062443.jpg,isic_0062443,4,804b06a4b4ef8513a1a8169c41ff0e78e3d72dff62c01f33ca5dd76e0774a817,10059,3
C:\SRS(ISIC_2019)\Dataset\MEL\ISIC_0062454.jpg,isic_0062454,4,679e0c7525f14d2e1463aa917b379887c3fb4b67bd111b94c3215a04a14bd1d6,10061,3
C:\SRS(ISIC_2019)\Dataset\MEL\ISIC_0062628.jpg,isic_0062628,4,c089f5d5d6ff498739d942e237a5915dd9f8ddc5fdb91b3e60b767a397e41506,10087,3
C:\SRS(ISIC_2019)\Dataset\MEL\ISIC_0062632.jpg,isic_0062632,4,e33f9ada112f99784b38f5eb5a6faa1133687f455a2c22184d0e592a729cfaa4,10088,3
C:\SRS(ISIC_2019)\Dataset\MEL\ISIC_0062636.jpg,isic_0062636,4,253212088abe85a9980a1aa2f425e3400a30237980e95b1885b178c04294b350,10090,3
C:\SRS(ISIC_2019)\Dataset\MEL\ISIC_0062686.jpg,isic_0062686,4,0aebdf17507c09698cb1a88cc50acfecc239120757892f765872031cc3ce40be,10096,3
C:\SRS(ISIC_2019)\Dataset\MEL\ISIC_0062712.jpg,isic_0062712,4,96ba014fa5be0feb3061c5e04116b43a8df13e1d10dc0e7612ad40c27d91c0b1,10101,3
C:\SRS(ISIC_2019)\Dataset\MEL\ISIC_0062713.jpg,isic_0062713,4,b2c0b5582deb02c298fcfcb2e93a55d942b63fdf3d68a43ad25c3de86692e83f,10102,3
C:\SRS(ISIC_2019)\Dataset\MEL\ISIC_0062734.jpg,isic_0062734,4,34bb9f6c2b572392c3faacd5b1a0035f6c7a4d45ee9404ff594431ce5ccc6005,10105,3
C:\SRS(ISIC_2019)\Dataset\MEL\ISIC_0062869.jpg,isic_0062869,4,321d58ff85a4a225ce09036836be83d2bd71c6c1c4654c2deb9aeefb82e774c9,10120,3
C:\SRS(ISIC_2019)\Dataset\MEL\ISIC_0062908.jpg,isic_0062908,4,47f26725a815eec89fbb20366cb7c7d35e13e354c42076b902b04958a7b7b01c,10122,3
C:\SRS(ISIC_2019)\Dataset\MEL\ISIC_0062954.jpg,isic_0062954,4,65639d864c11c596bf2bbda8b5069eea2a65f623547da219a29424d676e0707c,10130,3
C:\SRS(ISIC_2019)\Dataset\MEL\ISIC_0062991.jpg,isic_0062991,4,b7d78685d6c8956750618bd8b65b91f0d7df3160afd2b021330f50eb0d5fc4c6,10136,3
C:\SRS(ISIC_2019)\Dataset\MEL\ISIC_0063018.jpg,isic_0063018,4,c467e3841ea4e0212565264704f3285cca5d6a87739122e0d38010fdf1c40f18,10140,3
C:\SRS(ISIC_2019)\Dataset\MEL\ISIC_0063056.jpg,isic_0063056,4,795b7ce6e1fd0bb49de036b72e834262b1e643648f3943f02ebf4776889917d7,10145,3
C:\SRS(ISIC_2019)\Dataset\MEL\ISIC_0063102.jpg,isic_0063102,4,b2d8c2335b4e59c4ce50d8559ef76165d51d88d1bc5d0e0711906640a5d5b183,10155,3
C:\SRS(ISIC_2019)\Dataset\MEL\ISIC_0063153.jpg,isic_0063153,4,31757fecdabce3c1f80db5e50ed4578dd281345aa1c79b686bc01aff5e23174c,10165,3
C:\SRS(ISIC_2019)\Dataset\MEL\ISIC_0063168.jpg,isic_0063168,4,e91a3e35d9dbe02d718d029889395ae8ef3a5fd599b8b8bb48c9dcd3b6dab22d,10168,3
C:\SRS(ISIC_2019)\Dataset\MEL\ISIC_0063172.jpg,isic_0063172,4,14bd23b9c765266941867819a27d38fc4d3e1842603da49c6dde09f2b27571ce,10169,3
C:\SRS(ISIC_2019)\Dataset\MEL\ISIC_0063180.jpg,isic_0063180,4,f8caf311914d205173fed3c2adfd408a940a045367b7d1f989719086e8d6ca7b,10171,3
C:\SRS(ISIC_2019)\Dataset\MEL\ISIC_0063225.jpg,isic_0063225,4,9141d0c5d1072bd4337b4169cb2e65c4f92de17effb85ed754e247fd02abfa2f,10180,3
C:\SRS(ISIC_2019)\Dataset\MEL\ISIC_0063233.jpg,isic_0063233,4,4af1a201d01f58a7aa61c02d32fb3ccdf42f894af01b4a1506e75cf1fea75378,10182,3
C:\SRS(ISIC_2019)\Dataset\MEL\ISIC_0063295.jpg,isic_0063295,4,851d06a0394152d41600857efd2c38c6d55cfab6473cf8b9a1c3100b35239818,10192,3
C:\SRS(ISIC_2019)\Dataset\MEL\ISIC_0063367.jpg,isic_0063367,4,ed31d4213b82d9589f05a13e754774989b4974b52f4953044de8bc9ec31ff5e4,10199,3
C:\SRS(ISIC_2019)\Dataset\MEL\ISIC_0063475.jpg,isic_0063475,4,8acc952cbae0f8ffca755f03381451970302c46f0bc72f38f4fdd1e73911d3dc,10215,3
C:\SRS(ISIC_2019)\Dataset\MEL\ISIC_0063551.jpg,isic_0063551,4,919ee44179ca09d96866928f5d11ad49ff55d3738425c07ac8aff6a2de8954f0,10222,3
C:\SRS(ISIC_2019)\Dataset\MEL\ISIC_0063568.jpg,isic_0063568,4,862cd6f2b6da92249f096c2ba2be1753bdf8973538d5584d372490895f9d7e8b,10223,3
C:\SRS(ISIC_2019)\Dataset\MEL\ISIC_0063601.jpg,isic_0063601,4,b3c7a0fda3aa7e9ea35dda73b985ccb81c3e3f4e209baaade9d5c838e8336551,10226,3
C:\SRS(ISIC_2019)\Dataset\MEL\ISIC_0063693.jpg,isic_0063693,4,d82ddfda732926085676c9b3401aae36643cf864e6f90dea3447f7dcd9d6bb68,10238,3
C:\SRS(ISIC_2019)\Dataset\MEL\ISIC_0063727.jpg,isic_0063727,4,8da261fa14b4fb2082b7d8539dfb96221cafd6eb34bcc2f33deb15c40c56016e,10243,3
C:\SRS(ISIC_2019)\Dataset\MEL\ISIC_0063753.jpg,isic_0063753,4,114a665acc709506864b7e715d13b9b9598b261b6590e2799ae3645c23f17722,10247,3
C:\SRS(ISIC_2019)\Dataset\MEL\ISIC_0063757.jpg,isic_0063757,4,d1862d25ca32a5ea7a96048866f58b8ecf5e69a395730a81957e81901010caaa,10248,3
C:\SRS(ISIC_2019)\Dataset\MEL\ISIC_0063769.jpg,isic_0063769,4,1fbf6623f4d8547b54adcaced8124a58fa4da9437d3730feb564fb4361cd2e13,10250,3
C:\SRS(ISIC_2019)\Dataset\MEL\ISIC_0063795.jpg,isic_0063795,4,72d43acf17fe5181efb87420a2b46c47b25ef3c36254d47d7e9404785b85ea51,10254,3
C:\SRS(ISIC_2019)\Dataset\MEL\ISIC_0063852.jpg,isic_0063852,4,fdede9e4899c6e9adc699c7c602cc842eb324f4f6df6fdf1b29850a8ed3c5978,10263,3
C:\SRS(ISIC_2019)\Dataset\MEL\ISIC_0063866.jpg,isic_0063866,4,f7d8c30553910024ce98c9a91cb7caa34d3fa8919885839313551a6f4b5d3c4e,10264,3
C:\SRS(ISIC_2019)\Dataset\MEL\ISIC_0063897.jpg,isic_0063897,4,107e47fcdeb43f4e7a598d19fdc779fcfd35d0d088db464e64257415c3350160,10269,3
C:\SRS(ISIC_2019)\Dataset\MEL\ISIC_0063961.jpg,isic_0063961,4,97a34f29f83c48131d9ffaea9a03cdcb1e5a6d732b295cff70f4d80aae714639,10279,3
C:\SRS(ISIC_2019)\Dataset\MEL\ISIC_0063971.jpg,isic_0063971,4,4295dc07d4dd6a38ad105f7a5796c2a181323a7e2374854b8a8887bceaff7962,10280,3
C:\SRS(ISIC_2019)\Dataset\MEL\ISIC_0063992.jpg,isic_0063992,4,e3f73e795d86ecced49a959195949028ae075cf1c2268c7593ba2f4a166f44e4,10284,3
C:\SRS(ISIC_2019)\Dataset\MEL\ISIC_0064023.jpg,isic_0064023,4,a7055777b55a17b1f9bfe219c1234a200ecf790183e4754067e3e058cd5e32d1,10289,3
C:\SRS(ISIC_2019)\Dataset\MEL\ISIC_0064033.jpg,isic_0064033,4,68db3e25e5cbb69395ba318b16a6d4ce62f98cca2cbc3ea88cd3b56e5c01de59,10291,3
C:\SRS(ISIC_2019)\Dataset\MEL\ISIC_0064073.jpg,isic_0064073,4,9788f6e4bb4a9b42de22626097bea033fd5789bb7be04beff892ef69db5a8aa4,10298,3
C:\SRS(ISIC_2019)\Dataset\MEL\ISIC_0064129.jpg,isic_0064129,4,bfa4f855b82815849b5bae0053cd696032df96e5f42df69ede976da7a5b8517a,10310,3
C:\SRS(ISIC_2019)\Dataset\MEL\ISIC_0064141.jpg,isic_0064141,4,58510544cc4166872400da777da238f8a204f09b9a7ec6956562286f6abbf992,10312,3
C:\SRS(ISIC_2019)\Dataset\MEL\ISIC_0064157.jpg,isic_0064157,4,ecddd151efa69ab9df22a0d5c40ec1eaddf1d08181bf428a6040cdb343dfa144,10314,3
C:\SRS(ISIC_2019)\Dataset\MEL\ISIC_0064195.jpg,isic_0064195,4,39c3b8319885d34e67e92f0e50a3aa0134f2f4537a225d82f716f7b84e193e6e,10318,3
C:\SRS(ISIC_2019)\Dataset\MEL\ISIC_0064229.jpg,isic_0064229,4,c4efe42379761faa9b012a0b651d2c08ff5a584cd12a6c3a373b04a8cd95d543,10322,3
C:\SRS(ISIC_2019)\Dataset\MEL\ISIC_0064481.jpg,isic_0064481,4,730f6d23f6e2ffa8b1a5ae42cd4b681d9ce541cbd62e4ba8ef1d2f03190ee2b4,10358,3
C:\SRS(ISIC_2019)\Dataset\MEL\ISIC_0064503.jpg,isic_0064503,4,de1ffbe4e7b547622fd06f437980397b85ab759713afe1f416dc6f46af7404ac,10361,3
C:\SRS(ISIC_2019)\Dataset\MEL\ISIC_0064549.jpg,isic_0064549,4,bc326078dbd076753ae9bd2104014d10f258a1d2ca864ae909faeb1fd87dedf4,10368,3
C:\SRS(ISIC_2019)\Dataset\MEL\ISIC_0064575.jpg,isic_0064575,4,24969c6eac665f5618cf4a626c20d338bd8045c889f1413960a14a1dac6e472f,10371,3
C:\SRS(ISIC_2019)\Dataset\MEL\ISIC_0064633.jpg,isic_0064633,4,adb72427325a7baa53139024a7e8fb1f1fd155f414b048fdaf514d28158e0b34,10378,3
C:\SRS(ISIC_2019)\Dataset\MEL\ISIC_0064646.jpg,isic_0064646,4,1b00616537a12ec77a09767f9bce1bf56334d06c4bdd0aa0f48117101df547d8,10379,3
C:\SRS(ISIC_2019)\Dataset\MEL\ISIC_0064761.jpg,isic_0064761,4,86f38b7b786c4a94b3bfc65025922ca57bfa35fe88f2d2569fb562f2f2683567,10395,3
C:\SRS(ISIC_2019)\Dataset\MEL\ISIC_0064783.jpg,isic_0064783,4,c67d5137a5b41145613d46e12325d46dd3cee14e8756b70b86d3f8249cd96161,10396,3
C:\SRS(ISIC_2019)\Dataset\MEL\ISIC_0064822.jpg,isic_0064822,4,95bebaecfc6da28584bed7df06c3aaa85cb09db0ac8972547363f5e2dbcf10fc,10403,3
C:\SRS(ISIC_2019)\Dataset\MEL\ISIC_0064823.jpg,isic_0064823,4,ee011cc56f4ade3fa841a8697fdd816d18ee7bcaf756e9a5ce49d53a40a41ba8,10404,3
C:\SRS(ISIC_2019)\Dataset\MEL\ISIC_0064851.jpg,isic_0064851,4,4d6c3118fba0ecc521d28f097ef8383fc346cdeebdbed0315933efdc14b5dd30,10407,3
C:\SRS(ISIC_2019)\Dataset\MEL\ISIC_0064863.jpg,isic_0064863,4,294fcf975ff373b9a42da73c873bf3fb9eb7df5c08453ad3663f908767c5417c,10409,3
C:\SRS(ISIC_2019)\Dataset\MEL\ISIC_0064877.jpg,isic_0064877,4,e5e80063df7825d21b41d7ff7343e13a10a790ddfa2da4340270d9a99bf96d6a,10413,3
C:\SRS(ISIC_2019)\Dataset\MEL\ISIC_0064905.jpg,isic_0064905,4,6ae2377ef9f5bd631b40ae5eb0cdecd33a359dd97e7fe3d9feed2de6b36781dd,10416,3
C:\SRS(ISIC_2019)\Dataset\MEL\ISIC_0064934.jpg,isic_0064934,4,0ba9a87724f74f8430c821aca94e1f3322e4e51ffdeea878f467f3ec3c278178,10425,3
C:\SRS(ISIC_2019)\Dataset\MEL\ISIC_0064993.jpg,isic_0064993,4,31960d694632b7d89e4c4e14f7676534d441b333ada9933262cd19aa120166c8,10434,3
C:\SRS(ISIC_2019)\Dataset\MEL\ISIC_0065006.jpg,isic_0065006,4,94cd34063634ecb87f1366ffaebeb09d354f6a8a7f629ce743dd1e4521473c99,10437,3
C:\SRS(ISIC_2019)\Dataset\MEL\ISIC_0065013.jpg,isic_0065013,4,980f8ea6851967990f467579cc5c075778c7e9b0ed250da2e76dae1306de1519,10438,3
C:\SRS(ISIC_2019)\Dataset\MEL\ISIC_0065026.jpg,isic_0065026,4,e7801fbc4ae88c3a275a78d4642745d76b8f4c470a9ce695221ef2b477fdfb31,10441,3
C:\SRS(ISIC_2019)\Dataset\MEL\ISIC_0065069.jpg,isic_0065069,4,6f82a2379117a5a402a0c26a030c3d6028ab73d7e80a1b5edafe95eaea28e920,10448,3
C:\SRS(ISIC_2019)\Dataset\MEL\ISIC_0065091.jpg,isic_0065091,4,a8e095ea867b915d359aa48469dd7bc290da947864a0fcaa0b8bf453698aea42,10450,3
C:\SRS(ISIC_2019)\Dataset\MEL\ISIC_0065132.jpg,isic_0065132,4,cf100889e189fe57d138d9c296a3323e4bf07790487c8c730128909de927a503,10455,3
C:\SRS(ISIC_2019)\Dataset\MEL\ISIC_0065235.jpg,isic_0065235,4,f32ce770f81a68f327585b0c8cfbd0d6893b3ca66dea1321928bbc7f55211761,10472,3
C:\SRS(ISIC_2019)\Dataset\MEL\ISIC_0065236.jpg,isic_0065236,4,e674104c7913d110836627320baf146f2ccf06f3cd6a097df45b41a578d884a1,10473,3
C:\SRS(ISIC_2019)\Dataset\MEL\ISIC_0065253.jpg,isic_0065253,4,e4fa065748bf783e1fa124bb3a173c786976d0dbe72b10a9ec35274e7c10c402,10476,3
C:\SRS(ISIC_2019)\Dataset\MEL\ISIC_0065283.jpg,isic_0065283,4,d844bdee7a050056cdca541efbe4bde6585f829d44d6d95f07099a2f047ba1c9,10479,3
C:\SRS(ISIC_2019)\Dataset\MEL\ISIC_0065324.jpg,isic_0065324,4,451c06799bc89f1c67a96b8d844fddd640283a6d0ef6d19af011eebfc3bc46c6,10484,3
C:\SRS(ISIC_2019)\Dataset\MEL\ISIC_0065341.jpg,isic_0065341,4,62e2d71a48274f3dfa02fceaf004d55ad3b4e82702119ecbf61c0573848951a1,10486,3
C:\SRS(ISIC_2019)\Dataset\MEL\ISIC_0065379.jpg,isic_0065379,4,038c0425794b6611ded5b2bb609b835589cd6dacc4d862cda731d1f931f9a5cb,10492,3
C:\SRS(ISIC_2019)\Dataset\MEL\ISIC_0065420.jpg,isic_0065420,4,b50f6bebb3627ac5e7aa7f5ff034bbc8fd4833217ea8c67be535dcff99bf56d9,10497,3
C:\SRS(ISIC_2019)\Dataset\MEL\ISIC_0065590.jpg,isic_0065590,4,1f45f0c6658ab874c18adb6b06e81b0ed6959598837d09ce3c6cf613e4416e0f,10521,3
C:\SRS(ISIC_2019)\Dataset\MEL\ISIC_0065694.jpg,isic_0065694,4,6554461c9d08bfdb5a747749273532403341d4cf344fdd65da1355a64805f6b0,10534,3
C:\SRS(ISIC_2019)\Dataset\MEL\ISIC_0065723.jpg,isic_0065723,4,29c2e5d9b36874a113015b5c92d1f354c0553321e446993041acfadd628ac4c6,10539,3
C:\SRS(ISIC_2019)\Dataset\MEL\ISIC_0065801.jpg,isic_0065801,4,4d237918c9392e7f28b883e5b2ad8deca4ab5d97d0ab0690f6f4b34e4ec63b5b,10551,3
C:\SRS(ISIC_2019)\Dataset\MEL\ISIC_0065806.jpg,isic_0065806,4,9d25a91d4a5ff278d6b708c8144d9d1bdc90d8cf0b0d10fe4f720d61f27b9536,10552,3
C:\SRS(ISIC_2019)\Dataset\MEL\ISIC_0065883.jpg,isic_0065883,4,790cdd19950e1eab7adc1f068c66d2d3f6a2d5cf7d449ec89357379050d3a8e0,10561,3
C:\SRS(ISIC_2019)\Dataset\MEL\ISIC_0065904.jpg,isic_0065904,4,706c97b8c30b346a8efccc624468729feb1ef1a8d0fee7fe1771657318af5672,10563,3
C:\SRS(ISIC_2019)\Dataset\MEL\ISIC_0065943.jpg,isic_0065943,4,e624fa1593565878a4e49f330c9554e64a38656b63868d82d676571d48154e2b,10568,3
C:\SRS(ISIC_2019)\Dataset\MEL\ISIC_0065944.jpg,isic_0065944,4,0f8435da0ddfe0c6d6f0e0644c05068cfcf67943844bd78408fbe0ddedaa1605,10569,3
C:\SRS(ISIC_2019)\Dataset\MEL\ISIC_0065947.jpg,isic_0065947,4,5b6246de388cf44b1257d5b89f3803a8b1dc8aa60de92aca3589b28fec75bf50,10570,3
C:\SRS(ISIC_2019)\Dataset\MEL\ISIC_0065980.jpg,isic_0065980,4,ada75c8ad982c3edbbb9c5f4871a0536220b246aa06e5872538c4f855708306d,10574,3
C:\SRS(ISIC_2019)\Dataset\MEL\ISIC_0066061.jpg,isic_0066061,4,4184f6195d39b00a4cfa6971f1ca8bfb68dce371892d207d4daca4279ca86ca6,10580,3
C:\SRS(ISIC_2019)\Dataset\MEL\ISIC_0066094.jpg,isic_0066094,4,f274735eec9d39ee57fd5ff927133c9e3bfed956fdfec28caeba48d2efb181a0,10584,3
C:\SRS(ISIC_2019)\Dataset\MEL\ISIC_0066102.jpg,isic_0066102,4,271661d237c0aae68f8633727011065a7f44cea5fb7ede813c343f38552463e0,10587,3
C:\SRS(ISIC_2019)\Dataset\MEL\ISIC_0066136.jpg,isic_0066136,4,674a67d693dcc119167c4eb00070a086f80e157b1554e6fe089af12cd208f397,10595,3
C:\SRS(ISIC_2019)\Dataset\MEL\ISIC_0066143.jpg,isic_0066143,4,4d55df0df91de8e228cbdf70329583760507420be3c0ecf375d5ac9b01863ecc,10596,3
C:\SRS(ISIC_2019)\Dataset\MEL\ISIC_0066240.jpg,isic_0066240,4,de558ec4f72d3a613c9aab61e00df9f739b12dda931be1b92cf5f4bd7f4fdbdf,10610,3
C:\SRS(ISIC_2019)\Dataset\MEL\ISIC_0066262.jpg,isic_0066262,4,840520fa6005caf866f55513d51c0c31bd482af5eae9677344de06c96983f7d3,10611,3
C:\SRS(ISIC_2019)\Dataset\MEL\ISIC_0066308.jpg,isic_0066308,4,4ab0b79cccddea76690a8f55306ddfbd9b13e7b434feab5e9be59a33b411d364,10613,3
C:\SRS(ISIC_2019)\Dataset\MEL\ISIC_0066320.jpg,isic_0066320,4,beb542ca9240e9c33fc6fb404f82f57e2e7d147edb9d320c6aea33ad9da225b1,10615,3
C:\SRS(ISIC_2019)\Dataset\MEL\ISIC_0066336.jpg,isic_0066336,4,81874470c958b393fda4c2405eb92691cfb53f0c10649750db6ac58f78581c34,10618,3
C:\SRS(ISIC_2019)\Dataset\MEL\ISIC_0066355.jpg,isic_0066355,4,f532a2fba7c31cac11ebc500bef9b13646eb27f5482e4712579964ea10b42258,10623,3
C:\SRS(ISIC_2019)\Dataset\MEL\ISIC_0066367.jpg,isic_0066367,4,7a93bdeda7568131a77d15ef7e342ec78c3a4c80cb26af6eceb7a7fdffd6b86d,10626,3
C:\SRS(ISIC_2019)\Dataset\MEL\ISIC_0066378.jpg,isic_0066378,4,451f8afb90da561b18b5c1bbf0e36212c6e7d52bb7872ccff1fbc3f2e73b21fa,10628,3
C:\SRS(ISIC_2019)\Dataset\MEL\ISIC_0066401.jpg,isic_0066401,4,71a4c562825a1075a1f3902911b3bfb49caa629db71d7777ed9345a06b101e53,10635,3
C:\SRS(ISIC_2019)\Dataset\MEL\ISIC_0066412.jpg,isic_0066412,4,320d81b6ea42e831799a4129e020ec7abe0668495d7b921d1e1a8a8478a89f07,10640,3
C:\SRS(ISIC_2019)\Dataset\MEL\ISIC_0066430.jpg,isic_0066430,4,00d91553fd3d3d7280fda029c5ce64863401d4cbed6344d4188e3831e6a3dbbd,10646,3
C:\SRS(ISIC_2019)\Dataset\MEL\ISIC_0066492.jpg,isic_0066492,4,0ea0f4e372f8daf71c1df6471535dbdf85a92951f4ac344ce483d8a92f600a13,10652,3
C:\SRS(ISIC_2019)\Dataset\MEL\ISIC_0066518.jpg,isic_0066518,4,02413c86b04b2f33d0b34ac78c20cf60e1b73808371c04f838b03fa2f3cee1ed,10657,3
C:\SRS(ISIC_2019)\Dataset\MEL\ISIC_0066520.jpg,isic_0066520,4,012bd9441768ec6646914eb2c24d9e1c3a37a4449d8b4d65b19b73ccb468b61b,10659,3
C:\SRS(ISIC_2019)\Dataset\MEL\ISIC_0066532.jpg,isic_0066532,4,a792115d4cadfbb03188140ea82b9ca83e65ab500efa320cb9e6d774016c5bc2,10660,3
C:\SRS(ISIC_2019)\Dataset\MEL\ISIC_0066533.jpg,isic_0066533,4,41673084cc43d9ac8d25cc17a84d86b37e3944d3b6dc3753227329f0ba8707f9,10661,3
C:\SRS(ISIC_2019)\Dataset\MEL\ISIC_0066643.jpg,isic_0066643,4,c23bdc7529216da740bbab3173baa6ccf988bef4e084e7fe3f381868f12ae6b9,10674,3
C:\SRS(ISIC_2019)\Dataset\MEL\ISIC_0066716.jpg,isic_0066716,4,69cfabdc9b25ef9ef5e716075caae68c9f9513ebad2444903feddc26feb9276d,10682,3
C:\SRS(ISIC_2019)\Dataset\MEL\ISIC_0066750.jpg,isic_0066750,4,e8f56e9d018172d30a841d6eebc0e5e96932336adc5d1d9df0eddd670d0345bd,10686,3
C:\SRS(ISIC_2019)\Dataset\MEL\ISIC_0066767.jpg,isic_0066767,4,304fcb2b4a5fe86f1c36ffc68a16c2ae1419470be811870c43ae6598d54c2dd0,10688,3
C:\SRS(ISIC_2019)\Dataset\MEL\ISIC_0066844.jpg,isic_0066844,4,de94e97a84ebda38b7e3dccee18c4508a0dba48bac8c8899ebc073280b72b127,10693,3
C:\SRS(ISIC_2019)\Dataset\MEL\ISIC_0066848.jpg,isic_0066848,4,ff756425fb24f0fd6e48eee8de29759f7f5ec8e66222c9adef03a0424d175a25,10695,3
C:\SRS(ISIC_2019)\Dataset\MEL\ISIC_0066855.jpg,isic_0066855,4,528ca519b19f8790b598089dae544b1e74c492b248389da861a1abcc4d488eb0,10697,3
C:\SRS(ISIC_2019)\Dataset\MEL\ISIC_0066878.jpg,isic_0066878,4,35812fce902fa752be15c868ade7492e081c7b1b61e949b08188f96499dbf65d,10700,3
C:\SRS(ISIC_2019)\Dataset\MEL\ISIC_0067008.jpg,isic_0067008,4,8c4533ce7d5292fc170d8b5deecf294ba521bc0a348fde5628e4429e33271018,10713,3
C:\SRS(ISIC_2019)\Dataset\MEL\ISIC_0067054.jpg,isic_0067054,4,c2564d54e6a1ab29a0e223ed9ce77c1ffe68c51da5e1e4a7853abde3d840a10d,10716,3
C:\SRS(ISIC_2019)\Dataset\MEL\ISIC_0067126.jpg,isic_0067126,4,4b7e479328ef2f96849ff4891ef16ae7e876e321bf57936f0bb6f40b5cd94d6c,10721,3
C:\SRS(ISIC_2019)\Dataset\MEL\ISIC_0067167.jpg,isic_0067167,4,0ea2984ccc28b0c3f210c221af11373c77bbc6ef157a366e18c1cf28a61cc2de,10728,3
C:\SRS(ISIC_2019)\Dataset\MEL\ISIC_0067274.jpg,isic_0067274,4,af2c5783085c6bfb369d052f7b84a9bc327c8a0bf380c5af90093083b07078c1,10743,3
C:\SRS(ISIC_2019)\Dataset\MEL\ISIC_0067284.jpg,isic_0067284,4,008de4580264a2243f38c7800ff36220854abc2d339dde0b76c6411b05ec225e,10745,3
C:\SRS(ISIC_2019)\Dataset\MEL\ISIC_0067317.jpg,isic_0067317,4,8a1131a4185b94ba6f91c0b485ec67e44762bd38f4321223a864a1e827df1c1a,10750,3
C:\SRS(ISIC_2019)\Dataset\MEL\ISIC_0067326.jpg,isic_0067326,4,1d7f91f4377766457b8154bb5fdecc179af140fcc869287f2266052ee968016c,10752,3
C:\SRS(ISIC_2019)\Dataset\MEL\ISIC_0067375.jpg,isic_0067375,4,1fef4e94fa63292b9970cca35a4e6eb2e726b8fac964d44525b7189c8a5c8e50,10758,3
C:\SRS(ISIC_2019)\Dataset\MEL\ISIC_0067417.jpg,isic_0067417,4,d83e426b9a99d71c0f5f2f5362d7e388af2e2158416cff783e51fae6172ce52b,10760,3
C:\SRS(ISIC_2019)\Dataset\MEL\ISIC_0067418.jpg,isic_0067418,4,18afbcac8781c124d1852492b053ef59adf5800e11888f76abe3da960f80405d,10761,3
C:\SRS(ISIC_2019)\Dataset\MEL\ISIC_0067461.jpg,isic_0067461,4,ad334e2c33de267732fea412e2ff9a4731a63e8fbb4a6b0d9de4490a521b84bf,10767,3
C:\SRS(ISIC_2019)\Dataset\MEL\ISIC_0067488.jpg,isic_0067488,4,44f7fcb9f1c9c53906f1a7cc084a4c02b716762747181f1d5d25d3d6ce16d4d4,10771,3
C:\SRS(ISIC_2019)\Dataset\MEL\ISIC_0067510.jpg,isic_0067510,4,e220389cd030e1f5521364b8b4f9f041beb4c2d29420e4475e88db9d5386d3cc,10773,3
C:\SRS(ISIC_2019)\Dataset\MEL\ISIC_0067512.jpg,isic_0067512,4,11f0e5f0a6719af0a5c285412171d229e0a758a98186a1214fcbf84302f3e1e3,10775,3
C:\SRS(ISIC_2019)\Dataset\MEL\ISIC_0067536.jpg,isic_0067536,4,20e48be6a9b4b28dfe09642bc2209ab5f243a8d127a6e3d2c40fe2a3d7c55c83,10779,3
C:\SRS(ISIC_2019)\Dataset\MEL\ISIC_0067539.jpg,isic_0067539,4,2c6aeb297bec80a943e4a7121e06d6e816d3799c83f6f1af1d41c06902da04ec,10780,3
C:\SRS(ISIC_2019)\Dataset\MEL\ISIC_0067567.jpg,isic_0067567,4,174e4f5f837947d247e09ffc83ec6032bb33ddf5cd11857764c3723201832c91,10785,3
C:\SRS(ISIC_2019)\Dataset\MEL\ISIC_0067889.jpg,isic_0067889,4,58f76449199181ea4a95a7c4931f29a65552bd25d40c7b840cb049748342bdb2,10828,3
C:\SRS(ISIC_2019)\Dataset\MEL\ISIC_0067960.jpg,isic_0067960,4,ebaeef1986000bbc03b354c1071c7c35a6c391ee8e792d1ead8bfeb3fe81cffd,10842,3
C:\SRS(ISIC_2019)\Dataset\MEL\ISIC_0067985.jpg,isic_0067985,4,64c178524b5fbef4da3a8828024617b0bc4f58c6df48750c76a7d83cdae50eee,10846,3
C:\SRS(ISIC_2019)\Dataset\MEL\ISIC_0068023.jpg,isic_0068023,4,4325d41c538ada4567e462f598ecf537f5b90ff3f03862e4603f108f4b1f29b1,10852,3
C:\SRS(ISIC_2019)\Dataset\MEL\ISIC_0068118.jpg,isic_0068118,4,82ea6facdfbbf1c1dd96591bfc800f524af9de7c7c848c12ac0d3f3c6d353636,10864,3
C:\SRS(ISIC_2019)\Dataset\MEL\ISIC_0068119.jpg,isic_0068119,4,0a643f3857abb558c704359c46f6fe63600e482be4599dcfc5e7fcbad2b37e27,10865,3
C:\SRS(ISIC_2019)\Dataset\MEL\ISIC_0068128.jpg,isic_0068128,4,6b7a5cdcf65c2dd8d57d52b36c40c3a48b6d87f882a355601414923c28d9a7ff,10866,3
C:\SRS(ISIC_2019)\Dataset\MEL\ISIC_0068145.jpg,isic_0068145,4,f81a8ea2f75a09b9201d5ac4d3d03eda71f8ee2922f9553f789fb7b201a849cf,10870,3
C:\SRS(ISIC_2019)\Dataset\MEL\ISIC_0068221.jpg,isic_0068221,4,8e7850e743355493187224b0fe3d7928cd8e1cad1d808f3e637b7c9ba2117a5e,10881,3
C:\SRS(ISIC_2019)\Dataset\MEL\ISIC_0068273.jpg,isic_0068273,4,31d0c0de69fa26353c4b6d4b4a10d05cab554d13c0ecb23b2142707ebb73653f,10888,3
C:\SRS(ISIC_2019)\Dataset\MEL\ISIC_0068280.jpg,isic_0068280,4,8251db32970b630a76c9df85844247570406fbe8e9e621a28caaac66d33f3ea2,10891,3
C:\SRS(ISIC_2019)\Dataset\MEL\ISIC_0068309.jpg,isic_0068309,4,ddb662bd8e415e19a60eb08d955f7c8bb227a0a1fe4f393e521312da74971a1b,10897,3
C:\SRS(ISIC_2019)\Dataset\MEL\ISIC_0068382.jpg,isic_0068382,4,11a1a579021a1b1c4d075d964cb7fab535522f16df756e46d1bb8e82515be387,10904,3
C:\SRS(ISIC_2019)\Dataset\MEL\ISIC_0068403.jpg,isic_0068403,4,2b11fc0bafebe5b31a416bfcf666142a989f09fb3a2da2d048b5fc9ea70a88c1,10910,3
C:\SRS(ISIC_2019)\Dataset\MEL\ISIC_0068420.jpg,isic_0068420,4,d8d8f45c7b288db231866f321865945fba545b7fca047b380e08c15bfefd7101,10912,3
C:\SRS(ISIC_2019)\Dataset\MEL\ISIC_0068477.jpg,isic_0068477,4,ad9a76484bdfca890d224846074b474a411d9598c58097292655f394bad08941,10916,3
C:\SRS(ISIC_2019)\Dataset\MEL\ISIC_0068545.jpg,isic_0068545,4,4f7a25559165a2e713b1ca000efb56212ef23ea7639368565ffa901303b2e531,10922,3
C:\SRS(ISIC_2019)\Dataset\MEL\ISIC_0068560.jpg,isic_0068560,4,0863d2c3f97651498a78b1289f3862a566bbbecc124b14a2d0e49520eb488292,10926,3
C:\SRS(ISIC_2019)\Dataset\MEL\ISIC_0068578.jpg,isic_0068578,4,65cf8ad5a31f21d7a91521dc16dd98db8534f9550b8855320ff59601a126ec4b,10928,3
C:\SRS(ISIC_2019)\Dataset\MEL\ISIC_0068614.jpg,isic_0068614,4,637e6c7f9fcb616698876b53d563cc1389df2ea0f4d8947da49cfebae045d685,10934,3
C:\SRS(ISIC_2019)\Dataset\MEL\ISIC_0068713.jpg,isic_0068713,4,588c8ce1c266498df127ab479105a53a437c1da20eab5151b84fe9e83efb9e38,10948,3
C:\SRS(ISIC_2019)\Dataset\MEL\ISIC_0068717.jpg,isic_0068717,4,7d535763c7e8669ef23dfa563a93d5e09f911233b2accc384251ee4959836bb8,10949,3
C:\SRS(ISIC_2019)\Dataset\MEL\ISIC_0068762.jpg,isic_0068762,4,ed6bcf28e92f24a1470feec045de047b34b75c7cbaa39aee9b15cc30f6c0d876,10955,3
C:\SRS(ISIC_2019)\Dataset\MEL\ISIC_0068769.jpg,isic_0068769,4,eb0a2a14028fd0bc0825e02998b16beed4779e9152cd1957791e59264c188c49,10959,3
C:\SRS(ISIC_2019)\Dataset\MEL\ISIC_0068798.jpg,isic_0068798,4,6f79050e73d4026c8ece83ade2d062ac2cf840177fb9f7d457e963e86d95ec1d,10963,3
C:\SRS(ISIC_2019)\Dataset\MEL\ISIC_0068808.jpg,isic_0068808,4,e4b36cd07529eb0997d45553be33508868b24705f5a3d4fc1d9eadb569a4f01d,10965,3
C:\SRS(ISIC_2019)\Dataset\MEL\ISIC_0068851.jpg,isic_0068851,4,05f9310a24d3f8064c6e817dd526dfa5e9ead8d56139083e0c85bfd3d8faaf80,10971,3
C:\SRS(ISIC_2019)\Dataset\MEL\ISIC_0068881.jpg,isic_0068881,4,6c90dd98f1e021831b13bcd01a3e55b2cfdc96a3fdf5f3221ffe9c8190deebe2,10973,3
C:\SRS(ISIC_2019)\Dataset\MEL\ISIC_0068924.jpg,isic_0068924,4,17b374f66d154d4c131e146df07d112a0ae48b304e506291707d902104f5e2c6,10984,3
C:\SRS(ISIC_2019)\Dataset\MEL\ISIC_0068928.jpg,isic_0068928,4,c682c6e0853b77b28bdf6ba79b6a402ac7c96492c956f60a1f08537ee1d5867b,10985,3
C:\SRS(ISIC_2019)\Dataset\MEL\ISIC_0068975.jpg,isic_0068975,4,9ea17abc1cea5a43908a87461d540d7860a097efd3cf5cf2dc7e3d5e4e694492,10994,3
C:\SRS(ISIC_2019)\Dataset\MEL\ISIC_0069029.jpg,isic_0069029,4,1caf7db021106bb4b0d44a4a22b4f9bba8d1f38587da8a6992c461eef76f3f17,10998,3
C:\SRS(ISIC_2019)\Dataset\MEL\ISIC_0069068.jpg,isic_0069068,4,3bee1404a2b6cd3009cc03488c09c7b17d671cf4849d09c0cdb324b2b5532ea4,11003,3
C:\SRS(ISIC_2019)\Dataset\MEL\ISIC_0069077.jpg,isic_0069077,4,4c8f494565cfd65c8b7ca7c330d168eece6c73ac0f85e5ea21ecb405def56e5b,11005,3
C:\SRS(ISIC_2019)\Dataset\MEL\ISIC_0069087.jpg,isic_0069087,4,64cca9741bdd6d6c84d087b5d5bae9988ebae8b6f7581fe64531750910933ed6,11007,3
C:\SRS(ISIC_2019)\Dataset\MEL\ISIC_0069093.jpg,isic_0069093,4,584c8352708e7a5059a829aa756f413a54860debafb4b7b8725fdbfae487807e,11009,3
C:\SRS(ISIC_2019)\Dataset\MEL\ISIC_0069179.jpg,isic_0069179,4,5f8ce73f0f3a5b636f8101738eca97033ea28f18f62d0af355a81d03c75b60ba,11017,3
C:\SRS(ISIC_2019)\Dataset\MEL\ISIC_0069197.jpg,isic_0069197,4,16c51c0dfa683f8e85e049869f460091eb304f6a3b42b97b9e7c038ddaeda2f9,11020,3
C:\SRS(ISIC_2019)\Dataset\MEL\ISIC_0069210.jpg,isic_0069210,4,1f73d1fce894a94b77236eac6818a7c1cd61c5f498a3d65b50e383f32a0a4263,11022,3
C:\SRS(ISIC_2019)\Dataset\MEL\ISIC_0069262.jpg,isic_0069262,4,3710cca34e919d2449e46455bdd49bcd4bddde2fe30f6b5141c0024f3f7e80c4,11030,3
C:\SRS(ISIC_2019)\Dataset\MEL\ISIC_0069380.jpg,isic_0069380,4,4ec28000cb79c673471f5c770cca8a4d1e371153ebd0b38ad4645f974def612a,11043,3
C:\SRS(ISIC_2019)\Dataset\MEL\ISIC_0069385.jpg,isic_0069385,4,1612a50dccf64761e284688795a759947275864c4caaef9961bdade4331008ea,11045,3
C:\SRS(ISIC_2019)\Dataset\MEL\ISIC_0069386.jpg,isic_0069386,4,ceac3da2b0690b1495dfd51b403514e985f109d4c136b05e523bc580e2f851ea,11046,3
C:\SRS(ISIC_2019)\Dataset\MEL\ISIC_0069411.jpg,isic_0069411,4,73b9d22c9e7b96b52217209b65e377ef136604d266f062c97b87e44af7dd3f9a,11051,3
C:\SRS(ISIC_2019)\Dataset\MEL\ISIC_0069504.jpg,isic_0069504,4,f8b990cba6297c2f05c014001692f92525b595c5c517473e70aad3e8fe4d186c,11059,3
C:\SRS(ISIC_2019)\Dataset\MEL\ISIC_0069511.jpg,isic_0069511,4,0bc9044d98922a04f9e013ae53df73a3eef98411ddd663ad4ebddb5e7e795dea,11061,3
C:\SRS(ISIC_2019)\Dataset\MEL\ISIC_0069514.jpg,isic_0069514,4,95ccccbca226900c328a4efc6ca175fea6cb4d75e997102d1403f2f4174ab1b9,11062,3
C:\SRS(ISIC_2019)\Dataset\MEL\ISIC_0069617.jpg,isic_0069617,4,69d21856228b138e8c7b6999b61a92ace8e38eefd627a89ba087a63fda5e9b39,11073,3
C:\SRS(ISIC_2019)\Dataset\MEL\ISIC_0069668.jpg,isic_0069668,4,b5793c8ef858b44041e3f5f5a255291a3733c4d31a2644f3bf76ae86937dfb70,11081,3
C:\SRS(ISIC_2019)\Dataset\MEL\ISIC_0069671.jpg,isic_0069671,4,00d7c4e8be37fd5cdf9c55ad5710101e452c7d3b48b2f9cfd972195c5ef9bdba,11083,3
C:\SRS(ISIC_2019)\Dataset\MEL\ISIC_0069706.jpg,isic_0069706,4,363d956c9b5f7334629ec5711e65192d0769aa94ae008b9165db5c4a3ffb0243,11085,3
C:\SRS(ISIC_2019)\Dataset\MEL\ISIC_0069791.jpg,isic_0069791,4,d357a837a4abb3267d2a4477c289baf7dfa7b1014b700d27ed0c70220bb4934f,11092,3
C:\SRS(ISIC_2019)\Dataset\MEL\ISIC_0069889.jpg,isic_0069889,4,66d61f66aef2ddd71be74a1282152f10ffffcab503159a3d80b9adc2f4230f7b,11099,3
C:\SRS(ISIC_2019)\Dataset\MEL\ISIC_0069891.jpg,isic_0069891,4,8da1537fb3decbd9f624135cd303001c2b32fff817c2f728f13bce17cf9984a9,11100,3
C:\SRS(ISIC_2019)\Dataset\MEL\ISIC_0069933.jpg,isic_0069933,4,1e131ffb0d6e71d486f0a66a7116433909ebd0a8ccf85a6f53bc3afc047fdd51,11106,3
C:\SRS(ISIC_2019)\Dataset\MEL\ISIC_0069938.jpg,isic_0069938,4,196c4dc573a37ecefc11dae6a5333556374df0faadd7f189e0ead354f5094226,11107,3
C:\SRS(ISIC_2019)\Dataset\MEL\ISIC_0069951.jpg,isic_0069951,4,b6a0720922afd501410bf08cd389fe07ea43e4d0c8facd0e9ce5e24b33b29f23,11109,3
C:\SRS(ISIC_2019)\Dataset\MEL\ISIC_0070006.jpg,isic_0070006,4,3d6310d0d1c27fa90d85aa792ab8c704cf1f77a561eadc7c472f3988141702a9,11117,3
C:\SRS(ISIC_2019)\Dataset\MEL\ISIC_0070020.jpg,isic_0070020,4,665f59c21c2775b48dad91716ed45604437327385041bf9bb7d9c483552bd8b9,11122,3
C:\SRS(ISIC_2019)\Dataset\MEL\ISIC_0070046.jpg,isic_0070046,4,a8df281d51bacd1e2be468c152af92309d23dba0e467cb63bf04c0d6ce166139,11124,3
C:\SRS(ISIC_2019)\Dataset\MEL\ISIC_0070123.jpg,isic_0070123,4,f7f4c8188cbfca50a2d455789510fde919a9c04effb6537b5ce01810db0b6d3c,11139,3
C:\SRS(ISIC_2019)\Dataset\MEL\ISIC_0070170.jpg,isic_0070170,4,950dd4d9f7cee8f07e20e5fbb9e601b6e87150ed541c306c4e4c969be40cd62a,11147,3
C:\SRS(ISIC_2019)\Dataset\MEL\ISIC_0070198.jpg,isic_0070198,4,99fd5dbf8572937fd95a600338097ce501d175d66a3acec3703e65caa7ef23c1,11148,3
C:\SRS(ISIC_2019)\Dataset\MEL\ISIC_0070235.jpg,isic_0070235,4,895cacccdec9c1400ee88ad68ee30cc58739b49d6a56460326cc9b07ec84a324,11154,3
C:\SRS(ISIC_2019)\Dataset\MEL\ISIC_0070246.jpg,isic_0070246,4,b533119daaed88cd07eaf98e24e0198504ab8ed0f5ff1449d03dc96b9a999a0a,11155,3
C:\SRS(ISIC_2019)\Dataset\MEL\ISIC_0070308.jpg,isic_0070308,4,ef93ffbe738290097c6ecb6c2eee24cbb1975d04ad9c5af1fd0125ce8edfc4c6,11162,3
C:\SRS(ISIC_2019)\Dataset\MEL\ISIC_0070363.jpg,isic_0070363,4,85be9ef7c5f1bee636191fbf2098ba08c51850eba517ebb96c40e92bd1e8c560,11172,3
C:\SRS(ISIC_2019)\Dataset\MEL\ISIC_0070435.jpg,isic_0070435,4,54d92dde850102013cd41f281851a1ba618ed88eb89aa83086a1b9970f81a1d6,11189,3
C:\SRS(ISIC_2019)\Dataset\MEL\ISIC_0070489.jpg,isic_0070489,4,2fcdc370880bf74775220f3e2ae39a37f8d2d9d846bd2d9270c8cd53f2e6cc21,11193,3
C:\SRS(ISIC_2019)\Dataset\MEL\ISIC_0070561.jpg,isic_0070561,4,7bb205fe6f3555b464dafd576ba117985603f3cacf115222da08fc85a0b09da7,11200,3
C:\SRS(ISIC_2019)\Dataset\MEL\ISIC_0070585.jpg,isic_0070585,4,cfaf98d7cf60d73b653a2d647bcdb73ad603ad74357aa3ffab1a300b791902eb,11203,3
C:\SRS(ISIC_2019)\Dataset\MEL\ISIC_0070593.jpg,isic_0070593,4,f5769846326960770e8323b1a5a853ec92ad768fb6a0f92ce68490724f8e35f4,11205,3
C:\SRS(ISIC_2019)\Dataset\MEL\ISIC_0070623.jpg,isic_0070623,4,b6e9b466a2bc56af91cc772681ad0dce24149ef484eb220c54be89f038faac1a,11210,3
C:\SRS(ISIC_2019)\Dataset\MEL\ISIC_0070711.jpg,isic_0070711,4,0e8bd12c962ca9542995a0b07b7dd3edf1eae56011d46045f1682e32f7b8c5a6,11217,3
C:\SRS(ISIC_2019)\Dataset\MEL\ISIC_0070738.jpg,isic_0070738,4,2882635f8da9d02309ad77f94ba09455a7c2eb4c8fca6be2c56c06f1cb3cc0c7,11220,3
C:\SRS(ISIC_2019)\Dataset\MEL\ISIC_0070778.jpg,isic_0070778,4,1a0735285239dd550f5a74e4d8e1532f5389b52362318a1add7cd3f41d4b1411,11225,3
C:\SRS(ISIC_2019)\Dataset\MEL\ISIC_0070927.jpg,isic_0070927,4,c1169e68363092db701ceb53239f309c04deae25083bdf7b066c42a7b934f9a2,11242,3
C:\SRS(ISIC_2019)\Dataset\MEL\ISIC_0070933.jpg,isic_0070933,4,668861427df63a579ff4b3ecd47b6865adfebbf833df1e087138360f2fb4feb3,11244,3
C:\SRS(ISIC_2019)\Dataset\MEL\ISIC_0070973.jpg,isic_0070973,4,1fdcc6c2c3696c74b3e20ee6444633ffd295b81464ae96e3bcea47c41cd1397d,11251,3
C:\SRS(ISIC_2019)\Dataset\MEL\ISIC_0070976.jpg,isic_0070976,4,35673b663eda75faea8bdaa56b89c7baa08a4a9e846084314aad70d2f25cde50,11253,3
C:\SRS(ISIC_2019)\Dataset\MEL\ISIC_0070990.jpg,isic_0070990,4,cda8832cf2cebdfe30b0c7c7c87599da760312cac6935bef16c5ba971cacb185,11254,3
C:\SRS(ISIC_2019)\Dataset\MEL\ISIC_0070992.jpg,isic_0070992,4,20505d42aafdaf1df7a44b68bd6040805018acdc26f6fcf7d06a80ba0908f617,11256,3
C:\SRS(ISIC_2019)\Dataset\MEL\ISIC_0071035.jpg,isic_0071035,4,a6916b500d9c593eaab7d81821ffc2c64dd8785be23bdffab0eb56e29cf67221,11260,3
C:\SRS(ISIC_2019)\Dataset\MEL\ISIC_0071101.jpg,isic_0071101,4,188c197d8d15a592f92028f314e0501f791630694f8545f5830ec788e789796f,11270,3
C:\SRS(ISIC_2019)\Dataset\MEL\ISIC_0071180.jpg,isic_0071180,4,4bfc2b9247c0451f4cbfa4b1d7d39956e50aaa29bc880cf4ef55e23397f53d97,11280,3
C:\SRS(ISIC_2019)\Dataset\MEL\ISIC_0071197.jpg,isic_0071197,4,bc8b63552ae440a518a9a0aff8960bda3e40cbcdfb316b9c53d301d3632c2114,11284,3
C:\SRS(ISIC_2019)\Dataset\MEL\ISIC_0071321.jpg,isic_0071321,4,55a10210a3bf204071e6c0830761199adbd62afd729a0f8837244b5ff202a4a7,11296,3
C:\SRS(ISIC_2019)\Dataset\MEL\ISIC_0071342.jpg,isic_0071342,4,f2c688a2cef013d8d49f3976ca8337cb9badafadd4dcdee6b059662284036bd2,11299,3
C:\SRS(ISIC_2019)\Dataset\MEL\ISIC_0071537.jpg,isic_0071537,4,06e4e92f53f73d58c9d6842b21247a2b9d8c2b76274c83bb1dab418301b58257,11318,3
C:\SRS(ISIC_2019)\Dataset\MEL\ISIC_0071541.jpg,isic_0071541,4,e3cb9c9fa8ff6ac34820785ac48b2480bb8fbbb7e969370bdc50d16c175660e4,11320,3
C:\SRS(ISIC_2019)\Dataset\MEL\ISIC_0071550.jpg,isic_0071550,4,1ca1d63a24153ae2cdd9afb93ad82967ae4d9bc7504468a1f239fdb1a498b412,11321,3
C:\SRS(ISIC_2019)\Dataset\MEL\ISIC_0071632.jpg,isic_0071632,4,293f2ab53cb76711b2b74b701d095b8ebd71bb41928fb66a2ebe1d80ae7ce467,11332,3
C:\SRS(ISIC_2019)\Dataset\MEL\ISIC_0071642.jpg,isic_0071642,4,9adcedcd13d55fb5376ed176abf3fd75799f62fcf3e6f3db702a9c7b53d106ae,11333,3
C:\SRS(ISIC_2019)\Dataset\MEL\ISIC_0071720.jpg,isic_0071720,4,6ebd970bf12307579e6bd84b1cf99ab87a9624ee3371781b5147dd37bc6c8680,11349,3
C:\SRS(ISIC_2019)\Dataset\MEL\ISIC_0071765.jpg,isic_0071765,4,65c0ec1444c9a88c3a1e72b20bcb245dd057f2d7af39c4f5223f295cddd74ac5,11355,3
C:\SRS(ISIC_2019)\Dataset\MEL\ISIC_0071797.jpg,isic_0071797,4,17f6383aad2d043a83adafa3dad8fd6f73a5db154f451a1763a558370d1fb39e,11364,3
C:\SRS(ISIC_2019)\Dataset\MEL\ISIC_0071951.jpg,isic_0071951,4,046ca87c25d735b733d99390dd625961a45f0b144d2fa6fcd160130276b0475e,11387,3
C:\SRS(ISIC_2019)\Dataset\MEL\ISIC_0071992.jpg,isic_0071992,4,dd9780e538d523921b26a36b037770ebec5093c29dd9c491f9033d5aa2f7eabd,11392,3
C:\SRS(ISIC_2019)\Dataset\MEL\ISIC_0072002.jpg,isic_0072002,4,609dc1982830fd6245da6581fd9353d00386393f995be3e7ea1c381d8e0164f2,11396,3
C:\SRS(ISIC_2019)\Dataset\MEL\ISIC_0072061.jpg,isic_0072061,4,2918ae96c02c258a7dcc3690142840742d5217cb8f1f8069779521f6de4cda6e,11404,3
C:\SRS(ISIC_2019)\Dataset\MEL\ISIC_0072078.jpg,isic_0072078,4,7ee507dc627f4167720648651354c58d5d7346099dc7275472dddcacb616b3c8,11407,3
C:\SRS(ISIC_2019)\Dataset\MEL\ISIC_0072151.jpg,isic_0072151,4,9ae9b264ea6ad7cee36bc21fcacff21ec1a7642893605c8c94e332b4e2e72d6c,11418,3
C:\SRS(ISIC_2019)\Dataset\MEL\ISIC_0072194.jpg,isic_0072194,4,83a2e340bd260d436ca056d043533c022dde5420d74b0d9c202bc3bb9b8cc730,11425,3
C:\SRS(ISIC_2019)\Dataset\MEL\ISIC_0072252.jpg,isic_0072252,4,389f26b1fe346217050c3382e4eeac62074b89fc9d9253dfac0c1cca8f97676e,11433,3
C:\SRS(ISIC_2019)\Dataset\MEL\ISIC_0072286.jpg,isic_0072286,4,b33411b9369b8f4eb2babd51416a66196e66f9280ad8633f290cd2b4fb374bb8,11436,3
C:\SRS(ISIC_2019)\Dataset\MEL\ISIC_0072348.jpg,isic_0072348,4,b5f66a336e5238d5c30e5f885e630ce1f18b1a4535a8818507afb71d2bb5936c,11444,3
C:\SRS(ISIC_2019)\Dataset\MEL\ISIC_0072353.jpg,isic_0072353,4,126b9edb1dc0a09bd3305aec6ad45bc499c8496fdb10298b2250c1b6e62f2dc4,11445,3
C:\SRS(ISIC_2019)\Dataset\MEL\ISIC_0072374.jpg,isic_0072374,4,b72b1a26be4991ae8e558751e581f179bf70e61cab558a6eaa7ae78c6d38c227,11451,3
C:\SRS(ISIC_2019)\Dataset\MEL\ISIC_0072375.jpg,isic_0072375,4,dce4fa25902badbe6a1f281990551b4d209a764676552770f76f4c9534d4d253,11452,3
C:\SRS(ISIC_2019)\Dataset\MEL\ISIC_0072377.jpg,isic_0072377,4,761ed53abd1be4a43e722d62cf23f2183e0c3fff67e1f9013b8f39e99333336a,11453,3
C:\SRS(ISIC_2019)\Dataset\MEL\ISIC_0072418.jpg,isic_0072418,4,9bfd98c6cb5dc0d146313bfd8487fe7ad4d3dab898ec44f1b77d92f187235c18,11459,3
C:\SRS(ISIC_2019)\Dataset\MEL\ISIC_0072440.jpg,isic_0072440,4,560c65d53dbb7772e5c211402124929b0a69321a7d1c13025ceac773be2f6461,11464,3
C:\SRS(ISIC_2019)\Dataset\MEL\ISIC_0072516.jpg,isic_0072516,4,cf0715958ac3bbc4cbd3d3eeaf2a90f7abefb2312ab7b8afe660adcc1213dc25,11473,3
C:\SRS(ISIC_2019)\Dataset\MEL\ISIC_0072522.jpg,isic_0072522,4,9747c3acf861803fe65d791d6af2ba976d83a0b6b24bc65be9f0f6b7cc91d481,11474,3
C:\SRS(ISIC_2019)\Dataset\MEL\ISIC_0072564.jpg,isic_0072564,4,b2ec44c5fbe823fcbd223ba9e328241d8af7480a529008246dbbc7ea1df4b3f7,11482,3
C:\SRS(ISIC_2019)\Dataset\MEL\ISIC_0072585.jpg,isic_0072585,4,9d6de08959f7fb0f72321cbe63f8e4e309d3314ba01c31709d265d6974b10be4,11487,3
C:\SRS(ISIC_2019)\Dataset\MEL\ISIC_0072730.jpg,isic_0072730,4,782e79a5ff8d9ac95645aaf301b051cd983ec04b85666052ed549f43794be11e,11504,3
C:\SRS(ISIC_2019)\Dataset\MEL\ISIC_0072768.jpg,isic_0072768,4,5354d72a9ccdc7750ca616ca8d1b43eb55ee9ec8795ac33dddcc6309b6b1ed23,11510,3
C:\SRS(ISIC_2019)\Dataset\MEL\ISIC_0072828.jpg,isic_0072828,4,849474d0ee092d850b20c08dbce7184bd687b9c33f04d483fa31c458800f4d30,11520,3
C:\SRS(ISIC_2019)\Dataset\MEL\ISIC_0072868.jpg,isic_0072868,4,3eb599dbbfa49b953ebff3529460735669c8fb49d95cd0750409d836ee6c83cc,11524,3
C:\SRS(ISIC_2019)\Dataset\MEL\ISIC_0072872.jpg,isic_0072872,4,befe54f89053b82a299d1ed97b2d86bb4b8f57f6330cf9a6123ac23059648991,11525,3
C:\SRS(ISIC_2019)\Dataset\MEL\ISIC_0072939.jpg,isic_0072939,4,c0c330eff380771f15cdd81852a0fc90601490c13f2f3a5ca31bd3f35a3c88ba,11534,3
C:\SRS(ISIC_2019)\Dataset\MEL\ISIC_0073136.jpg,isic_0073136,4,aa8789765dc63402978a5e37a9c349f6966d0d811b6f0ebfaae6c5725cfeeaa9,11557,3
C:\SRS(ISIC_2019)\Dataset\MEL\ISIC_0073168.jpg,isic_0073168,4,19ddde45cec96e0a938f116714747bcc22172de8e02a96860af59a10a1625fcc,11561,3
C:\SRS(ISIC_2019)\Dataset\MEL\ISIC_0073194.jpg,isic_0073194,4,034a8dedcdc1d1749df175f8216f9e161f022dee6ff4ffe99bee69dd1fe8f595,11563,3
C:\SRS(ISIC_2019)\Dataset\NV\ISIC_0000000.jpg,isic_0000000,5,153b10f7b8b82bf80badbfdf73a544312637a1950e2dad97822a69b739b6aa1e,11573,3
C:\SRS(ISIC_2019)\Dataset\NV\ISIC_0000003.jpg,isic_0000003,5,e3092bd47d1955c117a18acb1e236222cae99acfbd393d0c7f07b4e6b8978857,11575,3
C:\SRS(ISIC_2019)\Dataset\NV\ISIC_0000032_downsampled.jpg,isic_0000032_downsampled,5,509401ba8931e2eb6aba5bdbbcc18f600128c1c710b0d35509ccb5bba95fc9c9,11596,3
C:\SRS(ISIC_2019)\Dataset\NV\ISIC_0000041_downsampled.jpg,isic_0000041_downsampled,5,52280acf4f25f487753bfb5d4f5e91bcb1d7459a2fe4414e7b49741bd628a2d0,11601,3
C:\SRS(ISIC_2019)\Dataset\NV\ISIC_0000045_downsampled.jpg,isic_0000045_downsampled,5,e8edc12e58de446076d5cee582c60830de844e11426704ec1fa22741ab96f083,11604,3
C:\SRS(ISIC_2019)\Dataset\NV\ISIC_0000055_downsampled.jpg,isic_0000055_downsampled,5,3601afe48d193630a489ecf2500092ac9b0b902b63b4f3895e0f2e1e4499733c,11611,3
C:\SRS(ISIC_2019)\Dataset\NV\ISIC_0000057_downsampled.jpg,isic_0000057_downsampled,5,1c99bb03c5e1a03f9208fc4a66659299da2e1499908d8392f7f425bc5a869254,11612,3
C:\SRS(ISIC_2019)\Dataset\NV\ISIC_0000058_downsampled.jpg,isic_0000058_downsampled,5,4815177a2108f2c38ef7de5c8e166ddcf5e0def7ff1ec59ec5f41ebc56209741,11613,3
C:\SRS(ISIC_2019)\Dataset\NV\ISIC_0000065_downsampled.jpg,isic_0000065_downsampled,5,948f5b6f3b29363e4f88e1117606c0794a5dcd4bb467096baca787eb11dacbe9,11620,3
C:\SRS(ISIC_2019)\Dataset\NV\ISIC_0000067.jpg,isic_0000067,5,5e72117190f2f03ccc366630d9ba72fd159f5077496d972179561b27f1ce5baf,11622,3
C:\SRS(ISIC_2019)\Dataset\NV\ISIC_0000073.jpg,isic_0000073,5,6ef968cb1a0ab6a8f9461ba2ab608b44ca868293e37487f85fd7cf5e96cda26b,11627,3
C:\SRS(ISIC_2019)\Dataset\NV\ISIC_0000092_downsampled.jpg,isic_0000092_downsampled,5,7249835ade1b004fa58720489d0911a26f032d0c7f72359cd0e52bd5d5096791,11639,3
C:\SRS(ISIC_2019)\Dataset\NV\ISIC_0000097_downsampled.jpg,isic_0000097_downsampled,5,8e4fa536b949755a60ec08fc5e4ab646cbedc151491bcbc26fba6e37977900ab,11644,3
C:\SRS(ISIC_2019)\Dataset\NV\ISIC_0000103_downsampled.jpg,isic_0000103_downsampled,5,089a22762d3cc139ed2e48d3d6ea5a4640dd4ae1f8eaa983d48389c6ecb04ec3,11650,3
C:\SRS(ISIC_2019)\Dataset\NV\ISIC_0000110_downsampled.jpg,isic_0000110_downsampled,5,d40748ebaa26af215de396805832a0adbf637b0063b546dd051773b90ca1da92,11656,3
C:\SRS(ISIC_2019)\Dataset\NV\ISIC_0000114_downsampled.jpg,isic_0000114_downsampled,5,5e90e633c48dd9668118bd7badc59177ecdef9a9c97c0073eba60b1cc27019d5,11660,3
C:\SRS(ISIC_2019)\Dataset\NV\ISIC_0000115_downsampled.jpg,isic_0000115_downsampled,5,083a2eb11a5532fd28e7399502e4a2666cec6cb9518080f469d335e6aa64e32a,11661,3
C:\SRS(ISIC_2019)\Dataset\NV\ISIC_0000117_downsampled.jpg,isic_0000117_downsampled,5,1082c6d6f1fdaa98bc17d97264b0db33eb666e902b9465ac94a252333bf01981,11663,3
C:\SRS(ISIC_2019)\Dataset\NV\ISIC_0000129_downsampled.jpg,isic_0000129_downsampled,5,301c1b3d0a4239301308c06fcee6f952bc81e732225adc58b56ab24c60e59ab8,11675,3
C:\SRS(ISIC_2019)\Dataset\NV\ISIC_0000137_downsampled.jpg,isic_0000137_downsampled,5,22b2917104d8e1c168460023b8e4cb61f9a55be00fb0f36e24bd34a471f53324,11683,3
C:\SRS(ISIC_2019)\Dataset\NV\ISIC_0000183_downsampled.jpg,isic_0000183_downsampled,5,3780a7deee2cd5aba2ca59592eeefb95bc531622ac7e67dd1b9c5e5a5a2f5424,11689,3
C:\SRS(ISIC_2019)\Dataset\NV\ISIC_0000185_downsampled.jpg,isic_0000185_downsampled,5,5d280f29584754fe2a9736375aa56f4de1a50011230a39914833752b7b1fdbef,11691,3
C:\SRS(ISIC_2019)\Dataset\NV\ISIC_0000189_downsampled.jpg,isic_0000189_downsampled,5,bff1c7f7996576dc07cd22ff9e3027561de2fa5895546010dd3e7ee288086171,11695,3
C:\SRS(ISIC_2019)\Dataset\NV\ISIC_0000195_downsampled.jpg,isic_0000195_downsampled,5,11913b082dafbbe800cf1fe440c50e15be71a62b2f96a7157a2cf18388faf353,11700,3
C:\SRS(ISIC_2019)\Dataset\NV\ISIC_0000198.jpg,isic_0000198,5,8bc4265b4198d960f69db892b6bd0b83d143f73b5863c61291120110cdaaf435,11703,3
C:\SRS(ISIC_2019)\Dataset\NV\ISIC_0000203_downsampled.jpg,isic_0000203_downsampled,5,2b35ee35f3bdeb998c8cd4dd147c15f3ec76f06f2d2c5cfc4fc28813c8b08843,11708,3
C:\SRS(ISIC_2019)\Dataset\NV\ISIC_0000204_downsampled.jpg,isic_0000204_downsampled,5,755e07c7fde4fde4297e77100ad56eeda03129588f425b90f44b782782bdd88e,11709,3
C:\SRS(ISIC_2019)\Dataset\NV\ISIC_0000206_downsampled.jpg,isic_0000206_downsampled,5,1f9c340fe524d8b658a8f40bbcb3bd7c666107913a2cc80f8dba41bd41d4d024,11711,3
C:\SRS(ISIC_2019)\Dataset\NV\ISIC_0000209.jpg,isic_0000209,5,866a4a482e5c24f74d7f4ae883fd76fe5410fdeb01c34c1720e163eb235bb786,11714,3
C:\SRS(ISIC_2019)\Dataset\NV\ISIC_0000212.jpg,isic_0000212,5,3a053a1338979862a66ecdc65692e34f1c24a180236aeba6e4a1884dfc08e350,11717,3
C:\SRS(ISIC_2019)\Dataset\NV\ISIC_0000216.jpg,isic_0000216,5,5fc36208d5b8ff6e297ef535c99853ee7aa6a56924a43ae5c5d5c24117e2d8e4,11721,3
C:\SRS(ISIC_2019)\Dataset\NV\ISIC_0000221.jpg,isic_0000221,5,c195ea147f3b146dace42b1c3b57dbbe87f62a01a9316f1296cccb89a9bbe60d,11726,3
C:\SRS(ISIC_2019)\Dataset\NV\ISIC_0000225.jpg,isic_0000225,5,cc9f88e43ea893d1574b2661f1d3e286b74ecffc1cd2c8101d062128c893d37c,11730,3
C:\SRS(ISIC_2019)\Dataset\NV\ISIC_0000226.jpg,isic_0000226,5,ec8553ebc671765d298c2449314458cb95b89c7b50ad825b5e16cad2448d42b5,11731,3
C:\SRS(ISIC_2019)\Dataset\NV\ISIC_0000228.jpg,isic_0000228,5,ef30789f424724404a1e986a0b63b585758b17c16c73c7a97e6585da78857993,11733,3
C:\SRS(ISIC_2019)\Dataset\NV\ISIC_0000233.jpg,isic_0000233,5,102ce59a4af90e15c622fb38d595a78091a3c9484cd87156cb83fb312f3b10b3,11738,3
C:\SRS(ISIC_2019)\Dataset\NV\ISIC_0000240.jpg,isic_0000240,5,3853528060cb565cb4702c5a71396faa5bb02b49945a9a46f24286e75836b92a,11744,3
C:\SRS(ISIC_2019)\Dataset\NV\ISIC_0000252.jpg,isic_0000252,5,63ea512b35b3fe0887ff962b66848ff8c5c4f32048950b49819fa571e388981b,11754,3
C:\SRS(ISIC_2019)\Dataset\NV\ISIC_0000255.jpg,isic_0000255,5,ba100f7fecb784c55060171436510b3d676e10cde0db299fa0f8ac4dc3d347dd,11757,3
C:\SRS(ISIC_2019)\Dataset\NV\ISIC_0000268.jpg,isic_0000268,5,e2e0693e82722f5a37a42faf8a0f3f74427dc8f2ba98b5ed743df4498af4dabd,11767,3
C:\SRS(ISIC_2019)\Dataset\NV\ISIC_0000319.jpg,isic_0000319,5,f83004cbe4d6f6ecda264673bcdd5ca02eabe2753f522eaa12c154a3e146f8ec,11775,3
C:\SRS(ISIC_2019)\Dataset\NV\ISIC_0000324.jpg,isic_0000324,5,bb2b3ec7ce634c668d411e2bcead7f7970d3a94c4f34bf696d7af3001d9c8e54,11780,3
C:\SRS(ISIC_2019)\Dataset\NV\ISIC_0000328.jpg,isic_0000328,5,1b8c5894a13f1f3df960cf90912976df375f11715b2ca926f441c50b3bc825b6,11784,3
C:\SRS(ISIC_2019)\Dataset\NV\ISIC_0000329.jpg,isic_0000329,5,ff872f83ce0a6cc6e3c39a8bfb162c07c038d5651a2c805c61b6d681e51128c3,11785,3
C:\SRS(ISIC_2019)\Dataset\NV\ISIC_0000337.jpg,isic_0000337,5,45d5bd29bd1f24adb7e480b2e371d6b3a54e94053b610aee3b1f73b15bbc72dc,11791,3
C:\SRS(ISIC_2019)\Dataset\NV\ISIC_0000340.jpg,isic_0000340,5,2b4195daa7d1f0382359b4a5a2a0477c27612eef9e47be82d22ff1bc5c10a329,11794,3
C:\SRS(ISIC_2019)\Dataset\NV\ISIC_0000343.jpg,isic_0000343,5,de0572c8a82bcd2a7de6cae089e8e3a2a986e9072c6668cf69b03a364d14724d,11797,3
C:\SRS(ISIC_2019)\Dataset\NV\ISIC_0000347.jpg,isic_0000347,5,24eb9102f6204432bb78866b4a571444dee936ebaec0faa2798fead3d8e6cea4,11801,3
C:\SRS(ISIC_2019)\Dataset\NV\ISIC_0000354.jpg,isic_0000354,5,8d1a676168e4e883a22243a70dd683b752f65ca847bcb6683c1f1e3a5e168d3c,11808,3
C:\SRS(ISIC_2019)\Dataset\NV\ISIC_0000363.jpg,isic_0000363,5,a03864348306af783f36e10c41f97852079c33079dc810ff2d4a6ccacfc5bba7,11815,3
C:\SRS(ISIC_2019)\Dataset\NV\ISIC_0000385_downsampled.jpg,isic_0000385_downsampled,5,6031ea8e3e9987aa89860809169b6d68d5f3b1438fe9dd17ef652889b32bd33e,11835,3
C:\SRS(ISIC_2019)\Dataset\NV\ISIC_0000456_downsampled.jpg,isic_0000456_downsampled,5,50ceadac307cefd9458f2e96c32fb0a0d5ff7f551279abcf158ea8c4c28bc654,11868,3
C:\SRS(ISIC_2019)\Dataset\NV\ISIC_0000467.jpg,isic_0000467,5,202e0887b55b0e2575cea579eb8c1e8197b69e787565d053978a447ff36bd1df,11874,3
C:\SRS(ISIC_2019)\Dataset\NV\ISIC_0000479.jpg,isic_0000479,5,fe62cdc56609aaba542a993e952f39eca9b8a00944f3103e48e794119a51cd27,11884,3
C:\SRS(ISIC_2019)\Dataset\NV\ISIC_0000480.jpg,isic_0000480,5,fd238f4e1cba22a4e3fa15b02fb0c0d78d34bf630f6114cd10c42bfdbf593ad0,11885,3
C:\SRS(ISIC_2019)\Dataset\NV\ISIC_0000483.jpg,isic_0000483,5,e8c3deca7b1d40d526c0156bc9828c92109d4e26cb74c51c50a9c5053e57f487,11887,3
C:\SRS(ISIC_2019)\Dataset\NV\ISIC_0000490.jpg,isic_0000490,5,54f2c4b89ff787bab5c6ab887f8632414f7883ee0d7b9e4ce03baaf3fe3f5ede,11892,3
C:\SRS(ISIC_2019)\Dataset\NV\ISIC_0000491.jpg,isic_0000491,5,52ff27afa898b6e9842d93353a74a712e412823e53cf4b68bc012c06d0e17326,11893,3
C:\SRS(ISIC_2019)\Dataset\NV\ISIC_0000514.jpg,isic_0000514,5,296a1d6d9581efaca59da1d5d7dd297bd17d3414d8cfa8f30b62fba3660eecae,11911,3
C:\SRS(ISIC_2019)\Dataset\NV\ISIC_0000527.jpg,isic_0000527,5,0b08767ac138c1b5e8f2602b16158239153fdcfeca2a2fa147a3c2d811492d5f,11916,3
C:\SRS(ISIC_2019)\Dataset\NV\ISIC_0000529_downsampled.jpg,isic_0000529_downsampled,5,33b3387d86573fbd0cc2179d6a60588f7818a85686dec56348338e83f62c897c,11918,3
C:\SRS(ISIC_2019)\Dataset\NV\ISIC_0000536.jpg,isic_0000536,5,e868e5a2a77db85a573c47ca6c48361e6b6fd0cd92671d45b316e1f234f0e0ee,11923,3
C:\SRS(ISIC_2019)\Dataset\NV\ISIC_0000545.jpg,isic_0000545,5,e20bccf3a93d0e9c5a48e73b19e83dd71fa64ecc4f0dbb7158a32ac4179218f1,11932,3
C:\SRS(ISIC_2019)\Dataset\NV\ISIC_0000556.jpg,isic_0000556,5,9680672b79cfeac81b9c18354df1d8b3e4f7423cde412c020c2e3d82e30252c6,11934,3
C:\SRS(ISIC_2019)\Dataset\NV\ISIC_0000999_downsampled.jpg,isic_0000999_downsampled,5,0e68ab45b62d702e3c736d276a376c05aff59eb1d18ade28116cadc6af777ed7,11937,3
C:\SRS(ISIC_2019)\Dataset\NV\ISIC_0001163_downsampled.jpg,isic_0001163_downsampled,5,6d6d24f8c6bb6e56bea159c37c22de4c01f455f8155a1e845d27c7a414206f03,11938,3
C:\SRS(ISIC_2019)\Dataset\NV\ISIC_0001181_downsampled.jpg,isic_0001181_downsampled,5,490d11aeca6d48fe9420412ba8df0bfb74ec617c15238286a3251c69fdc54cfc,11939,3
C:\SRS(ISIC_2019)\Dataset\NV\ISIC_0001185_downsampled.jpg,isic_0001185_downsampled,5,7cc6af33895abf5291f1947a2b92396af4fc5c866a0f15fe71c4206d79657bc5,11941,3
C:\SRS(ISIC_2019)\Dataset\NV\ISIC_0001296_downsampled.jpg,isic_0001296_downsampled,5,fffcfd7ec8fff2680d6547135c38e561acb3f7e8a5603245537e9c1e6c2dca56,11959,3
C:\SRS(ISIC_2019)\Dataset\NV\ISIC_0001385_downsampled.jpg,isic_0001385_downsampled,5,d2c38c4239e617133f1bb6523ce6345d4ae9a0ba8d4e1975ebc90136c82dd4f8,11965,3
C:\SRS(ISIC_2019)\Dataset\NV\ISIC_0001442_downsampled.jpg,isic_0001442_downsampled,5,dad8f267d6135b1c85e0a6b10ab0325337bef1e548c53b5f0290adbce933e5b9,11968,3
C:\SRS(ISIC_2019)\Dataset\NV\ISIC_0001449_downsampled.jpg,isic_0001449_downsampled,5,0bea1162ad95c942061a247edf58e98e871dba6cd6ac06184db010b2c45e99f5,11969,3
C:\SRS(ISIC_2019)\Dataset\NV\ISIC_0002093_downsampled.jpg,isic_0002093_downsampled,5,9ae8cf5a50b9d801caf478e34fdd70814d4096af59c0fb0ff460555fdf53d8b4,11974,3
C:\SRS(ISIC_2019)\Dataset\NV\ISIC_0002246_downsampled.jpg,isic_0002246_downsampled,5,e578ec8edfdeaa8523783c1c499801054754d8e927f261982cd27dca8f5ad9df,11977,3
C:\SRS(ISIC_2019)\Dataset\NV\ISIC_0002488_downsampled.jpg,isic_0002488_downsampled,5,2a0920b3e0f83488238ef0804c94c04313e2f458b7a965c7e2b27f4cd941cf6a,11988,3
C:\SRS(ISIC_2019)\Dataset\NV\ISIC_0002647_downsampled.jpg,isic_0002647_downsampled,5,e15a41e8e817b45ae793dd4c58e19f0cc686245b69edb8c26eea7e16f339be24,11991,3
C:\SRS(ISIC_2019)\Dataset\NV\ISIC_0003051_downsampled.jpg,isic_0003051_downsampled,5,8f642572e853dc4e87c6837d692412da8c7d9d1b0c1e8a07240bb39e6da3b8b9,12004,3
C:\SRS(ISIC_2019)\Dataset\NV\ISIC_0003539_downsampled.jpg,isic_0003539_downsampled,5,880bf063bd653e94e78170d3395339b9fd2a95c9cd1ad96abf800458232f8c75,12010,3
C:\SRS(ISIC_2019)\Dataset\NV\ISIC_0004168_downsampled.jpg,isic_0004168_downsampled,5,20b24a4a1d4bee62475a112912a5b4c81c581ebc9db8a6adfd9140102ce137c2,12019,3
C:\SRS(ISIC_2019)\Dataset\NV\ISIC_0004985_downsampled.jpg,isic_0004985_downsampled,5,221f041d3e4b37cd65310a58de46760c27de1e00388631a37f4df5977befe912,12024,3
C:\SRS(ISIC_2019)\Dataset\NV\ISIC_0005247_downsampled.jpg,isic_0005247_downsampled,5,f0789c3724e613dea7fc309c7c657de565b54c1949d08ea5960380912c0549ad,12027,3
C:\SRS(ISIC_2019)\Dataset\NV\ISIC_0005548_downsampled.jpg,isic_0005548_downsampled,5,8820bc50ef6172b3ec62160e48b0804b79c2ff6b6f595106caeed0ca1574c56c,12028,3
C:\SRS(ISIC_2019)\Dataset\NV\ISIC_0006711_downsampled.jpg,isic_0006711_downsampled,5,9240c38b0a2092c952227ac44ffb0752f9e80308acfd6d613fd80d07253747fe,12043,3
C:\SRS(ISIC_2019)\Dataset\NV\ISIC_0006776_downsampled.jpg,isic_0006776_downsampled,5,dd54a92f9048a492e8ae14e8780098b7119975cc93066aa10bd8cde8b0813c16,12044,3
C:\SRS(ISIC_2019)\Dataset\NV\ISIC_0006800_downsampled.jpg,isic_0006800_downsampled,5,83e5c2eb59b11c229af5316d8c6c5c23a184dd08de93c9aa9ef7871c2f8054c0,12046,3
C:\SRS(ISIC_2019)\Dataset\NV\ISIC_0007156_downsampled.jpg,isic_0007156_downsampled,5,d579f9f46073d4a8a88a33e862b2a10d20db34d7851c9043df3859406dd09d8f,12054,3
C:\SRS(ISIC_2019)\Dataset\NV\ISIC_0007344_downsampled.jpg,isic_0007344_downsampled,5,d3579d1698eb5c3a91c6027b86e074db16db043545afa735bd4011b705f6f665,12059,3
C:\SRS(ISIC_2019)\Dataset\NV\ISIC_0007528_downsampled.jpg,isic_0007528_downsampled,5,b21c2a4926c0b8f7f44b13a9c03bf524a5bbad8eebc86ea38f3e971724b65c4f,12061,3
C:\SRS(ISIC_2019)\Dataset\NV\ISIC_0007693_downsampled.jpg,isic_0007693_downsampled,5,a6cb5bc1b16def9c079abcf95fca7083fa00c4c6ef4cf21980f9cea9d067bc33,12063,3
C:\SRS(ISIC_2019)\Dataset\NV\ISIC_0007796_downsampled.jpg,isic_0007796_downsampled,5,ca433bf866523b6e527badb6a807601098fbfe42ed7b7fcff72c46606f632c34,12066,3
C:\SRS(ISIC_2019)\Dataset\NV\ISIC_0008116_downsampled.jpg,isic_0008116_downsampled,5,42364069c85bab7267b5ba43e099a62811a7e80a5578bfeddc16f9bef072073c,12069,3
C:\SRS(ISIC_2019)\Dataset\NV\ISIC_0008396_downsampled.jpg,isic_0008396_downsampled,5,586045142d4340749a72ed3c791f87f89897bdaa3ddfe8e062a5ed734403a738,12077,3
C:\SRS(ISIC_2019)\Dataset\NV\ISIC_0008406_downsampled.jpg,isic_0008406_downsampled,5,5b92dd2ef16ccbd196bc292a284a843d87efc5a14cfc4cc0961c4d06896a3d38,12079,3
C:\SRS(ISIC_2019)\Dataset\NV\ISIC_0008541_downsampled.jpg,isic_0008541_downsampled,5,39e902a67bf611a50f5a7703a56f00725565ff0573d421cf0ccdf409af87cfb4,12083,3
C:\SRS(ISIC_2019)\Dataset\NV\ISIC_0008913_downsampled.jpg,isic_0008913_downsampled,5,a128f30a2231ba389e1ee2e6c97557a130af47fda497c68b0b2da7958645fc6b,12091,3
C:\SRS(ISIC_2019)\Dataset\NV\ISIC_0008992_downsampled.jpg,isic_0008992_downsampled,5,313019dadf5b51b32797b4362c23bc10518e7f3b336626f1b571ab5cad3650ac,12092,3
C:\SRS(ISIC_2019)\Dataset\NV\ISIC_0009083_downsampled.jpg,isic_0009083_downsampled,5,3916ffb7444c2b6a6f227b3a0260dfc853e1dfc608de0d276f3ea40f58d4585c,12097,3
C:\SRS(ISIC_2019)\Dataset\NV\ISIC_0009188_downsampled.jpg,isic_0009188_downsampled,5,6354757807e9d0d8fab344493f0eb4100a7dc5a78d0fad758cad3c3596b8b9b3,12100,3
C:\SRS(ISIC_2019)\Dataset\NV\ISIC_0009875.jpg,isic_0009875,5,424c7ab92cb522f064600b711f73563a74265c6a60a8b1eeaa3f6d889df5020b,12122,3
C:\SRS(ISIC_2019)\Dataset\NV\ISIC_0009877.jpg,isic_0009877,5,0f0a729601b16de0b0572b5c322767216a933eb53a5e117c1c7bfedaf5b0e98a,12123,3
C:\SRS(ISIC_2019)\Dataset\NV\ISIC_0009880.jpg,isic_0009880,5,926ab317c544f4bfb76aba8c597ef63ed6e8467ba93d6742f25b6412352181d9,12125,3
C:\SRS(ISIC_2019)\Dataset\NV\ISIC_0009883.jpg,isic_0009883,5,b5c7e1846c51fd49665532f19a489bb92429e611e3785c93a9c5302e6bb7b68a,12127,3
C:\SRS(ISIC_2019)\Dataset\NV\ISIC_0009884.jpg,isic_0009884,5,5fa5350c116b054cb235d30fe6ce79f0f7196c6eece4070a73c5dab293930a2b,12128,3
C:\SRS(ISIC_2019)\Dataset\NV\ISIC_0009901.jpg,isic_0009901,5,2de2448ff660fbce63cbf12034d20bae12553b41b59a85304e5e896536c2e982,12136,3
C:\SRS(ISIC_2019)\Dataset\NV\ISIC_0009911.jpg,isic_0009911,5,bfc4c7fcb5b117c1e1eec26523fe11c5070b3dbf742712d4ce1bd717c933d250,12141,3
C:\SRS(ISIC_2019)\Dataset\NV\ISIC_0009919.jpg,isic_0009919,5,9e4b03a2ce24a734d1e0a8011f49b69b4ba7ff232673e76d5922a71e1e9d6f22,12146,3
C:\SRS(ISIC_2019)\Dataset\NV\ISIC_0009923.jpg,isic_0009923,5,8ef45f6a99e4f870a962bf865d8fd91cc3606e55b28b8e572f0f5c5d1e0af02f,12149,3
C:\SRS(ISIC_2019)\Dataset\NV\ISIC_0009931.jpg,isic_0009931,5,c9546ae801fadecc9dcb32e88605289b21c9790a9f8dcafeeee9b7a28989c811,12154,3
C:\SRS(ISIC_2019)\Dataset\NV\ISIC_0009932.jpg,isic_0009932,5,b1d847784705eef05eaa2b806bb57895007855672e54a0e068ad07e7a623cf5c,12155,3
C:\SRS(ISIC_2019)\Dataset\NV\ISIC_0009937.jpg,isic_0009937,5,f65f7bcf08417cc39778bd2925ef4678b6ea7c58ee1059cdf3600ff577d4d91e,12159,3
C:\SRS(ISIC_2019)\Dataset\NV\ISIC_0009941.jpg,isic_0009941,5,2aac70fec09006524395f32c3ba041f6665f2bc5964ebe5ebb93491db27c6e5f,12163,3
C:\SRS(ISIC_2019)\Dataset\NV\ISIC_0009954.jpg,isic_0009954,5,c24a23e3ab2ee1410de6b10da227725b8d22e07b11da13bae9c831291fa3bf71,12174,3
C:\SRS(ISIC_2019)\Dataset\NV\ISIC_0009972.jpg,isic_0009972,5,9e7053656044fafac734d1f6d1bf22767355365f13aacf3e55343123db8e2e1f,12187,3
C:\SRS(ISIC_2019)\Dataset\NV\ISIC_0009974.jpg,isic_0009974,5,a439b4a258c93a5f9b762dd75b01ed5b97b490c6b8c808f3887b7353bf93122b,12189,3
C:\SRS(ISIC_2019)\Dataset\NV\ISIC_0009977.jpg,isic_0009977,5,7d7b4890d053aea98110a9cc84acd0cc2721f7172f45a2211f4fd76ddec131f7,12192,3
C:\SRS(ISIC_2019)\Dataset\NV\ISIC_0010013.jpg,isic_0010013,5,54d07c54a5844e968bb90b61169b28799f882f7d0ebba658b95b8e77fb22d875,12211,3
C:\SRS(ISIC_2019)\Dataset\NV\ISIC_0010021.jpg,isic_0010021,5,66e7d42ccc450ed7373813683e06347dc12d20581618be5326404e7f42b6f03b,12218,3
C:\SRS(ISIC_2019)\Dataset\NV\ISIC_0010022.jpg,isic_0010022,5,85c26c76cedf7f4e731f1f39c7127c781af7a2c75070460dc4f3b440866af594,12219,3
C:\SRS(ISIC_2019)\Dataset\NV\ISIC_0010032.jpg,isic_0010032,5,19e48637f09a9506fbf17c7337ad8ac256f2c5ef7ab2cec3b3fb3f56216525a9,12222,3
C:\SRS(ISIC_2019)\Dataset\NV\ISIC_0010060.jpg,isic_0010060,5,334c4498bac9e23ac48e8e1405149dbb59d5fb9ab094cb78dbbcd6343870762b,12238,3
C:\SRS(ISIC_2019)\Dataset\NV\ISIC_0010063.jpg,isic_0010063,5,2647ef01a760a439038d845aa47a106eb55d4381636f6479d41893d4eb2d459a,12241,3
C:\SRS(ISIC_2019)\Dataset\NV\ISIC_0010064.jpg,isic_0010064,5,e994a9d42a5974c8cb683ac26ff916d268f91cc6ba9cf9e8bad861b91a9fe93f,12242,3
C:\SRS(ISIC_2019)\Dataset\NV\ISIC_0010066.jpg,isic_0010066,5,2a4a4486f3f9d76722cbd6180b7e902968d132341a8a5f8aa52f41fb531ea38b,12243,3
C:\SRS(ISIC_2019)\Dataset\NV\ISIC_0010071.jpg,isic_0010071,5,99875c949b7239ce2f2a0ea99ee28606d0318961983c869e92ce1304fa4b01cf,12246,3
C:\SRS(ISIC_2019)\Dataset\NV\ISIC_0010092.jpg,isic_0010092,5,77c485b5a8e4570ada4ac20961261f900c843f06c3c3057ce267f31ba8d8160b,12257,3
C:\SRS(ISIC_2019)\Dataset\NV\ISIC_0010104.jpg,isic_0010104,5,d2c9f4ffe7769517391951a7239dd8c6f6994707cfe4551cb76d402f844163e7,12261,3
C:\SRS(ISIC_2019)\Dataset\NV\ISIC_0010178.jpg,isic_0010178,5,6aa4650f543dd1f42198ab18e41c2b839fe5576c84b64fe774eb2b856cca6e2c,12269,3
C:\SRS(ISIC_2019)\Dataset\NV\ISIC_0010182.jpg,isic_0010182,5,483bd35ac20bc28e50efe0322ee4c49576be5c4b4a8befe986063e96bbd52f53,12271,3
C:\SRS(ISIC_2019)\Dataset\NV\ISIC_0010184.jpg,isic_0010184,5,6b77a6a48bdb16fc2a97b166c93a7194eb641f98937deb84ae1609d2a9b6ef28,12273,3
C:\SRS(ISIC_2019)\Dataset\NV\ISIC_0010185.jpg,isic_0010185,5,6a28cd25689fde954df396707cc380aa7ca96a1298096ca3de520f8486fbcbaa,12274,3
C:\SRS(ISIC_2019)\Dataset\NV\ISIC_0010202.jpg,isic_0010202,5,669c1d1021a17b42442584be0675675811e98255e4da08580be8f8ecfa407e31,12282,3
C:\SRS(ISIC_2019)\Dataset\NV\ISIC_0010216.jpg,isic_0010216,5,78a732fe71ecf8a8239ad089018ba3c177af7a910033555f1e2d79e93f013e49,12289,3
C:\SRS(ISIC_2019)\Dataset\NV\ISIC_0010226.jpg,isic_0010226,5,7cbec17afbf16b8662f3f33808b3dbf88fdf2ecdb7673d15a4f758a9bce37641,12293,3
C:\SRS(ISIC_2019)\Dataset\NV\ISIC_0010232.jpg,isic_0010232,5,44617c3fa2337e7c164b25f7e6d3e46f41063f2e0bf6a9f017e481f66cdd6d65,12297,3
C:\SRS(ISIC_2019)\Dataset\NV\ISIC_0010236.jpg,isic_0010236,5,f2dc0dad3864701bf4895c901d712278656502dd15d978e31b7d277509abc093,12300,3
C:\SRS(ISIC_2019)\Dataset\NV\ISIC_0010263.jpg,isic_0010263,5,d7d3b27d79de5d3447ad5bfa6a2d85799ed5a2ec8af88217ec77270dc3cc7189,12316,3
C:\SRS(ISIC_2019)\Dataset\NV\ISIC_0010317.jpg,isic_0010317,5,4014020b1c7ee6c7b122362628ca7499170b669aa7e419052e994ff9017cff88,12318,3
C:\SRS(ISIC_2019)\Dataset\NV\ISIC_0010342.jpg,isic_0010342,5,a1ba022ce525e5dddb34cbca557f1a6852ad962ef80e9fd03733c308c09923b0,12334,3
C:\SRS(ISIC_2019)\Dataset\NV\ISIC_0010365.jpg,isic_0010365,5,cc667cf86c94c516312f3388573543d9e76afe40e3a254a963418171cf1de2c9,12344,3
C:\SRS(ISIC_2019)\Dataset\NV\ISIC_0010367.jpg,isic_0010367,5,bf63cbc30196cdbe71094b000f35a8a8bf3d50d5447f91aa00d4f85e9c079060,12345,3
C:\SRS(ISIC_2019)\Dataset\NV\ISIC_0010368.jpg,isic_0010368,5,90dcdf86bf956c2281dfbaedfbe2394754018225e84523ec75f6d0852854eb1c,12346,3
C:\SRS(ISIC_2019)\Dataset\NV\ISIC_0010440.jpg,isic_0010440,5,60f5553ba229fdd400d83311909ec6f67196b03751cc0679e26aa4eee1573949,12353,3
C:\SRS(ISIC_2019)\Dataset\NV\ISIC_0010444.jpg,isic_0010444,5,5a4b8e63b5d3b1246a4701bfd33525963d416961279d77bdbfa23047f023a1f3,12356,3
C:\SRS(ISIC_2019)\Dataset\NV\ISIC_0010445.jpg,isic_0010445,5,0685eb82201be9309940cb52f03352006b6bd7877bc4f9f20c83dd1b9c1f8705,12357,3
C:\SRS(ISIC_2019)\Dataset\NV\ISIC_0010460.jpg,isic_0010460,5,43b57cf34be3a393d24dd874ac808570338ba80d0f34751a3c01764987b8ec5d,12367,3
C:\SRS(ISIC_2019)\Dataset\NV\ISIC_0010479.jpg,isic_0010479,5,7782bba58e0dda2939989c83b03f619b8d133094ea05d59b4f8b8d7c585861c1,12379,3
C:\SRS(ISIC_2019)\Dataset\NV\ISIC_0010480.jpg,isic_0010480,5,027db2b76427fc59c6367379725e0414b53a5ebb937147f28f3f2851e55180ab,12380,3
C:\SRS(ISIC_2019)\Dataset\NV\ISIC_0010483.jpg,isic_0010483,5,17f3647f2e4bcecd005adc22406caab1d451920d85b69cb82a0244acc47d3db9,12382,3
C:\SRS(ISIC_2019)\Dataset\NV\ISIC_0010490.jpg,isic_0010490,5,c7a38a2f5557462d9961f0338d792e37d762e6e24c2c9c5c2e1c9a61255b84a2,12385,3
C:\SRS(ISIC_2019)\Dataset\NV\ISIC_0010494.jpg,isic_0010494,5,54def39643cccb77f75ea92b397454d877572a1b10e1f78f589a5284159f4308,12388,3
C:\SRS(ISIC_2019)\Dataset\NV\ISIC_0010554.jpg,isic_0010554,5,b9f3edf14b92b6b7a67642616b9e65a0c4706524693f7da66ca605bb68c881bc,12394,3
C:\SRS(ISIC_2019)\Dataset\NV\ISIC_0010572.jpg,isic_0010572,5,e4d4a5376235a71e4ccfbce31423a297966be3f4ead58e709f4a53e47a1fc187,12405,3
C:\SRS(ISIC_2019)\Dataset\NV\ISIC_0010605.jpg,isic_0010605,5,9e02bbe7e605c8a6d637ea080c48ddb4a1b1ef613b551af1d74b91dee0d64ee8,12425,3
C:\SRS(ISIC_2019)\Dataset\NV\ISIC_0010847.jpg,isic_0010847,5,2ee70edea63b3706f1213b979dbbc45c0c8b74023612e4c0f4b3e0ffb9cc9dae,12430,3
C:\SRS(ISIC_2019)\Dataset\NV\ISIC_0010849.jpg,isic_0010849,5,813e5034e20acb7b208b7a546c3a7c6a112a96af0047e6d8d85c50c5e901b06b,12432,3
C:\SRS(ISIC_2019)\Dataset\NV\ISIC_0010861.jpg,isic_0010861,5,8f50580e84ae31f03964e08b38ade20ab5774cfa80026338d2a1bf5c43e305ad,12440,3
C:\SRS(ISIC_2019)\Dataset\NV\ISIC_0010864.jpg,isic_0010864,5,683f424ebf9cdb9f3510d6d1421309637ad359065341ba9ba02598b0e5fdbb50,12441,3
C:\SRS(ISIC_2019)\Dataset\NV\ISIC_0011083.jpg,isic_0011083,5,02a32730fe8a950714d1785e032ab11c06ec43fe29e906fb1be27f8ce2190c73,12445,3
C:\SRS(ISIC_2019)\Dataset\NV\ISIC_0011104.jpg,isic_0011104,5,cfd2c9ea2744d4fb4cfc0678fb57ae4486ea3f61fa73982802a73e8a33ccd668,12457,3
C:\SRS(ISIC_2019)\Dataset\NV\ISIC_0011107.jpg,isic_0011107,5,725317d1ce26c1febe28175b169299733a503e3bf4ebdc3cb0d3f3aeff0d77dc,12459,3
C:\SRS(ISIC_2019)\Dataset\NV\ISIC_0011146.jpg,isic_0011146,5,6b9b1961b61243ca31cb24264c484004cac7f625e54c82dd0e15af04816817c7,12475,3
C:\SRS(ISIC_2019)\Dataset\NV\ISIC_0011149.jpg,isic_0011149,5,92ae4c885f2544ca58695dc78527c63e1df910afe2a2b4b0232d4b344c9b27ae,12476,3
C:\SRS(ISIC_2019)\Dataset\NV\ISIC_0011150.jpg,isic_0011150,5,f37713c08c5002826af202bcee4a7991d60fb011bfe9e2184d3fbcc21bccd635,12477,3
C:\SRS(ISIC_2019)\Dataset\NV\ISIC_0011213.jpg,isic_0011213,5,b6ef43094284a6a1960ef5bf1b9e5f0412eca70c59ed78ac672aa9333a5efadf,12501,3
C:\SRS(ISIC_2019)\Dataset\NV\ISIC_0011218.jpg,isic_0011218,5,4a74761eb8c8c91093bccb1cde56d41f1969bedfd10ec886af02ca89eedcca64,12505,3
C:\SRS(ISIC_2019)\Dataset\NV\ISIC_0011220.jpg,isic_0011220,5,ef7abea9ee8c6bb5a939feeef8585bc5a8b2f811b1edd013fb9f6daad2783f22,12507,3
C:\SRS(ISIC_2019)\Dataset\NV\ISIC_0011223.jpg,isic_0011223,5,920ac1dba46830acc5196a78756bdb10476d9b9076f839ada2d537b538b0ba12,12508,3
C:\SRS(ISIC_2019)\Dataset\NV\ISIC_0011229.jpg,isic_0011229,5,4d7cf73ce99b26a517872ccd829b2d778637e17e4e8941d88f6394af362a7491,12513,3
C:\SRS(ISIC_2019)\Dataset\NV\ISIC_0011301.jpg,isic_0011301,5,2e3d664515a2d1e86afe6193c36e45811fd88dbb1584d6f429c9f2964c7ad966,12521,3
C:\SRS(ISIC_2019)\Dataset\NV\ISIC_0011324.jpg,isic_0011324,5,4ab9e534ed5f94ed7ee4160d58eb95c5861493f949fc4bd727cedc44e41b6895,12530,3
C:\SRS(ISIC_2019)\Dataset\NV\ISIC_0011328.jpg,isic_0011328,5,c98a3e914ae48ce10d57304a8e4d5b6e8bf7c1db2c1160d25db8c61872ea2082,12533,3
C:\SRS(ISIC_2019)\Dataset\NV\ISIC_0011341.jpg,isic_0011341,5,52221b7eeb052a858526a8fdff7ef6cd4ff38f10151e66dd2b7342afe5377329,12539,3
C:\SRS(ISIC_2019)\Dataset\NV\ISIC_0011343.jpg,isic_0011343,5,54b675e768969dea2e388b5ab10d0a8f1bfeb91422f65c9024f0e5276d0a8790,12540,3
C:\SRS(ISIC_2019)\Dataset\NV\ISIC_0011360.jpg,isic_0011360,5,b9e32ab55771dcdf12a40b21f309de1e4ce59b2f90127ff4987988a36c637263,12548,3
C:\SRS(ISIC_2019)\Dataset\NV\ISIC_0011378.jpg,isic_0011378,5,70387c89a40211b1acdef4924c1cbe87eef39b0c1e3ac41cb67b88efaf0b6ae4,12555,3
C:\SRS(ISIC_2019)\Dataset\NV\ISIC_0011383.jpg,isic_0011383,5,18871a060ced56547219bd23c52fea654aa7a334fc81fab19ba4f19586f4b597,12557,3
C:\SRS(ISIC_2019)\Dataset\NV\ISIC_0011384.jpg,isic_0011384,5,3d128fc3e5e84d866bcd46bd2dda00f6ab7e4483b03f41cccb205f86085e355a,12558,3
C:\SRS(ISIC_2019)\Dataset\NV\ISIC_0012094_downsampled.jpg,isic_0012094_downsampled,5,cf0ba73e9377d42e6c0452034f4b89c7f677d5a6c970241bc676116cf7b633bb,12567,3
C:\SRS(ISIC_2019)\Dataset\NV\ISIC_0012097_downsampled.jpg,isic_0012097_downsampled,5,726c37fd774d5f54f6eee2f01bfa565911d86b81b228f8dd108c2d72152c4e80,12569,3
C:\SRS(ISIC_2019)\Dataset\NV\ISIC_0012107_downsampled.jpg,isic_0012107_downsampled,5,ecc0f69f7abc2fcc5f32d25036c4aefdd08f4aaa52879e22ed27d43dbe78ae89,12572,3
C:\SRS(ISIC_2019)\Dataset\NV\ISIC_0012116_downsampled.jpg,isic_0012116_downsampled,5,23fb0a8434c68ebccab076ae38468dce078c17dc608d61ee6bae50cf2320bc93,12575,3
C:\SRS(ISIC_2019)\Dataset\NV\ISIC_0012182_downsampled.jpg,isic_0012182_downsampled,5,2d0e86156893997b8d9f218d0704cf87c32a931ac72200e4b35a4ecb572bcac8,12594,3
C:\SRS(ISIC_2019)\Dataset\NV\ISIC_0012205_downsampled.jpg,isic_0012205_downsampled,5,88e2b768b0ba084be1041621619ae313a3f69f74ad6d4781f95d23cbf5dceeda,12599,3
C:\SRS(ISIC_2019)\Dataset\NV\ISIC_0012212_downsampled.jpg,isic_0012212_downsampled,5,56b91935567f8a1836b4b4e16978fa2bc7e7ca074e11d411f0ce2ee8c479259b,12603,3
C:\SRS(ISIC_2019)\Dataset\NV\ISIC_0012216_downsampled.jpg,isic_0012216_downsampled,5,8b1a1197dd0b04568705199619a3de7111ef8d28d513805aa0dac89b565faacd,12605,3
C:\SRS(ISIC_2019)\Dataset\NV\ISIC_0012268_downsampled.jpg,isic_0012268_downsampled,5,6cfe8be1d6d32c43d15147554da98f7929d060ca87ad67f93bc676d18a3c5abf,12622,3
C:\SRS(ISIC_2019)\Dataset\NV\ISIC_0012281_downsampled.jpg,isic_0012281_downsampled,5,1e130545db64472b1aecb853656a2251df26710b628e60c309a3d45100fc90e0,12626,3
C:\SRS(ISIC_2019)\Dataset\NV\ISIC_0012285_downsampled.jpg,isic_0012285_downsampled,5,7dc985ed269e240bce1027b0097cbb14e9568dfec2b2bc087a983dcdbe5b246b,12628,3
C:\SRS(ISIC_2019)\Dataset\NV\ISIC_0012311_downsampled.jpg,isic_0012311_downsampled,5,f848a8cb4d5ceed809258754b7f524819dc387ce68ff1019d84df959d106c4ce,12632,3
C:\SRS(ISIC_2019)\Dataset\NV\ISIC_0012339_downsampled.jpg,isic_0012339_downsampled,5,e0bdc3dcba46808ec1c57ac3d0de03e19cf7eeabd1541b8cde6232264f84fecc,12645,3
C:\SRS(ISIC_2019)\Dataset\NV\ISIC_0012363_downsampled.jpg,isic_0012363_downsampled,5,a759e1a8d133b63507ffe26243918b21256b42e1cc5265708bc2953724880313,12649,3
C:\SRS(ISIC_2019)\Dataset\NV\ISIC_0012400_downsampled.jpg,isic_0012400_downsampled,5,5553aa802d0bce6a4a9a49a13120573ddac22926d5abeacbfd08620d34a30c81,12655,3
C:\SRS(ISIC_2019)\Dataset\NV\ISIC_0012495_downsampled.jpg,isic_0012495_downsampled,5,02f3d5e0ffde623e9ea6df14f591e7a1a776dc8c70c7aa8f95a29c77b4926984,12669,3
C:\SRS(ISIC_2019)\Dataset\NV\ISIC_0012506_downsampled.jpg,isic_0012506_downsampled,5,119eb93dbebf13abc9b1223e6dcc22bdbec8b4f4dbdb7c07c0e1fe1eb7384c9b,12672,3
C:\SRS(ISIC_2019)\Dataset\NV\ISIC_0012538_downsampled.jpg,isic_0012538_downsampled,5,8d9f9e915ddefcb04ec57ac755d2e58cc98c24b0e544e9670e90dd99a0c2e258,12681,3
C:\SRS(ISIC_2019)\Dataset\NV\ISIC_0012539_downsampled.jpg,isic_0012539_downsampled,5,06f15e74656d8104028ee96af9838b501717fbdb7f43e8e4f3bbef0c2f6b6ff7,12682,3
C:\SRS(ISIC_2019)\Dataset\NV\ISIC_0012551_downsampled.jpg,isic_0012551_downsampled,5,f2514d119ab9a933dd8125273ab501db53e928105aca54182569ecba65c33cba,12687,3
C:\SRS(ISIC_2019)\Dataset\NV\ISIC_0012669_downsampled.jpg,isic_0012669_downsampled,5,87336148ca28fd981ad527b8927015cea3e25dca1a011a9d371306d66c3b5fa7,12700,3
C:\SRS(ISIC_2019)\Dataset\NV\ISIC_0012670_downsampled.jpg,isic_0012670_downsampled,5,a620fb936031b992b9ecb773268cda4c905bc670ab4017df553a04c41c41f536,12701,3
C:\SRS(ISIC_2019)\Dataset\NV\ISIC_0012675_downsampled.jpg,isic_0012675_downsampled,5,576384687580226edebf86fd372b85070eef486428c97c2759bff2cf4eb8adb2,12706,3
C:\SRS(ISIC_2019)\Dataset\NV\ISIC_0012680_downsampled.jpg,isic_0012680_downsampled,5,47919f028059a09b41fe49dedddff4bd74341b2cc874b753b47b17d8ba1eb677,12710,3
C:\SRS(ISIC_2019)\Dataset\NV\ISIC_0012685_downsampled.jpg,isic_0012685_downsampled,5,6bf9104c034c9b843dca56ac8c579a20ce4ef9fa80272e67cb47e27e3b2a858f,12715,3
C:\SRS(ISIC_2019)\Dataset\NV\ISIC_0012690_downsampled.jpg,isic_0012690_downsampled,5,951b105fa2516b1a6f64e4eff84e30d08ba009b8e30146b393172f3838fd36b6,12716,3
C:\SRS(ISIC_2019)\Dataset\NV\ISIC_0012699_downsampled.jpg,isic_0012699_downsampled,5,f2e63504523531989450d169e727703ee2cf41d953162b9f8b77b4a8b94f9d14,12718,3
C:\SRS(ISIC_2019)\Dataset\NV\ISIC_0012700_downsampled.jpg,isic_0012700_downsampled,5,a88ff506def5076357b887c7a59097c2677a3e18027c0ba34296bd7ae41c104d,12719,3
C:\SRS(ISIC_2019)\Dataset\NV\ISIC_0012708_downsampled.jpg,isic_0012708_downsampled,5,9a719289fa7e2663b876b42cb0e345919d552d96edd781418935019766cbded8,12722,3
C:\SRS(ISIC_2019)\Dataset\NV\ISIC_0012709_downsampled.jpg,isic_0012709_downsampled,5,247b34a9d7e4e927d55e1846753778720baf2b6b873d9a263d7435063160ac68,12723,3
C:\SRS(ISIC_2019)\Dataset\NV\ISIC_0012770_downsampled.jpg,isic_0012770_downsampled,5,82688d29f601b3e95a0c4fe48519457ef3ef3de6bf86780bae8ecf5f2b0b6644,12740,3
C:\SRS(ISIC_2019)\Dataset\NV\ISIC_0012788_downsampled.jpg,isic_0012788_downsampled,5,dbc61e16d344b663585cc3d2ebe123e6a210937e9cbd13f585250a857fef1387,12743,3
C:\SRS(ISIC_2019)\Dataset\NV\ISIC_0012804_downsampled.jpg,isic_0012804_downsampled,5,cd8089f9e771150c6a8bd1dd2054390dbda9c058fd43fec190f5f02eac23fcd9,12747,3
C:\SRS(ISIC_2019)\Dataset\NV\ISIC_0012806_downsampled.jpg,isic_0012806_downsampled,5,c6d2b2a24e3829d9262dfa1c3f24fb29df9033b6aa5cc55170d2eab0af382c9b,12748,3
C:\SRS(ISIC_2019)\Dataset\NV\ISIC_0012836_downsampled.jpg,isic_0012836_downsampled,5,80dcefefa69ecb2115e24211a80a977fafa32f4f213ceab5d34f8e027d6ca7b2,12754,3
C:\SRS(ISIC_2019)\Dataset\NV\ISIC_0012873_downsampled.jpg,isic_0012873_downsampled,5,99a6bab5693671da4652c0f0a8b2c46fe759f1f54c15425305f36df135f292f3,12760,3
C:\SRS(ISIC_2019)\Dataset\NV\ISIC_0012876_downsampled.jpg,isic_0012876_downsampled,5,906b0418d12c66a3c5a6da9ea3b45f45a7288ce0929d9b3d755f045c83b06c94,12761,3
C:\SRS(ISIC_2019)\Dataset\NV\ISIC_0012888_downsampled.jpg,isic_0012888_downsampled,5,7bd33b161ed2717158440af52727be0d60150a5e91c291d0ae8ce748c1e83359,12766,3
C:\SRS(ISIC_2019)\Dataset\NV\ISIC_0012903_downsampled.jpg,isic_0012903_downsampled,5,20073f5238094073d66381be3d41e1ef2029964db390e48c43650c83ffb31a6d,12770,3
C:\SRS(ISIC_2019)\Dataset\NV\ISIC_0012944_downsampled.jpg,isic_0012944_downsampled,5,71ee2b8a44b4e22186e8d027bcf638994eace778de8870d6f33be6545b671f0d,12778,3
C:\SRS(ISIC_2019)\Dataset\NV\ISIC_0012950_downsampled.jpg,isic_0012950_downsampled,5,41ce629fccc4df39efb38024955c25fa1bc1ad99dae729aefa8289bdc38354c5,12781,3
C:\SRS(ISIC_2019)\Dataset\NV\ISIC_0012961_downsampled.jpg,isic_0012961_downsampled,5,f8564d4ff3388024fc9d58a13c0a1d929a83b3489c0a5ded91dfcb8b0c9eeb5b,12784,3
C:\SRS(ISIC_2019)\Dataset\NV\ISIC_0012966_downsampled.jpg,isic_0012966_downsampled,5,2156953d6621c187d8fc2173565c5f852ba6ad38ef24a4d0b983a28800f65864,12786,3
C:\SRS(ISIC_2019)\Dataset\NV\ISIC_0012982_downsampled.jpg,isic_0012982_downsampled,5,e14ddf75e2e1f2e09a8441c6a0b5c2befbf75b158e1cef20ffbf1267745de6fe,12792,3
C:\SRS(ISIC_2019)\Dataset\NV\ISIC_0013000_downsampled.jpg,isic_0013000_downsampled,5,f18220054847cd26434d1cc99e1de599fc18585c4b8043a901a7e265ed11c952,12795,3
C:\SRS(ISIC_2019)\Dataset\NV\ISIC_0013007_downsampled.jpg,isic_0013007_downsampled,5,21789a5bdbbaed4153902801d40b822a9140004f586db68e11768530efaf0447,12797,3
C:\SRS(ISIC_2019)\Dataset\NV\ISIC_0013010_downsampled.jpg,isic_0013010_downsampled,5,510eb89714866e71762c922bd0ec4788372581f242af58e34ad9a067e9afca8e,12798,3
C:\SRS(ISIC_2019)\Dataset\NV\ISIC_0013031_downsampled.jpg,isic_0013031_downsampled,5,38fdd47e84c90d76283aa9c7fc6c4a2fac8fca1133d68f98e48cdabbaf6d8e61,12806,3
C:\SRS(ISIC_2019)\Dataset\NV\ISIC_0013080_downsampled.jpg,isic_0013080_downsampled,5,7563a45dbac1ce562474064c60edbd6d7478cf20d5c197bbad4d373d958090c5,12819,3
C:\SRS(ISIC_2019)\Dataset\NV\ISIC_0013097_downsampled.jpg,isic_0013097_downsampled,5,5f6eebee260e18542593753948891b49675d67ae4f5bb3a19cdc31c1766fbf45,12827,3
C:\SRS(ISIC_2019)\Dataset\NV\ISIC_0013124_downsampled.jpg,isic_0013124_downsampled,5,4abcc7bc595951901bccde5bc3b42fae2bbc7379a3bd32bc71171c97410b2597,12836,3
C:\SRS(ISIC_2019)\Dataset\NV\ISIC_0013128_downsampled.jpg,isic_0013128_downsampled,5,d9c8888461f4dfba3d815bee189ed9e8162bd56174846e1baea32a134c72bd89,12838,3
C:\SRS(ISIC_2019)\Dataset\NV\ISIC_0013147_downsampled.jpg,isic_0013147_downsampled,5,ca48f6fc518f05fee7d34de30b3e68bd32e928d30c0ea966917cbafc46adfd6d,12842,3
C:\SRS(ISIC_2019)\Dataset\NV\ISIC_0013205_downsampled.jpg,isic_0013205_downsampled,5,38b9bf08ddf3c0f89e02ce82af727e6bf994e5d4dc4d2d315d36e3186fcec611,12861,3
C:\SRS(ISIC_2019)\Dataset\NV\ISIC_0013227_downsampled.jpg,isic_0013227_downsampled,5,9a191c8966dd56b4bd664c0db7bf4316b0343f5e86ac8a54669c6b19d8b42f1f,12873,3
C:\SRS(ISIC_2019)\Dataset\NV\ISIC_0013249_downsampled.jpg,isic_0013249_downsampled,5,d7463ebcf586de47e7afe053b05d5312ad5217789858937e522b1b9a6455f7f5,12882,3
C:\SRS(ISIC_2019)\Dataset\NV\ISIC_0013320_downsampled.jpg,isic_0013320_downsampled,5,00e7c38e974f801b48eaa38e20ca8fd66474edc08137d078f4486abc4c357a35,12898,3
C:\SRS(ISIC_2019)\Dataset\NV\ISIC_0013325_downsampled.jpg,isic_0013325_downsampled,5,306687794bdb6017ee67a237ff7134497aaa2fd80120ac0fbe546c4e61db9e23,12899,3
C:\SRS(ISIC_2019)\Dataset\NV\ISIC_0013434_downsampled.jpg,isic_0013434_downsampled,5,45eba80cb1974c2108c10a03913154404d48ef3dc9bf58488a691312a67cc627,12929,3
C:\SRS(ISIC_2019)\Dataset\NV\ISIC_0013512_downsampled.jpg,isic_0013512_downsampled,5,7b2f854f776065716e76a8239de2bd481ff5e49307cae7e5c02c4fe479165461,12944,3
C:\SRS(ISIC_2019)\Dataset\NV\ISIC_0013517_downsampled.jpg,isic_0013517_downsampled,5,c754ce3f2d886c52cb9ad662638529e95d2c3ae0148e91ea045fcea52af3e731,12946,3
C:\SRS(ISIC_2019)\Dataset\NV\ISIC_0013527_downsampled.jpg,isic_0013527_downsampled,5,408a7764fff9cadaafbe36752e90e035b78d4951f4ebd79f0f0cc2a4fe816cd4,12949,3
C:\SRS(ISIC_2019)\Dataset\NV\ISIC_0013552_downsampled.jpg,isic_0013552_downsampled,5,79f9928d57cc72d5384c83c35ce79aaf1e37fd9140b745e90484a10e4615f3e4,12951,3
C:\SRS(ISIC_2019)\Dataset\NV\ISIC_0013562_downsampled.jpg,isic_0013562_downsampled,5,5310715568cc1283fd4a23d02fd04614d9f90436f5ed6211552aa31013a70024,12957,3
C:\SRS(ISIC_2019)\Dataset\NV\ISIC_0013568_downsampled.jpg,isic_0013568_downsampled,5,71ef945e37cdace6045ad0bca176e48efe0bd7b597e75e9b0ba340368810b4c5,12958,3
C:\SRS(ISIC_2019)\Dataset\NV\ISIC_0013602_downsampled.jpg,isic_0013602_downsampled,5,f354e6073595fad5341644c6b01ba9bf9e5cef845591022306c8beea3c8d717d,12966,3
C:\SRS(ISIC_2019)\Dataset\NV\ISIC_0013738_downsampled.jpg,isic_0013738_downsampled,5,a8aa4887aed14ff5852ecd6c2bea640165855212bdd11e12c222416edbb927de,12983,3
C:\SRS(ISIC_2019)\Dataset\NV\ISIC_0013747_downsampled.jpg,isic_0013747_downsampled,5,35fbf51dc8569c8cc9ae69001243fe5f1d7d23705ad9560dec7a37452a562377,12984,3
C:\SRS(ISIC_2019)\Dataset\NV\ISIC_0013758_downsampled.jpg,isic_0013758_downsampled,5,4023b66f61121c63f2c40430941dc9a1bfe0c2ae8935ee64119ce94750e94733,12987,3
C:\SRS(ISIC_2019)\Dataset\NV\ISIC_0013795_downsampled.jpg,isic_0013795_downsampled,5,18206fb121051b44a28311a106160b2feee0c99c4f83c745d827652f5b2e0a45,12994,3
C:\SRS(ISIC_2019)\Dataset\NV\ISIC_0013819_downsampled.jpg,isic_0013819_downsampled,5,f5093433ad2cac8ab4d31730876731998c135a848d011f16f6511b860f86287f,13010,3
C:\SRS(ISIC_2019)\Dataset\NV\ISIC_0013837_downsampled.jpg,isic_0013837_downsampled,5,71bb9ac41813b8360857b248b2a11c585ac703f9edb015895245afcb7e9eb229,13014,3
C:\SRS(ISIC_2019)\Dataset\NV\ISIC_0013898_downsampled.jpg,isic_0013898_downsampled,5,700fd9e58a302721ccca0526494ba940a4ee54643e647096835977bca498e39d,13023,3
C:\SRS(ISIC_2019)\Dataset\NV\ISIC_0013921_downsampled.jpg,isic_0013921_downsampled,5,73740162b035e6b0fbd94da4f5e9dec3c7261863a2577e1e3218d808b2aef429,13025,3
C:\SRS(ISIC_2019)\Dataset\NV\ISIC_0013935_downsampled.jpg,isic_0013935_downsampled,5,6e33fdf014409e7b25f1edc09e10061ef1bfd3ed1e5b5eca8eba843a8eea20b2,13027,3
C:\SRS(ISIC_2019)\Dataset\NV\ISIC_0013970_downsampled.jpg,isic_0013970_downsampled,5,e0b8aee86e578f16fce6e1f0c09b54266bcd0e1074682afede818c70e7423e54,13035,3
C:\SRS(ISIC_2019)\Dataset\NV\ISIC_0013983_downsampled.jpg,isic_0013983_downsampled,5,27695268893a45b3f9ed157cbdd6556c98bd7a9165751955787c801a5df4ada1,13038,3
C:\SRS(ISIC_2019)\Dataset\NV\ISIC_0013996_downsampled.jpg,isic_0013996_downsampled,5,655cca7e97cabb99894f0df823ae57cd4470ccf23c83422132e9cd4db4109cc1,13039,3
C:\SRS(ISIC_2019)\Dataset\NV\ISIC_0013998_downsampled.jpg,isic_0013998_downsampled,5,2e77bee7c42cbc84ed4261b544a2d9b202238e92a207a223c14486f287f430b8,13040,3
C:\SRS(ISIC_2019)\Dataset\NV\ISIC_0014090_downsampled.jpg,isic_0014090_downsampled,5,24fb7907352f67e344634d9ebd72750a9c93a8ac55854c5a3f5c58629d43a088,13052,3
C:\SRS(ISIC_2019)\Dataset\NV\ISIC_0014158_downsampled.jpg,isic_0014158_downsampled,5,de7fdc2d4995f8879fbf0501f8068bb5097bb3f94d77fa34bee1b9e1b67e3e69,13060,3
C:\SRS(ISIC_2019)\Dataset\NV\ISIC_0014185_downsampled.jpg,isic_0014185_downsampled,5,7a768580d6035609df2bb10f7d4fddab7b57911dae608d91d619fccfa923e356,13066,3
C:\SRS(ISIC_2019)\Dataset\NV\ISIC_0014197_downsampled.jpg,isic_0014197_downsampled,5,82ac346b1f008f632d93c7b2bd746af6ba6ddd836a5c6e3b5c144e5a6fe3aa42,13068,3
C:\SRS(ISIC_2019)\Dataset\NV\ISIC_0014248_downsampled.jpg,isic_0014248_downsampled,5,ac974d84545f4cc9b355c6a9cf7cdbaa6262fa0dcb58b238ffada3a4b080b462,13071,3
C:\SRS(ISIC_2019)\Dataset\NV\ISIC_0014263_downsampled.jpg,isic_0014263_downsampled,5,41baa8b99fc19ce703cac01868d05f38974d88fb41bab5ebbce36c4ceb754e3d,13073,3
C:\SRS(ISIC_2019)\Dataset\NV\ISIC_0014328_downsampled.jpg,isic_0014328_downsampled,5,217caea3495c45e6765ce36e82782c31c723672c09eaaca6f0c935dc94bcf2cd,13078,3
C:\SRS(ISIC_2019)\Dataset\NV\ISIC_0014346_downsampled.jpg,isic_0014346_downsampled,5,18ed1574ce7296ffca396b176d63171c1e45c3eb9a4ede8e8c938f7d9b23ca2c,13079,3
C:\SRS(ISIC_2019)\Dataset\NV\ISIC_0014431_downsampled.jpg,isic_0014431_downsampled,5,4ce3e66cb4458781be35a514fb7bf75f198e1d182084f8053875ca167bf7c40b,13084,3
C:\SRS(ISIC_2019)\Dataset\NV\ISIC_0014453_downsampled.jpg,isic_0014453_downsampled,5,387e11d2af9de15b2b4948f99d849620a7c1a0cffa027af8d2e7e8fc21678a5c,13089,3
C:\SRS(ISIC_2019)\Dataset\NV\ISIC_0014675_downsampled.jpg,isic_0014675_downsampled,5,60d31ba52b43d4a3a1ad07009c7c0e933d145082201abc5f12a75cd2e6ccb7c5,13109,3
C:\SRS(ISIC_2019)\Dataset\NV\ISIC_0014682_downsampled.jpg,isic_0014682_downsampled,5,256dda95fe0bf12fb2ec205f625a6fc51fb013e9b7d4668b581456fbcfcf1fca,13112,3
C:\SRS(ISIC_2019)\Dataset\NV\ISIC_0014685_downsampled.jpg,isic_0014685_downsampled,5,18b2446cf0d83a04418322a73e8cd2be1387890d2721a86170db7ccf8eb0a1ed,13115,3
C:\SRS(ISIC_2019)\Dataset\NV\ISIC_0014692_downsampled.jpg,isic_0014692_downsampled,5,e5f303fc2dcfaa9606f8ec824b5632dde030256d0a38e9a4aa5db6cff4340f36,13117,3
C:\SRS(ISIC_2019)\Dataset\NV\ISIC_0014697_downsampled.jpg,isic_0014697_downsampled,5,98ed530d26eaa8c1ee70ccb4ae8e50fe0b728f0f8bc15cc1a5deb49c32b7c5c6,13121,3
C:\SRS(ISIC_2019)\Dataset\NV\ISIC_0014699_downsampled.jpg,isic_0014699_downsampled,5,ade0d07a2a860fc4140ee6dca12960ef582ca96565b809cfcba8a82eb47b022c,13123,3
C:\SRS(ISIC_2019)\Dataset\NV\ISIC_0014702_downsampled.jpg,isic_0014702_downsampled,5,d44d8d21a0f27bf2be4d1e21c108f09792a8cc08e8092e81112a22d74dad8354,13124,3
C:\SRS(ISIC_2019)\Dataset\NV\ISIC_0014716_downsampled.jpg,isic_0014716_downsampled,5,ad3e4885672007889e7bc6d6de8a720d8db63c2734e3fbbc54f12a1ee767cbe5,13130,3
C:\SRS(ISIC_2019)\Dataset\NV\ISIC_0014720_downsampled.jpg,isic_0014720_downsampled,5,166c6bf7d180712a30e4bec8b71874b29ea16087b0617e730262808c253f2b75,13131,3
C:\SRS(ISIC_2019)\Dataset\NV\ISIC_0014745_downsampled.jpg,isic_0014745_downsampled,5,c06ff1938ef49acb64652ad9fad75f894383da07132527946a2c8379107d7792,13143,3
C:\SRS(ISIC_2019)\Dataset\NV\ISIC_0014771_downsampled.jpg,isic_0014771_downsampled,5,4e64c01b5ad32420ea3921fca93d68c26a16797048d4e495ee3d3fb1b1378312,13156,3
C:\SRS(ISIC_2019)\Dataset\NV\ISIC_0014780_downsampled.jpg,isic_0014780_downsampled,5,4cb31660d4937ee4ad6f7b1a3093f986b203184052e08bbe0eb06004eb439bb7,13161,3
C:\SRS(ISIC_2019)\Dataset\NV\ISIC_0014786_downsampled.jpg,isic_0014786_downsampled,5,7092f8c6eb10744409598f3ff954c54bb7a7a18716a53ae385bda03682165790,13165,3
C:\SRS(ISIC_2019)\Dataset\NV\ISIC_0014787_downsampled.jpg,isic_0014787_downsampled,5,ccbdc7359593f56e7f7c075bb219e5fa3f828a9c7a91f0d0270cce98fd604fbc,13166,3
C:\SRS(ISIC_2019)\Dataset\NV\ISIC_0014794_downsampled.jpg,isic_0014794_downsampled,5,cfb5ad417b8c851993dfb9c4db390ee72166f6153b25d943905a033cf7421fe5,13169,3
C:\SRS(ISIC_2019)\Dataset\NV\ISIC_0014796_downsampled.jpg,isic_0014796_downsampled,5,ffd4b48a31904c93382b77efabfb69e5ec15791a96397a629e1f7e76a978d780,13170,3
C:\SRS(ISIC_2019)\Dataset\NV\ISIC_0014805_downsampled.jpg,isic_0014805_downsampled,5,3aa779fefb0ef6b15a98fc7b5d8fecac51b19511932ae9e7a39791e7831f3fa0,13175,3
C:\SRS(ISIC_2019)\Dataset\NV\ISIC_0014807_downsampled.jpg,isic_0014807_downsampled,5,f4091a4e18089a5f02ae17e3650ad19f0cfde1be71c44ea07e9afd9151e16932,13176,3
C:\SRS(ISIC_2019)\Dataset\NV\ISIC_0014815_downsampled.jpg,isic_0014815_downsampled,5,a826360d0744f4da839297af7d7f4c75d7372b893471e28e8ad17c686b329b3a,13180,3
C:\SRS(ISIC_2019)\Dataset\NV\ISIC_0014821_downsampled.jpg,isic_0014821_downsampled,5,c41222c5d2aade76f8dfd5dc9f01198dfe725fbb2cee4f6658191873b023553a,13183,3
C:\SRS(ISIC_2019)\Dataset\NV\ISIC_0014834_downsampled.jpg,isic_0014834_downsampled,5,a5c0733882665199098d01a09020526b341bf97c2e153372f4219cf10c151fcb,13189,3
C:\SRS(ISIC_2019)\Dataset\NV\ISIC_0014838_downsampled.jpg,isic_0014838_downsampled,5,b4208074676c2526ed4cb0b7ce634c5f43d399fc9ab225ca4faa8f2a127b33b7,13192,3
C:\SRS(ISIC_2019)\Dataset\NV\ISIC_0014844_downsampled.jpg,isic_0014844_downsampled,5,57f0c3f7dd68db513b3d46ffd600d6bcbff653b6d33fcff10ceedcee3968fb67,13195,3
C:\SRS(ISIC_2019)\Dataset\NV\ISIC_0014853_downsampled.jpg,isic_0014853_downsampled,5,1b68c9a847db554ff3aeb5706d2eddb798fcdb8ed451ed9be97dedc0cf839c5a,13202,3
C:\SRS(ISIC_2019)\Dataset\NV\ISIC_0014866_downsampled.jpg,isic_0014866_downsampled,5,fef4ca19b041a6bfd7a14d3a7f7383174805db593a7ef2d4d662189def0d1c63,13207,3
C:\SRS(ISIC_2019)\Dataset\NV\ISIC_0014876_downsampled.jpg,isic_0014876_downsampled,5,3d0740ae0d157cf2be5bee63797cb7b50f0fd26363b39663efd780b73b04f30b,13211,3
C:\SRS(ISIC_2019)\Dataset\NV\ISIC_0014901_downsampled.jpg,isic_0014901_downsampled,5,ac2e2d0f1b67651fac6cca77e46fccd07c21422acdbeaa936d527e05ddcba2f8,13215,3
C:\SRS(ISIC_2019)\Dataset\NV\ISIC_0014913_downsampled.jpg,isic_0014913_downsampled,5,d78d041c25094fdbc9a102ae49e598b0e2b14b98ae3c5a16e1e57530d458d23c,13222,3
C:\SRS(ISIC_2019)\Dataset\NV\ISIC_0014937_downsampled.jpg,isic_0014937_downsampled,5,eb0eff8f53fa34e030c1a21ceb142e7d611c7781dfa0a7a2e0108db54c1bed6d,13233,3
C:\SRS(ISIC_2019)\Dataset\NV\ISIC_0014938_downsampled.jpg,isic_0014938_downsampled,5,95a1297466a30ec460232953bcbee74be30486cff1f64d94b789d6c5bd244a1e,13234,3
C:\SRS(ISIC_2019)\Dataset\NV\ISIC_0014943_downsampled.jpg,isic_0014943_downsampled,5,1c20551d875103001d66523d81e2e694e0125bff1d22c7b3a88f1c6897c3ccc2,13238,3
C:\SRS(ISIC_2019)\Dataset\NV\ISIC_0014957_downsampled.jpg,isic_0014957_downsampled,5,d53074de6409c12c6e2d25c137359ad69e08701c0cc81ca21bbee8242c3adff3,13247,3
C:\SRS(ISIC_2019)\Dataset\NV\ISIC_0014958_downsampled.jpg,isic_0014958_downsampled,5,ab6fb2abc414102a29431589148bd5c71a5c1138d2847788b707357594011c61,13248,3
C:\SRS(ISIC_2019)\Dataset\NV\ISIC_0014961_downsampled.jpg,isic_0014961_downsampled,5,c875c9ced22e98a81c6bf37bb62be41eeb4b81f392ecc99738305f5f042ac1a6,13250,3
C:\SRS(ISIC_2019)\Dataset\NV\ISIC_0015009_downsampled.jpg,isic_0015009_downsampled,5,4585b627e31c455a7d04f7ef12644c44c53c2a39ed18b7dd210a1b54acaad3ad,13267,3
C:\SRS(ISIC_2019)\Dataset\NV\ISIC_0015011_downsampled.jpg,isic_0015011_downsampled,5,85af58f7e1884cc78ef7d21ae74db31da2a27e5d160954c0daf12778eca7f3ce,13268,3
C:\SRS(ISIC_2019)\Dataset\NV\ISIC_0015031_downsampled.jpg,isic_0015031_downsampled,5,98897085a8dcfa95b5dd097071ef83353ca762bd3afb9ab730298b78951e3cdb,13279,3
C:\SRS(ISIC_2019)\Dataset\NV\ISIC_0015125_downsampled.jpg,isic_0015125_downsampled,5,35fdea394d3fd4af9f514a2fc80e5c2504b2610ed4c0f993e694617107ad6af2,13294,3
C:\SRS(ISIC_2019)\Dataset\NV\ISIC_0015150_downsampled.jpg,isic_0015150_downsampled,5,b81ce025ff61338386ff347b055ada96880053a052b80740170efd09acf9a545,13302,3
C:\SRS(ISIC_2019)\Dataset\NV\ISIC_0015155_downsampled.jpg,isic_0015155_downsampled,5,5d9670c898ced44a4f6317f05ecbb086eca4b3995ae3cf2dfb01b34a92ef9baa,13304,3
C:\SRS(ISIC_2019)\Dataset\NV\ISIC_0015161_downsampled.jpg,isic_0015161_downsampled,5,750b911c987181ac43ca0a5224f9ffd2ec8c892dee25008298f225701c1c248b,13307,3
C:\SRS(ISIC_2019)\Dataset\NV\ISIC_0015173_downsampled.jpg,isic_0015173_downsampled,5,9f6174fe3671eae96860234086ac7d9171edb809c250159146c94e06f006f52b,13309,3
C:\SRS(ISIC_2019)\Dataset\NV\ISIC_0015179_downsampled.jpg,isic_0015179_downsampled,5,cdac2fdbf094b8ac957eac972114a86754c6749a419bd45efac536b09b555efa,13313,3
C:\SRS(ISIC_2019)\Dataset\NV\ISIC_0015203_downsampled.jpg,isic_0015203_downsampled,5,4aab6eb8d67038a4d21dd3e38060e8484e38ee45501cb14b21c7e25932c1d33e,13317,3
C:\SRS(ISIC_2019)\Dataset\NV\ISIC_0015226_downsampled.jpg,isic_0015226_downsampled,5,0c4bcfddffd5b39da1f8a4b73953f4451ca7583ff98dfdaf73c99d0157c558fd,13328,3
C:\SRS(ISIC_2019)\Dataset\NV\ISIC_0015244_downsampled.jpg,isic_0015244_downsampled,5,304ee7213c8df5cd2fab0cac5b1da2a99a232d89b978826c81b92d3dc3dbd40e,13332,3
C:\SRS(ISIC_2019)\Dataset\NV\ISIC_0015270_downsampled.jpg,isic_0015270_downsampled,5,f193a7b9dbddd04fd48f8a0a83e746b25c250b14634c476f3435e1c0d76bfa47,13339,3
C:\SRS(ISIC_2019)\Dataset\NV\ISIC_0015276_downsampled.jpg,isic_0015276_downsampled,5,dff842e285f95c548156e68d3ce3d36397db2823415f7ca2ed426945ce1bc9d1,13342,3
C:\SRS(ISIC_2019)\Dataset\NV\ISIC_0015283_downsampled.jpg,isic_0015283_downsampled,5,1e9c42dae672452e7e52c1a28b9234797a9b95992286d372d468714ec555c0a6,13344,3
C:\SRS(ISIC_2019)\Dataset\NV\ISIC_0015313_downsampled.jpg,isic_0015313_downsampled,5,fb5f8e64dd4d52953edbacf9e4074bef0433d560b28a06a6bb3d111314615bfe,13352,3
C:\SRS(ISIC_2019)\Dataset\NV\ISIC_0015360_downsampled.jpg,isic_0015360_downsampled,5,3c8d49ccba0388bb2569bc00eb2daf1e4024f4da3d7f27a38576750636479388,13359,3
C:\SRS(ISIC_2019)\Dataset\NV\ISIC_0015363_downsampled.jpg,isic_0015363_downsampled,5,3b6984d77aca1a55a037fa284d8edee52b77cdab8c51b75a33a8102441ea0da8,13360,3
C:\SRS(ISIC_2019)\Dataset\NV\ISIC_0015383_downsampled.jpg,isic_0015383_downsampled,5,66711c381e50ddc58644654f48e573e1c26c2f44aece23bb11428ea1aa4faa2a,13365,3
C:\SRS(ISIC_2019)\Dataset\NV\ISIC_0015447_downsampled.jpg,isic_0015447_downsampled,5,35e89a11319b563165bd4b13ba1a5c678be7965ca56dd25d6ddde08d11afbdb0,13382,3
C:\SRS(ISIC_2019)\Dataset\NV\ISIC_0015464_downsampled.jpg,isic_0015464_downsampled,5,f4158364059e9b6c49edd7846de1a9a20d007e245ab178b4297ee27df0262eca,13384,3
C:\SRS(ISIC_2019)\Dataset\NV\ISIC_0015614_downsampled.jpg,isic_0015614_downsampled,5,c5e6f82928765ce5c6f3780c6fb7cbe13dac9b2d83124fa573eac12efc334beb,13405,3
C:\SRS(ISIC_2019)\Dataset\NV\ISIC_0015631_downsampled.jpg,isic_0015631_downsampled,5,f02c8c17c7ece1aa6007c14d3897bd86f38b83da9759fbd8e03ab8e157ebc69e,13409,3
C:\SRS(ISIC_2019)\Dataset\NV\ISIC_0015641_downsampled.jpg,isic_0015641_downsampled,5,24d5282fc14b3081f6204ad1013371117ba3b92a085367530f1f4f2136f80afd,13412,3
C:\SRS(ISIC_2019)\Dataset\NV\ISIC_0015645_downsampled.jpg,isic_0015645_downsampled,5,f7dac87bb1e857213e2d1b97dc30d154f85b4a4bf7bdd5433f364ea8daa99766,13413,3
C:\SRS(ISIC_2019)\Dataset\NV\ISIC_0015937_downsampled.jpg,isic_0015937_downsampled,5,fb4f9d6cfca1e4281f9a99a9ed7a737452ed1fb40bd48680036aa1e753538ef8,13415,3
C:\SRS(ISIC_2019)\Dataset\NV\ISIC_0015941_downsampled.jpg,isic_0015941_downsampled,5,e3fc92ebb724e4f03f18a164ae403668063ebb853ddb3344df020bed4478b254,13419,3
C:\SRS(ISIC_2019)\Dataset\NV\ISIC_0015948_downsampled.jpg,isic_0015948_downsampled,5,c1d55b637d47fbcbc1cf1361b8c7b78158dbd7641065d3d00b5e2233c263da32,13426,3
C:\SRS(ISIC_2019)\Dataset\NV\ISIC_0015949_downsampled.jpg,isic_0015949_downsampled,5,e76d46fedce6d97d56d0872c7799e4846cce4b299333e89935e89e3442cf7846,13427,3
C:\SRS(ISIC_2019)\Dataset\NV\ISIC_0015965_downsampled.jpg,isic_0015965_downsampled,5,76614ac4eef2977b6c197b0a2f80c966b8ebd5d4fc450308dd864af2e8c64126,13443,3
C:\SRS(ISIC_2019)\Dataset\NV\ISIC_0015976_downsampled.jpg,isic_0015976_downsampled,5,5894ca9b704dd148901553b7df19ecab2f892cf8ade2c38eeac3228fd227f871,13453,3
C:\SRS(ISIC_2019)\Dataset\NV\ISIC_0015986_downsampled.jpg,isic_0015986_downsampled,5,117743664d7d3fa9d16a0cc701e7776547edfbe1d8aeb5195997a0591f5dc688,13460,3
C:\SRS(ISIC_2019)\Dataset\NV\ISIC_0015992_downsampled.jpg,isic_0015992_downsampled,5,05cb6b54ad19d4e4e2b3ebe620c8b4bce0c85fe37919ccd5175616fb27cff2d4,13466,3
C:\SRS(ISIC_2019)\Dataset\NV\ISIC_0015994_downsampled.jpg,isic_0015994_downsampled,5,70227ebfd2cb76506d862dadf3fe6e49090d830096c57da221b0ca144782b67b,13468,3
C:\SRS(ISIC_2019)\Dataset\NV\ISIC_0015998_downsampled.jpg,isic_0015998_downsampled,5,9f7dea352986c739aed80de6bc074a6b739735ca3b116ff72df8bc69b6444bf8,13472,3
C:\SRS(ISIC_2019)\Dataset\NV\ISIC_0015999_downsampled.jpg,isic_0015999_downsampled,5,d4a943749a1ac2b7cc443c3f0db204cc0a9cc90c9e72a8f23811a41322027492,13473,3
C:\SRS(ISIC_2019)\Dataset\NV\ISIC_0016003_downsampled.jpg,isic_0016003_downsampled,5,f21e0307e0564cc4ca947e52e2d17ad6db4f03db24b5b2f8ffc7705ac8398d7a,13475,3
C:\SRS(ISIC_2019)\Dataset\NV\ISIC_0016008_downsampled.jpg,isic_0016008_downsampled,5,0240d756ced987e7ed6de9a71f4b3698cafe10611469b17c1e30d07ca87f1973,13480,3
C:\SRS(ISIC_2019)\Dataset\NV\ISIC_0016012_downsampled.jpg,isic_0016012_downsampled,5,4c37359a0d3637c8b5fa515065d97410047ee97ea0189c89b8ca6700dea6fa3f,13483,3
C:\SRS(ISIC_2019)\Dataset\NV\ISIC_0016013_downsampled.jpg,isic_0016013_downsampled,5,f923cc46f691f75a8638fec72c3676f4a846ea00422125b09a98a17c460f66e4,13484,3
C:\SRS(ISIC_2019)\Dataset\NV\ISIC_0016023_downsampled.jpg,isic_0016023_downsampled,5,d45023a70a61b83595dc3eb54a7f91486e1c2e353a523cf49aab65bf92a7972c,13491,3
C:\SRS(ISIC_2019)\Dataset\NV\ISIC_0016031_downsampled.jpg,isic_0016031_downsampled,5,1ba1b149a2d106e074e22a4056533c95d19be5ccc2fe32c5da30ad40c0628f2b,13499,3
C:\SRS(ISIC_2019)\Dataset\NV\ISIC_0016036_downsampled.jpg,isic_0016036_downsampled,5,e841200e5fab31b495c1bbdab2c27fa22d04e280cf0289102771718fbedd01ae,13503,3
C:\SRS(ISIC_2019)\Dataset\NV\ISIC_0016040_downsampled.jpg,isic_0016040_downsampled,5,6b6bbdb3076fa5d35898b09a1595195ad109a7024359c7db5b47d23c1a0db619,13506,3
C:\SRS(ISIC_2019)\Dataset\NV\ISIC_0016042_downsampled.jpg,isic_0016042_downsampled,5,68c820c3a36b94f1c0f5a66eca1872b0e04873b75bafef7312b21d74a1102f07,13508,3
C:\SRS(ISIC_2019)\Dataset\NV\ISIC_0016045_downsampled.jpg,isic_0016045_downsampled,5,707d052305269877be2cb46461448ece34e57431af50c392d2123d59770ba3f5,13511,3
C:\SRS(ISIC_2019)\Dataset\NV\ISIC_0016051_downsampled.jpg,isic_0016051_downsampled,5,422f9bf611f34b845948b33f9b6e78a47846c099915b5e8f05b0848a068e1d88,13516,3
C:\SRS(ISIC_2019)\Dataset\NV\ISIC_0016052_downsampled.jpg,isic_0016052_downsampled,5,75f9238a788d68082c749c283d71e6bdf7b35e6166642009d45e95a548faee5e,13517,3
C:\SRS(ISIC_2019)\Dataset\NV\ISIC_0016055_downsampled.jpg,isic_0016055_downsampled,5,72872ddca960c6a438d623c1bd50ed3839bc9fc84223217acdf969e88e2a3786,13520,3
C:\SRS(ISIC_2019)\Dataset\NV\ISIC_0016068_downsampled.jpg,isic_0016068_downsampled,5,56c755674b1fa9cc6d364af4788773b161732e7fb806668c91b4531c6667eb69,13532,3
C:\SRS(ISIC_2019)\Dataset\NV\ISIC_0016072_downsampled.jpg,isic_0016072_downsampled,5,f913bb2773274a4bf94361344cb7c30f4c9675012a1e6f69954ed2fea01cd392,13536,3
C:\SRS(ISIC_2019)\Dataset\NV\ISIC_0024307.jpg,isic_0024307,5,33837415d2b284c923a8fb550a281857f6b59fa551d17585fb4e57da3602894b,13538,3
C:\SRS(ISIC_2019)\Dataset\NV\ISIC_0024314.jpg,isic_0024314,5,900f7c3351e57dd7d5373094106491945b785f9e79c882840fbc0cc153e8ff96,13542,3
C:\SRS(ISIC_2019)\Dataset\NV\ISIC_0024322.jpg,isic_0024322,5,703c5b33efec5d17126eb903e1b570e186335ff72a4823f4f033896b6a624abe,13548,3
C:\SRS(ISIC_2019)\Dataset\NV\ISIC_0024325.jpg,isic_0024325,5,58c44b2deabb584ac19325f8c76ee6720847046c4a98c2a4e2a676fb45c97dda,13549,3
C:\SRS(ISIC_2019)\Dataset\NV\ISIC_0024341.jpg,isic_0024341,5,87c3c43a8c964a6fd806da6c06d1cdf4c076f14ca141ebe2a4fa8352c5525139,13557,3
C:\SRS(ISIC_2019)\Dataset\NV\ISIC_0024342.jpg,isic_0024342,5,13cdcb5ac1e70285df375998e3c597fe887e9d97b7ef12ea406ac52477ec4b73,13558,3
C:\SRS(ISIC_2019)\Dataset\NV\ISIC_0024352.jpg,isic_0024352,5,25efc9737976757c82a18d680243f9a2733ebe942422ed178673011cf436fcc4,13566,3
C:\SRS(ISIC_2019)\Dataset\NV\ISIC_0024361.jpg,isic_0024361,5,6922e73bc11f0122c6f45803a1f51d2cdc64b603a6e00058241ff219a404391f,13573,3
C:\SRS(ISIC_2019)\Dataset\NV\ISIC_0024362.jpg,isic_0024362,5,30bebe22fd54c885ee2b01dbabd2dac05e9aa942681141bd92752869eda1b66e,13574,3
C:\SRS(ISIC_2019)\Dataset\NV\ISIC_0024364.jpg,isic_0024364,5,c47ff3752ddbafb08dabe2464baaed202c47e8a7002352fa5731c7c45ecda931,13576,3
C:\SRS(ISIC_2019)\Dataset\NV\ISIC_0024365.jpg,isic_0024365,5,6f652068c85262ac29202bb12d2d623767af66a2a3342426fa261929d7013e98,13577,3
C:\SRS(ISIC_2019)\Dataset\NV\ISIC_0024379.jpg,isic_0024379,5,f644eace9a9f8ebea7ab488a1badf2c089ed62732427bc380a33585639b4952e,13586,3
C:\SRS(ISIC_2019)\Dataset\NV\ISIC_0024390.jpg,isic_0024390,5,ed962abece4b2b7fbd4e1e93b43294addeb58ad6c37fc2e8fbfbd6b68ff8b30a,13593,3
C:\SRS(ISIC_2019)\Dataset\NV\ISIC_0024393.jpg,isic_0024393,5,d24c957aa037cd2c7e0144d229ccd6a3a90cee05b4e5d3ac96b667661250e037,13596,3
C:\SRS(ISIC_2019)\Dataset\NV\ISIC_0024395.jpg,isic_0024395,5,43d7bd6a09843090b25fa14d34a7936a461ffab4c77d714a1819895565519fd5,13598,3
C:\SRS(ISIC_2019)\Dataset\NV\ISIC_0024406.jpg,isic_0024406,5,33d46b2744fa0354d40f069ab704a414720ccc20dc81a4cc0b75eeb607808f44,13605,3
C:\SRS(ISIC_2019)\Dataset\NV\ISIC_0024415.jpg,isic_0024415,5,f3352bcd639314bbc8904307bf1d7831e75f457fe4213d1286746e7e39155ba4,13609,3
C:\SRS(ISIC_2019)\Dataset\NV\ISIC_0024419.jpg,isic_0024419,5,018f39beb1d8b2b61556ce73d55a11e26aa97fc302ecd231fe9a06749e04b57b,13612,3
C:\SRS(ISIC_2019)\Dataset\NV\ISIC_0024428.jpg,isic_0024428,5,799dbf90ca7a6f60efcd2a482c42b158563b98365a50cacc26bbd06a7072cbde,13618,3
C:\SRS(ISIC_2019)\Dataset\NV\ISIC_0024478.jpg,isic_0024478,5,e31f196d7665cd78703dbffa3dd2f5f6a5d855b5d8c927b033700ea915ca18b7,13645,3
C:\SRS(ISIC_2019)\Dataset\NV\ISIC_0024479.jpg,isic_0024479,5,2dcecfcf197792c25931b0f39e6e06f9d130619b078f59f497a60f0c9f61bbbc,13646,3
C:\SRS(ISIC_2019)\Dataset\NV\ISIC_0024497.jpg,isic_0024497,5,3a34222e8cf287f59f68a39f111cd649fa7b894b093bcf97d6ecccc4d7693458,13657,3
C:\SRS(ISIC_2019)\Dataset\NV\ISIC_0024506.jpg,isic_0024506,5,80108a3d2bd3c92f140781fe7fc9096393e6a35fab2cb494178cc52f81dd64b2,13663,3
C:\SRS(ISIC_2019)\Dataset\NV\ISIC_0024507.jpg,isic_0024507,5,2977ed4ce173c81594ea7f37c65c46792516ad1c8969e79f319d0cdcc8a434a2,13664,3
C:\SRS(ISIC_2019)\Dataset\NV\ISIC_0024533.jpg,isic_0024533,5,4706bd3a28264bab7d0b0046dd5bde6d0ed6a19ca93f5aa3b18c8b8a1463a7f5,13684,3
C:\SRS(ISIC_2019)\Dataset\NV\ISIC_0024536.jpg,isic_0024536,5,1c6fa543800cbe0d34979d2da1fb779f9d8ab77929567eb4da2405725c1242b6,13687,3
C:\SRS(ISIC_2019)\Dataset\NV\ISIC_0024556.jpg,isic_0024556,5,1c07c4cabb9546fe2838b9d16104c38871ddd9b5b77553be8ed84a86e34ad485,13698,3
C:\SRS(ISIC_2019)\Dataset\NV\ISIC_0024558.jpg,isic_0024558,5,03d73c2083be11805e165ba4fdb165c9d5629378dedfbbc894c6371f37a4a968,13700,3
C:\SRS(ISIC_2019)\Dataset\NV\ISIC_0024560.jpg,isic_0024560,5,fe5f9fd713b14dd1a4d526e69000142c620293c52a1bb0c8febc213c9dd00ffa,13702,3
C:\SRS(ISIC_2019)\Dataset\NV\ISIC_0024561.jpg,isic_0024561,5,d623030b448859f66840fe381bb120476e1a69818478150e70887c38b35d9df2,13703,3
C:\SRS(ISIC_2019)\Dataset\NV\ISIC_0024565.jpg,isic_0024565,5,613f4ae50d869c45ec664ec76e7c2b7a6db9262ecb48c55e8305499c886e0a1f,13705,3
C:\SRS(ISIC_2019)\Dataset\NV\ISIC_0024569.jpg,isic_0024569,5,00d370f062918402f490ed567061578717246cd69eecbfbfd4e469c68a29081b,13709,3
C:\SRS(ISIC_2019)\Dataset\NV\ISIC_0024574.jpg,isic_0024574,5,3ffdbabfbf7c8ccce88f6e3a6ea631acd9488b1bf91d284f9eb62b1c98d7e0f0,13711,3
C:\SRS(ISIC_2019)\Dataset\NV\ISIC_0024577.jpg,isic_0024577,5,c4be85ed6ef8b795e2b6475fd59cf8165b5fb56310015f5151614c533cbca7f4,13713,3
C:\SRS(ISIC_2019)\Dataset\NV\ISIC_0024583.jpg,isic_0024583,5,50bc449c0d423c5b4622a6c7c789fe72402d95e0f204a17da9956fc85173b402,13716,3
C:\SRS(ISIC_2019)\Dataset\NV\ISIC_0024584.jpg,isic_0024584,5,fc493488d1bfbfa8b7ff5ae0cc17f3d9810f102ed26304e9f10d47d77e1f6c72,13717,3
C:\SRS(ISIC_2019)\Dataset\NV\ISIC_0024599.jpg,isic_0024599,5,1659e42ce7c03ab1c0ead053c1ae1e54ec8b9da0dab5ab7daee3b391eb363b6b,13728,3
C:\SRS(ISIC_2019)\Dataset\NV\ISIC_0024608.jpg,isic_0024608,5,f8bcc05d49380d3a154aec6e26f223e21e01c5b77f3e5a41472cc447d589fca9,13736,3
C:\SRS(ISIC_2019)\Dataset\NV\ISIC_0024609.jpg,isic_0024609,5,fe8a7ba19d40fda9148974563e2288825ba751eafddcbcd494ebbad8ebb52638,13737,3
C:\SRS(ISIC_2019)\Dataset\NV\ISIC_0024618.jpg,isic_0024618,5,6a98b6692f4912d69b1e4e8f678980e436c8881c32d711de4707a5aaca24fa94,13745,3
C:\SRS(ISIC_2019)\Dataset\NV\ISIC_0024648.jpg,isic_0024648,5,78eb9e40b405671e7b92a0acd95a17978a0e233134094dc911d90571c676d9ba,13763,3
C:\SRS(ISIC_2019)\Dataset\NV\ISIC_0024658.jpg,isic_0024658,5,3b091c2ddb70905260187bd54c8d135d42fc1bed12ba19230c19e123fe7f0c8b,13771,3
C:\SRS(ISIC_2019)\Dataset\NV\ISIC_0024660.jpg,isic_0024660,5,e1c68fd16e5ef4524aabc2fa5ba0753bea4f42428695d550b216dc29abc1c680,13773,3
C:\SRS(ISIC_2019)\Dataset\NV\ISIC_0024680.jpg,isic_0024680,5,7729f52086f60dbe27adf1ed461e1b34c5c146a8159e64b59c270aea87f60c46,13784,3
C:\SRS(ISIC_2019)\Dataset\NV\ISIC_0024684.jpg,isic_0024684,5,57ae7e76ab002f0b9b99f013f03b095bb8244d5b8f7dde3bd8dd869821d52968,13788,3
C:\SRS(ISIC_2019)\Dataset\NV\ISIC_0024693.jpg,isic_0024693,5,17c1739ead0760d1477a716d1d7326f346eb401b974d47be960ef0eda099ac9c,13796,3
C:\SRS(ISIC_2019)\Dataset\NV\ISIC_0024694.jpg,isic_0024694,5,c0536f84106e532a4d4e1374d103e0113358b6788585ec49452899ede5c6a549,13797,3
C:\SRS(ISIC_2019)\Dataset\NV\ISIC_0024718.jpg,isic_0024718,5,85b53b96d679f8ff4e2e04fa608182639885583d23dd118d6199d59820869591,13810,3
C:\SRS(ISIC_2019)\Dataset\NV\ISIC_0024722.jpg,isic_0024722,5,45c9906befb10b2d54615d01fce0cc644706f6969cd7788a4b31526dec847119,13814,3
C:\SRS(ISIC_2019)\Dataset\NV\ISIC_0024724.jpg,isic_0024724,5,2cb6148bd3324db0adca29ecfb3cfcfae121e4d580f773932b3546cc7d8adb9f,13816,3
C:\SRS(ISIC_2019)\Dataset\NV\ISIC_0024727.jpg,isic_0024727,5,786ee4f4de3d88afc25ce3c7278c6f0a867490181ee27c40a09f38fbcc4b1777,13818,3
C:\SRS(ISIC_2019)\Dataset\NV\ISIC_0024734.jpg,isic_0024734,5,e6b10b0873d4964249743555cb246b3cccd7ff619b57c7dcd393affb26435b07,13822,3
C:\SRS(ISIC_2019)\Dataset\NV\ISIC_0024738.jpg,isic_0024738,5,af29f12182395e3ed11bcce627640c67adb36412549da3e38dd9f5ebdadfd807,13826,3
C:\SRS(ISIC_2019)\Dataset\NV\ISIC_0024744.jpg,isic_0024744,5,597a8f9907032f6510d7c96fc00d901b0707b2c7935dcd2340e1ac26bef67507,13828,3
C:\SRS(ISIC_2019)\Dataset\NV\ISIC_0024764.jpg,isic_0024764,5,fb8b2af4da6cceef0782b76fd75d431f0bd06933afca1f5416edead060681660,13841,3
C:\SRS(ISIC_2019)\Dataset\NV\ISIC_0024766.jpg,isic_0024766,5,b7b4b5d5b8e708bd60348d97684a2353bc40402ca429bec461ba9d3e00a690a7,13843,3
C:\SRS(ISIC_2019)\Dataset\NV\ISIC_0024780.jpg,isic_0024780,5,65ef53fbad63f62ff9cf6692b9c9848d8722a7b59890303dd7eac54b78aadbfe,13851,3
C:\SRS(ISIC_2019)\Dataset\NV\ISIC_0024791.jpg,isic_0024791,5,507b4763b5d374576470364b413d18649c1b011b0cf5b088f04af68234a1b9cc,13859,3
C:\SRS(ISIC_2019)\Dataset\NV\ISIC_0024821.jpg,isic_0024821,5,9370060e2eab72dfbc9d24803daeafc4911d0070f109c0a3ab333df2733079e8,13882,3
C:\SRS(ISIC_2019)\Dataset\NV\ISIC_0024831.jpg,isic_0024831,5,b51415bd7a8eb07db92e6564b9542d4cb5da7a65c5f98c0c995f5cd67a2ee713,13889,3
C:\SRS(ISIC_2019)\Dataset\NV\ISIC_0024835.jpg,isic_0024835,5,e6740e1da06703948726b1ae8d2a4f30d39c5fe28a0ffb33b1d3e79b5892a846,13891,3
C:\SRS(ISIC_2019)\Dataset\NV\ISIC_0024838.jpg,isic_0024838,5,82db5bdc537623e77566f458982ed8c93b9676881c0b667173933bb9857f24ea,13894,3
C:\SRS(ISIC_2019)\Dataset\NV\ISIC_0024841.jpg,isic_0024841,5,8f8bbc2f881883af04ff06af9af80dd1fa6537f2048a9309f74b89287b214c76,13896,3
C:\SRS(ISIC_2019)\Dataset\NV\ISIC_0024852.jpg,isic_0024852,5,6316f907f77bad942ee9189faf48cc5f5469c7d51356fca2b0365d296797851c,13902,3
C:\SRS(ISIC_2019)\Dataset\NV\ISIC_0024855.jpg,isic_0024855,5,fb758995427045d3d49103dcc74ec81e5e66a47e9a8dd5361d1c6e8ed88269a5,13904,3
C:\SRS(ISIC_2019)\Dataset\NV\ISIC_0024874.jpg,isic_0024874,5,082dccd717a9321c574563d57f9c775590ca83a5116453059fc0743f56d6848b,13919,3
C:\SRS(ISIC_2019)\Dataset\NV\ISIC_0024887.jpg,isic_0024887,5,fc301f1cd209ab077db8fefd5694c4dd6cba45b7f25b5f17bcba53cb8ef265b6,13925,3
C:\SRS(ISIC_2019)\Dataset\NV\ISIC_0024919.jpg,isic_0024919,5,1369e472349451376602379c85b112fb3feed662f1046ae76090c520544e0961,13945,3
C:\SRS(ISIC_2019)\Dataset\NV\ISIC_0024941.jpg,isic_0024941,5,689b87c053f178b36c8262cb727c77c15847c3a70015e26c65669db40aa20ee1,13960,3
C:\SRS(ISIC_2019)\Dataset\NV\ISIC_0024953.jpg,isic_0024953,5,a3787846903dd1823dd2e00ac6ea61fce2a81da9dd2d0de6d9f2a8c7e349b8d1,13965,3
C:\SRS(ISIC_2019)\Dataset\NV\ISIC_0024977.jpg,isic_0024977,5,0069c9dfafa8a689086c2800b8acf481dc87ea592c179a9cc678c50492f2c635,13981,3
C:\SRS(ISIC_2019)\Dataset\NV\ISIC_0024992.jpg,isic_0024992,5,4e3a5ca4ca7805f4b8fb51d2e11ed1a22f26e34e0a6042b7123cd0ef8f8911e5,13992,3
C:\SRS(ISIC_2019)\Dataset\NV\ISIC_0025010.jpg,isic_0025010,5,8d940f0a37b91894f4cc76ab9284751bebda86852fd34417d1a89d7c2de3ec26,14006,3
C:\SRS(ISIC_2019)\Dataset\NV\ISIC_0025011.jpg,isic_0025011,5,6d8d016a26a72192433f95fb72281d14ec8b0528b96590ab428da0a1406fcf53,14007,3
C:\SRS(ISIC_2019)\Dataset\NV\ISIC_0025012.jpg,isic_0025012,5,8e953f43a03d66ad3aaab4644b87ec0b9d44d2bc528e27aacaaafb0ceefdac39,14008,3
C:\SRS(ISIC_2019)\Dataset\NV\ISIC_0025017.jpg,isic_0025017,5,2298613ddb59b8bbdee012bd2e82ccc1acbce09ba5ea3a76584ce1889184926b,14012,3
C:\SRS(ISIC_2019)\Dataset\NV\ISIC_0025020.jpg,isic_0025020,5,ed932d39aa75bd32ef113d771bdab87d929db5be5ecb1fa88ae6fb3ad5a94ec4,14013,3
C:\SRS(ISIC_2019)\Dataset\NV\ISIC_0025021.jpg,isic_0025021,5,52ba7fb5aa422f800be908af3dc1ee96ce368d594f66c5ecfeb5f01786a9278e,14014,3
C:\SRS(ISIC_2019)\Dataset\NV\ISIC_0025054.jpg,isic_0025054,5,2959468765025eb4fdeec3e05126c1455823d52d2a1db0b92e541bc30fb1df3e,14038,3
C:\SRS(ISIC_2019)\Dataset\NV\ISIC_0025059.jpg,isic_0025059,5,c6d89158b9d0a550bb9689d83202704cf5445eaa6b6aae49f8360a4e9e278263,14043,3
C:\SRS(ISIC_2019)\Dataset\NV\ISIC_0025070.jpg,isic_0025070,5,5d6357c999983f1f192a5031706cdfe6601582bcbad9773324955d3d1257a5e8,14049,3
C:\SRS(ISIC_2019)\Dataset\NV\ISIC_0025080.jpg,isic_0025080,5,44effada8201d8a287d049c8401a59f4cfef91de2e621205eec575bb719572c3,14057,3
C:\SRS(ISIC_2019)\Dataset\NV\ISIC_0025090.jpg,isic_0025090,5,7e3bf674035a935b9c8602464a9f151a9be2bb02e3b3764613709f4e30668ae0,14062,3
C:\SRS(ISIC_2019)\Dataset\NV\ISIC_0025092.jpg,isic_0025092,5,9414ab046d8814f12b7c95a1e6df5fa41fc07260d8084ee16fe025d6afb3ff2a,14064,3
C:\SRS(ISIC_2019)\Dataset\NV\ISIC_0025093.jpg,isic_0025093,5,e39d1dabafda9e0074c91c4a8d3f0ef2873d1f3277fbab5dd960e621c35a44aa,14065,3
C:\SRS(ISIC_2019)\Dataset\NV\ISIC_0025104.jpg,isic_0025104,5,ce482792ffec6171f152ffb860caf9aca13fb3c15781dea87a4344ea08251b90,14072,3
C:\SRS(ISIC_2019)\Dataset\NV\ISIC_0025115.jpg,isic_0025115,5,3c2470f74df56997fd1b496dc30b29e0e8c1cbd22a37c2d490ca88cd6b15b7d5,14081,3
C:\SRS(ISIC_2019)\Dataset\NV\ISIC_0025118.jpg,isic_0025118,5,fbd56728c59e5961c0fdf29901515f21cb396295aefc65008088206aac6d32dd,14084,3
C:\SRS(ISIC_2019)\Dataset\NV\ISIC_0025126.jpg,isic_0025126,5,a4ca55f809b954c6adbcd5e15b5424ca14f53826bf1e149ea9a34d7640fd14d3,14091,3
C:\SRS(ISIC_2019)\Dataset\NV\ISIC_0025134.jpg,isic_0025134,5,c860eee8ccf9d1033582a6b33dcfc542a84ba6c4345b9d6c358e200eb6ef4830,14094,3
C:\SRS(ISIC_2019)\Dataset\NV\ISIC_0025142.jpg,isic_0025142,5,601cb6fa91da9d3c9828a21998774add3da09e9c9ad84ae87228edbaf2479703,14100,3
C:\SRS(ISIC_2019)\Dataset\NV\ISIC_0025147.jpg,isic_0025147,5,50421fb31f03e669053f733669fd6beb1ac4cabaa26d36e5f805eac7223e8810,14103,3
C:\SRS(ISIC_2019)\Dataset\NV\ISIC_0025158.jpg,isic_0025158,5,6df2a4fa5387251654313f6c19db337b929ffb44adcdcc9f2146ab445f18eaed,14110,3
C:\SRS(ISIC_2019)\Dataset\NV\ISIC_0025170.jpg,isic_0025170,5,25c6a6b33b10b04a1d85216de7c6ebecee90470b62b64e654ca541a942112cd3,14122,3
C:\SRS(ISIC_2019)\Dataset\NV\ISIC_0025192.jpg,isic_0025192,5,7e6d54de83a4d17aeed9112f1d8df79e6f43ebde768fe89594fdd7f977e6e44e,14140,3
C:\SRS(ISIC_2019)\Dataset\NV\ISIC_0025194.jpg,isic_0025194,5,93d22a08ef37b0f50f060e7960dcc5a0aa7b0397e9e24a14e6a4d1865d83008a,14142,3
C:\SRS(ISIC_2019)\Dataset\NV\ISIC_0025198.jpg,isic_0025198,5,9738f26174bc23a3422ecce1e672d70d6d5f8b86380ccbb03ac353af99ee8294,14143,3
C:\SRS(ISIC_2019)\Dataset\NV\ISIC_0025212.jpg,isic_0025212,5,27d70e15304a8b76227f600355e90a26b233e9e97e12efef89b48f7e3ad18127,14155,3
C:\SRS(ISIC_2019)\Dataset\NV\ISIC_0025214.jpg,isic_0025214,5,f7204dd11d789088e850efade6f798421ae3f9bdee0f8b73f873bf3655b72abd,14157,3
C:\SRS(ISIC_2019)\Dataset\NV\ISIC_0025216.jpg,isic_0025216,5,e72c11d3736afc54439963adeed57cd9bbf5ddae9f261bf42071802a64247498,14159,3
C:\SRS(ISIC_2019)\Dataset\NV\ISIC_0025228.jpg,isic_0025228,5,be96534d658453df2193bf017e6c1440ee555854f4163fb62ecbb7846fc75490,14168,3
C:\SRS(ISIC_2019)\Dataset\NV\ISIC_0025230.jpg,isic_0025230,5,76c476b5b313fbb85385c13371496396b393c01110e2bd02f6f629f3d5cc2a5a,14170,3
C:\SRS(ISIC_2019)\Dataset\NV\ISIC_0025237.jpg,isic_0025237,5,feba758b6a25c296ed702301d291fd3ec9aa3a86636faf9dc397b36e89cb8434,14175,3
C:\SRS(ISIC_2019)\Dataset\NV\ISIC_0025245.jpg,isic_0025245,5,b339f388b8150078c952ae91a1c3c68c117f621a494b6ac14fea7801e6a3e38b,14181,3
C:\SRS(ISIC_2019)\Dataset\NV\ISIC_0025253.jpg,isic_0025253,5,11e4ad5e04a58848ab67e69404715c186627e258ec0b7d2c1275d52f420d2b37,14185,3
C:\SRS(ISIC_2019)\Dataset\NV\ISIC_0025284.jpg,isic_0025284,5,16dd635ed964f7750227faf46c2c728467cbd0328c452d66b336267e5ce6e3f4,14208,3
C:\SRS(ISIC_2019)\Dataset\NV\ISIC_0025300.jpg,isic_0025300,5,7c2d8938888b3306cee852e2e0d4d432d941066acc3b963e8382948fb21bbd06,14219,3
C:\SRS(ISIC_2019)\Dataset\NV\ISIC_0025318.jpg,isic_0025318,5,ddf5b4ea5cba7561945a336f4623a510d3b313e5c1ddb3d40d3813a81ef44727,14229,3
C:\SRS(ISIC_2019)\Dataset\NV\ISIC_0025346.jpg,isic_0025346,5,2feb7a1e3a7e8b16b3431de86bc5fed50847b9bef04bf6274c0e571faf3e4c03,14247,3
C:\SRS(ISIC_2019)\Dataset\NV\ISIC_0025347.jpg,isic_0025347,5,957816bd9425afa0861d6bb670701d7d7af86fd55544db44c4914a0b58030bd6,14248,3
C:\SRS(ISIC_2019)\Dataset\NV\ISIC_0025372.jpg,isic_0025372,5,0fa890cad88f9601a700144429cb0bac91b298fe42bf31de78cec5a776ec56eb,14266,3
C:\SRS(ISIC_2019)\Dataset\NV\ISIC_0025377.jpg,isic_0025377,5,8970eaccfb0e8491b84ce2ca84fd8ed67e86273ce1f981fc71a8af5e14531505,14268,3
C:\SRS(ISIC_2019)\Dataset\NV\ISIC_0025379.jpg,isic_0025379,5,bd4c0c88dab6c945487a7d17f1378f375bc3754dbfd17037900e842b85df4981,14269,3
C:\SRS(ISIC_2019)\Dataset\NV\ISIC_0025381.jpg,isic_0025381,5,bae296d56d3b2ee2d51a2aeb896674a52641878e16eaff1cf0affdbd12d97144,14271,3
C:\SRS(ISIC_2019)\Dataset\NV\ISIC_0025385.jpg,isic_0025385,5,48ef3427afb94a396703de0b74b7e3b3bb0c1072b288abbb6ebbc373c9900c70,14274,3
C:\SRS(ISIC_2019)\Dataset\NV\ISIC_0025395.jpg,isic_0025395,5,9af814e15f3bd50a11baa6630b2ea05525d1306b33e31a7eec6d35ef9e476835,14278,3
C:\SRS(ISIC_2019)\Dataset\NV\ISIC_0025398.jpg,isic_0025398,5,f4417d7cf4cd6978d90ed2b06bba00563c7aa23ad3fef8845bf04ce09496cf0d,14281,3
C:\SRS(ISIC_2019)\Dataset\NV\ISIC_0025401.jpg,isic_0025401,5,3d847a8c08187863a4c5db179e3a50d4eb8148ee7fc8706cc6e86a7cf53fef38,14284,3
C:\SRS(ISIC_2019)\Dataset\NV\ISIC_0025422.jpg,isic_0025422,5,664f28451f85f23b9b84267ec4676580a0a3ee587b9996dc4fca703ab3001d0e,14299,3
C:\SRS(ISIC_2019)\Dataset\NV\ISIC_0025453.jpg,isic_0025453,5,7a4ba540b2036b14f9db3dc4d5c1b28fa9c102bdbca6c205ae1e18c927524d99,14321,3
C:\SRS(ISIC_2019)\Dataset\NV\ISIC_0025463.jpg,isic_0025463,5,bb4c605491bed9401d9088d53ceee1b6a541ed9b8606495b0d7df51e0666e2a9,14330,3
C:\SRS(ISIC_2019)\Dataset\NV\ISIC_0025480.jpg,isic_0025480,5,ed5974f918f45960537e0f263a08b665f3fd8085eb8d27a3c6a8f38d2d308c24,14341,3
C:\SRS(ISIC_2019)\Dataset\NV\ISIC_0025491.jpg,isic_0025491,5,57f076c82ef26920a54bbafaba74ee58e6bcca6906568b98e2904498372060e8,14349,3
C:\SRS(ISIC_2019)\Dataset\NV\ISIC_0025506.jpg,isic_0025506,5,a97aa0a8931b81537b75031dc1a560702f50b9a6a8aa6aad16dfda64666bbefa,14362,3
C:\SRS(ISIC_2019)\Dataset\NV\ISIC_0025525.jpg,isic_0025525,5,8a9cc8e945b824835b503f3bfe00aa297a6b0e09d199d05357506b437afdc293,14372,3
C:\SRS(ISIC_2019)\Dataset\NV\ISIC_0025540.jpg,isic_0025540,5,adde7517bd97bd61124bcf71e20d47626d8799e7c13c976b25d4227a9245162f,14382,3
C:\SRS(ISIC_2019)\Dataset\NV\ISIC_0025541.jpg,isic_0025541,5,a8a6e10cdba6ee99b4330d4977b4af96c6868bbe0816c10a17745ad07d334e5d,14383,3
C:\SRS(ISIC_2019)\Dataset\NV\ISIC_0025545.jpg,isic_0025545,5,80378af19497ea6de01bae5187c2552ee8b0fab17db1a4d02e7cd793086e34b0,14386,3
C:\SRS(ISIC_2019)\Dataset\NV\ISIC_0025552.jpg,isic_0025552,5,5a3f33d53b56675821a39066b7a1426ba51dbc86da647b120ba4c9ce53b822c8,14390,3
C:\SRS(ISIC_2019)\Dataset\NV\ISIC_0025559.jpg,isic_0025559,5,c0c69aa904fde7b48f4e5ca87e979fc988c846d443fdd20e209587ddb3c2639b,14395,3
C:\SRS(ISIC_2019)\Dataset\NV\ISIC_0025579.jpg,isic_0025579,5,b32792a72627843b46d6ef089a0aca2e48c72773b1bbedd15652a7ce18ae40e2,14408,3
C:\SRS(ISIC_2019)\Dataset\NV\ISIC_0025587.jpg,isic_0025587,5,4e179e1b5bb35e5ae4e8a6aa99270c3e9ec555c3c65ff75393fc7865e442085e,14414,3
C:\SRS(ISIC_2019)\Dataset\NV\ISIC_0025593.jpg,isic_0025593,5,b3dace1b59df65bd8a04b8dadffe02d281cb054517b803d8b67f3a8f42cd0475,14418,3
C:\SRS(ISIC_2019)\Dataset\NV\ISIC_0025618.jpg,isic_0025618,5,187c8c60d193b383e617d26dce0dcc1b6676c7dde1627ba3494d08d7a96cb28c,14431,3
C:\SRS(ISIC_2019)\Dataset\NV\ISIC_0025626.jpg,isic_0025626,5,64325158f08ae63a06d2bb532535fe1c11dee71192d62d22669626f406bf621a,14437,3
C:\SRS(ISIC_2019)\Dataset\NV\ISIC_0025638.jpg,isic_0025638,5,2f12e2323650ea51d35adc5dfc6cccdf9421b5bdc0270b9db833bcfbf2d0ee7b,14445,3
C:\SRS(ISIC_2019)\Dataset\NV\ISIC_0025639.jpg,isic_0025639,5,bb69d626135db0a22e60d322fb864305e0a61296661d4e2c52a72bc485c9c1f1,14446,3
C:\SRS(ISIC_2019)\Dataset\NV\ISIC_0025641.jpg,isic_0025641,5,40fed0f4e70b1f7693e6dc58d685fa32d0bfe8d2d72617c961729dc627631679,14448,3
C:\SRS(ISIC_2019)\Dataset\NV\ISIC_0025648.jpg,isic_0025648,5,2823cf3bee2df06bfdee43a36736deb73320cb8e86b719fe3fad424158dc4e4a,14453,3
C:\SRS(ISIC_2019)\Dataset\NV\ISIC_0025662.jpg,isic_0025662,5,83c89a68f8007686a342fd9adff2d32499f610a5cc2b1941cdc0d336a6f1aab7,14461,3
C:\SRS(ISIC_2019)\Dataset\NV\ISIC_0025681.jpg,isic_0025681,5,231e62956f011a52ecc71e145b59abf6e99b68f0832d207cd0cd7f62f517a9ef,14475,3
C:\SRS(ISIC_2019)\Dataset\NV\ISIC_0025688.jpg,isic_0025688,5,7eb12c6b001eeed73cf06fab4f2d17443f8439b7b3b9dd583a02835741bf5b44,14482,3
C:\SRS(ISIC_2019)\Dataset\NV\ISIC_0025713.jpg,isic_0025713,5,b0686f02f1d19cce81133e726506e3f17b6a48adba1356aa7262ea121719fde3,14495,3
C:\SRS(ISIC_2019)\Dataset\NV\ISIC_0025714.jpg,isic_0025714,5,198f3d5f12d9ad00997b774184f17abb80f10334de934aa508c40eabf6fd8f8c,14496,3
C:\SRS(ISIC_2019)\Dataset\NV\ISIC_0025727.jpg,isic_0025727,5,b7e1532204454dbe52ad5a15635f5058411ea316e7701c4e9e67dc5515a9e343,14505,3
C:\SRS(ISIC_2019)\Dataset\NV\ISIC_0025728.jpg,isic_0025728,5,6cbfe015bd3951f1e6d9b79912c18fe5cea145e83e36d275c72f920980dd066b,14506,3
C:\SRS(ISIC_2019)\Dataset\NV\ISIC_0025738.jpg,isic_0025738,5,d3f252e63ef6e97f3b73a4cb9c2096886558efa3597f789a87e4018954e78d09,14514,3
C:\SRS(ISIC_2019)\Dataset\NV\ISIC_0025745.jpg,isic_0025745,5,4d065f58cfdbeccea11515fe3115d16f50a97d50b1cf4cd07871ce94ffee6738,14519,3
C:\SRS(ISIC_2019)\Dataset\NV\ISIC_0025770.jpg,isic_0025770,5,81fa26b931f70e8b4223d58299cdef7a784cea2bd89f576cc19eee6fef05d962,14535,3
C:\SRS(ISIC_2019)\Dataset\NV\ISIC_0025774.jpg,isic_0025774,5,b9b40c5ec08d6d36a465141d838b9cf367e9cae21cd8f1574b06c4891c7667d2,14538,3
C:\SRS(ISIC_2019)\Dataset\NV\ISIC_0025778.jpg,isic_0025778,5,1a1b4bf365c7db0a42345ac36d3020e400fd2dd6ab4ef2612fd9f1273446c6a9,14541,3
C:\SRS(ISIC_2019)\Dataset\NV\ISIC_0025779.jpg,isic_0025779,5,af51633abacab77aedcd816e44fef1b14e80cf2e00ce324d7c21deec2bafff33,14542,3
C:\SRS(ISIC_2019)\Dataset\NV\ISIC_0025786.jpg,isic_0025786,5,8c6de425986e20cdcaf3670dca011f45293cf0a798665c25024a41f07bb65bb3,14546,3
C:\SRS(ISIC_2019)\Dataset\NV\ISIC_0025788.jpg,isic_0025788,5,e8b73208c8c90e6d83abf1ca15d9ef600ec2a3875799725202046967a004d9bd,14548,3
C:\SRS(ISIC_2019)\Dataset\NV\ISIC_0025798.jpg,isic_0025798,5,18930ade3639d5fe6bf7ee9ecc513a11e8e1d926e290ee68d2f508d90017653e,14555,3
C:\SRS(ISIC_2019)\Dataset\NV\ISIC_0025809.jpg,isic_0025809,5,3b556693fa36b34f73e8cf7124e7f867a8e48638a58cb696aa2511ee8e9dea68,14559,3
C:\SRS(ISIC_2019)\Dataset\NV\ISIC_0025828.jpg,isic_0025828,5,0eeaa8e14e2dd02a2d98c01284425a09c4492e041ed19d351d2ffd34bc796dc5,14570,3
C:\SRS(ISIC_2019)\Dataset\NV\ISIC_0025829.jpg,isic_0025829,5,8edcf263c5ebda678d1eb08e59647842877141c6507747a06084bce951b5a2f7,14571,3
C:\SRS(ISIC_2019)\Dataset\NV\ISIC_0025833.jpg,isic_0025833,5,dcc8d4b4722f9b501c40e0489d09dde25e92d8688ec5fbb2fddf97648b50a19e,14572,3
C:\SRS(ISIC_2019)\Dataset\NV\ISIC_0025834.jpg,isic_0025834,5,2ff6f03032eaa12ed68fd49cff5561567f1985790d68d1e3104736da1bb15c9f,14573,3
C:\SRS(ISIC_2019)\Dataset\NV\ISIC_0025839.jpg,isic_0025839,5,6236367c548f7c65f113bd673cf83d58592bbfb6d4081e319bfff28e248c301e,14575,3
C:\SRS(ISIC_2019)\Dataset\NV\ISIC_0025841.jpg,isic_0025841,5,9836765f669b4e4ce5c365ee37eb90e22ea1d657ef28589fdb89780ddf4d7538,14577,3
C:\SRS(ISIC_2019)\Dataset\NV\ISIC_0025843.jpg,isic_0025843,5,dc4c82496c52a1c776474decae945b74fb91b5a86154526433d352428e0ff618,14578,3
C:\SRS(ISIC_2019)\Dataset\NV\ISIC_0025859.jpg,isic_0025859,5,1552ae926ceb30efd908cae86ba77373d2a51c0cd272ff16a406983f4d55a3e4,14592,3
C:\SRS(ISIC_2019)\Dataset\NV\ISIC_0025862.jpg,isic_0025862,5,527c68ac6f01e8333b8d98097e6812b4b735f25eafc7639dee050846befe5f55,14595,3
C:\SRS(ISIC_2019)\Dataset\NV\ISIC_0025864.jpg,isic_0025864,5,7934be73745b81004b24d90d833cde19aa35df5c92275ac8caba7fdfc5989e9d,14597,3
C:\SRS(ISIC_2019)\Dataset\NV\ISIC_0025865.jpg,isic_0025865,5,982d9032a32867c02fc67e3b931bfe8609e3418e2bc5a4b60e7f477bca3df605,14598,3
C:\SRS(ISIC_2019)\Dataset\NV\ISIC_0025887.jpg,isic_0025887,5,deab66e6e8957612e0cd355e3a50d410895be9e66acca17993092e8169f82482,14613,3
C:\SRS(ISIC_2019)\Dataset\NV\ISIC_0025890.jpg,isic_0025890,5,81f682386fe8d730d3c7fce8e8a5af10acde9c98a3bb29d47b1fbeb73d872459,14616,3
C:\SRS(ISIC_2019)\Dataset\NV\ISIC_0025913.jpg,isic_0025913,5,3f6c7aaf36f8ccf620400d0cf47361402bbed544616fdb4de1b459310e30ada7,14634,3
C:\SRS(ISIC_2019)\Dataset\NV\ISIC_0025914.jpg,isic_0025914,5,1966fb404fe7fb77a5252869b8b50c692d4692a2c0502abe0159bcd23aa49586,14635,3
C:\SRS(ISIC_2019)\Dataset\NV\ISIC_0025918.jpg,isic_0025918,5,fb5919476d7b5b9720cb3629303f354d597a7b43fa25ad14ca1719b191d36c31,14638,3
C:\SRS(ISIC_2019)\Dataset\NV\ISIC_0025921.jpg,isic_0025921,5,88024432af8a425cf1c56fcf7675bf958a405e5f5b2768e049e7792b6af3c9f4,14641,3
C:\SRS(ISIC_2019)\Dataset\NV\ISIC_0025926.jpg,isic_0025926,5,513335ac72b8eccb44b13997e8b83049dd458c48cb6dd187c7b73c1d165c490f,14645,3
C:\SRS(ISIC_2019)\Dataset\NV\ISIC_0025929.jpg,isic_0025929,5,e180a71deb7b756b3c2a9bbfd3a55d08f6e985e91965de8cd9ad37a4d44a358e,14646,3
C:\SRS(ISIC_2019)\Dataset\NV\ISIC_0025930.jpg,isic_0025930,5,bbe8a9d8e9411a1e4b244f8ab68cea82b9cd5860f2e33e19f6cac348a939eff2,14647,3
C:\SRS(ISIC_2019)\Dataset\NV\ISIC_0025935.jpg,isic_0025935,5,f97b8678b4b05c25e2f6eac201f5a897aaad51ea41df91c65ac2ff8e09f30212,14651,3
C:\SRS(ISIC_2019)\Dataset\NV\ISIC_0025943.jpg,isic_0025943,5,5309d7d1125557e47463fe338310a225d948dbc24c7f1e0ba949b66b1418c655,14655,3
C:\SRS(ISIC_2019)\Dataset\NV\ISIC_0025947.jpg,isic_0025947,5,696aa725f1ec814e9fab30a6847ea8db080be8c587711166e0d0549ef539bd8e,14659,3
C:\SRS(ISIC_2019)\Dataset\NV\ISIC_0025956.jpg,isic_0025956,5,cf57f4c011b4c16d29b2ea4191eef2e6adae84712d85654c34516849d8f7c91d,14664,3
C:\SRS(ISIC_2019)\Dataset\NV\ISIC_0025968.jpg,isic_0025968,5,8918432aea0483ca2bcd882d879658e935bbda72706529db535139add8e0f164,14673,3
C:\SRS(ISIC_2019)\Dataset\NV\ISIC_0025983.jpg,isic_0025983,5,731d74067ae34f023e8294609ea1af48000bb28e02d1757c1bad7b25915367cf,14683,3
C:\SRS(ISIC_2019)\Dataset\NV\ISIC_0025993.jpg,isic_0025993,5,3649ae992099f203f57be3303ae8b280215fb538156edf07c84e8e8b6ecbabab,14688,3
C:\SRS(ISIC_2019)\Dataset\NV\ISIC_0025997.jpg,isic_0025997,5,92fdc2f33f7aab6f37a8db8f33947d42fbf106a06ddd3d7276fd7181b84e39e3,14691,3
C:\SRS(ISIC_2019)\Dataset\NV\ISIC_0026006.jpg,isic_0026006,5,688e49b3efe67bb0d449193ed7b2adfae955aa993607c1e591bd0202845c1bfd,14700,3
C:\SRS(ISIC_2019)\Dataset\NV\ISIC_0026010.jpg,isic_0026010,5,379150e7727a302378515dcf93f7761600260880a8070e6048dcf7dbfb9b262f,14703,3
C:\SRS(ISIC_2019)\Dataset\NV\ISIC_0026011.jpg,isic_0026011,5,72b368673e2d64deb912a6cebf2c9cf377ed9c488372179fd560f6a3a4ab6959,14704,3
C:\SRS(ISIC_2019)\Dataset\NV\ISIC_0026021.jpg,isic_0026021,5,3b1aeaa3cf52f2525cba96be03cd9ce6f189142f142cffe432f037109933d564,14710,3
C:\SRS(ISIC_2019)\Dataset\NV\ISIC_0026022.jpg,isic_0026022,5,44139e2aeca866eb1a55f71868ada062421b91352124ef2a01908a8e1c2ab458,14711,3
C:\SRS(ISIC_2019)\Dataset\NV\ISIC_0026023.jpg,isic_0026023,5,8aee9836efd518b45b65ba4b60cdecf76190ee71b6e28e1c51b37ed54842c98d,14712,3
C:\SRS(ISIC_2019)\Dataset\NV\ISIC_0026024.jpg,isic_0026024,5,fa77c62c620616594763a4ba33029984dc0741556374446ff54b7a235404ccc9,14713,3
C:\SRS(ISIC_2019)\Dataset\NV\ISIC_0026026.jpg,isic_0026026,5,131cbed239d663a8a87dd9e03a95885729df482a796eb04478a6e69472108808,14715,3
C:\SRS(ISIC_2019)\Dataset\NV\ISIC_0026027.jpg,isic_0026027,5,4923362fb5d81054047936f964f9a33f32ded9aa7677d5257c73dc2111cf3731,14716,3
C:\SRS(ISIC_2019)\Dataset\NV\ISIC_0026032.jpg,isic_0026032,5,20bf2fa990b510199988f3cc1c81036ca56a915f52cc68600960f2d94f444296,14721,3
C:\SRS(ISIC_2019)\Dataset\NV\ISIC_0026051.jpg,isic_0026051,5,c3a46134d25fbf68bb029fd0ea17f557dff9d08309c2b0be2d2931f74f486d83,14735,3
C:\SRS(ISIC_2019)\Dataset\NV\ISIC_0026066.jpg,isic_0026066,5,f0df1ea9b6a3838b522d5eee511be780eca877080299f43927383fb8186b4b2f,14748,3
C:\SRS(ISIC_2019)\Dataset\NV\ISIC_0026075.jpg,isic_0026075,5,b11c80c70ddb68d433517e8c2c4a82a72ee47f8693da9f9859a9b6fa7744b16d,14752,3
C:\SRS(ISIC_2019)\Dataset\NV\ISIC_0026084.jpg,isic_0026084,5,e6fbaa7c60371c76e3863a42abaf690a62346678a6798e3809725d069565e847,14759,3
C:\SRS(ISIC_2019)\Dataset\NV\ISIC_0026106.jpg,isic_0026106,5,5b97905710ec11a811b48b2f78a43a9e565b8264557d8a0b0c50c0ec024c05fc,14771,3
C:\SRS(ISIC_2019)\Dataset\NV\ISIC_0026112.jpg,isic_0026112,5,ec8691dfad4bb5b7e19b7eae5546309e75908f66e2184dea67128e8b1179413f,14776,3
C:\SRS(ISIC_2019)\Dataset\NV\ISIC_0026114.jpg,isic_0026114,5,809608217fafc289520ccec0388687fa0d09a8a500db4b5b6da73aaee66ee1b8,14777,3
C:\SRS(ISIC_2019)\Dataset\NV\ISIC_0026121.jpg,isic_0026121,5,f24e88e41d577f472756b34a2a5137eda7584db86c208e6202af86ba445a30b5,14780,3
C:\SRS(ISIC_2019)\Dataset\NV\ISIC_0026129.jpg,isic_0026129,5,0ff4d02be8f1486cfc018b1a53d45e4fa26cea4014b7764017a0003e5125880f,14788,3
C:\SRS(ISIC_2019)\Dataset\NV\ISIC_0026144.jpg,isic_0026144,5,03386d822a3bdadb3f617ce45b0fb7c587f81439c9a0c50369f8fe40288db107,14797,3
C:\SRS(ISIC_2019)\Dataset\NV\ISIC_0026145.jpg,isic_0026145,5,a6361325082f17b1015b20b5f4645a7bf5f1fab4722f3b59deac643a3cb50b13,14798,3
C:\SRS(ISIC_2019)\Dataset\NV\ISIC_0026146.jpg,isic_0026146,5,2afe2369ed1e699e45c48ea15b4c0743f7e8e7f2be4098bc7a708cfc6733b07b,14799,3
C:\SRS(ISIC_2019)\Dataset\NV\ISIC_0026169.jpg,isic_0026169,5,3e919abd6cda607a7a45d64b611896d6d44b552fd7badad39e3fe0fdd5616c98,14812,3
C:\SRS(ISIC_2019)\Dataset\NV\ISIC_0026177.jpg,isic_0026177,5,4a8c66c2378ac7169bd167ac21e417c17180ab68186be7f9335394379ab866e5,14818,3
C:\SRS(ISIC_2019)\Dataset\NV\ISIC_0026179.jpg,isic_0026179,5,cc5a68eb5d5fd3c838680fbad6d0e7f892975bf41bce893c18c99d8aae775f33,14819,3
C:\SRS(ISIC_2019)\Dataset\NV\ISIC_0026187.jpg,isic_0026187,5,c7e63a78c2d5413654d292524db96eabdc748b5a6012af86dbd5ce8fd127191b,14827,3
C:\SRS(ISIC_2019)\Dataset\NV\ISIC_0026190.jpg,isic_0026190,5,e41764a4c5cd5b2ce489da3a4d8d25b6beb02abe191c004ecb5f9fef0daddb4a,14829,3
C:\SRS(ISIC_2019)\Dataset\NV\ISIC_0026216.jpg,isic_0026216,5,b9b5abca6ee9e6582b48ddba5522f422cb6c2101a74520a8b4fd0dbe467b830e,14847,3
C:\SRS(ISIC_2019)\Dataset\NV\ISIC_0026232.jpg,isic_0026232,5,6a72bef2ebe046b1fce608dd3431fe7774ffaaf195fc8ad18b7bca706a4576c9,14860,3
C:\SRS(ISIC_2019)\Dataset\NV\ISIC_0026255.jpg,isic_0026255,5,3cee685250f48c7e23b727a66c668978e6582cac52472bb71240b5b953afae37,14876,3
C:\SRS(ISIC_2019)\Dataset\NV\ISIC_0026272.jpg,isic_0026272,5,7362ad190313c68a9e5db6f1fc4f17cb62eaf42335ba654605c5ae0e183faf88,14887,3
C:\SRS(ISIC_2019)\Dataset\NV\ISIC_0026279.jpg,isic_0026279,5,ebca61f06cd8ab877e774f4a1e6b9d2a2b4ea99df354d94ac8d281fed7a15a2b,14890,3
C:\SRS(ISIC_2019)\Dataset\NV\ISIC_0026302.jpg,isic_0026302,5,8abbfe0d395988504cd0379bd6b5a37c301f7a5670c4e535f80a3685f07a0dd0,14904,3
C:\SRS(ISIC_2019)\Dataset\NV\ISIC_0026305.jpg,isic_0026305,5,685cfc0bf3f7d2e9b33994ede1db53334ffa73df6320914c919e44d5d4f987b7,14907,3
C:\SRS(ISIC_2019)\Dataset\NV\ISIC_0026325.jpg,isic_0026325,5,f212b4305e8faa9f5d057612e4256057f310f9c34ae4d3a6c18dc9fc71e24f70,14920,3
C:\SRS(ISIC_2019)\Dataset\NV\ISIC_0026326.jpg,isic_0026326,5,4bc6f706f971642c21014c863f39180d441de998b76a5a140f2d8a2eb7340ac2,14921,3
C:\SRS(ISIC_2019)\Dataset\NV\ISIC_0026332.jpg,isic_0026332,5,2ceb14b1c642d217d80ae4de1472d5b8123dc7f23cd0d2432e512dd71b851a01,14926,3
C:\SRS(ISIC_2019)\Dataset\NV\ISIC_0026340.jpg,isic_0026340,5,d558c95bdaf1b5b2a2d4be84206f6ace098c27a992c9fb430ce72972943be4be,14931,3
C:\SRS(ISIC_2019)\Dataset\NV\ISIC_0026353.jpg,isic_0026353,5,73c0f6723bb25a5727ed027b554f3f714de30591c2cdb13cbd93c51de2b5742a,14939,3
C:\SRS(ISIC_2019)\Dataset\NV\ISIC_0026357.jpg,isic_0026357,5,a50eb6c119b6f447cf25c0ea4e327d614f50568d354b39f19b1d14c85a81323a,14943,3
C:\SRS(ISIC_2019)\Dataset\NV\ISIC_0026367.jpg,isic_0026367,5,86dc1e2da3528b481a53763a68269abe54ed227467334e5277136af0ed2a845c,14950,3
C:\SRS(ISIC_2019)\Dataset\NV\ISIC_0026372.jpg,isic_0026372,5,f8757405524dc8eca1eb58b4b3e4d00a490eeca923c21c48b3ede0e7048af550,14954,3
C:\SRS(ISIC_2019)\Dataset\NV\ISIC_0026379.jpg,isic_0026379,5,695c9259220787ffd711b3dd37560b6825b281e21f7976fdda020c6ee748b82f,14960,3
C:\SRS(ISIC_2019)\Dataset\NV\ISIC_0026385.jpg,isic_0026385,5,7a68193537ce5bf1c55bba98adbef6f2fdfc7a5b09121d07f2598b083dca117b,14966,3
C:\SRS(ISIC_2019)\Dataset\NV\ISIC_0026390.jpg,isic_0026390,5,7f35897f0c7c8f36d84d9fd5b8de74a844ff68a092bf6b6c8c018ecd2a92ecf3,14970,3
C:\SRS(ISIC_2019)\Dataset\NV\ISIC_0026391.jpg,isic_0026391,5,d86c1dd7ffabc37394af54e70dff08b4888b50c007e1f68bbb01e3717310c77f,14971,3
C:\SRS(ISIC_2019)\Dataset\NV\ISIC_0026394.jpg,isic_0026394,5,4805c8ff9b88801da2015993dc5ba2016ad36bf196d3b99393d1730b53dc1360,14973,3
C:\SRS(ISIC_2019)\Dataset\NV\ISIC_0026397.jpg,isic_0026397,5,4d594490137a79c6c9e46914b92129e67393b03986810a0cb3880367016caa71,14975,3
C:\SRS(ISIC_2019)\Dataset\NV\ISIC_0026408.jpg,isic_0026408,5,2dbbcd0d33f89da428538b528ce333be27776bc917c416085233bb963800a6e4,14986,3
C:\SRS(ISIC_2019)\Dataset\NV\ISIC_0026410.jpg,isic_0026410,5,292d0f9a3b825c65bd92d1e32a5ba0433de40bc26c2f8f70ea6a84c3dd349329,14987,3
C:\SRS(ISIC_2019)\Dataset\NV\ISIC_0026421.jpg,isic_0026421,5,267dbb7329e108b74fbe3a1b4b5be65bb6f3dc6b6fdaa1a3539ee548b358583a,14994,3
C:\SRS(ISIC_2019)\Dataset\NV\ISIC_0026425.jpg,isic_0026425,5,88df2c902573b219ecf36f96fdaa1908dd9924af8a056c7e3ec7c2cdad3b6822,14997,3
C:\SRS(ISIC_2019)\Dataset\NV\ISIC_0026429.jpg,isic_0026429,5,75e61083ebd2756955245c5e8b924ea23cc00c9a9eeea85828e0d875e5215de2,15001,3
C:\SRS(ISIC_2019)\Dataset\NV\ISIC_0026431.jpg,isic_0026431,5,4a8ba0a98b0cccbd37c701d706e8d9705d7714f259008f97092c700090c81e81,15002,3
C:\SRS(ISIC_2019)\Dataset\NV\ISIC_0026445.jpg,isic_0026445,5,dacbb311f0451e4b7d3345e4ef5e4dfba11fc70bd1db9a7333ae8507552efa62,15009,3
C:\SRS(ISIC_2019)\Dataset\NV\ISIC_0026447.jpg,isic_0026447,5,9089b2a12222f31f926758b67374bca73e04c02cf23ffd21d07e249d20b77b85,15010,3
C:\SRS(ISIC_2019)\Dataset\NV\ISIC_0026448.jpg,isic_0026448,5,adcee376ab3ed39bbe6a8e998888b44c939480e33eb79f2db8b5ca956d2c9c52,15011,3
C:\SRS(ISIC_2019)\Dataset\NV\ISIC_0026450.jpg,isic_0026450,5,4a7dd637cf17f7717dcb5e6898474758c966ef32c6684b5805c1fbc86fafcca1,15013,3
C:\SRS(ISIC_2019)\Dataset\NV\ISIC_0026455.jpg,isic_0026455,5,de914e7f541c232e77fa04f9a06d12a46239181e358a3fe516d15aa69a5817c6,15017,3
C:\SRS(ISIC_2019)\Dataset\NV\ISIC_0026459.jpg,isic_0026459,5,c33b198ec20f3110159f3260d6ef860ec9fc987b01983e13b140a07867a74dde,15018,3
C:\SRS(ISIC_2019)\Dataset\NV\ISIC_0026472.jpg,isic_0026472,5,6f2cd289f5b7441fd17306d8e665f7aec70551981d812f3490c43370e50ffbec,15027,3
C:\SRS(ISIC_2019)\Dataset\NV\ISIC_0026478.jpg,isic_0026478,5,d1e2902facf403c79029ea27efca695c8df0bb2cdbe76e795e7b2a2087ad620b,15030,3
C:\SRS(ISIC_2019)\Dataset\NV\ISIC_0026480.jpg,isic_0026480,5,1b832ea5bd650dc51bf9bde50bb130f1014f5deb79d7b6bfa71d96fbff4f18c2,15032,3
C:\SRS(ISIC_2019)\Dataset\NV\ISIC_0026494.jpg,isic_0026494,5,0b576aa079788cceb7113548048f2770f03fa1f4c6f8ef551416b826cf38b9e8,15041,3
C:\SRS(ISIC_2019)\Dataset\NV\ISIC_0026503.jpg,isic_0026503,5,0936d5182e5163eff2daf582449256b59f1c87988a6908843f9f7b175c6f01a6,15048,3
C:\SRS(ISIC_2019)\Dataset\NV\ISIC_0026513.jpg,isic_0026513,5,3287a894fb9d09c50f5643b023d90f7c0af66b59ed9ba43a0d8d680c72358a01,15056,3
C:\SRS(ISIC_2019)\Dataset\NV\ISIC_0026515.jpg,isic_0026515,5,6aeafa4344d2f043ff68b40f7f67738c28929ab3668498c1e9a4ebc907dd20e8,15057,3
C:\SRS(ISIC_2019)\Dataset\NV\ISIC_0026521.jpg,isic_0026521,5,014606cbecf249ab98a0020792b1a1959b6761d1cc3f679a0be58994cfe39c3f,15062,3
C:\SRS(ISIC_2019)\Dataset\NV\ISIC_0026529.jpg,isic_0026529,5,5a29c8a58d4836cff6a96ad3eac0685b67e501e71859eaaea3ef70db3c63e14f,15064,3
C:\SRS(ISIC_2019)\Dataset\NV\ISIC_0026540.jpg,isic_0026540,5,a3e1e6338e99b9a187e93a7cc161c949235e0124c38305ae8d05a7133f31c8b9,15070,3
C:\SRS(ISIC_2019)\Dataset\NV\ISIC_0026542.jpg,isic_0026542,5,24f3a9cc8ae46319bb4e5e809b9005871797f9e245866f3d6d3e929b7a902dac,15072,3
C:\SRS(ISIC_2019)\Dataset\NV\ISIC_0026547.jpg,isic_0026547,5,0b8ba85cb2eec7f8d861606be829dde6ca7084eb3958407fc3b157cdb038d9db,15076,3
C:\SRS(ISIC_2019)\Dataset\NV\ISIC_0026551.jpg,isic_0026551,5,4311fe912caf380fbbdd2735511947fb418ad9ebc242a7df8791e239d0483eb2,15079,3
C:\SRS(ISIC_2019)\Dataset\NV\ISIC_0026552.jpg,isic_0026552,5,4514a09968ca35ed201c077e09e673864be3643676d615d4ed406ae307e4e5f0,15080,3
C:\SRS(ISIC_2019)\Dataset\NV\ISIC_0026557.jpg,isic_0026557,5,59fbe10585ac3323b76314b75125ca9e5d497fd37213c9e161507eb7bc290e1b,15083,3
C:\SRS(ISIC_2019)\Dataset\NV\ISIC_0026568.jpg,isic_0026568,5,d4746d163927887a9f67f79d3801a2696e1b20e5c31c85e27fd7d819881d079c,15091,3
C:\SRS(ISIC_2019)\Dataset\NV\ISIC_0026581.jpg,isic_0026581,5,3199e1d297d109616a3251dd6764f5f88b6b11e0f6722a373a16f8c799318fac,15100,3
C:\SRS(ISIC_2019)\Dataset\NV\ISIC_0026587.jpg,isic_0026587,5,9089f5eda2dbbbb37da388f446e9aefc8124ef6770d8da225fdb281221a530b6,15105,3
C:\SRS(ISIC_2019)\Dataset\NV\ISIC_0026597.jpg,isic_0026597,5,eb7428b281f7598a40ab2bfff9fc05a756d8f814cf457d984591bce809573f73,15112,3
C:\SRS(ISIC_2019)\Dataset\NV\ISIC_0026601.jpg,isic_0026601,5,8407e75699ba212f351967e1e95dc7e0329073d8075d3775fc2bcd539a7fe356,15116,3
C:\SRS(ISIC_2019)\Dataset\NV\ISIC_0026602.jpg,isic_0026602,5,ad8b53a16f5ee5b40fa0a5b4bff3bf36d641aaf03d3d2702d6b54d22053b2e3c,15117,3
C:\SRS(ISIC_2019)\Dataset\NV\ISIC_0026608.jpg,isic_0026608,5,88cc569aeac1a191af3a33eb9ea7d554fe50c8cfc4bb79c83087aa045ecc4444,15120,3
C:\SRS(ISIC_2019)\Dataset\NV\ISIC_0026617.jpg,isic_0026617,5,0afa0816831ac0b78f3ed20b8d54c1b7190ab7af4ace2804db16d4edeeba3b31,15128,3
C:\SRS(ISIC_2019)\Dataset\NV\ISIC_0026646.jpg,isic_0026646,5,e166fbad9b378b5b61b180052254e763834cca3985a8a4126a833b11c6f274bd,15146,3
C:\SRS(ISIC_2019)\Dataset\NV\ISIC_0026653.jpg,isic_0026653,5,af2edf6047724945a7cccbd6cd2b6f06c4f438703bf8892686543c52da94baaa,15150,3
C:\SRS(ISIC_2019)\Dataset\NV\ISIC_0026662.jpg,isic_0026662,5,0eb14b60be394c80c5773986a7e2f5d149b801a574404cee9d71712813edd32c,15157,3
C:\SRS(ISIC_2019)\Dataset\NV\ISIC_0026666.jpg,isic_0026666,5,c16abbace56408e60f3ff90db0aa6e9638cd43850ac10738595969757fee4e26,15159,3
C:\SRS(ISIC_2019)\Dataset\NV\ISIC_0026669.jpg,isic_0026669,5,a45dc06f7f02c6525e8406582d6d41c9e71485a5dc2bc382738ad5440e491ae9,15161,3
C:\SRS(ISIC_2019)\Dataset\NV\ISIC_0026672.jpg,isic_0026672,5,ae9ed48b4643d726f36869d5575ff05122913b3b007abc5acad545c379304246,15164,3
C:\SRS(ISIC_2019)\Dataset\NV\ISIC_0026674.jpg,isic_0026674,5,d589d033f85b36c0fd17440afe1d3345c278c533e68d8d0df3a6f4f6fd4f8484,15166,3
C:\SRS(ISIC_2019)\Dataset\NV\ISIC_0026680.jpg,isic_0026680,5,0b325592337598417e0d9686d566613eeb359f9b796c5ab9f5164815f6303638,15170,3
C:\SRS(ISIC_2019)\Dataset\NV\ISIC_0026699.jpg,isic_0026699,5,137bf1b49d56e2e0fda4283a1bc43acb10052d0d31901efe00dca5e2c4f0926d,15184,3
C:\SRS(ISIC_2019)\Dataset\NV\ISIC_0026705.jpg,isic_0026705,5,93931d4b40893518046b01bbd4bae724ad6b15098563f57ed423ac46051cb9e5,15188,3
C:\SRS(ISIC_2019)\Dataset\NV\ISIC_0026707.jpg,isic_0026707,5,6f48ac2da029848417d2d8db597896b3a31179d25262a299f126f49b37cd22ca,15190,3
C:\SRS(ISIC_2019)\Dataset\NV\ISIC_0026708.jpg,isic_0026708,5,a645336307acb186f9536ea455bd5d39b6ad7f8fd05969412054459e01ae19ac,15191,3
C:\SRS(ISIC_2019)\Dataset\NV\ISIC_0026710.jpg,isic_0026710,5,d72780891e6ef9efa9fb239fdbe67eb9994a4fbc08e0d7b4bf1af26fb71dcd18,15192,3
C:\SRS(ISIC_2019)\Dataset\NV\ISIC_0026715.jpg,isic_0026715,5,6bdf42f1a09651874813b1f4428f4a1b49e8c848840afd064a8ea3fe9529fceb,15195,3
C:\SRS(ISIC_2019)\Dataset\NV\ISIC_0026722.jpg,isic_0026722,5,877f53781aa8d9a92545638dc5c68670906d508cfe28ac45f5c30c8ac74d1416,15199,3
C:\SRS(ISIC_2019)\Dataset\NV\ISIC_0026743.jpg,isic_0026743,5,708ec017a6d24e9aedcf72a460561af9316abcae54e9d51c11c31dd10a9e539b,15215,3
C:\SRS(ISIC_2019)\Dataset\NV\ISIC_0026757.jpg,isic_0026757,5,08eeb51d72bbf2471df387588e3c3318e81cacd4d522c45de73d2bcbeb11e230,15225,3
C:\SRS(ISIC_2019)\Dataset\NV\ISIC_0026764.jpg,isic_0026764,5,b039a1818561f2fb7f0bae64a8a28940b8cea32fc7c6ee30f9696b61070a1d08,15231,3
C:\SRS(ISIC_2019)\Dataset\NV\ISIC_0026768.jpg,isic_0026768,5,868d0a8b951bce0f93fa87e34e5aa4ae03d11e97b3a52950696f34c3499d3628,15233,3
C:\SRS(ISIC_2019)\Dataset\NV\ISIC_0026772.jpg,isic_0026772,5,a794525bedabd628ca823d0926e73192f8ebe3c2640a656e7c3b99a637d1f617,15235,3
C:\SRS(ISIC_2019)\Dataset\NV\ISIC_0026773.jpg,isic_0026773,5,da3d1c60db2e73b6bf0b17ad11276aa01b762ad581ae83bbd43529b8a3e803c4,15236,3
C:\SRS(ISIC_2019)\Dataset\NV\ISIC_0026777.jpg,isic_0026777,5,316db703f4ebedbbee1c0368b323edd16f2fceb91c5cedb7584a194a34ed4494,15238,3
C:\SRS(ISIC_2019)\Dataset\NV\ISIC_0026780.jpg,isic_0026780,5,a281c6169a4a8adaee4d2f14cbf7f0a12b740767c750b0295ec6d6dca517646d,15241,3
C:\SRS(ISIC_2019)\Dataset\NV\ISIC_0026782.jpg,isic_0026782,5,9715dda56661ee3b08320426ce85e0f8645aa83f9316ea0ff6a57a4cab3a0b6e,15243,3
C:\SRS(ISIC_2019)\Dataset\NV\ISIC_0026792.jpg,isic_0026792,5,2c9d580b970d152a78afd19d17f9c3942e0e83bd9ee6adb6840505ffbf90f9d2,15249,3
C:\SRS(ISIC_2019)\Dataset\NV\ISIC_0026804.jpg,isic_0026804,5,97b0e3d5252b910524357a79e08ea86c702d89a79df5f50a9bdc12473c2384ca,15256,3
C:\SRS(ISIC_2019)\Dataset\NV\ISIC_0026820.jpg,isic_0026820,5,dcd85ea1cc70f2d53f00ad909ef16a86c5197102463bab2f6dfacd9e6f13354a,15271,3
C:\SRS(ISIC_2019)\Dataset\NV\ISIC_0026821.jpg,isic_0026821,5,8511654814e8ab8ad55ae59d1f32beefb605eb9191bedeefc1297fe96ac873da,15272,3
C:\SRS(ISIC_2019)\Dataset\NV\ISIC_0026830.jpg,isic_0026830,5,a175c354c70610b0a633bff5c91d9ca1b292b21b8b2cf77fac1aff778bb6c6b8,15278,3
C:\SRS(ISIC_2019)\Dataset\NV\ISIC_0026832.jpg,isic_0026832,5,1a2b98f9aa45917bfd09c6d9564ff6aca9dbf5c7048e3b57fa9c49d8e5ff9785,15279,3
C:\SRS(ISIC_2019)\Dataset\NV\ISIC_0026837.jpg,isic_0026837,5,f93e06f9ac719de24bfaa686b363f461522512a4a6e538c8ecae4a326f64a189,15283,3
C:\SRS(ISIC_2019)\Dataset\NV\ISIC_0026839.jpg,isic_0026839,5,46ef21daad7b7322524a5006be434c4a13a2039954d9eeff5767757381d6f32e,15285,3
C:\SRS(ISIC_2019)\Dataset\NV\ISIC_0026840.jpg,isic_0026840,5,a43a2d129048c233c3c9eec661868d5126954e055444c1ff6be6459a66c699fd,15286,3
C:\SRS(ISIC_2019)\Dataset\NV\ISIC_0026859.jpg,isic_0026859,5,0cfa1d346ba0b7718edb41e42b7f74a5a09c84ef8823a968863dbdd0c7cd6ac1,15294,3
C:\SRS(ISIC_2019)\Dataset\NV\ISIC_0026920.jpg,isic_0026920,5,3748fdf2f4a29a7228361aa095697c515ddaf9f5b92fbdf363c24b164dd656cc,15336,3
C:\SRS(ISIC_2019)\Dataset\NV\ISIC_0026929.jpg,isic_0026929,5,9ede08dcf06caa3abae1a6868c0a8abf90636b375730f720ee214ded72abd197,15343,3
C:\SRS(ISIC_2019)\Dataset\NV\ISIC_0026935.jpg,isic_0026935,5,2013a0d04fa94da9c76707403a0945dce89b4b0a293e35e85c8122de80692764,15348,3
C:\SRS(ISIC_2019)\Dataset\NV\ISIC_0026972.jpg,isic_0026972,5,9c48557b17f77a8ffe6a35b57b3317ed5f267bab597706b4feaa38dff36d5eaf,15370,3
C:\SRS(ISIC_2019)\Dataset\NV\ISIC_0026987.jpg,isic_0026987,5,2b9e42bd1e32dbe54e4699be52f376688e40b408435b923a0df0965ef2b09195,15381,3
C:\SRS(ISIC_2019)\Dataset\NV\ISIC_0027019.jpg,isic_0027019,5,44664fcd1fd57987968b0ff7b52ab2e752df96dc19668769a0bcf239e9629d69,15402,3
C:\SRS(ISIC_2019)\Dataset\NV\ISIC_0027020.jpg,isic_0027020,5,ee4b33b9ad175f7f1188fd2a623d6f094a9dffcc261c49ad7658491dc08c0917,15403,3
C:\SRS(ISIC_2019)\Dataset\NV\ISIC_0027034.jpg,isic_0027034,5,5836542a42df6a5cb71096c9d96e765fa40e8bf340b6e0368a0c24732aa6d48d,15410,3
C:\SRS(ISIC_2019)\Dataset\NV\ISIC_0027049.jpg,isic_0027049,5,80146879ab3fa641d0ad929a38f30e58e748e50a70867ad6989b008db06d9b3c,15417,3
C:\SRS(ISIC_2019)\Dataset\NV\ISIC_0027050.jpg,isic_0027050,5,0405da7371b01b9c83f41996f3c672c10fdd3eba26414cdfc49958481fa2fecc,15418,3
C:\SRS(ISIC_2019)\Dataset\NV\ISIC_0027061.jpg,isic_0027061,5,7cedd7dbd263dc3097bdc2aa0247bdcf2f10a2caa80d6667d782850dfdf8032f,15425,3
C:\SRS(ISIC_2019)\Dataset\NV\ISIC_0027070.jpg,isic_0027070,5,4e29e2c231e433dde32c6f056b7dcc21c63745912a136c8f8de79e03bfc11a92,15428,3
C:\SRS(ISIC_2019)\Dataset\NV\ISIC_0027072.jpg,isic_0027072,5,e61d84930ad975077aa4dea855a3a0b9dbd81ff29f78924b1211ea8590c9e057,15429,3
C:\SRS(ISIC_2019)\Dataset\NV\ISIC_0027075.jpg,isic_0027075,5,7f6fe1d75ab72dea9ac25a2dad5676345843e9af4ff16ddff76335ac2808dfc4,15432,3
C:\SRS(ISIC_2019)\Dataset\NV\ISIC_0027095.jpg,isic_0027095,5,d30b1d106d4e81eaefa1dcac7569d4617891730af8461a09b009d69286680c16,15445,3
C:\SRS(ISIC_2019)\Dataset\NV\ISIC_0027096.jpg,isic_0027096,5,273b547bc65fa7a458e9e115da1be64576c576f0f0bd4ac7f1ea6d60ad26e163,15446,3
C:\SRS(ISIC_2019)\Dataset\NV\ISIC_0027114.jpg,isic_0027114,5,0c2142e7b57beed51cd444f5b27d80c69b0348cf21b84413ecabdbf9af77084b,15459,3
C:\SRS(ISIC_2019)\Dataset\NV\ISIC_0027115.jpg,isic_0027115,5,c00d1f949be24d3d5210384ec699bc66d117792e0dbfca80a9d0b60258736cf9,15460,3
C:\SRS(ISIC_2019)\Dataset\NV\ISIC_0027119.jpg,isic_0027119,5,b827a8004aa67cbefe940364a99d7098af702c2ccd36301abfe954b50fa08b1f,15462,3
C:\SRS(ISIC_2019)\Dataset\NV\ISIC_0027128.jpg,isic_0027128,5,248435daee4ea2a21bd4651061cc4921b9697bd0479af2a06adef109fb1b34ba,15468,3
C:\SRS(ISIC_2019)\Dataset\NV\ISIC_0027132.jpg,isic_0027132,5,67ba15e22db57f958182a6fbaf33d15ec699df717b9eb56a60bad46bd8d6bbe3,15471,3
C:\SRS(ISIC_2019)\Dataset\NV\ISIC_0027186.jpg,isic_0027186,5,47928fdab08e8b5b273e13598b166748e55c89b816d56d089b58b7b3cd0ddd97,15504,3
C:\SRS(ISIC_2019)\Dataset\NV\ISIC_0027199.jpg,isic_0027199,5,c0d31cf927620f0fd826fe9fb2bdff9e1d9130c79426f4f5505b39a8112c8bb1,15511,3
C:\SRS(ISIC_2019)\Dataset\NV\ISIC_0027206.jpg,isic_0027206,5,ba3a130c06582dc186c9d46e0659909722b775199b7f9e7e6c87e2f2005ce4d1,15516,3
C:\SRS(ISIC_2019)\Dataset\NV\ISIC_0027207.jpg,isic_0027207,5,273f59501f60cd7fd1e4701851baeef0ad4c03d923a562768f528fca9068b294,15517,3
C:\SRS(ISIC_2019)\Dataset\NV\ISIC_0027217.jpg,isic_0027217,5,a78b01a39e443d742d9272a34fd6777d2d63ca9480f8af3876ad34ccbb51e88b,15525,3
C:\SRS(ISIC_2019)\Dataset\NV\ISIC_0027220.jpg,isic_0027220,5,562df8d72737bbe45ef2fe71417242f64f50a166ec3816a8c0f99d338c1cc233,15526,3
C:\SRS(ISIC_2019)\Dataset\NV\ISIC_0027225.jpg,isic_0027225,5,53b16ef42a0d63a4936cade9cda9bd2ccca145b1b7d460e7f80d83aa39a3a22f,15531,3
C:\SRS(ISIC_2019)\Dataset\NV\ISIC_0027232.jpg,isic_0027232,5,b9703d4e5bd33914f4ade2627172be9f9b621c8874935206e710d6ff77ca1004,15536,3
C:\SRS(ISIC_2019)\Dataset\NV\ISIC_0027236.jpg,isic_0027236,5,265af0dea16f0c505b7ea199b94df376caf50ba5f6f0dbd8ea0de3da92a0529d,15539,3
C:\SRS(ISIC_2019)\Dataset\NV\ISIC_0027245.jpg,isic_0027245,5,c492114529592f3265a3bff5e4ef67c871dc95549125dc706404862ae45eaab8,15546,3
C:\SRS(ISIC_2019)\Dataset\NV\ISIC_0027251.jpg,isic_0027251,5,71c094f96a4f315846510b731af50c3669b3ad6373e238d8a548254ec7e55dfa,15552,3
C:\SRS(ISIC_2019)\Dataset\NV\ISIC_0027252.jpg,isic_0027252,5,00eae91bac250d800436272bab19ca96d157b87ab8cd2e5b3c910668b3d281d1,15553,3
C:\SRS(ISIC_2019)\Dataset\NV\ISIC_0027259.jpg,isic_0027259,5,3a3b0da52b4a0c220ffa51f18a4381a78299a11b7c192948558be908db944524,15557,3
C:\SRS(ISIC_2019)\Dataset\NV\ISIC_0027267.jpg,isic_0027267,5,c21df1eea0a03009e82908bb000783a9a4b1c1f1720514cdf2866c29e4eef441,15562,3
C:\SRS(ISIC_2019)\Dataset\NV\ISIC_0027268.jpg,isic_0027268,5,b77ee4e22af7bed1de44d3429f3aa6927b38f3f64b4d7d893dda5c747fc5f6f5,15563,3
C:\SRS(ISIC_2019)\Dataset\NV\ISIC_0027272.jpg,isic_0027272,5,e41c9d298bba2c0fd7e505bc42b42cd7535a4f78d52fa83ad19ef044b8853bfd,15565,3
C:\SRS(ISIC_2019)\Dataset\NV\ISIC_0027278.jpg,isic_0027278,5,5de1153bcc2c1dcc83f5886ea5f749bde3be7a88b7870b66978a9d242998682e,15569,3
C:\SRS(ISIC_2019)\Dataset\NV\ISIC_0027289.jpg,isic_0027289,5,0505d472f17381a1ef908eb6bf73c1b9d792cd48fff690b2eaa4e66c796c0c67,15576,3
C:\SRS(ISIC_2019)\Dataset\NV\ISIC_0027293.jpg,isic_0027293,5,c0bfebf8dce32eb7edbda8c9512acf424b0c2acc7fd043bd73db4e1402b76b97,15579,3
C:\SRS(ISIC_2019)\Dataset\NV\ISIC_0027301.jpg,isic_0027301,5,6e7f104af6739c9e55f1af31ebe96c728689cd9f4eef5c8bdf8db52f57ca1e69,15583,3
C:\SRS(ISIC_2019)\Dataset\NV\ISIC_0027305.jpg,isic_0027305,5,ccb5e4663e21fa6cc70f9f6d7a4d928529cd6cd25b3921d0ec7c2b86bab69e39,15585,3
C:\SRS(ISIC_2019)\Dataset\NV\ISIC_0027309.jpg,isic_0027309,5,ba9eb5fd0cb94ce06d6240889f22804c3a366882b5c01ece25050394102cb33d,15588,3
C:\SRS(ISIC_2019)\Dataset\NV\ISIC_0027317.jpg,isic_0027317,5,a277904f6b3fcdb85311c788b7485a7d29be7d4078753083dcaaee43b46d5c51,15595,3
C:\SRS(ISIC_2019)\Dataset\NV\ISIC_0027323.jpg,isic_0027323,5,bc7e839bb7130130d9ef58b4b8134ca28a0a19da8e7357f74738c10d3bfca30c,15600,3
C:\SRS(ISIC_2019)\Dataset\NV\ISIC_0027330.jpg,isic_0027330,5,a744c52063beda22348770708ac07150d94526469374d005c0634a222539bdf7,15604,3
C:\SRS(ISIC_2019)\Dataset\NV\ISIC_0027331.jpg,isic_0027331,5,00f0135af3a7df9cc375337639af50df3ce1b80b6a0487960a582f47a88b5ed5,15605,3
C:\SRS(ISIC_2019)\Dataset\NV\ISIC_0027336.jpg,isic_0027336,5,11e2fcba1d6713ab07101f53076e00644cd3627b47f274df03d1bb2e2954a86d,15607,3
C:\SRS(ISIC_2019)\Dataset\NV\ISIC_0027341.jpg,isic_0027341,5,cac4970204e10d658635a71f94e7f5f8d47d1598d8e09d5395b47f4690ab3be0,15611,3
C:\SRS(ISIC_2019)\Dataset\NV\ISIC_0027356.jpg,isic_0027356,5,a71fe6fbc549631e44b6329f4865b181571d275a0903359866f915cd1112b50e,15620,3
C:\SRS(ISIC_2019)\Dataset\NV\ISIC_0027360.jpg,isic_0027360,5,bb365e3cb8551e07fff55f4b262e5da2b9f68871967a4d16e62bb343757edd2c,15623,3
C:\SRS(ISIC_2019)\Dataset\NV\ISIC_0027373.jpg,isic_0027373,5,726b7e9f8a2469132c1459d16939acfcc5a4e8ca98935e92bef8b9cf5a5470d5,15632,3
C:\SRS(ISIC_2019)\Dataset\NV\ISIC_0027376.jpg,isic_0027376,5,332b9444371f34fa9cdcdda6c20a81bad8cfe1938c4e819dec950be714072661,15634,3
C:\SRS(ISIC_2019)\Dataset\NV\ISIC_0027377.jpg,isic_0027377,5,2495426baaceeec2c71f0ead12696eda2ba3d08ae5a055ad9d3d8c7b83d85d80,15635,3
C:\SRS(ISIC_2019)\Dataset\NV\ISIC_0027383.jpg,isic_0027383,5,691fd09748306e0dcbfb72885e751a42b0ac368a2eb27012d9e74f335e58945b,15641,3
C:\SRS(ISIC_2019)\Dataset\NV\ISIC_0027389.jpg,isic_0027389,5,fa4503b90a7fea01b75abccbe765ed50f8ec639f05d7b6a88c27eeb21c14e34f,15644,3
C:\SRS(ISIC_2019)\Dataset\NV\ISIC_0027403.jpg,isic_0027403,5,7565f2277d6b50a1d0a780f45a7e291d1aa69077a3c2807a5031d9b9fcc99a10,15655,3
C:\SRS(ISIC_2019)\Dataset\NV\ISIC_0027406.jpg,isic_0027406,5,3c7b3c4f76fd124df4ec8acc25227e478263a5d11a6d638ebeafc738dc0aa114,15658,3
C:\SRS(ISIC_2019)\Dataset\NV\ISIC_0027412.jpg,isic_0027412,5,38f35a05c017daafe78e53742ae2332b7648ff173dcf68232f5fd7f1df3037c5,15663,3
C:\SRS(ISIC_2019)\Dataset\NV\ISIC_0027416.jpg,isic_0027416,5,f503b7fc844205f77bada07ea3f1a752f86c951d956f954672a9b4760549b3c9,15667,3
C:\SRS(ISIC_2019)\Dataset\NV\ISIC_0027441.jpg,isic_0027441,5,e9f0d4e4891943ceab7c9e58170f20623f919fa499b840b99bf49fb740cbeae6,15684,3
C:\SRS(ISIC_2019)\Dataset\NV\ISIC_0027475.jpg,isic_0027475,5,d92c36b583533251e20d272243ca372fcc5602a191fc7132de94dc92be815c82,15709,3
C:\SRS(ISIC_2019)\Dataset\NV\ISIC_0027494.jpg,isic_0027494,5,a3046f631c5ce2fcca66c2c28e0f624a4a929da36eb03843a6c8a5eb2227c0e4,15724,3
C:\SRS(ISIC_2019)\Dataset\NV\ISIC_0027495.jpg,isic_0027495,5,2294234b57656518f7917375d545268459f8a9fc7b4cb8ced75b5d3d0ed7f943,15725,3
C:\SRS(ISIC_2019)\Dataset\NV\ISIC_0027535.jpg,isic_0027535,5,9cd893088c5080d2c5fe672f430ae8e392e417177079244192f326ddcbc3cf49,15751,3
C:\SRS(ISIC_2019)\Dataset\NV\ISIC_0027548.jpg,isic_0027548,5,b2812701e368858fccabbcb9be5f5646b8a4780aa54e15bd1687a121323af0bc,15760,3
C:\SRS(ISIC_2019)\Dataset\NV\ISIC_0027553.jpg,isic_0027553,5,34814c5af318488fa340ed96aacaf23eb0d0d05a760368b619f248758a794971,15763,3
C:\SRS(ISIC_2019)\Dataset\NV\ISIC_0027556.jpg,isic_0027556,5,5486874fbea734b0868522ccccd1870ffb8ec630ed4157ba0bd6497c2930d817,15766,3
C:\SRS(ISIC_2019)\Dataset\NV\ISIC_0027557.jpg,isic_0027557,5,a8ebfc636c4278271d0b1544daa154ae04b139fdace97d22e215f5fa61fa4662,15767,3
C:\SRS(ISIC_2019)\Dataset\NV\ISIC_0027564.jpg,isic_0027564,5,84a24e4f1b4dd1e1fe54ce8c5301d3b955105586fec649b9c5a2591ea6c15d75,15769,3
C:\SRS(ISIC_2019)\Dataset\NV\ISIC_0027568.jpg,isic_0027568,5,a9c408ec8930f8df36b104e4b283789e54edfcb4977e1f67ab4fcf68917d8f64,15773,3
C:\SRS(ISIC_2019)\Dataset\NV\ISIC_0027570.jpg,isic_0027570,5,ddfa0b4370c87909131e978ddd3bf327e4009b524b1eaf393b794e094c2daefe,15775,3
C:\SRS(ISIC_2019)\Dataset\NV\ISIC_0027592.jpg,isic_0027592,5,861e77d94440551f225d582a8d32e3de4e66e32cdbd258698adc0e568fc7f77f,15791,3
C:\SRS(ISIC_2019)\Dataset\NV\ISIC_0027602.jpg,isic_0027602,5,8afbdbf1efd696bb491748adba7df11dcce573ddd1db1760f76f721de96f147f,15798,3
C:\SRS(ISIC_2019)\Dataset\NV\ISIC_0027617.jpg,isic_0027617,5,897f50d8b4fb809919ea6ca93cb9c48106cb305d697efcd10b178967f1920f65,15805,3
C:\SRS(ISIC_2019)\Dataset\NV\ISIC_0027621.jpg,isic_0027621,5,fa5b85423d430b33c6612943e34d4134af7e14eaa0aaa2a3eea23165c3b2beb9,15808,3
C:\SRS(ISIC_2019)\Dataset\NV\ISIC_0027627.jpg,isic_0027627,5,9c59f82fbeb692f4c734f4d6b1b8d1ccf4b6e3da168f1c45c1314acd3aeba2e8,15812,3
C:\SRS(ISIC_2019)\Dataset\NV\ISIC_0027637.jpg,isic_0027637,5,b22ebc79a9893af799016d9401bc561b4c1a38ca5958c9adec90c797e45360bc,15820,3
C:\SRS(ISIC_2019)\Dataset\NV\ISIC_0027642.jpg,isic_0027642,5,109215c6a79e7a8cd8386d77810deb4dbb997387db958a19c264db65ec2deb08,15825,3
C:\SRS(ISIC_2019)\Dataset\NV\ISIC_0027656.jpg,isic_0027656,5,63acfb75f4fb9d74fd963c758b4baa10b7a16fc5c3f4c297eef5ffb113cf4747,15834,3
C:\SRS(ISIC_2019)\Dataset\NV\ISIC_0027662.jpg,isic_0027662,5,7ec500004197cba508aec6d7d2861eee0e9bcf4bf5494cea2a342d535e44f88a,15839,3
C:\SRS(ISIC_2019)\Dataset\NV\ISIC_0027664.jpg,isic_0027664,5,833c755aa5bd28c155f86fe06e6161465ab6878014f5d1b8c275407538abbd3a,15840,3
C:\SRS(ISIC_2019)\Dataset\NV\ISIC_0027694.jpg,isic_0027694,5,00e8326b1807e936e5644417200fdb47546a05db6bd780e5b1389cd6723c1a63,15859,3
C:\SRS(ISIC_2019)\Dataset\NV\ISIC_0027697.jpg,isic_0027697,5,da8eb372af3eae6858260704068da3b81ac38f9900a3df951b7eaef4e1680226,15862,3
C:\SRS(ISIC_2019)\Dataset\NV\ISIC_0027701.jpg,isic_0027701,5,cf97be3f6503f344e22ebed2e532f6782e82a93c8494c62441f1063ff16fbb06,15865,3
C:\SRS(ISIC_2019)\Dataset\NV\ISIC_0027703.jpg,isic_0027703,5,a1808b07974c8d9743080e64883414a7f3408f2b5806604eab819e496d39a1c5,15866,3
C:\SRS(ISIC_2019)\Dataset\NV\ISIC_0027705.jpg,isic_0027705,5,d9eaab7d1d61a5dbd8622c843ed13e12c77c4d2c7db24cc256100476aed75396,15867,3
C:\SRS(ISIC_2019)\Dataset\NV\ISIC_0027717.jpg,isic_0027717,5,f32fb832546bc5435c3d3e973b85cefa896274c7492222a06780329ac548636b,15875,3
C:\SRS(ISIC_2019)\Dataset\NV\ISIC_0027740.jpg,isic_0027740,5,ec8ae1561b90a5d1563d7dfae55fea5798e5e0c15ec7890f58a66f83fe5fd541,15891,3
C:\SRS(ISIC_2019)\Dataset\NV\ISIC_0027755.jpg,isic_0027755,5,c821c4bdba84985657473fab4dbe606bbe981fa43d1b5e3f101d968e27db2b3a,15900,3
C:\SRS(ISIC_2019)\Dataset\NV\ISIC_0027756.jpg,isic_0027756,5,ee4cee2eb3355695cf45480652f724431df6efd2c84be6f3ba1bac36eb3d3ce7,15901,3
C:\SRS(ISIC_2019)\Dataset\NV\ISIC_0027765.jpg,isic_0027765,5,7548b0ec14969bd97623c3851cec686cd899dee7ec1341e65b81f57543c465c7,15908,3
C:\SRS(ISIC_2019)\Dataset\NV\ISIC_0027779.jpg,isic_0027779,5,4b7b033174b0dd1ba8ce6c11de75b7ee4aa4fd22cfdef0d08a4d105b6188e116,15916,3
C:\SRS(ISIC_2019)\Dataset\NV\ISIC_0027782.jpg,isic_0027782,5,167fb0e6fce0e2be2a632c248a1deaaa2d73351ad8145965296e3847b311d006,15917,3
C:\SRS(ISIC_2019)\Dataset\NV\ISIC_0027785.jpg,isic_0027785,5,dd27812f50832d4273cb8a63758a1cc9ad4c2d73aef2da382f2ebd84d0f0b7a4,15920,3
C:\SRS(ISIC_2019)\Dataset\NV\ISIC_0027787.jpg,isic_0027787,5,91fd894001717668f65430beee765879795862ecaca62da03501b387ef6e2fa3,15921,3
C:\SRS(ISIC_2019)\Dataset\NV\ISIC_0027804.jpg,isic_0027804,5,5492909fb8020e505364a8cb3eed14955a8d1131e75c16ee5c451cbc5329a5de,15930,3
C:\SRS(ISIC_2019)\Dataset\NV\ISIC_0027816.jpg,isic_0027816,5,0ffb916d4cc00fbc0e59bad9cf5d75b02e3cb592ee1b32e92807e2fe4ba19edc,15938,3
C:\SRS(ISIC_2019)\Dataset\NV\ISIC_0027824.jpg,isic_0027824,5,11ca8f76ef61c86604e289988ec2f0304ec38819a31759a576983bdde9cae287,15943,3
C:\SRS(ISIC_2019)\Dataset\NV\ISIC_0027833.jpg,isic_0027833,5,93a9fa80d1b4833615ad4b6b749e4c4e4bd607274f5eea2685a0ccad28a3d0c7,15946,3
C:\SRS(ISIC_2019)\Dataset\NV\ISIC_0027845.jpg,isic_0027845,5,b8617f8ce9fa949f4d2219b2842c42c04b5ce43f9c01690c9f376172df5110da,15957,3
C:\SRS(ISIC_2019)\Dataset\NV\ISIC_0027852.jpg,isic_0027852,5,0790db2fe49465a345f001c513ec7064f2557c896ed6c4e6fcc75158ba634a3e,15961,3
C:\SRS(ISIC_2019)\Dataset\NV\ISIC_0027860.jpg,isic_0027860,5,ce627db0a36c7d0c74b45a32750aaff0c22b272949ad6c926859b3324d72feec,15966,3
C:\SRS(ISIC_2019)\Dataset\NV\ISIC_0027868.jpg,isic_0027868,5,ed637b83a6257edf17d86aa03c6ea1d8da34e836b4f5ca22d0a0208cb0fd29aa,15972,3
C:\SRS(ISIC_2019)\Dataset\NV\ISIC_0027874.jpg,isic_0027874,5,b2489e7ea26a3ea99db2d813e0d1f7b25be2863c19d4777983cd84633bb6793e,15977,3
C:\SRS(ISIC_2019)\Dataset\NV\ISIC_0027877.jpg,isic_0027877,5,2582ca1fcbe8e497fedb49edfe43e41fd3c14503dd4e3947525c86186cb5ad02,15978,3
C:\SRS(ISIC_2019)\Dataset\NV\ISIC_0027879.jpg,isic_0027879,5,3cce624b85b30187045bffcf5b68bf774c4836e953b36731693fab7b655d2702,15980,3
C:\SRS(ISIC_2019)\Dataset\NV\ISIC_0027899.jpg,isic_0027899,5,0ac2c949b585c306d42063d10dd564595b7f119ed3017507da680447a6b64af3,15996,3
C:\SRS(ISIC_2019)\Dataset\NV\ISIC_0027901.jpg,isic_0027901,5,65198bdc6e4138f5efbd21ddc84009501a3eb12aced6174d733a61ae363b3842,15997,3
C:\SRS(ISIC_2019)\Dataset\NV\ISIC_0027912.jpg,isic_0027912,5,b918f46f100b95dcbdd04a246eec79ae06748ac0724b166b24371817aa05e430,16005,3
C:\SRS(ISIC_2019)\Dataset\NV\ISIC_0027913.jpg,isic_0027913,5,22a72a73caa673a4216ad643f0873ad8ec40553e969c6c593b6c544d2349fec1,16006,3
C:\SRS(ISIC_2019)\Dataset\NV\ISIC_0027919.jpg,isic_0027919,5,68290568142bc48706a14d83b7ba652fbf65cb9d88094b878a7adde5fb0d0e9b,16010,3
C:\SRS(ISIC_2019)\Dataset\NV\ISIC_0027922.jpg,isic_0027922,5,9b13ba8325573db7d152df40a61e28f5d884fd8701a9a086a8d8833552c2a24b,16012,3
C:\SRS(ISIC_2019)\Dataset\NV\ISIC_0027923.jpg,isic_0027923,5,27a476bd5e5842583e7824a3429a6c047c9369b742743908691e04daa5ed02d3,16013,3
C:\SRS(ISIC_2019)\Dataset\NV\ISIC_0027929.jpg,isic_0027929,5,0a8bfa57199bdb66b3752699a80b492cc9ce5bb5acaeec95ef9b1ef80f90a923,16019,3
C:\SRS(ISIC_2019)\Dataset\NV\ISIC_0027939.jpg,isic_0027939,5,26b8a22282548a3c6f83b21ca86831f50163ded5e56d3e23e1e64b1fa6829356,16027,3
C:\SRS(ISIC_2019)\Dataset\NV\ISIC_0027942.jpg,isic_0027942,5,ae97ee03256a5ce85cdf4bbb4d538e8f60fe663b39d2593ef51f47a8f6c47686,16030,3
C:\SRS(ISIC_2019)\Dataset\NV\ISIC_0027944.jpg,isic_0027944,5,229fb64219a958124c14a4650beab2e5a4846213faca41145f72a3c9a10d6874,16032,3
C:\SRS(ISIC_2019)\Dataset\NV\ISIC_0027947.jpg,isic_0027947,5,87ec709f184ab1d522c76c252a03a3a539214766d3cf02fdcdf5abd5f5d12916,16035,3
C:\SRS(ISIC_2019)\Dataset\NV\ISIC_0027959.jpg,isic_0027959,5,424cb34716b66076ee8a18ef37129974a9c628a3981cf7614a928c8722d8fe3b,16041,3
C:\SRS(ISIC_2019)\Dataset\NV\ISIC_0027970.jpg,isic_0027970,5,1ebe3d83c3d3e5e484e3e6a78ebace414fa706ec727d0a5ce52d80f8e5859032,16047,3
C:\SRS(ISIC_2019)\Dataset\NV\ISIC_0027979.jpg,isic_0027979,5,a0592c3d9149c712190b66499663e36bd3fbfe7263890d4ef0511e90d15968df,16054,3
C:\SRS(ISIC_2019)\Dataset\NV\ISIC_0027984.jpg,isic_0027984,5,91ec2b36a7f74ff9ef5055ea4aea10585a18fcf17611af37120dcc7f41244240,16057,3
C:\SRS(ISIC_2019)\Dataset\NV\ISIC_0027992.jpg,isic_0027992,5,70acf15319322309cf4592bfdad75ac460b23d1799076b22a3e487cc8c164638,16062,3
C:\SRS(ISIC_2019)\Dataset\NV\ISIC_0028006.jpg,isic_0028006,5,f6c3efc1d33bfa3179fc39e687e0ac6d0f5859958b17ce5ac6c5e0eaf3e85b7e,16073,3
C:\SRS(ISIC_2019)\Dataset\NV\ISIC_0028011.jpg,isic_0028011,5,9ce72de96d577eafce89df66ed483d0b8a368698464ca8706933930118410cfe,16078,3
C:\SRS(ISIC_2019)\Dataset\NV\ISIC_0028012.jpg,isic_0028012,5,d8e0f3bca6c4b231ed2af0220128fff69feb682f5e4395dd74a13ad6d96560e2,16079,3
C:\SRS(ISIC_2019)\Dataset\NV\ISIC_0028013.jpg,isic_0028013,5,f2fb569a3f772183c39a88973889bd1a1e938dbcf1162c0e3587855c1a5f77c7,16080,3
C:\SRS(ISIC_2019)\Dataset\NV\ISIC_0028014.jpg,isic_0028014,5,d3009041397310cc01bc69804e842100f3b785a01c3db82b9da787ce8b37b811,16081,3
C:\SRS(ISIC_2019)\Dataset\NV\ISIC_0028021.jpg,isic_0028021,5,7135c9426f1540ab4d9bf3c8e6a442e23bd57ba7dd268bf67f4bc87e744e9043,16086,3
C:\SRS(ISIC_2019)\Dataset\NV\ISIC_0028025.jpg,isic_0028025,5,4b9a2f407bde120841309c1b229731efa91f9c31040f37cf9c321e08dcc760d3,16089,3
C:\SRS(ISIC_2019)\Dataset\NV\ISIC_0028028.jpg,isic_0028028,5,7d3e830acf433d2f436f3d0f1c4176b60997d740289b450215052510f026b619,16091,3
C:\SRS(ISIC_2019)\Dataset\NV\ISIC_0028039.jpg,isic_0028039,5,a27a93414163aebf28bdd8aa06ed318bc9270dd6ac457d805d423581916071d5,16099,3
C:\SRS(ISIC_2019)\Dataset\NV\ISIC_0028047.jpg,isic_0028047,5,317ad07a77caaf124c58a9b06fd2e03efdcf891e770fa1bd5ecdd94e689c6dbf,16105,3
C:\SRS(ISIC_2019)\Dataset\NV\ISIC_0028053.jpg,isic_0028053,5,95accd90aa5786e7637536bfaf4c01bfe2294e2fdc488c0bcf5871698c8665fb,16108,3
C:\SRS(ISIC_2019)\Dataset\NV\ISIC_0028071.jpg,isic_0028071,5,bae71af431fa95f26d0378ade88a45d750105fa4829768cf16f34a3547b6a414,16121,3
C:\SRS(ISIC_2019)\Dataset\NV\ISIC_0028081.jpg,isic_0028081,5,8d7930eaa48be5cbfe2301412432a55ca9398e3b2067766c1a0003c36e65a5e8,16127,3
C:\SRS(ISIC_2019)\Dataset\NV\ISIC_0028102.jpg,isic_0028102,5,f8ab5a5c6dfb7152083222163b21b51c50ed35a72da8b7946e96b7da6e041bd1,16140,3
C:\SRS(ISIC_2019)\Dataset\NV\ISIC_0028133.jpg,isic_0028133,5,1bc801810a00b5075ac03750cb81e897f391f849de14c821a66550af460bb41d,16156,3
C:\SRS(ISIC_2019)\Dataset\NV\ISIC_0028134.jpg,isic_0028134,5,8c958a001b3dfc936f46aef20c4a3fa469d56a2df6c3b834ad7f574d251b7112,16157,3
C:\SRS(ISIC_2019)\Dataset\NV\ISIC_0028141.jpg,isic_0028141,5,332a01ae2a4ba71d99ca80573ea69143d7817b4e725d7ace992f03d44a60b807,16164,3
C:\SRS(ISIC_2019)\Dataset\NV\ISIC_0028143.jpg,isic_0028143,5,7ef7522eaea0644e905f6a44e70e62e5087605e98899d49b748ae1a998d3e42b,16166,3
C:\SRS(ISIC_2019)\Dataset\NV\ISIC_0028160.jpg,isic_0028160,5,17bdfd370aebad6689cab448ed68308c317601bc53bf7010fbeae4f0be697caf,16177,3
C:\SRS(ISIC_2019)\Dataset\NV\ISIC_0028167.jpg,isic_0028167,5,30d7e8eb6db6c5401e0f9329974d9135854ed49e4106cfb1611b0d4faa09d9c2,16182,3
C:\SRS(ISIC_2019)\Dataset\NV\ISIC_0028170.jpg,isic_0028170,5,a931928c8aee8b9eea818737897fe4f42cf8106502a51cbd0a220a1a8ecd3f4b,16184,3
C:\SRS(ISIC_2019)\Dataset\NV\ISIC_0028175.jpg,isic_0028175,5,61501c175da7718f055c78ea025df104d34a255eff6740f3b6d5ffc991fed7db,16188,3
C:\SRS(ISIC_2019)\Dataset\NV\ISIC_0028176.jpg,isic_0028176,5,a9dfeb8242a87d63ff76ae44189e7ba8b9b6eaa12d5364fcd3d16aa74ccaad4b,16189,3
C:\SRS(ISIC_2019)\Dataset\NV\ISIC_0028177.jpg,isic_0028177,5,3de207d21c599e98c77c8cb6fe404d6df7f4645add101183a747fb0aca4d7754,16190,3
C:\SRS(ISIC_2019)\Dataset\NV\ISIC_0028183.jpg,isic_0028183,5,14392d7305a2d94ee47b8b12b51fe3b73044d27053979fa885e478b9f9725983,16195,3
C:\SRS(ISIC_2019)\Dataset\NV\ISIC_0028185.jpg,isic_0028185,5,0ffa08248b6980860f5919b7c569a6cca54c167fe49bfc322873319133df27f6,16197,3
C:\SRS(ISIC_2019)\Dataset\NV\ISIC_0028189.jpg,isic_0028189,5,b9bf757b23b872a73f00118e5c1008a8a8f339115db0f1fe50a643e7025f9dbf,16200,3
C:\SRS(ISIC_2019)\Dataset\NV\ISIC_0028191.jpg,isic_0028191,5,3767051758629b13544f5afb057f17b3094810cdcd92c78b30b81def950875f0,16201,3
C:\SRS(ISIC_2019)\Dataset\NV\ISIC_0028194.jpg,isic_0028194,5,4d386bbf01afade25316768e4e6cbc97e22de4200738c7b80ecfd46a350d6255,16204,3
C:\SRS(ISIC_2019)\Dataset\NV\ISIC_0028221.jpg,isic_0028221,5,fdfc89ff2fbebb0d20e7176d943186ca96c5936da90ee08026fdd5caeac0c8cd,16221,3
C:\SRS(ISIC_2019)\Dataset\NV\ISIC_0028230.jpg,isic_0028230,5,67a2d5fca6223e17524511d22605a1f7f243f80812e1a7f06c9f4b594f8dc214,16224,3
C:\SRS(ISIC_2019)\Dataset\NV\ISIC_0028240.jpg,isic_0028240,5,15457a5bf225eff0babd4df7a4bd330e1f7cbae255e9c8db5110b58992222704,16228,3
C:\SRS(ISIC_2019)\Dataset\NV\ISIC_0028243.jpg,isic_0028243,5,e0cf93bd06f3b43ff816f0cbb5066cfe0d099e2bac1a2970ab10bd9c87044e01,16231,3
C:\SRS(ISIC_2019)\Dataset\NV\ISIC_0028269.jpg,isic_0028269,5,7b0bb66e799d4bc60f8e5b6769512266ea17f853203144a3b61e73df1158b298,16254,3
C:\SRS(ISIC_2019)\Dataset\NV\ISIC_0028274.jpg,isic_0028274,5,621292964949b47b9887b1dfa3a4a2d66a906790b03e04b16494f51c4601bfc8,16259,3
C:\SRS(ISIC_2019)\Dataset\NV\ISIC_0028281.jpg,isic_0028281,5,acc4b9a8b8ef859f204a60041471d94f4452b71c019a8e8818f464e27d1d0800,16266,3
C:\SRS(ISIC_2019)\Dataset\NV\ISIC_0028290.jpg,isic_0028290,5,a13497a9a1a213cd65e8320deb6d31ac7656dd6bc5fb2d42b8339763f8537fe1,16272,3
C:\SRS(ISIC_2019)\Dataset\NV\ISIC_0028295.jpg,isic_0028295,5,c423d70e6153a6b2dd947c69bdf1c61ab3ba8c3fbbc4dc26913d43cde6bf3528,16275,3
C:\SRS(ISIC_2019)\Dataset\NV\ISIC_0028305.jpg,isic_0028305,5,d96e400c378ebde6553613f06bd11a37839ce6b338e9ed5397b1f7298a913eb2,16284,3
C:\SRS(ISIC_2019)\Dataset\NV\ISIC_0028311.jpg,isic_0028311,5,7d2870cd8c0f4473ca35ae0475249135edfed7736c55809f7f3d80a7d53c8ea4,16287,3
C:\SRS(ISIC_2019)\Dataset\NV\ISIC_0028313.jpg,isic_0028313,5,486019f1171e97fbb0915d7d14a07fa04874a13f9ebd62f74b11bf5d8ee90df8,16289,3
C:\SRS(ISIC_2019)\Dataset\NV\ISIC_0028322.jpg,isic_0028322,5,0c06fa2b712bd1bb1a4e240cfe9408da30140fa6c8aa60d6959e85ac69d131c8,16295,3
C:\SRS(ISIC_2019)\Dataset\NV\ISIC_0028324.jpg,isic_0028324,5,78dedc3772af5b771aaa9575e4e7ec75caa04951ccd4605df803d738eb1650d0,16296,3
C:\SRS(ISIC_2019)\Dataset\NV\ISIC_0028332.jpg,isic_0028332,5,a5778ed49ac8eaeda8cb7bcb9d324b48eee8531d025f9867863c3a6d44a06ab6,16300,3
C:\SRS(ISIC_2019)\Dataset\NV\ISIC_0028340.jpg,isic_0028340,5,8ee694dfd7aff388797e072c679dd7dba35236edd3ba9e5f06d7c50457f461fd,16306,3
C:\SRS(ISIC_2019)\Dataset\NV\ISIC_0028355.jpg,isic_0028355,5,3b2253313055ba3f266055e92dc547ccc7077393970bb1cd5b7b4364d5b66732,16315,3
C:\SRS(ISIC_2019)\Dataset\NV\ISIC_0028356.jpg,isic_0028356,5,1493d94bf04cfded9ad6eff2d01575197bb9d2a0470978fce1db5267a688980b,16316,3
C:\SRS(ISIC_2019)\Dataset\NV\ISIC_0028358.jpg,isic_0028358,5,e21fca1ddde2abd469b21c91b2c89581cf1c836bf7b978bc0ef2ae8d874dd4b0,16318,3
C:\SRS(ISIC_2019)\Dataset\NV\ISIC_0028371.jpg,isic_0028371,5,95178f2ba28cf1574b24f09d2ccb1299b3f973838839fd1fef955c247a701bef,16329,3
C:\SRS(ISIC_2019)\Dataset\NV\ISIC_0028377.jpg,isic_0028377,5,199a94c90f33ebd70093df2ae00f47f4b7e89f161a25bf2120747f419d20e68e,16333,3
C:\SRS(ISIC_2019)\Dataset\NV\ISIC_0028384.jpg,isic_0028384,5,506abc489f13a8fea5605ac42124da7d5d9883a22e6a728805472950f9b37351,16339,3
C:\SRS(ISIC_2019)\Dataset\NV\ISIC_0028395.jpg,isic_0028395,5,18fed2b40f2df2ac982d6fd096817daf1c92800c7e6bcb5e4aa5b263c80d2ec1,16346,3
C:\SRS(ISIC_2019)\Dataset\NV\ISIC_0028398.jpg,isic_0028398,5,dec17650cf2beda4837098daacc8d1df293be84c8dd30194b9b8855438de8398,16349,3
C:\SRS(ISIC_2019)\Dataset\NV\ISIC_0028405.jpg,isic_0028405,5,1e44a5382e094398e4443766f9de23b04f0d576af355c3d7071e9caccb005fe0,16355,3
C:\SRS(ISIC_2019)\Dataset\NV\ISIC_0028408.jpg,isic_0028408,5,6308116d0d2c9d413c7f0490e43cfc8e0ec489febbd3d9f678520468557f4bca,16357,3
C:\SRS(ISIC_2019)\Dataset\NV\ISIC_0028429.jpg,isic_0028429,5,1ca0454869bb09a302533d27e55641b53cc79dae80e28e67054eeed9d8cb4635,16371,3
C:\SRS(ISIC_2019)\Dataset\NV\ISIC_0028439.jpg,isic_0028439,5,ee2336e0915c1c60005b517c8d7ec6e70a23f97752ea0a4ecdaf77cb15439a38,16380,3
C:\SRS(ISIC_2019)\Dataset\NV\ISIC_0028440.jpg,isic_0028440,5,830941c30bf16849c7b245f7389ef6a16b35e014f53d772f31a3063160753d31,16381,3
C:\SRS(ISIC_2019)\Dataset\NV\ISIC_0028446.jpg,isic_0028446,5,b2220a726bdc71b605e3a461fee80d7d9e3ff7a14c3b4a28555e2f62a008f16a,16385,3
C:\SRS(ISIC_2019)\Dataset\NV\ISIC_0028461.jpg,isic_0028461,5,2a70b2945b25199f7a53524c57778fbc75fb97a031d15991042d553679418af5,16395,3
C:\SRS(ISIC_2019)\Dataset\NV\ISIC_0028469.jpg,isic_0028469,5,17c3397003af4f83e3cf60cb1e8c0b9302a86e14cc6ed1c54642ff0cce5b6e64,16400,3
C:\SRS(ISIC_2019)\Dataset\NV\ISIC_0028471.jpg,isic_0028471,5,6b846737c64c1b70abc60694caeaf51105907a9bf46057425218d9f893abd348,16402,3
C:\SRS(ISIC_2019)\Dataset\NV\ISIC_0028472.jpg,isic_0028472,5,f2e6ebed26ee1de2d02a6b793c83b6a8d8dcfdab22c917936a63d64c1f170a4e,16403,3
C:\SRS(ISIC_2019)\Dataset\NV\ISIC_0028475.jpg,isic_0028475,5,40738c5d6af8de51ec107cc4b4b899630e45b20fdfd746f447cb681db660a042,16405,3
C:\SRS(ISIC_2019)\Dataset\NV\ISIC_0028483.jpg,isic_0028483,5,997c1d9998c2b72cca71bf0297aa18531824aa7b4eaafbe8edec8dfa578aa22d,16411,3
C:\SRS(ISIC_2019)\Dataset\NV\ISIC_0028485.jpg,isic_0028485,5,6e7157e4e03620d968c60f7fabec745462b982545c5b52a4b67aa6a9e78b3f91,16413,3
C:\SRS(ISIC_2019)\Dataset\NV\ISIC_0028507.jpg,isic_0028507,5,27c3980c83ee04205d81ea26f9476daf9c971f5ab4b36c82b46ef325986d7349,16425,3
C:\SRS(ISIC_2019)\Dataset\NV\ISIC_0028526.jpg,isic_0028526,5,f963122e5f0de1be3804414d14ffcd10e4e1e1ec4c8fcb8720cd0eb87841f555,16437,3
C:\SRS(ISIC_2019)\Dataset\NV\ISIC_0028530.jpg,isic_0028530,5,a9dd8d8cbc3eb8ffbe243076295c5d02d68ce748cd47b39e973d249c5bfe82d6,16441,3
C:\SRS(ISIC_2019)\Dataset\NV\ISIC_0028532.jpg,isic_0028532,5,a848e9c29fa227aa2cc0ad9d22d5aa03f5ee8c657d364bcbc1c7bb2efd87db2d,16443,3
C:\SRS(ISIC_2019)\Dataset\NV\ISIC_0028533.jpg,isic_0028533,5,b32b7d6d91438647dfe30b5176bb1edb04a506699d0d16b9bb7a5cb1ec07fc60,16444,3
C:\SRS(ISIC_2019)\Dataset\NV\ISIC_0028540.jpg,isic_0028540,5,907fd2944dc2ee0cbe77e591902952d1a1b0984db62d630633063c281e3563d8,16450,3
C:\SRS(ISIC_2019)\Dataset\NV\ISIC_0028544.jpg,isic_0028544,5,2d35f271377775aaef248fa2789479d57c9d1032ecd450713f95864313a3e40a,16452,3
C:\SRS(ISIC_2019)\Dataset\NV\ISIC_0028561.jpg,isic_0028561,5,319c1ba5270287c5846fc1ec6de024a6cf9dee03f6477b76bae3dd1f02a3b7df,16463,3
C:\SRS(ISIC_2019)\Dataset\NV\ISIC_0028572.jpg,isic_0028572,5,7849c7c8762df5e0eb4ac87ebdfc53b34ceea36be3967a61c572b92b8ac97145,16470,3
C:\SRS(ISIC_2019)\Dataset\NV\ISIC_0028578.jpg,isic_0028578,5,7113e14b0d9512feecd6a2416814cc1432b128efb902c5eef26e5678e80265f6,16475,3
C:\SRS(ISIC_2019)\Dataset\NV\ISIC_0028581.jpg,isic_0028581,5,aee6f7f05837589f15c129be5f039499b9922545dc89e0c591f9126d2c35fb80,16477,3
C:\SRS(ISIC_2019)\Dataset\NV\ISIC_0028585.jpg,isic_0028585,5,e3b2c157258819a0a364d10057a8a226e5149c134be5ab09d35818e3d2e0741e,16478,3
C:\SRS(ISIC_2019)\Dataset\NV\ISIC_0028592.jpg,isic_0028592,5,7290b4591e54849ec1eb0511662ad3343cc78ae25794cda57767e859a5b82609,16484,3
C:\SRS(ISIC_2019)\Dataset\NV\ISIC_0028596.jpg,isic_0028596,5,884bed50b3781b90454335a45042ed55197dbc4bd180a8c1135ee53fc9557ab3,16487,3
C:\SRS(ISIC_2019)\Dataset\NV\ISIC_0028599.jpg,isic_0028599,5,891afefdca589f19fabd624d2693c4589576151ec82a21c1444fc1f738a2afea,16490,3
C:\SRS(ISIC_2019)\Dataset\NV\ISIC_0028625.jpg,isic_0028625,5,51357a11d6484572d97c6bc50d2a5e0653fabe95363a1b63a0ade108297f4f6b,16510,3
C:\SRS(ISIC_2019)\Dataset\NV\ISIC_0028634.jpg,isic_0028634,5,a7cffeb84066b1fbb1f32b15ce0a7e691372f27312f03d1df56b9135b2c8dc6f,16518,3
C:\SRS(ISIC_2019)\Dataset\NV\ISIC_0028635.jpg,isic_0028635,5,fb10042a470e242c14b948fe9054b62c708202127b5c665df2c7ff4618525dbd,16519,3
C:\SRS(ISIC_2019)\Dataset\NV\ISIC_0028636.jpg,isic_0028636,5,35370b554ea505b84379212e9a9e4c8cee8db185c799148f258d38ce54a93535,16520,3
C:\SRS(ISIC_2019)\Dataset\NV\ISIC_0028637.jpg,isic_0028637,5,ff1af5315b8f10c9bb82c55c2f1fc8bbd1340eb3642c4c777babbc59467ba801,16521,3
C:\SRS(ISIC_2019)\Dataset\NV\ISIC_0028648.jpg,isic_0028648,5,ee9b15ca6577cc740790a916461b8fe42f8e73102ea59b318f6fa2899c5b40e5,16528,3
C:\SRS(ISIC_2019)\Dataset\NV\ISIC_0028657.jpg,isic_0028657,5,30dac0fe8859800ee471401e7a9100353b3ffba795dc14591bb7cf49278c2747,16531,3
C:\SRS(ISIC_2019)\Dataset\NV\ISIC_0028664.jpg,isic_0028664,5,d5d3aeaada24e716b038080bc5be7460d863c81585be82398df691036f8ce1dc,16536,3
C:\SRS(ISIC_2019)\Dataset\NV\ISIC_0028683.jpg,isic_0028683,5,7fe4241d7d2d546255f7c4cf2914b1e25a4b89ff277d23a0bdae3e7a65f3e809,16549,3
C:\SRS(ISIC_2019)\Dataset\NV\ISIC_0028689.jpg,isic_0028689,5,f579e1768dc39d671322c198a771c4ebafd2522c1d5174f0042dc35d95e5f20e,16552,3
C:\SRS(ISIC_2019)\Dataset\NV\ISIC_0028692.jpg,isic_0028692,5,efa72403dfb9eb36ff7b99b14ce914831ac5344ca37761dfca64ac7e89e1ddb4,16555,3
C:\SRS(ISIC_2019)\Dataset\NV\ISIC_0028703.jpg,isic_0028703,5,8fca68c8a2a923dbecba613c675a2a686579895b9dc3330717fe3043aec0f727,16562,3
C:\SRS(ISIC_2019)\Dataset\NV\ISIC_0028705.jpg,isic_0028705,5,abf71a1a8a5dd1317d22004e0c1c651e0ff7d6070c8bcae8c08d982b461a1f66,16564,3
C:\SRS(ISIC_2019)\Dataset\NV\ISIC_0028711.jpg,isic_0028711,5,b3089c09d2a28f08f4c9706e2cd979ba7d0d2e88a8a893732238d306edd3d15e,16567,3
C:\SRS(ISIC_2019)\Dataset\NV\ISIC_0028713.jpg,isic_0028713,5,d53c909a68a6bd5b423718e5a3b0e2c648c4dd747f30e8e2c0a57492e45a37b5,16569,3
C:\SRS(ISIC_2019)\Dataset\NV\ISIC_0028731.jpg,isic_0028731,5,d8f733841afcf9c5b00dbb24a3883b44312b2ebaf8d2e5998023c1d77d7b36e9,16582,3
C:\SRS(ISIC_2019)\Dataset\NV\ISIC_0028733.jpg,isic_0028733,5,64da94810946c6a127191c19c27893ba7846e9e89cfb746bd91c6fe60c07a2c2,16584,3
C:\SRS(ISIC_2019)\Dataset\NV\ISIC_0028734.jpg,isic_0028734,5,8e1da2734fbc946cfe682a2a4769864415a958391ca687103c733e26dd942b6a,16585,3
C:\SRS(ISIC_2019)\Dataset\NV\ISIC_0028738.jpg,isic_0028738,5,b616437cbea9f34315e771c99390c365021a9736a49e3233c0379a867eb777d4,16588,3
C:\SRS(ISIC_2019)\Dataset\NV\ISIC_0028740.jpg,isic_0028740,5,4ea1028b0e1af8a1cf33971e7be16f2a0e3f57b353639e0f735bf9befb61a571,16589,3
C:\SRS(ISIC_2019)\Dataset\NV\ISIC_0028743.jpg,isic_0028743,5,00ccd5526b7e0a37b07562797257a5b73dd799e2bdc2b93796b7d40c004f661c,16592,3
C:\SRS(ISIC_2019)\Dataset\NV\ISIC_0028757.jpg,isic_0028757,5,0d8c127a471cc3051856903d1926761cc8032340d0eccfc420af6f255a19451e,16602,3
C:\SRS(ISIC_2019)\Dataset\NV\ISIC_0028758.jpg,isic_0028758,5,cd296fa63e0a035dbfd2e84b26f18840e75caa164cb5025889f990a169d2fceb,16603,3
C:\SRS(ISIC_2019)\Dataset\NV\ISIC_0028766.jpg,isic_0028766,5,e9f63784a5b9d5538555bcf897dd908aef838c81ea8b55d80ff86e84202edd25,16607,3
C:\SRS(ISIC_2019)\Dataset\NV\ISIC_0028768.jpg,isic_0028768,5,285fac6d639ec25dbecfad5658b8a50c3bb448451e57d0464d3149abebfe8bbc,16609,3
C:\SRS(ISIC_2019)\Dataset\NV\ISIC_0028784.jpg,isic_0028784,5,b52a92aaf5024f13274fa7f2f3d08ed2640f5e9ccbb2c726d2749327992d86e5,16622,3
C:\SRS(ISIC_2019)\Dataset\NV\ISIC_0028786.jpg,isic_0028786,5,56afe8a37a76350ebd8cb990793d46bb5bd0b6c30eec39e5a2548b07a258b273,16624,3
C:\SRS(ISIC_2019)\Dataset\NV\ISIC_0028789.jpg,isic_0028789,5,30c516ab414fede07a09277ff5a30c1981841f675b2a63f87118e28849879591,16627,3
C:\SRS(ISIC_2019)\Dataset\NV\ISIC_0028810.jpg,isic_0028810,5,3bdc77d17e0ff80115ed571cfc2fab178d8e5cba1347b3368b806cea0e38b2d9,16643,3
C:\SRS(ISIC_2019)\Dataset\NV\ISIC_0028823.jpg,isic_0028823,5,1bc08dd3d190d2fb007f86a228d22daf53f55e844c91827d0b25e51034ebcecf,16650,3
C:\SRS(ISIC_2019)\Dataset\NV\ISIC_0028825.jpg,isic_0028825,5,9c15a5083179bcbd99b51eb8690d291245c560e7c0071ac11451d02379094514,16652,3
C:\SRS(ISIC_2019)\Dataset\NV\ISIC_0028828.jpg,isic_0028828,5,b3595e743b7c594c521314e976d3ab00008e5f4d8e42f172ac00eaa884f1e210,16654,3
C:\SRS(ISIC_2019)\Dataset\NV\ISIC_0028829.jpg,isic_0028829,5,de060063d46d13fd031b4e74d62beee5b825a5ad9d188dbdc936030deea621db,16655,3
C:\SRS(ISIC_2019)\Dataset\NV\ISIC_0028831.jpg,isic_0028831,5,146d6109bfa91c96c7968423ee1bfe8a4681c2ec15c2174dd41ad42c833fa3fe,16656,3
C:\SRS(ISIC_2019)\Dataset\NV\ISIC_0028834.jpg,isic_0028834,5,9b648fc543bb5367d23d03cb389561066bcb3844692c20e7e04768b75d965a61,16659,3
C:\SRS(ISIC_2019)\Dataset\NV\ISIC_0028844.jpg,isic_0028844,5,45f8b984f597edfee63ec8a47d187f2b5b82b6113e9bfb240cabd372c7340fa3,16667,3
C:\SRS(ISIC_2019)\Dataset\NV\ISIC_0028852.jpg,isic_0028852,5,28d583e82b488984b8fb8317852cfffa8101a81e002c5c05fdda2b68a503c7ce,16673,3
C:\SRS(ISIC_2019)\Dataset\NV\ISIC_0028859.jpg,isic_0028859,5,54d4388917e466605587c01897cbc1e9d0cd156cce54e9e397c041f444dd893f,16677,3
C:\SRS(ISIC_2019)\Dataset\NV\ISIC_0028864.jpg,isic_0028864,5,d12263c0b923b43449a7a8657b78907aa6c9e080ff5f4aa6405c31c7adda070b,16681,3
C:\SRS(ISIC_2019)\Dataset\NV\ISIC_0028865.jpg,isic_0028865,5,2640ce51208f595899373830e452cc26ce0817bb7860b1ed677402a6880fe0f9,16682,3
C:\SRS(ISIC_2019)\Dataset\NV\ISIC_0028867.jpg,isic_0028867,5,95589131b50d20dcdec2d44a4b9c493aee397983ecd512ff457fdf5d0fad80dd,16684,3
C:\SRS(ISIC_2019)\Dataset\NV\ISIC_0028869.jpg,isic_0028869,5,a289f45e70312208f294ac835f4a78d9a09bee7003d40cf87fef03202789710a,16686,3
C:\SRS(ISIC_2019)\Dataset\NV\ISIC_0028875.jpg,isic_0028875,5,ba7458a837769f3ee072a954b5df42ec25e03bceefe0a57f45a5cae4490a18e1,16690,3
C:\SRS(ISIC_2019)\Dataset\NV\ISIC_0028888.jpg,isic_0028888,5,b85d799ad59cf7af6f7788017d91d1f8586d5cfcfeb54c79637077cf81ec23f1,16697,3
C:\SRS(ISIC_2019)\Dataset\NV\ISIC_0028894.jpg,isic_0028894,5,d9d15d6ec19b49de3f23f892d5d88cf17f820e218830c213938cc7a2cebc3ae2,16702,3
C:\SRS(ISIC_2019)\Dataset\NV\ISIC_0028904.jpg,isic_0028904,5,d27e5277298c5d940383df5549df32d3fef92c61db2db0733a890cba08fca890,16707,3
C:\SRS(ISIC_2019)\Dataset\NV\ISIC_0028919.jpg,isic_0028919,5,de3f58ea6bfa07cb00403f515e49a345879bdaadd6d77159f19ee965f0d09600,16719,3
C:\SRS(ISIC_2019)\Dataset\NV\ISIC_0028921.jpg,isic_0028921,5,4228e0817620c35fe947aaf37530579883c42ffffd91ed84292ab1bfc44b2115,16720,3
C:\SRS(ISIC_2019)\Dataset\NV\ISIC_0028924.jpg,isic_0028924,5,d2b11aa6001430202d2a9696b9269491bd2ba12b85cd65773016dfc67d79c559,16723,3
C:\SRS(ISIC_2019)\Dataset\NV\ISIC_0028939.jpg,isic_0028939,5,2c065604f6130d86f5927d86674148d2c0c7b790dd4380b91bdbfd1cfb2e5036,16731,3
C:\SRS(ISIC_2019)\Dataset\NV\ISIC_0028944.jpg,isic_0028944,5,32e2cc8e3909b6ece66f517f6eac0f2aeb8763dd1329829e4447f9156c193027,16734,3
C:\SRS(ISIC_2019)\Dataset\NV\ISIC_0028971.jpg,isic_0028971,5,75c39d7777b3a76ee7fe835e61b3ea340d585b7d6c8cc398981c71148368f966,16754,3
C:\SRS(ISIC_2019)\Dataset\NV\ISIC_0028974.jpg,isic_0028974,5,f7a678cdb551df2007f8a121001d0b9cc2125897ca022d14a33ff9eba6fe7668,16755,3
C:\SRS(ISIC_2019)\Dataset\NV\ISIC_0028985.jpg,isic_0028985,5,e1de58dcf6ba93d359035b2d617ff5cd0a0f25f5e247ab587bb00f81da15ddb0,16762,3
C:\SRS(ISIC_2019)\Dataset\NV\ISIC_0029001.jpg,isic_0029001,5,fde442f7673953603ad96128cf81505ff0be2080ef44a64dc4cc7b867ee63c10,16772,3
C:\SRS(ISIC_2019)\Dataset\NV\ISIC_0029009.jpg,isic_0029009,5,011df1ebf82a6c03738650b19280834812b06768e8f3da5aa2751139a9414875,16778,3
C:\SRS(ISIC_2019)\Dataset\NV\ISIC_0029050.jpg,isic_0029050,5,0eed7076e2956de8ff7a96b8dd40a2632a06035eda0e62f97ca12332b61a1a02,16797,3
C:\SRS(ISIC_2019)\Dataset\NV\ISIC_0029058.jpg,isic_0029058,5,629dc56bb26f9dc5e63bf6ceb0af4e4a503b78760918e11e86df98317774dbc6,16801,3
C:\SRS(ISIC_2019)\Dataset\NV\ISIC_0029064.jpg,isic_0029064,5,90a3ec0a3ac8028295b531d69a36d3a5329e023238cb20ec02c4b5e517167ad5,16803,3
C:\SRS(ISIC_2019)\Dataset\NV\ISIC_0029065.jpg,isic_0029065,5,6efb3fa4bd236a10171593cc241682c73cfa282485d76c59a096738a4583f16e,16804,3
C:\SRS(ISIC_2019)\Dataset\NV\ISIC_0029095.jpg,isic_0029095,5,c8745b5737b70f72b816d9fb5a9a166ed1316da97e13d0c0beba35db4a2f8727,16824,3
C:\SRS(ISIC_2019)\Dataset\NV\ISIC_0029122.jpg,isic_0029122,5,4d8c039f6644547d435fa3a0018049acfa3a9e646730cae727d8dd35f892bbb6,16843,3
C:\SRS(ISIC_2019)\Dataset\NV\ISIC_0029128.jpg,isic_0029128,5,1611ccbb1fddc71f76d5779b5a464b3d8cb4e3866243a98f33e449b9560c9a30,16847,3
C:\SRS(ISIC_2019)\Dataset\NV\ISIC_0029131.jpg,isic_0029131,5,c8e3bfd3478527f0b4c15f97b9d26b115398280123609feb57f697d33fe18c8a,16848,3
C:\SRS(ISIC_2019)\Dataset\NV\ISIC_0029132.jpg,isic_0029132,5,a54d73c2ad32d79bb90401b93a12e5e0168c2c69df24db18fa08adc3c2b37b84,16849,3
C:\SRS(ISIC_2019)\Dataset\NV\ISIC_0029143.jpg,isic_0029143,5,6066a98bf49d104803cff7b4a0e5572bd147704e59bb453ce7f1d307d2dd45b2,16856,3
C:\SRS(ISIC_2019)\Dataset\NV\ISIC_0029144.jpg,isic_0029144,5,05ddb9d9686b90271edf10b20795d4a53a6e474cf5ea47aca82e55e0f8c506fd,16857,3
C:\SRS(ISIC_2019)\Dataset\NV\ISIC_0029151.jpg,isic_0029151,5,ea27bcb17ee2b27966aade48fb0a6d0cf03a6e69c88abd33e302b640ccd94986,16862,3
C:\SRS(ISIC_2019)\Dataset\NV\ISIC_0029152.jpg,isic_0029152,5,2059bd44e66818127bf64d4ab9629a23f612c6b2515c6d7719c1cd5f337bf2f3,16863,3
C:\SRS(ISIC_2019)\Dataset\NV\ISIC_0029156.jpg,isic_0029156,5,776a6610235a3bbe3538e6cb93259e9f5de883c1043bec1d69ec78c52e71ca1d,16867,3
C:\SRS(ISIC_2019)\Dataset\NV\ISIC_0029165.jpg,isic_0029165,5,621a6915f362381b4099364ee20359386c2a3fc67f5d4e8071091124054808e0,16873,3
C:\SRS(ISIC_2019)\Dataset\NV\ISIC_0029171.jpg,isic_0029171,5,5197e1481470bca511d2ddbf7a0e16aa9637c1e073c8b2e8c48ea8eb92fabe89,16877,3
C:\SRS(ISIC_2019)\Dataset\NV\ISIC_0029174.jpg,isic_0029174,5,5f6e23344522d39cd06d0ba9446eeb9119dabef4e93718b184564e41c4001dc5,16879,3
C:\SRS(ISIC_2019)\Dataset\NV\ISIC_0029179.jpg,isic_0029179,5,9ea05466843893327a81d73a95fbede67b1e94ae1811e21ef8f125b7d1c730d7,16882,3
C:\SRS(ISIC_2019)\Dataset\NV\ISIC_0029180.jpg,isic_0029180,5,6fab1071c61454c135e89ffa80aafadbbd64cb83be77d308c330e5bf17911edd,16883,3
C:\SRS(ISIC_2019)\Dataset\NV\ISIC_0029207.jpg,isic_0029207,5,7a7a7cf7bfc08a872348b9ce46e1b37dd3a3e53d14c0601b8b70becc75c5de7e,16904,3
C:\SRS(ISIC_2019)\Dataset\NV\ISIC_0029229.jpg,isic_0029229,5,4308181ce3ff3b8a7c7b22eba7bdb36a594cb75847f5a83a5ae65dfd362d9f20,16918,3
C:\SRS(ISIC_2019)\Dataset\NV\ISIC_0029245.jpg,isic_0029245,5,da82e0466f17016f12a384cbfde65e60e673ac5dec7d0a47a9110ef722c7eff3,16926,3
C:\SRS(ISIC_2019)\Dataset\NV\ISIC_0029259.jpg,isic_0029259,5,56e5ad2e808b92c110bd41b983a4ac7ea61d5a68978df159610a312f0b4bdb53,16937,3
C:\SRS(ISIC_2019)\Dataset\NV\ISIC_0029261.jpg,isic_0029261,5,34b14de4f08f788d21b1cc2155938280ef94665b08e666f0d82f7bc0d8abc788,16938,3
C:\SRS(ISIC_2019)\Dataset\NV\ISIC_0029264.jpg,isic_0029264,5,5349cfa90b66f8ee499f73c87ac68cd56958f8a332c8f73b092dd52bf98a26de,16940,3
C:\SRS(ISIC_2019)\Dataset\NV\ISIC_0029273.jpg,isic_0029273,5,be8eddf0233ca3b18826ada7a64e80c7f0cd962e753886d28b31c35e41ce3dfc,16944,3
C:\SRS(ISIC_2019)\Dataset\NV\ISIC_0029277.jpg,isic_0029277,5,e3b5baf513702a8084436e73edef06200f31a1a6d8a99f93e9d1ba1a60a6777b,16948,3
C:\SRS(ISIC_2019)\Dataset\NV\ISIC_0029286.jpg,isic_0029286,5,08128fdac22d452efa31ce02cee7e545ab847e8650ad3bd4d1c459d15c59a662,16954,3
C:\SRS(ISIC_2019)\Dataset\NV\ISIC_0029287.jpg,isic_0029287,5,71392425bf9790012ddee62a94867cba3975fe9ea3fe26097e72fdf753ed0c69,16955,3
C:\SRS(ISIC_2019)\Dataset\NV\ISIC_0029307.jpg,isic_0029307,5,3ca43297c01c3e4f7785f494794c523006efbfdf171368520417fe4ed892feba,16969,3
C:\SRS(ISIC_2019)\Dataset\NV\ISIC_0029321.jpg,isic_0029321,5,a41863103ccabd8d3b53c2fdd6b6c693081dc304f309194490ab39aadd1104ef,16975,3
C:\SRS(ISIC_2019)\Dataset\NV\ISIC_0029322.jpg,isic_0029322,5,882a4b8ed02623728f3227d2964d5aff0636bebb86494d51a50be943ea274112,16976,3
C:\SRS(ISIC_2019)\Dataset\NV\ISIC_0029326.jpg,isic_0029326,5,e48000b7b8894dddd1cac9ef62f38ed1def50d0fb507be04813fbe27d5b883a1,16979,3
C:\SRS(ISIC_2019)\Dataset\NV\ISIC_0029338.jpg,isic_0029338,5,c8e4afa9942d1bb6affeabae4d63461da458d617baf1f970f88722de72eb07b4,16988,3
C:\SRS(ISIC_2019)\Dataset\NV\ISIC_0029379.jpg,isic_0029379,5,b01adc8f1c7ae0bf1fc5abfed98f2cb9b2eb52833348ed9a549d211baaa7cbff,17015,3
C:\SRS(ISIC_2019)\Dataset\NV\ISIC_0029380.jpg,isic_0029380,5,aa10c2d1c71025b389f27bd3b21ee8546d52da2dcf39f12c4d91a605db098b18,17016,3
C:\SRS(ISIC_2019)\Dataset\NV\ISIC_0029395.jpg,isic_0029395,5,e2aa30e4cd11b96d54249eb619a32e024bed2cf767de1b1fc39a94042bf9840c,17027,3
C:\SRS(ISIC_2019)\Dataset\NV\ISIC_0029409.jpg,isic_0029409,5,1030124424f46fba0ee357b8d3b69d3d7ba094c32684936841d4353af1dbb6d0,17037,3
C:\SRS(ISIC_2019)\Dataset\NV\ISIC_0029421.jpg,isic_0029421,5,6412898270d6747d39384d2c74d7eec99de39e8015fb1cb2ea8842d8661b5913,17044,3
C:\SRS(ISIC_2019)\Dataset\NV\ISIC_0029429.jpg,isic_0029429,5,c1bef4d1959c6e49a53d8d76ddaedd9bc0179bdc85d320cb84a59e18df28aa36,17050,3
C:\SRS(ISIC_2019)\Dataset\NV\ISIC_0029435.jpg,isic_0029435,5,94498b74d20e72c8306e6607caa13931a9ffbb9a8e12cf18ed9d197350e29f24,17055,3
C:\SRS(ISIC_2019)\Dataset\NV\ISIC_0029442.jpg,isic_0029442,5,23fc6bb8ff82e92afc26288bb7e23ec70326a743bacf697d97bd8f8e93df57f2,17061,3
C:\SRS(ISIC_2019)\Dataset\NV\ISIC_0029446.jpg,isic_0029446,5,4388002d56bb17ab94701dd818acb5bb9ba1d121a929976a5ea6b9333861ece4,17064,3
C:\SRS(ISIC_2019)\Dataset\NV\ISIC_0029459.jpg,isic_0029459,5,2e36272fa4900a6bf315a4dbf19741cc31b9a48ab28dab86080d75d945c23754,17073,3
C:\SRS(ISIC_2019)\Dataset\NV\ISIC_0029490.jpg,isic_0029490,5,5bef45f48d5ad98ac0b1d48a2b7472c2e0e144c3adf300935700ced0dcfed78c,17094,3
C:\SRS(ISIC_2019)\Dataset\NV\ISIC_0029503.jpg,isic_0029503,5,820ea2ccfb14f6cae403298e88f803b462e05cfbfffd09ee2e98284cea9469f8,17103,3
C:\SRS(ISIC_2019)\Dataset\NV\ISIC_0029523.jpg,isic_0029523,5,537c7626d1f51529d6c93f534ea06951994691a967e30ebff6e836f0867fe4eb,17115,3
C:\SRS(ISIC_2019)\Dataset\NV\ISIC_0029536.jpg,isic_0029536,5,94ad99104e4083e93481f5b0f6f8c337a6dba56ee990ccf7f015239b846eaff1,17124,3
C:\SRS(ISIC_2019)\Dataset\NV\ISIC_0029552.jpg,isic_0029552,5,997c7d8eae27aa506c86750d1aef0496906342e2df3c0444fd311e0e814a1b89,17132,3
C:\SRS(ISIC_2019)\Dataset\NV\ISIC_0029566.jpg,isic_0029566,5,c2947772434a29c2badb7887f800c2d15de0e78b3d14d81412bc16833dc12949,17139,3
C:\SRS(ISIC_2019)\Dataset\NV\ISIC_0029577.jpg,isic_0029577,5,ded890bbc4d22be32f359b31e6c10a0a4608b4b08ccd00eb2ed34ae4e365e23b,17142,3
C:\SRS(ISIC_2019)\Dataset\NV\ISIC_0029581.jpg,isic_0029581,5,4bb7c058e8ae3810b87b8d5d7aecf4c03cb2c4561b7a94babe3f9f085d1217b6,17144,3
C:\SRS(ISIC_2019)\Dataset\NV\ISIC_0029590.jpg,isic_0029590,5,1b5ede1b07612847431d9123227162b08b2cd3374fd983fcb5512825ad9bc595,17150,3
C:\SRS(ISIC_2019)\Dataset\NV\ISIC_0029605.jpg,isic_0029605,5,acdebc3ea2d7eda8d138a7f34cd866d7c29160b4f1ee186078c90b4a813abf25,17159,3
C:\SRS(ISIC_2019)\Dataset\NV\ISIC_0029611.jpg,isic_0029611,5,b0808a795439b8e329d53d7de8132533e6af8925e0cff2cbabe5fc277a6984d1,17162,3
C:\SRS(ISIC_2019)\Dataset\NV\ISIC_0029622.jpg,isic_0029622,5,f8b9452f23527d58bff108ffd6ff6123211d956b0dfb758fbc7fb5181b833910,17170,3
C:\SRS(ISIC_2019)\Dataset\NV\ISIC_0029626.jpg,isic_0029626,5,fa0d44fe608c268230d2ee02fb34d4d918dc6a76797771ab1e1bbeb98237268c,17174,3
C:\SRS(ISIC_2019)\Dataset\NV\ISIC_0029636.jpg,isic_0029636,5,633724fbb648168977dc6cd2417d3b893e9a4f3b93a3ebb38ebb3cc7a18443ec,17180,3
C:\SRS(ISIC_2019)\Dataset\NV\ISIC_0029646.jpg,isic_0029646,5,f005881e627509813f4859e3bc8b5b8d4b0b42a6eb74404dc2c3bb72da3215a2,17187,3
C:\SRS(ISIC_2019)\Dataset\NV\ISIC_0029650.jpg,isic_0029650,5,15d7557e16a462fa873672fab3d9e19c3ad1b0d2b07776d24be30d69554c99fa,17190,3
C:\SRS(ISIC_2019)\Dataset\NV\ISIC_0029654.jpg,isic_0029654,5,3d2e24e63fc5a230946ac5603b02cdb7e532302d7bf6f97c87dac892bedd70ce,17192,3
C:\SRS(ISIC_2019)\Dataset\NV\ISIC_0029661.jpg,isic_0029661,5,0b4c6bf66f9969517c5190ec6d1ae5f4316aaaa92d16140420fca095a940531c,17196,3
C:\SRS(ISIC_2019)\Dataset\NV\ISIC_0029665.jpg,isic_0029665,5,8a9430ff49a7e24472977675548f1e0b4d6584ed8b8da95c8629197911c6c23c,17200,3
C:\SRS(ISIC_2019)\Dataset\NV\ISIC_0029672.jpg,isic_0029672,5,f1a700fedc1915e1d821c38d0b96197502021f28953d8ee6668bce267a2f7e89,17206,3
C:\SRS(ISIC_2019)\Dataset\NV\ISIC_0029677.jpg,isic_0029677,5,3fe525920e25aa599fa2dc19c3a36fcb968d4b1390072d05789852b4f05e6655,17209,3
C:\SRS(ISIC_2019)\Dataset\NV\ISIC_0029684.jpg,isic_0029684,5,862643e7ae45d2fbbafc457a6175ae4faaf698920fa74e11147249c563ea4e1a,17212,3
C:\SRS(ISIC_2019)\Dataset\NV\ISIC_0029690.jpg,isic_0029690,5,14038e57c82c6bb67aa2b2e387435584b2147d3d944e113c0e16fdebadb9737a,17217,3
C:\SRS(ISIC_2019)\Dataset\NV\ISIC_0029695.jpg,isic_0029695,5,fb87d5110c354591fb3214a1d6357048877b3302568aa947f38b7cbadeca1a8d,17222,3
C:\SRS(ISIC_2019)\Dataset\NV\ISIC_0029697.jpg,isic_0029697,5,de8a8f698c7a4e3eaf1cfabbfb16f21bf0fce39c4715cd143be80c98fb34f43d,17224,3
C:\SRS(ISIC_2019)\Dataset\NV\ISIC_0029700.jpg,isic_0029700,5,202b922f3e47477613b8083484acf45ec4ed8533708478e33c1d04ad1b0d7aed,17226,3
C:\SRS(ISIC_2019)\Dataset\NV\ISIC_0029706.jpg,isic_0029706,5,1eb653d9078ae3950481266bb7f1a0e6bb69f127908b45eb14bd9b9c440b9633,17231,3
C:\SRS(ISIC_2019)\Dataset\NV\ISIC_0029708.jpg,isic_0029708,5,4cdac98481923e11957e6d30df1d714f5ade3f8dd08b20d450218a9c8dfbb852,17233,3
C:\SRS(ISIC_2019)\Dataset\NV\ISIC_0029710.jpg,isic_0029710,5,0bae071e3e9638dab54645918d0127226fe6f41f6298374c4c1e2ed195ac1041,17235,3
C:\SRS(ISIC_2019)\Dataset\NV\ISIC_0029717.jpg,isic_0029717,5,c115f72a41b1000104cbfbee90c125a8c50593f782a3cfcc21fb6f482b1be4b7,17240,3
C:\SRS(ISIC_2019)\Dataset\NV\ISIC_0029730.jpg,isic_0029730,5,8519ac5002fb8de739d39f5d97015c2cf4cbc0013ea4fa38acd2a8c5e7cf2ec0,17252,3
C:\SRS(ISIC_2019)\Dataset\NV\ISIC_0029733.jpg,isic_0029733,5,d18134c31fdf4265846870e4dc3c80c2faf8a84ad42093cdfa40fc1217e1bfcb,17254,3
C:\SRS(ISIC_2019)\Dataset\NV\ISIC_0029738.jpg,isic_0029738,5,f2c098cad8bde2c81fc1a8a950ccd05b63bbe3ca2f4dff8a6fcce90cfb47f52f,17259,3
C:\SRS(ISIC_2019)\Dataset\NV\ISIC_0029743.jpg,isic_0029743,5,eb487d1b4cd8c5968a48a27df076abfe8a02e948c107d4a537294c5cc408f4be,17261,3
C:\SRS(ISIC_2019)\Dataset\NV\ISIC_0029751.jpg,isic_0029751,5,595eb192deace3b194b6b82e14588031c3d302ed7b6dd3cd6c8c8f0b414aa9a0,17266,3
C:\SRS(ISIC_2019)\Dataset\NV\ISIC_0029753.jpg,isic_0029753,5,ede47826d0d03694ae8c57d11e8bfcff13bb0ef81e5011e5c200a18abac7aa02,17268,3
C:\SRS(ISIC_2019)\Dataset\NV\ISIC_0029758.jpg,isic_0029758,5,d5234e27db1945679f4465416fe341ae99e4a4ee80a5ea907f0a760769d33e61,17272,3
C:\SRS(ISIC_2019)\Dataset\NV\ISIC_0029765.jpg,isic_0029765,5,89d65141392f863a0bc96a92928f59922c8dc46fd4118fa480e16c36c9cc4ece,17277,3
C:\SRS(ISIC_2019)\Dataset\NV\ISIC_0029775.jpg,isic_0029775,5,bee8db3a0d83fe054918638d8f342c93be22ff002b0a42b4f109dce475c377a0,17286,3
C:\SRS(ISIC_2019)\Dataset\NV\ISIC_0029790.jpg,isic_0029790,5,6ccf6ae4d3fa9f9b37d66ad27018d3ddbf7b71a3b7708414253b473937a4b4dc,17294,3
C:\SRS(ISIC_2019)\Dataset\NV\ISIC_0029792.jpg,isic_0029792,5,685e01033727b619b49eb33d41650d986684807dd5938eeb07f6bc93bbcece7d,17295,3
C:\SRS(ISIC_2019)\Dataset\NV\ISIC_0029797.jpg,isic_0029797,5,a3e145c0b4611395a801c26f41cf9ef4c7ea93b34244608bf35dc2aa2bc46904,17299,3
C:\SRS(ISIC_2019)\Dataset\NV\ISIC_0029803.jpg,isic_0029803,5,c3956b39e2efbbf24dc48e12196b2570673acdeabb87427ac534a35e82bdbb65,17303,3
C:\SRS(ISIC_2019)\Dataset\NV\ISIC_0029808.jpg,isic_0029808,5,89bb675bd09cb68e6dc91d22273d4342c427936c5586249b78693d13ae954cb9,17307,3
C:\SRS(ISIC_2019)\Dataset\NV\ISIC_0029825.jpg,isic_0029825,5,0bd7de8efaa400d69ee3e5538cd4dd847e4afa4869d40af86be4d99ec03a5322,17318,3
C:\SRS(ISIC_2019)\Dataset\NV\ISIC_0029832.jpg,isic_0029832,5,bdba54d28909cf0a63b0329a8c3648f7713b847352b64c82ab3cf3e357657c8f,17322,3
C:\SRS(ISIC_2019)\Dataset\NV\ISIC_0029838.jpg,isic_0029838,5,67c75d6dbe10d91b3e0464efa5021202d9d19e6150082dd60869948f271fb0cf,17326,3
C:\SRS(ISIC_2019)\Dataset\NV\ISIC_0029844.jpg,isic_0029844,5,56cc7112ee83154e5ad0616507c17fb37309c5a5230bd012cd80bb421c108b6a,17328,3
C:\SRS(ISIC_2019)\Dataset\NV\ISIC_0029876.jpg,isic_0029876,5,e4e782851ee63f7cbae6e09ef97ae11f1187f754498b6f8e2a7ace52df9f440b,17352,3
C:\SRS(ISIC_2019)\Dataset\NV\ISIC_0029882.jpg,isic_0029882,5,8901388e1dda694e62309c605c812be427599fd2399a13bb51f2007a96c9a3b1,17355,3
C:\SRS(ISIC_2019)\Dataset\NV\ISIC_0029898.jpg,isic_0029898,5,e823ec5d524180fa3efc48447bc8a755b5cb97b36f874bb4e3b42a2dfc31f292,17365,3
C:\SRS(ISIC_2019)\Dataset\NV\ISIC_0029910.jpg,isic_0029910,5,ab7bb02f01c5c33f834628330f8349b2ffe91c9b108ce95cea73f456ce86e56d,17374,3
C:\SRS(ISIC_2019)\Dataset\NV\ISIC_0029928.jpg,isic_0029928,5,156e1ac7c1a3b8febc52d1d58a0de1e193c876a3d730d0164139badec0455881,17384,3
C:\SRS(ISIC_2019)\Dataset\NV\ISIC_0029942.jpg,isic_0029942,5,ca251edc665f3772f57282c6497bdec7a5c8f9fe77c01e736762cde565af2b45,17392,3
C:\SRS(ISIC_2019)\Dataset\NV\ISIC_0029943.jpg,isic_0029943,5,9d529bee25978d6d0a916aef80f5b603c960976175fd025ac0b35534535030f4,17393,3
C:\SRS(ISIC_2019)\Dataset\NV\ISIC_0029950.jpg,isic_0029950,5,974c6d3b233dca283e5ba1f2caa5e7f13e8bfdf36c0415c8f6020b984f7e6c79,17399,3
C:\SRS(ISIC_2019)\Dataset\NV\ISIC_0029957.jpg,isic_0029957,5,ae77e0906326b0675e8b5acba46b32881f7152814a2a0d1d31e93e574ac3282b,17405,3
C:\SRS(ISIC_2019)\Dataset\NV\ISIC_0029965.jpg,isic_0029965,5,844baadfa9579c91bebb94560f76485a36fdd27d4abd547bd33fb7a5b062e94c,17411,3
C:\SRS(ISIC_2019)\Dataset\NV\ISIC_0029972.jpg,isic_0029972,5,b2849e33a570167bec42527677cb531a065a9b3a6c646f1aa7f72929091fb4ea,17417,3
C:\SRS(ISIC_2019)\Dataset\NV\ISIC_0029983.jpg,isic_0029983,5,8c442feca59531d113c24f629acd55f466a3cbc7d693556599e9c48d2fe284c4,17426,3
C:\SRS(ISIC_2019)\Dataset\NV\ISIC_0029986.jpg,isic_0029986,5,75b14a0d63652d20fb5ca7b5570d145217897b541d10f57131be9bbb3a4ce949,17429,3
C:\SRS(ISIC_2019)\Dataset\NV\ISIC_0029993.jpg,isic_0029993,5,693c240b7a9a7bde7a7e914804f8421a87c60ef62a2b425661ed6bd024bfe88e,17435,3
C:\SRS(ISIC_2019)\Dataset\NV\ISIC_0030012.jpg,isic_0030012,5,e1b7186d3f0f997f00adde4bbc6e452713bce65851c41d8772a095fb4aca795f,17448,3
C:\SRS(ISIC_2019)\Dataset\NV\ISIC_0030013.jpg,isic_0030013,5,5cc7070dfe282890d45b832de27ce69d6bc67fec4f5fa1d3ac95b3690db1fcc0,17449,3
C:\SRS(ISIC_2019)\Dataset\NV\ISIC_0030016.jpg,isic_0030016,5,2da32e543e0927e91d4b17e470e4d64ef0bff3329159e08a959b06b10b1a492a,17450,3
C:\SRS(ISIC_2019)\Dataset\NV\ISIC_0030024.jpg,isic_0030024,5,4e451f374b748d073006f82e397aa6d6faeea6d778045038cf8bd19e08fcc16c,17457,3
C:\SRS(ISIC_2019)\Dataset\NV\ISIC_0030030.jpg,isic_0030030,5,15a2f2ea4e1096459a9a71f2eb644129091a2791a8deacbb34664ac28750532a,17462,3
C:\SRS(ISIC_2019)\Dataset\NV\ISIC_0030035.jpg,isic_0030035,5,2dea6237c8a78d2b4df996f9ae70639b87cef0c29132dec128a778abe44c0b7a,17464,3
C:\SRS(ISIC_2019)\Dataset\NV\ISIC_0030043.jpg,isic_0030043,5,acc4fe3ac5799013174fe2bf20afa5c98a548d10573b2c05cb46d7a1ec0eb730,17471,3
C:\SRS(ISIC_2019)\Dataset\NV\ISIC_0030050.jpg,isic_0030050,5,d94ad4dfc5c0a578d662b445e6642545dd6fdcf089557e8ce62d5dfdf2e6edba,17477,3
C:\SRS(ISIC_2019)\Dataset\NV\ISIC_0030053.jpg,isic_0030053,5,319f64b307c5340e7d873f03f7592dd395d9b32f0ef45492fbc44cd2213a0d31,17480,3
C:\SRS(ISIC_2019)\Dataset\NV\ISIC_0030069.jpg,isic_0030069,5,a686895380aaba455ef9d907e07e579e9532d5b69578b3b3586d7db6d488e09b,17493,3
C:\SRS(ISIC_2019)\Dataset\NV\ISIC_0030077.jpg,isic_0030077,5,586a10c58c7e1a4f2f278b161860bb5261594d5633cd016ccee1f26763811182,17499,3
C:\SRS(ISIC_2019)\Dataset\NV\ISIC_0030085.jpg,isic_0030085,5,b35c64a42687da869958fe2b2b411749444ffd52656a992c865a1f97ac25f158,17504,3
C:\SRS(ISIC_2019)\Dataset\NV\ISIC_0030103.jpg,isic_0030103,5,36bc274ec3dccfe91cea174e06d6164d6a370f7325e339d57b8d7a54d40cb56a,17517,3
C:\SRS(ISIC_2019)\Dataset\NV\ISIC_0030108.jpg,isic_0030108,5,508df85103ed396b3d6a21ec049c63267e958421890fbb0e126486766706b5cc,17518,3
C:\SRS(ISIC_2019)\Dataset\NV\ISIC_0030128.jpg,isic_0030128,5,df473979bfc58267f8da43db6fb57fbd082258f96fdec18db6117afcdfd64c7a,17531,3
C:\SRS(ISIC_2019)\Dataset\NV\ISIC_0030132.jpg,isic_0030132,5,9a11ca3c87eb9e32193a163ff0e6fcc7d7d96908a8dc5957b9c9405ede1d7dc9,17533,3
C:\SRS(ISIC_2019)\Dataset\NV\ISIC_0030135.jpg,isic_0030135,5,77410d1cdffc0ef9aa7b7fb13eb8420144a039faababed1c6b79eae497b76c3a,17534,3
C:\SRS(ISIC_2019)\Dataset\NV\ISIC_0030139.jpg,isic_0030139,5,294a9fd9ea1424c694cab3045f55b95245185cdc973f2145294ad6552fc2338e,17536,3
C:\SRS(ISIC_2019)\Dataset\NV\ISIC_0030153.jpg,isic_0030153,5,f80d15262dbad7baedc191d9e7dcccbfa73afda15b2347bf1097ff7038cae47e,17546,3
C:\SRS(ISIC_2019)\Dataset\NV\ISIC_0030154.jpg,isic_0030154,5,5ca9c0ac7690a7d18ed3ed5d2b151e7d10288bfb9885da34101aea040eb58c4c,17547,3
C:\SRS(ISIC_2019)\Dataset\NV\ISIC_0030155.jpg,isic_0030155,5,4b2d7d82fe33dcd63c3c438b3c4426f2aefc611844c5ef400bfb9c4f7f18c73d,17548,3
C:\SRS(ISIC_2019)\Dataset\NV\ISIC_0030157.jpg,isic_0030157,5,fccd29ae3965473c11141695efd597b289aa1b73d9c45f5fe058835b2e13a1a4,17550,3
C:\SRS(ISIC_2019)\Dataset\NV\ISIC_0030166.jpg,isic_0030166,5,047146560ed83029a5e2c024d82ffdcb95ce96a453e42399c28321c967c6dc48,17556,3
C:\SRS(ISIC_2019)\Dataset\NV\ISIC_0030174.jpg,isic_0030174,5,4740c0eebfdbef625eb577a52c55d8c5318463f783bbd8b623aa1b9f4f6797c7,17561,3
C:\SRS(ISIC_2019)\Dataset\NV\ISIC_0030182.jpg,isic_0030182,5,a8cd7d1183ae04a9ba060e102747a073ad0167ed72265f5b59f6430000d69409,17566,3
C:\SRS(ISIC_2019)\Dataset\NV\ISIC_0030201.jpg,isic_0030201,5,2277dac86dab8b543bf5b5e45a8f32abefcb6eeb581723b970bde478c3b4d941,17578,3
C:\SRS(ISIC_2019)\Dataset\NV\ISIC_0030205.jpg,isic_0030205,5,029e528506254fb4d39ac4147c6f2553cef75597f93316513e7d625fad8b8cda,17581,3
C:\SRS(ISIC_2019)\Dataset\NV\ISIC_0030206.jpg,isic_0030206,5,d9cddf6067762b126ed3fc149135f9437d2ebe23e5bf34ebbc384971d8936ba4,17582,3
C:\SRS(ISIC_2019)\Dataset\NV\ISIC_0030209.jpg,isic_0030209,5,6b4ded66aba56a2a9d6395b8140e200815524861a070b7da00090a8659fd592e,17583,3
C:\SRS(ISIC_2019)\Dataset\NV\ISIC_0030219.jpg,isic_0030219,5,6e2e5e24606cc32ab7d7924521b798238440c526dbc20c1dd77a510a629fa1c8,17592,3
C:\SRS(ISIC_2019)\Dataset\NV\ISIC_0030224.jpg,isic_0030224,5,5c5b8b27b5dcf34c8b6021b6709b99829f046aa0e05ac888698dfa0977eeed35,17596,3
C:\SRS(ISIC_2019)\Dataset\NV\ISIC_0030256.jpg,isic_0030256,5,673523f15bc6107a8222aa7e55d7d42f1cf992fcf8ec830195d88b1a3bebcc21,17614,3
C:\SRS(ISIC_2019)\Dataset\NV\ISIC_0030265.jpg,isic_0030265,5,17549e1febf60e2e54c2894214f9c7c2512244e929eea08c6ce8e4f42dcb2b52,17621,3
C:\SRS(ISIC_2019)\Dataset\NV\ISIC_0030269.jpg,isic_0030269,5,6b1cd722f841d51de6393f6340ca16316a9c16a20de43da855f04d5cc79f8572,17625,3
C:\SRS(ISIC_2019)\Dataset\NV\ISIC_0030270.jpg,isic_0030270,5,be6263ca59a7223c9a441128858faf6e7518e606ffbfbf9db5b724f6ea984efa,17626,3
C:\SRS(ISIC_2019)\Dataset\NV\ISIC_0030279.jpg,isic_0030279,5,350a61e1153286804a766624ee2be5c058706ee3d21ec35e2425e6c3ca22549c,17630,3
C:\SRS(ISIC_2019)\Dataset\NV\ISIC_0030282.jpg,isic_0030282,5,803f46e30d5a6e446cc551a23b24dd746543b65f4d018844a229702f8e35e95c,17631,3
C:\SRS(ISIC_2019)\Dataset\NV\ISIC_0030294.jpg,isic_0030294,5,fc33407a218eb19674ab5b9124b3df3a1c1f947ad98fe75ddef6c317c5fd1657,17642,3
C:\SRS(ISIC_2019)\Dataset\NV\ISIC_0030298.jpg,isic_0030298,5,62dbd06ea54789fd0031ba413c08fe62c21c7cb55240ad147a69725a78cad8f6,17645,3
C:\SRS(ISIC_2019)\Dataset\NV\ISIC_0030320.jpg,isic_0030320,5,9db7346abda568beaaa14ac540428215aca1797dfad21f8c90fe35e781168c7d,17662,3
C:\SRS(ISIC_2019)\Dataset\NV\ISIC_0030322.jpg,isic_0030322,5,655e1b81d97b1adff7a1db29ca36e908d665192d0bc52d1d1f5843453dd368c7,17663,3
C:\SRS(ISIC_2019)\Dataset\NV\ISIC_0030330.jpg,isic_0030330,5,2ccf137e323a42f626978bc130b34eb3b79223f414717dd01993da45dd747cbd,17668,3
C:\SRS(ISIC_2019)\Dataset\NV\ISIC_0030340.jpg,isic_0030340,5,8a7c0ef9d6423c3c60eebd15adb029f63818b741dc4ad544a6f7a159bf79a589,17675,3
C:\SRS(ISIC_2019)\Dataset\NV\ISIC_0030351.jpg,isic_0030351,5,dc2fcb2d418f29ed1c5416206755d1a15ef27aaa2e1d762d5588d1a5c7d089e7,17682,3
C:\SRS(ISIC_2019)\Dataset\NV\ISIC_0030373.jpg,isic_0030373,5,b70eba6118579c55c06197e133fd6258cc586a566a61e75318bc45184bcd57ca,17697,3
C:\SRS(ISIC_2019)\Dataset\NV\ISIC_0030376.jpg,isic_0030376,5,22bed568b90ec90fec2fafaba4aad39e420dc852dd4f5de26eee6e4c1070bfeb,17699,3
C:\SRS(ISIC_2019)\Dataset\NV\ISIC_0030392.jpg,isic_0030392,5,fa74f52ab5ad9a906c1f89b14f0a2ebe9dccbe8f1e35cec8e01329bcbefc53b6,17709,3
C:\SRS(ISIC_2019)\Dataset\NV\ISIC_0030395.jpg,isic_0030395,5,398d3ce8d7c8efc247d98952f257fbf5a3d3ca86be6677c507d758a7f2e49d9f,17711,3
C:\SRS(ISIC_2019)\Dataset\NV\ISIC_0030400.jpg,isic_0030400,5,b3c496dc68d0b8bc68bad6fc526abb2faeedf01cfde5e3861b9a5eeee0b460c3,17715,3
C:\SRS(ISIC_2019)\Dataset\NV\ISIC_0030401.jpg,isic_0030401,5,ff6acebf2c519f138b1321080f5e6fcdcc768fd2a03e2db356277386a3f194ac,17716,3
C:\SRS(ISIC_2019)\Dataset\NV\ISIC_0030432.jpg,isic_0030432,5,35fba8f41c6a2e7b31b03644c7fcde0ff447839796d6681bb789ce74be3e7da5,17742,3
C:\SRS(ISIC_2019)\Dataset\NV\ISIC_0030434.jpg,isic_0030434,5,70924e3aad8c1aa84a5fb70fe251570c7a5deaa8cc6a63101a32fd28f04674e0,17744,3
C:\SRS(ISIC_2019)\Dataset\NV\ISIC_0030460.jpg,isic_0030460,5,912e02a015b1e57a5f57a64429a4bcd67ed73877808bfc9583cca7b02e3b1586,17761,3
C:\SRS(ISIC_2019)\Dataset\NV\ISIC_0030461.jpg,isic_0030461,5,17c23dff6dc7c52ba7950437c90b44609ed08ae3363af05bed1e123da50fe21c,17762,3
C:\SRS(ISIC_2019)\Dataset\NV\ISIC_0030462.jpg,isic_0030462,5,f761d8f04e10f7810f73b106679d62133ac87955520670ab0d7b062818f90edd,17763,3
C:\SRS(ISIC_2019)\Dataset\NV\ISIC_0030481.jpg,isic_0030481,5,ff0812550746cfb9e49605f0f24c73b8f576442a80261547c5d60817ce1fd21f,17780,3
C:\SRS(ISIC_2019)\Dataset\NV\ISIC_0030485.jpg,isic_0030485,5,4ac51cb5155eed3c049757d1fc867076ff1e99c96024c869b2b000b881c3c64d,17784,3
C:\SRS(ISIC_2019)\Dataset\NV\ISIC_0030495.jpg,isic_0030495,5,da466fc1762fef2e39a410aace5616acbbbcc980a622f98ab21b24f52edb9941,17790,3
C:\SRS(ISIC_2019)\Dataset\NV\ISIC_0030499.jpg,isic_0030499,5,1cfb585c9b71f062b0eaa22e8d68c810403c0563b90c380ffa251954503ecbb8,17794,3
C:\SRS(ISIC_2019)\Dataset\NV\ISIC_0030502.jpg,isic_0030502,5,3cc138380a83ddeb786abfc600dcc5514ab20eb1ed292c1f6b478b3fb1b7be4c,17796,3
C:\SRS(ISIC_2019)\Dataset\NV\ISIC_0030505.jpg,isic_0030505,5,1098d923b76eba6be6a40dcf39aa9c5ae686e176e4a171aa81d4e7b00dbc163d,17799,3
C:\SRS(ISIC_2019)\Dataset\NV\ISIC_0030508.jpg,isic_0030508,5,1e5e8bf0ab2e472e44c8f15595fdbe3442c94f80a3998ce2ce6bacdf6c49ca4a,17801,3
C:\SRS(ISIC_2019)\Dataset\NV\ISIC_0030510.jpg,isic_0030510,5,874c10088f9c07780da0a01620e6ebf2a2a3b4953782bea473211306ceaf6639,17803,3
C:\SRS(ISIC_2019)\Dataset\NV\ISIC_0030515.jpg,isic_0030515,5,ad41ccd1f647b3ae32d4a8a99eedbbe02274250ca6ef55dd46df7e35c884d7c3,17805,3
C:\SRS(ISIC_2019)\Dataset\NV\ISIC_0030525.jpg,isic_0030525,5,ad6b44f7a025f391dc3ba4029b9a197965f2014bf52e26984b01940fff834e54,17813,3
C:\SRS(ISIC_2019)\Dataset\NV\ISIC_0030530.jpg,isic_0030530,5,a6d44085d095fdd85c95eb5e130415409f79f01815ce8fe3411d72a059fed2ea,17816,3
C:\SRS(ISIC_2019)\Dataset\NV\ISIC_0030532.jpg,isic_0030532,5,7b75e3f4a01ea602673eb21e3a630bed6ecf540cb3cb8f0d096b4cf520fc9df1,17818,3
C:\SRS(ISIC_2019)\Dataset\NV\ISIC_0030534.jpg,isic_0030534,5,ca9fe9e48ea6a42ae36c2ac1cfaf3ec5b4fdada7d035ef6bcc844d1d199ead09,17819,3
C:\SRS(ISIC_2019)\Dataset\NV\ISIC_0030538.jpg,isic_0030538,5,7193ff43b1485d7ac1fb87f2852eca8f2e325dcbda6ea118f1cd7a62c910e166,17823,3
C:\SRS(ISIC_2019)\Dataset\NV\ISIC_0030540.jpg,isic_0030540,5,ebedcf8da20ab3af22d5379bd3f336aee7e30df05cc61b2adf5e0d8dab7b9141,17824,3
C:\SRS(ISIC_2019)\Dataset\NV\ISIC_0030544.jpg,isic_0030544,5,082729456db5c32fe193865d8c196fe65d3cb32783b6b9483b7d126adc1333a3,17827,3
C:\SRS(ISIC_2019)\Dataset\NV\ISIC_0030559.jpg,isic_0030559,5,3edcd278678f6eb4350e4522cfbf964e9497d93ca6e240c36e56bc5dacd7ef90,17839,3
C:\SRS(ISIC_2019)\Dataset\NV\ISIC_0030562.jpg,isic_0030562,5,6e82316d17f3a2935f4a26eda953739d40e6c08e43dafca0155c2830253f474d,17841,3
C:\SRS(ISIC_2019)\Dataset\NV\ISIC_0030590.jpg,isic_0030590,5,c4ebc48ad4d15b278b87495f32f7985fe60d41d790a8348f330fe61c21acfe0b,17862,3
C:\SRS(ISIC_2019)\Dataset\NV\ISIC_0030599.jpg,isic_0030599,5,989f52d5a3363468c50650843732e1140a6f41c4635cd05e434074cc56dc9839,17869,3
C:\SRS(ISIC_2019)\Dataset\NV\ISIC_0030610.jpg,isic_0030610,5,009c082d2872f865646935a22381a41cd31bc374f641d860fa6fcf4203e94dd9,17874,3
C:\SRS(ISIC_2019)\Dataset\NV\ISIC_0030614.jpg,isic_0030614,5,b912b8fd091514edcac552d05a1e31c073c73282959908478063eb834f72f950,17878,3
C:\SRS(ISIC_2019)\Dataset\NV\ISIC_0030620.jpg,isic_0030620,5,9d99b7f8015c911e4aaebe60ed2a00a0a7cb11abb052f01db034d56c55b03bbb,17883,3
C:\SRS(ISIC_2019)\Dataset\NV\ISIC_0030621.jpg,isic_0030621,5,616d9bfa211c2cad74a5ed49cc56d9d2887169b5a27bd7f55ecbf03fd6fea3e5,17884,3
C:\SRS(ISIC_2019)\Dataset\NV\ISIC_0030633.jpg,isic_0030633,5,f335abb3ac69a7b994730653a30ccbf0c42fe8d227c199eebc48939fdcbdd041,17894,3
C:\SRS(ISIC_2019)\Dataset\NV\ISIC_0030635.jpg,isic_0030635,5,ea6f53729ba0a75de3c506092d9f88458a2bba219db13e716f67d38b92754808,17896,3
C:\SRS(ISIC_2019)\Dataset\NV\ISIC_0030645.jpg,isic_0030645,5,bf4dad2839ed5869f912d9259163d414e2ac65d97178c99afbbd242ef9fe33dc,17904,3
C:\SRS(ISIC_2019)\Dataset\NV\ISIC_0030666.jpg,isic_0030666,5,94adf216a822e55a57b53c956196a4b97430cebe5d9d7c51148a5f76646842d6,17919,3
C:\SRS(ISIC_2019)\Dataset\NV\ISIC_0030667.jpg,isic_0030667,5,1d92d0c0c38ec7b8aa1d8ad937a31f3c9dc75c1d5c7c5e101c99e10515586e2d,17920,3
C:\SRS(ISIC_2019)\Dataset\NV\ISIC_0030679.jpg,isic_0030679,5,3c305440118c2d19af06ddd64477603c1a81b8ad88ad329477b2807d71e5d843,17931,3
C:\SRS(ISIC_2019)\Dataset\NV\ISIC_0030684.jpg,isic_0030684,5,001159efbc3a6ed8687aeb3b049bc9890673e23a114879f46b235cb5339dbe92,17934,3
C:\SRS(ISIC_2019)\Dataset\NV\ISIC_0030685.jpg,isic_0030685,5,fb43f5a052d9e43c426d1190958f9fe7e408509fbe14b718cb2335d5f290c3e4,17935,3
C:\SRS(ISIC_2019)\Dataset\NV\ISIC_0030688.jpg,isic_0030688,5,0507be9d1c4d753f614daca90bc1c081ac1f6c2f3980233a94d0500563381a78,17937,3
C:\SRS(ISIC_2019)\Dataset\NV\ISIC_0030699.jpg,isic_0030699,5,50c8217e0d3883011b5c4829628abeb3cc5386f50663ce9536e9660a801f2d2e,17944,3
C:\SRS(ISIC_2019)\Dataset\NV\ISIC_0030701.jpg,isic_0030701,5,fe03000eaacc8cac37e56343a9933301b532ef505df63e5fb238807212728e96,17945,3
C:\SRS(ISIC_2019)\Dataset\NV\ISIC_0030708.jpg,isic_0030708,5,8800d4c92842cd738929a14ca6b9b25355aed267933978eb9a9c2fa252efc0b2,17949,3
C:\SRS(ISIC_2019)\Dataset\NV\ISIC_0030710.jpg,isic_0030710,5,b6d4c6b26321097ef0c8d591e5f894f40b4167599e1985de8d2557f4b017447a,17951,3
C:\SRS(ISIC_2019)\Dataset\NV\ISIC_0030715.jpg,isic_0030715,5,bb8d65c41919744ae0406bc8a5e3c51b694dd742760ec607e27b3a07c84c0521,17954,3
C:\SRS(ISIC_2019)\Dataset\NV\ISIC_0030724.jpg,isic_0030724,5,ba129abc8cc3d6316ce4c6331cda8365db189ec005768dde76611397c3b9ca62,17960,3
C:\SRS(ISIC_2019)\Dataset\NV\ISIC_0030725.jpg,isic_0030725,5,c3e30568eedeecba7bbdaa2fc6b5555235798aa1623139d15c6ba024727801ad,17961,3
C:\SRS(ISIC_2019)\Dataset\NV\ISIC_0030729.jpg,isic_0030729,5,3716f8e0297052611020c29a7d8831ea48755347dd6f242c59f11d597e5584c4,17965,3
C:\SRS(ISIC_2019)\Dataset\NV\ISIC_0030732.jpg,isic_0030732,5,760cd27a8fa33d091a0d4cb71d61519ada50f585bbc6f865a4967f85b734eb5e,17966,3
C:\SRS(ISIC_2019)\Dataset\NV\ISIC_0030733.jpg,isic_0030733,5,e56812ec28bc701cfcad9b942b1bafc109dc77b6e244edb154aa6e1ef7984d47,17967,3
C:\SRS(ISIC_2019)\Dataset\NV\ISIC_0030748.jpg,isic_0030748,5,1cc1e41b163a15118696f32f1e9741a1bef23d63f73981104b5840252011b754,17978,3
C:\SRS(ISIC_2019)\Dataset\NV\ISIC_0030753.jpg,isic_0030753,5,8b3169f309d4e24301c6c0f813bda1fa14461eae9b078c098c991229dad27788,17983,3
C:\SRS(ISIC_2019)\Dataset\NV\ISIC_0030771.jpg,isic_0030771,5,d429ca6c779c96d2112adf2cec40ced835e917ffbc21cacd49f1789bde5a7f26,17990,3
C:\SRS(ISIC_2019)\Dataset\NV\ISIC_0030773.jpg,isic_0030773,5,c4d66d94ee1f3f34d3122b0fa6361d5ffcfb9bee7687c57e357e205d5e29256d,17992,3
C:\SRS(ISIC_2019)\Dataset\NV\ISIC_0030776.jpg,isic_0030776,5,48739a4f4af0f17b0d358e4b5e0f2768ad2f4fbc69a0f922afc49be9fd069d48,17995,3
C:\SRS(ISIC_2019)\Dataset\NV\ISIC_0030780.jpg,isic_0030780,5,bd181d9b25e22d20d48773b23f4ca684afc6197aa2793671bca1c28e02d63916,17998,3
C:\SRS(ISIC_2019)\Dataset\NV\ISIC_0030792.jpg,isic_0030792,5,9cbef3a3c8e1365ae226f3a4e3d36aa4a6086d8a80d93bf1a1d352fbb125ecf1,18005,3
C:\SRS(ISIC_2019)\Dataset\NV\ISIC_0030808.jpg,isic_0030808,5,d5bf79dc83ebf183eecaf7a680a7a6e0735c42bcc06096ee566b112dfb9d6e63,18014,3
C:\SRS(ISIC_2019)\Dataset\NV\ISIC_0030820.jpg,isic_0030820,5,29526e8687d73c95fe349835db4cb15486a4941069b18c1f388f1f8a0f583058,18023,3
C:\SRS(ISIC_2019)\Dataset\NV\ISIC_0030829.jpg,isic_0030829,5,111c8d30c49213e44fd671cca6e1c1faf2712c0fe92cf627f84809da05deb047,18025,3
C:\SRS(ISIC_2019)\Dataset\NV\ISIC_0030831.jpg,isic_0030831,5,3b2382bef7b3f710f14ad81af4ebfaf824794dc7d204cd1ffffbe457bdfbbf07,18026,3
C:\SRS(ISIC_2019)\Dataset\NV\ISIC_0030832.jpg,isic_0030832,5,b3d636ade09013c0784f68c8c32107a4f9577075891bf245bf5ef35614adbc98,18027,3
C:\SRS(ISIC_2019)\Dataset\NV\ISIC_0030836.jpg,isic_0030836,5,935b8af60d34f2c40e95b25b80f215d8d52a88471cd141ce0d70a2d025cc2287,18030,3
C:\SRS(ISIC_2019)\Dataset\NV\ISIC_0030847.jpg,isic_0030847,5,0e117140dfb4f3fbaf97043d1b8d999e05499e1ec7059bcfca64319324d41bb2,18039,3
C:\SRS(ISIC_2019)\Dataset\NV\ISIC_0030848.jpg,isic_0030848,5,6d1ff6ecc80f808b41f9f8348803fa21920ad1e97d2fe47cac8f85953322a861,18040,3
C:\SRS(ISIC_2019)\Dataset\NV\ISIC_0030850.jpg,isic_0030850,5,58c18a9d17a4d88ea6736c1ca840ea547539942248e0d734e34c6b28cb76e519,18041,3
C:\SRS(ISIC_2019)\Dataset\NV\ISIC_0030866.jpg,isic_0030866,5,cb4f4be4fbd69269a17226d290126830544b79d79bf5f187ca2a527b48b30a0c,18057,3
C:\SRS(ISIC_2019)\Dataset\NV\ISIC_0030869.jpg,isic_0030869,5,f78b9d5beea977dfee7ea7feaf049634125610598bc86126537b8a7f93ba95de,18059,3
C:\SRS(ISIC_2019)\Dataset\NV\ISIC_0030873.jpg,isic_0030873,5,b3b7e0ce38e236e30ce40fd67604b3795991b9862b52a29958d508d6f6bd7a16,18062,3
C:\SRS(ISIC_2019)\Dataset\NV\ISIC_0030878.jpg,isic_0030878,5,fb3c2cc7ef9241c7daf98be3428cef1189d3822d6a9158ae85b747da26f39cc6,18065,3
C:\SRS(ISIC_2019)\Dataset\NV\ISIC_0030884.jpg,isic_0030884,5,f280c07d886abe255fc2090a2518542693913aa7dfaf312c8e0af399240f5c4f,18069,3
C:\SRS(ISIC_2019)\Dataset\NV\ISIC_0030894.jpg,isic_0030894,5,103f3d4835625af4a3d4bed27cb13f037059dfa5aa599ad9f20e298ee20d3d87,18078,3
C:\SRS(ISIC_2019)\Dataset\NV\ISIC_0030897.jpg,isic_0030897,5,dbaad41b2975b2363bece730d9e863969f352c95642d7277938bc73c56d595d5,18081,3
C:\SRS(ISIC_2019)\Dataset\NV\ISIC_0030905.jpg,isic_0030905,5,0d4b2f2f36af51f37b22f3f6b2cce9a032cfcb7bb127ba51910a24834974f246,18087,3
C:\SRS(ISIC_2019)\Dataset\NV\ISIC_0030908.jpg,isic_0030908,5,7f235f2a04fc903406e3e41995d97956566c4e16b747139eeba5c724fec3758d,18090,3
C:\SRS(ISIC_2019)\Dataset\NV\ISIC_0030918.jpg,isic_0030918,5,bc695f6d79769f9e47ab68c273a473d72e9221e54e2e1deb314d87fbb35fcb50,18098,3
C:\SRS(ISIC_2019)\Dataset\NV\ISIC_0030922.jpg,isic_0030922,5,f95a096378b3474632fd129c056a12ec550084a6e127291428fbb47f4bf74a41,18102,3
C:\SRS(ISIC_2019)\Dataset\NV\ISIC_0030927.jpg,isic_0030927,5,b963ee0d11319692c31163c0dea04df13a731bdc973eca8c9c1eb524cc474999,18105,3
C:\SRS(ISIC_2019)\Dataset\NV\ISIC_0030930.jpg,isic_0030930,5,84181f68d19fb5171af14beed25320babbddd0d9ffcc298e7b2c10d1996c0388,18107,3
C:\SRS(ISIC_2019)\Dataset\NV\ISIC_0030955.jpg,isic_0030955,5,d5c0d2c5fd9f82262d4baae4d44489ff753fb8ffe87dd6e91b110dcdfe5bd0c5,18126,3
C:\SRS(ISIC_2019)\Dataset\NV\ISIC_0030957.jpg,isic_0030957,5,aa274fd124cae21d8351a9a8e76e2de84dc86314b0109534ae9e8c79b01335a2,18127,3
C:\SRS(ISIC_2019)\Dataset\NV\ISIC_0030958.jpg,isic_0030958,5,1ca1d682f189697e9b734840832f811c4a4b1202804a032d4bb995e778802619,18128,3
C:\SRS(ISIC_2019)\Dataset\NV\ISIC_0030968.jpg,isic_0030968,5,fe4308478af37d3fadc9d18070d8ab4216d4f7a96166f7455574849eafea3c67,18135,3
C:\SRS(ISIC_2019)\Dataset\NV\ISIC_0030969.jpg,isic_0030969,5,b7945263dd218ad90cf1d09f76f1da3386fb1638e69b089c106ce07a1b7dce34,18136,3
C:\SRS(ISIC_2019)\Dataset\NV\ISIC_0030977.jpg,isic_0030977,5,d82053df269113f0475c78e68c2d6dc382ef1d2936877e28942c5013f13ecd88,18142,3
C:\SRS(ISIC_2019)\Dataset\NV\ISIC_0030982.jpg,isic_0030982,5,ab623b7891e28d19c63893805d92b2755f449ee26cdc789444387aa317a3a6a2,18147,3
C:\SRS(ISIC_2019)\Dataset\NV\ISIC_0031014.jpg,isic_0031014,5,b904c6708137fc903712a4d3e5a4d43a95aad6fff85d5ddb6534150a546b7a8f,18166,3
C:\SRS(ISIC_2019)\Dataset\NV\ISIC_0031027.jpg,isic_0031027,5,40663d14eaba4ee7626096118d45abe59d43b2cb30277688d0bf5f26424e96fa,18173,3
C:\SRS(ISIC_2019)\Dataset\NV\ISIC_0031031.jpg,isic_0031031,5,7ffdf3388b0b0c2b0b91b16bb44fcc6ebb1627a0059f0a9bf3be00d91696ddbf,18176,3
C:\SRS(ISIC_2019)\Dataset\NV\ISIC_0031032.jpg,isic_0031032,5,9ced72673bb63b6fcde2f0a40315e642a289d1da691744a92c015f34b6114b18,18177,3
C:\SRS(ISIC_2019)\Dataset\NV\ISIC_0031049.jpg,isic_0031049,5,a043ab594ff50ff0bbf993f34c871615e74d24c805afed673f8e142bee895ff8,18188,3
C:\SRS(ISIC_2019)\Dataset\NV\ISIC_0031052.jpg,isic_0031052,5,7e759eea987abcc97fb6f40c37b1d6c6082c30440ccedf367695400eebe2c289,18190,3
C:\SRS(ISIC_2019)\Dataset\NV\ISIC_0031069.jpg,isic_0031069,5,b4ff7c82b9a67ea46eb6e3ee546212e333364733bf7f88ea0fb66f964957f16a,18200,3
C:\SRS(ISIC_2019)\Dataset\NV\ISIC_0031075.jpg,isic_0031075,5,00a5ec09287759a3995fd5bf107a38ff008a1f7b878640af7cf0a97a67f2d8e2,18206,3
C:\SRS(ISIC_2019)\Dataset\NV\ISIC_0031083.jpg,isic_0031083,5,82c21a3b743ade3f8b0775e22f66e77089eb51ed274cc89c1cb90928ccad9cfb,18212,3
C:\SRS(ISIC_2019)\Dataset\NV\ISIC_0031098.jpg,isic_0031098,5,95f7a0bbdd35eeb5f8988443fb436f6191ef579573923438e5fb5b75d40d6b2d,18222,3
C:\SRS(ISIC_2019)\Dataset\NV\ISIC_0031101.jpg,isic_0031101,5,29898866b44518572ab00a669233b5ea488878fd52ff78ccdf831d676855661a,18225,3
C:\SRS(ISIC_2019)\Dataset\NV\ISIC_0031102.jpg,isic_0031102,5,6d67c9d7247d94fc58a15988472ef8990bc63c889d46af6e67f8cf019ec465d4,18226,3
C:\SRS(ISIC_2019)\Dataset\NV\ISIC_0031113.jpg,isic_0031113,5,e61936bf2e3a383b05714f8f305cf94770381332fa43614f226ea60279a1addd,18235,3
C:\SRS(ISIC_2019)\Dataset\NV\ISIC_0031124.jpg,isic_0031124,5,dfcc806cbb072ca6dd2f696e38708a6dad2c415e9d83c60ee300935e65743d45,18242,3
C:\SRS(ISIC_2019)\Dataset\NV\ISIC_0031126.jpg,isic_0031126,5,6d5e1f2eb927285376caa56c887064a06246448f8c8c9cc1789a9fd97f0d7a61,18243,3
C:\SRS(ISIC_2019)\Dataset\NV\ISIC_0031127.jpg,isic_0031127,5,2a197912c6decf79c7cb0be308149e29f7c18a9f8b1cb081b91cffcb3f6b8f15,18244,3
C:\SRS(ISIC_2019)\Dataset\NV\ISIC_0031129.jpg,isic_0031129,5,7dfe79b9078bd17f55c877a5bf7c81b5bb6e02177bd65a19b28b281b7ee4bf8e,18246,3
C:\SRS(ISIC_2019)\Dataset\NV\ISIC_0031147.jpg,isic_0031147,5,9c85a44e8fb8afc98df11e601bbe5f8b72b247326d1a84cebc0e602135f8debb,18258,3
C:\SRS(ISIC_2019)\Dataset\NV\ISIC_0031148.jpg,isic_0031148,5,4e47d0447f6674222e8f4e847bde28ad050f354b99d706e8689e0f18ab3e6b5f,18259,3
C:\SRS(ISIC_2019)\Dataset\NV\ISIC_0031151.jpg,isic_0031151,5,cac52f408381ba3f2db34ec1d60d7e1e0467295e73c308dd2809715ede776d52,18261,3
C:\SRS(ISIC_2019)\Dataset\NV\ISIC_0031158.jpg,isic_0031158,5,91b45115e22b76f425df0604948c254f562065af2fb906ea6cd846496b37680b,18267,3
C:\SRS(ISIC_2019)\Dataset\NV\ISIC_0031183.jpg,isic_0031183,5,c9c33f77465508bcc422c78e5e2f801f1ad4356c5a6068ea61eb58e1bb6d136e,18283,3
C:\SRS(ISIC_2019)\Dataset\NV\ISIC_0031199.jpg,isic_0031199,5,713db6715c98aa9f0dcbd1d33fabce0060ffa6259baa584f1544296473c92d89,18293,3
C:\SRS(ISIC_2019)\Dataset\NV\ISIC_0031202.jpg,isic_0031202,5,dba4e5a97c82c179231b9ada1a6308425d41753f9581a50c4885992c0f726d20,18294,3
C:\SRS(ISIC_2019)\Dataset\NV\ISIC_0031204.jpg,isic_0031204,5,f1f943b9d999c71a6ce27b979fb4481b919912ae7359041565d99a28bb73214f,18295,3
C:\SRS(ISIC_2019)\Dataset\NV\ISIC_0031213.jpg,isic_0031213,5,af22e957a587caf96a272be0ac4f9279b08422b46eed53f658ebc04602e159ad,18301,3
C:\SRS(ISIC_2019)\Dataset\NV\ISIC_0031214.jpg,isic_0031214,5,aadcb2024759a41944540e2f61508b8be9eb8254d791509cc841d9cffb859c36,18302,3
C:\SRS(ISIC_2019)\Dataset\NV\ISIC_0031250.jpg,isic_0031250,5,0af06fa361a74a653e4914d3b735417a71ddaaddabfc2e3cb57e170dc212ba7b,18326,3
C:\SRS(ISIC_2019)\Dataset\NV\ISIC_0031273.jpg,isic_0031273,5,f8649a791aef4e5f722b8930b5d2e736c77d5138b355c2284246b2fb5db0dc3f,18340,3
C:\SRS(ISIC_2019)\Dataset\NV\ISIC_0031279.jpg,isic_0031279,5,5af888996acf05735f0f1789a1f04dfc2436c5da04823cc938d92852e5a197ff,18344,3
C:\SRS(ISIC_2019)\Dataset\NV\ISIC_0031297.jpg,isic_0031297,5,e88f5eaa2cb1edaaed6506a7c77417c974d9c2cf1811b6b7a7a20f8852b8abe0,18355,3
C:\SRS(ISIC_2019)\Dataset\NV\ISIC_0031317.jpg,isic_0031317,5,89604352837a3e5d1e25bfb53e28bf7f73fe06384946f0ddd82ebc17a723b0a1,18371,3
C:\SRS(ISIC_2019)\Dataset\NV\ISIC_0031322.jpg,isic_0031322,5,05a29a39d64040711c41af965ef705fdd68445c50ab950851d4caf37e6397414,18374,3
C:\SRS(ISIC_2019)\Dataset\NV\ISIC_0031323.jpg,isic_0031323,5,62487c35d3108ee2b26c86e20a64788b95a91e578f6c7517b222fb0dd8e49ba6,18375,3
C:\SRS(ISIC_2019)\Dataset\NV\ISIC_0031330.jpg,isic_0031330,5,4a9fe6b3e16c53f810140a1a5831d3574cc8f10076f828bcec82e81c6cae22ab,18380,3
C:\SRS(ISIC_2019)\Dataset\NV\ISIC_0031340.jpg,isic_0031340,5,37b7581d3124cc16e8d10e7eb55199a12893d00c35b6523d5cd33e77b01004cb,18387,3
C:\SRS(ISIC_2019)\Dataset\NV\ISIC_0031355.jpg,isic_0031355,5,214e540ce3a18fa8283434b85bf91bbb449a000065edeffdff13798a899ab6e3,18395,3
C:\SRS(ISIC_2019)\Dataset\NV\ISIC_0031360.jpg,isic_0031360,5,9af088122e87ccd737d111b5c8521fce45c7a6941b1cfcb4a4ad2bd9e2f12263,18399,3
C:\SRS(ISIC_2019)\Dataset\NV\ISIC_0031395.jpg,isic_0031395,5,e5868708ff7a4a43c70314429b8b9964b54faef2e1c5852e25b421d7a0bb8fad,18422,3
C:\SRS(ISIC_2019)\Dataset\NV\ISIC_0031402.jpg,isic_0031402,5,7994e4c7dc5e8c49d02d510722d84269644a41ba53cf2f059dd6ab6ae5173bf4,18426,3
C:\SRS(ISIC_2019)\Dataset\NV\ISIC_0031415.jpg,isic_0031415,5,aae77497191a8f2f8eb2586a7c5cbcf7ff2420b367f3a14586373d2fed680200,18434,3
C:\SRS(ISIC_2019)\Dataset\NV\ISIC_0031437.jpg,isic_0031437,5,52d190397a5629997c58cb0adeeead69924df142124455eb0b75a89f4eb0ddce,18448,3
C:\SRS(ISIC_2019)\Dataset\NV\ISIC_0031444.jpg,isic_0031444,5,511567291dcffd1389a8bcd9c64c70f83ca2b10f4e77d4a00daf82a26414b54d,18453,3
C:\SRS(ISIC_2019)\Dataset\NV\ISIC_0031445.jpg,isic_0031445,5,50d8ce2b219d0f55be6b8802447b2f4d156d7bc8a57d3eb6df308689c65fc237,18454,3
C:\SRS(ISIC_2019)\Dataset\NV\ISIC_0031453.jpg,isic_0031453,5,2e3765cac1e403b4ed75e23fb211f9f8d47fabbc43070add797f8fe197c4ec27,18460,3
C:\SRS(ISIC_2019)\Dataset\NV\ISIC_0031461.jpg,isic_0031461,5,17377ca42804613fcaf35db2b33b10535864c2551e381474a31753f6930b9ee3,18466,3
C:\SRS(ISIC_2019)\Dataset\NV\ISIC_0031462.jpg,isic_0031462,5,62afbe70d4f103a54d5d4db4986c07629ae3f4d41b95eb0e949b144ed40f4224,18467,3
C:\SRS(ISIC_2019)\Dataset\NV\ISIC_0031467.jpg,isic_0031467,5,520f4de115c8c3942cc0e0922e5c6e1652f67bbaaf0e26c07131b5df3928e3bd,18470,3
C:\SRS(ISIC_2019)\Dataset\NV\ISIC_0031472.jpg,isic_0031472,5,a0b8b67fd1837bed43a770f8d30781565dc786de54bda5a2696e58615d11ab64,18473,3
C:\SRS(ISIC_2019)\Dataset\NV\ISIC_0031481.jpg,isic_0031481,5,346d9698cb1e2898c8fc24e85ee87ad4692ec3bb32f3ac8c2ca29110355d6703,18481,3
C:\SRS(ISIC_2019)\Dataset\NV\ISIC_0031483.jpg,isic_0031483,5,8edcca6ae7485393297947c46d285225ebd6ee4fc2eb0506445057804f489558,18483,3
C:\SRS(ISIC_2019)\Dataset\NV\ISIC_0031491.jpg,isic_0031491,5,d2341c3f423f5f846356bb569e9c763a50574b017c770d28c28d6cda44cb4e20,18489,3
C:\SRS(ISIC_2019)\Dataset\NV\ISIC_0031502.jpg,isic_0031502,5,6983c472d548f958ba16524a1f77d257ee4dd18f7d71018d58758101db1da304,18495,3
C:\SRS(ISIC_2019)\Dataset\NV\ISIC_0031507.jpg,isic_0031507,5,0547553f65e8493fdcb1ff4d1cdac503b2695d48f850211fb27bcbe270850070,18499,3
C:\SRS(ISIC_2019)\Dataset\NV\ISIC_0031508.jpg,isic_0031508,5,0d28be7546979ecb750791a640de1f85bb712eaa2a631f6a6b8b83c2104b0733,18500,3
C:\SRS(ISIC_2019)\Dataset\NV\ISIC_0031509.jpg,isic_0031509,5,05ec72c4d79e02ea9196966ffc690a3ba4a782d284bb2d0cab8fe8bb68478916,18501,3
C:\SRS(ISIC_2019)\Dataset\NV\ISIC_0031515.jpg,isic_0031515,5,cdc4071ecdf5ffeae1aed288fdd3dc5364f870140011a56d9c5ef1fdf2f1c1d2,18505,3
C:\SRS(ISIC_2019)\Dataset\NV\ISIC_0031521.jpg,isic_0031521,5,00212e24bbdeef977d38fed95a7cb85cf30955037114d149a4fb18d97d648bfc,18508,3
C:\SRS(ISIC_2019)\Dataset\NV\ISIC_0031534.jpg,isic_0031534,5,554a4c087278b8545664ad06bc6d348e3e4ca93faf7fecdd38090b60990a2d83,18515,3
C:\SRS(ISIC_2019)\Dataset\NV\ISIC_0031563.jpg,isic_0031563,5,d925e7fbaab7225db4d8398fb78ab8ed58d3187b9831e09daeccb8b31fe90429,18532,3
C:\SRS(ISIC_2019)\Dataset\NV\ISIC_0031564.jpg,isic_0031564,5,621184550c003511d4144e240ffc88b57064badec749b44cabcee54bf40b8d25,18533,3
C:\SRS(ISIC_2019)\Dataset\NV\ISIC_0031566.jpg,isic_0031566,5,2bfdf5844122b8c8cf0e6730ba6d3276c025543bb2c04c9af4181d5b765697dd,18534,3
C:\SRS(ISIC_2019)\Dataset\NV\ISIC_0031568.jpg,isic_0031568,5,05b131deddee270d96821dfd0185b8e522762b4bc26b63fb9e0d949a2c7a02c5,18536,3
C:\SRS(ISIC_2019)\Dataset\NV\ISIC_0031572.jpg,isic_0031572,5,b9bca9aec53658cb2c8cced211b44c5f0d0ff8e2f411d483f5900c9796535454,18538,3
C:\SRS(ISIC_2019)\Dataset\NV\ISIC_0031581.jpg,isic_0031581,5,ee162c68ee6257a86d6ecfcac53cd2f7523d4bfa6956917a5f92d0ff8bf415aa,18544,3
C:\SRS(ISIC_2019)\Dataset\NV\ISIC_0031582.jpg,isic_0031582,5,c750d406be8679fa99309ab90ac97aaef71e3e441826e637970e28826ab911fc,18545,3
C:\SRS(ISIC_2019)\Dataset\NV\ISIC_0031590.jpg,isic_0031590,5,d8ad6ed1aec6cf05f119c14cc7f711d1fcb52fab2faf712a2232df0ed9ce7d8d,18550,3
C:\SRS(ISIC_2019)\Dataset\NV\ISIC_0031592.jpg,isic_0031592,5,b885f2c4bd9fc3c3e4fce30870c26d84a5126a7d6b3a22aed06354269a47a099,18551,3
C:\SRS(ISIC_2019)\Dataset\NV\ISIC_0031594.jpg,isic_0031594,5,9a4ecae145e4750a586ee39510c911bd7c3a04554fe75b093be2229fb77b89e9,18552,3
C:\SRS(ISIC_2019)\Dataset\NV\ISIC_0031602.jpg,isic_0031602,5,2fc654d2a270a257b35253b8f1837f251c53fab793ab752ae2580810ff322c2b,18556,3
C:\SRS(ISIC_2019)\Dataset\NV\ISIC_0031617.jpg,isic_0031617,5,df119e0968e129ce85ded0bd20e8fef67cc1bdf7de34a93c6a4fade48998b4db,18569,3
C:\SRS(ISIC_2019)\Dataset\NV\ISIC_0031618.jpg,isic_0031618,5,543e08727b8f1c5e8a8c38a88ba128cb9140961215aec6cd2d04a681e6608961,18570,3
C:\SRS(ISIC_2019)\Dataset\NV\ISIC_0031623.jpg,isic_0031623,5,cb92c6584d9b0693f05a4114f1c8c449ec9fdf29290e82ca73586b6181534d5e,18573,3
C:\SRS(ISIC_2019)\Dataset\NV\ISIC_0031644.jpg,isic_0031644,5,67a0642006d7d35995e9dbea0dfaea2de21f68e5a21b49dfda7938c8e2642525,18587,3
C:\SRS(ISIC_2019)\Dataset\NV\ISIC_0031652.jpg,isic_0031652,5,bca30d01d469ad78c53c36c46b75c959a92a547a34d9a7d28ae01cd43cda9adf,18592,3
C:\SRS(ISIC_2019)\Dataset\NV\ISIC_0031653.jpg,isic_0031653,5,decb35641b8c89c18a6110c20b8ef1c3f8d5bf11538094faa924c6928ce2dcc7,18593,3
C:\SRS(ISIC_2019)\Dataset\NV\ISIC_0031654.jpg,isic_0031654,5,f10dff14cd74f73f7598af5501df8fcfc55c6f35624bdb990dfa80be3135bb76,18594,3
C:\SRS(ISIC_2019)\Dataset\NV\ISIC_0031657.jpg,isic_0031657,5,90d90d28d4c32955b7cdfcd565a5150bfc656e9eac624665380e88ca624f646a,18597,3
C:\SRS(ISIC_2019)\Dataset\NV\ISIC_0031663.jpg,isic_0031663,5,d02b871e06c15600d97205de6bffaf9eddff8cafc4ae1997358a86370f72cba4,18602,3
C:\SRS(ISIC_2019)\Dataset\NV\ISIC_0031681.jpg,isic_0031681,5,86ee5c2cc91236a95e8bb15c0881574b354b7471561dafcb8febe152f33e9dcb,18616,3
C:\SRS(ISIC_2019)\Dataset\NV\ISIC_0031693.jpg,isic_0031693,5,11a0a75f704e840f12c9567958896e33eab7916686d474230a21eb37d0b03144,18625,3
C:\SRS(ISIC_2019)\Dataset\NV\ISIC_0031700.jpg,isic_0031700,5,b237b89ff82a29beb260994306a59e4eed8775d4ae174931b70b67f704a840cf,18630,3
C:\SRS(ISIC_2019)\Dataset\NV\ISIC_0031704.jpg,isic_0031704,5,8cacabe5680fdc92de9c6e04be7830a278d1b7092bb0e0e274b18b40025e7031,18633,3
C:\SRS(ISIC_2019)\Dataset\NV\ISIC_0031727.jpg,isic_0031727,5,a3a124cfb2b529e0e142852c32e2d350dd894e4d996dc743a5b085939ffcc158,18647,3
C:\SRS(ISIC_2019)\Dataset\NV\ISIC_0031730.jpg,isic_0031730,5,8d3806c3c17af33376a891894eba5b3396f901b24fc75690f6cebafd5670b81a,18649,3
C:\SRS(ISIC_2019)\Dataset\NV\ISIC_0031765.jpg,isic_0031765,5,e8aafe679f9f53ea0e75fade45e6fff73c6f01882c342af698870739c2de1c96,18673,3
C:\SRS(ISIC_2019)\Dataset\NV\ISIC_0031768.jpg,isic_0031768,5,8d6d2912a474a85603a2f830f3d242c49c673e10af8f4625959ab51b97a1570f,18675,3
C:\SRS(ISIC_2019)\Dataset\NV\ISIC_0031771.jpg,isic_0031771,5,5f1fc59ca92665d53249b96a42dbcd8d043fd9f8346c740f72c6e3ec56738d3e,18677,3
C:\SRS(ISIC_2019)\Dataset\NV\ISIC_0031792.jpg,isic_0031792,5,e1df90c07746d178bd1bdb6f70aa138d5ee811e5fccf14f18933ed954afdd80c,18693,3
C:\SRS(ISIC_2019)\Dataset\NV\ISIC_0031800.jpg,isic_0031800,5,17cb4c92cc39f7fd8e8cda10927b67f13488a98e2e2271bab6940b76c36ee04e,18699,3
C:\SRS(ISIC_2019)\Dataset\NV\ISIC_0031820.jpg,isic_0031820,5,ef351134a4b8794c622b53a988469e982621e8774b015f6aa2725f257a594d2a,18716,3
C:\SRS(ISIC_2019)\Dataset\NV\ISIC_0031829.jpg,isic_0031829,5,23f246390d430628acefd57b48e1775affd763ccc3ea4d27cfa9d6fa1302babd,18720,3
C:\SRS(ISIC_2019)\Dataset\NV\ISIC_0031841.jpg,isic_0031841,5,51570af66f2cf82f4a1960366b7754e6d4bdc912a1a4162877250b6600a7f724,18730,3
C:\SRS(ISIC_2019)\Dataset\NV\ISIC_0031843.jpg,isic_0031843,5,998f238b8ebd7747bb26b5a1a3c48a1e40b78ebf0160bb977a94958b9b186a72,18732,3
C:\SRS(ISIC_2019)\Dataset\NV\ISIC_0031855.jpg,isic_0031855,5,80a36996ed4a44f4be9b86264fa17c683230dcece8d31a517cfdee7288f66641,18740,3
C:\SRS(ISIC_2019)\Dataset\NV\ISIC_0031860.jpg,isic_0031860,5,b2c68a003e078e68d34a840288d0f91ac9935ba29d4f70ec474edfa50ac3f4ce,18745,3
C:\SRS(ISIC_2019)\Dataset\NV\ISIC_0031862.jpg,isic_0031862,5,dec9ec5df04f48651d72cf43116fc071815afb118cc208f5282fbe6320aff585,18747,3
C:\SRS(ISIC_2019)\Dataset\NV\ISIC_0031865.jpg,isic_0031865,5,af1b0995f01014eabe2e32f4712e9678e4609936c9ef50970b6d799a62bd6175,18750,3
C:\SRS(ISIC_2019)\Dataset\NV\ISIC_0031867.jpg,isic_0031867,5,dac6ef26cba2cba03245593cdda03f194b396a495bfad2ad2b4f2daf011efee4,18752,3
C:\SRS(ISIC_2019)\Dataset\NV\ISIC_0031882.jpg,isic_0031882,5,4aaaf1b7e860100d0d90f5791738220b63ff9a037fadee9453ec72d59b551ba3,18764,3
C:\SRS(ISIC_2019)\Dataset\NV\ISIC_0031883.jpg,isic_0031883,5,c45c2de8de93a58dee7f17af2a39b09d9e1d826b3c09f556a866ee5c19ce021d,18765,3
C:\SRS(ISIC_2019)\Dataset\NV\ISIC_0031885.jpg,isic_0031885,5,0dc9e9b3e9e200b07738c04346a76cc3e017fe6e9cfa51bea702261914d3f67b,18767,3
C:\SRS(ISIC_2019)\Dataset\NV\ISIC_0031891.jpg,isic_0031891,5,a48c35dec711080aaec189746f44bb3b34657d23d6829ec2f93ca47bf4112dd4,18771,3
C:\SRS(ISIC_2019)\Dataset\NV\ISIC_0031911.jpg,isic_0031911,5,de4913c754a45e944e07ff7428d046243fe7bb08aa5577b214e125834bf21c63,18785,3
C:\SRS(ISIC_2019)\Dataset\NV\ISIC_0031912.jpg,isic_0031912,5,d90779612b02647413d3dddb76127d56f66584cad9df363c6255a1385971d065,18786,3
C:\SRS(ISIC_2019)\Dataset\NV\ISIC_0031914.jpg,isic_0031914,5,c5b93cebcabb716fa1d355d32189ae2d2e8846eae83726dda0569ce65403ac1c,18788,3
C:\SRS(ISIC_2019)\Dataset\NV\ISIC_0031917.jpg,isic_0031917,5,d95d1ce43d54ca8df8a16352cf4b429504b2e0115076b7bb8110ccd38f866db5,18790,3
C:\SRS(ISIC_2019)\Dataset\NV\ISIC_0031919.jpg,isic_0031919,5,f57cd87555cd5759844b95c41115110294ece2bc843216219de66c1a16b40c3f,18791,3
C:\SRS(ISIC_2019)\Dataset\NV\ISIC_0031920.jpg,isic_0031920,5,65ae71964a0620e260ca21cb1f3633fd3453b407001389c0d7a9c86498b3b84e,18792,3
C:\SRS(ISIC_2019)\Dataset\NV\ISIC_0031930.jpg,isic_0031930,5,f2c0fb290d3e094f757ebecc7219ca9ba06b2d4681b59c6f38aa056734428da5,18798,3
C:\SRS(ISIC_2019)\Dataset\NV\ISIC_0031944.jpg,isic_0031944,5,516d7b32a08a5736b61b9ea72e15fc1753e8bc7807cd66b7c93e43bf9fb96077,18807,3
C:\SRS(ISIC_2019)\Dataset\NV\ISIC_0031949.jpg,isic_0031949,5,b4b2b3d47c06ec543499de3c6e4722a928581cf9382e9fc79249947ba77c28cb,18811,3
C:\SRS(ISIC_2019)\Dataset\NV\ISIC_0031969.jpg,isic_0031969,5,536ba614d7c7cd82c674ef3830eca2af0120b7edfb9d42bf94c7314f5987bdb7,18823,3
C:\SRS(ISIC_2019)\Dataset\NV\ISIC_0031978.jpg,isic_0031978,5,f9ab075205324d7edae67d68f1e24c6492dd02dc75a447a829e0eae9c81bf27e,18828,3
C:\SRS(ISIC_2019)\Dataset\NV\ISIC_0031981.jpg,isic_0031981,5,d5668f00ec4a86bf6efb59463625b8e4c65cf31edd5eae082ad21ef154823ffb,18830,3
C:\SRS(ISIC_2019)\Dataset\NV\ISIC_0031982.jpg,isic_0031982,5,8eeb64f30067eb062ae890c125fb415ef0b2cd48cc85828e408959a574b6ac85,18831,3
C:\SRS(ISIC_2019)\Dataset\NV\ISIC_0031995.jpg,isic_0031995,5,d1f8511e9c526bd8ed9ac816ef82a218ca55479b916403667e08e85f7580b683,18840,3
C:\SRS(ISIC_2019)\Dataset\NV\ISIC_0032007.jpg,isic_0032007,5,38b8a02d3f2ff81a898a9c59716884fe8eafd865b416db531df55b926a694ec1,18849,3
C:\SRS(ISIC_2019)\Dataset\NV\ISIC_0032028.jpg,isic_0032028,5,5b1ae61e6d55788795556d898d8c3cfc5758e8445b8da58c28c887cffe813c9b,18864,3
C:\SRS(ISIC_2019)\Dataset\NV\ISIC_0032037.jpg,isic_0032037,5,afc00a30aa24ebb5e1bcdaf8568a06eb0edd8bad990be6bc74750e760efc8d9f,18870,3
C:\SRS(ISIC_2019)\Dataset\NV\ISIC_0032054.jpg,isic_0032054,5,29104bdd4a2b4ffcfc669c0eb43decdde9285dcd9adea0981dbc3c242b4180d3,18881,3
C:\SRS(ISIC_2019)\Dataset\NV\ISIC_0032055.jpg,isic_0032055,5,e927cc2902712a0f573ed5ca683bebd37a40650d46873e6408ad11d3dbc1cb14,18882,3
C:\SRS(ISIC_2019)\Dataset\NV\ISIC_0032058.jpg,isic_0032058,5,a55e6e5c82dfdee67e3e6e4863ba50fe05b9ae28aa7a735304627ad410f6cd30,18884,3
C:\SRS(ISIC_2019)\Dataset\NV\ISIC_0032059.jpg,isic_0032059,5,1ac02a9ec03d00e6d10feb866b358946c84a4ef12e0ede25ea2c02dd4e946358,18885,3
C:\SRS(ISIC_2019)\Dataset\NV\ISIC_0032066.jpg,isic_0032066,5,9fc031a3b981681f2055cc3df8178ab29bcbe585eac2eafa4bb1f13254ccdda2,18890,3
C:\SRS(ISIC_2019)\Dataset\NV\ISIC_0032071.jpg,isic_0032071,5,76d73512e552c6158819fa708e647ca5273015ee5b7d419f456f4a075bb79216,18894,3
C:\SRS(ISIC_2019)\Dataset\NV\ISIC_0032078.jpg,isic_0032078,5,5996bfa57c9027e2fb5f5844166cc96a117a432db7d742e5232bbc42305fde06,18899,3
C:\SRS(ISIC_2019)\Dataset\NV\ISIC_0032080.jpg,isic_0032080,5,2c58b1bf19b8b0ff7c8dbcb6cd0de9a605e7c323e6b3161863833ac8aabadfbe,18900,3
C:\SRS(ISIC_2019)\Dataset\NV\ISIC_0032082.jpg,isic_0032082,5,b2d47aae0f7ea85d6489e53af8f554626e55da7c4ad76b5e31c57d854d86f73f,18901,3
C:\SRS(ISIC_2019)\Dataset\NV\ISIC_0032087.jpg,isic_0032087,5,f4da4281caa432c039dee55fab559f21be1631cdf427da96920889cdf94969c6,18906,3
C:\SRS(ISIC_2019)\Dataset\NV\ISIC_0032101.jpg,isic_0032101,5,9e7447865b9c47326e3eb18a3d664553575aa126627f4d9b52bf7c278cc1bbb0,18916,3
C:\SRS(ISIC_2019)\Dataset\NV\ISIC_0032140.jpg,isic_0032140,5,ed62044ef57bdf3c0c90ba29251671736c2713b777f966acc622a77dc0915a96,18940,3
C:\SRS(ISIC_2019)\Dataset\NV\ISIC_0032144.jpg,isic_0032144,5,479ff30719f9ed3de2ddab8139b58d819f4753cac8f417edf6cedcafdef9a494,18944,3
C:\SRS(ISIC_2019)\Dataset\NV\ISIC_0032145.jpg,isic_0032145,5,3d4fedd27ef4e8bc99ba80e43d7a2fff1376eac31e654d2bc4ce9737f172dbdd,18945,3
C:\SRS(ISIC_2019)\Dataset\NV\ISIC_0032147.jpg,isic_0032147,5,1c0117d5ee32c8bfce70b1a10545d3fa934cba23c1d57821926d9c393db7d83a,18946,3
C:\SRS(ISIC_2019)\Dataset\NV\ISIC_0032150.jpg,isic_0032150,5,7931cc08a36b175a881be3c6f9ad3f1fceabad5b3e2860fdafbdf2aa624c917f,18948,3
C:\SRS(ISIC_2019)\Dataset\NV\ISIC_0032155.jpg,isic_0032155,5,c3a59203eb474eb28bb4e6a10e80cd8205e731ade45e4dc605cd81f90cda5778,18951,3
C:\SRS(ISIC_2019)\Dataset\NV\ISIC_0032162.jpg,isic_0032162,5,3ae6d18f24daf63f2e54853e237d206ce3bdecf40420e3a50a73f3b346389c6d,18956,3
C:\SRS(ISIC_2019)\Dataset\NV\ISIC_0032172.jpg,isic_0032172,5,5a37bb47ee5430fd70175f237377631a0012133a98c1edf54497c65d1f865fd1,18963,3
C:\SRS(ISIC_2019)\Dataset\NV\ISIC_0032177.jpg,isic_0032177,5,824bf25b9bee725916dce73e570fd1eef69a497f75ed07118742de186cf097e7,18966,3
C:\SRS(ISIC_2019)\Dataset\NV\ISIC_0032181.jpg,isic_0032181,5,783115f7198b53765ebcef48611b034bb611643cf1c20bd8d99ce2f44a90a655,18969,3
C:\SRS(ISIC_2019)\Dataset\NV\ISIC_0032188.jpg,isic_0032188,5,e0ce7fb1159ad7e586f0bc5f231026b0c026e3b5ed92a1805427826c13c5505f,18973,3
C:\SRS(ISIC_2019)\Dataset\NV\ISIC_0032196.jpg,isic_0032196,5,85b8fdbac5476bd3ed556dec65631ed25fd17084f4be8f15d03a6e9dfbddfbca,18978,3
C:\SRS(ISIC_2019)\Dataset\NV\ISIC_0032198.jpg,isic_0032198,5,72c58a22a0d900a0a4db8d5b46472f29e90fd0010b13bb8e2bc3bf2ec0d77f67,18979,3
C:\SRS(ISIC_2019)\Dataset\NV\ISIC_0032209.jpg,isic_0032209,5,e9d436b34f9157cc4b19bba2b7e34500c01966271234d1253e45985d134dd635,18984,3
C:\SRS(ISIC_2019)\Dataset\NV\ISIC_0032229.jpg,isic_0032229,5,fb7dcae564e69c378f0a08ef4f61a8cd37775dbfa91e512bb4c84ca903b53b1d,18998,3
C:\SRS(ISIC_2019)\Dataset\NV\ISIC_0032255.jpg,isic_0032255,5,f376d1f7600cbe568304d9279f12736cb00afdfeccbab3c17324b2d26513b862,19013,3
C:\SRS(ISIC_2019)\Dataset\NV\ISIC_0032292.jpg,isic_0032292,5,920847d11366c34dbdd7f33b92dab3fad872e1b91a0160c950a8f21c2f034666,19040,3
C:\SRS(ISIC_2019)\Dataset\NV\ISIC_0032298.jpg,isic_0032298,5,15a420416c26afb453e7a62a2ccfb7fca24b49f23c28b589f95c621107f41720,19046,3
C:\SRS(ISIC_2019)\Dataset\NV\ISIC_0032299.jpg,isic_0032299,5,7abae854546c0c0d03c42aae6a4e6c8f56e9c3b7fd8f7005b66d80ad889f1f1f,19047,3
C:\SRS(ISIC_2019)\Dataset\NV\ISIC_0032312.jpg,isic_0032312,5,5009565d89aaf172f53eb837ac37424af88a951344836dda88ddd3d1c33a971b,19054,3
C:\SRS(ISIC_2019)\Dataset\NV\ISIC_0032317.jpg,isic_0032317,5,b083fa096d8757153cbbb93bbea655a7744335e0c1950829e8506a0363db8dfb,19055,3
C:\SRS(ISIC_2019)\Dataset\NV\ISIC_0032338.jpg,isic_0032338,5,b8ce5ea3746fbf537b194d78240dcba6e8e55021b4b396658a61fbae05d96038,19070,3
C:\SRS(ISIC_2019)\Dataset\NV\ISIC_0032340.jpg,isic_0032340,5,293146c9e595adb5b91b5b034c79204ecc641f5aa762a68ba18d402e4f1a9a98,19072,3
C:\SRS(ISIC_2019)\Dataset\NV\ISIC_0032342.jpg,isic_0032342,5,35ce817eb10a8b3147171a129fe088c312272b4d5a5190e1d56c2abf8e167e2d,19074,3
C:\SRS(ISIC_2019)\Dataset\NV\ISIC_0032346.jpg,isic_0032346,5,046a88aafad144b98cd95bbb094a8af4ee2ca3f1a1b43268b24f1d51705fb1f3,19077,3
C:\SRS(ISIC_2019)\Dataset\NV\ISIC_0032353.jpg,isic_0032353,5,0a59b5eb2c4dab45280219b02d9a10c8af946f3c5a533c1322e81bba2bdb1b0d,19082,3
C:\SRS(ISIC_2019)\Dataset\NV\ISIC_0032385.jpg,isic_0032385,5,d5ee5c7d0625dff752637d5d23758d6a6464122c8c63f2730d5a17c963ce8559,19105,3
C:\SRS(ISIC_2019)\Dataset\NV\ISIC_0032386.jpg,isic_0032386,5,c4589526aae1f47fb144aa6289b4916ee95efecf272379f1204830983a5b60d0,19106,3
C:\SRS(ISIC_2019)\Dataset\NV\ISIC_0032390.jpg,isic_0032390,5,c5c9b1b3bbe9ebf3b965ea8865566e0c4ff441101fe519dc50da6cfa9480aeab,19109,3
C:\SRS(ISIC_2019)\Dataset\NV\ISIC_0032391.jpg,isic_0032391,5,ed3080cbaa5cc84725f1f81cd443996ede875be655aed4d32193901187a7b9b8,19110,3
C:\SRS(ISIC_2019)\Dataset\NV\ISIC_0032392.jpg,isic_0032392,5,29d743df423d9cd6f0a920d0314ba4f8ec3b5959aa93e5ed9887278147c5835e,19111,3
C:\SRS(ISIC_2019)\Dataset\NV\ISIC_0032411.jpg,isic_0032411,5,011f2a1f74f647c933499a10e75d17a7f985bdcc7f0ae78264393a9b5191e4a5,19122,3
C:\SRS(ISIC_2019)\Dataset\NV\ISIC_0032421.jpg,isic_0032421,5,659d2e24a83eefae4f4590b9a7f30afa5a0f4af8445f18bfe06fdccc2c5b515a,19128,3
C:\SRS(ISIC_2019)\Dataset\NV\ISIC_0032444.jpg,isic_0032444,5,8cda84b960c4a3f74b79426ff5309c87b5287363c99ca344e4e584fec8830ed8,19142,3
C:\SRS(ISIC_2019)\Dataset\NV\ISIC_0032448.jpg,isic_0032448,5,70eeeec5224217c2b840033281e5844cf1002a243495006f762840b03506d353,19144,3
C:\SRS(ISIC_2019)\Dataset\NV\ISIC_0032465.jpg,isic_0032465,5,c86073725f5e9f184fa6b2ec1d6a63db75cfe7587f1b0171e0d52e7720a4bb3c,19154,3
C:\SRS(ISIC_2019)\Dataset\NV\ISIC_0032470.jpg,isic_0032470,5,f21abaac7a0e605e030714db7a2483502c40a7af840793d7bac084da58babce1,19157,3
C:\SRS(ISIC_2019)\Dataset\NV\ISIC_0032477.jpg,isic_0032477,5,2f68f300b4a8a12cddb05a5a5ac70598b6f72c2e22717def41729142ac12e3c8,19163,3
C:\SRS(ISIC_2019)\Dataset\NV\ISIC_0032480.jpg,isic_0032480,5,2ed99c02ccb5a36c0edf4672ba6d2ed73ce39af5b3526a8f0b674f498b37a346,19166,3
C:\SRS(ISIC_2019)\Dataset\NV\ISIC_0032494.jpg,isic_0032494,5,5084d8f876404076dcc7f0471bea60fc28975ec8b2f8a4a93f710f6ad7138a0a,19177,3
C:\SRS(ISIC_2019)\Dataset\NV\ISIC_0032502.jpg,isic_0032502,5,2babfa823e83b1384b30fe82bb4ea3654815ad907086a4c3fdf37f5c85256a33,19183,3
C:\SRS(ISIC_2019)\Dataset\NV\ISIC_0032505.jpg,isic_0032505,5,19e9bbd9278ee6db72d9f00cfb9368d0c7efaddbe669c225fd8d96f9d1d8dfd5,19185,3
C:\SRS(ISIC_2019)\Dataset\NV\ISIC_0032515.jpg,isic_0032515,5,9d4766b0ea650bcd039f4c645462d203fa5c2f4f439274be71b8d53d040d1fab,19190,3
C:\SRS(ISIC_2019)\Dataset\NV\ISIC_0032519.jpg,isic_0032519,5,6d01c34fd238bd5ad0c4f96edf43e037ae216fc7d426a15eca5d22013d73267c,19193,3
C:\SRS(ISIC_2019)\Dataset\NV\ISIC_0032530.jpg,isic_0032530,5,e05c30c7745026b16cc00ee5c4b9624321b608f861c3b7609b3beeb0e5d6d678,19202,3
C:\SRS(ISIC_2019)\Dataset\NV\ISIC_0032539.jpg,isic_0032539,5,2ba680fb44af450f8361ecf4e3843c055bb0da303cf1793daf835b13533568dc,19203,3
C:\SRS(ISIC_2019)\Dataset\NV\ISIC_0032540.jpg,isic_0032540,5,58ba29c35d813871e30cb0bee2689a7d04c37c97c62b2cdaed0d0df278b968bc,19204,3
C:\SRS(ISIC_2019)\Dataset\NV\ISIC_0032563.jpg,isic_0032563,5,ca22e5616f0ec52ee3bf92c3921aadee9147e300697ad79705c3270da0829f8e,19218,3
C:\SRS(ISIC_2019)\Dataset\NV\ISIC_0032568.jpg,isic_0032568,5,49c78d4f2163a4469d683eaa5d7910907689c049a6a1481970cacf8b794ac2cc,19221,3
C:\SRS(ISIC_2019)\Dataset\NV\ISIC_0032573.jpg,isic_0032573,5,13f280f8dec143156d114e0dbda969c525c25ed7d8c90da8cb4b561f814a4a64,19224,3
C:\SRS(ISIC_2019)\Dataset\NV\ISIC_0032575.jpg,isic_0032575,5,f83b1d098e70f3c2408abb304f9db13984a4164886f880a76d54ce105e7d62e7,19226,3
C:\SRS(ISIC_2019)\Dataset\NV\ISIC_0032587.jpg,isic_0032587,5,b5ba7171e3984a05a88e5aee454e33a44abfcc10d5fdcbefd8ee637357301072,19235,3
C:\SRS(ISIC_2019)\Dataset\NV\ISIC_0032589.jpg,isic_0032589,5,56b043fbfe86f7ecf8a70f0188d14ab6a4a054d4b69cce4c5c0f8e4a169014bc,19237,3
C:\SRS(ISIC_2019)\Dataset\NV\ISIC_0032595.jpg,isic_0032595,5,ea7c1f4063e4b1006a92e0828608178cf7fdd8d820105024ae7147926bccb951,19242,3
C:\SRS(ISIC_2019)\Dataset\NV\ISIC_0032600.jpg,isic_0032600,5,36eb699ac44b82d92efb67c5c37ca28c7b6bec510fed685fc65febdd81a72fce,19244,3
C:\SRS(ISIC_2019)\Dataset\NV\ISIC_0032601.jpg,isic_0032601,5,196ae1dfac25be91d2e00e9e0cf58407f77cef98da13fd061da778dd0328dec9,19245,3
C:\SRS(ISIC_2019)\Dataset\NV\ISIC_0032606.jpg,isic_0032606,5,fe93f95a7eb36f80f8b98de520ebc48ae4cc9d80e05b9851963057b9a52fab77,19247,3
C:\SRS(ISIC_2019)\Dataset\NV\ISIC_0032616.jpg,isic_0032616,5,db97332992c8e2726aa6fc6433b5ab1755b721c683b2c56cd17a8af20d839bda,19253,3
C:\SRS(ISIC_2019)\Dataset\NV\ISIC_0032621.jpg,isic_0032621,5,fd19ccce05b974e40147d09eafeaf31261a109399103560f1992152306e82499,19256,3
C:\SRS(ISIC_2019)\Dataset\NV\ISIC_0032623.jpg,isic_0032623,5,e2f65fcaf0f998c188fc723da73f8800a196b00ca653936fc561ed710e52eaeb,19257,3
C:\SRS(ISIC_2019)\Dataset\NV\ISIC_0032625.jpg,isic_0032625,5,86bb7e98020e74fd2b45095120a827cdc675eac79e492ae5bde831fe699c62a9,19258,3
C:\SRS(ISIC_2019)\Dataset\NV\ISIC_0032640.jpg,isic_0032640,5,1ae46e942b8993d42e2827eacf9e1c361393fbf26aea1257a457181b4517bf85,19267,3
C:\SRS(ISIC_2019)\Dataset\NV\ISIC_0032658.jpg,isic_0032658,5,27821ec569e03aa30219bd23dba2db3713289e22ec3cac76e9b7d49c66cbdc0e,19277,3
C:\SRS(ISIC_2019)\Dataset\NV\ISIC_0032673.jpg,isic_0032673,5,bd13c3aeda87d4adaa56bb07d9713cbce2339feb3b9f8a29eaf20715ebd21be9,19288,3
C:\SRS(ISIC_2019)\Dataset\NV\ISIC_0032676.jpg,isic_0032676,5,657344cfdd508d9b16c4c4b04a460f5934b32e4ffa6df4e92ca7c3d314806965,19290,3
C:\SRS(ISIC_2019)\Dataset\NV\ISIC_0032677.jpg,isic_0032677,5,74767696827cfc1063b98756c6f4ffde01fb1df2b1c4db0c6c7e289924db0098,19291,3
C:\SRS(ISIC_2019)\Dataset\NV\ISIC_0032680.jpg,isic_0032680,5,5703b3b1b0266874fc5a85bcfc5720783e269925a2f4786acb819816e1177229,19294,3
C:\SRS(ISIC_2019)\Dataset\NV\ISIC_0032691.jpg,isic_0032691,5,e4bd5cd124ce894dc5985783b2a4751f97547e8c8f641a3c993270b6e1271d3e,19299,3
C:\SRS(ISIC_2019)\Dataset\NV\ISIC_0032693.jpg,isic_0032693,5,b9f184f8382b74b6c4924174be88ff6bd66ac2279cb00f9b41fa71b2d960ac05,19300,3
C:\SRS(ISIC_2019)\Dataset\NV\ISIC_0032721.jpg,isic_0032721,5,425703416fd84844a164210f6436bbe005c72c717a6fc9e8382392d4f2a22e78,19318,3
C:\SRS(ISIC_2019)\Dataset\NV\ISIC_0032729.jpg,isic_0032729,5,ffbe52e825bce67b73ad6a54108659aea1536d238aba15568f5da7b5d5dd88d1,19320,3
C:\SRS(ISIC_2019)\Dataset\NV\ISIC_0032731.jpg,isic_0032731,5,4ce39eb2fbabcfc8e9bf424f9505923b9347ce67154d40b30146735f14d39b60,19321,3
C:\SRS(ISIC_2019)\Dataset\NV\ISIC_0032743.jpg,isic_0032743,5,f80e1c4aae9689bd4ae63235f1712c3e851091ce63aedaee8ca9152c3fe0042e,19328,3
C:\SRS(ISIC_2019)\Dataset\NV\ISIC_0032746.jpg,isic_0032746,5,889a4d936fdb478fc05a0a1375594d9d67b67d09671f18c9754e66dd4da4ee62,19330,3
C:\SRS(ISIC_2019)\Dataset\NV\ISIC_0032752.jpg,isic_0032752,5,11b103e6e06d6ffefb204f9bb1b0e78e63bea7de72669c96bcf78a5ed77ceb7a,19334,3
C:\SRS(ISIC_2019)\Dataset\NV\ISIC_0032761.jpg,isic_0032761,5,c74210ecc9cd9aebb3f40acf347cd18d84d92c5b1eabe0636ec9332f9567a553,19341,3
C:\SRS(ISIC_2019)\Dataset\NV\ISIC_0032765.jpg,isic_0032765,5,424946522de7bec7112bf2fad7b911d3260509e920b3c4371e409b4a4e55aef1,19344,3
C:\SRS(ISIC_2019)\Dataset\NV\ISIC_0032772.jpg,isic_0032772,5,6222076ecc3e0fd2939b78a95e8a57c9f65e2f18a143f75cdeeb7e4b5c90f8f4,19349,3
C:\SRS(ISIC_2019)\Dataset\NV\ISIC_0032780.jpg,isic_0032780,5,567a27cefe3bf153cf951842dd91d474507630cf835a8214c269944a1d09814a,19351,3
C:\SRS(ISIC_2019)\Dataset\NV\ISIC_0032784.jpg,isic_0032784,5,8137e7340e1b3637953fba5b51c0b6dda0dda5ed24f4e197b71d2a68395ad604,19354,3
C:\SRS(ISIC_2019)\Dataset\NV\ISIC_0032787.jpg,isic_0032787,5,62bf6e585530a4d55334b5eaee987843fb779448c04172dc976e80e4a6c845e5,19357,3
C:\SRS(ISIC_2019)\Dataset\NV\ISIC_0032791.jpg,isic_0032791,5,cd121fd2847c8998127725cccf75cd4a889e45cb2e010a9b3104b40d737ce134,19360,3
C:\SRS(ISIC_2019)\Dataset\NV\ISIC_0032813.jpg,isic_0032813,5,c3a143ed9d2e54e3cd564a31713284552e5652b01c20342493d3944a9f800965,19374,3
C:\SRS(ISIC_2019)\Dataset\NV\ISIC_0032814.jpg,isic_0032814,5,b69ca912713205db8eb85b0b2c9cafdb1971f60f17670d9f77e1cb4de1d8ba85,19375,3
C:\SRS(ISIC_2019)\Dataset\NV\ISIC_0032815.jpg,isic_0032815,5,5326717fff2b726164e28009173419b49d2a4d2244647ec359fb0759f9d731fd,19376,3
C:\SRS(ISIC_2019)\Dataset\NV\ISIC_0032819.jpg,isic_0032819,5,de3f082e607f26686c60aa0e26d5121dec53f35ec869bc504cb3f1d20ebca519,19379,3
C:\SRS(ISIC_2019)\Dataset\NV\ISIC_0032837.jpg,isic_0032837,5,5114814cf3cb022b063e3b068494a6b328a1b7319440e04fc20c86a35c39b2c0,19389,3
C:\SRS(ISIC_2019)\Dataset\NV\ISIC_0032848.jpg,isic_0032848,5,ff60a2abc7d78e35663dad45ba67709e8cd707811fbb32b5eca53eb30fdd955e,19392,3
C:\SRS(ISIC_2019)\Dataset\NV\ISIC_0032860.jpg,isic_0032860,5,e21179116f6799731e6e8780295b5c1659c9e0f7c46bf1733c47fce9e12b3da7,19400,3
C:\SRS(ISIC_2019)\Dataset\NV\ISIC_0032878.jpg,isic_0032878,5,e57115f6c4fb08f38bb28e6a7baefb3ab0a4e5c8cda5143ca8d025b6a294ad97,19407,3
C:\SRS(ISIC_2019)\Dataset\NV\ISIC_0032891.jpg,isic_0032891,5,028c454b7d4f7c4eb410bf8b434f6ba1f6cb9d84814dc0c8158915044345b459,19415,3
C:\SRS(ISIC_2019)\Dataset\NV\ISIC_0032901.jpg,isic_0032901,5,7dcb6ac2d36ee544764392fd5b27e6615d64a8940a976c9b99363c39df1a84cd,19421,3
C:\SRS(ISIC_2019)\Dataset\NV\ISIC_0032912.jpg,isic_0032912,5,08f4a9ca71d046fff11b70c6b6896a830a35ad1da7876658a380793bdc4fc67d,19430,3
C:\SRS(ISIC_2019)\Dataset\NV\ISIC_0032914.jpg,isic_0032914,5,c4f68c4a3874b3d9903fdd3576589d2303aab82a86e420ed64fee8b94e055459,19431,3
C:\SRS(ISIC_2019)\Dataset\NV\ISIC_0032939.jpg,isic_0032939,5,e85c52cbae791fb3e6f59d3a5d0a1b102ce33b77550139c38561f5130cbc50d2,19444,3
C:\SRS(ISIC_2019)\Dataset\NV\ISIC_0032943.jpg,isic_0032943,5,798c40ff80c2d691ef3f513c416c9823c93e98c6c7192675efb318e56956833e,19446,3
C:\SRS(ISIC_2019)\Dataset\NV\ISIC_0032948.jpg,isic_0032948,5,713c71ef6fa7f93e45aa03b3d1a3f27f722a08ba6282b6eef66a4d26835d333e,19450,3
C:\SRS(ISIC_2019)\Dataset\NV\ISIC_0032964.jpg,isic_0032964,5,7461b9d3402c3bdcf6cb88e18d2a245397b0412887874598e351782ecdc8d295,19460,3
C:\SRS(ISIC_2019)\Dataset\NV\ISIC_0032974.jpg,isic_0032974,5,052c516f18070efb522f2b742810b0f9b9a41b39520ab8ab4dea706834296842,19465,3
C:\SRS(ISIC_2019)\Dataset\NV\ISIC_0032980.jpg,isic_0032980,5,ca465eae0ccdd4538f74980a1c2afbbe4b0826c43a22b5310e4a237648901bf6,19468,3
C:\SRS(ISIC_2019)\Dataset\NV\ISIC_0032989.jpg,isic_0032989,5,68543431e8328b061d54308ae8d7ffa0103b594f410f7a6e8501b9290719e0a4,19470,3
C:\SRS(ISIC_2019)\Dataset\NV\ISIC_0033010.jpg,isic_0033010,5,9d2109d6c2783c1866539be1c37cad99ad5d418cf718bb6bea48fa29a25d1fa7,19484,3
C:\SRS(ISIC_2019)\Dataset\NV\ISIC_0033011.jpg,isic_0033011,5,dcfb60baecceef3483b5937797a69b11f92a3e204f685feaaab6f5305cd64942,19485,3
C:\SRS(ISIC_2019)\Dataset\NV\ISIC_0033014.jpg,isic_0033014,5,3e0e967378cf7b4eebbf7a4c72333961a79762cadc7e11795fa91d32d8619249,19487,3
C:\SRS(ISIC_2019)\Dataset\NV\ISIC_0033015.jpg,isic_0033015,5,0c885d05cb48567363d99b7b174d96db21afe658e14f6e8cae2a1eadfd0a9fae,19488,3
C:\SRS(ISIC_2019)\Dataset\NV\ISIC_0033032.jpg,isic_0033032,5,58b0c3960b4a1c7c9b59d458c059bea25a3d46177999a338b99959a46c00a781,19496,3
C:\SRS(ISIC_2019)\Dataset\NV\ISIC_0033035.jpg,isic_0033035,5,878b0ea06a0d59805cca59c834d5bdeece9b65db3b64bc7795d43dab9b4c18d9,19498,3
C:\SRS(ISIC_2019)\Dataset\NV\ISIC_0033036.jpg,isic_0033036,5,ea38a9769735597e25491b78758401f0404f41951d13e888ba52096e2f0455d2,19499,3
C:\SRS(ISIC_2019)\Dataset\NV\ISIC_0033040.jpg,isic_0033040,5,c9f5ed24335bc375bbccaa5d7af50897702023dd39e430c098ead1680a00044a,19501,3
C:\SRS(ISIC_2019)\Dataset\NV\ISIC_0033046.jpg,isic_0033046,5,f3a4711b868ae016c9db5d22c6da8cd10ca3376e856357951f45198570df2e3a,19505,3
C:\SRS(ISIC_2019)\Dataset\NV\ISIC_0033052.jpg,isic_0033052,5,b012f5fbeda345307db0d9558f43c2f6e5c5871c638474a66a5c96e24c4d8226,19508,3
C:\SRS(ISIC_2019)\Dataset\NV\ISIC_0033064.jpg,isic_0033064,5,e7235739c799c8ebaebd875c3faf1504a134e492be299edeae1ad2012b411a0b,19514,3
C:\SRS(ISIC_2019)\Dataset\NV\ISIC_0033077.jpg,isic_0033077,5,3f50513b2c7c389cdee64092ac6fbad8f084a1f193341a0d100929cae429f9e6,19524,3
C:\SRS(ISIC_2019)\Dataset\NV\ISIC_0033091.jpg,isic_0033091,5,bac611c424f6a1e57b316bf9d2a5195c2df212d6d975195f6a6681ffcf56adae,19533,3
C:\SRS(ISIC_2019)\Dataset\NV\ISIC_0033094.jpg,isic_0033094,5,c59e11084f1b93744fd75fd7d6eb9dcad05644478f5e9cbfeaddf05e76508625,19535,3
C:\SRS(ISIC_2019)\Dataset\NV\ISIC_0033097.jpg,isic_0033097,5,4ef9cc8ad19334d7c3056d2365dc5f5b122088c92a05c40615d5beef4ffe8620,19538,3
C:\SRS(ISIC_2019)\Dataset\NV\ISIC_0033098.jpg,isic_0033098,5,eaeaac9073533c1caa3c6035909512170e44806d139f37f1092b5ae9272db977,19539,3
C:\SRS(ISIC_2019)\Dataset\NV\ISIC_0033101.jpg,isic_0033101,5,a0d6b9581f1562d577918e73d6ef3bcf609ccdae22be4766736289693e9c3056,19541,3
C:\SRS(ISIC_2019)\Dataset\NV\ISIC_0033106.jpg,isic_0033106,5,d74f44c07f6010fea2cc905297274bd24c603af18e91398a00b66790945bfbb6,19545,3
C:\SRS(ISIC_2019)\Dataset\NV\ISIC_0033116.jpg,isic_0033116,5,6d38e7d198a0c006f6ab58f439c90db3629eb53e06c07d8378a75bd8f4f97362,19554,3
C:\SRS(ISIC_2019)\Dataset\NV\ISIC_0033121.jpg,isic_0033121,5,949fe262e79c761aff1aef06fd172ba86630a76916f0b598d7d9d2a2c77dbd0a,19557,3
C:\SRS(ISIC_2019)\Dataset\NV\ISIC_0033165.jpg,isic_0033165,5,3035f37fdb38a2a118633579a294c4937f97cf89ce3f3d771bd85b1fcc275427,19586,3
C:\SRS(ISIC_2019)\Dataset\NV\ISIC_0033177.jpg,isic_0033177,5,01df2fcec5cab6285fe76fad1782e3491a3c6bd348793c919829cb8048da6d36,19593,3
C:\SRS(ISIC_2019)\Dataset\NV\ISIC_0033210.jpg,isic_0033210,5,94bba6dc104ff794d6b591cdd2502193d0b57c83979376a7ee1b2dd514729b45,19607,3
C:\SRS(ISIC_2019)\Dataset\NV\ISIC_0033211.jpg,isic_0033211,5,ea064c20e3c596a8cbc51ceb1eb55d513e10dca89427922998f79953216b5352,19608,3
C:\SRS(ISIC_2019)\Dataset\NV\ISIC_0033223.jpg,isic_0033223,5,0ccdd556a8c38522d2ee5b6af56ec060453b35641c40abaa5bd5cbe6415cfa44,19616,3
C:\SRS(ISIC_2019)\Dataset\NV\ISIC_0033255.jpg,isic_0033255,5,0c91251af9eb9b9d5362903d27b6ecf97b23c9697ffee9467df89f6f26d47a68,19635,3
C:\SRS(ISIC_2019)\Dataset\NV\ISIC_0033265.jpg,isic_0033265,5,c0e5fea55fa8b9e0a46892e648af500ebed277e409efc6dae9c84bc8ff4c4c8d,19638,3
C:\SRS(ISIC_2019)\Dataset\NV\ISIC_0033293.jpg,isic_0033293,5,cfce6ae89c16d978b781197d30b00a0f03824b62d02de1439f532dac1eaa5ded,19652,3
C:\SRS(ISIC_2019)\Dataset\NV\ISIC_0033315.jpg,isic_0033315,5,9721795c32205a8bcd5cd2f8acd1e793f702ad5ac3299c21542ac62594e72057,19663,3
C:\SRS(ISIC_2019)\Dataset\NV\ISIC_0033326.jpg,isic_0033326,5,0beaed6369228c9c4c384a5aef9366ad9dc499916b4ae740faddcacd8b93288b,19667,3
C:\SRS(ISIC_2019)\Dataset\NV\ISIC_0033334.jpg,isic_0033334,5,5a145839f2b90c6654c070cf3600890b08974718447a159fd67e6a3b0430bd15,19674,3
C:\SRS(ISIC_2019)\Dataset\NV\ISIC_0033338.jpg,isic_0033338,5,f3b964ad8e5965192d7d4269beae2c4955b8bc5f1b43b547b83600d5ba0653c4,19676,3
C:\SRS(ISIC_2019)\Dataset\NV\ISIC_0033373.jpg,isic_0033373,5,f338c581f95157da8f5f55531d00f63a70a2ba637271a86447af89500ee4e5ed,19701,3
C:\SRS(ISIC_2019)\Dataset\NV\ISIC_0033396.jpg,isic_0033396,5,8bb5be41ba19ff046f2c7ffa577ccb9320ce2c192174c4bb619703c6c8b6ae95,19716,3
C:\SRS(ISIC_2019)\Dataset\NV\ISIC_0033407.jpg,isic_0033407,5,de849fb284caecaa7f7474a433e626bd04335b07490eb5959eeaf1f291551ac2,19722,3
C:\SRS(ISIC_2019)\Dataset\NV\ISIC_0033408.jpg,isic_0033408,5,66eb6f5b3f55aaa2f8d5dbb1b9b773891567cb4fca836594a153102908d01b4b,19723,3
C:\SRS(ISIC_2019)\Dataset\NV\ISIC_0033439.jpg,isic_0033439,5,4c7891b70d3ea1b603723bff861bebaaf2a5615103b25592ebb55119c7344304,19740,3
C:\SRS(ISIC_2019)\Dataset\NV\ISIC_0033448.jpg,isic_0033448,5,b366183ef82db6a6d0ef248600e4c1884e45ca2281c3ae69d6764bda7da37570,19746,3
C:\SRS(ISIC_2019)\Dataset\NV\ISIC_0033481.jpg,isic_0033481,5,5972a406f3ab4e46444b8a0b7753b35f0335ad309df289385362230ee7c93c4f,19761,3
C:\SRS(ISIC_2019)\Dataset\NV\ISIC_0033525.jpg,isic_0033525,5,53b9c49afd41a888ec79517580811be6f1efb6108d4a9e5971e8930b1c214a05,19783,3
C:\SRS(ISIC_2019)\Dataset\NV\ISIC_0033535.jpg,isic_0033535,5,c972755dbe98c35515ed728231d871d1b6dca2279e74d66b0c6ed8dfd40de699,19787,3
C:\SRS(ISIC_2019)\Dataset\NV\ISIC_0033537.jpg,isic_0033537,5,59230dfea6b321408edb6f3edf52c93b8b1f5c5016232da060cfe4ceeceff332,19788,3
C:\SRS(ISIC_2019)\Dataset\NV\ISIC_0033542.jpg,isic_0033542,5,93b116c20a09eb8b6d2fd09d9a325c151b1aa97d212e25da9d277e18ec7ae17b,19791,3
C:\SRS(ISIC_2019)\Dataset\NV\ISIC_0033561.jpg,isic_0033561,5,5b573b1ac330f9099513eeb2177c75fa2c16b2abf35702d2f44ca07aa437911c,19802,3
C:\SRS(ISIC_2019)\Dataset\NV\ISIC_0033564.jpg,isic_0033564,5,f5c9a8942ca9b121f9cea3b9d105903faae71e1bceecbf62065ddfc56c75dec9,19804,3
C:\SRS(ISIC_2019)\Dataset\NV\ISIC_0033574.jpg,isic_0033574,5,f6986eb6cf3d4c9676d82c06d4326f5cde113bff4e18e638acc86eb4134e2894,19808,3
C:\SRS(ISIC_2019)\Dataset\NV\ISIC_0033621.jpg,isic_0033621,5,339287677f83547370afc71dfb0e66b00140293c57bd7d23eb25c15f752bf617,19829,3
C:\SRS(ISIC_2019)\Dataset\NV\ISIC_0033645.jpg,isic_0033645,5,0739235c2945f2bec0cf6e4c1aa7e6c2dddd9b8aa36df0e067bbd73ec36cc5e4,19842,3
C:\SRS(ISIC_2019)\Dataset\NV\ISIC_0033650.jpg,isic_0033650,5,6e18004115a851fcb9267121b24b8de0d866f80e0ed65c904766c63afd1b2993,19846,3
C:\SRS(ISIC_2019)\Dataset\NV\ISIC_0033665.jpg,isic_0033665,5,48aa27c438b0e8cbad5863a029f925bc5a870f0ab8ee087624c2b2afe3250a98,19853,3
C:\SRS(ISIC_2019)\Dataset\NV\ISIC_0033671.jpg,isic_0033671,5,9e4f1da0d3b2d6765152c8ab990c4a386afc916ecad62e87edaf975fb71c963c,19856,3
C:\SRS(ISIC_2019)\Dataset\NV\ISIC_0033672.jpg,isic_0033672,5,a7b06cc52932565cb374ee5daaced5bae492c9475a0ac550a693d8b058066154,19857,3
C:\SRS(ISIC_2019)\Dataset\NV\ISIC_0033684.jpg,isic_0033684,5,710dcc273894f47a66f38cedc06c831bfcd13ef8f0ad0c2ddd0754c7bc93b2cf,19864,3
C:\SRS(ISIC_2019)\Dataset\NV\ISIC_0033690.jpg,isic_0033690,5,762dfb4cb3c6054fdcdeaccf9045bfea026ef9aad8600ef018f572bb59f0ef0f,19868,3
C:\SRS(ISIC_2019)\Dataset\NV\ISIC_0033698.jpg,isic_0033698,5,4b5dee4834985b63c4c6cf06c5261016bf8a6a22ad8680158b032a334a017280,19872,3
C:\SRS(ISIC_2019)\Dataset\NV\ISIC_0033703.jpg,isic_0033703,5,9750386a90817cf93d489a452f0c932c4127276fada20cbdc0386b59ea49c290,19875,3
C:\SRS(ISIC_2019)\Dataset\NV\ISIC_0033706.jpg,isic_0033706,5,f22e1ba68838826a957d4fee85c94d9c90a034e5706fdf8fe2560ab65d79e295,19876,3
C:\SRS(ISIC_2019)\Dataset\NV\ISIC_0033734.jpg,isic_0033734,5,20d5fa87d69461ea1d9446bc0c719590427535548a578e276afa07cbaab2f996,19892,3
C:\SRS(ISIC_2019)\Dataset\NV\ISIC_0033741.jpg,isic_0033741,5,66ea560a44d3e79bf544e4824655d34f3ae7ec18b215966bbc2306fe00251967,19898,3
C:\SRS(ISIC_2019)\Dataset\NV\ISIC_0033764.jpg,isic_0033764,5,f91432c9256b290095734bc6998ff30fe2afb307451e0acfbb62938264b9f79f,19912,3
C:\SRS(ISIC_2019)\Dataset\NV\ISIC_0033771.jpg,isic_0033771,5,1d4a1d271f2b0bc6510ddc68f2edb86228d670d29dcf94c37e7d208762e5aa40,19918,3
C:\SRS(ISIC_2019)\Dataset\NV\ISIC_0033794.jpg,isic_0033794,5,f738d51746a89a15f90baa0ec4de7578ef60bcfaf99924794dd273ccb8870680,19931,3
C:\SRS(ISIC_2019)\Dataset\NV\ISIC_0033797.jpg,isic_0033797,5,303f3fe49714cd054a45e5034763f3ee9eccaa490c0c7ee7178b3aeab1f7e970,19934,3
C:\SRS(ISIC_2019)\Dataset\NV\ISIC_0033815.jpg,isic_0033815,5,24944e5915934a65aa7dc1ae6cde273211f181690aa98c6c7de7367d717937bd,19940,3
C:\SRS(ISIC_2019)\Dataset\NV\ISIC_0033816.jpg,isic_0033816,5,975bfa9c55fc7b491dc7bcc372ddb7449c5f3ab12416ba8d76682e6491e9b019,19941,3
C:\SRS(ISIC_2019)\Dataset\NV\ISIC_0033818.jpg,isic_0033818,5,f540cde5dcc9d2e580e457fa082d6acaf00586281f9bd4704f7f7ef4a8e1ffca,19942,3
C:\SRS(ISIC_2019)\Dataset\NV\ISIC_0033825.jpg,isic_0033825,5,fc0d6337e8df63135322da266a12f36d5e991ab8723e935637c76a174ac51e0a,19947,3
C:\SRS(ISIC_2019)\Dataset\NV\ISIC_0033846.jpg,isic_0033846,5,a83b40be1bfc94fa25ce20b0ad72975f3477fb241adc736f004ccd2be0591266,19962,3
C:\SRS(ISIC_2019)\Dataset\NV\ISIC_0033850.jpg,isic_0033850,5,e6c92f1be9f43edbe23c8e83ba269a4fe889c40845473b230faf774d3490362f,19964,3
C:\SRS(ISIC_2019)\Dataset\NV\ISIC_0033852.jpg,isic_0033852,5,49895702b651cf75df271e83e157cd444e986d9cadb12622a5be8da86a2f1fb6,19966,3
C:\SRS(ISIC_2019)\Dataset\NV\ISIC_0033859.jpg,isic_0033859,5,b0ae45a7ebd6caf5fa282679951aab051d76ba6080a5439d5c760fb670f3bb89,19969,3
C:\SRS(ISIC_2019)\Dataset\NV\ISIC_0033861.jpg,isic_0033861,5,45a38c0f77a8e37d5e684d20d87cb744cbc0233f7fb683195c50bd7de043604c,19970,3
C:\SRS(ISIC_2019)\Dataset\NV\ISIC_0033875.jpg,isic_0033875,5,0d34e0d8237580c9188185bff33e9702e46b5a8629c1d5a1b157de3123bc1afb,19976,3
C:\SRS(ISIC_2019)\Dataset\NV\ISIC_0033876.jpg,isic_0033876,5,f36d27959778d359806e165a50d8d90cbe785857e69ad1fb62423597ea577e1b,19977,3
C:\SRS(ISIC_2019)\Dataset\NV\ISIC_0033909.jpg,isic_0033909,5,b8a4472f236f964c7ec081daf901a20e5b3c10af08db6398536d6baee31fd78b,19996,3
C:\SRS(ISIC_2019)\Dataset\NV\ISIC_0033914.jpg,isic_0033914,5,6327b903a26fcfd455dce1bb0672c87a28b49b71bfae1a02285b72eca7e5ee16,19998,3
C:\SRS(ISIC_2019)\Dataset\NV\ISIC_0033916.jpg,isic_0033916,5,f899be7ae4a4f137963ef95dad39db9a052bd2e4dd00f9770bc2f36397356110,20000,3
C:\SRS(ISIC_2019)\Dataset\NV\ISIC_0033919.jpg,isic_0033919,5,adbffe820ed1824e80e1c2127a3172df31b487eef83e2da3dbaad0a2093cd1a7,20003,3
C:\SRS(ISIC_2019)\Dataset\NV\ISIC_0033922.jpg,isic_0033922,5,b665cebd0d673b7cddb964b88fc1d3091bb36b2d9abb10b21a1f45921828758a,20006,3
C:\SRS(ISIC_2019)\Dataset\NV\ISIC_0033948.jpg,isic_0033948,5,5f09ebc8be3f5ac271bd740c45a31933ef6f24313b03341e2691913d39bb61dc,20024,3
C:\SRS(ISIC_2019)\Dataset\NV\ISIC_0033959.jpg,isic_0033959,5,6b21317f3ba98b31dbef24d88c6d82a4d662e1a06d8fbec0864e7da66709dc9d,20030,3
C:\SRS(ISIC_2019)\Dataset\NV\ISIC_0033963.jpg,isic_0033963,5,ac9a795b0129dce07b967044f637f45f21d22875d12b6bc22d6ef6d026910c89,20033,3
C:\SRS(ISIC_2019)\Dataset\NV\ISIC_0033966.jpg,isic_0033966,5,20243728719474982472340e901cdde14c8aeb0333f002e80a5839106a83cd1d,20036,3
C:\SRS(ISIC_2019)\Dataset\NV\ISIC_0033976.jpg,isic_0033976,5,e95c06cb1118b30d6769a32ef616d89b1660d20055ee3fe9fd61c19bc4a38d51,20041,3
C:\SRS(ISIC_2019)\Dataset\NV\ISIC_0033997.jpg,isic_0033997,5,215fae6631cc34d23b3d90148b8099fb9ac911be0a13460241764fb85bf5a210,20053,3
C:\SRS(ISIC_2019)\Dataset\NV\ISIC_0033998.jpg,isic_0033998,5,159c0c599651e32707920eb3b28cb56e1e4add231d14eb596e7abab7f18b69f7,20054,3
C:\SRS(ISIC_2019)\Dataset\NV\ISIC_0034019.jpg,isic_0034019,5,49cd116f68c821ec09af6bcc291c16c3d169129eee9ca3d4248b985756c15621,20065,3
C:\SRS(ISIC_2019)\Dataset\NV\ISIC_0034033.jpg,isic_0034033,5,a07ee28db8ce36b31b6c1e36451c27eff48647cb06e8cfeca28195eeb09dfd92,20074,3
C:\SRS(ISIC_2019)\Dataset\NV\ISIC_0034041.jpg,isic_0034041,5,8dfcb06045c218d2b2f419b842873ae7f99dea0d951dea3e5132ccf1a4909086,20078,3
C:\SRS(ISIC_2019)\Dataset\NV\ISIC_0034063.jpg,isic_0034063,5,21c898d1b77b09a1194e3a175de2cdc1e7ff0c04482be81e7bd96e2c07d9ba24,20088,3
C:\SRS(ISIC_2019)\Dataset\NV\ISIC_0034077.jpg,isic_0034077,5,471a53309b2a86d8c898c388dd6612088c9db90a1e2d877095fac0363f705129,20094,3
C:\SRS(ISIC_2019)\Dataset\NV\ISIC_0034081.jpg,isic_0034081,5,e7fafd4fab7215eee6b6728bac6f7a92bfae40c11d34deb213c35759533091f6,20098,3
C:\SRS(ISIC_2019)\Dataset\NV\ISIC_0034082.jpg,isic_0034082,5,3b2df5e5fdea867fb49ad119ae365ea0d71604382ea80834537fee05d02d5282,20099,3
C:\SRS(ISIC_2019)\Dataset\NV\ISIC_0034083.jpg,isic_0034083,5,966e0477b02936aa7010b170fd675c72f0186876177144b747df8303b8be218f,20100,3
C:\SRS(ISIC_2019)\Dataset\NV\ISIC_0034091.jpg,isic_0034091,5,1c7488af92684b654a54952fb812c995a0137ddb8daa19b7d1412bfc72af7cff,20105,3
C:\SRS(ISIC_2019)\Dataset\NV\ISIC_0034130.jpg,isic_0034130,5,b16db6be5c9fac456fd47fa4d47f97ba3bbf44c4f8ecae14f81d76933e225b1d,20125,3
C:\SRS(ISIC_2019)\Dataset\NV\ISIC_0034146.jpg,isic_0034146,5,07c327f0503c13a6a2de62fd6cf00c83f757406c797ea9c1f0f74e7defe233af,20133,3
C:\SRS(ISIC_2019)\Dataset\NV\ISIC_0034154.jpg,isic_0034154,5,aca0515853650d01c7abfc92ea72f81d2fb95d2abf6afc62b7010bbf6396f1db,20139,3
C:\SRS(ISIC_2019)\Dataset\NV\ISIC_0034157.jpg,isic_0034157,5,380a1e12d30c5fd3ca3fe3cd01f1b1e50dd3201745ecf35493204d46ee419820,20141,3
C:\SRS(ISIC_2019)\Dataset\NV\ISIC_0034191.jpg,isic_0034191,5,2ec648fc7117a098af1f4ae6a22304805e4843baf5436fe3928d2fa9875d8077,20158,3
C:\SRS(ISIC_2019)\Dataset\NV\ISIC_0034195.jpg,isic_0034195,5,34c0e883bcce4a6ad9f7e08fe927533f70d67d728ff2cc82a4057ac8d7ecc6c8,20162,3
C:\SRS(ISIC_2019)\Dataset\NV\ISIC_0034199.jpg,isic_0034199,5,9e822023a9cd1524c2186ffa5504bdf79940cf016a8c76f2dd8d65f721159868,20164,3
C:\SRS(ISIC_2019)\Dataset\NV\ISIC_0034209.jpg,isic_0034209,5,0fc8542aa1e320dec6acba7c1aeb92aece93f6905d9a5a27f5aee32e7ef54854,20170,3
C:\SRS(ISIC_2019)\Dataset\NV\ISIC_0034210.jpg,isic_0034210,5,dff86310d6c20ac322886f70f55d3dec8c4019833a3bd5dfb55db34be114bd95,20171,3
C:\SRS(ISIC_2019)\Dataset\NV\ISIC_0034212.jpg,isic_0034212,5,8ac0ddfae871d75dd7c26525448ebd51b7eb4a1cc1e62ddf54aae6a4f5200c50,20172,3
C:\SRS(ISIC_2019)\Dataset\NV\ISIC_0034215.jpg,isic_0034215,5,7639e3091103d9a11644793e90512e99890f2d558aba5b841ad492f48d0efa78,20174,3
C:\SRS(ISIC_2019)\Dataset\NV\ISIC_0034219.jpg,isic_0034219,5,3bc72342e880e583083404dea70901c438ba3354e1bb636dbfa837318e34568f,20176,3
C:\SRS(ISIC_2019)\Dataset\NV\ISIC_0034231.jpg,isic_0034231,5,5027202e4fd7765de86115de24b56904bb072f36d7e8cc1b4715da324828ec87,20185,3
C:\SRS(ISIC_2019)\Dataset\NV\ISIC_0034234.jpg,isic_0034234,5,b19cdfb846735d18fca4a6cf5f1525fd84d98dd05cade7561145c31f674107ab,20187,3
C:\SRS(ISIC_2019)\Dataset\NV\ISIC_0034238.jpg,isic_0034238,5,73de95e9ef0c23591c16ec50effe692b3f7e96b1ea4fd841a15f0dfc7e7d6410,20189,3
C:\SRS(ISIC_2019)\Dataset\NV\ISIC_0034241.jpg,isic_0034241,5,7c2767b5b798baddc5a7231b3930d76b12debde34d8bf3300a8caba03fa3b89c,20191,3
C:\SRS(ISIC_2019)\Dataset\NV\ISIC_0034248.jpg,isic_0034248,5,ba77992006e89c9db8d39e4b4a5025e5f8f2bb62b4198aa565d6f116fdf0f613,20195,3
C:\SRS(ISIC_2019)\Dataset\NV\ISIC_0034249.jpg,isic_0034249,5,fd9a460daf6dbab944d59ad902d79b9f3f14ea46a8080f448c772e4d73aac25e,20196,3
C:\SRS(ISIC_2019)\Dataset\NV\ISIC_0034250.jpg,isic_0034250,5,fe4f4e2949970be4d1ac443a019aa7344dc7b47b944968a41e460d377a4b338d,20197,3
C:\SRS(ISIC_2019)\Dataset\NV\ISIC_0034261.jpg,isic_0034261,5,5247a5c884ce087c534adffb73a09dc7ab4f28bf752916e2c6992071b5fe1025,20203,3
C:\SRS(ISIC_2019)\Dataset\NV\ISIC_0034265.jpg,isic_0034265,5,4235c017e82e944750b46aa928adf17212d412c64a340476557d422d931a8f69,20205,3
C:\SRS(ISIC_2019)\Dataset\NV\ISIC_0034274.jpg,isic_0034274,5,be27294b443c87357952c62be85cc540c570ad4c31911ae29e34fe5cde01efaa,20213,3
C:\SRS(ISIC_2019)\Dataset\NV\ISIC_0034285.jpg,isic_0034285,5,92cbaf436ff13f98a5d16db10f1dac9019df34eaeb11f11717998aae6457b950,20219,3
C:\SRS(ISIC_2019)\Dataset\NV\ISIC_0034293.jpg,isic_0034293,5,ef8f3adfa3bda342862614fe3721c3117eebeb88d898856b0ab977c3d48c4d9d,20224,3
C:\SRS(ISIC_2019)\Dataset\NV\ISIC_0034295.jpg,isic_0034295,5,fa05c2b19134e5908533afaaf363fd11c1588ed9a8fdf937a7ad0d4d73bbfbce,20225,3
C:\SRS(ISIC_2019)\Dataset\NV\ISIC_0034302.jpg,isic_0034302,5,f86d6b844c989d4b32021cc698258f6a344eec45a4a31a772fce978b04117f07,20230,3
C:\SRS(ISIC_2019)\Dataset\NV\ISIC_0034320.jpg,isic_0034320,5,7402d2dc9225ddfa014209f9df2550c3d42faa2cf30af581ad3a43eeadd6bf44,20241,3
C:\SRS(ISIC_2019)\Dataset\NV\ISIC_0053588.jpg,isic_0053588,5,1ec4aeb0e83abbb62796a49ef004a06595e6c1693343b378d48d57b0ab692bcf,20266,3
C:\SRS(ISIC_2019)\Dataset\NV\ISIC_0053636.jpg,isic_0053636,5,2c7ea903d6b17233ef07ae7bf25ab125ad9fa612e7dad62cb093cd81f928dafe,20274,3
C:\SRS(ISIC_2019)\Dataset\NV\ISIC_0053643.jpg,isic_0053643,5,a16a0f17665f55613c83d9a25e9593573df0201742f44200c22d5d7f6aff4283,20278,3
C:\SRS(ISIC_2019)\Dataset\NV\ISIC_0053647.jpg,isic_0053647,5,fa0af3ff8acdc26615a3a498fa3a1003512ee65cca2882515eeaa1a05dcbc486,20280,3
C:\SRS(ISIC_2019)\Dataset\NV\ISIC_0053711.jpg,isic_0053711,5,d2e6c5e88766b4dccc0383c568280dbd615813041019c4a45434dd084244267c,20293,3
C:\SRS(ISIC_2019)\Dataset\NV\ISIC_0053786.jpg,isic_0053786,5,1948efb0305f8cd764dcd9d597b7a7694ea72af2ef79e5e22cda8f673d7d9d27,20310,3
C:\SRS(ISIC_2019)\Dataset\NV\ISIC_0053831.jpg,isic_0053831,5,3cd25799a13792102db4eb8fd750ef16780d2ef1b7fc4d24b441f216317f87c6,20317,3
C:\SRS(ISIC_2019)\Dataset\NV\ISIC_0053833.jpg,isic_0053833,5,949a71f68769d8f7f17f65605da9f5fb5a4860f393bbbd37ecefd6078c82b2d9,20318,3
C:\SRS(ISIC_2019)\Dataset\NV\ISIC_0053851.jpg,isic_0053851,5,70c89918c529c738bb3bf90740b79d9bfde3486370c928560edfa7643346be2d,20322,3
C:\SRS(ISIC_2019)\Dataset\NV\ISIC_0053861.jpg,isic_0053861,5,9f1ebe4f1574237e9ccea7a48b72735857fca5608d9e49ba085d20967a655e06,20323,3
C:\SRS(ISIC_2019)\Dataset\NV\ISIC_0053870.jpg,isic_0053870,5,8ec77f49aae83c7451d62226fa6d9b3b5371dc2e7e2f58d661724f439619fab2,20324,3
C:\SRS(ISIC_2019)\Dataset\NV\ISIC_0053886.jpg,isic_0053886,5,2527204048ec7f4f3b83e9e48b3a9c747ee802365ebd69b6af8ffafd281e7376,20331,3
C:\SRS(ISIC_2019)\Dataset\NV\ISIC_0053894.jpg,isic_0053894,5,685c3555e617126856938f4828f6bb1c3b72754619599012c2537c2347bda345,20333,3
C:\SRS(ISIC_2019)\Dataset\NV\ISIC_0053918.jpg,isic_0053918,5,7321f7777a212a12bd89dca035abe43fcbcda24779e47c9f211693c8fb5a87fc,20336,3
C:\SRS(ISIC_2019)\Dataset\NV\ISIC_0053922.jpg,isic_0053922,5,b6495708628bf962ec31db1c1a672cad7381724a7d91ed5d63d2de5c50c11a22,20338,3
C:\SRS(ISIC_2019)\Dataset\NV\ISIC_0053952.jpg,isic_0053952,5,0fc2e7b09e99e214216006b6367e0b14bda0481bb00e60ee03efdb2b2d7473ec,20344,3
C:\SRS(ISIC_2019)\Dataset\NV\ISIC_0054027.jpg,isic_0054027,5,79a6fde037ffb5df6b13dc0f16470246490f654527ca2f9e8a2d4b0f0b41da35,20356,3
C:\SRS(ISIC_2019)\Dataset\NV\ISIC_0054050.jpg,isic_0054050,5,e8e2b9ff87e52e2eff1e9c65355b571bb91f0d8e80b889eb2d1f1c96e8c8b2ca,20361,3
C:\SRS(ISIC_2019)\Dataset\NV\ISIC_0054148.jpg,isic_0054148,5,debda0e1744f7b1821a7615b6bcbec680f84bb9de1c842aecf8bbaee43032389,20379,3
C:\SRS(ISIC_2019)\Dataset\NV\ISIC_0054157.jpg,isic_0054157,5,93f33650a45cfa49a7d9a1063ad427fe2491595ab47fd586b97dcfbf825fbaec,20381,3
C:\SRS(ISIC_2019)\Dataset\NV\ISIC_0054286.jpg,isic_0054286,5,3e7f67183d7251ed66c2adac1206f3fa943093a702448d6bcee25f642edd195a,20404,3
C:\SRS(ISIC_2019)\Dataset\NV\ISIC_0054373.jpg,isic_0054373,5,584b26784cdd25f895eb11a82df36a872f813e3e28c729fe1065fc67a37a76f6,20421,3
C:\SRS(ISIC_2019)\Dataset\NV\ISIC_0054387.jpg,isic_0054387,5,9a38680f573139d3e922e97716e742fbfa233ff99f6ee304f74154fbac1293ff,20424,3
C:\SRS(ISIC_2019)\Dataset\NV\ISIC_0054421.jpg,isic_0054421,5,02be3fa650c36838e45fcc1dc8460f4d67f2ba81501ada62ee0ce59fb3869d06,20435,3
C:\SRS(ISIC_2019)\Dataset\NV\ISIC_0054422.jpg,isic_0054422,5,65876cb5f2f1126bf5033bf76d805ac446ff96ddd2bd060533100a208e025427,20436,3
C:\SRS(ISIC_2019)\Dataset\NV\ISIC_0054440.jpg,isic_0054440,5,ee368ccea479932b5f9f466174c88c989a08eebdf2585175cd0327089e97f362,20438,3
C:\SRS(ISIC_2019)\Dataset\NV\ISIC_0054442.jpg,isic_0054442,5,5ab333b60f4270cc60cbb9ebfd86d5c6a1ddec7d2f8fa1e3c53d75f2fdbc6a08,20439,3
C:\SRS(ISIC_2019)\Dataset\NV\ISIC_0054558.jpg,isic_0054558,5,ec165c83eab4ee419e063cc77406e3d355d90b935e8ef9fe1077e5b5fcab3ba2,20463,3
C:\SRS(ISIC_2019)\Dataset\NV\ISIC_0054572.jpg,isic_0054572,5,f0e52b454397a893a05737b52a5b360ba4b1d12366061c6d6b4cc5ad02bf2227,20467,3
C:\SRS(ISIC_2019)\Dataset\NV\ISIC_0054587.jpg,isic_0054587,5,1db2595c52e13604d249ba7f3cbd4e3370d2b025909dec7111b8317c2689b8dc,20472,3
C:\SRS(ISIC_2019)\Dataset\NV\ISIC_0054608.jpg,isic_0054608,5,884404d9113b66c67209b6b4240729d89f43bed3161ea77eb01f9ff0a29e887a,20478,3
C:\SRS(ISIC_2019)\Dataset\NV\ISIC_0054639.jpg,isic_0054639,5,aa621321066576f07656fc038aa57bab501f3ecd22fe383067ad8ea7bf25bfec,20482,3
C:\SRS(ISIC_2019)\Dataset\NV\ISIC_0054640.jpg,isic_0054640,5,5ba835c8125f4dfb1071ffa844bd761ae315a77bbbdde246e6f56b94d40fc119,20483,3
C:\SRS(ISIC_2019)\Dataset\NV\ISIC_0054676.jpg,isic_0054676,5,150c59bd6b9b9f0dda73076b57936bb1ef01140fd106d0416f4edead21e83eb6,20491,3
C:\SRS(ISIC_2019)\Dataset\NV\ISIC_0054692.jpg,isic_0054692,5,3d308fa503e3185d8ccb20584e1e275643e53e8526c52be7167f35f679c5511b,20495,3
C:\SRS(ISIC_2019)\Dataset\NV\ISIC_0054707.jpg,isic_0054707,5,68b3ed032ecd31f9b2fd74655256b226fc33c331ce07a702a79ee238d349098c,20501,3
C:\SRS(ISIC_2019)\Dataset\NV\ISIC_0054715.jpg,isic_0054715,5,afd771b33205112fac91e64696b91f3222274f71ec86f180a68928d0214a7ff4,20503,3
C:\SRS(ISIC_2019)\Dataset\NV\ISIC_0054730.jpg,isic_0054730,5,a0ee200ded5c6a6bde2746ea7a742cb017457506ecd79092dae1a4f807e43064,20507,3
C:\SRS(ISIC_2019)\Dataset\NV\ISIC_0054732.jpg,isic_0054732,5,cc472a90a1c515c7cba4c305761ac254eb3a6fabad7e477fc951a407180baef1,20508,3
C:\SRS(ISIC_2019)\Dataset\NV\ISIC_0054865.jpg,isic_0054865,5,be321dfeef625e37b51e0d6e00d4c3558d11481c2ecf4493676d7ddb69fc5e6c,20533,3
C:\SRS(ISIC_2019)\Dataset\NV\ISIC_0054867.jpg,isic_0054867,5,45a161f77f276d52bdf6fdec628c4728dde268e2f8af6427b07df6d5e8c70d7b,20534,3
C:\SRS(ISIC_2019)\Dataset\NV\ISIC_0054925.jpg,isic_0054925,5,2114a1cc1c1b1a52e9b0e2012ff9e62056f06c46802e3ae51f0dd24bac67b904,20544,3
C:\SRS(ISIC_2019)\Dataset\NV\ISIC_0054955.jpg,isic_0054955,5,994d18c80b2a51ec651374a29485668c57ecd8d96de7bd2f7f7a56fff8bb455c,20550,3
C:\SRS(ISIC_2019)\Dataset\NV\ISIC_0054956.jpg,isic_0054956,5,096fb799faf2a65bac13c4e1a7fc8ea78875862b2bb5846f09c53090e4ccef74,20551,3
C:\SRS(ISIC_2019)\Dataset\NV\ISIC_0054959.jpg,isic_0054959,5,6cdc81067f9fe8084a4cb35d89c73ed37b9ce20bbf6733b10e501186bf54d319,20553,3
C:\SRS(ISIC_2019)\Dataset\NV\ISIC_0055004.jpg,isic_0055004,5,254aad53a80ac5b1e81a4171a2817eabed68c882f133214812e587f3dfa59ff2,20558,3
C:\SRS(ISIC_2019)\Dataset\NV\ISIC_0055034.jpg,isic_0055034,5,a694d1c82ee9e0f1ced3b79a1572edded0a72b76cbd10e05675b150b60c16c25,20561,3
C:\SRS(ISIC_2019)\Dataset\NV\ISIC_0055077.jpg,isic_0055077,5,99c55e727daf12c873d108621709d1308f1bfb4999f85690dccdcc4293b441d2,20573,3
C:\SRS(ISIC_2019)\Dataset\NV\ISIC_0055120.jpg,isic_0055120,5,70a846bf4a1a79ba22559469bdd95a7837b66ff9b23a5f179ba94df8844bdb24,20579,3
C:\SRS(ISIC_2019)\Dataset\NV\ISIC_0055139.jpg,isic_0055139,5,f225c30ee7afaf17be2ffaafd4d8acaf6eed7b4eb0a4d59ac09176c1ea77d6c6,20585,3
C:\SRS(ISIC_2019)\Dataset\NV\ISIC_0055189.jpg,isic_0055189,5,0d14e39d9772b6cd2d3e090cba9161eec606d8fcb0c6d5205400b2d544891d7f,20593,3
C:\SRS(ISIC_2019)\Dataset\NV\ISIC_0055290.jpg,isic_0055290,5,ebc64d1071c2a93ead87c6046e7418a2fe215b18c50bbcb2157cf0ff37bf88c8,20610,3
C:\SRS(ISIC_2019)\Dataset\NV\ISIC_0055307.jpg,isic_0055307,5,5ac87fce063ffb5208c3871d775809f4152685a5078d8384e83e5b50d7949f0b,20616,3
C:\SRS(ISIC_2019)\Dataset\NV\ISIC_0055315.jpg,isic_0055315,5,1c6b1695c6ecd37564d2527b2703a02291951473513047504d498b069971ba21,20618,3
C:\SRS(ISIC_2019)\Dataset\NV\ISIC_0055324.jpg,isic_0055324,5,2cf71a72072975881efc5e8f2ec2945242929b938b4a6ca86b7220a444c3abf5,20620,3
C:\SRS(ISIC_2019)\Dataset\NV\ISIC_0055338.jpg,isic_0055338,5,29497a9e8e6083b0cf6041db5c42599ed89744d761e2e680c7994e0389bb3ada,20624,3
C:\SRS(ISIC_2019)\Dataset\NV\ISIC_0055358.jpg,isic_0055358,5,0a739367c732f55bbcee4145dd0a0f3beee52717e3d2e7d8569126fddf02951e,20628,3
C:\SRS(ISIC_2019)\Dataset\NV\ISIC_0055395.jpg,isic_0055395,5,12fefe08e553cf9575ca440b0f74f24021d1142b3031c037750e483cb9c41b68,20633,3
C:\SRS(ISIC_2019)\Dataset\NV\ISIC_0055442.jpg,isic_0055442,5,6b2a6a3a6217a6cf01e4be58cbf347daae7a752f46b4d28ebe58631405c79d7b,20644,3
C:\SRS(ISIC_2019)\Dataset\NV\ISIC_0055461.jpg,isic_0055461,5,186ba4352486a0dfd6b3dbad7374eeb4e60ed72036be104ea9043a64671e196a,20646,3
C:\SRS(ISIC_2019)\Dataset\NV\ISIC_0055504.jpg,isic_0055504,5,bc7c5fa0fdb78e4e5f1167da89aa6d787c54cc65423d9ba400da6753fc613693,20656,3
C:\SRS(ISIC_2019)\Dataset\NV\ISIC_0055507.jpg,isic_0055507,5,a5c7afd59088c091cf931ff6de5031575aaff5cab86aec3d23b93ab789d47710,20657,3
C:\SRS(ISIC_2019)\Dataset\NV\ISIC_0055533.jpg,isic_0055533,5,359941ccbd09819922e45eda0de1fad9587c7bf8195d62aa8e44b28e79090a1b,20660,3
C:\SRS(ISIC_2019)\Dataset\NV\ISIC_0055590.jpg,isic_0055590,5,8de680954b7258bf9fb7e78b939ad89ca6531d609947c8ad219875b4610522ba,20673,3
C:\SRS(ISIC_2019)\Dataset\NV\ISIC_0055649.jpg,isic_0055649,5,950585e4edd2ab9629a6a02f0cfd9d1fde2ecc84bee169ff17115e52a68d4b32,20689,3
C:\SRS(ISIC_2019)\Dataset\NV\ISIC_0055658.jpg,isic_0055658,5,d70fcccd7b3e85c0bc6526663ca2fa74b71afe68aa4b6f77949c42e255b484f8,20691,3
C:\SRS(ISIC_2019)\Dataset\NV\ISIC_0055669.jpg,isic_0055669,5,cbd1151bc7346a94a695278061bb2f8e2716ee53b77293e7f254c1df9688a741,20694,3
C:\SRS(ISIC_2019)\Dataset\NV\ISIC_0055691.jpg,isic_0055691,5,ca748dcdbc9f03feb15cb0b8aae8a63eff91afdcf1bf32f1e061cfb5f3d6927d,20696,3
C:\SRS(ISIC_2019)\Dataset\NV\ISIC_0055697.jpg,isic_0055697,5,78ae1b7ac972eef573986389cdde44e2e436d0c89ce673bb6a6073b2a8b9ce5a,20698,3
C:\SRS(ISIC_2019)\Dataset\NV\ISIC_0055719.jpg,isic_0055719,5,268315b2f115b5a89e055c17d77d1dae369df03bfcedbe9b01ab8af3e1674e3e,20704,3
C:\SRS(ISIC_2019)\Dataset\NV\ISIC_0055751.jpg,isic_0055751,5,e3343948072a9ce81ab5581c75c1215fb44620b50cea74f8c36ce274e7b97f52,20713,3
C:\SRS(ISIC_2019)\Dataset\NV\ISIC_0055778.jpg,isic_0055778,5,f6f69f585a0e5a429293950ccc0cfae3dcaacd675728c2aa49aef7f5611b7550,20716,3
C:\SRS(ISIC_2019)\Dataset\NV\ISIC_0055819.jpg,isic_0055819,5,d5b23692a78a45bd0295e69497ff80671942752434f6990b8f5181b69ab58037,20719,3
C:\SRS(ISIC_2019)\Dataset\NV\ISIC_0055845.jpg,isic_0055845,5,5a021d6cae18e7b4a6b11f3497c9b3d99c41f4dc812bc3a62b2e6a33f31cb136,20724,3
C:\SRS(ISIC_2019)\Dataset\NV\ISIC_0055856.jpg,isic_0055856,5,59f9d11e9a15286369afff2866be022d2ac420cd694f20802613acc19834835f,20727,3
C:\SRS(ISIC_2019)\Dataset\NV\ISIC_0055888.jpg,isic_0055888,5,df75770fd43eeedef5941d197284b6828b5e450ec51da5281a640954345b29f8,20737,3
C:\SRS(ISIC_2019)\Dataset\NV\ISIC_0055903.jpg,isic_0055903,5,84b626ec4a6038e5340ecaf9aca5d6553596d934ccbdce95a0923687b57fc35e,20738,3
C:\SRS(ISIC_2019)\Dataset\NV\ISIC_0055935.jpg,isic_0055935,5,d6c8046847f1b7256e674af166d8a8bc2736d639d1652424ffea5076fedeee75,20747,3
C:\SRS(ISIC_2019)\Dataset\NV\ISIC_0055945.jpg,isic_0055945,5,c9f8be2abb25083db3a31ea387e080f1b8dbeaadd6a6c040e092d4755ee34a61,20750,3
C:\SRS(ISIC_2019)\Dataset\NV\ISIC_0055949.jpg,isic_0055949,5,fce82d502702ef104f8856ca56542f9b59288b3cdd0d2c76de76b23dd7b7d7c0,20752,3
C:\SRS(ISIC_2019)\Dataset\NV\ISIC_0055994.jpg,isic_0055994,5,41eddc6244af86b8b5842f92ae45ee7862d9671a18568c26c8cffecc5975eef4,20758,3
C:\SRS(ISIC_2019)\Dataset\NV\ISIC_0056029.jpg,isic_0056029,5,4e128c4f6c1c672fa0b5368a774d83cfd01dfb529175f0bdc3e9ce2904e07021,20767,3
C:\SRS(ISIC_2019)\Dataset\NV\ISIC_0056068.jpg,isic_0056068,5,d1367e589e041066ae2381ebd374bf1a621b6e18afc1c5a303fe659aae6dab0c,20775,3
C:\SRS(ISIC_2019)\Dataset\NV\ISIC_0056077.jpg,isic_0056077,5,9edd071951d1c82b9f420a9d42c6fd60c8a2ff45b27e84f47420ab60816ecd30,20776,3
C:\SRS(ISIC_2019)\Dataset\NV\ISIC_0056112.jpg,isic_0056112,5,28aa47f6c60081da5486ce1f6cdd0be2f1bb6288999dfc5330ad78889217d79b,20783,3
C:\SRS(ISIC_2019)\Dataset\NV\ISIC_0056135.jpg,isic_0056135,5,9d73a783360c7b7a869de7fbc353740e762f33b87aac89e767564d219c4a2203,20787,3
C:\SRS(ISIC_2019)\Dataset\NV\ISIC_0056188.jpg,isic_0056188,5,f4b32902644a5cc427d1ddbacbf52023bbfab8acd8db81eb16e3ae0df0b1b8cb,20794,3
C:\SRS(ISIC_2019)\Dataset\NV\ISIC_0056207.jpg,isic_0056207,5,c55e3de567bd671913e570b058698c2e0b239c1e69b2f982d4985fbbeefa4b2e,20798,3
C:\SRS(ISIC_2019)\Dataset\NV\ISIC_0056250.jpg,isic_0056250,5,a12c6040db6e9541e486b953bc2cce3765051fbf54992d772d38cfa36af5f3d3,20802,3
C:\SRS(ISIC_2019)\Dataset\NV\ISIC_0056256.jpg,isic_0056256,5,40d3b50dc764b99b225204ffa0ab5f109b2c46ca0d08976e382d3a60cff59cd8,20804,3
C:\SRS(ISIC_2019)\Dataset\NV\ISIC_0056288.jpg,isic_0056288,5,285d0681a07256e971ec60e060d171dc76139ad25591b49a5802c0c3bdfe4722,20814,3
C:\SRS(ISIC_2019)\Dataset\NV\ISIC_0056351.jpg,isic_0056351,5,d048ef8b8787250a6fa48ea9449f101beaa4c817556527f98072c195d19250df,20833,3
C:\SRS(ISIC_2019)\Dataset\NV\ISIC_0056369.jpg,isic_0056369,5,d8b1ba9c643211cbedd22f3b2d8868f514ecacf1012c69e6a6fd4f00c47c2592,20839,3
C:\SRS(ISIC_2019)\Dataset\NV\ISIC_0056393.jpg,isic_0056393,5,6e096be5343c116995e4e3ff3f9684d7a49e45dba52ad90c5690856a93ef081f,20844,3
C:\SRS(ISIC_2019)\Dataset\NV\ISIC_0056424.jpg,isic_0056424,5,15b1808672a2fbd9fb48e7b7a6c101328f082cd342a29d1afddbc7bd9430781a,20850,3
C:\SRS(ISIC_2019)\Dataset\NV\ISIC_0056441.jpg,isic_0056441,5,d75bd42be071bdafce14dd404f3120dfe70e22fd933e963a0917e4cd803f18b6,20853,3
C:\SRS(ISIC_2019)\Dataset\NV\ISIC_0056452.jpg,isic_0056452,5,579d24e2d37fb5f49a05eac864524767f099bd59ed0e8e78829f667104da8c88,20858,3
C:\SRS(ISIC_2019)\Dataset\NV\ISIC_0056468.jpg,isic_0056468,5,8053d73dabd5ea2b41c67c973e5e843f5f82ca192e8658f19338196f1340b7de,20865,3
C:\SRS(ISIC_2019)\Dataset\NV\ISIC_0056472.jpg,isic_0056472,5,72e20bfa7948a0fcf900f5eb6155908bc00c093c170b8371f1642b8c9522df4b,20867,3
C:\SRS(ISIC_2019)\Dataset\NV\ISIC_0056534.jpg,isic_0056534,5,485dbf7c871ef43ec0fa9ef1a2617b223841b8029b543652b464e5390e99ee54,20878,3
C:\SRS(ISIC_2019)\Dataset\NV\ISIC_0056549.jpg,isic_0056549,5,6594ef86a48679ac8437f28698cae1e93f1cd853690fddede9a01618bc5cf7b8,20883,3
C:\SRS(ISIC_2019)\Dataset\NV\ISIC_0056552.jpg,isic_0056552,5,0c4d48a0d5c499860507a5629619fba0d1b3e2ddeee789f2fbdc49e80451e30f,20884,3
C:\SRS(ISIC_2019)\Dataset\NV\ISIC_0056575.jpg,isic_0056575,5,cecaed4b1a2e8f6981387f58f3f51635b1eb398b6dff089ec1652836ea587c24,20889,3
C:\SRS(ISIC_2019)\Dataset\NV\ISIC_0056580.jpg,isic_0056580,5,1f1b2f4800fe912a0679afbbd0acea4c6321b897e164f0ad2e3eb18e174e2200,20893,3
C:\SRS(ISIC_2019)\Dataset\NV\ISIC_0056583.jpg,isic_0056583,5,5b747c48eb189a70441854a03f16bcbd137b15b6a55731ffa50670663f7736f8,20895,3
C:\SRS(ISIC_2019)\Dataset\NV\ISIC_0056584.jpg,isic_0056584,5,a7c31a415a95cd93f702276afb9450756f0dbb20dff410bbf5a177d2a78e582f,20896,3
C:\SRS(ISIC_2019)\Dataset\NV\ISIC_0056603.jpg,isic_0056603,5,915ee4158b135183b2c062ff1840f70ba1a229095dcb25ae5d8f8ef8dd1a9966,20897,3
C:\SRS(ISIC_2019)\Dataset\NV\ISIC_0056608.jpg,isic_0056608,5,cb5cc8092b041847b4e1fd3a4e7abb08d96e4b07c7154efc74157571db30d9ca,20898,3
C:\SRS(ISIC_2019)\Dataset\NV\ISIC_0056664.jpg,isic_0056664,5,103b4a31866d0fbcd5b7f8c82a350dc92d7a19cf9c257ef7f37165982175dcc0,20907,3
C:\SRS(ISIC_2019)\Dataset\NV\ISIC_0056673.jpg,isic_0056673,5,5aea64cd2edd12ae11006ea29e14b8fd098ee42873346578d3e1f3b9e15a8ea3,20909,3
C:\SRS(ISIC_2019)\Dataset\NV\ISIC_0056706.jpg,isic_0056706,5,b6a0e8b2cc50da920d17163acd2c35a95b9a120cf30da44a531ae2d01d23b594,20917,3
C:\SRS(ISIC_2019)\Dataset\NV\ISIC_0056720.jpg,isic_0056720,5,d39803d11ca346b151c36c1e8d300ed4535ef21ae08dda3eccf0924349b0a6d7,20921,3
C:\SRS(ISIC_2019)\Dataset\NV\ISIC_0056733.jpg,isic_0056733,5,70daa2e8ecbb0c4037622acf4f42a89acb26eca517ad8e57f41a9f87d3430f20,20922,3
C:\SRS(ISIC_2019)\Dataset\NV\ISIC_0056743.jpg,isic_0056743,5,985bafbd5d16b7a13869f3ed62473c383ea4fc9ed1e0ad0730e635a5da7cd388,20925,3
C:\SRS(ISIC_2019)\Dataset\NV\ISIC_0056782.jpg,isic_0056782,5,2065e04ebdfe909861405816b13018e77bc93e6d36c218eb11380087ecad2b01,20933,3
C:\SRS(ISIC_2019)\Dataset\NV\ISIC_0056808.jpg,isic_0056808,5,b8520ca99bf369ae139812e88981b7756a087274703a958a82c551c942354a0c,20938,3
C:\SRS(ISIC_2019)\Dataset\NV\ISIC_0056845.jpg,isic_0056845,5,fd53d39eca41eba5310dcec25a538ada610de811e311c49b6e00161c8294aaa8,20949,3
C:\SRS(ISIC_2019)\Dataset\NV\ISIC_0056850.jpg,isic_0056850,5,360f6f32e0064a0715159c7b380c4c89fe117cf164f9021418bdce17fe5d0a23,20951,3
C:\SRS(ISIC_2019)\Dataset\NV\ISIC_0056861.jpg,isic_0056861,5,4f46918a07d4cde0f7d51c5c4ed50018367186cf2cce30c17f24675e43208805,20954,3
C:\SRS(ISIC_2019)\Dataset\NV\ISIC_0056865.jpg,isic_0056865,5,32fc2dcc470891113eaa9bbff4870414ae6096bcab0c07c5e2a9f29b4d496b3a,20955,3
C:\SRS(ISIC_2019)\Dataset\NV\ISIC_0056907.jpg,isic_0056907,5,84c1c628b41e7a9660958d0e69ac2e3eb64826d0aac35eda0fa9dc4d1d9a938b,20964,3
C:\SRS(ISIC_2019)\Dataset\NV\ISIC_0056958.jpg,isic_0056958,5,47be51ade91d3fa7fb92be3b5d809b3a222af2536e866be7fa55bf0f87668aa9,20973,3
C:\SRS(ISIC_2019)\Dataset\NV\ISIC_0056993.jpg,isic_0056993,5,b7e6faa8d44a2be8d05aa675adf0caa4af0279f39cbb7b72b9ef045d671f4bfc,20981,3
C:\SRS(ISIC_2019)\Dataset\NV\ISIC_0057006.jpg,isic_0057006,5,89a074fe491c7438603b0270c78fe4dd8a14dae7f62f47a4fa54619080b26e4b,20984,3
C:\SRS(ISIC_2019)\Dataset\NV\ISIC_0057014.jpg,isic_0057014,5,e2e5a506454cf66ed6f05503d6b2fd0373d9dc0b2036a105135ad092df56008e,20987,3
C:\SRS(ISIC_2019)\Dataset\NV\ISIC_0057151.jpg,isic_0057151,5,f0470444095054d53e5493d4a83e468ee3153438c1507bedb3a0e95aa575717a,21015,3
C:\SRS(ISIC_2019)\Dataset\NV\ISIC_0057247.jpg,isic_0057247,5,9f442d1c1dfe3485e7fb8dfdb50fdc43de8db1bee45de53b4c4bdfe67f92bc47,21037,3
C:\SRS(ISIC_2019)\Dataset\NV\ISIC_0057283.jpg,isic_0057283,5,f6c195755c480ce5fd8d227dd24e56365db9dceaf0e7a633cc27ec4aab830337,21044,3
C:\SRS(ISIC_2019)\Dataset\NV\ISIC_0057372.jpg,isic_0057372,5,01eaae97148edab2f80fd9d554312a71a43acb6238f4a48e0373a53bcb57d804,21058,3
C:\SRS(ISIC_2019)\Dataset\NV\ISIC_0057375.jpg,isic_0057375,5,792f41635c2f18333ce633eda500b0d686c01aaa2cb10e4c051945098b1107ca,21059,3
C:\SRS(ISIC_2019)\Dataset\NV\ISIC_0057396.jpg,isic_0057396,5,4d257c6685e94ce7bcf2a9d57adbb80fa7e8f841b4113290f01792ee0b58c470,21066,3
C:\SRS(ISIC_2019)\Dataset\NV\ISIC_0057429.jpg,isic_0057429,5,ec52d957c01948e68b6c4dede5bcf586e05b8982d2a81f7ab31027a9789365c0,21070,3
C:\SRS(ISIC_2019)\Dataset\NV\ISIC_0057506.jpg,isic_0057506,5,68ac9b019a4c7eb7a27a1f601773f91fcb2371e38322616cb43521f899a4520d,21090,3
C:\SRS(ISIC_2019)\Dataset\NV\ISIC_0057512.jpg,isic_0057512,5,c938402bb787f8fe2e34803f9f9d2f5bdd495976099159a36efeb70d56ae8a68,21091,3
C:\SRS(ISIC_2019)\Dataset\NV\ISIC_0057522.jpg,isic_0057522,5,1281fe9cee5aa249d5b724a58dc22cb635d1547db311173359b4a2bec53cfb7b,21094,3
C:\SRS(ISIC_2019)\Dataset\NV\ISIC_0057626.jpg,isic_0057626,5,cbbefce1e5edaf458d9c87357581ba23bd08c8f8965da062c1c1a716bf877982,21107,3
C:\SRS(ISIC_2019)\Dataset\NV\ISIC_0057633.jpg,isic_0057633,5,2c41983c40a167b4f20906af24e94e30f53e9a24960520bfd0eaa7eada98d05d,21108,3
C:\SRS(ISIC_2019)\Dataset\NV\ISIC_0057669.jpg,isic_0057669,5,d4145f34ffd9ba07ea2acdc9d3aa9a1d40e85a8b1410582207a55051a00e847f,21115,3
C:\SRS(ISIC_2019)\Dataset\NV\ISIC_0057674.jpg,isic_0057674,5,8d0578e4e65beff00d53c2d0b910df53b00b9dc0afbbbc26914d3afc2cedd495,21116,3
C:\SRS(ISIC_2019)\Dataset\NV\ISIC_0057677.jpg,isic_0057677,5,4737668d9a084d576315a20e6400f47ce4147fa6fda0ed2b3b4aa17ce0b88da7,21117,3
C:\SRS(ISIC_2019)\Dataset\NV\ISIC_0057701.jpg,isic_0057701,5,7a4b40a76036bf1526be3b866be833ac43dd39d1e72ccce6d015f144f009a8e9,21123,3
C:\SRS(ISIC_2019)\Dataset\NV\ISIC_0057714.jpg,isic_0057714,5,3f44cb11f989a7ffe24888508bfc5a07f4b39406ade91f93d25869779189622b,21126,3
C:\SRS(ISIC_2019)\Dataset\NV\ISIC_0057785.jpg,isic_0057785,5,bf6b2e8c9917c0cb04ec037a3eb26ae93f119f681ed8c66f0d005f6842aa6c88,21138,3
C:\SRS(ISIC_2019)\Dataset\NV\ISIC_0057810.jpg,isic_0057810,5,4639bade98b7ffb2c23d7dc63bc5fe01abdfebf9f4c1d1cd96daa234db67bc53,21144,3
C:\SRS(ISIC_2019)\Dataset\NV\ISIC_0057812.jpg,isic_0057812,5,a847795c552c0320ecaa76d29d0137909b2e56b42ba21b62618d208407ba210a,21145,3
C:\SRS(ISIC_2019)\Dataset\NV\ISIC_0057836.jpg,isic_0057836,5,8033ba673fb8b82c195640be6b921d0f71975f60010b292556e7ec0404f8350f,21151,3
C:\SRS(ISIC_2019)\Dataset\NV\ISIC_0057872.jpg,isic_0057872,5,e83f7238976e5fdb4ed3e71a9fa8204323c04bd307a182eb2fc4cca0ddb59344,21159,3
C:\SRS(ISIC_2019)\Dataset\NV\ISIC_0057886.jpg,isic_0057886,5,401a7e239be0cd99925c672170fb99ceedcf70917cb4669f9a39123ec7876886,21164,3
C:\SRS(ISIC_2019)\Dataset\NV\ISIC_0057908.jpg,isic_0057908,5,fe4669a9d21f841d44bcf7c0d161d3d8ce20ad8531f033b8385f7aa7bd2c92c7,21168,3
C:\SRS(ISIC_2019)\Dataset\NV\ISIC_0057919.jpg,isic_0057919,5,12f4c61019422e066c0ac917ce0287fd08503413466c95a43956d4393a0c2afc,21169,3
C:\SRS(ISIC_2019)\Dataset\NV\ISIC_0057927.jpg,isic_0057927,5,743625fac9e8bf3081102bd89d1c6f11731ec114d28d5d3f2c7f4e5d64a4504a,21173,3
C:\SRS(ISIC_2019)\Dataset\NV\ISIC_0057928.jpg,isic_0057928,5,11f01740ad42ac191af0cd2820c39f172065e214163afc0755c7128c5c8a0f8b,21174,3
C:\SRS(ISIC_2019)\Dataset\NV\ISIC_0057946.jpg,isic_0057946,5,496428d5bec88840ab2336646c523003c8e4cb9ac0cde078fb362180eb9dead8,21178,3
C:\SRS(ISIC_2019)\Dataset\NV\ISIC_0058012.jpg,isic_0058012,5,597b797cc2b045b9fd09de5a71c1a45051cc48fc5aba89730ac7eb8d22e3402e,21188,3
C:\SRS(ISIC_2019)\Dataset\NV\ISIC_0058027.jpg,isic_0058027,5,1dc72f803f0026a4f085584e50a05ba3870d75040ed5493df266263b62b00b81,21191,3
C:\SRS(ISIC_2019)\Dataset\NV\ISIC_0058042.jpg,isic_0058042,5,ceddd5797dad98cce053c17b22726f299b0a84dadb668391f0658c1f42996eab,21194,3
C:\SRS(ISIC_2019)\Dataset\NV\ISIC_0058078.jpg,isic_0058078,5,b5357577f700e9172cc6592799b04dfeda7094a7444c9968fc8fcb476264d349,21202,3
C:\SRS(ISIC_2019)\Dataset\NV\ISIC_0058094.jpg,isic_0058094,5,d872a9244c2c3bf9fe379dd6477ba7c40b56f1e25c11238c4371b3ca17d730e4,21206,3
C:\SRS(ISIC_2019)\Dataset\NV\ISIC_0058106.jpg,isic_0058106,5,a515beb9ba56dd60dfdf1029d46d0614c306d7941f7c38b85daf1f238d85a224,21209,3
C:\SRS(ISIC_2019)\Dataset\NV\ISIC_0058124.jpg,isic_0058124,5,14718c57939446a9bb74a3ec1b56516ed197150ac6b8b7cff8909ea459d55264,21212,3
C:\SRS(ISIC_2019)\Dataset\NV\ISIC_0058141.jpg,isic_0058141,5,cd7c1f9d89ee32230d7ed1fa16ae2bb1401e1599ccaf0e823158099fc07672cc,21215,3
C:\SRS(ISIC_2019)\Dataset\NV\ISIC_0058145.jpg,isic_0058145,5,7e402c9a8c833dfa9723ad4584fa0deb30a260623288a41cd001e8cddbe325c5,21216,3
C:\SRS(ISIC_2019)\Dataset\NV\ISIC_0058148.jpg,isic_0058148,5,eafbfa10d3c1929bf613e8d79d03b3a2bb7594b52b7e26a9b0c07e19135ad48a,21219,3
C:\SRS(ISIC_2019)\Dataset\NV\ISIC_0058157.jpg,isic_0058157,5,8bef4bdda2195c8eeb620cd6d63fd8bd660ab04ca58f2fb14e0f6d4923a75af3,21221,3
C:\SRS(ISIC_2019)\Dataset\NV\ISIC_0058158.jpg,isic_0058158,5,d7bba3736241f04ae9b889f333272477e8ce328da7d8f3a64195e939893ae647,21222,3
C:\SRS(ISIC_2019)\Dataset\NV\ISIC_0058198.jpg,isic_0058198,5,e6d4ee0bed2337993e241c4c03a7081bf5dbba3d1512b3c8dc45f9d7defeed03,21233,3
C:\SRS(ISIC_2019)\Dataset\NV\ISIC_0058295.jpg,isic_0058295,5,29daafe6847cd1f43fd83e1f7ac1a310451636c34b1e97f7870d1019b249d81c,21248,3
C:\SRS(ISIC_2019)\Dataset\NV\ISIC_0058314.jpg,isic_0058314,5,640846e35443f44b6991e18b66c338b634badc3197cc99c2edefc71b546b8d0b,21249,3
C:\SRS(ISIC_2019)\Dataset\NV\ISIC_0058340.jpg,isic_0058340,5,115ee8523982c4ad0fe9fca56dd6aab8d7c65a04f744f973baa64aada6fd0d59,21252,3
C:\SRS(ISIC_2019)\Dataset\NV\ISIC_0058352.jpg,isic_0058352,5,1d86ca2ccfcb170ccdffff8317a90ce2a8064e7b3f3831bc44b5b6ec012ddc29,21255,3
C:\SRS(ISIC_2019)\Dataset\NV\ISIC_0058397.jpg,isic_0058397,5,f00100a887919eb0270039aada7c19082ad0b5d3c09396c1e222f5613b39fe26,21265,3
C:\SRS(ISIC_2019)\Dataset\NV\ISIC_0058499.jpg,isic_0058499,5,8aafd87aa1fc82e08f96d8fda53c4dd14bb074fe775a77987ee5ccb5cd154e32,21282,3
C:\SRS(ISIC_2019)\Dataset\NV\ISIC_0058511.jpg,isic_0058511,5,ec3a6b1ccf8b8bd1ce9ab28b355470dfb59e55154d11e147becf8868230328f5,21284,3
C:\SRS(ISIC_2019)\Dataset\NV\ISIC_0058574.jpg,isic_0058574,5,4530a5f6d81d58ed66339d93fd14d6da2fa6322f2d791cf42cb002c0c86e8e17,21297,3
C:\SRS(ISIC_2019)\Dataset\NV\ISIC_0058582.jpg,isic_0058582,5,9d54df75242e6a5f1078db08e7a8a9b339b2e9f5656867f91873b7588bb6891e,21298,3
C:\SRS(ISIC_2019)\Dataset\NV\ISIC_0058600.jpg,isic_0058600,5,56960d8f9f01cce8f1e938b04ebab91d35408398843c52cb6a7d9f99d485071b,21304,3
C:\SRS(ISIC_2019)\Dataset\NV\ISIC_0058624.jpg,isic_0058624,5,5314c9592ce77bfb9eed094cb0857c9efeeb3576664b935398cfc5aef6fb7269,21309,3
C:\SRS(ISIC_2019)\Dataset\NV\ISIC_0058674.jpg,isic_0058674,5,1d4d546c10662a3c43a338d366b27b8f71f4cf5e2c49c34412ff9fc0c5ea9e88,21320,3
C:\SRS(ISIC_2019)\Dataset\NV\ISIC_0058694.jpg,isic_0058694,5,1bf4c9e2a544f725d06df91ceb3c4b55ba33ce37b3052e89104efb39de32f62f,21326,3
C:\SRS(ISIC_2019)\Dataset\NV\ISIC_0058700.jpg,isic_0058700,5,847ce7f0ad145b261d4a2e9caf0f8c2811430450ed2031748478e0be4fc23250,21327,3
C:\SRS(ISIC_2019)\Dataset\NV\ISIC_0058719.jpg,isic_0058719,5,f18998fd206eb5fe5c7701f9434b1694d20b993fad85e6b18d10c4ec91fefc4a,21332,3
C:\SRS(ISIC_2019)\Dataset\NV\ISIC_0058803.jpg,isic_0058803,5,f7787b026afa74cab6ee0f956f75766762add43cdbd30e34e6252154e897d589,21351,3
C:\SRS(ISIC_2019)\Dataset\NV\ISIC_0058822.jpg,isic_0058822,5,35ec62832cbd81ebe6b0d9e82c6492909213288e8e356a3b659a0ff86c025305,21358,3
C:\SRS(ISIC_2019)\Dataset\NV\ISIC_0058827.jpg,isic_0058827,5,63946193119d19f19fa141897632cdce094ccbdbdbf7de5ef9d2c9f8b23b4600,21361,3
C:\SRS(ISIC_2019)\Dataset\NV\ISIC_0058829.jpg,isic_0058829,5,178932996b226e90870c0ebf7ebdacee39fe92cd23bb26a66e1e101403d17fcd,21363,3
C:\SRS(ISIC_2019)\Dataset\NV\ISIC_0058830.jpg,isic_0058830,5,5479cf150a19bf56b381e7b1bae632fec80907636894444ac693bc1676071179,21364,3
C:\SRS(ISIC_2019)\Dataset\NV\ISIC_0058857.jpg,isic_0058857,5,ea8d8c9c847fa1b86bccb9469451cc64b110a0662febb9032f5d3ff436d6bd68,21367,3
C:\SRS(ISIC_2019)\Dataset\NV\ISIC_0058879.jpg,isic_0058879,5,c4a8ae3a9486d6c857bdcb745ff9646505fcf35df91141cc7d63e46552728ed3,21371,3
C:\SRS(ISIC_2019)\Dataset\NV\ISIC_0058889.jpg,isic_0058889,5,76c199b797a3ebde02ccd62c47e5d14560836fa60ba668363a62a4cea96038af,21374,3
C:\SRS(ISIC_2019)\Dataset\NV\ISIC_0058896.jpg,isic_0058896,5,6c5781ecf4a8488b898d33e60e2d4d1edaf2a27e57ad17353614c87fede505c7,21377,3
C:\SRS(ISIC_2019)\Dataset\NV\ISIC_0058901.jpg,isic_0058901,5,b99e0d7aff741e6b16575e352867d3fa08de445104a90a8f1d79f2db650b2118,21378,3
C:\SRS(ISIC_2019)\Dataset\NV\ISIC_0058922.jpg,isic_0058922,5,19b26ef15299cfb161324d022ab4e7bce63d1ccbbd49c5b57f0aaf3f3be33d6a,21382,3
C:\SRS(ISIC_2019)\Dataset\NV\ISIC_0058965.jpg,isic_0058965,5,8190d7d940aa3776c64be5048e57dbc392d177d02ec3c26d79e6e177189573ad,21390,3
C:\SRS(ISIC_2019)\Dataset\NV\ISIC_0058998.jpg,isic_0058998,5,41b41f8f6f922dee2c913ef0c1d0ccf230fb4472ef599a8000aa8b5cdc8073dd,21396,3
C:\SRS(ISIC_2019)\Dataset\NV\ISIC_0059010.jpg,isic_0059010,5,c00e6c59b0fc9c8d521ddee2e8000567cefcbaacf752bf0fc3bab17b7d641fbc,21400,3
C:\SRS(ISIC_2019)\Dataset\NV\ISIC_0059024.jpg,isic_0059024,5,72a9f8ff9bcfe5ff80a3b4f7f93caf4e68ebc58ced9fe0426c48854fc940f5bb,21403,3
C:\SRS(ISIC_2019)\Dataset\NV\ISIC_0059041.jpg,isic_0059041,5,baa672ecf704bc3cd340473741bd9ec01bb834667681296d82c44fad1a6955a8,21406,3
C:\SRS(ISIC_2019)\Dataset\NV\ISIC_0059095.jpg,isic_0059095,5,97d647df861d10b785ba6b9dec939fb95522dc079dc9e5e7b22f365a230caa2d,21414,3
C:\SRS(ISIC_2019)\Dataset\NV\ISIC_0059144.jpg,isic_0059144,5,c434839d95d92270b5e849e04b8c2a5cdf50223daea137aebad47716cf962598,21423,3
C:\SRS(ISIC_2019)\Dataset\NV\ISIC_0059179.jpg,isic_0059179,5,8b4c743c670bff8670e670b9ede95fea807b9ea2c53495166261e0286827a5ee,21428,3
C:\SRS(ISIC_2019)\Dataset\NV\ISIC_0059220.jpg,isic_0059220,5,be7350cff504b7e3d5763375e0f00bfff7cf748c36359ca4f987b24139b06a7b,21436,3
C:\SRS(ISIC_2019)\Dataset\NV\ISIC_0059240.jpg,isic_0059240,5,3e5f1a17276493647054e465571d3473224573b9bbd215fa4e4a2cf92aad7d74,21442,3
C:\SRS(ISIC_2019)\Dataset\NV\ISIC_0059267.jpg,isic_0059267,5,1dc77dfa9e08578f1466d935e40a7b71d655f6ad9566254305091a7b40021dc1,21447,3
C:\SRS(ISIC_2019)\Dataset\NV\ISIC_0059278.jpg,isic_0059278,5,9223c39861e4453c99e301d0e589bfc6633362acfb15a8822e9e34d561bef9c5,21450,3
C:\SRS(ISIC_2019)\Dataset\NV\ISIC_0059327.jpg,isic_0059327,5,6896674802c2c3b6ed22a4eb902502311eccdf72bac74d7d5ae53a6ae850b1ce,21463,3
C:\SRS(ISIC_2019)\Dataset\NV\ISIC_0059354.jpg,isic_0059354,5,22c8787f9a26edd86ed6768bac45c4f9f96b97d991c2752b006a2a158025937d,24157,3
C:\SRS(ISIC_2019)\Dataset\NV\ISIC_0059357.jpg,isic_0059357,5,0f39e50fc78fb0c42180ce1c1d6aee6400561754eb745b2ecb78660cf59eecc7,21467,3
C:\SRS(ISIC_2019)\Dataset\NV\ISIC_0059437.jpg,isic_0059437,5,587825494b877dbfef55e22d1010f016a74e9edd927653cbf46a21bd75ec7811,21491,3
C:\SRS(ISIC_2019)\Dataset\NV\ISIC_0059454.jpg,isic_0059454,5,be9df58f5d8d8e8a3d355a94118cb2371dbb2863c8f8c8290aff0e9c1dee4b15,21495,3
C:\SRS(ISIC_2019)\Dataset\NV\ISIC_0059469.jpg,isic_0059469,5,213c4f6adf977159d0e6ce411b55a5a5a9f9b5c7e7bfd8fb76e8a965e569f213,21500,3
C:\SRS(ISIC_2019)\Dataset\NV\ISIC_0059503.jpg,isic_0059503,5,3f2bb7bf78f774ab41e5ebda928c452fb1e30b81a5ee83636ff21a364b7d1396,21505,3
C:\SRS(ISIC_2019)\Dataset\NV\ISIC_0059552.jpg,isic_0059552,5,23a53ca11aa46a22d47a2d95fb5bf500d8dcc8f201a0dbd62b1dfbfa43ffb5d4,21517,3
C:\SRS(ISIC_2019)\Dataset\NV\ISIC_0059571.jpg,isic_0059571,5,c241139b4d27a6d35b8afb290c9d0e17c9e46478f9be3b073fc7e366cfbcfb3c,21521,3
C:\SRS(ISIC_2019)\Dataset\NV\ISIC_0059606.jpg,isic_0059606,5,7ae8d7587823c716e8d6345622d345a63ed448135b3fbc180628948b5e9479cb,21526,3
C:\SRS(ISIC_2019)\Dataset\NV\ISIC_0059635.jpg,isic_0059635,5,eacf2d9cf11755e2a09cbba7956010d8e10f8da9f323d5e164f2795f44e3ab48,21533,3
C:\SRS(ISIC_2019)\Dataset\NV\ISIC_0059654.jpg,isic_0059654,5,9c513774e45aa5aa5fc7bf23ff2c3981aa4c824f145a59cb435eaeec3b9c201f,21538,3
C:\SRS(ISIC_2019)\Dataset\NV\ISIC_0059661.jpg,isic_0059661,5,5987a33a67363646fac9c0db40625fab7aa4f90534265d4263bedb5dcef8c5f0,22939,3
C:\SRS(ISIC_2019)\Dataset\NV\ISIC_0059705.jpg,isic_0059705,5,475c9e87deacef4073e1f50347a9b2129d115822f90ddc1b57b8ecdde8f64566,21551,3
C:\SRS(ISIC_2019)\Dataset\NV\ISIC_0059714.jpg,isic_0059714,5,2d7a0d6e1e7d5e11763004b060c2cbc154351c1c613eb3168f6181533f51a23c,21554,3
C:\SRS(ISIC_2019)\Dataset\NV\ISIC_0059719.jpg,isic_0059719,5,ba7c8cfdf1204992f184211b260efb83d78c2e6989f0ef210effb36e2e3cf78c,21557,3
C:\SRS(ISIC_2019)\Dataset\NV\ISIC_0059745.jpg,isic_0059745,5,aec14be086f7625f3288a7a692d662637fb0cea3bb50d3022e579d95a4f73040,21564,3
C:\SRS(ISIC_2019)\Dataset\NV\ISIC_0059772.jpg,isic_0059772,5,9d672e941a33f6957f8eb10b3e8242bf3a57d50057d6549baf109c7783e8f014,21571,3
C:\SRS(ISIC_2019)\Dataset\NV\ISIC_0059782.jpg,isic_0059782,5,8bdb6cf6bb811d177b9e4a06cfae78b9af1b0d2651e529a54b7e4170ceca0a79,21572,3
C:\SRS(ISIC_2019)\Dataset\NV\ISIC_0059813.jpg,isic_0059813,5,a1edd88e92005528a694a06d5f55437a811a81516c5aa30ab4ae07aeefaa54bf,21581,3
C:\SRS(ISIC_2019)\Dataset\NV\ISIC_0059888.jpg,isic_0059888,5,887b581faedadfac4deeee07cf1507bc1794e39dd52ce9a27a0e51d0f7b1581d,21591,3
C:\SRS(ISIC_2019)\Dataset\NV\ISIC_0059894.jpg,isic_0059894,5,a4691da1035852b75fe975c6c0aed666a0df4eec67d46b7f368cfa3eaa6ad15b,21592,3
C:\SRS(ISIC_2019)\Dataset\NV\ISIC_0059906.jpg,isic_0059906,5,4b29cee9498f023239ce3618faebd5a04c185a4fcabff5a0dda9aa8d3bd33c34,21593,3
C:\SRS(ISIC_2019)\Dataset\NV\ISIC_0059910.jpg,isic_0059910,5,51d3b02f94c3b657bba3a57d8a698655f38c69c51a793a63f45cbf97b18335a4,21594,3
C:\SRS(ISIC_2019)\Dataset\NV\ISIC_0059967.jpg,isic_0059967,5,a82c15c1429b4182a3b0817120b7e919dcb2b0be0a4f3dcce910032ae2381e3e,21609,3
C:\SRS(ISIC_2019)\Dataset\NV\ISIC_0059968.jpg,isic_0059968,5,64da45a2ad025a48aef380d4be89bd3fcd7d5b7ffe2baaf36c9272b0a127e6fc,21610,3
C:\SRS(ISIC_2019)\Dataset\NV\ISIC_0059993.jpg,isic_0059993,5,d2fa22a0932c8dd893960ab1d2e26d048646e7be36323d5ae74878e08bf2fa8e,21613,3
C:\SRS(ISIC_2019)\Dataset\NV\ISIC_0060019.jpg,isic_0060019,5,43bdf96352a47b37450c66f560754eaf744a0b39a017eefa79344cd69e719cce,21616,3
C:\SRS(ISIC_2019)\Dataset\NV\ISIC_0060044.jpg,isic_0060044,5,deaf099d4012e64fc6f67e9c2e8c4ef7478512969fcaf677ef82ba237ae9d57a,21625,3
C:\SRS(ISIC_2019)\Dataset\NV\ISIC_0060050.jpg,isic_0060050,5,a3b8cdd82b274b5daacbdc9b9c763a0e73503040a06d8bf10d0c5189e6045c2e,21627,3
C:\SRS(ISIC_2019)\Dataset\NV\ISIC_0060089.jpg,isic_0060089,5,f8574f2a30c1c0d708f8ef319b6df604d10df7aed28e3137996ddcb1d3287f1a,21637,3
C:\SRS(ISIC_2019)\Dataset\NV\ISIC_0060097.jpg,isic_0060097,5,0574b43dc6e291593a985a52f0257d10f460e7e2af1014756a21be3bdb4c77ab,21638,3
C:\SRS(ISIC_2019)\Dataset\NV\ISIC_0060134.jpg,isic_0060134,5,c3ebd8938e132d46aea4fcc15d84a1f804e456148b2ba204225f702d70d0192d,21643,3
C:\SRS(ISIC_2019)\Dataset\NV\ISIC_0060186.jpg,isic_0060186,5,bd188d65472ab8b33711e7b1b7c8bd51e6e9cceef0d3b2f500ec534a6555718a,21652,3
C:\SRS(ISIC_2019)\Dataset\NV\ISIC_0060213.jpg,isic_0060213,5,24a3474a58defa7dfa5c4c6a3cf1591bb22f1a0df645af47be1b5c80fbff405a,21655,3
C:\SRS(ISIC_2019)\Dataset\NV\ISIC_0060240.jpg,isic_0060240,5,5f1fd6558cca049ab484731e2fb6e3ef11fc52f9ffcae6db3f64220b879a7103,21657,3
C:\SRS(ISIC_2019)\Dataset\NV\ISIC_0060258.jpg,isic_0060258,5,7d9ab5b5587dc4fb2ec87e094b6ff3053dbeb49e82ff287f8b54c097486b8c2d,21664,3
C:\SRS(ISIC_2019)\Dataset\NV\ISIC_0060261.jpg,isic_0060261,5,d38473323f24a4c186f9b168b4314d5984f38cf84deabac608de3d306a9bbdad,21665,3
C:\SRS(ISIC_2019)\Dataset\NV\ISIC_0060264.jpg,isic_0060264,5,5f6990943e3f1f7b34382e9dc175ea11b6b7f9f769a3909d89601d383f8cc6af,21667,3
C:\SRS(ISIC_2019)\Dataset\NV\ISIC_0060304.jpg,isic_0060304,5,8e28e0f45c34221e8f143964841addeaf3f42bd216f00c76db0c61029a639b3d,21676,3
C:\SRS(ISIC_2019)\Dataset\NV\ISIC_0060448.jpg,isic_0060448,5,14b64ee030d4f923fbde59d39f81813ed2d04db195a244de787728bd6158b02a,21702,3
C:\SRS(ISIC_2019)\Dataset\NV\ISIC_0060455.jpg,isic_0060455,5,3847b88d67e39dd69f169e14c7a21c794294d924de66c7445d9d21d3fcb4d652,21706,3
C:\SRS(ISIC_2019)\Dataset\NV\ISIC_0060458.jpg,isic_0060458,5,89bdbd6043ba83a02a43e5b1e784cebb9dd9d781d5f4e23c0f2910a3e39ab091,21708,3
C:\SRS(ISIC_2019)\Dataset\NV\ISIC_0060469.jpg,isic_0060469,5,ac468441a0947d166dfd905e50e3e03f6caa604132eb27048fd61a5a9b016430,21711,3
C:\SRS(ISIC_2019)\Dataset\NV\ISIC_0060477.jpg,isic_0060477,5,46554eb0ebedabea03a2c4952275a9e1527373359a1f374502afdd4fc45a04f4,21715,3
C:\SRS(ISIC_2019)\Dataset\NV\ISIC_0060491.jpg,isic_0060491,5,71ad3f2facdd5c89e3c2616228ff322a03ff371114d60b4f589ab556cc044ad8,21717,3
C:\SRS(ISIC_2019)\Dataset\NV\ISIC_0060530.jpg,isic_0060530,5,e533e13e8b83ef70aab94bd1e236c982f6ce1fc0a684e7b953dfffca1f9984d5,21728,3
C:\SRS(ISIC_2019)\Dataset\NV\ISIC_0060550.jpg,isic_0060550,5,d27b5d09609ed74f7e05d81c4447ea5e646f202e9f450d0139fcdce4694a49ab,21734,3
C:\SRS(ISIC_2019)\Dataset\NV\ISIC_0060605.jpg,isic_0060605,5,116a7db05c7d92ba040ce457fdb067b680ad0e8f9c62e21bf34769ff5f560710,21743,3
C:\SRS(ISIC_2019)\Dataset\NV\ISIC_0060607.jpg,isic_0060607,5,3064fbe3b5d474f68e6875975081f5fe29d8a94dd56707913b5839d7699f3b3d,21744,3
C:\SRS(ISIC_2019)\Dataset\NV\ISIC_0060612.jpg,isic_0060612,5,cec5920294da3892f405c8f1a9a9893de39795b59ded1e48ea37b0882133bfe1,21745,3
C:\SRS(ISIC_2019)\Dataset\NV\ISIC_0060668.jpg,isic_0060668,5,c809c9243bd5249d0ea0723e1588b139db7ac751d3e2dfb83a208386bdec3bbc,21757,3
C:\SRS(ISIC_2019)\Dataset\NV\ISIC_0060669.jpg,isic_0060669,5,8465f494e010581c9198532f3313fb689270dc777c1e4690efa49b2deff22099,21758,3
C:\SRS(ISIC_2019)\Dataset\NV\ISIC_0060694.jpg,isic_0060694,5,9843e2dfae2990a5423c42659761c1021e44a57ad23604e39a58ebc0aa0a51dc,21760,3
C:\SRS(ISIC_2019)\Dataset\NV\ISIC_0060732.jpg,isic_0060732,5,5922b6e9bcf899b49af185314d77ba68c03ee08a5f70d908cf956ddde09afce7,21768,3
C:\SRS(ISIC_2019)\Dataset\NV\ISIC_0060787.jpg,isic_0060787,5,8c24a671f9d53e7fb1c4a50494c51789120cb6910d6a11906f12480bfc353fde,21779,3
C:\SRS(ISIC_2019)\Dataset\NV\ISIC_0060860.jpg,isic_0060860,5,45ff6d73cf3d45896420f3665b939efa374cfec7b50f324e20146006216d2cc8,21791,3
C:\SRS(ISIC_2019)\Dataset\NV\ISIC_0060912.jpg,isic_0060912,5,9e932add20c750cbc2ea7d34bf178fa78cce16fc3f71e8994a629ffe7c849e40,21803,3
C:\SRS(ISIC_2019)\Dataset\NV\ISIC_0060919.jpg,isic_0060919,5,06d5d2046fb63aba5f59777f3a7e7060151caff3680712fcd788e70f5de1b496,21804,3
C:\SRS(ISIC_2019)\Dataset\NV\ISIC_0060986.jpg,isic_0060986,5,f9b667fd8ee99576b5d8827262fe1bf3f23b843207f2cec807ee8e6e71a3602b,21820,3
C:\SRS(ISIC_2019)\Dataset\NV\ISIC_0061015.jpg,isic_0061015,5,5248c3f4b8cef84a179a335e924d0d82549a5d6ec9b2f1fc203b26d2d54b7326,21825,3
C:\SRS(ISIC_2019)\Dataset\NV\ISIC_0061223.jpg,isic_0061223,5,72a068154327d585e808d0c6e70b2f3ac0ab71483c825d8635e45422516381c7,21852,3
C:\SRS(ISIC_2019)\Dataset\NV\ISIC_0061258.jpg,isic_0061258,5,0aca7474295bfde76894c878d9885d3fe7f2cf6a21bfc97601b4435dd7d960ab,21856,3
C:\SRS(ISIC_2019)\Dataset\NV\ISIC_0061273.jpg,isic_0061273,5,b86901af80338d1a3f43b51cdb33051fbfdd77d9121644e082b9e303946d56ac,21860,3
C:\SRS(ISIC_2019)\Dataset\NV\ISIC_0061291.jpg,isic_0061291,5,30284ef4611d5265dd476796f155eb8a12e944e233f7f2deb89167786b01b242,21863,3
C:\SRS(ISIC_2019)\Dataset\NV\ISIC_0061317.jpg,isic_0061317,5,bb452e5ff993a20c6a37e08211e3da63218b7fe57dfddf2628929b49a74df47c,21870,3
C:\SRS(ISIC_2019)\Dataset\NV\ISIC_0061326.jpg,isic_0061326,5,50df665f28c36e788dae6167907cdc356e99e85b118fbf56b76036df2ed1029d,21872,3
C:\SRS(ISIC_2019)\Dataset\NV\ISIC_0061330.jpg,isic_0061330,5,74bb5503c02f68ceed925de6434afca918281220e819a77c554c439d2a488a52,21874,3
C:\SRS(ISIC_2019)\Dataset\NV\ISIC_0061403.jpg,isic_0061403,5,8349ca435efa352a4858935ea37cebd7a7244ac5f90cf67d4992908ea023cfa3,21883,3
C:\SRS(ISIC_2019)\Dataset\NV\ISIC_0061421.jpg,isic_0061421,5,6995cdd89de05e0955653c7547bd2fd0141192c954622238f0670e8b3aa7d708,21886,3
C:\SRS(ISIC_2019)\Dataset\NV\ISIC_0061586.jpg,isic_0061586,5,6c434c2459c57dba31ef82987b5e281cf6c0b17e1a6396c0f29b64625a10e0e9,21915,3
C:\SRS(ISIC_2019)\Dataset\NV\ISIC_0061612.jpg,isic_0061612,5,b3287ff7d3c6e1ba277c922f0576b1e0789d87903d2828d7cf643e65ee6c22ef,21920,3
C:\SRS(ISIC_2019)\Dataset\NV\ISIC_0061616.jpg,isic_0061616,5,bfe8c9c989c1d1cd6f06035808eb8ab74512f85d34ea8cdfdcd4c1c1b466b9b5,21922,3
C:\SRS(ISIC_2019)\Dataset\NV\ISIC_0061628.jpg,isic_0061628,5,805fa6a3483c76e7a50e8373a6a6551e2da780c4084bc8c466aefb35e65592f5,21924,3
C:\SRS(ISIC_2019)\Dataset\NV\ISIC_0061634.jpg,isic_0061634,5,bfd612af843bc3320605c8813d349ec52ed0e4ccc28097d45274e308a422bd21,21926,3
C:\SRS(ISIC_2019)\Dataset\NV\ISIC_0061639.jpg,isic_0061639,5,538abbe5f999771d5832a0aaacd09b683dc559ce34931f9f993599f17af7dd21,21927,3
C:\SRS(ISIC_2019)\Dataset\NV\ISIC_0061724.jpg,isic_0061724,5,f46d9fbce3f3642f9c5f20ed6db2b8329cd6e2d2728c499680f85b9b222b0dc5,21942,3
C:\SRS(ISIC_2019)\Dataset\NV\ISIC_0061732.jpg,isic_0061732,5,3242409a4d15b54f01c602b499d5446c8c320f8c9256a320f5caf685041b557a,21944,3
C:\SRS(ISIC_2019)\Dataset\NV\ISIC_0061766.jpg,isic_0061766,5,f7409fdf0ec139cd0ab7a8df2a562c57329e5eeae1d9f33b6c01e06d57919b25,21952,3
C:\SRS(ISIC_2019)\Dataset\NV\ISIC_0061783.jpg,isic_0061783,5,f9cb0ed167bf45191ad10e0e1e0769a07684fb333252d7c4074dc6e5c6c84d57,21954,3
C:\SRS(ISIC_2019)\Dataset\NV\ISIC_0061795.jpg,isic_0061795,5,46886046e03eb5432cf95dd4307e23355769d15e79ad57f1a2af0f21056ba0e1,21957,3
C:\SRS(ISIC_2019)\Dataset\NV\ISIC_0061797.jpg,isic_0061797,5,4931cdb050435ea0a96d4c129d015a834bb3f2c7e9aa3d33348c4e25b4c2f364,21959,3
C:\SRS(ISIC_2019)\Dataset\NV\ISIC_0061807.jpg,isic_0061807,5,575d828a70e784b83a22d6ad79b1400b960c0c2b44918206d0d511bd756a8c64,21962,3
C:\SRS(ISIC_2019)\Dataset\NV\ISIC_0061841.jpg,isic_0061841,5,02b5f20809a656ccde775e4e762b571ac9f5b9964ff14215ab812ddb711e9be3,21969,3
C:\SRS(ISIC_2019)\Dataset\NV\ISIC_0061842.jpg,isic_0061842,5,43505fe49870437e1333cb3403d69583bf87d668e286acce82bf9b6714e1d1ff,21970,3
C:\SRS(ISIC_2019)\Dataset\NV\ISIC_0061852.jpg,isic_0061852,5,ad3ab550ba49f9ebb833afcc4519787767f38f67e717bbbba61f48b1d0281083,21975,3
C:\SRS(ISIC_2019)\Dataset\NV\ISIC_0061858.jpg,isic_0061858,5,6bf46ce2ac773672d12fd99fbe011c29ee0df9dcb03dd70c2509813951948c90,21977,3
C:\SRS(ISIC_2019)\Dataset\NV\ISIC_0061872.jpg,isic_0061872,5,aaafe55ae75bc244437ba6edead80fa6fc773ce0b5422b8a739ae8e0d4e764bb,21981,3
C:\SRS(ISIC_2019)\Dataset\NV\ISIC_0061875.jpg,isic_0061875,5,0319d96f2dfd9fa4eaebbd0559ce8b67893d949c167fe2f0e737acf1608f65be,21983,3
C:\SRS(ISIC_2019)\Dataset\NV\ISIC_0061929.jpg,isic_0061929,5,f3636661259325a9786af5fbfdc5f4163a9791d2e18b66d186a4902d476219f3,21987,3
C:\SRS(ISIC_2019)\Dataset\NV\ISIC_0061932.jpg,isic_0061932,5,555e992d4c741a2e9c2a0159c3de0bf90d433bbc2b0dea1f47878c8e61849450,21988,3
C:\SRS(ISIC_2019)\Dataset\NV\ISIC_0061966.jpg,isic_0061966,5,cb7ef58cfa594b85d2f865e9c26648919a449e7c47ef3081c0d2e1e2aea8aa66,21995,3
C:\SRS(ISIC_2019)\Dataset\NV\ISIC_0062008.jpg,isic_0062008,5,c4a6d68690bc903f616431bf318e527be9a17fbe0c57e73fe291507cb3f8d6ba,22002,3
C:\SRS(ISIC_2019)\Dataset\NV\ISIC_0062020.jpg,isic_0062020,5,8346a6e0447620468d3547e4a9b535f264d0e3d9a8e48065d4a1648c9bbda69a,22004,3
C:\SRS(ISIC_2019)\Dataset\NV\ISIC_0062056.jpg,isic_0062056,5,eead0ff6b3ecd490d9a9031d628ac1c614ce277323bbd596b3b763ad133392da,22014,3
C:\SRS(ISIC_2019)\Dataset\NV\ISIC_0062072.jpg,isic_0062072,5,c43c174db985708d0fe4f57a37d626676a3fdec30e859c89c270e80ef23478ae,22018,3
C:\SRS(ISIC_2019)\Dataset\NV\ISIC_0062088.jpg,isic_0062088,5,da9e4fb93e5b5812ff57b931a87cbea9a48154bb898a19f5d2a8565875942df4,22021,3
C:\SRS(ISIC_2019)\Dataset\NV\ISIC_0062120.jpg,isic_0062120,5,0f00c64566db92ec88adef18bbd2c23a5bc9938e4bc325d81795dc9042025810,22027,3
C:\SRS(ISIC_2019)\Dataset\NV\ISIC_0062164.jpg,isic_0062164,5,6673f8f25a18d599d8ff914fa712488eff29c0d59ed932a85f69eeb11a0419d9,22038,3
C:\SRS(ISIC_2019)\Dataset\NV\ISIC_0062175.jpg,isic_0062175,5,5af4a6c0cee98ad1db411f4d63c23a5360f579521fc7e543717ed1aac6bcf773,22040,3
C:\SRS(ISIC_2019)\Dataset\NV\ISIC_0062192.jpg,isic_0062192,5,1054a188db67b46a420f4441da958fad91dc890193cbe92080f4e7d45ad73808,22043,3
C:\SRS(ISIC_2019)\Dataset\NV\ISIC_0062200.jpg,isic_0062200,5,32748294a5e36132e4a76977c8dd4c493dbc16112582385d42be4eb8079969c8,22047,3
C:\SRS(ISIC_2019)\Dataset\NV\ISIC_0062265.jpg,isic_0062265,5,351696ca073f7bf98fc325ecb2f180bc67857119c23ddd7a6195fb1f01f62a50,22059,3
C:\SRS(ISIC_2019)\Dataset\NV\ISIC_0062304.jpg,isic_0062304,5,f752b74504a059966925ca4f4aa73927b7e92764a8bf9a6ac26c02f200612d13,22068,3
C:\SRS(ISIC_2019)\Dataset\NV\ISIC_0062306.jpg,isic_0062306,5,4beededc4addde793970196e1ee37b11d684f04189962670df131df53fbc40c4,22069,3
C:\SRS(ISIC_2019)\Dataset\NV\ISIC_0062334.jpg,isic_0062334,5,9ccb3c8a5f7fc5f40c890d177adde3173b53e00489dfca530e4df938ddba772f,22078,3
C:\SRS(ISIC_2019)\Dataset\NV\ISIC_0062360.jpg,isic_0062360,5,ea2aada50cba74d3a6c3d446d8a43b7cbf682cc4d204a44e76c40f6428ac10a0,22084,3
C:\SRS(ISIC_2019)\Dataset\NV\ISIC_0062370.jpg,isic_0062370,5,3f1e067a24ed48dbfcc809b074cdf75f26bbcf024a72c492206724d9676d31b6,22086,3
C:\SRS(ISIC_2019)\Dataset\NV\ISIC_0062384.jpg,isic_0062384,5,c7d6aa8d51237305623c146c596b4af6597f04bdcd53085b37d8770d5620e273,22088,3
C:\SRS(ISIC_2019)\Dataset\NV\ISIC_0062390.jpg,isic_0062390,5,f5553116239a1b7dc1b1c3aec9813af0583e6f66c6e821b39b2ea7e8e031ecf5,22090,3
C:\SRS(ISIC_2019)\Dataset\NV\ISIC_0062394.jpg,isic_0062394,5,8c125c8a7f0282f4de2d8674958379cdbc76e3ce8845b070acca2957076ceb1c,22091,3
C:\SRS(ISIC_2019)\Dataset\NV\ISIC_0062414.jpg,isic_0062414,5,b952a3cb5e2b05ca254f5898ff4b0170c6f7196403d90e9bf6208f8d3748c3d8,22096,3
C:\SRS(ISIC_2019)\Dataset\NV\ISIC_0062431.jpg,isic_0062431,5,3b1d26ffc6263fee19157a51fbc3a53d1c8d16dff128ef68e67c5c69e0eb47a6,22103,3
C:\SRS(ISIC_2019)\Dataset\NV\ISIC_0062435.jpg,isic_0062435,5,2a4867fe662b2ba85a57a37c8b65f9d7712430cab60410c2e8e07d47c279084f,22104,3
C:\SRS(ISIC_2019)\Dataset\NV\ISIC_0062465.jpg,isic_0062465,5,1c1dc67c4f63c61296ed8bd536c33326e72ed0d37d23e08b70a176939d48059a,22112,3
C:\SRS(ISIC_2019)\Dataset\NV\ISIC_0062470.jpg,isic_0062470,5,6cae7929863eaf74dbc3776eeec8eb87ec6977598b58ffe54a4924301646f562,22113,3
C:\SRS(ISIC_2019)\Dataset\NV\ISIC_0062483.jpg,isic_0062483,5,04e8ec3edcc75b9d8be2cf6b49d58fb5ec37905131c5d7459af2ff21a05c3f93,22114,3
C:\SRS(ISIC_2019)\Dataset\NV\ISIC_0062490.jpg,isic_0062490,5,2d97b685d1c6a7831709dedd48429146f5861550265e1b202cfc8880fff474ff,22118,3
C:\SRS(ISIC_2019)\Dataset\NV\ISIC_0062495.jpg,isic_0062495,5,4ba669d8f2a2f32ac6b980f9741f8b5cc159505bbfe45a4e4f81ba438111c2ed,22119,3
C:\SRS(ISIC_2019)\Dataset\NV\ISIC_0062513.jpg,isic_0062513,5,69fcc108cc483e80189d5801e5c3d769c7cdee12b3d97b102a861247c411baaa,22126,3
C:\SRS(ISIC_2019)\Dataset\NV\ISIC_0062535.jpg,isic_0062535,5,c83593b160b481ab21041f9c3bfc1d20d7eab5463bb42c846c9140ba8063f5b8,22130,3
C:\SRS(ISIC_2019)\Dataset\NV\ISIC_0062538.jpg,isic_0062538,5,322576f504bcf5b0a0bfe9111fe3c4bfa4e18113e829398595065d0eec421822,22132,3
C:\SRS(ISIC_2019)\Dataset\NV\ISIC_0062540.jpg,isic_0062540,5,6b9fa75f9cf49aceeca606f10a4301279580c4159bde044773c53497f04b2448,22133,3
C:\SRS(ISIC_2019)\Dataset\NV\ISIC_0062543.jpg,isic_0062543,5,6cb57881d58d058452a2166eb6cb283eed1c577f2f52f024e8142b350d529398,22134,3
C:\SRS(ISIC_2019)\Dataset\NV\ISIC_0062546.jpg,isic_0062546,5,5c34bde7a42fc2ac576e78ab108cb2c12455c34ae09ba85c6dcb753cb31ead4f,22135,3
C:\SRS(ISIC_2019)\Dataset\NV\ISIC_0062579.jpg,isic_0062579,5,f5856306c556c9ed258276d68c1d368366e121a5e1f5777deffc3f92d8ea01fd,22141,3
C:\SRS(ISIC_2019)\Dataset\NV\ISIC_0062605.jpg,isic_0062605,5,7ba128523568ae22553d7aeba158e10648f4c25339a4dcf5a33c391881114861,22146,3
C:\SRS(ISIC_2019)\Dataset\NV\ISIC_0062612.jpg,isic_0062612,5,1a5eee57b11ec34e0173800e07e8cc4cb5764347c4c83c61e6213bf56c518f1c,22147,3
C:\SRS(ISIC_2019)\Dataset\NV\ISIC_0062660.jpg,isic_0062660,5,bd0e466108a7ffd931f1e07ea87e37380c07953d43cecacbe0f0693b594e37a2,22154,3
C:\SRS(ISIC_2019)\Dataset\NV\ISIC_0062705.jpg,isic_0062705,5,768f60a2db822433078211698ef846416c25d081a05d0059feab2d2e4697180c,22162,3
C:\SRS(ISIC_2019)\Dataset\NV\ISIC_0062715.jpg,isic_0062715,5,9ca4e8d490d7963fffaabc10b24b3fc08de5d41276162f313316dfe8e1dd04a0,22164,3
C:\SRS(ISIC_2019)\Dataset\NV\ISIC_0062748.jpg,isic_0062748,5,5c3ed15a2faca69e54d4b48006ca30f49e81e2591629c21f05ec93eed0956352,22171,3
C:\SRS(ISIC_2019)\Dataset\NV\ISIC_0062784.jpg,isic_0062784,5,1d20152e355deee3128e46663a0745c0fccad8a73374bf6c7885ed369536cff3,22180,3
C:\SRS(ISIC_2019)\Dataset\NV\ISIC_0062822.jpg,isic_0062822,5,f32e64220e5826801c95759e3be56d48cc8c00c4f2e50d93e89a0c6920906b99,22192,3
C:\SRS(ISIC_2019)\Dataset\NV\ISIC_0062824.jpg,isic_0062824,5,872da5712a041559020e48235e2b0b683fe87634eb5511e968fdb069515a599a,22193,3
C:\SRS(ISIC_2019)\Dataset\NV\ISIC_0062860.jpg,isic_0062860,5,57966fc01a03766aac4dba6c6557eb12841aec63956ff61ae1d1387ef8b141d3,22202,3
C:\SRS(ISIC_2019)\Dataset\NV\ISIC_0062861.jpg,isic_0062861,5,5ee7467b591446ad44d8ce92bb561504b48b85edeb7c719d03a4aa753ee7f329,22203,3
C:\SRS(ISIC_2019)\Dataset\NV\ISIC_0062880.jpg,isic_0062880,5,cf2ac25baaf6df00775ed936ffe51fe4bbd1a76dc410c0caa05b83b205977386,22208,3
C:\SRS(ISIC_2019)\Dataset\NV\ISIC_0062906.jpg,isic_0062906,5,015142d377c2270a84710937e4aad2ac8edd1cef717139f072ebd331bd8c09ad,22213,3
C:\SRS(ISIC_2019)\Dataset\NV\ISIC_0062920.jpg,isic_0062920,5,def134c5a43c271592d053df14ade19130fcf088c9082986364d5a8b06ea3ac0,22218,3
C:\SRS(ISIC_2019)\Dataset\NV\ISIC_0062950.jpg,isic_0062950,5,47de90ff7218d3077b89f2a380d4cb3c45c0be1a3e113b627db9286f9d2cd414,22224,3
C:\SRS(ISIC_2019)\Dataset\NV\ISIC_0062960.jpg,isic_0062960,5,bdd5851b542c89d5bf747ee231fd55d13a9cb2ab6fdc4b406d2715ab60ff1c5b,22226,3
C:\SRS(ISIC_2019)\Dataset\NV\ISIC_0063139.jpg,isic_0063139,5,fcd85fc5ab611e9a913ba2c83d664376a01f7cf158cbfcb7a756b22e744f1764,22259,3
C:\SRS(ISIC_2019)\Dataset\NV\ISIC_0063184.jpg,isic_0063184,5,33eaa470d243b517b83889dcd5741dad69860bac293b321a9849276f61e56ae5,22266,3
C:\SRS(ISIC_2019)\Dataset\NV\ISIC_0063251.jpg,isic_0063251,5,f841122183580e5d334b91eecf7912b2666aaff998c8e13928ca786212e8c640,22279,3
C:\SRS(ISIC_2019)\Dataset\NV\ISIC_0063262.jpg,isic_0063262,5,fc3ab0e8944ac8923caffd8e940aa6d5457fc6bac785b3c6cb6ba9ac06b9ac49,22281,3
C:\SRS(ISIC_2019)\Dataset\NV\ISIC_0063314.jpg,isic_0063314,5,5bf7b1caa7991a3c077e073f0eba3ee0e3c8e6b354a32c796ef152cf6fed4f83,22290,3
C:\SRS(ISIC_2019)\Dataset\NV\ISIC_0063316.jpg,isic_0063316,5,3f8ff502c5b16de4fc1b1d6e9bc931e93ff8da0c9ead75ed95d81a513b80c23b,22291,3
C:\SRS(ISIC_2019)\Dataset\NV\ISIC_0063319.jpg,isic_0063319,5,7516bee191898fea495bf4b929731e5ea1f0a320f4664d9eb7d92a8884cb9d3a,22292,3
C:\SRS(ISIC_2019)\Dataset\NV\ISIC_0063326.jpg,isic_0063326,5,9c91c7bda1a3cb9b4824c1c039610ae886c6c9eba52d2c931f97fad42a49d76d,22294,3
C:\SRS(ISIC_2019)\Dataset\NV\ISIC_0063364.jpg,isic_0063364,5,7a5c4be0056bee3c1bf82c65e22ece4214fbebafcf846bad1f67a538c4189718,22299,3
C:\SRS(ISIC_2019)\Dataset\NV\ISIC_0063399.jpg,isic_0063399,5,b776cf772ca472b27b0d93898e0a55a78a87a9c17aabcc2d1237799dd77cefad,22310,3
C:\SRS(ISIC_2019)\Dataset\NV\ISIC_0063424.jpg,isic_0063424,5,16313dadd0a3a4e2e9a4078b87ab27bfac36a74d0268d14bc21ecd734bd0c21d,22316,3
C:\SRS(ISIC_2019)\Dataset\NV\ISIC_0063441.jpg,isic_0063441,5,1d6a3b564268d5fd8e4af3ffef3cd28e0f50d5818bd166ba70f8cb04700fc156,22320,3
C:\SRS(ISIC_2019)\Dataset\NV\ISIC_0063455.jpg,isic_0063455,5,af66f5db347e8aabd8cf26b3c139d2db3d04a481bdfbefe3e54dfe7109902d70,22322,3
C:\SRS(ISIC_2019)\Dataset\NV\ISIC_0063484.jpg,isic_0063484,5,18161aa6907b6cd5cbba6759d7dbef0157a362593d78479eddef6d6b1e27df13,22329,3
C:\SRS(ISIC_2019)\Dataset\NV\ISIC_0063544.jpg,isic_0063544,5,25c46d2b46202df4409e85a39676aecc8a8c01119a780e4af31fe3dabb8247c2,22340,3
C:\SRS(ISIC_2019)\Dataset\NV\ISIC_0063556.jpg,isic_0063556,5,ebc9269b8614c022b78e5274422c2c5aeb8847d18e6089ead14d8c40ac903397,22343,3
C:\SRS(ISIC_2019)\Dataset\NV\ISIC_0063565.jpg,isic_0063565,5,57766910076056574dfbe4b3ca34fbba16f3c647c1baada974d13b039f9a872e,22345,3
C:\SRS(ISIC_2019)\Dataset\NV\ISIC_0063608.jpg,isic_0063608,5,d97d6ffc1ebacfbd0a364b36eef48deb75b7d2de798037acc81533c89790562a,22359,3
C:\SRS(ISIC_2019)\Dataset\NV\ISIC_0063609.jpg,isic_0063609,5,cb0fbc130af502316a17db5d8dba0d24f586c7e186ced6b6e02ca83bcf01167e,22360,3
C:\SRS(ISIC_2019)\Dataset\NV\ISIC_0063642.jpg,isic_0063642,5,e43124becf47119ceacf9b6c7262e2e0894f1437865a055da1cfe95807d6d296,22368,3
C:\SRS(ISIC_2019)\Dataset\NV\ISIC_0063644.jpg,isic_0063644,5,eb06995b7385111970d478b1d3f0237d1737da73c71ee0d5880a7c13f9b505f5,22369,3
C:\SRS(ISIC_2019)\Dataset\NV\ISIC_0063653.jpg,isic_0063653,5,64fbc90778701330d44f5e778552c568dd0be4eede091c721756f7d4db301034,22371,3
C:\SRS(ISIC_2019)\Dataset\NV\ISIC_0063670.jpg,isic_0063670,5,b2edd7c0efcf3bdc7ba495a998ba24022d406ff30fd9f52b33dd47cc8a505c9e,22374,3
C:\SRS(ISIC_2019)\Dataset\NV\ISIC_0063688.jpg,isic_0063688,5,7553d08968eb8ab1d4aebc206aa0e47be3113d395ee7fcd8c438fc567230da50,22380,3
C:\SRS(ISIC_2019)\Dataset\NV\ISIC_0063719.jpg,isic_0063719,5,c1f6171ec46bf5f59cb85a441f53f160a784552af31f18d04f34f0fbb7430bb3,22386,3
C:\SRS(ISIC_2019)\Dataset\NV\ISIC_0063733.jpg,isic_0063733,5,c66ba23465e534b718ac6d4eb32356508960e39105837b0b85dbfe5618672c7b,22387,3
C:\SRS(ISIC_2019)\Dataset\NV\ISIC_0063745.jpg,isic_0063745,5,7dbb577f491700dd438bac5cc663ba99e44b1d7c706cde0b541a94728a8c9cfa,22390,3
C:\SRS(ISIC_2019)\Dataset\NV\ISIC_0063764.jpg,isic_0063764,5,e6680d9cab462aa7a5026356c3cc9349f06906ea244750d92ddff7e54a0fd2ee,22393,3
C:\SRS(ISIC_2019)\Dataset\NV\ISIC_0063820.jpg,isic_0063820,5,1e55776d01c43fe3edeb32acae3f1a49303f337d9a89b8c839e10bbec4ac8f00,22404,3
C:\SRS(ISIC_2019)\Dataset\NV\ISIC_0063895.jpg,isic_0063895,5,de91bbfa179198fa4be8291b7cdea5769ee2d895faad96801fb1da59cd754e4d,22420,3
C:\SRS(ISIC_2019)\Dataset\NV\ISIC_0063896.jpg,isic_0063896,5,34e8b1b17832ecd1bdf0a98914b6fa32cdd47a6f999cb1af61086a726bca20e8,22421,3
C:\SRS(ISIC_2019)\Dataset\NV\ISIC_0063903.jpg,isic_0063903,5,c8f8b2d2a78391e5d749fef32b36713d9ad02ad0613b41aadcf43deed273d1b0,22423,3
C:\SRS(ISIC_2019)\Dataset\NV\ISIC_0063919.jpg,isic_0063919,5,a7fb47f2d07cae1a8c6d3c3911e86888f1129179bf86cb1c425fa6255183cfff,22428,3
C:\SRS(ISIC_2019)\Dataset\NV\ISIC_0063924.jpg,isic_0063924,5,694d73a9355fdf256e5ebb4a790b946c1cfa5d81911de435ca31dfaf90f40146,22430,3
C:\SRS(ISIC_2019)\Dataset\NV\ISIC_0063934.jpg,isic_0063934,5,9480e1d06afda8380f322e67b1df4885f0ca13f6db5f6b3f8fcdc8cf1d8ce16d,22432,3
C:\SRS(ISIC_2019)\Dataset\NV\ISIC_0063951.jpg,isic_0063951,5,5b08018d2a76df93c907faf2680224a9fc65b062e8313966c17135222e85ad8c,22437,3
C:\SRS(ISIC_2019)\Dataset\NV\ISIC_0064002.jpg,isic_0064002,5,4921c5ea1af25a6f41bd938f462b412b7b367196c16c3bf480cde1246bb71568,22449,3
C:\SRS(ISIC_2019)\Dataset\NV\ISIC_0064012.jpg,isic_0064012,5,6b29a05446f3d28a47d071814c075b5c1e993a31a512b64ff4d4870c6a837d86,22455,3
C:\SRS(ISIC_2019)\Dataset\NV\ISIC_0064044.jpg,isic_0064044,5,5a737fce1059678d813c31e9be3041bc16dd1dad4b902b9e4f3c029a88b8798f,22462,3
C:\SRS(ISIC_2019)\Dataset\NV\ISIC_0064050.jpg,isic_0064050,5,846402b4f722d1ed2f970becb83255d1a82434455e7ad7a0956c4e9c4167f25d,22464,3
C:\SRS(ISIC_2019)\Dataset\NV\ISIC_0064084.jpg,isic_0064084,5,5533d616cd3409d6fda71bb5534790c3413ebbebd032e16dd7f11a4a4ab05cab,22468,3
C:\SRS(ISIC_2019)\Dataset\NV\ISIC_0064124.jpg,isic_0064124,5,35eba321b7f1004dd9fe962298a44d462bc5eb85f3cb563c3b5eb3c78926a4a7,22475,3
C:\SRS(ISIC_2019)\Dataset\NV\ISIC_0064138.jpg,isic_0064138,5,937e947c7936ca242e0b27e249d32eda540854be24699050c901c3b7aee6b3d9,22477,3
C:\SRS(ISIC_2019)\Dataset\NV\ISIC_0064181.jpg,isic_0064181,5,ca1011df1cea7bac40d215ff62593a25787499eb6f061a2c65b28e27796b6e3c,22486,3
C:\SRS(ISIC_2019)\Dataset\NV\ISIC_0064187.jpg,isic_0064187,5,204f3a1a46a46b4404a86dd3b83500e640797fb3eab4f31c7cd3040b38f5ebdf,22488,3
C:\SRS(ISIC_2019)\Dataset\NV\ISIC_0064202.jpg,isic_0064202,5,10b5cc4a71ed2b02840706b0fa9a2ec33d71a21ef71add103262d1ab4921f811,22493,3
C:\SRS(ISIC_2019)\Dataset\NV\ISIC_0064205.jpg,isic_0064205,5,ff43a9b901ad004dc2251001e875915b3f045f2f7500f602b40c1971c5203ea8,22494,3
C:\SRS(ISIC_2019)\Dataset\NV\ISIC_0064220.jpg,isic_0064220,5,f93d94f7f6e3dca1bc89250e9467b12db60d041662ab32796592d334cea54d6e,22498,3
C:\SRS(ISIC_2019)\Dataset\NV\ISIC_0064259.jpg,isic_0064259,5,9b4b3278f09b102b150d6a9e221e9473c6a60dd919e1b5e6c1c3570f659afe43,22503,3
C:\SRS(ISIC_2019)\Dataset\NV\ISIC_0064275.jpg,isic_0064275,5,ce3e8f9b9e1206ef0ab27c2a653ce72d76b1d74a9190198eca4e0af428d229db,22508,3
C:\SRS(ISIC_2019)\Dataset\NV\ISIC_0064343.jpg,isic_0064343,5,a3b8255424249ab1537953fa9a77751225491f83bf86132d54123863f39dc33a,22524,3
C:\SRS(ISIC_2019)\Dataset\NV\ISIC_0064364.jpg,isic_0064364,5,2d4aa8e804d6a23498aee304d90b45c5e96b070f8fa1e5e2af263e75b014d7bf,22526,3
C:\SRS(ISIC_2019)\Dataset\NV\ISIC_0064370.jpg,isic_0064370,5,f706d1cbfe0f621871e09c4c454458c70cd6df619032fbacb235e4f6cc4c80e4,22530,3
C:\SRS(ISIC_2019)\Dataset\NV\ISIC_0064471.jpg,isic_0064471,5,cd4c66a1c76f41c648783eee3d59987a9428531032f9ec031b7f3d3a5dfbad62,22551,3
C:\SRS(ISIC_2019)\Dataset\NV\ISIC_0064487.jpg,isic_0064487,5,e786c46e591a11f8238259ccf4fe19135e4352dba0af4b312396b8abffeda9e1,22555,3
C:\SRS(ISIC_2019)\Dataset\NV\ISIC_0064509.jpg,isic_0064509,5,315e2f67067cf4d36b49b663502815fe95e6572bd45ff0bc3c89281682d1c81a,22561,3
C:\SRS(ISIC_2019)\Dataset\NV\ISIC_0064541.jpg,isic_0064541,5,3462a224b376928784451aced2e6175906f61dbb5d34a1627e187a5e60f37d30,22568,3
C:\SRS(ISIC_2019)\Dataset\NV\ISIC_0064651.jpg,isic_0064651,5,1c2683b286d48c3156a7e565abbc5401d8c53fb717b533aae8aa875faee7b886,22588,3
C:\SRS(ISIC_2019)\Dataset\NV\ISIC_0064658.jpg,isic_0064658,5,710abf1ef06a5ecfb254e2126f8efbf4f9e819fa297c378aa58ffd1f511f3a92,22589,3
C:\SRS(ISIC_2019)\Dataset\NV\ISIC_0064663.jpg,isic_0064663,5,bc51da411ea007b443ddfd87b0eb556de040ad9949572c74d9a63706e7d556b3,22591,3
C:\SRS(ISIC_2019)\Dataset\NV\ISIC_0064698.jpg,isic_0064698,5,a1ab2cb0eeb870b77330bfe52fae1992a5f1825a39619d136e3a28fbbd3352c9,22601,3
C:\SRS(ISIC_2019)\Dataset\NV\ISIC_0064707.jpg,isic_0064707,5,81263560cf003923deb3a5cd043c139a7501aa830e6dd3f49ab407aed9507d2c,22604,3
C:\SRS(ISIC_2019)\Dataset\NV\ISIC_0064719.jpg,isic_0064719,5,1a1a74b2c908d6b56d1764c3cdaa8418b0b465bafb2794760cdc479473fa0788,22609,3
C:\SRS(ISIC_2019)\Dataset\NV\ISIC_0064733.jpg,isic_0064733,5,2c381149d1a9a53f9a10b97945d61df673565bd0889007fc74242b0ec47122cd,22612,3
C:\SRS(ISIC_2019)\Dataset\NV\ISIC_0064763.jpg,isic_0064763,5,7704c0090e755a2ee243802a7b6695c7ac4957930fe4965358458b1d753f538d,22614,3
C:\SRS(ISIC_2019)\Dataset\NV\ISIC_0064781.jpg,isic_0064781,5,7c51f80633f9041af5dfe751f99e8c86fdf349ec7b57acaea594d3ae1dd14de7,22620,3
C:\SRS(ISIC_2019)\Dataset\NV\ISIC_0064794.jpg,isic_0064794,5,0d81c88e866e2c9833b5bc65cf2736ce386a754a4ee24d22544ba984c88c367a,22623,3
C:\SRS(ISIC_2019)\Dataset\NV\ISIC_0064808.jpg,isic_0064808,5,20a0f04b626ad771009d72f17e73376761b825cc5191f5d292ac3ccbf064cfb2,22629,3
C:\SRS(ISIC_2019)\Dataset\NV\ISIC_0064850.jpg,isic_0064850,5,5662dea8a1c428a4eb863bb2be42cdd5ae8258aeca725061891f185c51bc2c2a,22636,3
C:\SRS(ISIC_2019)\Dataset\NV\ISIC_0064867.jpg,isic_0064867,5,655fa21e3cb61ca72101541eb13565dfd9f8253fb45de09c0b7fcc4e34df080b,22643,3
C:\SRS(ISIC_2019)\Dataset\NV\ISIC_0064889.jpg,isic_0064889,5,57a28f4d1d838356a41c0f36d6e758c9310bbc99070ef0cfb8e45ce490e50a52,22647,3
C:\SRS(ISIC_2019)\Dataset\NV\ISIC_0064908.jpg,isic_0064908,5,7b1ea01c23a4c25ae87ad413559df7c73079904a32b07679154a872de7ebf589,22649,3
C:\SRS(ISIC_2019)\Dataset\NV\ISIC_0064916.jpg,isic_0064916,5,fdb537f5870191e34a89e5cf3936f35df52a5533ab2fe5b6301814ee10bc93c0,22652,3
C:\SRS(ISIC_2019)\Dataset\NV\ISIC_0064954.jpg,isic_0064954,5,1abb02b064ee9e7e06a651d4ff005377790073150db0a4ecf78da155048a6dfb,22659,3
C:\SRS(ISIC_2019)\Dataset\NV\ISIC_0064964.jpg,isic_0064964,5,55651afa418c19e53a05d59247ee830bb6edc4f2da230d22d1f4125d48704918,22663,3
C:\SRS(ISIC_2019)\Dataset\NV\ISIC_0065016.jpg,isic_0065016,5,88705d235fe75c950fc30fa37fe9f1ad0ad0bc1c644cb6e64173b57f817ab080,22669,3
C:\SRS(ISIC_2019)\Dataset\NV\ISIC_0065038.jpg,isic_0065038,5,f71378cee9bb19093018cc19b8d0bfea01fab682460a1f09ae1aafec5d8b18a4,22673,3
C:\SRS(ISIC_2019)\Dataset\NV\ISIC_0065080.jpg,isic_0065080,5,e7fe46bcbb72df013456d375479805219ad9f5c6daadf2fceff62e3a3a357fa9,22679,3
C:\SRS(ISIC_2019)\Dataset\NV\ISIC_0065145.jpg,isic_0065145,5,c6424d96d5309e759026992abbf9dad53eae49ddb6a9f8b5f079facfa820c203,22688,3
C:\SRS(ISIC_2019)\Dataset\NV\ISIC_0065202.jpg,isic_0065202,5,110313c7ceb9c45d27c08b786e606e129ea044eab9dee696b04cd3b0f9099ebc,22699,3
C:\SRS(ISIC_2019)\Dataset\NV\ISIC_0065222.jpg,isic_0065222,5,04a87ee0300a5969762f9b83bbe73f57cefffb0648d9140b77369c36360f4f2b,22704,3
C:\SRS(ISIC_2019)\Dataset\NV\ISIC_0065233.jpg,isic_0065233,5,1b9b6950e84599dd40ac4bb9f5bc67758284193d312b76eb48e8c6119a59cdf1,22706,3
C:\SRS(ISIC_2019)\Dataset\NV\ISIC_0065245.jpg,isic_0065245,5,facbd3549cdada2e3abd2ce499f7a0831906ff46b035fefa44f42e6a3234f48b,22707,3
C:\SRS(ISIC_2019)\Dataset\NV\ISIC_0065370.jpg,isic_0065370,5,4015841556e6f7802f9ede7b8a3e87e7d26ca2603eac674420def423159fed0a,22745,3
C:\SRS(ISIC_2019)\Dataset\NV\ISIC_0065371.jpg,isic_0065371,5,3f7945072ea1b71d97560d02a7954fe71a578eb2a4e7aff4d4220cc96e2467f6,22746,3
C:\SRS(ISIC_2019)\Dataset\NV\ISIC_0065471.jpg,isic_0065471,5,f252d2864983fbde4f88e9c69724876c2eb895c08e4bdb2951eb0e22e597254b,22770,3
C:\SRS(ISIC_2019)\Dataset\NV\ISIC_0065473.jpg,isic_0065473,5,f57ee2585b17e6621685ddada8ddbf686f21f635e4f0c24ed173a9581a6fdf91,22771,3
C:\SRS(ISIC_2019)\Dataset\NV\ISIC_0065519.jpg,isic_0065519,5,42f00567789d07477cd8490b320b085174f8529a420735ee97242a06a7a063f3,22781,3
C:\SRS(ISIC_2019)\Dataset\NV\ISIC_0065528.jpg,isic_0065528,5,1a39502562e243a02cac0ec0800336843cce6bae1f2a0715216be150a31f06bf,22782,3
C:\SRS(ISIC_2019)\Dataset\NV\ISIC_0065542.jpg,isic_0065542,5,78854c562cd2f574b97b2437392fb8504e32390d805a627a93260c1bcfb364d1,22786,3
C:\SRS(ISIC_2019)\Dataset\NV\ISIC_0065558.jpg,isic_0065558,5,c39f59b36315b21832787d09d3edd8a6804c2e08d191a97f3a75eba4914704ce,22789,3
C:\SRS(ISIC_2019)\Dataset\NV\ISIC_0065613.jpg,isic_0065613,5,e595112c781398a45eb49c070e61f427bc4985ae81fe7e6a6f5dee3fb9532fda,22803,3
C:\SRS(ISIC_2019)\Dataset\NV\ISIC_0065630.jpg,isic_0065630,5,12ed18864d1d9c0389eb363c22d3aac3539eebe5cbb4f78da3a74fbb4195f49a,22808,3
C:\SRS(ISIC_2019)\Dataset\NV\ISIC_0065640.jpg,isic_0065640,5,cc708c8755b6c9d8dd27caac739947b71c5dea4c4ade4f6223fa283415ac9bb9,22811,3
C:\SRS(ISIC_2019)\Dataset\NV\ISIC_0065645.jpg,isic_0065645,5,f6761e099434194944943c58921f4ca2e6a5164a7229773cd90394a568a1eada,22812,3
C:\SRS(ISIC_2019)\Dataset\NV\ISIC_0065654.jpg,isic_0065654,5,55cf9ff21a29e319cc4a57cf7c7cd9ffee88f33e4633e8170bc16728a294a37b,22813,3
C:\SRS(ISIC_2019)\Dataset\NV\ISIC_0065691.jpg,isic_0065691,5,a8850cdd8ff385dc66c5f2985fba8c238f6752438c80b2587eed804220c6b47f,22818,3
C:\SRS(ISIC_2019)\Dataset\NV\ISIC_0065722.jpg,isic_0065722,5,9903c5574fd630881297890737d4620975733c45cbd768595518cafd08125d17,22822,3
C:\SRS(ISIC_2019)\Dataset\NV\ISIC_0065765.jpg,isic_0065765,5,71e35129ecb463fafa94810756bf5857e41cfea1af83fd1648d8312f9da277d1,22827,3
C:\SRS(ISIC_2019)\Dataset\NV\ISIC_0065768.jpg,isic_0065768,5,a25c12ad4c4f0bebdc77f0e8766f34fa4dc98ef5a428199f6d69b094c8a0a636,22828,3
C:\SRS(ISIC_2019)\Dataset\NV\ISIC_0065779.jpg,isic_0065779,5,6733c0eacd04a84a71427d260ef237120c3e668446bd9e86a7712f5f988d6e55,22830,3
C:\SRS(ISIC_2019)\Dataset\NV\ISIC_0065796.jpg,isic_0065796,5,4a797a0f8b01d91069349eaa53ded30cdd683b96ee003cc4333d2596481c61ab,22837,3
C:\SRS(ISIC_2019)\Dataset\NV\ISIC_0065841.jpg,isic_0065841,5,3bf3d4e5f36bde5d15b8480cc6674461c20fca206ea476c2b2af1772fb36b0ba,22846,3
C:\SRS(ISIC_2019)\Dataset\NV\ISIC_0065847.jpg,isic_0065847,5,2b353911011e6aa3b0060c7d1cf6c00d7549fcbd08f1f997fbd24f5bf6735a2d,22849,3
C:\SRS(ISIC_2019)\Dataset\NV\ISIC_0065924.jpg,isic_0065924,5,7f091e75895f526edaa5c95b7dd0f0c04316b843b4dc48ce2f33377e73bd3c9b,22861,3
C:\SRS(ISIC_2019)\Dataset\NV\ISIC_0065967.jpg,isic_0065967,5,2f7eb470a7202ca80213353a5c9824cb34f7fc454a2c9980bcf0d16651c8f4e1,22867,3
C:\SRS(ISIC_2019)\Dataset\NV\ISIC_0065987.jpg,isic_0065987,5,bbabedc34ecd822ed50daa4827c318b477fc81392863c53bb617d21c0256b984,22873,3
C:\SRS(ISIC_2019)\Dataset\NV\ISIC_0066022.jpg,isic_0066022,5,f2456bf627db5d7b8a4768c1b79b852239fe13ee0c8c15f5c14e19b783ca10c3,22881,3
C:\SRS(ISIC_2019)\Dataset\NV\ISIC_0066025.jpg,isic_0066025,5,e9a7deba65a6e5a7ebf1d9df9e993f3334c4a30e8c72781e2d095f7801ae01ce,22882,3
C:\SRS(ISIC_2019)\Dataset\NV\ISIC_0066033.jpg,isic_0066033,5,7ca01830a12bde984692223eb033423e47805a3dd251548c6d71f13d670fc827,22883,3
C:\SRS(ISIC_2019)\Dataset\NV\ISIC_0066048.jpg,isic_0066048,5,16008ac591c08e0de12a2ad005707d646469ae6e121847bfac2017e4913a432c,22886,3
C:\SRS(ISIC_2019)\Dataset\NV\ISIC_0066096.jpg,isic_0066096,5,f5b54db64de794f906872ac10477f924c2bd7dc26062c15aedc78381ddfeb0b6,22896,3
C:\SRS(ISIC_2019)\Dataset\NV\ISIC_0066163.jpg,isic_0066163,5,bfcef5b102d7f5cda84d0e7f2018c6f2062f7ef49ceb9de9c955672631951997,22907,3
C:\SRS(ISIC_2019)\Dataset\NV\ISIC_0066295.jpg,isic_0066295,5,8c8f4985b60f482febcde1ee2f81d7f010db1c95408c9ac57aebcc775951a1df,22933,3
C:\SRS(ISIC_2019)\Dataset\NV\ISIC_0066300.jpg,isic_0066300,5,92840f7142b7e5290b4a1826a921686e9f493f90dd652338696a82685cd604fc,22935,3
C:\SRS(ISIC_2019)\Dataset\NV\ISIC_0066326.jpg,isic_0066326,5,5987a33a67363646fac9c0db40625fab7aa4f90534265d4263bedb5dcef8c5f0,22939,3
C:\SRS(ISIC_2019)\Dataset\NV\ISIC_0066405.jpg,isic_0066405,5,e8d3767d1111b80501e3be1b76180e9f357ad155b07f864b799f5bee59e64d76,22957,3
C:\SRS(ISIC_2019)\Dataset\NV\ISIC_0066420.jpg,isic_0066420,5,43487eb7d8cc891e16487669a065f088ca8e0a8d76378d6956febaef87d59da2,22960,3
C:\SRS(ISIC_2019)\Dataset\NV\ISIC_0066434.jpg,isic_0066434,5,0e9ccbed60f644299371038a8ea91376dac8e54fdf1dc382c55681da47d5eb58,22962,3
C:\SRS(ISIC_2019)\Dataset\NV\ISIC_0066439.jpg,isic_0066439,5,32dd4b3f33444ba4dc30e00d8206f29e449b73642faea0922006edf12a4bb0fd,22963,3
C:\SRS(ISIC_2019)\Dataset\NV\ISIC_0066444.jpg,isic_0066444,5,01ee4afdfaf186c5f28b208189bb3e5733ba69eb6781e28631872322a67616f8,22965,3
C:\SRS(ISIC_2019)\Dataset\NV\ISIC_0066454.jpg,isic_0066454,5,5a8db28e435d5ada377e87da56bdfd8bcd8a9dc48f847d0284effcd4e793a2ad,22966,3
C:\SRS(ISIC_2019)\Dataset\NV\ISIC_0066456.jpg,isic_0066456,5,94f921b8fb7af9a40a89a92eb92a0b82904c613bfba30ff0f61337819fbe9406,22967,3
C:\SRS(ISIC_2019)\Dataset\NV\ISIC_0066475.jpg,isic_0066475,5,2411b272bfeb8d8cb52a752f3c4e886dcf184010f01524bf31aa03cf7600454e,22970,3
C:\SRS(ISIC_2019)\Dataset\NV\ISIC_0066488.jpg,isic_0066488,5,9462ade251d9e6d2608c8f55d94a8ed18ee1c1072c693ec544386945d933fe2e,22973,3
C:\SRS(ISIC_2019)\Dataset\NV\ISIC_0066508.jpg,isic_0066508,5,2d8547e35ffeb9186a4d3ac6a4006cdc376ab196bcf76cf8ed58b2164db9f192,22975,3
C:\SRS(ISIC_2019)\Dataset\NV\ISIC_0066531.jpg,isic_0066531,5,9bd2ca5a489fb13556e158050c4d341e17f33f23e60fec5565173525ca34ce97,22981,3
C:\SRS(ISIC_2019)\Dataset\NV\ISIC_0066539.jpg,isic_0066539,5,9359bfc007f899ce0fbd59480c4efe591c0ab1e8be2d548c5e610f27cada2774,22982,3
C:\SRS(ISIC_2019)\Dataset\NV\ISIC_0066557.jpg,isic_0066557,5,e6352c6a4f511a98e47a66cc41ddade367369005485d44a9e6f173f82f90ef40,22984,3
C:\SRS(ISIC_2019)\Dataset\NV\ISIC_0066584.jpg,isic_0066584,5,de7efddde615a9e050df995b91996d73ab754913b4e9f23cacead1f7d97c453a,22990,3
C:\SRS(ISIC_2019)\Dataset\NV\ISIC_0066585.jpg,isic_0066585,5,bfaa0306248cecf8019be7015197b3dea575b3e90bc72bdc89474df387406842,22991,3
C:\SRS(ISIC_2019)\Dataset\NV\ISIC_0066640.jpg,isic_0066640,5,9996bd6caf237d9f8a43554cf353cb4c7c9b7ad00bf994a3c30265343eaeadd5,23001,3
C:\SRS(ISIC_2019)\Dataset\NV\ISIC_0066653.jpg,isic_0066653,5,a7cfed75aa64763cabef0712aa26f2ec7fd14fabdcb93d81fe148594b6370e2d,23005,3
C:\SRS(ISIC_2019)\Dataset\NV\ISIC_0066694.jpg,isic_0066694,5,d0229109fac07bf55ad1c99e60a7ced01cb026d4cd1fad1d6b20eb3aca6abed7,23012,3
C:\SRS(ISIC_2019)\Dataset\NV\ISIC_0066729.jpg,isic_0066729,5,c06764d29ec633e70822483f61d16fbd38a2bb9314f95d9935c0a23c65161356,23022,3
C:\SRS(ISIC_2019)\Dataset\NV\ISIC_0066740.jpg,isic_0066740,5,3af8e96baf62f87620898d8bebd963c0858b61e3f7f4f8ba7b60c0dd9f95e14a,23024,3
C:\SRS(ISIC_2019)\Dataset\NV\ISIC_0066755.jpg,isic_0066755,5,e5a854f843c594f459a14b4f90dbab0e147304bda43d00b6264c09df0701220d,23028,3
C:\SRS(ISIC_2019)\Dataset\NV\ISIC_0066772.jpg,isic_0066772,5,3da7b9656b414ed119fd82e825dcb04b8b0f924c10d537ed442e78ea627e829e,23029,3
C:\SRS(ISIC_2019)\Dataset\NV\ISIC_0066795.jpg,isic_0066795,5,99eb667b12a06c29a894774dda8f50ab768a5a1a204bc06c8d9a1d9e53d79dbd,23034,3
C:\SRS(ISIC_2019)\Dataset\NV\ISIC_0066835.jpg,isic_0066835,5,a319c5fb9652e7251212171e415320ae1f1171d66abccf4ca60cee15cbe4b18f,23042,3
C:\SRS(ISIC_2019)\Dataset\NV\ISIC_0066915.jpg,isic_0066915,5,df1574c7d734142ce8382b8c73928c863cd81fa596d856dda16b6be3bf72730f,23054,3
C:\SRS(ISIC_2019)\Dataset\NV\ISIC_0066919.jpg,isic_0066919,5,31124e9f7b45ed94b39a1e5e853a38e74a5e3c819d910d2f6d7cde4686538558,23055,3
C:\SRS(ISIC_2019)\Dataset\NV\ISIC_0066949.jpg,isic_0066949,5,66051e5a5c1cdfa97600110ba4f48e584723b30e832b72fac7725cfbc1aa7499,23058,3
C:\SRS(ISIC_2019)\Dataset\NV\ISIC_0066983.jpg,isic_0066983,5,662e264352c35fd3115221f580fab50df776bc557e8de43ff9cea5962780254e,23068,3
C:\SRS(ISIC_2019)\Dataset\NV\ISIC_0066998.jpg,isic_0066998,5,66f24fd5e2df948b13aa89c930e2643bc106b4b642f2e87df91b896535b8562b,23069,3
C:\SRS(ISIC_2019)\Dataset\NV\ISIC_0067017.jpg,isic_0067017,5,96ab87396ccce7052c58227a608cf8fb29e7bccc8ef276f96b4aa81e70bb1e1a,23076,3
C:\SRS(ISIC_2019)\Dataset\NV\ISIC_0067036.jpg,isic_0067036,5,e5c64f0f8445f3deac9d7d8f4b2d29291c371966a30af11f7af40b8760876771,23082,3
C:\SRS(ISIC_2019)\Dataset\NV\ISIC_0067094.jpg,isic_0067094,5,7133159d93e29cb8585f3e8c4167e924fec6800eb14d8b04af9697ff12bad8f4,23095,3
C:\SRS(ISIC_2019)\Dataset\NV\ISIC_0067119.jpg,isic_0067119,5,c09cae96eb003f330533365bc5018a4970821e8af0d63ebc032d9496e8f3fc2f,23098,3
C:\SRS(ISIC_2019)\Dataset\NV\ISIC_0067141.jpg,isic_0067141,5,b5685dff1ac3f2365a2651a53a6324bd3b2331befbaca59a8a988eb3c4ee5bf0,23101,3
C:\SRS(ISIC_2019)\Dataset\NV\ISIC_0067149.jpg,isic_0067149,5,b04bdae317413ebf53e20d01acb0031f0bcf966aff5b8268d1b679a24407180a,23102,3
C:\SRS(ISIC_2019)\Dataset\NV\ISIC_0067222.jpg,isic_0067222,5,30a34f32a1ccd4dd47401e7bad311c2ef6a61378c400db1c5fc49946dd385e6e,23121,3
C:\SRS(ISIC_2019)\Dataset\NV\ISIC_0067259.jpg,isic_0067259,5,2f2ce9509cb8339b36e374ea63bb11df706bcd759019bfe3a0ceb65d49c1b4f2,23131,3
C:\SRS(ISIC_2019)\Dataset\NV\ISIC_0067282.jpg,isic_0067282,5,66350a60e65623cc92c1fb02b24e2171b57d29716e5a09f369fe8a8214d92c12,23133,3
C:\SRS(ISIC_2019)\Dataset\NV\ISIC_0067300.jpg,isic_0067300,5,2ab30b662f530a31ef88a5c9e0d16ddcb385157411d4729264e9500a601ad39c,23139,3
C:\SRS(ISIC_2019)\Dataset\NV\ISIC_0067306.jpg,isic_0067306,5,c8022cf0fae3395faff359d18d3c8d881803cf482e484ac9680bee60adf34a88,23140,3
C:\SRS(ISIC_2019)\Dataset\NV\ISIC_0067311.jpg,isic_0067311,5,e3bfc1cdec7c01503fedbb4fc706cfaebc8bf416d06d7b7382a03880c62f5d11,23141,3
C:\SRS(ISIC_2019)\Dataset\NV\ISIC_0067327.jpg,isic_0067327,5,de9722602d9552da925bfd6c6ebe5b566ac336651d869e429c3b41903c93a63b,23146,3
C:\SRS(ISIC_2019)\Dataset\NV\ISIC_0067389.jpg,isic_0067389,5,22bf070957e7b7ca16a7a818b47738205e57404bee63ae9aca2728ebdf759f5d,23158,3
C:\SRS(ISIC_2019)\Dataset\NV\ISIC_0067420.jpg,isic_0067420,5,2630dc7541313f266de979f50e71de12a4659baaee9b0647470fc52b26580246,23165,3
C:\SRS(ISIC_2019)\Dataset\NV\ISIC_0067424.jpg,isic_0067424,5,194699fba97cb7c336573bab8c36d7f6285961740b60541a9728d62687368f94,23166,3
C:\SRS(ISIC_2019)\Dataset\NV\ISIC_0067436.jpg,isic_0067436,5,188a1720b3006e8789cb22fd6e8b24dc37d57b83014d9f21e38341b0a6c52d8b,23170,3
C:\SRS(ISIC_2019)\Dataset\NV\ISIC_0067449.jpg,isic_0067449,5,7b8aff704469fe29b04ed2b412110aad0a2345aa084d4d561ae0938cb917bb28,23176,3
C:\SRS(ISIC_2019)\Dataset\NV\ISIC_0067479.jpg,isic_0067479,5,eda8fff302d0c94eaf55947c5a3b42b930a4650354efd0921db79923bf02f12a,23188,3
C:\SRS(ISIC_2019)\Dataset\NV\ISIC_0067484.jpg,isic_0067484,5,56e8dae75a33f9119bb1474b53b67775eac534da14034ad237ab17d4a0756ee0,23190,3
C:\SRS(ISIC_2019)\Dataset\NV\ISIC_0067517.jpg,isic_0067517,5,73d6a1aa2c3e7c01eb90b667ed6cc30c3410e43485af866beff930b9d1c15c49,23195,3
C:\SRS(ISIC_2019)\Dataset\NV\ISIC_0067533.jpg,isic_0067533,5,2f9eb6d2deaf276bb15c5f2a1dc73e16e8da13866f48ab8fc8adaf4a1f86b5a9,23197,3
C:\SRS(ISIC_2019)\Dataset\NV\ISIC_0067586.jpg,isic_0067586,5,1ba6ea3ed8769595de090e5428c828af532dbd7c9c575ae0efddbbe0d69e2daf,23204,3
C:\SRS(ISIC_2019)\Dataset\NV\ISIC_0067662.jpg,isic_0067662,5,22b8fc2ded87fea3a87f52f918bc9a415cbedee93b60cef82c54968ee303f264,23221,3
C:\SRS(ISIC_2019)\Dataset\NV\ISIC_0067672.jpg,isic_0067672,5,70e73cc9b7c55cb2b4b8dc4d2ac629081b478ba09417216fc79f91484f35d5ae,23223,3
C:\SRS(ISIC_2019)\Dataset\NV\ISIC_0067682.jpg,isic_0067682,5,72f283c3e5dcfaa798f58e98e4cb9d1705b7ace8d39ed352f9373bfc02161f53,23225,3
C:\SRS(ISIC_2019)\Dataset\NV\ISIC_0067686.jpg,isic_0067686,5,3c9a449dc52d0093d1c08e71a4d1d4095ebbc6a2c83f7389b18bc6c0cc2b7196,23227,3
C:\SRS(ISIC_2019)\Dataset\NV\ISIC_0067693.jpg,isic_0067693,5,8328f7785ce17cdab0efd26dbe96244ed6d1b2d62dbd0826212083498defb0bd,23230,3
C:\SRS(ISIC_2019)\Dataset\NV\ISIC_0067700.jpg,isic_0067700,5,6f5dd9aa2352c4ee665216ea50ce2b193cc27daf1b616de959e7901603f6d1f5,23231,3
C:\SRS(ISIC_2019)\Dataset\NV\ISIC_0067705.jpg,isic_0067705,5,fb16464fef29bf0edbe99f29a3e7cd30ebe0db4e98d7844a3abc36d9b4542406,23233,3
C:\SRS(ISIC_2019)\Dataset\NV\ISIC_0067729.jpg,isic_0067729,5,b8ad84acefe37380d453d8dd20865cc25d6294630e13e3ca0fc50b5429f897fa,23239,3
C:\SRS(ISIC_2019)\Dataset\NV\ISIC_0067738.jpg,isic_0067738,5,38f53a6cae29b193d5b20f0c0e7a9b859c869eb4a71a328c7cab57fb502df89b,23241,3
C:\SRS(ISIC_2019)\Dataset\NV\ISIC_0067745.jpg,isic_0067745,5,cd9845797be10d5fa8e463bdd94111b27a4e5b150a0c0ecdb6c0511da169a945,23243,3
C:\SRS(ISIC_2019)\Dataset\NV\ISIC_0067810.jpg,isic_0067810,5,0d1e72d3d9b70476fe61a08f08903fe97f7ff0bcab8bb409f9d0c97d57ce8027,23258,3
C:\SRS(ISIC_2019)\Dataset\NV\ISIC_0067813.jpg,isic_0067813,5,094d96629b0db96cff9679a219a3e115b26d0ebf0904afa31a02998220d35a0e,23260,3
C:\SRS(ISIC_2019)\Dataset\NV\ISIC_0067864.jpg,isic_0067864,5,954c9ef55f238784c2c8e30d7e80865168f67bcd0b79de2ce0ea7fb6a471f412,23270,3
C:\SRS(ISIC_2019)\Dataset\NV\ISIC_0067888.jpg,isic_0067888,5,3af0e35a22e9b13a450775638d6a08234ee7dc463acd64d1be49bcabda9efd7e,23277,3
C:\SRS(ISIC_2019)\Dataset\NV\ISIC_0067915.jpg,isic_0067915,5,ccf0d53d8ec17f9488b552de0e94090d204be0506b1e6e42648f10b5f2a71706,23281,3
C:\SRS(ISIC_2019)\Dataset\NV\ISIC_0067922.jpg,isic_0067922,5,bfe73bb660642109be1f4c3520f6799f5b48c569458288aed37ec6dcf034d554,23283,3
C:\SRS(ISIC_2019)\Dataset\NV\ISIC_0067930.jpg,isic_0067930,5,8e381a8fb68100a9c06d426bc08f344d31ec71ce426830acd5aa9ffb842fdc8d,23287,3
C:\SRS(ISIC_2019)\Dataset\NV\ISIC_0067937.jpg,isic_0067937,5,08270c3886fd125cd78dc518995b257afe27e2ba7c38267923bdd09a1c54fbba,23289,3
C:\SRS(ISIC_2019)\Dataset\NV\ISIC_0067951.jpg,isic_0067951,5,9b5cc494f1e971316149e82bbc688d326d87e0174182a197b1c890447fedc04b,23291,3
C:\SRS(ISIC_2019)\Dataset\NV\ISIC_0067961.jpg,isic_0067961,5,f662eae79545b5d7711d9cded432fcbf3001c7dc545593c2eb15a18295502e7f,23293,3
C:\SRS(ISIC_2019)\Dataset\NV\ISIC_0067970.jpg,isic_0067970,5,a7777e04d6202590b1ad5e55eb1049bef48b603320f54fc414671069b2dbbb4b,23297,3
C:\SRS(ISIC_2019)\Dataset\NV\ISIC_0068007.jpg,isic_0068007,5,6a2a1d7f9c278ac4a7ed8b7f6d30a01a8b3a2d1bb4b4d283238d93fd7b356213,23304,3
C:\SRS(ISIC_2019)\Dataset\NV\ISIC_0068009.jpg,isic_0068009,5,397beb53e17a8ffaaa02e330a98c12b88db6630ac989dbf50ccf2242593b7cbf,23305,3
C:\SRS(ISIC_2019)\Dataset\NV\ISIC_0068100.jpg,isic_0068100,5,c9d1e2053a199648fdbec8699f77cdffcc8d4efa75e2a1a93cd25f0c3783bd56,23324,3
C:\SRS(ISIC_2019)\Dataset\NV\ISIC_0068122.jpg,isic_0068122,5,2895d564da50e0609a05d94136ff56fdb587279dbbd5d5035ee6d07bb0f7d29e,23327,3
C:\SRS(ISIC_2019)\Dataset\NV\ISIC_0068126.jpg,isic_0068126,5,cc257009ce92808a09c364d27768453f1f56c35be75eedf53008c8fc3ed0c601,23328,3
C:\SRS(ISIC_2019)\Dataset\NV\ISIC_0068151.jpg,isic_0068151,5,228f7ac0aaa27f5d44836b0e795aab4ea6901ecb399456d40dee4277799c60a7,23334,3
C:\SRS(ISIC_2019)\Dataset\NV\ISIC_0068156.jpg,isic_0068156,5,d3e273e344d74f59f583c14fa2203afc9630a57d56a693678052ba79d163def9,23337,3
C:\SRS(ISIC_2019)\Dataset\NV\ISIC_0068171.jpg,isic_0068171,5,f22f5460262ca8e1543f0384e1b7cdc99f2f1089bd2d7e26b74b4136c741f7c6,23342,3
C:\SRS(ISIC_2019)\Dataset\NV\ISIC_0068198.jpg,isic_0068198,5,2bc275f48461a9362742cacd1bf3400641fd18856c22d8aa49ee3dcf1cff3c5a,23352,3
C:\SRS(ISIC_2019)\Dataset\NV\ISIC_0068205.jpg,isic_0068205,5,828846d3e6b77d01c7cc89e17c6a5ec2f59b865a5289288b713e5113ce1bb18d,23355,3
C:\SRS(ISIC_2019)\Dataset\NV\ISIC_0068230.jpg,isic_0068230,5,22430e7bcfa41d4438f012214efd066041286f5c9f32b4de3109e274f095a5c5,23364,3
C:\SRS(ISIC_2019)\Dataset\NV\ISIC_0068248.jpg,isic_0068248,5,b8e34b0ca64d6fd2c88eb0a727bd82686615d0936cfb39a64bc06f301f92eb0d,23367,3
C:\SRS(ISIC_2019)\Dataset\NV\ISIC_0068305.jpg,isic_0068305,5,37c326875817920f4a4e24e1658b566024dbc19365e56d5f5470fddc8b749d89,23376,3
C:\SRS(ISIC_2019)\Dataset\NV\ISIC_0068327.jpg,isic_0068327,5,977a18fbd866e6a11b6e44b593d8b2e7024681368f65fc09294a614b5323636b,23380,3
C:\SRS(ISIC_2019)\Dataset\NV\ISIC_0068374.jpg,isic_0068374,5,d91bf4334ff31884ba87533fabb5a7794b67d7f16f8b55d6c17b8b4c5a604919,23391,3
C:\SRS(ISIC_2019)\Dataset\NV\ISIC_0068386.jpg,isic_0068386,5,fb4060fbf034b9d95abe83b8b6e5f1e9a72874cd6eb404d8bd4a2ebbbcf496ec,23394,3
C:\SRS(ISIC_2019)\Dataset\NV\ISIC_0068516.jpg,isic_0068516,5,90fa9d97c9314898d5b413461e6baab02d45f7f22dc3f34964b20febc501e514,23431,3
C:\SRS(ISIC_2019)\Dataset\NV\ISIC_0068525.jpg,isic_0068525,5,dcab23da367988744eee6e8bb1f7af0bd9a080578a6dcaed3e9a078ac48777e1,23432,3
C:\SRS(ISIC_2019)\Dataset\NV\ISIC_0068530.jpg,isic_0068530,5,9c1460478ae7d5f93f11bb0a006f8e9a020dfb8114ba37db7af1f69d63a8a88a,23433,3
C:\SRS(ISIC_2019)\Dataset\NV\ISIC_0068540.jpg,isic_0068540,5,4dcecd25e60727b149440028ce310f7ddb61addffceb3950a929913fbcf90f92,23438,3
C:\SRS(ISIC_2019)\Dataset\NV\ISIC_0068544.jpg,isic_0068544,5,0513fc4d338b893ff2f52ad37e249324867e19af850bafb5370246c7164a64bd,23439,3
C:\SRS(ISIC_2019)\Dataset\NV\ISIC_0068561.jpg,isic_0068561,5,bccb947f35e91d4a43b6453de781a09bf4bbc8a8e0cca422fe4a0193276c0731,23442,3
C:\SRS(ISIC_2019)\Dataset\NV\ISIC_0068573.jpg,isic_0068573,5,bc4f8766de075b42e29a5c48c99f6a027e032b375a663f82a01608c68d103fc3,23445,3
C:\SRS(ISIC_2019)\Dataset\NV\ISIC_0068594.jpg,isic_0068594,5,141675a3fb635425cc7b1a71f60430adc5423ab213021ffc52f36eeb64f68049,23448,3
C:\SRS(ISIC_2019)\Dataset\NV\ISIC_0068621.jpg,isic_0068621,5,005e8b3c8cbe23d2d11741affaffa4f2c84c6d7fbf83ee57015cd33cca8931c9,23454,3
C:\SRS(ISIC_2019)\Dataset\NV\ISIC_0068623.jpg,isic_0068623,5,a7040ef13afceb069595757733f34b53e3e07883765f74098836ce54e26b39c0,23455,3
C:\SRS(ISIC_2019)\Dataset\NV\ISIC_0068625.jpg,isic_0068625,5,6fd065a9f09ffa1eb78a46cddaaeaa32e4cc375faf8aa6308345665ecfb0a535,23456,3
C:\SRS(ISIC_2019)\Dataset\NV\ISIC_0068630.jpg,isic_0068630,5,94ad8d8fe7efac44a30dae531466b6a35c0bdecffe1ece61b65e4b4ab3349817,23457,3
C:\SRS(ISIC_2019)\Dataset\NV\ISIC_0068631.jpg,isic_0068631,5,cad55194d05853ede3a26ac2969b82fa6e3f218ee4e903818aa643978446203f,23458,3
C:\SRS(ISIC_2019)\Dataset\NV\ISIC_0068634.jpg,isic_0068634,5,91e6c6c1e94e458d6af57c8c217caa4ade47037152031bbc855c1bd18918b3c6,23459,3
C:\SRS(ISIC_2019)\Dataset\NV\ISIC_0068654.jpg,isic_0068654,5,d33aba8d1e0364124abaf7d9af9b5a680741436e2bff6c0bea65b48106734a78,23463,3
C:\SRS(ISIC_2019)\Dataset\NV\ISIC_0068655.jpg,isic_0068655,5,1077922089ff41db99ed5b1b008eb5e425d2553c0aabde2c9f94b4446b1d1234,23464,3
C:\SRS(ISIC_2019)\Dataset\NV\ISIC_0068671.jpg,isic_0068671,5,be0ded84130e30419bbb9e138e28303774244754cc0677606c359698ac21f3ac,23469,3
C:\SRS(ISIC_2019)\Dataset\NV\ISIC_0068706.jpg,isic_0068706,5,49adf8a1859e3647ecaaa54c6b29815b93800ed09d43865adb6d013410b5b42e,23478,3
C:\SRS(ISIC_2019)\Dataset\NV\ISIC_0068741.jpg,isic_0068741,5,0afd9ae7c4ba06915b214b88883df7085f5ebba6542220b8f69d273293632417,23491,3
C:\SRS(ISIC_2019)\Dataset\NV\ISIC_0068748.jpg,isic_0068748,5,7f0627b03c1a33bb2efc857b490dd878e95e19c1aba89455c838d900ced310d7,23492,3
C:\SRS(ISIC_2019)\Dataset\NV\ISIC_0068814.jpg,isic_0068814,5,cba3751bedd150e83c1f3357a85511047e4b69bc3cdab10c9a791db51d2dc99d,23499,3
C:\SRS(ISIC_2019)\Dataset\NV\ISIC_0068846.jpg,isic_0068846,5,901c58a23d6647dcf8d9a8d1d25376861b6ac063d123b8fd2675c8f21e3b7aa1,23504,3
C:\SRS(ISIC_2019)\Dataset\NV\ISIC_0068853.jpg,isic_0068853,5,30b258c1592b108d369726a0f12af83621f02b037ade0d5f50f1727fa5eadb2b,23506,3
C:\SRS(ISIC_2019)\Dataset\NV\ISIC_0068890.jpg,isic_0068890,5,ed649543e1204eb54d7faa8f3d13a2ad829ed3bd5454495ff580962b2c673b79,23520,3
C:\SRS(ISIC_2019)\Dataset\NV\ISIC_0068901.jpg,isic_0068901,5,520fbf9efe5feb6a2a4e3b0665d468d1a0573dd44c7af9228fbe972b50de8019,23523,3
C:\SRS(ISIC_2019)\Dataset\NV\ISIC_0068916.jpg,isic_0068916,5,098984046aa26049e93f9e09147004c49f06b0c929ebe478690955cd019548c4,23525,3
C:\SRS(ISIC_2019)\Dataset\NV\ISIC_0068935.jpg,isic_0068935,5,e31d9c1c762eb39968499153451e0d1ce4cab996c18025c4e6eed55740bdd020,23530,3
C:\SRS(ISIC_2019)\Dataset\NV\ISIC_0068944.jpg,isic_0068944,5,0eff9dfa8b1c66d593be25bd29d3f9518098d64bf521a2790d28fb59dfa3daf6,23533,3
C:\SRS(ISIC_2019)\Dataset\NV\ISIC_0068964.jpg,isic_0068964,5,ea33c2e09ab928d91bb565e5c4b19ba7400699120fa9dd19b90a8a3efb92e51e,23537,3
C:\SRS(ISIC_2019)\Dataset\NV\ISIC_0068967.jpg,isic_0068967,5,f19fde9538e7993cf3bb21e867badf8a1a21c1499654af570de95977855dd34d,23538,3
C:\SRS(ISIC_2019)\Dataset\NV\ISIC_0068983.jpg,isic_0068983,5,968900a73dc043aef4697929b679b0123e7e542f05a7155a56b8a656c786ca17,23541,3
C:\SRS(ISIC_2019)\Dataset\NV\ISIC_0069009.jpg,isic_0069009,5,a30393282015f0d9a269a0ae7b256779e0f07e653db07c0496a2265a323a5b6f,23547,3
C:\SRS(ISIC_2019)\Dataset\NV\ISIC_0069035.jpg,isic_0069035,5,079358b74bd5a857a8d03e14ad997117959588fcf78f05ba93da570fcd416c28,23551,3
C:\SRS(ISIC_2019)\Dataset\NV\ISIC_0069071.jpg,isic_0069071,5,0654aa644c2382f01c90f6110bb995cf2a0e18e887c67a10bc92469fd0c90894,23558,3
C:\SRS(ISIC_2019)\Dataset\NV\ISIC_0069100.jpg,isic_0069100,5,5e78d6675b9616d896f28f893a5d0a1dfff7561109496653e755c4c57b57e36c,23565,3
C:\SRS(ISIC_2019)\Dataset\NV\ISIC_0069124.jpg,isic_0069124,5,4ca450cd2cd9ae84841b6b3be36f038333bf9bcc6515d7a2302115831e69c748,23571,3
C:\SRS(ISIC_2019)\Dataset\NV\ISIC_0069126.jpg,isic_0069126,5,fef84dea617fcf26d7c3195681591ce612db1536010faafdab424c5da1ef8506,23572,3
C:\SRS(ISIC_2019)\Dataset\NV\ISIC_0069141.jpg,isic_0069141,5,ee1bc0734a15fc55dd8e391ed4baaf27081ea4ba4951dc440e2b052d0a536836,23577,3
C:\SRS(ISIC_2019)\Dataset\NV\ISIC_0069174.jpg,isic_0069174,5,5eae47525e0537a5c6b08c6aa74db013ad0908ab7712ed0738571a5668a115e9,23583,3
C:\SRS(ISIC_2019)\Dataset\NV\ISIC_0069209.jpg,isic_0069209,5,ab5a7a454890e88aabe3d2768aa840cb53b1a1133289272b97a2cf1c9c067f5a,23593,3
C:\SRS(ISIC_2019)\Dataset\NV\ISIC_0069212.jpg,isic_0069212,5,c60f6fb662ffefab25796c40bae5d4c26bb3e93ed066c89592a54b16312be8fa,23594,3
C:\SRS(ISIC_2019)\Dataset\NV\ISIC_0069226.jpg,isic_0069226,5,0817ae59c4c4ffbff4a3394d39867822660fe795c8f046d0db5291e87cd6016d,23598,3
C:\SRS(ISIC_2019)\Dataset\NV\ISIC_0069236.jpg,isic_0069236,5,358cc92438d8f0e06eeb8c5109f4a5508d9c3cf295c67b0652d697a6b62bc05a,23601,3
C:\SRS(ISIC_2019)\Dataset\NV\ISIC_0069288.jpg,isic_0069288,5,8255bfd48a1fdf60b028ea354261b3936d98f100c5ec18ed0adac897efc62b82,23608,3
C:\SRS(ISIC_2019)\Dataset\NV\ISIC_0069321.jpg,isic_0069321,5,32fce761e1bb04356a4739040a1a2fbc6ffc96d3f84203b82953b0f2a3167bc5,23616,3
C:\SRS(ISIC_2019)\Dataset\NV\ISIC_0069330.jpg,isic_0069330,5,66a66a7c390ffaa3c540d2d960f005a619e539624f957b4459d31166e49618bf,23619,3
C:\SRS(ISIC_2019)\Dataset\NV\ISIC_0069356.jpg,isic_0069356,5,056309f9de81d5d4309e3f10a6c316a78235d955d396efcdb5ecd6c7e430df5c,23629,3
C:\SRS(ISIC_2019)\Dataset\NV\ISIC_0069379.jpg,isic_0069379,5,f17e3cd580c73e8ee76a10edad66c880bb348119dccb6864df8e45cb306571bc,23637,3
C:\SRS(ISIC_2019)\Dataset\NV\ISIC_0069383.jpg,isic_0069383,5,13b35520f23de44b23eee7538cc4caf433f8e568374941e6f1e7a88c0e51a53c,23638,3
C:\SRS(ISIC_2019)\Dataset\NV\ISIC_0069404.jpg,isic_0069404,5,08bcedea727d4635926126615148682bd8bad896730e17f3ae80a3f2bf2727f7,23645,3
C:\SRS(ISIC_2019)\Dataset\NV\ISIC_0069486.jpg,isic_0069486,5,66c6874b09cb43121f3e4bc5fe218a83f4f2f704426faefb6da3246768c6455a,23659,3
C:\SRS(ISIC_2019)\Dataset\NV\ISIC_0069519.jpg,isic_0069519,5,9fd05bc5b917473e80b33b716d4ccde402d583fa0e0e01c3fd6dadd05cd46833,23667,3
C:\SRS(ISIC_2019)\Dataset\NV\ISIC_0069560.jpg,isic_0069560,5,6d12d242a3b0239c7302702e98262fa5a753c75d8954fb52cef960219d09324e,23676,3
C:\SRS(ISIC_2019)\Dataset\NV\ISIC_0069590.jpg,isic_0069590,5,b60746a5499b9139c203bc00daec6ab96190421aa38e7ffc4e5e70ffeebf7dc0,23686,3
C:\SRS(ISIC_2019)\Dataset\NV\ISIC_0069618.jpg,isic_0069618,5,cb74f31556d9f9eaec6bc96009d25f17d34c182c24516a209fae71977298c742,23692,3
C:\SRS(ISIC_2019)\Dataset\NV\ISIC_0069634.jpg,isic_0069634,5,06591861c92e82ff3a725ec49a65c558373087d7b96f8150b6db4bd006d51e62,23696,3
C:\SRS(ISIC_2019)\Dataset\NV\ISIC_0069648.jpg,isic_0069648,5,c67528e9baffed2e0d891b0989e48bc6c0de2b6e1b6698fc9cdca319fcfc696a,23699,3
C:\SRS(ISIC_2019)\Dataset\NV\ISIC_0069686.jpg,isic_0069686,5,c8f779d27d2196fe3a080999093d0fb9dc812f6779f978fe049c8a110c982c17,23706,3
C:\SRS(ISIC_2019)\Dataset\NV\ISIC_0069774.jpg,isic_0069774,5,9b5615782afa20208b5d9a5d19ad6d124569f5780baf652071ec7f0e333ee3de,23723,3
C:\SRS(ISIC_2019)\Dataset\NV\ISIC_0069793.jpg,isic_0069793,5,6e52903de6ef4859168d2a74b6c6069a3e41442f6f86d8d4134a6568e40d74a7,23725,3
C:\SRS(ISIC_2019)\Dataset\NV\ISIC_0069854.jpg,isic_0069854,5,70707dbbfa15dfdb42557ce0ca118e5b724e587dc4d71923700b286579687eeb,23741,3
C:\SRS(ISIC_2019)\Dataset\NV\ISIC_0069862.jpg,isic_0069862,5,65bfefd8fcc5f9b6db6fd2f3125f4cb04a129114adf102aefcf437996c7763a2,23744,3
C:\SRS(ISIC_2019)\Dataset\NV\ISIC_0069881.jpg,isic_0069881,5,e0a618af97f1e033bb3980d62e8ef6eddbade51cc3397af6bf0b4ebbb73b7e99,23747,3
C:\SRS(ISIC_2019)\Dataset\NV\ISIC_0069882.jpg,isic_0069882,5,f1d1161e8c4f3d4c7b3158a06507d0552e421b088e5d68c0872084983f860536,23748,3
C:\SRS(ISIC_2019)\Dataset\NV\ISIC_0069896.jpg,isic_0069896,5,391ccf7441731337cbba580521c5f4e9e94d80571bb3e6d3c904c7e5d146153f,23749,3
C:\SRS(ISIC_2019)\Dataset\NV\ISIC_0069919.jpg,isic_0069919,5,e151c6f4b4d96b95199949b514afe3769bcd7c7c6b9412082511782e34a32ed0,23755,3
C:\SRS(ISIC_2019)\Dataset\NV\ISIC_0069924.jpg,isic_0069924,5,8d1de07eb7e7e554c9302c96fcdb9005d1ab8fd7d7e652142af5cf9471ec47a8,23757,3
C:\SRS(ISIC_2019)\Dataset\NV\ISIC_0069964.jpg,isic_0069964,5,9832276ac62fe58b24e2981e499ab06cdd8ed68cba37c3088f4d7cc78a7ed1c0,23767,3
C:\SRS(ISIC_2019)\Dataset\NV\ISIC_0069969.jpg,isic_0069969,5,532dfe2d34753fec731711add96b03aad2373e356bfd523a69e5057c50e7eeff,23768,3
C:\SRS(ISIC_2019)\Dataset\NV\ISIC_0069985.jpg,isic_0069985,5,3f71fbf604414162c42b3261c1c9758e1b0ca75016f82d6913dfb89e072dfc1c,23769,3
C:\SRS(ISIC_2019)\Dataset\NV\ISIC_0069990.jpg,isic_0069990,5,f3a5a8216a694c994f7ea2d823fa46a56618205eca65b7ab3779432e67e9aa63,23770,3
C:\SRS(ISIC_2019)\Dataset\NV\ISIC_0070048.jpg,isic_0070048,5,0dbbfa5018982fb3eb4c783e96d318935b2930cedee5aa0332ae1eb2295b453e,23785,3
C:\SRS(ISIC_2019)\Dataset\NV\ISIC_0070098.jpg,isic_0070098,5,fc3880dbb8424f4d2692d4362948bdd719759e86d3f25627c8684c5ee8abd18d,23792,3
C:\SRS(ISIC_2019)\Dataset\NV\ISIC_0070132.jpg,isic_0070132,5,2cc4e82f82023ec385cf7e61003e4b6b6bc7da602d8d060ee8dc1a0e4db9ed61,23798,3
C:\SRS(ISIC_2019)\Dataset\NV\ISIC_0070173.jpg,isic_0070173,5,dfa062a7992940813b84c55f5fffbc7cd55318cd8009615bf73e8463378ddd51,23804,3
C:\SRS(ISIC_2019)\Dataset\NV\ISIC_0070181.jpg,isic_0070181,5,d68fea73ba82d64eb7b2f054a820052ac0be1056b936bab5cf97bb93e1f14c58,23806,3
C:\SRS(ISIC_2019)\Dataset\NV\ISIC_0070184.jpg,isic_0070184,5,b2b41edbd2f17205d7a050e6f600236e34cb4ad295ddadc7c92b6e98f5fe6173,23808,3
C:\SRS(ISIC_2019)\Dataset\NV\ISIC_0070186.jpg,isic_0070186,5,8e129e0868a2fc4258e4950634ff5b0e1b817a4163f05b8d8e7820f2fa23b0d3,23809,3
C:\SRS(ISIC_2019)\Dataset\NV\ISIC_0070210.jpg,isic_0070210,5,b90582021aec5dead1eadb69888ed13b269f731f40e243e605cba36efa362448,23812,3
C:\SRS(ISIC_2019)\Dataset\NV\ISIC_0070280.jpg,isic_0070280,5,d309a02185647e5d1cc958c162ffbe989677b0f682e383251fcd803e2e32ee61,23827,3
C:\SRS(ISIC_2019)\Dataset\NV\ISIC_0070287.jpg,isic_0070287,5,67db6c4b7b5768b8d71187b15e12e54190b959bc0ca475e91c59e11a940d7feb,23829,3
C:\SRS(ISIC_2019)\Dataset\NV\ISIC_0070293.jpg,isic_0070293,5,53fb05272d8b9920282dd9dfd5a72930b26fffe556d6217a2e9d56568892cdb1,23831,3
C:\SRS(ISIC_2019)\Dataset\NV\ISIC_0070294.jpg,isic_0070294,5,342117c289293ed6470a2f6e7f2aac2e9d2d1e4deb9f173cc6f133c15872c065,23832,3
C:\SRS(ISIC_2019)\Dataset\NV\ISIC_0070299.jpg,isic_0070299,5,32e2a0ca669c6200d6c9b0cba7e9511597512ba95f59ea93f0ee0f8d6f12fa20,23833,3
C:\SRS(ISIC_2019)\Dataset\NV\ISIC_0070306.jpg,isic_0070306,5,a2ce382b8eccaafd89a57c7196731a196e3871e394ffa02e1c6817eed20198cd,23835,3
C:\SRS(ISIC_2019)\Dataset\NV\ISIC_0070361.jpg,isic_0070361,5,df003ede6464abc3775aaa655fedd0b52d4abdfe9b37d5ea274d0b555537d5e2,23843,3
C:\SRS(ISIC_2019)\Dataset\NV\ISIC_0070399.jpg,isic_0070399,5,614958dc4fa369f72b4dd415ac9769a9d84181bdf3769ad9cd320e11f292ade6,23849,3
C:\SRS(ISIC_2019)\Dataset\NV\ISIC_0070440.jpg,isic_0070440,5,48c7053ab2e1730eae20e30830c11f979bd668fa02179134f1e051e39603cae7,23854,3
C:\SRS(ISIC_2019)\Dataset\NV\ISIC_0070513.jpg,isic_0070513,5,7102d677021765ebf8f5f4a52787c64eef16dfd765610a4d35144751a0c80832,23863,3
C:\SRS(ISIC_2019)\Dataset\NV\ISIC_0070518.jpg,isic_0070518,5,99362e9ad6d6bbfdbc71c31775b7d11b6a4f522ef3b2d2c7b70cb564dae5215f,23864,3
C:\SRS(ISIC_2019)\Dataset\NV\ISIC_0070606.jpg,isic_0070606,5,73b1a3a4b753090ef0829e466c8412a8e50d4882583c24679694b2932ca9edaa,23883,3
C:\SRS(ISIC_2019)\Dataset\NV\ISIC_0070624.jpg,isic_0070624,5,2a5b94f5a17fdbda830e431b66dd468554649e7348e6c1a4cea3cdf151f42165,23887,3
C:\SRS(ISIC_2019)\Dataset\NV\ISIC_0070626.jpg,isic_0070626,5,ef139c6af21de8b366f67c5ac377655a4d25de869470b4dc2298e87ba2e79cdb,23888,3
C:\SRS(ISIC_2019)\Dataset\NV\ISIC_0070640.jpg,isic_0070640,5,31600d39d08a099f936e19c5ae771287b4bcd7fd3c6ea9a818bfda8d46cbc0df,23894,3
C:\SRS(ISIC_2019)\Dataset\NV\ISIC_0070654.jpg,isic_0070654,5,2dacc49ed18e743dfd931bb11be3233bab2f8af713a5757f6390e1569579fe4d,23896,3
C:\SRS(ISIC_2019)\Dataset\NV\ISIC_0070679.jpg,isic_0070679,5,6153d9549ccb48fb1925c7e1e5e4d37f1cde1dcbeffef8f0c2c49db184d077ac,23903,3
C:\SRS(ISIC_2019)\Dataset\NV\ISIC_0070694.jpg,isic_0070694,5,b8421c973e665ef7831d40328075b37b42592a12855676780615e8ae024ebcc1,23906,3
C:\SRS(ISIC_2019)\Dataset\NV\ISIC_0070698.jpg,isic_0070698,5,72e9f2483b27dcdcecae6a7f3c630afa3a5c0d176bd818eb44068a653c57beeb,23908,3
C:\SRS(ISIC_2019)\Dataset\NV\ISIC_0070705.jpg,isic_0070705,5,b850ee08e4922e0402677e6421957265cc5d60234faea820661d142840f46007,23910,3
C:\SRS(ISIC_2019)\Dataset\NV\ISIC_0070707.jpg,isic_0070707,5,6d966438a70e9aea3ec2920690c961394f48a97abc26323a4d06f0c2cced0882,23911,3
C:\SRS(ISIC_2019)\Dataset\NV\ISIC_0070720.jpg,isic_0070720,5,8497f954cc2b2de9a50194b802d3d7352f016ac9bfa24039d9fa2ae8efd5fa54,23914,3
C:\SRS(ISIC_2019)\Dataset\NV\ISIC_0070746.jpg,isic_0070746,5,1c5a136460c8c79f9fdbb606002f069bce9d42cf56f1e25588c09c0bfd9ec4d5,23921,3
C:\SRS(ISIC_2019)\Dataset\NV\ISIC_0070774.jpg,isic_0070774,5,3db9e7a48d3f5c6e7f373288bcf8dc22357f4c6a37e2eb2bcb9cf6dd1f8af5e7,23926,3
C:\SRS(ISIC_2019)\Dataset\NV\ISIC_0070803.jpg,isic_0070803,5,eafab62a074466f17b256e94bf1e4d4440dd239a224826ceec6970f39392cd34,23932,3
C:\SRS(ISIC_2019)\Dataset\NV\ISIC_0070806.jpg,isic_0070806,5,e58ca746cf7b1053616e78d4cc42ee5cf5e8d7a85b8e26efb2ad6481d64ec2ac,23933,3
C:\SRS(ISIC_2019)\Dataset\NV\ISIC_0070834.jpg,isic_0070834,5,6d5ac8a6cbabf3b0f3bf60e653bdc3a6b00b557c6849a37e2dc0e0570c6eb9b6,23937,3
C:\SRS(ISIC_2019)\Dataset\NV\ISIC_0070840.jpg,isic_0070840,5,f70131f39c7fe119d22730acd98cdf0d8831af85d3467ea479e3cd1ab260bb1d,23939,3
C:\SRS(ISIC_2019)\Dataset\NV\ISIC_0070849.jpg,isic_0070849,5,bbf88aa2baf83f477891910a92c0221f6ba37d9deb73c1c4e252953a7c412966,23940,3
C:\SRS(ISIC_2019)\Dataset\NV\ISIC_0070850.jpg,isic_0070850,5,d26a4cb873ddcda7bf368b343728f5d2d7f5166e61fad34a7d3af0a321464865,23941,3
C:\SRS(ISIC_2019)\Dataset\NV\ISIC_0070857.jpg,isic_0070857,5,4a4a07bd1bd08be4d22dce82ddb0e2fc49c285fcfab34d333a02716137ba2262,23942,3
C:\SRS(ISIC_2019)\Dataset\NV\ISIC_0070860.jpg,isic_0070860,5,7e4d0dc2fc748b990a08127f91fb7d93d349eb589024ca7847060defb6389c37,23943,3
C:\SRS(ISIC_2019)\Dataset\NV\ISIC_0070864.jpg,isic_0070864,5,55f39c05178fa791a237c8aec9e2e16273cbaabd9fa9b821da4335438e528f04,23945,3
C:\SRS(ISIC_2019)\Dataset\NV\ISIC_0070885.jpg,isic_0070885,5,feccb517d91ea228240b57aeb7c69e21e11b00a447f9402782d67ec0dc9dd300,23948,3
C:\SRS(ISIC_2019)\Dataset\NV\ISIC_0070897.jpg,isic_0070897,5,9274506df51b603c8a8cd95ba7241ad4eb99efad39ad509aa5cc17b4b2fb7f71,23952,3
C:\SRS(ISIC_2019)\Dataset\NV\ISIC_0070937.jpg,isic_0070937,5,1081f8119995fbeb37b756f48d7431e5ab57d0d18cf22a8f4e7fc71f5f988f8f,23959,3
C:\SRS(ISIC_2019)\Dataset\NV\ISIC_0070939.jpg,isic_0070939,5,e6532baec65896f093d03afc057e6b115ab65c6db242bc75635b8829da2e0a29,23960,3
C:\SRS(ISIC_2019)\Dataset\NV\ISIC_0070948.jpg,isic_0070948,5,c363fe2af5b06b9fba129c77921e183013ce57772ca2e9683b6d7d7bd01be4b8,23963,3
C:\SRS(ISIC_2019)\Dataset\NV\ISIC_0070951.jpg,isic_0070951,5,48af27ae9cdde0aa6f10567ed93bcdaa90c1463f51c9acdefb1db6105eaa6d4e,23964,3
C:\SRS(ISIC_2019)\Dataset\NV\ISIC_0070962.jpg,isic_0070962,5,11c579fabd9dfd39ea894973419225393a6865d74b77ec3efba7b16927a131a7,23966,3
C:\SRS(ISIC_2019)\Dataset\NV\ISIC_0071010.jpg,isic_0071010,5,103760723da98f34792668694a747fb0f50120385d0d25eae5968d40f49a08aa,23970,3
C:\SRS(ISIC_2019)\Dataset\NV\ISIC_0071042.jpg,isic_0071042,5,239ed76bc925fd0ce01dcd433733e7d930af7320a3a7964daea1d2c8409eacf0,23978,3
C:\SRS(ISIC_2019)\Dataset\NV\ISIC_0071107.jpg,isic_0071107,5,7dc9e31683ae46ef853e38035d93110512c989193b787d477e3969744c2edfbb,23992,3
C:\SRS(ISIC_2019)\Dataset\NV\ISIC_0071149.jpg,isic_0071149,5,0d62aad60be30b64d3017dd1c80faf70a4a10f5ad4aeb53f28fee432a48f7341,24001,3
C:\SRS(ISIC_2019)\Dataset\NV\ISIC_0071181.jpg,isic_0071181,5,6e1ee1d3fbc4434f64ccd3c3c49e3c4c8965e20768ed6388444b5ae21480930b,24011,3
C:\SRS(ISIC_2019)\Dataset\NV\ISIC_0071194.jpg,isic_0071194,5,6e0922aea585813ca432ef513efc093989b18cb3c451bf3cbed7c126962a1389,24014,3
C:\SRS(ISIC_2019)\Dataset\NV\ISIC_0071200.jpg,isic_0071200,5,59ebda0f1f716304beccae684c40ff8000463cd3a4526c46e8085b6ee3dde3d3,24016,3
C:\SRS(ISIC_2019)\Dataset\NV\ISIC_0071216.jpg,isic_0071216,5,8e38eab24ddfeeb2ff13cb213f0e058724c6dc95b5021d493b18cdd1a2f7f1fe,24018,3
C:\SRS(ISIC_2019)\Dataset\NV\ISIC_0071237.jpg,isic_0071237,5,a4b1f6e0d96798b20a868bbd526d6ebe0abca0f5df6ef0ed8a4e56e3398c957f,24021,3
C:\SRS(ISIC_2019)\Dataset\NV\ISIC_0071246.jpg,isic_0071246,5,2b8ff9ebc657ad0b8ca80ad4057857e7bd41f3e2ebe8461c65ae65ac0958a5d7,24022,3
C:\SRS(ISIC_2019)\Dataset\NV\ISIC_0071277.jpg,isic_0071277,5,0213e4707760e1f497f3c03c6fdb31222b12bdae82aba72045b3db21c2eeeb4f,24024,3
C:\SRS(ISIC_2019)\Dataset\NV\ISIC_0071292.jpg,isic_0071292,5,bd845e79f75163a0bbe975b74c1d11b8f346691dd19078c7c63861f04f68478b,24029,3
C:\SRS(ISIC_2019)\Dataset\NV\ISIC_0071341.jpg,isic_0071341,5,a975e47366a55eb4030b2d314bdee7a36e9952471171220ec6823e2b27d045fd,24040,3
C:\SRS(ISIC_2019)\Dataset\NV\ISIC_0071359.jpg,isic_0071359,5,0a3c4c1f5a643832aef8d91cd0f08b8cd6d33752f0ef4301519741489e76ee71,24046,3
C:\SRS(ISIC_2019)\Dataset\NV\ISIC_0071362.jpg,isic_0071362,5,749aa2ea30d7c35e40a268bd593e817e6464615e976be4affb77f8319124d52d,24048,3
C:\SRS(ISIC_2019)\Dataset\NV\ISIC_0071406.jpg,isic_0071406,5,caccf526157de0582006f1871bb0f7f3cc96300b052f303104302cfca2a1eeac,24057,3
C:\SRS(ISIC_2019)\Dataset\NV\ISIC_0071467.jpg,isic_0071467,5,9229e98857729360aa0e96a0b6f7ef40f5cdf618258976e25d143ab619032049,24067,3
C:\SRS(ISIC_2019)\Dataset\NV\ISIC_0071505.jpg,isic_0071505,5,8671de6b782b96341e54ac5dad2321034ecea8d52fc9de1a54ba31637badb907,24082,3
C:\SRS(ISIC_2019)\Dataset\NV\ISIC_0071540.jpg,isic_0071540,5,b473f7cd30d54934ff48a30d78693a3a4aa6b2ad27e3982efbaec8707d5c57b1,24090,3
C:\SRS(ISIC_2019)\Dataset\NV\ISIC_0071593.jpg,isic_0071593,5,401c1b72f7aa112c6daaf2a0e2290a76da96bda4f267ee8d1534ae3027ed02a3,24103,3
C:\SRS(ISIC_2019)\Dataset\NV\ISIC_0071602.jpg,isic_0071602,5,61529b4f434dd8e2e892b7632df2cb855087a98fd490f5ff5f50abd6648de320,24104,3
C:\SRS(ISIC_2019)\Dataset\NV\ISIC_0071623.jpg,isic_0071623,5,35ddf5f5c72c4b7edaccde8ba1420cd24a421bdf27dd38e0c593b0a3dcea567f,24109,3
C:\SRS(ISIC_2019)\Dataset\NV\ISIC_0071625.jpg,isic_0071625,5,5ccc78f6fe88f358c6e04f3f48a3b9163f65042154f5e9b63bc623169bf5a10e,24110,3
C:\SRS(ISIC_2019)\Dataset\NV\ISIC_0071650.jpg,isic_0071650,5,a4ed80a6a3befd443dfbbacbc816361c989a71062a1311dccd4743b326cb0708,24116,3
C:\SRS(ISIC_2019)\Dataset\NV\ISIC_0071652.jpg,isic_0071652,5,0afe2a71f4054ae10fc2b806929438c17dfe300874312afe2369217c9a2c9f75,24117,3
C:\SRS(ISIC_2019)\Dataset\NV\ISIC_0071674.jpg,isic_0071674,5,ec579c1c20e4b0cfd95997f9580a55e1880b145eee67c17b9d11b2cc3ec1f1ce,24121,3
C:\SRS(ISIC_2019)\Dataset\NV\ISIC_0071691.jpg,isic_0071691,5,a9a01e5ff4b34185af83b548c25f236dcf6f1383ddf25bae50e0f0cb5202928f,24123,3
C:\SRS(ISIC_2019)\Dataset\NV\ISIC_0071697.jpg,isic_0071697,5,1fd670442191ae22ad0a87c0bb7166465189b66f93b798d5fddfe20c4fca6e86,24124,3
C:\SRS(ISIC_2019)\Dataset\NV\ISIC_0071748.jpg,isic_0071748,5,e3ab43afb57edbb10996640679b1360fea95f86464983271b1da84dfddbd30b1,24133,3
C:\SRS(ISIC_2019)\Dataset\NV\ISIC_0071755.jpg,isic_0071755,5,6f6dc4b1120f186bd8b3143d14fb405b78f8bad655d1a6579ff1fd06675fb375,24136,3
C:\SRS(ISIC_2019)\Dataset\NV\ISIC_0071824.jpg,isic_0071824,5,2cba4aaa17ff1861b8f01262745903a03394dfc2ead2c98ebceee69ef815290f,24148,3
C:\SRS(ISIC_2019)\Dataset\NV\ISIC_0071832.jpg,isic_0071832,5,d65ca6d09dcb4ec2cbce393a6832669bee64196a1de4800f5973b0ae5a1efc2e,24149,3
C:\SRS(ISIC_2019)\Dataset\NV\ISIC_0071855.jpg,isic_0071855,5,22c8787f9a26edd86ed6768bac45c4f9f96b97d991c2752b006a2a158025937d,24157,3
C:\SRS(ISIC_2019)\Dataset\NV\ISIC_0071861.jpg,isic_0071861,5,88ba0d4cc5d9dc128904eb21112a46df25fa2f84f6d5557a8a2af8766ce97bcc,24159,3
C:\SRS(ISIC_2019)\Dataset\NV\ISIC_0071872.jpg,isic_0071872,5,eabc5bce29eefcbaaf2a4336b71790e4dcbab39d08997a39bb016c2bb79c38b1,24162,3
C:\SRS(ISIC_2019)\Dataset\NV\ISIC_0071881.jpg,isic_0071881,5,74434a086d16e67394ca1ff8adfd70653dd3340f85af01716ad53535f5a38d56,24166,3
C:\SRS(ISIC_2019)\Dataset\NV\ISIC_0071909.jpg,isic_0071909,5,3edc1b5e7b2db50509d41aabb469656c89ee998e53f931c466b72c0bf243eb7c,24174,3
C:\SRS(ISIC_2019)\Dataset\NV\ISIC_0071975.jpg,isic_0071975,5,d4007624b7320c41c98b06f0643a47ed3c3b8b1a7284e65172a1b6499d568e69,24184,3
C:\SRS(ISIC_2019)\Dataset\NV\ISIC_0072027.jpg,isic_0072027,5,15e75814aed9bd106277df30bf91ea503fcc7df15c7eab2c164b22d2a548a1b5,24196,3
C:\SRS(ISIC_2019)\Dataset\NV\ISIC_0072036.jpg,isic_0072036,5,bacada9960aa31deaa24b5cc294e5917c9c6043d4da0fff3269236fb0206007c,24197,3
C:\SRS(ISIC_2019)\Dataset\NV\ISIC_0072096.jpg,isic_0072096,5,87ca527d4002158bc9f33dc20c06561babc06964d66181c6e84c224d41880ce7,24213,3
C:\SRS(ISIC_2019)\Dataset\NV\ISIC_0072133.jpg,isic_0072133,5,14cd69ebb3149dde0755cafbdec1b6ab03ff02039a269f5586635ee7821fd421,24223,3
C:\SRS(ISIC_2019)\Dataset\NV\ISIC_0072179.jpg,isic_0072179,5,6f8ce286bd95950b392ab8de23a48538436b5a56357684482e0fc8666aae3cda,24232,3
C:\SRS(ISIC_2019)\Dataset\NV\ISIC_0072203.jpg,isic_0072203,5,4badaac99f5edead513c4027d6b735ceb59502af957f5254c970c820334a19c6,24237,3
C:\SRS(ISIC_2019)\Dataset\NV\ISIC_0072259.jpg,isic_0072259,5,bbf9d3f9685f313e8642078cbc087570566f971361fd55fa5b336dd48403bbe0,24247,3
C:\SRS(ISIC_2019)\Dataset\NV\ISIC_0072327.jpg,isic_0072327,5,8e55e49d9f399be97c851ca0502426b81140e1307d94bfd2a05b8aea61f480b4,24262,3
C:\SRS(ISIC_2019)\Dataset\NV\ISIC_0072331.jpg,isic_0072331,5,e3d87a07fd8ef945d7b626c224cacdeb46ffaffe0b1e78f35e05de4b92bb68ed,24264,3
C:\SRS(ISIC_2019)\Dataset\NV\ISIC_0072335.jpg,isic_0072335,5,6cd1533ccb3ad5bdd25310635f56b4fcaa0e174d6c9f730a6b30646a67465793,24266,3
C:\SRS(ISIC_2019)\Dataset\NV\ISIC_0072385.jpg,isic_0072385,5,0426c4c30ce910edea75816758e1a578cdc234d0c5f3245136acd75fa5a7e185,24271,3
C:\SRS(ISIC_2019)\Dataset\NV\ISIC_0072428.jpg,isic_0072428,5,fcdf28d3173486046937f0f3ad20a142e7df27e6b7be672eb19374951a53f018,24280,3
C:\SRS(ISIC_2019)\Dataset\NV\ISIC_0072432.jpg,isic_0072432,5,38363966e0a581163a4c47845ab43e0e55547e8821d7ed118e07b2dc131135e4,24281,3
C:\SRS(ISIC_2019)\Dataset\NV\ISIC_0072485.jpg,isic_0072485,5,77fcbf41d1335d2f637fb0ffc8f2358f36771b9ef8a36bd2393d5eb4a9664091,24291,3
C:\SRS(ISIC_2019)\Dataset\NV\ISIC_0072524.jpg,isic_0072524,5,29429a0a0b9ab79144f10799d50960564136d0edcc5fd4aee97997538c3c2326,24298,3
C:\SRS(ISIC_2019)\Dataset\NV\ISIC_0072526.jpg,isic_0072526,5,2751971ec00f629be432c8df252997956657b0d63b30d4c70248cd0402a54c28,24299,3
C:\SRS(ISIC_2019)\Dataset\NV\ISIC_0072536.jpg,isic_0072536,5,22892ce1fb09982cf700aa7c39efea13dc67d14c0d351fb32c643327cc11acaf,24302,3
C:\SRS(ISIC_2019)\Dataset\NV\ISIC_0072556.jpg,isic_0072556,5,83909aac358737322d8f8bd3cb4fd25749f7530182b35e73009bd182a46d0fc8,24306,3
C:\SRS(ISIC_2019)\Dataset\NV\ISIC_0072576.jpg,isic_0072576,5,ab504c105e369aa54c3d4ffe088793ae9a262e609031b2dbae67907da2b877e1,24308,3
C:\SRS(ISIC_2019)\Dataset\NV\ISIC_0072604.jpg,isic_0072604,5,ca95ed38b4da5741f1b29f3542178296850c9c79cc3c558139384207218aa87c,24313,3
C:\SRS(ISIC_2019)\Dataset\NV\ISIC_0072611.jpg,isic_0072611,5,62ae7a4b7604e3e21ea7d51e88c5e8039ef4e9344389dd1c5efc7ffcc47f5e2a,24316,3
C:\SRS(ISIC_2019)\Dataset\NV\ISIC_0072635.jpg,isic_0072635,5,a29c1bf0f0660b15363a06640e587a55cf403f2cde5e54aa1b9a4d78cd02a686,24320,3
C:\SRS(ISIC_2019)\Dataset\NV\ISIC_0072699.jpg,isic_0072699,5,be2c252eb7b3132e2ea8b9130a0a6092383980db9fb92abd0a98b89e449c2ca1,24334,3
C:\SRS(ISIC_2019)\Dataset\NV\ISIC_0072703.jpg,isic_0072703,5,f48d56debf17975ebe0830ec9780b853ab5c752ca25dfb41fb4dd61d3d001eda,24335,3
C:\SRS(ISIC_2019)\Dataset\NV\ISIC_0072778.jpg,isic_0072778,5,9856b45b671e48cd070f11f0c8fead4d44f043607516c74eec5cebdc8f1beabe,24354,3
C:\SRS(ISIC_2019)\Dataset\NV\ISIC_0072781.jpg,isic_0072781,5,744c041d70f2853edf679000d1829b24ec1641e1c03666b6cfe3c4d3fd0c9915,24355,3
C:\SRS(ISIC_2019)\Dataset\NV\ISIC_0072822.jpg,isic_0072822,5,80775278610a842f2240a78d882ca1ef822a74c60ff4a0fb50298b2776209850,24361,3
C:\SRS(ISIC_2019)\Dataset\NV\ISIC_0072892.jpg,isic_0072892,5,51859a139c1974225d9590c8a5b87aa376542fd65c857d11db1bb7831371d385,24379,3
C:\SRS(ISIC_2019)\Dataset\NV\ISIC_0072997.jpg,isic_0072997,5,4158eba20de6018295345227ad06b8d67241ffeb2b50d47895653bbb201fb162,24394,3
C:\SRS(ISIC_2019)\Dataset\NV\ISIC_0072998.jpg,isic_0072998,5,eff6a203f90a6c55d3a317b653cde371afd811abdd5f7a134a0a4eb10d7ededf,24395,3
C:\SRS(ISIC_2019)\Dataset\NV\ISIC_0073001.jpg,isic_0073001,5,a11750b14b42eef9dad25cdf5094ecc85cc6384f4f04c8c60eca230b673753df,24396,3
C:\SRS(ISIC_2019)\Dataset\NV\ISIC_0073072.jpg,isic_0073072,5,6f51a6d6444f8d2e2d21752370b6dd8b8be16e6568fe1bbc78d3325c8ef52546,24409,3
C:\SRS(ISIC_2019)\Dataset\NV\ISIC_0073077.jpg,isic_0073077,5,d22d31de6cb1f269681c3a249089d3578ccdb6920db1767df43fb90ac4eac00f,24410,3
C:\SRS(ISIC_2019)\Dataset\NV\ISIC_0073080.jpg,isic_0073080,5,6a6fc679d054866eaada0ee0f4e1da11d26ba7b25f1cb85a4c01ea1fac615adc,24411,3
C:\SRS(ISIC_2019)\Dataset\NV\ISIC_0073101.jpg,isic_0073101,5,e4c267fa7fb3fb4ce0633d77a6bcfd6b1d124d08aed9f26ebcc3dc1affc858e7,24414,3
C:\SRS(ISIC_2019)\Dataset\NV\ISIC_0073199.jpg,isic_0073199,5,59f40ffa04ba0dd9adb0702e923f794dbd33503625bcff5a108153acc321198c,24431,3
C:\SRS(ISIC_2019)\Dataset\NV\ISIC_0073207.jpg,isic_0073207,5,a6a265877e74d4f96a3594fcebbcce2f4d411ccdb4fba0e163daf02a0022f580,24434,3
C:\SRS(ISIC_2019)\Dataset\NV\ISIC_0073232.jpg,isic_0073232,5,1a5e82b614695141ee869ea062643fdf81373cc35845d0c1292334d36e0969a7,24441,3
C:\SRS(ISIC_2019)\Dataset\SCC\ISIC_0024923.jpg,isic_0024923,6,3289b6fa69fecdb448122f37e53697b26093a052c8e95f7972d579a69d534c10,24459,3
C:\SRS(ISIC_2019)\Dataset\SCC\ISIC_0025029.jpg,isic_0025029,6,788c25a55b16d936b3fd4df05e7f75ca9d0330cb2881b503459733ea248299ae,24462,3
C:\SRS(ISIC_2019)\Dataset\SCC\ISIC_0025331.jpg,isic_0025331,6,46995f1ceb65d6c940c28f15f0b42ee24bc150c3f5edeac0d1c448f9645841f1,24472,3
C:\SRS(ISIC_2019)\Dataset\SCC\ISIC_0026206.jpg,isic_0026206,6,5ec876c88728e824c95c7f7620e7271b55845d4ceef6d2584ac557095361ecef,24495,3
C:\SRS(ISIC_2019)\Dataset\SCC\ISIC_0026362.jpg,isic_0026362,6,b4a29d6df5799c46cb7dc16fd0fd1dcce98e79f1a420de02ebf6e09da2ff96bb,24498,3
C:\SRS(ISIC_2019)\Dataset\SCC\ISIC_0026411.jpg,isic_0026411,6,fa086c184d08671a74483dfd1bf19c26995638e6557dffdb23bb4d2a4e592a96,24500,3
C:\SRS(ISIC_2019)\Dataset\SCC\ISIC_0026645.jpg,isic_0026645,6,de4c9fa83fc279c77f3480d53426dfe3dcabc8ad26b4b9256fbb508d48ec616f,24505,3
C:\SRS(ISIC_2019)\Dataset\SCC\ISIC_0026720.jpg,isic_0026720,6,ef1b677f11f0c7d45d3d1212fbcf53e605b5e84c22590c1ea23350baa864e685,24506,3
C:\SRS(ISIC_2019)\Dataset\SCC\ISIC_0027178.jpg,isic_0027178,6,853eaa52ecbf880d28e39a995510114434fe2b545c155c5f08e60ebee1a083f2,24513,3
C:\SRS(ISIC_2019)\Dataset\SCC\ISIC_0027343.jpg,isic_0027343,6,d7c5a35ab755174b689642d51e5267989f20aa7447acb0ba3b3095063cda1f1a,24518,3
C:\SRS(ISIC_2019)\Dataset\SCC\ISIC_0027708.jpg,isic_0027708,6,04192118bc163162ce3abb645c98457779a02f20235cdea082dd25675a81ff5b,24525,3
C:\SRS(ISIC_2019)\Dataset\SCC\ISIC_0027795.jpg,isic_0027795,6,c319dc0b39da961405483a846815a4684a29c27de12486e09d71e2ee7791034b,24529,3
C:\SRS(ISIC_2019)\Dataset\SCC\ISIC_0029360.jpg,isic_0029360,6,6ad3e961c5cdc895b46e1107bdd4affad518b58cf76604e7950390bba40fe447,24554,3
C:\SRS(ISIC_2019)\Dataset\SCC\ISIC_0029567.jpg,isic_0029567,6,c4eef21bda992bc0b6a36b53d906ee82e9b8d8b3ab683ca16667eeb099f21895,24563,3
C:\SRS(ISIC_2019)\Dataset\SCC\ISIC_0029598.jpg,isic_0029598,6,545fbad812c863b2de654b1c843ebfd17cb6461b4bb11588c3a5827138f5dcac,24566,3
C:\SRS(ISIC_2019)\Dataset\SCC\ISIC_0029860.jpg,isic_0029860,6,91e71a61f12dd8ad2839d80d9ce893f5b9e78c454f7673649d7ab1f730417f80,24573,3
C:\SRS(ISIC_2019)\Dataset\SCC\ISIC_0030387.jpg,isic_0030387,6,3eee2c4e6ad50c20dc1720c57c190a7087c8e44f0ae43ba24b5a2e66241c5d23,24584,3
C:\SRS(ISIC_2019)\Dataset\SCC\ISIC_0030714.jpg,isic_0030714,6,9bd2d26b5db209939c78f06fc113596c860803223a641e0c514f31effcc20cc5,24590,3
C:\SRS(ISIC_2019)\Dataset\SCC\ISIC_0030986.jpg,isic_0030986,6,3ed5d221662128e86ed5201a933c0c5f131732cae85573c24d9ebf3f0a7c32c2,24598,3
C:\SRS(ISIC_2019)\Dataset\SCC\ISIC_0031119.jpg,isic_0031119,6,bf2ab24066e304f72767bdb2d3b05a668fa0f6c9785d7bef035fe6d875e3f323,24603,3
C:\SRS(ISIC_2019)\Dataset\SCC\ISIC_0031198.jpg,isic_0031198,6,8e3dd096a25562968cc47a01a69ce6e134ad38b88f46e644540e394f765f8698,24605,3
C:\SRS(ISIC_2019)\Dataset\SCC\ISIC_0031927.jpg,isic_0031927,6,d7c0e344325d754cc42fa3da105fe50e667bd21d453c31ceacf8b0ba0a2a6d18,24620,3
C:\SRS(ISIC_2019)\Dataset\SCC\ISIC_0031929.jpg,isic_0031929,6,574c6288ca7afabe02dbbf477efb34f04d66215875da21564a5f54e3af12df70,24621,3
C:\SRS(ISIC_2019)\Dataset\SCC\ISIC_0032173.jpg,isic_0032173,6,b48fc8fc6d522a2124382430742a4abf6b58f45a1aea602e7a0d85529377904f,24625,3
C:\SRS(ISIC_2019)\Dataset\SCC\ISIC_0033295.jpg,isic_0033295,6,1512d4227e74f9796fd1cb240bf55f1b93a12f54b1793415f7436734164dc1e1,24639,3
C:\SRS(ISIC_2019)\Dataset\SCC\ISIC_0053561.jpg,isic_0053561,6,dd6b0c5e8a48ae2518bc904904c39ae378d78cf311da2ce07342ed2ec3aa6a96,24645,3
C:\SRS(ISIC_2019)\Dataset\SCC\ISIC_0053926.jpg,isic_0053926,6,2c56977f1d84ff754d9d80ce0da97648014349d75e473311195dc811462f9596,24655,3
C:\SRS(ISIC_2019)\Dataset\SCC\ISIC_0054111.jpg,isic_0054111,6,11d3db6ddc82ac67502048a8e1545618b2203c72c0b2e821236390dd9720db60,24659,3
C:\SRS(ISIC_2019)\Dataset\SCC\ISIC_0054174.jpg,isic_0054174,6,673922d09d66171466355e85c714e5f7e5989fcd6621ab3613d02fb8560fb359,24661,3
C:\SRS(ISIC_2019)\Dataset\SCC\ISIC_0054641.jpg,isic_0054641,6,487c8bcfc9158dbe2dc66b4a9bf27548ee63ecd721b4cb39a8e6924b2ff4af5f,24669,3
C:\SRS(ISIC_2019)\Dataset\SCC\ISIC_0054660.jpg,isic_0054660,6,fcf9c0c616eb8d11f3006b62eb7d8239f9f81d39ac643a6adb5327c80bde1f55,24671,3
C:\SRS(ISIC_2019)\Dataset\SCC\ISIC_0055102.jpg,isic_0055102,6,a6d27f7f291f25e632d37ceb92d74802c7f55d75af5065dc670112e038038e82,24676,3
C:\SRS(ISIC_2019)\Dataset\SCC\ISIC_0055204.jpg,isic_0055204,6,462cd700a41bc090802660f1d02d2631f2d1bff6d81ae9068e64cb6686df7766,24681,3
C:\SRS(ISIC_2019)\Dataset\SCC\ISIC_0055218.jpg,isic_0055218,6,e3ee436ae60582b4562cea29141e40062bfc23db70fe57dc900c11ed2514f283,24682,3
C:\SRS(ISIC_2019)\Dataset\SCC\ISIC_0055700.jpg,isic_0055700,6,8433746909336a5dc73641a63fff766936525a141adfbc77f1b2d672b4bfc204,24690,3
C:\SRS(ISIC_2019)\Dataset\SCC\ISIC_0055870.jpg,isic_0055870,6,6cb2dfd778149e7300bfae57577ea5421db4ce8d99158e102e377307c5943ddb,24693,3
C:\SRS(ISIC_2019)\Dataset\SCC\ISIC_0055925.jpg,isic_0055925,6,b799c53bfec619adb0f3700843d1cb3de6db36feb7cfa8b1abfae26c8e8d1ab7,24695,3
C:\SRS(ISIC_2019)\Dataset\SCC\ISIC_0055929.jpg,isic_0055929,6,0a4348e0e60a6f2d80ddd7224a94e4ff9b331528cfa538069058fd3bebe43eb9,24696,3
C:\SRS(ISIC_2019)\Dataset\SCC\ISIC_0056025.jpg,isic_0056025,6,1509e6064e2abd3a7c87a019298fc0fffd6edd350590449801feae6941a7ec52,24699,3
C:\SRS(ISIC_2019)\Dataset\SCC\ISIC_0056621.jpg,isic_0056621,6,52ebe0b18a1d97f67bd6ec0e2388e055e3568f909776cb8adeb9f98fd8229ddf,24709,3
C:\SRS(ISIC_2019)\Dataset\SCC\ISIC_0056629.jpg,isic_0056629,6,94f60f15f2519ed4dfb5c0d2f8d4ff1dbd3290c9d33e2e85bd197a541ecba427,24710,3
C:\SRS(ISIC_2019)\Dataset\SCC\ISIC_0056821.jpg,isic_0056821,6,53011975b649a85023f817c8d4f407e9f8162e16eb165c7474a9c855d110e279,24713,3
C:\SRS(ISIC_2019)\Dataset\SCC\ISIC_0056925.jpg,isic_0056925,6,20dba27843b5ee1100861bbc57869bdda7edd2c93b2f7c2dafa9596ab4cb0eb6,24716,3
C:\SRS(ISIC_2019)\Dataset\SCC\ISIC_0057421.jpg,isic_0057421,6,137f5928486c4c60eb7a31c4107b80e7101cb055f537148532bea6b6ab754742,24732,3
C:\SRS(ISIC_2019)\Dataset\SCC\ISIC_0057675.jpg,isic_0057675,6,91631c67c1e6bf0de9ed9462186a41183e2886fd6038c36c75fe4dc53c270603,24739,3
C:\SRS(ISIC_2019)\Dataset\SCC\ISIC_0057899.jpg,isic_0057899,6,0681fd416cea37e2be764632e5824bc594f2cf491227b669550208120abe90a5,24745,3
C:\SRS(ISIC_2019)\Dataset\SCC\ISIC_0058185.jpg,isic_0058185,6,54c886c918d7e0f1cd90eeba3f2bcfe9647839949a80b21e0191ee020f91e1a4,24754,3
C:\SRS(ISIC_2019)\Dataset\SCC\ISIC_0058246.jpg,isic_0058246,6,7dbcc70f641910986eef6783905460da952ddb8a9763cddd7fe0412cb8230866,24755,3
C:\SRS(ISIC_2019)\Dataset\SCC\ISIC_0058318.jpg,isic_0058318,6,0d254a584fef26cea827e00a5432af179184a9d6b55559fd68010e6be877d703,24757,3
C:\SRS(ISIC_2019)\Dataset\SCC\ISIC_0058972.jpg,isic_0058972,6,2793524781b38fe2a649f24274e50d5f23c38c446c4aba575f2e5aae6c26cadb,24772,3
C:\SRS(ISIC_2019)\Dataset\SCC\ISIC_0059002.jpg,isic_0059002,6,31f0f6c1863f5d08343a530a0ea61b5441484e2c808090dcdc91ef03d6b873dc,24773,3
C:\SRS(ISIC_2019)\Dataset\SCC\ISIC_0059102.jpg,isic_0059102,6,802ff4eae8c77361680da021a92f989814ee6054cec2c68f2b0db6989f69055d,24775,3
C:\SRS(ISIC_2019)\Dataset\SCC\ISIC_0060302.jpg,isic_0060302,6,f134d2d6bc4369296cde1c27dd46361491d19ac8480b8f1d223f63e3966c687e,24796,3
C:\SRS(ISIC_2019)\Dataset\SCC\ISIC_0060333.jpg,isic_0060333,6,9131ef789fb9edfb1060143dc0cb3fca8d5e18f6ff9b75bc44cb01bf28e3122a,24798,3
C:\SRS(ISIC_2019)\Dataset\SCC\ISIC_0060353.jpg,isic_0060353,6,48c7b92c67c5d21148affff4cde03945ddf62aa761ba5d1f289a3a9b202fd8ce,24799,3
C:\SRS(ISIC_2019)\Dataset\SCC\ISIC_0060478.jpg,isic_0060478,6,ec27a1425d23d8acacb5400974f432fa83d3105c99e797028f201dfc053963e9,24802,3
C:\SRS(ISIC_2019)\Dataset\SCC\ISIC_0060549.jpg,isic_0060549,6,845f63a8897d1d0b2d64a5869646d05ac3af807ba73e62ccd6193a0d91bfba0a,24803,3
C:\SRS(ISIC_2019)\Dataset\SCC\ISIC_0060944.jpg,isic_0060944,6,9ef375302b1125a9eb024711bef4af2af5b9bd2b299fc476e5bab5456834c0e2,24813,3
C:\SRS(ISIC_2019)\Dataset\SCC\ISIC_0061142.jpg,isic_0061142,6,1e56041768ba9d33bdea42bc28e3285655a02c88bbd2502fd5ed13ba678e2173,24818,3
C:\SRS(ISIC_2019)\Dataset\SCC\ISIC_0062387.jpg,isic_0062387,6,2a7af634121033c59f064d994fe9526086e40fd1ca72cc2746a6fee9d3223243,24844,3
C:\SRS(ISIC_2019)\Dataset\SCC\ISIC_0062951.jpg,isic_0062951,6,b3d0447ac51d454df7e6201428e85985b573a0edf265e76ee09eece2bb0b0a6e,24854,3
C:\SRS(ISIC_2019)\Dataset\SCC\ISIC_0063569.jpg,isic_0063569,6,00f1c599d46bb74b7f762998c27329152d387e09949c57843868c6e6f2acc130,24866,3
C:\SRS(ISIC_2019)\Dataset\SCC\ISIC_0063669.jpg,isic_0063669,6,229130a18e0380c14577988b79196c8817d6f5ea2368d9b5898674966d178436,24869,3
C:\SRS(ISIC_2019)\Dataset\SCC\ISIC_0063730.jpg,isic_0063730,6,1dbf5d668e66e9c3655b6472fa16b6316673ecea843655ee478e17df8a9fc313,24870,3
C:\SRS(ISIC_2019)\Dataset\SCC\ISIC_0064287.jpg,isic_0064287,6,2bf75a7fda4bbb3d11997e257bb6d781b48f90523822cca9885d653b63374875,24881,3
C:\SRS(ISIC_2019)\Dataset\SCC\ISIC_0064371.jpg,isic_0064371,6,17df8785c173753a975f14a3bc841e063947d6385ef0e7efeb9785382203878f,24885,3
C:\SRS(ISIC_2019)\Dataset\SCC\ISIC_0064582.jpg,isic_0064582,6,1d24df3fe93b69669778902b200b7de68575bb2401c4872cc8f97ac777c9725c,24891,3
C:\SRS(ISIC_2019)\Dataset\SCC\ISIC_0064760.jpg,isic_0064760,6,15f5c6efb717443115f606f6e1c5c72a2cde00708fe7bfa2f7fa2a7f5334fd66,24894,3
C:\SRS(ISIC_2019)\Dataset\SCC\ISIC_0065103.jpg,isic_0065103,6,d37609461c00092951f28c35b713866cda2e190f404bdb94c51210764707b603,24900,3
C:\SRS(ISIC_2019)\Dataset\SCC\ISIC_0065491.jpg,isic_0065491,6,eaf17f3a44b79f60188d4963a3e98b9a16a3041e402844205787b62f7b8cf272,24906,3
C:\SRS(ISIC_2019)\Dataset\SCC\ISIC_0065604.jpg,isic_0065604,6,92365c4627059bd969aee3a97aeda6ddc55233b25d2197f78e6e7d40220c3159,24907,3
C:\SRS(ISIC_2019)\Dataset\SCC\ISIC_0065692.jpg,isic_0065692,6,c95038b09f10fbb459015c671f30206816dcd4c7ec5d19168ba1783bfc5f2f44,24908,3
C:\SRS(ISIC_2019)\Dataset\SCC\ISIC_0065725.jpg,isic_0065725,6,80f9431303a6d8abbfd5a0f699e89015deadbdbd230a449676bfb732348f2104,24909,3
C:\SRS(ISIC_2019)\Dataset\SCC\ISIC_0065816.jpg,isic_0065816,6,47d00afa173d913b4fb2a59e8e26ffa143b6822d3de76ff05d32a5e17bd21b74,24911,3
C:\SRS(ISIC_2019)\Dataset\SCC\ISIC_0066030.jpg,isic_0066030,6,8930aff6b375d39c42975bc3a2c2dfa07147ba829841fa7ca3f26dc50b640be7,24914,3
C:\SRS(ISIC_2019)\Dataset\SCC\ISIC_0066274.jpg,isic_0066274,6,11464d562e60fa0a216d26db95184fd66ed08a4380feef5a0b293ab9dcc8680a,24917,3
C:\SRS(ISIC_2019)\Dataset\SCC\ISIC_0066482.jpg,isic_0066482,6,304f7a1d12ff2e8725a652c81eaab7b422854f306c4cc0f6318af2b57dda8c79,24919,3
C:\SRS(ISIC_2019)\Dataset\SCC\ISIC_0067122.jpg,isic_0067122,6,a4f3f9653d46aff954fa87d117bca94d615ed631fd7e69e3d3ef3be9a9480944,24939,3
C:\SRS(ISIC_2019)\Dataset\SCC\ISIC_0067174.jpg,isic_0067174,6,cea94198a25bc7b553c62657df32110167127a8dd849b65abf27ff9f05c28c95,24940,3
C:\SRS(ISIC_2019)\Dataset\SCC\ISIC_0067544.jpg,isic_0067544,6,01f15afedc15df14f088fa082196b022b4d5b71dab3709865560f0a37039fd4e,24945,3
C:\SRS(ISIC_2019)\Dataset\SCC\ISIC_0067626.jpg,isic_0067626,6,b8459bebb1405f2a7474ae468e9e8dc8721261d0be3176ab5291cb990341e276,24946,3
C:\SRS(ISIC_2019)\Dataset\SCC\ISIC_0067944.jpg,isic_0067944,6,227d7ccdbd13a12c3efbcfffbd2bdccefe130d51c5ce690d08701f0a2c380117,24953,3
C:\SRS(ISIC_2019)\Dataset\SCC\ISIC_0067948.jpg,isic_0067948,6,d187fb9569e24b4492d8f94748c4ce322224cb44159340faef6bef68baf131e3,24954,3
C:\SRS(ISIC_2019)\Dataset\SCC\ISIC_0067957.jpg,isic_0067957,6,621b1fd2cf01977172390f54cfcf8375d071c0135dfc3b16cbc0ddf8612bef24,24955,3
C:\SRS(ISIC_2019)\Dataset\SCC\ISIC_0068369.jpg,isic_0068369,6,b45912bb52b8f0c8e4867dde4263bee35ef382d547f6cf8b7205349314f27d88,24965,3
C:\SRS(ISIC_2019)\Dataset\SCC\ISIC_0068409.jpg,isic_0068409,6,fe1bd559579eefb160574b446b08f88ebfe340948a2021423ab298ddbb39e10a,24968,3
C:\SRS(ISIC_2019)\Dataset\SCC\ISIC_0068482.jpg,isic_0068482,6,d308aa957eb7b6642d86c667cead6a095786f24c55875ab7cc2cbb3e346f9efe,24970,3
C:\SRS(ISIC_2019)\Dataset\SCC\ISIC_0068496.jpg,isic_0068496,6,63732449ae1361dcc8c987aea0d2c8bea18b61db4f5129cdc27403114e5ceccc,24971,3
C:\SRS(ISIC_2019)\Dataset\SCC\ISIC_0068676.jpg,isic_0068676,6,9e226bb65151767b2dce680ee40ca6ba77de7bb138432fc714e94dcd099d94d3,24978,3
C:\SRS(ISIC_2019)\Dataset\SCC\ISIC_0068756.jpg,isic_0068756,6,0efb1b93cc2a0261e402cfc61a430e4ce18e0b50273d30a306e17aca6fbaa6d9,24980,3
C:\SRS(ISIC_2019)\Dataset\SCC\ISIC_0068779.jpg,isic_0068779,6,26ccd59d6a60d67c5b9a97c8b3e3d156071d1c7ae727d6c13bc3bfed55a58d25,24981,3
C:\SRS(ISIC_2019)\Dataset\SCC\ISIC_0068938.jpg,isic_0068938,6,c976dd7ff7e85f2bdf1ee8b6646ff165ca4927e349f9e8cac5c3c17d934ee8d7,24983,3
C:\SRS(ISIC_2019)\Dataset\SCC\ISIC_0069181.jpg,isic_0069181,6,f862326432087078a490596d3583323653e54e2d651d9691e568dd87fb26120e,24988,3
C:\SRS(ISIC_2019)\Dataset\SCC\ISIC_0069201.jpg,isic_0069201,6,3d905676c96e11fcfb21f469b042ae3b44d764e17a6e41f049fa39371833f628,24989,3
C:\SRS(ISIC_2019)\Dataset\SCC\ISIC_0069220.jpg,isic_0069220,6,4c3acd939d219337fe8ab603549223d51facb7e3b2767d225d754bd83b3b26f3,24990,3
C:\SRS(ISIC_2019)\Dataset\SCC\ISIC_0069322.jpg,isic_0069322,6,09c0880ec3e99ade3244e96098d926ff4c2959512a3c87c72dca29f3caaf2c8a,24993,3
C:\SRS(ISIC_2019)\Dataset\SCC\ISIC_0069746.jpg,isic_0069746,6,bfe8bd670337ff7a1eee9f034eca979e7eafa450a82086b9b32c939d544aa17c,25001,3
C:\SRS(ISIC_2019)\Dataset\SCC\ISIC_0069943.jpg,isic_0069943,6,ccc99f5ddc5c598fb2430c131df82f106ff932a30cd5dc66fa0c5575f0fc4f57,25003,3
C:\SRS(ISIC_2019)\Dataset\SCC\ISIC_0070224.jpg,isic_0070224,6,801f702cb9e0d4a1bb902176c65e76c2d8599393e8991150d31a51c804bbfc1b,25011,3
C:\SRS(ISIC_2019)\Dataset\SCC\ISIC_0070234.jpg,isic_0070234,6,81fe4f1799d6a5795c1a80ced78cc03deb97a25fbea30b4abe24c78f00667d88,25012,3
C:\SRS(ISIC_2019)\Dataset\SCC\ISIC_0070772.jpg,isic_0070772,6,81bfa51100830bbb4cc20c446255492a02b25bd90c1d5e60770e54b687b97ff5,25023,3
C:\SRS(ISIC_2019)\Dataset\SCC\ISIC_0071509.jpg,isic_0071509,6,605dadabb746679245fe57e5167b9fc1248b0a54687b500c34da8b910efc423d,25037,3
C:\SRS(ISIC_2019)\Dataset\SCC\ISIC_0071727.jpg,isic_0071727,6,0cf7ffcaf61c5bf77f7651d60db07c39136647b15a205821fb891d9fec3128c4,25039,3
C:\SRS(ISIC_2019)\Dataset\SCC\ISIC_0071905.jpg,isic_0071905,6,493f28e54592fec8035e444d11bd5cb2d7cce9515f05e0966ee5fad2475606f3,25045,3
C:\SRS(ISIC_2019)\Dataset\SCC\ISIC_0071999.jpg,isic_0071999,6,92c5869969bfb28fc7f33e537f6df5aa0a56bd12ecec7e33df098ac501f96099,25049,3
C:\SRS(ISIC_2019)\Dataset\SCC\ISIC_0072158.jpg,isic_0072158,6,4d351ba91b5494d0797dfb83df357db116990bc372ec237e182bb69035f32a01,25052,3
C:\SRS(ISIC_2019)\Dataset\SCC\ISIC_0072263.jpg,isic_0072263,6,521a1283a181eb44e06287a2748dd9210daf8d75a7e2727f7ce6d5c4ff589fea,25054,3
C:\SRS(ISIC_2019)\Dataset\SCC\ISIC_0072347.jpg,isic_0072347,6,cde3b39ba763f09a6763f96cc7c3187860eda79de0a0e46f9754f49f1bbf60d9,25055,3
C:\SRS(ISIC_2019)\Dataset\SCC\ISIC_0072546.jpg,isic_0072546,6,04e3e9ddc5ae2e5184de14c54ca2154dc89eec797f02f10059aa89da1a36b054,25058,3
C:\SRS(ISIC_2019)\Dataset\SCC\ISIC_0073088.jpg,isic_0073088,6,e8b7a812781607261eff9a360fef6f879807eabdb103f4fe6a0b785623526c87,25071,3
C:\SRS(ISIC_2019)\Dataset\VASC\ISIC_0024669.jpg,isic_0024669,7,93020b603d353689c2287f8b7659cd1b10b748ccc0a03efb38d433399e1362a5,25079,3
C:\SRS(ISIC_2019)\Dataset\VASC\ISIC_0024747.jpg,isic_0024747,7,d00fe1c80730248e6aec0d88ff1aba7a3dde98993351b6397e2a0cf7b24e6795,25081,3
C:\SRS(ISIC_2019)\Dataset\VASC\ISIC_0025425.jpg,isic_0025425,7,6124865295355a12f1807f3a1a70f1ebbb9908081cc4e8c264d01c55f7416103,25089,3
C:\SRS(ISIC_2019)\Dataset\VASC\ISIC_0025578.jpg,isic_0025578,7,3510d83a3e0b5953c88793316ffeb27ef20adc64affe061b99a6639de9abbca4,25091,3
C:\SRS(ISIC_2019)\Dataset\VASC\ISIC_0025873.jpg,isic_0025873,7,83c809829eb1dbeaa9e136ebf1517dd8059c1e55196e6789a55db6466dd3d68d,25101,3
C:\SRS(ISIC_2019)\Dataset\VASC\ISIC_0026467.jpg,isic_0026467,7,68984a4b470f43f2282e4592cdb612087b8b4300e16e2b5578b4e9c7f070a614,25110,3
C:\SRS(ISIC_2019)\Dataset\VASC\ISIC_0027159.jpg,isic_0027159,7,7a9e6329ebd5b07545dd2194d830cb04b89e6d2a2a871ab075079ec2173205a0,25115,3
C:\SRS(ISIC_2019)\Dataset\VASC\ISIC_0027888.jpg,isic_0027888,7,637d336f1a2003175d6e835f7c9ebe89d20ec5a57ca3315358b36f8fddeb9418,25126,3
C:\SRS(ISIC_2019)\Dataset\VASC\ISIC_0029404.jpg,isic_0029404,7,01dffca598641c0c698178fad86eb199782a504f8459a86a1d1d661aa614696f,25139,3
C:\SRS(ISIC_2019)\Dataset\VASC\ISIC_0030070.jpg,isic_0030070,7,38b7db407e97e9958b76c8f63c7241517fd5451ae469c4429d287997c15f2fe3,25148,3
C:\SRS(ISIC_2019)\Dataset\VASC\ISIC_0030104.jpg,isic_0030104,7,d2661f8d008bb0552cc949c7431aa0f3ac1110146a1d73306c79f12d71789953,25149,3
C:\SRS(ISIC_2019)\Dataset\VASC\ISIC_0030956.jpg,isic_0030956,7,771dd9162a7e049029ad3a772147b01f915ad70610fe9dfdc303471fbf82d52c,25156,3
C:\SRS(ISIC_2019)\Dataset\VASC\ISIC_0031065.jpg,isic_0031065,7,9b4290e9177acfdf938d8b283ac8e8e1b2c4baa0699608ba334695b1e62b4ba4,25157,3
C:\SRS(ISIC_2019)\Dataset\VASC\ISIC_0031090.jpg,isic_0031090,7,02f7800eea98c00e27e31b7a1f0dde7884c1b1c515b265501fa630c86e6bcb54,25158,3
C:\SRS(ISIC_2019)\Dataset\VASC\ISIC_0031719.jpg,isic_0031719,7,27c586d05bb4de02d12c04e69b83a333d932e0d627975227f77626e13ca2212a,25170,3
C:\SRS(ISIC_2019)\Dataset\VASC\ISIC_0031955.jpg,isic_0031955,7,c2a3b7ba52905b67673693a51048650716eeb93447207d0a1ded1e09b5b5f8f0,25174,3
C:\SRS(ISIC_2019)\Dataset\VASC\ISIC_0032240.jpg,isic_0032240,7,c9810edd1df30a59ba582596253072051c68e89518d89fea58eaf24ef7d2d48a,25178,3
C:\SRS(ISIC_2019)\Dataset\VASC\ISIC_0032614.jpg,isic_0032614,7,63f221371e42daa6bb3e32fd8d8e767f1cff02f378bb74097153100539daa7be,25184,3
C:\SRS(ISIC_2019)\Dataset\VASC\ISIC_0032866.jpg,isic_0032866,7,73c1e5d4e4090de2aa70ecb17c8d2a50985cad74e60eba4f6464c3951fbf20ec,25190,3
C:\SRS(ISIC_2019)\Dataset\VASC\ISIC_0032867.jpg,isic_0032867,7,e6e147ae700fc22b4a959a81c167c6530e7ddf06b49e1a55e8ea5d7a4aaa96ed,25191,3
C:\SRS(ISIC_2019)\Dataset\VASC\ISIC_0033031.jpg,isic_0033031,7,d330091cdc2954f8e283de5b7bc3f1d373bbd8d37ed55354cbcde130d2f700c9,25195,3
C:\SRS(ISIC_2019)\Dataset\VASC\ISIC_0033158.jpg,isic_0033158,7,acf0ab90789e9a6995be01b3574fc5c3fafa41fe48b1b6bd72de4852729e9a5c,25199,3
C:\SRS(ISIC_2019)\Dataset\VASC\ISIC_0033230.jpg,isic_0033230,7,d9ff41ada3e62e919ce418e3360ebb9c43c135145dca6848ab8485f818de7cee,25200,3
C:\SRS(ISIC_2019)\Dataset\VASC\ISIC_0054131.jpg,isic_0054131,7,02555cce15bdf6163ecc8e8ea1e72d1683eb21fc33ddf1d87d5f9440296c5781,25218,3
C:\SRS(ISIC_2019)\Dataset\VASC\ISIC_0055650.jpg,isic_0055650,7,67b9069f6cf4eb647348a798a6719555689d06f505892a04cf23285ccfe120f3,25229,3
C:\SRS(ISIC_2019)\Dataset\VASC\ISIC_0059295.jpg,isic_0059295,7,7699f106f9bd1405f681dc807acc3c6877e40790060af05a19cdf6960e6f0612,25241,3
C:\SRS(ISIC_2019)\Dataset\VASC\ISIC_0060699.jpg,isic_0060699,7,8562767bdc27ac0c5c4af5f5eb1ec59d0bbf5810d9fa376714c16a3d38b1b6c2,25249,3
C:\SRS(ISIC_2019)\Dataset\VASC\ISIC_0062653.jpg,isic_0062653,7,9af70e2c3190b6298cb2d7f342c3c69ecdbb56d15e064959a11f5885a3fa801d,25259,3
C:\SRS(ISIC_2019)\Dataset\VASC\ISIC_0064078.jpg,isic_0064078,7,0c7e3d2ec2f358276044b4e6e4fbf851c2028dc5c92b432a506aa113ba94e638,25261,3
C:\SRS(ISIC_2019)\Dataset\VASC\ISIC_0064953.jpg,isic_0064953,7,533dabb6fea7d5ccc9e7eb2adbeb479a6591e128abef120d12393cb6262a4d25,25269,3
C:\SRS(ISIC_2019)\Dataset\VASC\ISIC_0064960.jpg,isic_0064960,7,be7534523e715d87561aa58a306559802eb1a10373f2ac16862a0e4421d0d1df,25270,3
C:\SRS(ISIC_2019)\Dataset\VASC\ISIC_0066446.jpg,isic_0066446,7,db46ae59532242368615f930cdd48f20609b4b0ac3ca17e96f6b61e0b59502bf,25277,3
C:\SRS(ISIC_2019)\Dataset\VASC\ISIC_0066504.jpg,isic_0066504,7,cb318a2099c66f7282ec72966b35d8243397f31a57e4447c291df1a43b047874,25279,3
C:\SRS(ISIC_2019)\Dataset\VASC\ISIC_0067285.jpg,isic_0067285,7,210c8390a40b5dfdbf8e89fc7ed5114ed6b9f6c12061bb126078abf8ba6dcdc5,25285,3
C:\SRS(ISIC_2019)\Dataset\VASC\ISIC_0068877.jpg,isic_0068877,7,5a92de148ec46490cc26aab609a9c85f620ae1fcaa683a941188aef5106c55e1,25294,3
C:\SRS(ISIC_2019)\Dataset\VASC\ISIC_0070526.jpg,isic_0070526,7,007ccc2fbd71df99d38edebe72428ba8f375d3e1b7eeb377df69dafd485629b5,25299,3
C:\SRS(ISIC_2019)\Dataset\VASC\ISIC_0070616.jpg,isic_0070616,7,aaa8e0347900d3d9fbb875e582a10edf1f531ff4476483bf87457f669016e506,25300,3
C:\SRS(ISIC_2019)\Dataset\VASC\ISIC_0071024.jpg,isic_0071024,7,db227d6c7eea01d4c0cbf2b66161b87981308f51dcfcaa978e65fe650680f36f,25306,3
C:\SRS(ISIC_2019)\Dataset\VASC\ISIC_0071298.jpg,isic_0071298,7,96e19ad236b116174217ef1c12c1a88d48501d481458f54a78e62f3ac3160d4b,25310,3
C:\SRS(ISIC_2019)\Dataset\VASC\ISIC_0071912.jpg,isic_0071912,7,14c56dbdbc009634084bfbb4dd279629e81e4f22dde81e1016d8a34fa3fa558c,25316,3
C:\SRS(ISIC_2019)\Dataset\VASC\ISIC_0072012.jpg,isic_0072012,7,ee214c63318776da24ae75d3f83ac11178fc0689600fb1a69423562fe98015b4,25317,3
C:\SRS(ISIC_2019)\Dataset\VASC\ISIC_0072430.jpg,isic_0072430,7,a989fcfc3aebd37f39b201265e9fb4c49c842ded0c8cbefefd7484e7ed212540,25318,3
C:\SRS(ISIC_2019)\Dataset\VASC\ISIC_0072937.jpg,isic_0072937,7,47ee7f2d15cb1eb6e08ed477220ba3b6943fc48c276e1ed93b99439ddb57914e,25322,3
C:\SRS(ISIC_2019)\Dataset\VASC\ISIC_0073012.jpg,isic_0073012,7,1618e9cc28beb5af87af666b78cb3615afee2714ba4d0b1644bfc5ea27ff0434,25324,3
