image_path,image_id,label,sha256,group_id,client_id
C:\SRS(ISIC_2019)\Dataset\AK\ISIC_0025368.jpg,isic_0025368,0,233c2785ab89fe92765e9878ca0e0f2057d771bc58ff3a661a669c18b270c1e7,11,1
C:\SRS(ISIC_2019)\Dataset\AK\ISIC_0026212.jpg,isic_0026212,0,48b8a82e7fbb175217a77e355c269fb32a84acf92214344a9518bf274e342c8a,24,1
C:\SRS(ISIC_2019)\Dataset\AK\ISIC_0026702.jpg,isic_0026702,0,9ef32279285ee53718f98a2eb1d7e488459e7ac6245a1ddd9b3c167715b483e2,32,1
C:\SRS(ISIC_2019)\Dataset\AK\ISIC_0027172.jpg,isic_0027172,0,cd77a6ca1e6ec9c9b763922ff6e43529a7578fb24941504a556b2c6357af14c4,40,1
C:\SRS(ISIC_2019)\Dataset\AK\ISIC_0027536.jpg,isic_0027536,0,0328985caa3d7632be22962680d3582903d1569dbf6ca685e107ed9b2bd93d8b,45,1
C:\SRS(ISIC_2019)\Dataset\AK\ISIC_0027562.jpg,isic_0027562,0,c89d858bac39589b2ec2fffd8c377d8e7ae9d1d52977f78a7852391dbbd41193,46,1
C:\SRS(ISIC_2019)\Dataset\AK\ISIC_0027668.jpg,isic_0027668,0,34d9aad349381f546d008d9878fd811887c52a21aef57240d474b9c7707801da,51,1
C:\SRS(ISIC_2019)\Dataset\AK\ISIC_0027802.jpg,isic_0027802,0,d2db9ef64d9dd6ea264f3371b0244ab5e6dc6b3d32cd203064715b0522fa4549,52,1
C:\SRS(ISIC_2019)\Dataset\AK\ISIC_0027896.jpg,isic_0027896,0,6c5a260fc18e56a1dd431f88e7e093886f9e697bedf49f6e80822f16ed3704de,55,1
C:\SRS(ISIC_2019)\Dataset\AK\ISIC_0028393.jpg,isic_0028393,0,16dae3819339eb380ff98aa484030b0f4d6dd84f47cc93c6e9f2d901dbe5aebd,63,1
C:\SRS(ISIC_2019)\Dataset\AK\ISIC_0028820.jpg,isic_0028820,0,6f8e9e51137c7a7ce682a45dddc677e74aca9b5c414cdc8141d8e9a25e03bf6e,67,1
C:\SRS(ISIC_2019)\Dataset\AK\ISIC_0028941.jpg,isic_0028941,0,998886b32975190e0a911d417ad5dcb8fdef0b09d0686119b4ef7626432ef96c,69,1
C:\SRS(ISIC_2019)\Dataset\AK\ISIC_0029025.jpg,isic_0029025,0,aa092634caaee6502c48155838c327a52e165d0fd95916cce411cbf145941881,71,1
C:\SRS(ISIC_2019)\Dataset\AK\ISIC_0029041.jpg,isic_0029041,0,cdfbbc880215d924a23dec7a238b8070fefdb8f76922b40bca97ebef99f0f12c,72,1
C:\SRS(ISIC_2019)\Dataset\AK\ISIC_0029713.jpg,isic_0029713,0,efa11328193d6d331a79a6813592aeba98f221529878bf6311d29067e9540b04,80,1
C:\SRS(ISIC_2019)\Dataset\AK\ISIC_0029827.jpg,isic_0029827,0,86b3b96ed7201fc3e543e92394ca0ba3856de34e33da1e7c074e0112e89b06f0,82,1
C:\SRS(ISIC_2019)\Dataset\AK\ISIC_0030242.jpg,isic_0030242,0,d21da15b541845d4401cece15bb8dc8ef138cbde8dadcac034ccc263f0aa7638,92,1
C:\SRS(ISIC_2019)\Dataset\AK\ISIC_0030463.jpg,isic_0030463,0,8ca3331208ab0b3848ca1b53e8c3ae0a3fce6cd5564b0277876fa8530fc265f1,95,1
C:\SRS(ISIC_2019)\Dataset\AK\ISIC_0032422.jpg,isic_0032422,0,3cc2ca658061ab17a6a29ef5b0f81be521dc580a763e93044424a1e8bad8dc08,119,1
C:\SRS(ISIC_2019)\Dataset\AK\ISIC_0032437.jpg,isic_0032437,0,afd60c4bb2c36903e4198bea7c1cdf32312373d302ade7fd8ffceef6690fc07e,120,1
C:\SRS(ISIC_2019)\Dataset\AK\ISIC_0033494.jpg,isic_0033494,0,af9b8ce15cc66d90cc09e822ff77ff93c79f9d4b6173e54fbaa6b2ad7ff9332c,126,1
C:\SRS(ISIC_2019)\Dataset\AK\ISIC_0053597.jpg,isic_0053597,0,8779b0fed813cbe79a9f2db138f2f5dc783255c083386329889d7c200ef0abd8,136,1
C:\SRS(ISIC_2019)\Dataset\AK\ISIC_0053666.jpg,isic_0053666,0,ad32ec36fa8be6030ed69501db6740dc68433c82fc33818c7e57fd72f839fb33,139,1
C:\SRS(ISIC_2019)\Dataset\AK\ISIC_0053688.jpg,isic_0053688,0,3b149e2d54b703ca4725339ccdef070d0e3fa4f7a4bf4d76a02bb0e5020cc4d1,141,1
C:\SRS(ISIC_2019)\Dataset\AK\ISIC_0054272.jpg,isic_0054272,0,8e188856261472e6af23db1d7eacea708b312deb41b0cf8d976abf402e06571d,163,1
C:\SRS(ISIC_2019)\Dataset\AK\ISIC_0054533.jpg,isic_0054533,0,dae64b118da3140c49cb67624044757c5477a6ceafb40ef0e01c8cec4b339d73,169,1
C:\SRS(ISIC_2019)\Dataset\AK\ISIC_0054878.jpg,isic_0054878,0,1a3c723e9577b0352018f5a4807bebf1ec429eab45646aa20bda7af08da37661,181,1
C:\SRS(ISIC_2019)\Dataset\AK\ISIC_0054899.jpg,isic_0054899,0,82aadd01141ca3ea58bb2497d02f78fd4f6a1523819fc0a093c5dc19d72e3e1e,182,1
C:\SRS(ISIC_2019)\Dataset\AK\ISIC_0055639.jpg,isic_0055639,0,1b85ddbcec7cd5e42f887451a960441e78a0f8fdf1c44fff15cd76749107f614,199,1
C:\SRS(ISIC_2019)\Dataset\AK\ISIC_0055686.jpg,isic_0055686,0,ab24209ffa14b22f7f8ecf299fd2003b84d072ff708836fc2185e1539b19538d,200,1
C:\SRS(ISIC_2019)\Dataset\AK\ISIC_0056005.jpg,isic_0056005,0,72f59be140ba377b2471ab76919295c743932b93b3c3b8d601050e12ddba427d,213,1
C:\SRS(ISIC_2019)\Dataset\AK\ISIC_0056073.jpg,isic_0056073,0,1fc41fbe536604f3a8af413857529110aef4d0de8439e6688dbb03550acef368,218,1
C:\SRS(ISIC_2019)\Dataset\AK\ISIC_0056159.jpg,isic_0056159,0,45246a4b2ea21697554dfee0ae7b776e799e86a8bba7d3d09463e5fe16982f1d,222,1
C:\SRS(ISIC_2019)\Dataset\AK\ISIC_0056613.jpg,isic_0056613,0,36ff309377fe492476255f2d209fef51f682ee917705881842b5ed4ef6b8afcb,236,1
C:\SRS(ISIC_2019)\Dataset\AK\ISIC_0056662.jpg,isic_0056662,0,6e288d8b6bfab9340fe22724eb6b5f7551d9f602c932300b255f2220886729b6,239,1
C:\SRS(ISIC_2019)\Dataset\AK\ISIC_0056724.jpg,isic_0056724,0,3e7d1937240d65f26adff1e4a9f1942cf465ac5b2db68a9cfce8d7a76a4ceee9,240,1
C:\SRS(ISIC_2019)\Dataset\AK\ISIC_0056898.jpg,isic_0056898,0,44d04c4d70c1649a519b245e98f6469d6680e78725fe48f04eb48ab42b1921eb,245,1
C:\SRS(ISIC_2019)\Dataset\AK\ISIC_0056904.jpg,isic_0056904,0,786526d81d3e6ab66681c62251bc65aae60402ed7a1f1541418ff083a6f52f9b,246,1
C:\SRS(ISIC_2019)\Dataset\AK\ISIC_0057038.jpg,isic_0057038,0,79bea572188eee6b817be3f9f15fb8fd982429d051512e7e9897d3fbd1110cb3,250,1
C:\SRS(ISIC_2019)\Dataset\AK\ISIC_0057042.jpg,isic_0057042,0,cc823cb474d0206268842b82e108f04bfbf5487df0326f135ad82c56de5c1650,252,1
C:\SRS(ISIC_2019)\Dataset\AK\ISIC_0057077.jpg,isic_0057077,0,acfc86e0d2c228e5d5ad5746b8414ec49571574eff0cba731ae9714e862bf054,256,1
C:\SRS(ISIC_2019)\Dataset\AK\ISIC_0057135.jpg,isic_0057135,0,f4414afae685336eb8099f6e69e16afe43d4294fe00945c4236637cfe38fb674,259,1
C:\SRS(ISIC_2019)\Dataset\AK\ISIC_0057357.jpg,isic_0057357,0,34fb92fce88c2227a74b7561d3a30966389482d0e7646d479b42024aff4899ef,265,1
C:\SRS(ISIC_2019)\Dataset\AK\ISIC_0057387.jpg,isic_0057387,0,5a0388bacd48c3ea264bc33ba0da255b485eb5ef0e68820307a443e1bb9854f2,266,1
C:\SRS(ISIC_2019)\Dataset\AK\ISIC_0057431.jpg,isic_0057431,0,888d640a36914282ad1934fb03696657d0d90ba28cb265dfbc224c5834a2e86d,267,1
C:\SRS(ISIC_2019)\Dataset\AK\ISIC_0057547.jpg,isic_0057547,0,d5574d1bd00bca5f504771d32d28f3460fb64fd320e53a756ffd16ea783337dd,275,1
C:\SRS(ISIC_2019)\Dataset\AK\ISIC_0057575.jpg,isic_0057575,0,a32aa9ac5734d167dcf7972fd663516c0e873ce6530186e9c4ec9347e33ef6e4,276,1
C:\SRS(ISIC_2019)\Dataset\AK\ISIC_0057679.jpg,isic_0057679,0,4dbd234b4d0e8fe3a31adc9ecb9785fd4597a2d6e39a107a94bd594b7bebfd8d,280,1
C:\SRS(ISIC_2019)\Dataset\AK\ISIC_0057740.jpg,isic_0057740,0,7b1fdb4ef8ed793d01dade881373da1af145fdd0477ada040691e6fd483fb9a8,283,1
C:\SRS(ISIC_2019)\Dataset\AK\ISIC_0057806.jpg,isic_0057806,0,916796372bf9148bae42d6c016796f891fca06c986bf6f3bdc31279cd47dfed0,285,1
C:\SRS(ISIC_2019)\Dataset\AK\ISIC_0058320.jpg,isic_0058320,0,0b1588b9dda4f1ea2f4a67e1dca67726a560a09ac91c39bcd6f14a3b164636af,298,1
C:\SRS(ISIC_2019)\Dataset\AK\ISIC_0058459.jpg,isic_0058459,0,d6acbefd1aa002d8f10f78802194fc12384fda9e8892c627f24f95fe72361943,307,1
C:\SRS(ISIC_2019)\Dataset\AK\ISIC_0058506.jpg,isic_0058506,0,6648f98f8bf9f51443577f34ffa342701e7381b0eb38dd32c7c6e370ecf78e6a,310,1
C:\SRS(ISIC_2019)\Dataset\AK\ISIC_0058623.jpg,isic_0058623,0,e41c74f20c69d5283478fddd4e68dd7cad957624387305cf68f9f0cb5f2418ed,314,1
C:\SRS(ISIC_2019)\Dataset\AK\ISIC_0058776.jpg,isic_0058776,0,45550e9f887f801b045eb6de7218754b0debd994fb702eeb9cd5d5e05e0c2317,321,1
C:\SRS(ISIC_2019)\Dataset\AK\ISIC_0058890.jpg,isic_0058890,0,b673be6a8672031f9b62d044dcd661cb939e3b7fac32af997b479a6574d7bb2a,324,1
C:\SRS(ISIC_2019)\Dataset\AK\ISIC_0058967.jpg,isic_0058967,0,7b192fa8b3788cf5cffa4c3dbcc4ea3092a12cdd142ad161b658619172316c6b,330,1
C:\SRS(ISIC_2019)\Dataset\AK\ISIC_0058994.jpg,isic_0058994,0,b59d8116b0c402c3ab39bd4100cca6c674277f91a88ccf1a229f3ad7052fa744,334,1
C:\SRS(ISIC_2019)\Dataset\AK\ISIC_0059014.jpg,isic_0059014,0,77c5137ef2cf77517dcfc04704d50c13b3f7b563089eee0fea6e0e9293c98b55,335,1
C:\SRS(ISIC_2019)\Dataset\AK\ISIC_0059087.jpg,isic_0059087,0,11aaab0a0176dc4bb8aca7e8f31dbd3b40b8e46b5e7e03919a29ca7deda5d485,338,1
C:\SRS(ISIC_2019)\Dataset\AK\ISIC_0059146.jpg,isic_0059146,0,eb66e97b7f8a5e3c04b00af8d1a55ec788dfc47570a4a3107bcdfe1ae4363c71,341,1
C:\SRS(ISIC_2019)\Dataset\AK\ISIC_0059198.jpg,isic_0059198,0,efa96154fbdfe85611b4554e6fc8c095f25d3dd18abb471d4569a365d7b6f326,343,1
C:\SRS(ISIC_2019)\Dataset\AK\ISIC_0059250.jpg,isic_0059250,0,63aa700e5a2f6130f1278f66a87bfa80a4a19133c0212144cea25e4a71ff1bfb,345,1
C:\SRS(ISIC_2019)\Dataset\AK\ISIC_0059397.jpg,isic_0059397,0,c46ecd108f651e443d28ce08ebc9c42516ddf13cb0469b3e5400514ec4cbb905,348,1
C:\SRS(ISIC_2019)\Dataset\AK\ISIC_0059540.jpg,isic_0059540,0,cfebc4291ea51b79d6b905882d67c6d1f3b90a2f20c6b1a223ce0860834ea68e,350,1
C:\SRS(ISIC_2019)\Dataset\AK\ISIC_0059720.jpg,isic_0059720,0,218e27be1b188825ca98d9e38242ffea302f0465ad569cf2c252146f4464ad36,355,1
C:\SRS(ISIC_2019)\Dataset\AK\ISIC_0059799.jpg,isic_0059799,0,a1a121faf3cde50db12e2d93f7c900859f78a3ed7fe6bdb6b6caf425e057e3b1,358,1
C:\SRS(ISIC_2019)\Dataset\AK\ISIC_0060116.jpg,isic_0060116,0,8167da65f3d1f475a9b87ddb36bf66b51375f53d4e1464471eb601840c12e985,679,1
C:\SRS(ISIC_2019)\Dataset\AK\ISIC_0060136.jpg,isic_0060136,0,fcab4e2183a03c77a773c9abf780a75ae19447b123da56d5fad69b0337529234,373,1
C:\SRS(ISIC_2019)\Dataset\AK\ISIC_0060230.jpg,isic_0060230,0,e30b97e6028f3a2db428d52421f5ecbae877209b39e4106337fa8e3f1509c156,376,1
C:\SRS(ISIC_2019)\Dataset\AK\ISIC_0060235.jpg,isic_0060235,0,7d2bce5d4fa1b35230e309202066c16dde46939bb0d15bc42d63077f07a52e63,377,1
C:\SRS(ISIC_2019)\Dataset\AK\ISIC_0060337.jpg,isic_0060337,0,b8a91c7f14648ae8240c29adc4c3408ce75b31df152e4aefb2cb7fb46918e617,381,1
C:\SRS(ISIC_2019)\Dataset\AK\ISIC_0060404.jpg,isic_0060404,0,c839039b7aa678ae346f220de87534046157942d2193249c4c3eef706078af69,384,1
C:\SRS(ISIC_2019)\Dataset\AK\ISIC_0060467.jpg,isic_0060467,0,49cb6f201f80bd5968b219d46145f717e83e4c470c7188ef1560ab430cd4231b,385,1
C:\SRS(ISIC_2019)\Dataset\AK\ISIC_0060706.jpg,isic_0060706,0,41fb59010ece0b96327aeb6a8d75a79b87c5f7e58a4601057f12f233e467759c,393,1
C:\SRS(ISIC_2019)\Dataset\AK\ISIC_0060989.jpg,isic_0060989,0,9f302e3f2a721443d2c28c356d15899fe65c97944acb5b38426f01aeaee5be0a,402,1
C:\SRS(ISIC_2019)\Dataset\AK\ISIC_0061039.jpg,isic_0061039,0,a0b715994a33af62dddc577fd4b914b88d3ac526a66a3b76248d58b1bbcb7551,403,1
C:\SRS(ISIC_2019)\Dataset\AK\ISIC_0061691.jpg,isic_0061691,0,4bc555f22eb01de31367a04ce545031b026256624d7cdc6a4656dcb4ce0b1283,427,1
C:\SRS(ISIC_2019)\Dataset\AK\ISIC_0062272.jpg,isic_0062272,0,34d60cd6a2d3393b42d0c5d77d138003045dd34569a4f6901827c2e7f2a968ce,449,1
C:\SRS(ISIC_2019)\Dataset\AK\ISIC_0062586.jpg,isic_0062586,0,67f46a355bd282a6e9ffdce0268f8aa81d52bf03f61750d4dbcecb981fa53cf1,457,1
C:\SRS(ISIC_2019)\Dataset\AK\ISIC_0062738.jpg,isic_0062738,0,4d3c10150c072885c91a79214bc1a78b63c123568dfd940fb4861adb64722c5a,467,1
C:\SRS(ISIC_2019)\Dataset\AK\ISIC_0062739.jpg,isic_0062739,0,c40fb071b7cebc06916c8f8be1a3909bcdf607c7cec63c96ad444dc8e79411f9,468,1
C:\SRS(ISIC_2019)\Dataset\AK\ISIC_0062741.jpg,isic_0062741,0,0c66bf327ef7f18574b4856683b1c42df139cf702ee55480221b917a993cc719,469,1
C:\SRS(ISIC_2019)\Dataset\AK\ISIC_0063019.jpg,isic_0063019,0,65ff70ac562470580dd7fc94fb179f49ec66ffd736eaad14fd8ac1ad45869ac1,480,1
C:\SRS(ISIC_2019)\Dataset\AK\ISIC_0063178.jpg,isic_0063178,0,36a2a68a7324c617b2414d9f093e408981b87b92541a0094e0da89570b8f8f8d,490,1
C:\SRS(ISIC_2019)\Dataset\AK\ISIC_0063577.jpg,isic_0063577,0,dc59a2783ab36b152b7cf568380a6da9c5bccb6a37012636fbd05187cdae4e83,507,1
C:\SRS(ISIC_2019)\Dataset\AK\ISIC_0063674.jpg,isic_0063674,0,0d11b06f05803bb14b713549dce756f6ac12ff6216236025aeda981f89fdc1fe,509,1
C:\SRS(ISIC_2019)\Dataset\AK\ISIC_0063883.jpg,isic_0063883,0,8345fd2ec43877fb87fbcc87dd33072d3fbd21ec7711473cded11bfe40248ba2,514,1
C:\SRS(ISIC_2019)\Dataset\AK\ISIC_0064211.jpg,isic_0064211,0,3ba98219e310653dfd4f21d10cff6a89c708181a32cc0db0839955ae30e465dc,523,1
C:\SRS(ISIC_2019)\Dataset\AK\ISIC_0064262.jpg,isic_0064262,0,96a1991d4d7aebd0054d6f6a4e39edff35ecaf834196f4a7f9cfaabfbe550bbf,526,1
C:\SRS(ISIC_2019)\Dataset\AK\ISIC_0064583.jpg,isic_0064583,0,c2dc9a04d53e29fe54873ec93c89807d2999a3ecddb67bf2e38e085efc9fe4fe,532,1
C:\SRS(ISIC_2019)\Dataset\AK\ISIC_0064735.jpg,isic_0064735,0,ab41fac5f75c3ffe32194d263264e68ba49d88183e6d5eea0898c253a6d4ac52,538,1
C:\SRS(ISIC_2019)\Dataset\AK\ISIC_0065095.jpg,isic_0065095,0,9b0ef8b4e1b8425720d3b8cfb4c6d9f4608869e69dc74aaca1d82f23480658b5,548,1
C:\SRS(ISIC_2019)\Dataset\AK\ISIC_0065304.jpg,isic_0065304,0,b535de464f68f6470aa297944b9cb64fd50e6abee025b0dad835eabe673512f3,557,1
C:\SRS(ISIC_2019)\Dataset\AK\ISIC_0065470.jpg,isic_0065470,0,ec8b48e2f6ff7d8ca165d2d69225292def5971537b2521d93e50269f300686e8,565,1
C:\SRS(ISIC_2019)\Dataset\AK\ISIC_0065584.jpg,isic_0065584,0,f0e53bafe0d8166160aff4226ad55353deb3b535e11ae7c91079b529758cb10b,571,1
C:\SRS(ISIC_2019)\Dataset\AK\ISIC_0065611.jpg,isic_0065611,0,59aaf758dd0a179b0dac1e2dc67a56511a7c92a084f6a98045cd55f53b106c6b,572,1
C:\SRS(ISIC_2019)\Dataset\AK\ISIC_0065612.jpg,isic_0065612,0,b73ad06b9b46dfb1334756087420f968abfe8b0f91c5f295aacc88c7e84175f1,573,1
C:\SRS(ISIC_2019)\Dataset\AK\ISIC_0065741.jpg,isic_0065741,0,7b2218bf25a35787f99cec5ed69bafa4eea26209b8e4ed829e7f5a21a0038156,578,1
C:\SRS(ISIC_2019)\Dataset\AK\ISIC_0065758.jpg,isic_0065758,0,29e63510360765e14edf2ccf144663b449cf187a5b42749fac78a30cda0af7d0,579,1
C:\SRS(ISIC_2019)\Dataset\AK\ISIC_0065811.jpg,isic_0065811,0,aa9bf3a9023d131942d7ba3ee9a6309d442f9c018aa60cb6f47b5ef6f2e4ce17,580,1
C:\SRS(ISIC_2019)\Dataset\AK\ISIC_0065832.jpg,isic_0065832,0,e664337d26ecb2e1208bfe07228a2f7666285cc7349b4dd94fb47422f468bba6,581,1
C:\SRS(ISIC_2019)\Dataset\AK\ISIC_0065861.jpg,isic_0065861,0,3e78c8f0c5c9f1e43acab977bbd571bf207543a687891e01b2be6b5d61a9ddd5,582,1
C:\SRS(ISIC_2019)\Dataset\AK\ISIC_0065938.jpg,isic_0065938,0,e0d8d6c2fd213d641bc65baa3f121feb68268e002d187e05c62ccca1bf45ec48,584,1
C:\SRS(ISIC_2019)\Dataset\AK\ISIC_0065955.jpg,isic_0065955,0,c3c6d1f08ea686ddf4103d63cbe9bfa25a38751fba8aa07e5433411124134c0e,586,1
C:\SRS(ISIC_2019)\Dataset\AK\ISIC_0066056.jpg,isic_0066056,0,5a2769320bfd745733ecb1b04a01e3c7d3f5cbcc114832a82aa2cf08a30beea9,590,1
C:\SRS(ISIC_2019)\Dataset\AK\ISIC_0066180.jpg,isic_0066180,0,90689ac03a17092145f95cf18a2269272dadd9291c8ff2a06a4fa29a3f8b3cb4,594,1
C:\SRS(ISIC_2019)\Dataset\AK\ISIC_0066595.jpg,isic_0066595,0,95c2813fc95399563e7b054eb387c27e7d29f25dd6e928f43246ed38f4894637,614,1
C:\SRS(ISIC_2019)\Dataset\AK\ISIC_0067218.jpg,isic_0067218,0,7b14621cf4ceabbc180dda76f17cf3e82d477f1888831cde9a2daff58f76b71a,641,1
C:\SRS(ISIC_2019)\Dataset\AK\ISIC_0067604.jpg,isic_0067604,0,e99db0e44634f2c36769697606dcfac68464829ccb8f8f4c1de7608b5b70b3e5,659,1
C:\SRS(ISIC_2019)\Dataset\AK\ISIC_0067632.jpg,isic_0067632,0,1a1f758aa2ce6cb7d30ad0addf4a5892796ee84740100b285d34bccebfa3ec8a,660,1
C:\SRS(ISIC_2019)\Dataset\AK\ISIC_0067799.jpg,isic_0067799,0,758852057d2dd98cd2bf9af5fb8cefa3cf7cbed84107201784cbfd26f4630aba,795,1
C:\SRS(ISIC_2019)\Dataset\AK\ISIC_0068354.jpg,isic_0068354,0,8167da65f3d1f475a9b87ddb36bf66b51375f53d4e1464471eb601840c12e985,679,1
C:\SRS(ISIC_2019)\Dataset\AK\ISIC_0068507.jpg,isic_0068507,0,66bb38fe86cf5ce86cbb6ebd5ccfa13f9208bba7b6838787316599f9a847222d,685,1
C:\SRS(ISIC_2019)\Dataset\AK\ISIC_0068522.jpg,isic_0068522,0,c4017905eb113bf811510a83655b9d10539ee267aea51947cc6da29bd59bc43f,686,1
C:\SRS(ISIC_2019)\Dataset\AK\ISIC_0068845.jpg,isic_0068845,0,f41a63e435a545a3dabf481a50a41ed6925ccfd1b7185997b36d7b939c5597b8,699,1
C:\SRS(ISIC_2019)\Dataset\AK\ISIC_0068885.jpg,isic_0068885,0,1ddeb8a3c52a3fd4d1c24d7bff137ed537145830982afb93e3eea22b2736b54c,701,1
C:\SRS(ISIC_2019)\Dataset\AK\ISIC_0068995.jpg,isic_0068995,0,13b151d9a11458c99fd47ca9c8e4b8df4841804298e66f720fcadd8542a7b8b9,706,1
C:\SRS(ISIC_2019)\Dataset\AK\ISIC_0069194.jpg,isic_0069194,0,b5eb911cdd8532d771001ae1874b3234bab84c55f9b28fcb2e8a71c23ff71c0a,711,1
C:\SRS(ISIC_2019)\Dataset\AK\ISIC_0069265.jpg,isic_0069265,0,5df549003a818e7c5b383f2c240b81ce41b1c7a7a1d8680c8f7f7b2109570a39,714,1
C:\SRS(ISIC_2019)\Dataset\AK\ISIC_0069483.jpg,isic_0069483,0,6b23970d39110cc5f5e231e070cce5598fe97cec0c0e8a02ead53fd786ead1fc,722,1
C:\SRS(ISIC_2019)\Dataset\AK\ISIC_0069544.jpg,isic_0069544,0,4b0023ca19621db60d4e6765a7e291f059277dd054740efad22d89acac3afd00,725,1
C:\SRS(ISIC_2019)\Dataset\AK\ISIC_0069869.jpg,isic_0069869,0,908c4be7b0adfae8207a39aa4be74fef8a5d0eb3adeaa57e4d234c892f5c687a,739,1
C:\SRS(ISIC_2019)\Dataset\AK\ISIC_0069917.jpg,isic_0069917,0,6ea1b86c370b3850145c63db1673d1f1dfcdf0747c1d7c661bf86f2e80f6cb13,744,1
C:\SRS(ISIC_2019)\Dataset\AK\ISIC_0069939.jpg,isic_0069939,0,395302986f64fe0dd27a2578d9a4db76844f435f82e4abac815c6a74b141e425,748,1
C:\SRS(ISIC_2019)\Dataset\AK\ISIC_0070116.jpg,isic_0070116,0,1b8620c3902360e06312da1e7da72f4d8fe56b23140558dcbf98ac64dc8ab668,753,1
C:\SRS(ISIC_2019)\Dataset\AK\ISIC_0070143.jpg,isic_0070143,0,d302f0e700a75f488762e98c6b763d545bcc44effe42f8350da17499fe4f673e,754,1
C:\SRS(ISIC_2019)\Dataset\AK\ISIC_0070200.jpg,isic_0070200,0,69af7eb7c0c57da0932cf35016e9a9918d46b27a2927e8c83ade1686076d8d63,758,1
C:\SRS(ISIC_2019)\Dataset\AK\ISIC_0070232.jpg,isic_0070232,0,331ae560a3dbfb7bb19276cfc16499f5c6e817de827684162d9d1ca497a18fde,759,1
C:\SRS(ISIC_2019)\Dataset\AK\ISIC_0070243.jpg,isic_0070243,0,0bfed4094a9c0853ead7cce182fd148f5006537991c4b4c87e6b575ffa7de26b,760,1
C:\SRS(ISIC_2019)\Dataset\AK\ISIC_0070379.jpg,isic_0070379,0,4fb0ffed3934442608b82f6f13eecc1a30212bedec08c9dda26888a1931eaf7d,768,1
C:\SRS(ISIC_2019)\Dataset\AK\ISIC_0070499.jpg,isic_0070499,0,d2a5a3dce311a62872a26e823adc4040ee27d9ba823ac439485d28e9f9749003,772,1
C:\SRS(ISIC_2019)\Dataset\AK\ISIC_0070643.jpg,isic_0070643,0,a4829f8193394295c6f6db11a53096a4a3b33a8d9bb8d258a0563195cc6b3f1d,777,1
C:\SRS(ISIC_2019)\Dataset\AK\ISIC_0070650.jpg,isic_0070650,0,d1902df8f4e5909f28e47e185e0e188cc8a8d385b105163c675ec24ce4b6072c,778,1
C:\SRS(ISIC_2019)\Dataset\AK\ISIC_0070877.jpg,isic_0070877,0,e73eb95c72e2c002d9986726443dbbd8b9dc26d9131025a4f7c0103fb0174f4d,783,1
C:\SRS(ISIC_2019)\Dataset\AK\ISIC_0070999.jpg,isic_0070999,0,5bd14ca6a8199bcf3483c824fd2a6d5de6c604696323843189dcb4bc16796416,788,1
C:\SRS(ISIC_2019)\Dataset\AK\ISIC_0071015.jpg,isic_0071015,0,ae91d6769c09451000cd3ac53cc27ac26d20712cced6ba9269988574e7d6e30b,790,1
C:\SRS(ISIC_2019)\Dataset\AK\ISIC_0071186.jpg,isic_0071186,0,758852057d2dd98cd2bf9af5fb8cefa3cf7cbed84107201784cbfd26f4630aba,795,1
C:\SRS(ISIC_2019)\Dataset\AK\ISIC_0071320.jpg,isic_0071320,0,74fe297de40fc613670a9dab555f12572deeced8fea2941b1e37251792849ec5,799,1
C:\SRS(ISIC_2019)\Dataset\AK\ISIC_0071444.jpg,isic_0071444,0,72e5dae65774cdf5349e556dade0719ae082527ab4b4d3c13f4c3035c23ba14c,804,1
C:\SRS(ISIC_2019)\Dataset\AK\ISIC_0071535.jpg,isic_0071535,0,965bd849374f0bc1f25996606444daecb2628c9b8ff5d344c7f7e350f2cc8086,809,1
C:\SRS(ISIC_2019)\Dataset\AK\ISIC_0071609.jpg,isic_0071609,0,f41388bcd4fd5bc9961b4be6af28a5b8e7bf6f6448d84a691486e6c14e2b1e9b,812,1
C:\SRS(ISIC_2019)\Dataset\AK\ISIC_0071711.jpg,isic_0071711,0,4a5c7b1838453ebc514558e05d967e3d8efbc3b955f739516096deb55747543e,817,1
C:\SRS(ISIC_2019)\Dataset\AK\ISIC_0071762.jpg,isic_0071762,0,0fd69a3f87afec5bb8d66acd745406620aaa5f7477783746fe67f8d0b1ce824b,818,1
C:\SRS(ISIC_2019)\Dataset\AK\ISIC_0071953.jpg,isic_0071953,0,d02d8c129fbf3f07b3b36beaf386136c402ac07816e5e7a6a8af92b18d95c3e9,825,1
C:\SRS(ISIC_2019)\Dataset\AK\ISIC_0072107.jpg,isic_0072107,0,5042efef1a3ffd14b0a615618342f4cc39aec11da40a15ceffbad8308724859e,830,1
C:\SRS(ISIC_2019)\Dataset\AK\ISIC_0072265.jpg,isic_0072265,0,420c31093461457a4cc61fc7bd30c3d4b89dbb165e4ca49e7b61181a3b2317f3,835,1
C:\SRS(ISIC_2019)\Dataset\AK\ISIC_0072364.jpg,isic_0072364,0,690e4c0f09f6e9eaea498525ad6fb9d14c8b1b5e14ef5642cc9d303922e96aad,838,1
C:\SRS(ISIC_2019)\Dataset\AK\ISIC_0072514.jpg,isic_0072514,0,b8a2bd4f19a6b8b18caf05ba9fdc25ca61b66545805d55e3ba59707159283d6d,839,1
C:\SRS(ISIC_2019)\Dataset\AK\ISIC_0072572.jpg,isic_0072572,0,11e7c6425092a097753b2011e27c29a5c1245a45d2574458803607444eb26918,840,1
C:\SRS(ISIC_2019)\Dataset\AK\ISIC_0072861.jpg,isic_0072861,0,f91292b52eb730a095ed7a74e39d88c73f2519b576b06273a9f9fa4a04b249ae,853,1
C:\SRS(ISIC_2019)\Dataset\AK\ISIC_0073153.jpg,isic_0073153,0,2f83d2a2dae350291bae1f4f4bcb274b4886a549bf92ef29c27e31187a649a47,862,1
C:\SRS(ISIC_2019)\Dataset\BCC\ISIC_0024345.jpg,isic_0024345,1,6e8c26a36fb8cde1f08af6dbee35a6d8523eb8163f0470be3a65ef9796b31340,869,1
C:\SRS(ISIC_2019)\Dataset\BCC\ISIC_0024360.jpg,isic_0024360,1,fcea3449ef8df638e5974a9df58624b6572d7c090aae702c0807b62e4a507e85,870,1
C:\SRS(ISIC_2019)\Dataset\BCC\ISIC_0024431.jpg,isic_0024431,1,7e30576b0ee4f0c5e8bfba0f5cce8fd604af5ef1440a8f40d9bf8d30db1b7896,873,1
C:\SRS(ISIC_2019)\Dataset\BCC\ISIC_0024443.jpg,isic_0024443,1,a4e8b0b9b8976b7cb7c3c20c0a13cac56f6a6c0102a746c74d020d4d619c1ae9,876,1
C:\SRS(ISIC_2019)\Dataset\BCC\ISIC_0024448.jpg,isic_0024448,1,1cfddc53b2f47ee79e2c0671731dc4c85760b87b03390b9f4a2f39e7b2a7c20b,877,1
C:\SRS(ISIC_2019)\Dataset\BCC\ISIC_0024472.jpg,isic_0024472,1,9585eedfa922115bffbff5f50a94006fb3ddef90308a9a9b01cfd711a013c92f,882,1
C:\SRS(ISIC_2019)\Dataset\BCC\ISIC_0024504.jpg,isic_0024504,1,1dae8e276057edee1397e57f24e1542c11b261bbbfa2cb66e669bfc14cf3b650,883,1
C:\SRS(ISIC_2019)\Dataset\BCC\ISIC_0024515.jpg,isic_0024515,1,7717a84f4a49f8ddbf8d5d38fe6033aaf1244451973051c8cbd86a2b4be5329b,884,1
C:\SRS(ISIC_2019)\Dataset\BCC\ISIC_0024673.jpg,isic_0024673,1,18d8032ed7a641a30451a8ba58d680c544477f52f5e4b8ec5f2b26045a103848,896,1
C:\SRS(ISIC_2019)\Dataset\BCC\ISIC_0024984.jpg,isic_0024984,1,762e1f4904087bbffb4e16c199a03f33e9006985369c79be096e0913138fa881,908,1
C:\SRS(ISIC_2019)\Dataset\BCC\ISIC_0025285.jpg,isic_0025285,1,18162180cae15141f1b2c1fdaefaa6150480e6b9efcdeda21b17ec5604a6f073,916,1
C:\SRS(ISIC_2019)\Dataset\BCC\ISIC_0025301.jpg,isic_0025301,1,2914951e73ff8be91d79fb6ae95280d4bc98726941b953537611c1d2369e378d,918,1
C:\SRS(ISIC_2019)\Dataset\BCC\ISIC_0025322.jpg,isic_0025322,1,baefa127366c453527a28699b9c0fcdf9e80515726cfad21c17a7eb69b792415,919,1
C:\SRS(ISIC_2019)\Dataset\BCC\ISIC_0025644.jpg,isic_0025644,1,7f6d94e67535a4636dd6cb83bcd6971bfcd74caf190e039a4d48805578bda2a9,936,1
C:\SRS(ISIC_2019)\Dataset\BCC\ISIC_0025691.jpg,isic_0025691,1,99dcc50c54cc15dac96d3cb037efa434f776479078a08a8bed3dcf98c8fa9f69,938,1
C:\SRS(ISIC_2019)\Dataset\BCC\ISIC_0025700.jpg,isic_0025700,1,21ff27182443927cf0fa90badb6be2c3b2d96a6ab1c92cd5c117a71c9b6d79c5,939,1
C:\SRS(ISIC_2019)\Dataset\BCC\ISIC_0025818.jpg,isic_0025818,1,b8cc6442862d7f1d55978c4100e25beb21ff8566594d51385a824e5eb3a3dc2b,945,1
C:\SRS(ISIC_2019)\Dataset\BCC\ISIC_0025826.jpg,isic_0025826,1,939b444d737304a9faed3c237bef7f68ac11cb3b61d3b38ed530cb327b900124,947,1
C:\SRS(ISIC_2019)\Dataset\BCC\ISIC_0025971.jpg,isic_0025971,1,9adc72a6118d3d4df432dd7e6d1331f036bf42ed296eedfbb42bbe55ed633b7c,950,1
C:\SRS(ISIC_2019)\Dataset\BCC\ISIC_0026496.jpg,isic_0026496,1,80f7f76da78739f1e21479f251e811bb86583a1d69776c94b99bf62c334e60a0,975,1
C:\SRS(ISIC_2019)\Dataset\BCC\ISIC_0026574.jpg,isic_0026574,1,d6ad05047aad0d5cc386beae34ac7ac514ff7a205b628abc40865871a23f0792,977,1
C:\SRS(ISIC_2019)\Dataset\BCC\ISIC_0026760.jpg,isic_0026760,1,d2a5c329f94cd970d6018fd377a332b03a2fdf534d01d6dfebd3b135c39ad0a7,984,1
C:\SRS(ISIC_2019)\Dataset\BCC\ISIC_0026798.jpg,isic_0026798,1,12fd77e2b947b87b75e3e89f90490e1319d0ccc6fb095aafa1769e73b898e80a,986,1
C:\SRS(ISIC_2019)\Dataset\BCC\ISIC_0026970.jpg,isic_0026970,1,b00d12eb907ddb59b488841d3c1085c83426022ca209c560738802f0ee41fe7f,997,1
C:\SRS(ISIC_2019)\Dataset\BCC\ISIC_0027046.jpg,isic_0027046,1,e910c4797edc151fbaa40a0d8c53e7cca28da1c48d3aa022a50861cf028b6bba,1003,1
C:\SRS(ISIC_2019)\Dataset\BCC\ISIC_0027175.jpg,isic_0027175,1,f42e4f54aaa7605dd9d1a550eca8f4a5088d6f3b1b25ea4520c8dcc9cefcd448,1012,1
C:\SRS(ISIC_2019)\Dataset\BCC\ISIC_0027544.jpg,isic_0027544,1,3bec9101274d970b35aaaa44b847f1b553a443355ffb64198656fc81a4a0a65b,1028,1
C:\SRS(ISIC_2019)\Dataset\BCC\ISIC_0027595.jpg,isic_0027595,1,e12c928246b2b685e4498f0e520049640e6d419d22671750b003668cc029edde,1031,1
C:\SRS(ISIC_2019)\Dataset\BCC\ISIC_0027744.jpg,isic_0027744,1,1cf2d1f422e7f5ca91148c4ac36e5a4c01922e28887b57b0f4a4666ebb785113,1040,1
C:\SRS(ISIC_2019)\Dataset\BCC\ISIC_0027786.jpg,isic_0027786,1,378b9771fbf20dc46f4b5ae6af9da290015511b90a863ba006eaa793a057c61f,1043,1
C:\SRS(ISIC_2019)\Dataset\BCC\ISIC_0027814.jpg,isic_0027814,1,8b79e99eeb235e939efc4b050305a077864323d2d985cf4457841aaff28fe679,1045,1
C:\SRS(ISIC_2019)\Dataset\BCC\ISIC_0027920.jpg,isic_0027920,1,631f3dafda7eb00778bf51e941e47f41a14dd4068b81115effebad963b74d3f5,1053,1
C:\SRS(ISIC_2019)\Dataset\BCC\ISIC_0028085.jpg,isic_0028085,1,6508d988bb7f53318bef87441c7f51412b65f1b15f563da0f67f9cdd67507eb1,1062,1
C:\SRS(ISIC_2019)\Dataset\BCC\ISIC_0028095.jpg,isic_0028095,1,1f245b544124f5cf7ff5514ceba76313ed0abfbbebe3e071cc2e0dd968a334a6,1063,1
C:\SRS(ISIC_2019)\Dataset\BCC\ISIC_0028113.jpg,isic_0028113,1,19560416d93c1b7b0c1d3c20b86eca0185b72ee28c327c2f9d8780e7889c1620,1066,1
C:\SRS(ISIC_2019)\Dataset\BCC\ISIC_0028155.jpg,isic_0028155,1,3e645c4f5f258e102e9f7202476881de5b6a3aae99a7caae405df24f44e167f2,1069,1
C:\SRS(ISIC_2019)\Dataset\BCC\ISIC_0028197.jpg,isic_0028197,1,c3b99739daa8d54a76a16320bfa328600a63d28137e64423c412ba0e3c1297b1,1071,1
C:\SRS(ISIC_2019)\Dataset\BCC\ISIC_0028542.jpg,isic_0028542,1,cb07f9b130bc64ea24a216aad2ea284e4f5ac250762c46d077f4cd1b5fa37453,1083,1
C:\SRS(ISIC_2019)\Dataset\BCC\ISIC_0028670.jpg,isic_0028670,1,7be5fbe8c1809c1c79099ba52286878d328e5103265c810a01eeb7883528c9a5,1091,1
C:\SRS(ISIC_2019)\Dataset\BCC\ISIC_0028671.jpg,isic_0028671,1,8836074c970bbc81aa0a65cbb34d872b2b77fb15ba83837df08824490365d036,1092,1
C:\SRS(ISIC_2019)\Dataset\BCC\ISIC_0028687.jpg,isic_0028687,1,5362bbae2c762adb0698e6e698c432a8c58f796168a9c8c9cc9182100f573aa8,1094,1
C:\SRS(ISIC_2019)\Dataset\BCC\ISIC_0028688.jpg,isic_0028688,1,ac9ee8d4679bd60fc1990f4ffc7d3fa380dbc11c921affc11b249df3c9b8d098,1095,1
C:\SRS(ISIC_2019)\Dataset\BCC\ISIC_0028693.jpg,isic_0028693,1,79f515968da9d8ceac534d57dfa1c6f686486e3247c7b10851530987a306b365,1096,1
C:\SRS(ISIC_2019)\Dataset\BCC\ISIC_0028765.jpg,isic_0028765,1,5d19d1f99743a807ef533dfb581a97d2a2fd44f8b4018c5ac1fbdbd04a6d144d,1101,1
C:\SRS(ISIC_2019)\Dataset\BCC\ISIC_0028937.jpg,isic_0028937,1,592553305b15f913748e3467ff381d2794f215c590e96f58f426ccf35e29547f,1111,1
C:\SRS(ISIC_2019)\Dataset\BCC\ISIC_0029034.jpg,isic_0029034,1,6e732a770610f507c1a70c56ba099f031d8e2fb45e4a57a449704312114edfa7,1119,1
C:\SRS(ISIC_2019)\Dataset\BCC\ISIC_0029230.jpg,isic_0029230,1,93e22c68930f99aefa642d5a84d7e4d188631a8fd08afb77fdb5b3fef1f2c6b1,1130,1
C:\SRS(ISIC_2019)\Dataset\BCC\ISIC_0029323.jpg,isic_0029323,1,76f1fa2d7738a6f9246b1e354e2eea9aabd4577b437d04de89adc6142d615120,1133,1
C:\SRS(ISIC_2019)\Dataset\BCC\ISIC_0029391.jpg,isic_0029391,1,037a4178b2c491291f01f6dc27af6abec331a2796210b81dc536fade2982daa6,1140,1
C:\SRS(ISIC_2019)\Dataset\BCC\ISIC_0029539.jpg,isic_0029539,1,bba8211aefacbbc6c1d7fef6262bdcb4b7c674fc318be714c94bba6c723a1b5d,1148,1
C:\SRS(ISIC_2019)\Dataset\BCC\ISIC_0029546.jpg,isic_0029546,1,b002048792e48e72b5ff6d4fcb64aee1af4bce3f40aeaeb6f9b92dc48bfe9e78,1150,1
C:\SRS(ISIC_2019)\Dataset\BCC\ISIC_0029564.jpg,isic_0029564,1,d10e4fe60e7b88ec187c3f2007d4856444977f19989d1ba5a2b8d16df3b37f56,1151,1
C:\SRS(ISIC_2019)\Dataset\BCC\ISIC_0029917.jpg,isic_0029917,1,d8f40b8c6384a5c4f4031fa74d2368bd7427c56865014d3b6533d573dd5a2915,1169,1
C:\SRS(ISIC_2019)\Dataset\BCC\ISIC_0029919.jpg,isic_0029919,1,ea3df780a9d6c5078bed14c6b27cb830daf899cf928c722b50f2575cc186417f,1170,1
C:\SRS(ISIC_2019)\Dataset\BCC\ISIC_0029951.jpg,isic_0029951,1,44b586f6b4221c4b68682b95049e36e883227d1e893beeeed0f5e647dff9aa45,1171,1
C:\SRS(ISIC_2019)\Dataset\BCC\ISIC_0030197.jpg,isic_0030197,1,3d5f3baf224332148fa304fe462f39d5c4d975739c80afb8486b07da84baee35,1181,1
C:\SRS(ISIC_2019)\Dataset\BCC\ISIC_0030349.jpg,isic_0030349,1,22cdbd4c60916d8bc13979b1505605ff4935492534461cbcad04b8db614bf7b6,1190,1
C:\SRS(ISIC_2019)\Dataset\BCC\ISIC_0030452.jpg,isic_0030452,1,b0f4f087dc1d251f08b697f077b8259e43dc0abd72f3c8feb39de76752e49958,1194,1
C:\SRS(ISIC_2019)\Dataset\BCC\ISIC_0030528.jpg,isic_0030528,1,8a3fe43a008caf871103b7f6d23c934f20b6bf478301edbcd478873fb2a22e18,1198,1
C:\SRS(ISIC_2019)\Dataset\BCC\ISIC_0030644.jpg,isic_0030644,1,62d65ae5b46b81bf3b5571f93e945609e184e7b99d9e42c968b5901277eb966b,1201,1
C:\SRS(ISIC_2019)\Dataset\BCC\ISIC_0030687.jpg,isic_0030687,1,62dafa15f7b9fc7b3b7dab66e81e1c7872073857aff40281c01d77d9b76c282f,1203,1
C:\SRS(ISIC_2019)\Dataset\BCC\ISIC_0030868.jpg,isic_0030868,1,bde5ace1cad101651732e5156b94b62c7353ab0ca5a1c11522684548c825a257,1215,1
C:\SRS(ISIC_2019)\Dataset\BCC\ISIC_0031007.jpg,isic_0031007,1,72b9d63ba46ad359f010d47d1a0345fb8f342c99509a85bfe795fa35051b7b6c,1220,1
C:\SRS(ISIC_2019)\Dataset\BCC\ISIC_0031056.jpg,isic_0031056,1,c3a1b8324707980119b531333c53e43a18fea60bf216721c53e30a919c85ec40,1224,1
C:\SRS(ISIC_2019)\Dataset\BCC\ISIC_0031057.jpg,isic_0031057,1,701204741a1f390eeb2a1edf560ee94d9f0fa99107deec67f0b793b437f46dd0,1225,1
C:\SRS(ISIC_2019)\Dataset\BCC\ISIC_0031062.jpg,isic_0031062,1,28b464f236432423edc64b3cc3c95715dc15192790a59a17830ab076d9e1e473,1226,1
C:\SRS(ISIC_2019)\Dataset\BCC\ISIC_0031166.jpg,isic_0031166,1,5b908e00762b2f96e51f4a59cd9590b76b3099dd9a09b3a4642d988d82a2d2a1,1232,1
C:\SRS(ISIC_2019)\Dataset\BCC\ISIC_0031225.jpg,isic_0031225,1,93a6725cffc1a36b8e1e3465571fd40d099109e965962a34302fc6b5c6b825c1,1236,1
C:\SRS(ISIC_2019)\Dataset\BCC\ISIC_0031266.jpg,isic_0031266,1,9525960e89109e1c2f85c188e84dd5295bbbce3994aed01a7c81d6337c62b6ca,1242,1
C:\SRS(ISIC_2019)\Dataset\BCC\ISIC_0031520.jpg,isic_0031520,1,00929b0c7f1dbc486d5d6c00decd700e08ef4f69ef16328212e1fbc5b1a7ad76,1259,1
C:\SRS(ISIC_2019)\Dataset\BCC\ISIC_0031539.jpg,isic_0031539,1,ac2d7bc1ff6b2eac0e19393e0192b281b119134863b0b4768973042d7b604cb7,1263,1
C:\SRS(ISIC_2019)\Dataset\BCC\ISIC_0031585.jpg,isic_0031585,1,05f68789f4680388e9e9a66b5050ce01c6406a636155211d898cf3c37680294c,1266,1
C:\SRS(ISIC_2019)\Dataset\BCC\ISIC_0031597.jpg,isic_0031597,1,7dfd58b6c37fa292dc94d2b3dac66dc07574459dad8c746fc890414c95233cca,1267,1
C:\SRS(ISIC_2019)\Dataset\BCC\ISIC_0031712.jpg,isic_0031712,1,46f85229f891b78ca0ae499bdd40a6ee2ea8916fb8ad5b83121ec5626edbbdea,1274,1
C:\SRS(ISIC_2019)\Dataset\BCC\ISIC_0031836.jpg,isic_0031836,1,f73be23a3d457bf8c3424089af77f2f67ec9a33edc553a92c84ea46d73bd2f89,1281,1
C:\SRS(ISIC_2019)\Dataset\BCC\ISIC_0032030.jpg,isic_0032030,1,e3cf986c8780993d186dc4dea298e95b0ef7b4560ec617c7069dfe9fa8ffc421,1288,1
C:\SRS(ISIC_2019)\Dataset\BCC\ISIC_0032132.jpg,isic_0032132,1,678816c37388464801cf90751d1dac2e96df1ff1253d1cc57b1e517546d15959,1291,1
C:\SRS(ISIC_2019)\Dataset\BCC\ISIC_0032146.jpg,isic_0032146,1,0d5821c74926272239a03c8fb4c29ba57a425a359dbd258a9951d5d9d21aa2e1,1293,1
C:\SRS(ISIC_2019)\Dataset\BCC\ISIC_0032185.jpg,isic_0032185,1,f85806b8841ef8c5ddfcd1713c7def64a73586944536f54feee702235d7b41a5,1296,1
C:\SRS(ISIC_2019)\Dataset\BCC\ISIC_0032414.jpg,isic_0032414,1,41b907e77d734727ccdd42f616d1ce7fabd182b642a631987c2edb8ace555c24,1308,1
C:\SRS(ISIC_2019)\Dataset\BCC\ISIC_0032429.jpg,isic_0032429,1,c8bc1a83b2b3540d926cd2a5238e65eae030ab8eec6e32a8fdc5cdc04960b8df,1310,1
C:\SRS(ISIC_2019)\Dataset\BCC\ISIC_0032857.jpg,isic_0032857,1,bf989df47fb331492292b61af339576c34d0376edfccb9f239cca33eb35af8d1,1329,1
C:\SRS(ISIC_2019)\Dataset\BCC\ISIC_0033205.jpg,isic_0033205,1,5ce296c6e86667add3992a9ecc5767342447a18bed0cb6d7cabb5058f2f46ef2,1341,1
C:\SRS(ISIC_2019)\Dataset\BCC\ISIC_0033257.jpg,isic_0033257,1,1772c29a7cc3e0dc126e1da0970718778f37b84a2e9f6c504d2da7b59ed02969,1344,1
C:\SRS(ISIC_2019)\Dataset\BCC\ISIC_0033504.jpg,isic_0033504,1,f815dc8c5a163c81f5a0ac42f30610eb77201cd87c209f1a791a45e1511a894e,1353,1
C:\SRS(ISIC_2019)\Dataset\BCC\ISIC_0033609.jpg,isic_0033609,1,c0080326722d5076d577b10b9b5329dfb8246104f94b582d8cfcf36442f507c1,1358,1
C:\SRS(ISIC_2019)\Dataset\BCC\ISIC_0033720.jpg,isic_0033720,1,5e1269b7aeb207554ba63ce90f86f2d2c9e2265fe3ae9b4635857a43866e78f5,1360,1
C:\SRS(ISIC_2019)\Dataset\BCC\ISIC_0034123.jpg,isic_0034123,1,79366a980f05047a5d78298c7ece3c715f299c4141682a65f884da5a4b947936,1371,1
C:\SRS(ISIC_2019)\Dataset\BCC\ISIC_0053543.jpg,isic_0053543,1,1e44d691b45a80d1dabeb3c0a790963110c1713b9f142010f495f70105ce9e7a,1395,1
C:\SRS(ISIC_2019)\Dataset\BCC\ISIC_0053559.jpg,isic_0053559,1,5e68d09df91594eb82499f998d4847cd70cc467bfd936aa37168580b708dbae4,1400,1
C:\SRS(ISIC_2019)\Dataset\BCC\ISIC_0053672.jpg,isic_0053672,1,d87d74c0c6653ea41c95d30d3f7c8dda0eaa2701048ed4b18d0046a17e8f38d9,1411,1
C:\SRS(ISIC_2019)\Dataset\BCC\ISIC_0053731.jpg,isic_0053731,1,40f94c5f910b1ec5e94686159f4ec182297ff2a159c67cdd5df5b049f50c969e,1418,1
C:\SRS(ISIC_2019)\Dataset\BCC\ISIC_0053757.jpg,isic_0053757,1,4ef644abeeb9b0ff4dbd9ce97c834bb00f6518d8a91389bd694ac09ae4d8ce1e,1422,1
C:\SRS(ISIC_2019)\Dataset\BCC\ISIC_0053771.jpg,isic_0053771,1,b8d5a36b9db3efaa965079065c906aea3af3de254fb1ac75145f5fd48031cf7c,1425,1
C:\SRS(ISIC_2019)\Dataset\BCC\ISIC_0053885.jpg,isic_0053885,1,cfc50fbbfa1a4f49e2544c6afe71bd9572e2595f0af70ed7043756a5d7d77629,1439,1
C:\SRS(ISIC_2019)\Dataset\BCC\ISIC_0054088.jpg,isic_0054088,1,d09fefb31c3d7a909aeb06e529a6e4c50f3a6a6e1b523145627abcdfcaf23c46,1460,1
C:\SRS(ISIC_2019)\Dataset\BCC\ISIC_0054113.jpg,isic_0054113,1,243f7285d969cb5f05ed9684ee96580393a049b885ed8479da987cbab24012b8,3763,1
C:\SRS(ISIC_2019)\Dataset\BCC\ISIC_0054116.jpg,isic_0054116,1,17fcf224b42e46e0f53b71fdc1c822aba322abc857f06db6f35784f554c4ebb0,1462,1
C:\SRS(ISIC_2019)\Dataset\BCC\ISIC_0054133.jpg,isic_0054133,1,923bc56a3c2abc106bdfac772ba6cda9c59d5f4477d7a1e5cbd5e9f1391e4adc,1466,1
C:\SRS(ISIC_2019)\Dataset\BCC\ISIC_0054161.jpg,isic_0054161,1,b944634f51bca3f06aad986d0dd72f9cd3353cbac0889a24a02ebfc0ddc18aa8,1472,1
C:\SRS(ISIC_2019)\Dataset\BCC\ISIC_0054295.jpg,isic_0054295,1,f7342a62ff4fd6e075961008343511e7607d6f2cb36303506d2e66204cfaa928,1487,1
C:\SRS(ISIC_2019)\Dataset\BCC\ISIC_0054316.jpg,isic_0054316,1,b4549416e84c0c9e00418674c48bcf966468388e800d59b31b4de7f9da18ca2b,1490,1
C:\SRS(ISIC_2019)\Dataset\BCC\ISIC_0054347.jpg,isic_0054347,1,d80e07ce7fde268e59b31ce47c509f7e46591dbd3e3a5b5b44aeb6fbed9dbc4d,1498,1
C:\SRS(ISIC_2019)\Dataset\BCC\ISIC_0054365.jpg,isic_0054365,1,39e7aff53b6b221c35ef5bf707b69aa301235599816c483ba0dfcdb14a4054d1,1501,1
C:\SRS(ISIC_2019)\Dataset\BCC\ISIC_0054402.jpg,isic_0054402,1,2191c97a3f6046b9940455fe0fe05ba840488f8737ad38c8e981e4acf70f63e1,1505,1
C:\SRS(ISIC_2019)\Dataset\BCC\ISIC_0054436.jpg,isic_0054436,1,b914b1c280632461e1eeb6dd3104c0d9d0b7ac93feffc9348e37b5b27df81cef,1508,1
C:\SRS(ISIC_2019)\Dataset\BCC\ISIC_0054448.jpg,isic_0054448,1,bfcdbc4fada21e87c1a0708598f073c2ae3e5612fc4d35aedbbb3ee269a2b6b9,1511,1
C:\SRS(ISIC_2019)\Dataset\BCC\ISIC_0054481.jpg,isic_0054481,1,36f0625a57412397e1c7ff6bf4f90518a6bbce7bcfeeb84122c9c3351382d730,1517,1
C:\SRS(ISIC_2019)\Dataset\BCC\ISIC_0054552.jpg,isic_0054552,1,fd97570ddd68c9ace400c366dee8ae7c4d2e0f58a903217470807c0c640093eb,1526,1
C:\SRS(ISIC_2019)\Dataset\BCC\ISIC_0054623.jpg,isic_0054623,1,6ab91a8687b8aca89d8ca5d1c77be72ea83d507bc33f72d4789cad328e8e1861,1540,1
C:\SRS(ISIC_2019)\Dataset\BCC\ISIC_0054684.jpg,isic_0054684,1,59e4764293e756f0f4f3342b54fc83cb9bee6c8031619eabd4c9dab94c63d3be,1550,1
C:\SRS(ISIC_2019)\Dataset\BCC\ISIC_0054764.jpg,isic_0054764,1,2b40865b59869f0d3e8e0e06081e90d518521e8aba7adde3658d75b85ddc2aa9,1559,1
C:\SRS(ISIC_2019)\Dataset\BCC\ISIC_0054771.jpg,isic_0054771,1,a01cf5931003c4bb1b4c94ce48c46fe382e7c91a5ff2c3e96c72c240467673a5,1560,1
C:\SRS(ISIC_2019)\Dataset\BCC\ISIC_0054843.jpg,isic_0054843,1,8c4f99e86b886be10186296cad4791a21e294d3d8858fa84b9af7f8c2a57ca45,1571,1
C:\SRS(ISIC_2019)\Dataset\BCC\ISIC_0054845.jpg,isic_0054845,1,9d4bdc9be21203a31235bc99a7e1b31ccb4529d09bff142f4791cd94074b214d,1572,1
C:\SRS(ISIC_2019)\Dataset\BCC\ISIC_0054849.jpg,isic_0054849,1,87d4e5fd8cb0dd9e4ca0fff9715d8f852e9e744416255a6a76279bb04229f8df,1573,1
C:\SRS(ISIC_2019)\Dataset\BCC\ISIC_0054960.jpg,isic_0054960,1,1531765883014013d7a8a85da7decb087b4e8833d717bedf865b77675e74c07e,1587,1
C:\SRS(ISIC_2019)\Dataset\BCC\ISIC_0054985.jpg,isic_0054985,1,bc1eda34e7ae6c3faa6606dd124f7dba4c04aca819cf1890ad064c0004447b03,1592,1
C:\SRS(ISIC_2019)\Dataset\BCC\ISIC_0055014.jpg,isic_0055014,1,379b4d22907ecb45a0c79acc60d29c456f4376c41c6f9f7cc6e6d8957b8f9f53,1597,1
C:\SRS(ISIC_2019)\Dataset\BCC\ISIC_0055038.jpg,isic_0055038,1,ae7dcfe3d83dcd3fb375ba88a04bd706d07e3b8b1f2d75fc3473490fc3b37e5a,1600,1
C:\SRS(ISIC_2019)\Dataset\BCC\ISIC_0055068.jpg,isic_0055068,1,8b89fb5a8bf6e7978988e8d7ac3005cc06bef6bef33b6ebe24a57aaf49721e45,1606,1
C:\SRS(ISIC_2019)\Dataset\BCC\ISIC_0055089.jpg,isic_0055089,1,e07532f677c2605b8286424f13c02711ba91f751a04c2fd52ab0bc0f9b9d79ee,1608,1
C:\SRS(ISIC_2019)\Dataset\BCC\ISIC_0055096.jpg,isic_0055096,1,2fba2d8f77c8796f8aa7cfdeba5d501689ba360c449efe3e9da85f55debad8e4,1609,1
C:\SRS(ISIC_2019)\Dataset\BCC\ISIC_0055109.jpg,isic_0055109,1,2c8c751a38db7b200d1b6396d4195c09a64c28bccf576729a60eed4cac4d57b4,1612,1
C:\SRS(ISIC_2019)\Dataset\BCC\ISIC_0055111.jpg,isic_0055111,1,1e3c7ebd239dd2470424752e8d71d9b819bd67c3b0d06a2ef32ead47699b07e1,1613,1
C:\SRS(ISIC_2019)\Dataset\BCC\ISIC_0055123.jpg,isic_0055123,1,5a8c1c999f62bf92ea854e2df04a844044eb2c6ee3892e1e1d701a97fe1f6b10,1615,1
C:\SRS(ISIC_2019)\Dataset\BCC\ISIC_0055209.jpg,isic_0055209,1,619863f7b8d1ece9cc8a944fe6a14c832fb72a26b90ba2160e6f737aaca34b14,1623,1
C:\SRS(ISIC_2019)\Dataset\BCC\ISIC_0055221.jpg,isic_0055221,1,bb44911f2ea843e1c1cef3eff423689b202577bda91bbfba9f5fba3935358213,1624,1
C:\SRS(ISIC_2019)\Dataset\BCC\ISIC_0055266.jpg,isic_0055266,1,258db3aa41d4c51d3e258b463d0289e37dd6e9086fe678a826c258aebe0f573b,1630,1
C:\SRS(ISIC_2019)\Dataset\BCC\ISIC_0055353.jpg,isic_0055353,1,96c01ca2f3742ec696781451e453ba21e033e8294a814146a2b3c376037838a8,1645,1
C:\SRS(ISIC_2019)\Dataset\BCC\ISIC_0055401.jpg,isic_0055401,1,760f4262fd51df5e35053a73c6baa6e129fbda3188e1edecc383c36f5c3f1fae,1654,1
C:\SRS(ISIC_2019)\Dataset\BCC\ISIC_0055510.jpg,isic_0055510,1,99494e4d639cb23696760b0fbf1b2ef0623964c00b988b2a7b6888a214a12884,1666,1
C:\SRS(ISIC_2019)\Dataset\BCC\ISIC_0055663.jpg,isic_0055663,1,95cb9754cf5ffbd755c365fc72380c4280b87ceb70d1c8812f1c11ca953abc48,1681,1
C:\SRS(ISIC_2019)\Dataset\BCC\ISIC_0055706.jpg,isic_0055706,1,deaa678161ad8f06ce7dc0f00b287a4fac17e9ec4c04b05ee6eb45c12c17f530,1688,1
C:\SRS(ISIC_2019)\Dataset\BCC\ISIC_0055779.jpg,isic_0055779,1,5e299c90268386fbfb67e307d46e21deb34fcf7a1e41c0541af3d869eb119e3b,1708,1
C:\SRS(ISIC_2019)\Dataset\BCC\ISIC_0055814.jpg,isic_0055814,1,dc810018ba40f806f9365ef211d20d579238b3bf32ca08685f5c1af04384f418,1713,1
C:\SRS(ISIC_2019)\Dataset\BCC\ISIC_0055836.jpg,isic_0055836,1,f003d2a2a0448bc013dde513db3095c652927d8f5db5a33be703a8dbc856cea9,1714,1
C:\SRS(ISIC_2019)\Dataset\BCC\ISIC_0055850.jpg,isic_0055850,1,adc7af9ce09a32ea4e9968099f3e89bf48f2a78432b63046e87c3878999965e8,1715,1
C:\SRS(ISIC_2019)\Dataset\BCC\ISIC_0055855.jpg,isic_0055855,1,eb8d247ab26059f0117093792b1609b8413dba8eae7b7d0f22a2af836c73d83f,1716,1
C:\SRS(ISIC_2019)\Dataset\BCC\ISIC_0055958.jpg,isic_0055958,1,a64b51978abd2615ec1ea6263dc58a06ae66df00a8bd2f091f5881b7a062749e,1736,1
C:\SRS(ISIC_2019)\Dataset\BCC\ISIC_0055963.jpg,isic_0055963,1,6ca6c4cc69b53000a70b806d6d265f7f29042acc293b2e899ac38a8bb4c9944f,1738,1
C:\SRS(ISIC_2019)\Dataset\BCC\ISIC_0056095.jpg,isic_0056095,1,90cbf52ba64d0ed88e9d44e6f0ad7312042864785c9adef6b602d5f281db2d91,1751,1
C:\SRS(ISIC_2019)\Dataset\BCC\ISIC_0056236.jpg,isic_0056236,1,01233579b957564154580d54f48d7d0bddf888d37f111b95a10a55d773c5f6bc,1775,1
C:\SRS(ISIC_2019)\Dataset\BCC\ISIC_0056251.jpg,isic_0056251,1,508f4e1285000e19192fb00427ee3cbce1a2697d1d836ef56a653daeed7a55f1,1776,1
C:\SRS(ISIC_2019)\Dataset\BCC\ISIC_0056255.jpg,isic_0056255,1,f0f2b71fed9c8262378c81aeed60eabab6108bc3575d662f4a0409fa23c23a1c,1778,1
C:\SRS(ISIC_2019)\Dataset\BCC\ISIC_0056297.jpg,isic_0056297,1,e79deaf78053e407e3a6c3f2c25e32df82863f3705ebb81fc240ac6fba01b9f1,1786,1
C:\SRS(ISIC_2019)\Dataset\BCC\ISIC_0056374.jpg,isic_0056374,1,700b62e92bdb4088551579f7f6ae12f60dc3945c7a837f1f8972beb8849bad37,1793,1
C:\SRS(ISIC_2019)\Dataset\BCC\ISIC_0056379.jpg,isic_0056379,1,895dd70ae96fb82a4e5ef1cb4696566ec2a06c06ca96c62ab89519e6b1b98f4f,1794,1
C:\SRS(ISIC_2019)\Dataset\BCC\ISIC_0056497.jpg,isic_0056497,1,854ca81db6d01757054c70c809106dd6375eb703b78a3945c53f9c0c00a40a34,1802,1
C:\SRS(ISIC_2019)\Dataset\BCC\ISIC_0056510.jpg,isic_0056510,1,2168493ccfb78544ef67d37436d634329a28fedf7f7c3a02e602febe736c06ae,1805,1
C:\SRS(ISIC_2019)\Dataset\BCC\ISIC_0056516.jpg,isic_0056516,1,c86eb9a4f603f0f43c246864cc21158afe99af0cc340511c0b8f5af9354a87bc,1806,1
C:\SRS(ISIC_2019)\Dataset\BCC\ISIC_0056547.jpg,isic_0056547,1,47469e7ef1d7881482be060353cbc74a18de2aac85badc514e0fec6162695e4b,1807,1
C:\SRS(ISIC_2019)\Dataset\BCC\ISIC_0056563.jpg,isic_0056563,1,112ff2d98eba3e1f386f1edd20f4a7794542c6cdf703471f4190953bc4d6b417,1812,1
C:\SRS(ISIC_2019)\Dataset\BCC\ISIC_0056602.jpg,isic_0056602,1,0c5058c99e988ec3cc3c485d38eafe240faff861b53168073cec99a5e1d72e49,1816,1
C:\SRS(ISIC_2019)\Dataset\BCC\ISIC_0056640.jpg,isic_0056640,1,0b142160cdd5a43c6d9c4a207f51d52076b645b4c9f631f23d4a39333e24c02d,1820,1
C:\SRS(ISIC_2019)\Dataset\BCC\ISIC_0056691.jpg,isic_0056691,1,daef4fbfdffbf51315e3f1fcb00a95debab46135fec296616b5d6a119940f11d,1826,1
C:\SRS(ISIC_2019)\Dataset\BCC\ISIC_0056695.jpg,isic_0056695,1,1d5a23d2309096d65fea2e5323f98f477504ced896cf169eb1a273bec0de014b,1827,1
C:\SRS(ISIC_2019)\Dataset\BCC\ISIC_0056824.jpg,isic_0056824,1,a7de383020de43e64614d04b5e0435babb6bf4b0cff2993eb8ee1ee4dd308ac1,1842,1
C:\SRS(ISIC_2019)\Dataset\BCC\ISIC_0056964.jpg,isic_0056964,1,5caa52d70eb5c3b2f2b6ecc974470882edc2e0b14dfcf8d9f93c78a8564b524b,1866,1
C:\SRS(ISIC_2019)\Dataset\BCC\ISIC_0056990.jpg,isic_0056990,1,3f5a50aa58791343f1aa14ab229cf359b9dc52bc3bf0637c2029734f43f93135,1868,1
C:\SRS(ISIC_2019)\Dataset\BCC\ISIC_0056995.jpg,isic_0056995,1,035b5b67a90bd86a6a4518839db0f834b2b08fc33d00fc8998cf03b7bac2777d,1869,1
C:\SRS(ISIC_2019)\Dataset\BCC\ISIC_0057010.jpg,isic_0057010,1,618844958441dc86674adf3396bf9c71b92807f04ad4e307eb45d440f4f58dbd,1870,1
C:\SRS(ISIC_2019)\Dataset\BCC\ISIC_0057056.jpg,isic_0057056,1,30bc6ee8fa0b6a3bb0152f0ef355e38f0117e6d9d1f2ef04e000b4afea1c23b5,1875,1
C:\SRS(ISIC_2019)\Dataset\BCC\ISIC_0057112.jpg,isic_0057112,1,08dd09bee4877be7a463f01ee0934d1d4e523c1894faa2bf90326479d36fef99,1886,1
C:\SRS(ISIC_2019)\Dataset\BCC\ISIC_0057179.jpg,isic_0057179,1,f456e9e55d55c26391d969fd2b4072b3a12164970067b6787e226ae68b3d164a,1894,1
C:\SRS(ISIC_2019)\Dataset\BCC\ISIC_0057190.jpg,isic_0057190,1,f83494f5a6fe4fdeb53d330460538ad7fceb058d2db1a171044f8687f5e7aad3,1896,1
C:\SRS(ISIC_2019)\Dataset\BCC\ISIC_0057237.jpg,isic_0057237,1,b0b8c19d64360e09ec9795db1e94a2ad66f62f92524a16f275cd6c66878b9a70,1901,1
C:\SRS(ISIC_2019)\Dataset\BCC\ISIC_0057333.jpg,isic_0057333,1,399cf687695711163afe8d94f48604925be867d25709d1d15c99ba8c552adb04,1914,1
C:\SRS(ISIC_2019)\Dataset\BCC\ISIC_0057334.jpg,isic_0057334,1,5ca3ed889e1b50211f356cab4724651900c5ec0336d7507cb322d8dc748bfefa,1915,1
C:\SRS(ISIC_2019)\Dataset\BCC\ISIC_0057355.jpg,isic_0057355,1,bd828d2a3f478dbfce244d1db59d211caf55c8d1d7f73c25ab8356e8d6edf53f,1920,1
C:\SRS(ISIC_2019)\Dataset\BCC\ISIC_0057399.jpg,isic_0057399,1,aa2410d8929b2253f9ac635aebfc11d47bc1832febaba29eef721612d308e2be,1927,1
C:\SRS(ISIC_2019)\Dataset\BCC\ISIC_0057400.jpg,isic_0057400,1,a5ca34ba3c31f6f5234aa61917bfb338d1952b4f40de2579db548853885700f2,1928,1
C:\SRS(ISIC_2019)\Dataset\BCC\ISIC_0057409.jpg,isic_0057409,1,a620195a0344febccbc917f7400823192c7fef7ca1c7060ce5031e225d902dcd,1930,1
C:\SRS(ISIC_2019)\Dataset\BCC\ISIC_0057523.jpg,isic_0057523,1,b353806092584b5dbced02659975c98f37d7b00eec0da842e83d88481628c0fb,1945,1
C:\SRS(ISIC_2019)\Dataset\BCC\ISIC_0057572.jpg,isic_0057572,1,c4c033146e7b9d533774b2e6f501c0459e6c08eb17642db28955cd26b3be4448,1951,1
C:\SRS(ISIC_2019)\Dataset\BCC\ISIC_0057574.jpg,isic_0057574,1,acd634ec73cd62d0ad7a1d716a5f4cb27feb07b32bd235a52b093b015a5ef6ea,1952,1
C:\SRS(ISIC_2019)\Dataset\BCC\ISIC_0057587.jpg,isic_0057587,1,0459404bb9a9f49cb1eb9ce5d5318ffeaf341d0299ed7597af30f48b81f59d29,1953,1
C:\SRS(ISIC_2019)\Dataset\BCC\ISIC_0057596.jpg,isic_0057596,1,77a004cfbb20e83daf3240f70ab955ee9cb5309d1987ebcde3d8b2a9241fb8f2,1955,1
C:\SRS(ISIC_2019)\Dataset\BCC\ISIC_0057658.jpg,isic_0057658,1,6859542532af5b110fa13b16daa416e17a855b755f255d594b4a38accf1b8d64,1962,1
C:\SRS(ISIC_2019)\Dataset\BCC\ISIC_0057748.jpg,isic_0057748,1,e74e26007745b578029c515358834f637ad4444009c805b0caff52dab4153e81,1969,1
C:\SRS(ISIC_2019)\Dataset\BCC\ISIC_0057801.jpg,isic_0057801,1,8e4354c9228cba11306518793efc31b9822ec2673c1f89d3796ac8e9de62b38e,1973,1
C:\SRS(ISIC_2019)\Dataset\BCC\ISIC_0057805.jpg,isic_0057805,1,aef9bb728bfd6b5c2dc30f3643326b01f50feb1713dd0e2917bff0957271f811,1975,1
C:\SRS(ISIC_2019)\Dataset\BCC\ISIC_0057820.jpg,isic_0057820,1,e80a04ccdaf5c0f7021f4461f80c749593aa6ed30820d4e3373fa9b62325ec95,1976,1
C:\SRS(ISIC_2019)\Dataset\BCC\ISIC_0057827.jpg,isic_0057827,1,55f9137f12c0449e5f433b42d8bccd1a8955dcb29e2be6ca3c99bd3ff9ee674e,1979,1
C:\SRS(ISIC_2019)\Dataset\BCC\ISIC_0057901.jpg,isic_0057901,1,8a86c12903fe7706f64631ebe8863ffceecd70e58d4c097abd1de9b35b684bb6,1985,1
C:\SRS(ISIC_2019)\Dataset\BCC\ISIC_0057903.jpg,isic_0057903,1,5a2ae3ec6c25f195576182974f70d765001a7e8b91e9e99b99e457b385f31d3f,1987,1
C:\SRS(ISIC_2019)\Dataset\BCC\ISIC_0057942.jpg,isic_0057942,1,0f244384c64a63306eb45dc4de5f67cc93d284644e7cb9ab4ad1c7fbb9c1dac3,1997,1
C:\SRS(ISIC_2019)\Dataset\BCC\ISIC_0057989.jpg,isic_0057989,1,5e51f7de5166c2d2143d94d61cfc39dd3de715d1b0e5162675f1e3a76021c151,2000,1
C:\SRS(ISIC_2019)\Dataset\BCC\ISIC_0058005.jpg,isic_0058005,1,923449b3aa6099d17e54bcf25afa6f0a33176131628c764b69f3213495775288,2002,1
C:\SRS(ISIC_2019)\Dataset\BCC\ISIC_0058006.jpg,isic_0058006,1,d998b1d5e0c3d6ed112d29b0b56790fb055ac8763bd6a5643017cb3a96602d9a,2003,1
C:\SRS(ISIC_2019)\Dataset\BCC\ISIC_0058061.jpg,isic_0058061,1,ab51d9275a222884ae307859dfe11eae1fa0fe9e6024bcdd10018bd7ffbe5bc3,2011,1
C:\SRS(ISIC_2019)\Dataset\BCC\ISIC_0058222.jpg,isic_0058222,1,f4332d844889c47079c3b61bdad2ce2df89f4ab079c43699bf7db4ed13ed21f0,2032,1
C:\SRS(ISIC_2019)\Dataset\BCC\ISIC_0058310.jpg,isic_0058310,1,aee33b762908b53d3e5c691ec0a4dd293c268926aa867b311ff5729aaa403887,2046,1
C:\SRS(ISIC_2019)\Dataset\BCC\ISIC_0058335.jpg,isic_0058335,1,552bbaf22a6c9e3b87c2a41f593a2c7a3b8205e28eaf1f4922629ee9cffa44d5,2047,1
C:\SRS(ISIC_2019)\Dataset\BCC\ISIC_0058349.jpg,isic_0058349,1,30fe4a1cd97d5a59644628732eb722443f13dae5ea9be5bfa9ef452ec2335584,2052,1
C:\SRS(ISIC_2019)\Dataset\BCC\ISIC_0058420.jpg,isic_0058420,1,1f51cfe86ffac867403ddc6fb43ca777d97712018fa40cbe7b4f2d70e3f7339b,2062,1
C:\SRS(ISIC_2019)\Dataset\BCC\ISIC_0058466.jpg,isic_0058466,1,1338678aef5dfcdb59fa40cdf217f7c1dd27b2cde804d66bcbc048577b536743,2066,1
C:\SRS(ISIC_2019)\Dataset\BCC\ISIC_0058514.jpg,isic_0058514,1,b3508580896930ea6e170f196414b145ecf8ea0234fdd7c61cc9d68931270ba6,2074,1
C:\SRS(ISIC_2019)\Dataset\BCC\ISIC_0058520.jpg,isic_0058520,1,f7b0fbf59a30bc42139f9e534ba5f3b5448483c51686f27efcd1bb55007605e3,2075,1
C:\SRS(ISIC_2019)\Dataset\BCC\ISIC_0058539.jpg,isic_0058539,1,7190b20877071119ddc62255bd20096241c16f9066f639f83d1aac7e1355eb31,2077,1
C:\SRS(ISIC_2019)\Dataset\BCC\ISIC_0058576.jpg,isic_0058576,1,e8102dc0d0985e5d474709faff5a22f790f5a7bd45408c3f6a265848db10c243,2085,1
C:\SRS(ISIC_2019)\Dataset\BCC\ISIC_0058578.jpg,isic_0058578,1,40df83900458e89577433a42857d34b365a396e2ddce8c25984a25a11c51ec37,2086,1
C:\SRS(ISIC_2019)\Dataset\BCC\ISIC_0058584.jpg,isic_0058584,1,c80de6dd690020e09f8000ffb50712000e5f9aef1405a83bab242feda2369e44,2087,1
C:\SRS(ISIC_2019)\Dataset\BCC\ISIC_0058591.jpg,isic_0058591,1,b4be4d2c78cdc785a0da6903f6df6282138c59b1342c62df3c12f2fd5518dbef,2088,1
C:\SRS(ISIC_2019)\Dataset\BCC\ISIC_0058687.jpg,isic_0058687,1,f116e2894885f75c334e3c0331c0c99b5e8a87325b219d79541f1734c7ce100a,2098,1
C:\SRS(ISIC_2019)\Dataset\BCC\ISIC_0058709.jpg,isic_0058709,1,85eb3b8a3cebe0f65dc62abbe5ee328f816bdcbb59c8345d88eeb60232b3d1fe,2105,1
C:\SRS(ISIC_2019)\Dataset\BCC\ISIC_0058867.jpg,isic_0058867,1,4aba4c2eea309081a72fccfe9803fc2b31c3ff25d52a24470c40a4a65a587052,2132,1
C:\SRS(ISIC_2019)\Dataset\BCC\ISIC_0058900.jpg,isic_0058900,1,43d5c8ebe3b3b97d9c1a05859d44e40704f0d8a3528ab06825d17d595229b8a8,2138,1
C:\SRS(ISIC_2019)\Dataset\BCC\ISIC_0058915.jpg,isic_0058915,1,4afedcc52d4ad50a5f9109c4a1a23f2e5cd34d2d9cb507f8002d46a4aa9e6471,2142,1
C:\SRS(ISIC_2019)\Dataset\BCC\ISIC_0058978.jpg,isic_0058978,1,f54411d4647b2797be2b33704177b659a3b2e29d9fb7e79f15473d784de463aa,2146,1
C:\SRS(ISIC_2019)\Dataset\BCC\ISIC_0058996.jpg,isic_0058996,1,91c78b2fe1d53d3b7b21e544325ab893af35ac1353bd0636f84010209b006bb9,2151,1
C:\SRS(ISIC_2019)\Dataset\BCC\ISIC_0059017.jpg,isic_0059017,1,e536d0904f379b76e3f1bf90f02b81fd4ba74080107d108e6d8ce29d2c2b5c1e,2157,1
C:\SRS(ISIC_2019)\Dataset\BCC\ISIC_0059080.jpg,isic_0059080,1,b93b4a41eb774d3b3d21df9a209df7f7eeb0d7741e0875a68dcb81eaad17e738,2164,1
C:\SRS(ISIC_2019)\Dataset\BCC\ISIC_0059115.jpg,isic_0059115,1,46c133cedd8b0226a0fac6d5e9fcad3ef1092ca5d39234beabe24c4dcd45557a,2172,1
C:\SRS(ISIC_2019)\Dataset\BCC\ISIC_0059231.jpg,isic_0059231,1,7329dee4c6b1fc69cff3e4037ae935d90401d7781bccda36194b5246bdfa4887,2191,1
C:\SRS(ISIC_2019)\Dataset\BCC\ISIC_0059255.jpg,isic_0059255,1,627a503dcff7cd6728b40b834c1102a3191bf79eadd7a20f995d328ce64de1df,2197,1
C:\SRS(ISIC_2019)\Dataset\BCC\ISIC_0059324.jpg,isic_0059324,1,d85886b6e15c9c7f49b10408a4cb6f55d2a63f500836a5ae72802b5b32508964,2204,1
C:\SRS(ISIC_2019)\Dataset\BCC\ISIC_0059426.jpg,isic_0059426,1,1763b82971225b72446e753dbaddcf19b8d3d1e88ceb05abd73b00a50e10f64a,2215,1
C:\SRS(ISIC_2019)\Dataset\BCC\ISIC_0059516.jpg,isic_0059516,1,0a32f14dfe253f450e2ad3588831f3fad951ef3d21877fffa3800dea221c87ce,2222,1
C:\SRS(ISIC_2019)\Dataset\BCC\ISIC_0059548.jpg,isic_0059548,1,04a58947a7d66a3c3e365ce7b88463e618e796b2257cf066772a2c18f337e8a1,2227,1
C:\SRS(ISIC_2019)\Dataset\BCC\ISIC_0059559.jpg,isic_0059559,1,61ba7ba9505b489aacb2325a96d57835d396bb622e29b29338ca18abc7996541,2228,1
C:\SRS(ISIC_2019)\Dataset\BCC\ISIC_0059627.jpg,isic_0059627,1,8021341eecfdf370be7435c832d2f2bbda8c374c37007630b92cf7c611ada0c2,2239,1
C:\SRS(ISIC_2019)\Dataset\BCC\ISIC_0059656.jpg,isic_0059656,1,f2eb64e4fb5a13b552719c3e567bb258af06e2371b01c2a530abe1943cd05dc9,2242,1
C:\SRS(ISIC_2019)\Dataset\BCC\ISIC_0059727.jpg,isic_0059727,1,d9049219874574efec1fff1d147a787761340109029ecb0e6bd7b2774c5502c6,2256,1
C:\SRS(ISIC_2019)\Dataset\BCC\ISIC_0059729.jpg,isic_0059729,1,531e1a456364a3fe171f126c0eaafab2d23c38671449882f32b4670e8053c015,2257,1
C:\SRS(ISIC_2019)\Dataset\BCC\ISIC_0059741.jpg,isic_0059741,1,828f8cba0d25f999eb6d487f1f7273eea285559c63bb862b200e4ca0cc98231b,2259,1
C:\SRS(ISIC_2019)\Dataset\BCC\ISIC_0059801.jpg,isic_0059801,1,8bf00b066c05cbc67d4fb730c9194ab6fb2bce85a7c478169e15c0ab2bdf65b6,2270,1
C:\SRS(ISIC_2019)\Dataset\BCC\ISIC_0059811.jpg,isic_0059811,1,092bd3f1aac43fe3484611192da832d43331078f143281ab4a7d2e59cbc57333,2273,1
C:\SRS(ISIC_2019)\Dataset\BCC\ISIC_0059821.jpg,isic_0059821,1,0480254a719718a0acf62fec85cb5efc72ac90d5b39c75281df3f7bf526e826c,2275,1
C:\SRS(ISIC_2019)\Dataset\BCC\ISIC_0059854.jpg,isic_0059854,1,2c61cbca0fd7867e63137919897870d61f7c1ed625bc8c0b3ccbc12965e91730,2279,1
C:\SRS(ISIC_2019)\Dataset\BCC\ISIC_0059917.jpg,isic_0059917,1,e54942be64011a7bb998f02b195a350cf8f3ae5c17c796eb3a6ff0b20c18b69c,2286,1
C:\SRS(ISIC_2019)\Dataset\BCC\ISIC_0059930.jpg,isic_0059930,1,8e69b719f245d490f2e765af55930b043804f5428638727272d07daaf78fc161,2289,1
C:\SRS(ISIC_2019)\Dataset\BCC\ISIC_0059950.jpg,isic_0059950,1,369e61ed73d1863b60e30efe46d76b47ee06ce566848eed26d3bf9afe8f1d86f,2291,1
C:\SRS(ISIC_2019)\Dataset\BCC\ISIC_0059961.jpg,isic_0059961,1,639dbe389f897c805bc1d86c9c9dd671785103bcb0c36843593431e1b1f983a9,2293,1
C:\SRS(ISIC_2019)\Dataset\BCC\ISIC_0059984.jpg,isic_0059984,1,f140e04c13682624b28e47f31c10c83d8d846086e6fcf4e69b7faedbb9845935,2296,1
C:\SRS(ISIC_2019)\Dataset\BCC\ISIC_0059986.jpg,isic_0059986,1,3a85a9c284ee0511796699aad94886f70a0a44065e806c9a44c376f77dbcc332,2297,1
C:\SRS(ISIC_2019)\Dataset\BCC\ISIC_0059988.jpg,isic_0059988,1,67bdcb08712ba6f6d0f2a4140c5ed8c38a884af230560207d488dbf860d1579d,2298,1
C:\SRS(ISIC_2019)\Dataset\BCC\ISIC_0059994.jpg,isic_0059994,1,56561ff3480e7d6689751a0fd923f3ee37ed24d441f81a83ac7236511c8df855,2300,1
C:\SRS(ISIC_2019)\Dataset\BCC\ISIC_0060003.jpg,isic_0060003,1,000e24953f6a5a3416e059ef3b2a03522622506328e2bfe5511fec0acca775c3,2304,1
C:\SRS(ISIC_2019)\Dataset\BCC\ISIC_0060007.jpg,isic_0060007,1,f71c20531e5393468e5954cfe8b10f100b4730de26fd6ca620af4b8dc42c987a,2306,1
C:\SRS(ISIC_2019)\Dataset\BCC\ISIC_0060020.jpg,isic_0060020,1,f9f10443b3698f70a6ae49593e731c38ed176037900054eb48882dfc8482dfba,2309,1
C:\SRS(ISIC_2019)\Dataset\BCC\ISIC_0060031.jpg,isic_0060031,1,d575d3a35bd4fb46b65661d2f5422bb6d8cc451c637204ad47105539ae98247f,2312,1
C:\SRS(ISIC_2019)\Dataset\BCC\ISIC_0060112.jpg,isic_0060112,1,2e0641cd224358e1e45f7f930fa9a6f1fda19f52a386bbea62bcd1edc6499609,2325,1
C:\SRS(ISIC_2019)\Dataset\BCC\ISIC_0060117.jpg,isic_0060117,1,673aadb2c28b34ed8ce892e812ddbc4863979d2638cae3fde54614d3fe37bea6,2326,1
C:\SRS(ISIC_2019)\Dataset\BCC\ISIC_0060137.jpg,isic_0060137,1,6cc8ae8ad1e2e2ef670335ca9462e60124672088b97015a10559c5d250470d57,2332,1
C:\SRS(ISIC_2019)\Dataset\BCC\ISIC_0060193.jpg,isic_0060193,1,1812476b47a4e39cfe2218c3bb245bdcaeb4b2dc50a1104a892f9e1fef02b481,2344,1
C:\SRS(ISIC_2019)\Dataset\BCC\ISIC_0060209.jpg,isic_0060209,1,ab0599fad781a3ad8f6ebbde64f3c70a93c2080defa908b7eaeb5facf3bf6c13,2348,1
C:\SRS(ISIC_2019)\Dataset\BCC\ISIC_0060223.jpg,isic_0060223,1,1a96c733640d9f4995f95e4f24d7a23e588fdff9ec7775c35863e622a768e673,2350,1
C:\SRS(ISIC_2019)\Dataset\BCC\ISIC_0060236.jpg,isic_0060236,1,a6f8689eb5a1a19f505628ee48aa3768d13ac83a1c13835e7c7439b21a610b67,2351,1
C:\SRS(ISIC_2019)\Dataset\BCC\ISIC_0060283.jpg,isic_0060283,1,f7f84e901496b5bf6db88bbeebad4e0d6dfce644c33c98c143746dc8461be3b2,2355,1
C:\SRS(ISIC_2019)\Dataset\BCC\ISIC_0060285.jpg,isic_0060285,1,b1a791b0742c25e5e180c8ec8c87255d011c9eb542f03e358026a0c8b4a3585e,2356,1
C:\SRS(ISIC_2019)\Dataset\BCC\ISIC_0060309.jpg,isic_0060309,1,321b0c6448ed722d8ce904d6bb560e429f5db1eb4ac0aa35127eed5ba8bf60be,2359,1
C:\SRS(ISIC_2019)\Dataset\BCC\ISIC_0060320.jpg,isic_0060320,1,cfef62abbf3b15dbfae3d12307ee61c47ec8f4120d86bab8d90c22b8fc8604dd,2362,1
C:\SRS(ISIC_2019)\Dataset\BCC\ISIC_0060338.jpg,isic_0060338,1,ffd71665140bb50937325baedf613e653e1a107c8af1db71fe45ce5eba040c4a,2364,1
C:\SRS(ISIC_2019)\Dataset\BCC\ISIC_0060382.jpg,isic_0060382,1,65f50e6d71102388f51fb935857cc0a7f79c297e79cd005f6c22683751744d0b,2369,1
C:\SRS(ISIC_2019)\Dataset\BCC\ISIC_0060429.jpg,isic_0060429,1,6d2683d2c00ed28dca7a3ca877ebd5689cef7626d72bd77347cdf4f9c52c2838,2377,1
C:\SRS(ISIC_2019)\Dataset\BCC\ISIC_0060483.jpg,isic_0060483,1,9623f3061fa4f7a26fc36751b7a75df0486e4b6005eb12e3f61fa7f386ba5517,2380,1
C:\SRS(ISIC_2019)\Dataset\BCC\ISIC_0060512.jpg,isic_0060512,1,1ebbac62f880b46c684982fed2fefdadc565ecddb28ac9c564a64434de71fb3d,2381,1
C:\SRS(ISIC_2019)\Dataset\BCC\ISIC_0060599.jpg,isic_0060599,1,3583665b6326800b5ee3ab737f9ec71fb857b62b52713ac692a46547dbc24a99,2393,1
C:\SRS(ISIC_2019)\Dataset\BCC\ISIC_0060602.jpg,isic_0060602,1,b9d416052c69699f9e4bf1bfbc1c8091a2bfbde37a0c493efa2995d570053267,2394,1
C:\SRS(ISIC_2019)\Dataset\BCC\ISIC_0060603.jpg,isic_0060603,1,6869bd82e6574833626dcd700386ea679752ab4fe65de627245f853f5fa26653,2395,1
C:\SRS(ISIC_2019)\Dataset\BCC\ISIC_0060640.jpg,isic_0060640,1,9f7cde3f870e05eca1020e16dc06a82ce7f2af8c116e54fa3d137f9574dd7169,2401,1
C:\SRS(ISIC_2019)\Dataset\BCC\ISIC_0060642.jpg,isic_0060642,1,dd5c41573dbabfd60eb720d3d7310e3621ed37e89bedecd836bdd8cb2472dbe1,2402,1
C:\SRS(ISIC_2019)\Dataset\BCC\ISIC_0060662.jpg,isic_0060662,1,8b3ee7d58a764ebb57c0f94f712a706651b6663fcabe956e19685a39e23c6cea,2406,1
C:\SRS(ISIC_2019)\Dataset\BCC\ISIC_0060673.jpg,isic_0060673,1,7f4a810efd6be144d29e827eed9bc84ec9c42ba491ed5d3c71a16df107345ee6,2407,1
C:\SRS(ISIC_2019)\Dataset\BCC\ISIC_0060682.jpg,isic_0060682,1,2955130cd89779b1cbd6aba3a6e72fdcc87d336c4101e305f8929f5d44f4f342,2409,1
C:\SRS(ISIC_2019)\Dataset\BCC\ISIC_0060687.jpg,isic_0060687,1,a4fd848309266e4240ac7121cb78a328bf5b3e6279ccb14df686393cdd99080a,2413,1
C:\SRS(ISIC_2019)\Dataset\BCC\ISIC_0060738.jpg,isic_0060738,1,f3075aade0894139d2ae3cc69b74115df80d50211792b87968d7cf59a0cd1599,2415,1
C:\SRS(ISIC_2019)\Dataset\BCC\ISIC_0060740.jpg,isic_0060740,1,89275a5872bd45bb1731e9fd66744d29a08b64e6de7fc00372b18150eef433cd,2416,1
C:\SRS(ISIC_2019)\Dataset\BCC\ISIC_0060818.jpg,isic_0060818,1,5618fbebb9b5f70fc74ccfefa9e9c012bb902a46c0f7069ce4028bbb853cf1ac,2422,1
C:\SRS(ISIC_2019)\Dataset\BCC\ISIC_0060823.jpg,isic_0060823,1,edb89116bc03dd90e62f7495b84e36ae9b9bfd4dafb521b83129ee9c19972275,2423,1
C:\SRS(ISIC_2019)\Dataset\BCC\ISIC_0060842.jpg,isic_0060842,1,6ec4893718210cfe2515d52bd2a43a9c8666c6114e16a8508c6788770531d19f,2425,1
C:\SRS(ISIC_2019)\Dataset\BCC\ISIC_0060858.jpg,isic_0060858,1,40c90776d58f8468977ad772b3b26945a0cfef7cba44b4bfb8b48d64147784ea,2427,1
C:\SRS(ISIC_2019)\Dataset\BCC\ISIC_0060871.jpg,isic_0060871,1,01bf11e97cc9e3d02ab6957b71171d5bb5e5deb69214ee4a9afca3968e9bc072,2430,1
C:\SRS(ISIC_2019)\Dataset\BCC\ISIC_0060885.jpg,isic_0060885,1,bde14f86e2c05883c14e9471d0ae726beef85ce440ae4d366f5c43e31f992ee5,2433,1
C:\SRS(ISIC_2019)\Dataset\BCC\ISIC_0060914.jpg,isic_0060914,1,d9334c08660f068c949910ea57494a8be51300e719a3e168f7c5803077a5c219,2437,1
C:\SRS(ISIC_2019)\Dataset\BCC\ISIC_0060950.jpg,isic_0060950,1,13fc274d497069faf29d6688ac3ec47dd00f75bee9dfea901bc5a605cfe57226,2444,1
C:\SRS(ISIC_2019)\Dataset\BCC\ISIC_0060984.jpg,isic_0060984,1,ca228df0b79574147242fbfcd94a53272fe43254fc46e5c76b31bff73aaab95a,2448,1
C:\SRS(ISIC_2019)\Dataset\BCC\ISIC_0060990.jpg,isic_0060990,1,97f3133f0e131737e5ec631ec3d3ed3a5bfcde5cb5eac110f6c533e22a377efd,2449,1
C:\SRS(ISIC_2019)\Dataset\BCC\ISIC_0061035.jpg,isic_0061035,1,49c4abb852d64aa772c2b6844d884d17fc282139fac20cb96771678be17f073c,2454,1
C:\SRS(ISIC_2019)\Dataset\BCC\ISIC_0061056.jpg,isic_0061056,1,2621f413ab27bce5c56a887ff75a535fa2ae61dc22b84498d605121993b9b194,2457,1
C:\SRS(ISIC_2019)\Dataset\BCC\ISIC_0061095.jpg,isic_0061095,1,bf533406d1f3a1601249a4667f177f87eba4b6b447f39ac9a1cbc080669c51e3,2462,1
C:\SRS(ISIC_2019)\Dataset\BCC\ISIC_0061097.jpg,isic_0061097,1,2447d9739ccd7ba41cc9d901d0d14d84bc6c36a6de9d4fbda97c28b4879cef18,2464,1
C:\SRS(ISIC_2019)\Dataset\BCC\ISIC_0061110.jpg,isic_0061110,1,646af0ef8a66cf742e541c170e05f1d665723249f052e2f1d4a627068bf34cef,2467,1
C:\SRS(ISIC_2019)\Dataset\BCC\ISIC_0061119.jpg,isic_0061119,1,37bca3156cba87f2452c2a60b141b14eb4e92b4eab4c10094de39239067fb11e,2468,1
C:\SRS(ISIC_2019)\Dataset\BCC\ISIC_0061186.jpg,isic_0061186,1,df1e4972ec5827a6a54f027fb17519d78cab98af9c199948b683b4ab378828fb,2478,1
C:\SRS(ISIC_2019)\Dataset\BCC\ISIC_0061209.jpg,isic_0061209,1,e8caf03be80c6fb944697d237e86a42320e39b333346d6e983d1d7817cf18503,2484,1
C:\SRS(ISIC_2019)\Dataset\BCC\ISIC_0061309.jpg,isic_0061309,1,816fa3d3d676aa51e68819862975ebb0f57d92e20fd9ce44960b3b55c755f5a9,2497,1
C:\SRS(ISIC_2019)\Dataset\BCC\ISIC_0061337.jpg,isic_0061337,1,f0f8ee73599e401eda201cd80dc7819d756595679be121f27892a6195cf66df5,2503,1
C:\SRS(ISIC_2019)\Dataset\BCC\ISIC_0061356.jpg,isic_0061356,1,79d5f9050fb19de9c5bfe5af09f94126dd908703cf255810b4d94d7f04aea0c5,2508,1
C:\SRS(ISIC_2019)\Dataset\BCC\ISIC_0061397.jpg,isic_0061397,1,03f2d2a7cb58f4a0ac5c5d553f64a2f4bb59c43f17cb7939d04bd80d12881ec0,2511,1
C:\SRS(ISIC_2019)\Dataset\BCC\ISIC_0061473.jpg,isic_0061473,1,cf666cbd4079067c949a7e3ec375f048b9bff1d5bddd515c413e520d5ad813b8,2525,1
C:\SRS(ISIC_2019)\Dataset\BCC\ISIC_0061483.jpg,isic_0061483,1,9353f78bc5ea302825041a624799afae24f94b7af46966ea1583b01bc3fdc281,2527,1
C:\SRS(ISIC_2019)\Dataset\BCC\ISIC_0061543.jpg,isic_0061543,1,c7d20091434c6eeae06ffc4fa24a6258a4d31cecd8df11e5b7103f7ee7e1b60b,2536,1
C:\SRS(ISIC_2019)\Dataset\BCC\ISIC_0061613.jpg,isic_0061613,1,a79313b548423577a829ebe618ebde4c4b141382c31d5e7c758399490f3322b8,2545,1
C:\SRS(ISIC_2019)\Dataset\BCC\ISIC_0061617.jpg,isic_0061617,1,c71eff55bea7a953713d99907ce6d0b49e5cb6b3fb91d3fdf09ecef9f4c310e7,2547,1
C:\SRS(ISIC_2019)\Dataset\BCC\ISIC_0061697.jpg,isic_0061697,1,59256260a82ede00d8f0e1a5abdbaa55b8a84304567a2a907fc3256b2e707e57,2555,1
C:\SRS(ISIC_2019)\Dataset\BCC\ISIC_0061700.jpg,isic_0061700,1,7b75479bdaa7d7461353c8f384ba253aaaa949e36b1e6f3f4b6bf9b63fff0521,2556,1
C:\SRS(ISIC_2019)\Dataset\BCC\ISIC_0061824.jpg,isic_0061824,1,a44a8b4e410369f3003b01ee3d7a8ff1c356d0945718493aea6cb0797f04cc58,2565,1
C:\SRS(ISIC_2019)\Dataset\BCC\ISIC_0061862.jpg,isic_0061862,1,64ce2d88d68f7686bbbe0a13873e815c158824e5e1f629fc40d99aef9808d7ef,2568,1
C:\SRS(ISIC_2019)\Dataset\BCC\ISIC_0061923.jpg,isic_0061923,1,084b996af1ac72f9ecb6250906a330cbce96709fd60e96b8a1f37d14d885fde4,2581,1
C:\SRS(ISIC_2019)\Dataset\BCC\ISIC_0061946.jpg,isic_0061946,1,2100906a3ab777a76a85a09bd5e0658dccc727ced61d791974fc8cee4fbdf36d,2583,1
C:\SRS(ISIC_2019)\Dataset\BCC\ISIC_0061955.jpg,isic_0061955,1,12ecb451a0f3e65d21dd351d649ee13447e9298503af6a51d868b62c7c742f01,2584,1
C:\SRS(ISIC_2019)\Dataset\BCC\ISIC_0061999.jpg,isic_0061999,1,ee06ff566c39429506f0d53b53c8ec1ff2033cb6b24c4c427a0b75916fcb36cb,2587,1
C:\SRS(ISIC_2019)\Dataset\BCC\ISIC_0062090.jpg,isic_0062090,1,0f29a4bc8fed6b9d066f1860300351f8d2e13fb74995ed2bb3568d3b6ac8da94,2595,1
C:\SRS(ISIC_2019)\Dataset\BCC\ISIC_0062105.jpg,isic_0062105,1,de7444685a5fd65b703211b64e9928be875dc5bacd03572aee7a9b6f9163ac7d,2598,1
C:\SRS(ISIC_2019)\Dataset\BCC\ISIC_0062129.jpg,isic_0062129,1,05b7399382604a2a1f82e243ab0f71dbf7b41425ab14b95e7d6d90f82e206e3a,2601,1
C:\SRS(ISIC_2019)\Dataset\BCC\ISIC_0062172.jpg,isic_0062172,1,827e1aac1cfc91eacb482c1fc5c213e2518af73139dac5086eba8a3c1fb971c1,2604,1
C:\SRS(ISIC_2019)\Dataset\BCC\ISIC_0062244.jpg,isic_0062244,1,e54afa8daa61b83ed2eea317f5aedde965065b42c34a4d86cf2a9a12922d8d89,2617,1
C:\SRS(ISIC_2019)\Dataset\BCC\ISIC_0062270.jpg,isic_0062270,1,99db83f74a150226fd61bda05406a5badf749d22c00c27c8c864e9cf592a63ce,2620,1
C:\SRS(ISIC_2019)\Dataset\BCC\ISIC_0062386.jpg,isic_0062386,1,c92f3aed607e83ffe8066a0b37c8bbeef7e3b70d928b652753b746eba5fb5c43,2635,1
C:\SRS(ISIC_2019)\Dataset\BCC\ISIC_0062393.jpg,isic_0062393,1,38a954689a7512397bc992aff9af1f21d12058d2d2d75c7e21a270d183f55a33,2636,1
C:\SRS(ISIC_2019)\Dataset\BCC\ISIC_0062395.jpg,isic_0062395,1,0cbeae3a5b78f578d51ba04026f62c14c81045c1a2839e4f124e7061134120f0,2637,1
C:\SRS(ISIC_2019)\Dataset\BCC\ISIC_0062451.jpg,isic_0062451,1,9c5f4149b9873ff54f9655acca13ab780a12b28e7af4befa0414c92cca7d09d5,2641,1
C:\SRS(ISIC_2019)\Dataset\BCC\ISIC_0062492.jpg,isic_0062492,1,2e8ce0c4b01eb42fb6b2eb7fd0b7c16687e9e7590afbd33e0ca6bccb1077a876,2646,1
C:\SRS(ISIC_2019)\Dataset\BCC\ISIC_0062496.jpg,isic_0062496,1,56f3c89aced813c489a916adb1f807e7491e49630c242a1b2ea5cfb38581a2f7,2647,1
C:\SRS(ISIC_2019)\Dataset\BCC\ISIC_0062544.jpg,isic_0062544,1,a3e95a2ca18eb6a89d168fc0533e7e94903cc08b19dd6cd76d6c20beffdfad96,2651,1
C:\SRS(ISIC_2019)\Dataset\BCC\ISIC_0062569.jpg,isic_0062569,1,9ca79e1465ca8d0d3bba38fd1b441dd31a0d01c14809b685df363bc91103a1ee,2652,1
C:\SRS(ISIC_2019)\Dataset\BCC\ISIC_0062620.jpg,isic_0062620,1,960490e013415065826f4decc2bec32fb47b61ac0a8e8de27be9c573fa376ca2,2657,1
C:\SRS(ISIC_2019)\Dataset\BCC\ISIC_0062659.jpg,isic_0062659,1,7ef423536090253299f3588f75cef2d5aeecf14b7f30e81b826f63b5af70214b,2663,1
C:\SRS(ISIC_2019)\Dataset\BCC\ISIC_0062710.jpg,isic_0062710,1,1fa99cd2aa10d2c0944940831feadc0d2978f0ff36ec7753ddfa3bdc66357483,2669,1
C:\SRS(ISIC_2019)\Dataset\BCC\ISIC_0062782.jpg,isic_0062782,1,85154b3c2e03c671b5bacddc083f592e4ed284949169a267b5576bf8c2e0a11a,2676,1
C:\SRS(ISIC_2019)\Dataset\BCC\ISIC_0062834.jpg,isic_0062834,1,b748eba2086c4981e8c8d8c87d99ae605790bb553efbae7e60dce4e2cbdda6b2,2684,1
C:\SRS(ISIC_2019)\Dataset\BCC\ISIC_0062837.jpg,isic_0062837,1,655791ee7aba5845362001c8fa957c4d3f4280e42aff7910bbb74f3c3332bc77,2685,1
C:\SRS(ISIC_2019)\Dataset\BCC\ISIC_0062945.jpg,isic_0062945,1,da90bf36e53eecd46d9a291fd917da16f06e18c3d89da2fb6b8b5583ba58cfaf,2702,1
C:\SRS(ISIC_2019)\Dataset\BCC\ISIC_0063004.jpg,isic_0063004,1,7c383d22008147187e328e3ad42127215f6d814d3e45bb4d585efaa1fc06390b,2710,1
C:\SRS(ISIC_2019)\Dataset\BCC\ISIC_0063036.jpg,isic_0063036,1,083f30d30be97adaaf5e50265f3335dc9d805f44077551274a36ab27f7359fb2,2715,1
C:\SRS(ISIC_2019)\Dataset\BCC\ISIC_0063059.jpg,isic_0063059,1,f0a74cb825f64f840c5ca7f6590fe7efeb4efe448f2825637b5f1a9f31e2138a,2717,1
C:\SRS(ISIC_2019)\Dataset\BCC\ISIC_0063066.jpg,isic_0063066,1,60dfc5a4a1f53c463811b1e46e033e7aba60d002f1280902369951b324697d3f,2718,1
C:\SRS(ISIC_2019)\Dataset\BCC\ISIC_0063074.jpg,isic_0063074,1,8d1fd2951daaa7eb6276022e284f997612d27f08ae497b493202187db8b81d70,2719,1
C:\SRS(ISIC_2019)\Dataset\BCC\ISIC_0063090.jpg,isic_0063090,1,3d32e594e3de959519f986f03aa2c377c4ba60827001cf9046f8418101a24fd1,2721,1
C:\SRS(ISIC_2019)\Dataset\BCC\ISIC_0063159.jpg,isic_0063159,1,9042dd65e874d6f38c164c68ef405f4a32077ea87d1f055a27b1e90f98daef80,2729,1
C:\SRS(ISIC_2019)\Dataset\BCC\ISIC_0063167.jpg,isic_0063167,1,1ecca657f3d153913967c03ce9502565e441fe8def10f4cdeb1fb21dd2ca3b2d,2732,1
C:\SRS(ISIC_2019)\Dataset\BCC\ISIC_0063236.jpg,isic_0063236,1,25edca6bcd31ae5158d43aa162423c086a7cfee7d11722362ce3f0a16dc9e13e,2742,1
C:\SRS(ISIC_2019)\Dataset\BCC\ISIC_0063265.jpg,isic_0063265,1,d4c5ba2445bb3e13db8a9813bd6aa2d93879a99ba18352bf2bee522773081bb6,2744,1
C:\SRS(ISIC_2019)\Dataset\BCC\ISIC_0063285.jpg,isic_0063285,1,3d2823bc9211a2988c58751d21818666a95296d3b89471b82215105b319f4584,2751,1
C:\SRS(ISIC_2019)\Dataset\BCC\ISIC_0063352.jpg,isic_0063352,1,348a99811e56aa8c8b73beddb0f0ff57ef600e00680cb0e681ba6e0908f83cb9,2758,1
C:\SRS(ISIC_2019)\Dataset\BCC\ISIC_0063419.jpg,isic_0063419,1,2de3568d00c11719e631a6075b751703c8195537defd48a1d66979bd7062b1f6,2767,1
C:\SRS(ISIC_2019)\Dataset\BCC\ISIC_0063458.jpg,isic_0063458,1,6eaeb74b0e62e7c31ad36b514be570624186fedf9cfc4b8fb840f6985713da49,2771,1
C:\SRS(ISIC_2019)\Dataset\BCC\ISIC_0063506.jpg,isic_0063506,1,63a01c18ae50704e1e32e35f7b102a4f3980bfe37855c9877693e29be09d1414,2777,1
C:\SRS(ISIC_2019)\Dataset\BCC\ISIC_0063560.jpg,isic_0063560,1,75eec83537a7fb2c54ea23d794218e1af8760951085c38bdf976ad1d1d4f9b19,2786,1
C:\SRS(ISIC_2019)\Dataset\BCC\ISIC_0063563.jpg,isic_0063563,1,80d9bee8f24d09ed7f17e9ec562c421e7d8cd0746a5a3107c9717fc4c5c5f109,2788,1
C:\SRS(ISIC_2019)\Dataset\BCC\ISIC_0063572.jpg,isic_0063572,1,487f8a5004b9fbf3219e26ed54895d632fabf4aced90cf3485623a69156bee75,2789,1
C:\SRS(ISIC_2019)\Dataset\BCC\ISIC_0063666.jpg,isic_0063666,1,1095e17a948667ebfa58a6b58e104f2ee91904a1dc85b8bb05abe354f94d9f72,2804,1
C:\SRS(ISIC_2019)\Dataset\BCC\ISIC_0063720.jpg,isic_0063720,1,e069631e099a32478b27f6142602615df461b34856d100360d6732a078d983c3,2813,1
C:\SRS(ISIC_2019)\Dataset\BCC\ISIC_0063747.jpg,isic_0063747,1,2c2f88cc83bb6fa232e2bedc75ce16a9440c4ca49c91e72dd0ebeb1d995f1e52,2816,1
C:\SRS(ISIC_2019)\Dataset\BCC\ISIC_0063756.jpg,isic_0063756,1,d7d53182b053f713587e56f66963b13612e3cbacd39346ce5d9e1a1ffae5043f,2818,1
C:\SRS(ISIC_2019)\Dataset\BCC\ISIC_0063806.jpg,isic_0063806,1,0bac99e455e8e6a0394485f7e65248776f50f1dcf379b72d9bd8b6d394abe6e9,2823,1
C:\SRS(ISIC_2019)\Dataset\BCC\ISIC_0063947.jpg,isic_0063947,1,05b651634d42e1099a60dafaa7d5024c9000cd8c2ced0f943571d67adc90922f,2841,1
C:\SRS(ISIC_2019)\Dataset\BCC\ISIC_0063964.jpg,isic_0063964,1,c1cab6ec1d9d3630086050c5d0f3aef52ed9678547196e6cf2cc7f6323913e5d,2842,1
C:\SRS(ISIC_2019)\Dataset\BCC\ISIC_0063995.jpg,isic_0063995,1,4d2889f66e96f1ded64c3f8ce36d1d1fe86883b2273151a433d073412c368fd8,2848,1
C:\SRS(ISIC_2019)\Dataset\BCC\ISIC_0064128.jpg,isic_0064128,1,c4e26f8048cbd55812a1c0aaae63ab7af009deeb2e922be01553a3431e1c8f0b,2865,1
C:\SRS(ISIC_2019)\Dataset\BCC\ISIC_0064248.jpg,isic_0064248,1,d2939a481aa1c9c8dfe94e945c88cde8af9f3a803750635cac8461f4136a21f0,2883,1
C:\SRS(ISIC_2019)\Dataset\BCC\ISIC_0064271.jpg,isic_0064271,1,18cb7e25fdd74c26dcbb4648562b6db9476723dcc960743f426be657df5c219a,2886,1
C:\SRS(ISIC_2019)\Dataset\BCC\ISIC_0064286.jpg,isic_0064286,1,81ab56506c583aa5f2640313ee068fd1932c2fc4bfa2c1bdd972480e18a8ab2b,2888,1
C:\SRS(ISIC_2019)\Dataset\BCC\ISIC_0064353.jpg,isic_0064353,1,53e2a9f9b15551914e01694ccdf46f12a72cdf2fdc9ac4dacdd7cb5240187863,2898,1
C:\SRS(ISIC_2019)\Dataset\BCC\ISIC_0064354.jpg,isic_0064354,1,0b5b56be2c21dee5997e0ca822f7ac650d96bcb71ff75074841c1daa29b44f34,2899,1
C:\SRS(ISIC_2019)\Dataset\BCC\ISIC_0064496.jpg,isic_0064496,1,3cf268161acf9ad5fa2914fb03011f0441bcb57a7a8b63513c922d70cabc860c,2915,1
C:\SRS(ISIC_2019)\Dataset\BCC\ISIC_0064512.jpg,isic_0064512,1,c7cfca58aed6ec72da7dc81dc5fd86979317f279deb64d12adc5590b2458a898,2918,1
C:\SRS(ISIC_2019)\Dataset\BCC\ISIC_0064681.jpg,isic_0064681,1,8180858ef06122b7bb7c3197abfedae7b25d307ae50f43a63489f00aac54e53a,2943,1
C:\SRS(ISIC_2019)\Dataset\BCC\ISIC_0064725.jpg,isic_0064725,1,48fcf677cb40d3a652f8b43aabcd28165e682268d8f533887b0bcce29c53d3bb,2949,1
C:\SRS(ISIC_2019)\Dataset\BCC\ISIC_0064788.jpg,isic_0064788,1,52d694839ebaee50cb1e5bd48d9252c0d445f57ddbb5d92bc595fa07749ae2b5,2957,1
C:\SRS(ISIC_2019)\Dataset\BCC\ISIC_0064814.jpg,isic_0064814,1,e3287e553d0a823cf3d02f2ba67834efe722d2f27eaf9cda06e0f1466c244121,2960,1
C:\SRS(ISIC_2019)\Dataset\BCC\ISIC_0064841.jpg,isic_0064841,1,fe7342cad97f4fa2d41fb8041bcab18ff88d8bebc28b9ec2894599a4f20cc73f,2964,1
C:\SRS(ISIC_2019)\Dataset\BCC\ISIC_0064843.jpg,isic_0064843,1,34f2dcaf604f3ca439719dff263e166bb1015255be3ce1f15ba0d2e4d10d2181,2965,1
C:\SRS(ISIC_2019)\Dataset\BCC\ISIC_0064931.jpg,isic_0064931,1,0243a5ccff76294bb406e36c44988d72635882ba2fd8142a1cbbb491931f2601,2972,1
C:\SRS(ISIC_2019)\Dataset\BCC\ISIC_0064970.jpg,isic_0064970,1,df4aeb6b86a8cc5920aa29597412e8866ee6bde91a798f73e0f310c119c9d6d4,2976,1
C:\SRS(ISIC_2019)\Dataset\BCC\ISIC_0065021.jpg,isic_0065021,1,7aec5968a422047949ba9515f61fc7cb4e007db2e951abfa74e873e51d804016,2981,1
C:\SRS(ISIC_2019)\Dataset\BCC\ISIC_0065031.jpg,isic_0065031,1,564e6e0bc726870e510d49fa7f961b17bd66db692c649558288ccadefe2a8c80,2984,1
C:\SRS(ISIC_2019)\Dataset\BCC\ISIC_0065151.jpg,isic_0065151,1,d8e667ed3c372dc3214dd605725788832e780ce0930a812581dbd6f01968237d,3008,1
C:\SRS(ISIC_2019)\Dataset\BCC\ISIC_0065178.jpg,isic_0065178,1,d637540d0a8d6d4348d23ac3470c41091bf0ce78034be0949b26be36f0086cc0,3013,1
C:\SRS(ISIC_2019)\Dataset\BCC\ISIC_0065308.jpg,isic_0065308,1,901533a6718621901b2be0bcad5447902c9752c33ec1203d375e4870a12d79e0,3029,1
C:\SRS(ISIC_2019)\Dataset\BCC\ISIC_0065330.jpg,isic_0065330,1,274e3fa57a18b0c8ac830a3bcb42f277b201fea511c48226ef5562f43d3c2c59,3033,1
C:\SRS(ISIC_2019)\Dataset\BCC\ISIC_0065345.jpg,isic_0065345,1,37237c07f55f8249df7d7b3714b9660e0c9afa4d93b327f77d6d2f4d124540f3,3035,1
C:\SRS(ISIC_2019)\Dataset\BCC\ISIC_0065362.jpg,isic_0065362,1,d0664a7c856739ea0301ceda768fcf48acda60887dbed43a8d6e3790556d53b4,3037,1
C:\SRS(ISIC_2019)\Dataset\BCC\ISIC_0065401.jpg,isic_0065401,1,ecd4b05e6be991daa0d847211e43aede8d1b5e9dbdd4fa5d8627e56d8303e0c3,3044,1
C:\SRS(ISIC_2019)\Dataset\BCC\ISIC_0065407.jpg,isic_0065407,1,56551aff42e920a58211f29fc8c1ffdb8b8d6589e78700a65af725e39169a45e,3045,1
C:\SRS(ISIC_2019)\Dataset\BCC\ISIC_0065422.jpg,isic_0065422,1,c00d92a64dee6142d6a3f7806ace5e7fee1e8fe5f36cb8cb63555a577711463b,3046,1
C:\SRS(ISIC_2019)\Dataset\BCC\ISIC_0065453.jpg,isic_0065453,1,9317f98a5e094f3d59326cb493fe5777c40f3bb6febf8c45b0f09c3f06a55368,3052,1
C:\SRS(ISIC_2019)\Dataset\BCC\ISIC_0065489.jpg,isic_0065489,1,a53b6721655d83fe8af9261b05e1b6c39066f62d208d327234a7cd1dbc0de23e,3056,1
C:\SRS(ISIC_2019)\Dataset\BCC\ISIC_0065492.jpg,isic_0065492,1,d17eb3870e02325fb8a5bc1a21bd83e429b96c2f4cfa453d785501f63bb5e89a,3058,1
C:\SRS(ISIC_2019)\Dataset\BCC\ISIC_0065540.jpg,isic_0065540,1,60f8353ed1f17c7ff3381df7403b004df63f79ca4d9d19a90352605c113648b5,3060,1
C:\SRS(ISIC_2019)\Dataset\BCC\ISIC_0065556.jpg,isic_0065556,1,5deaced93eca5faec64c606b3e99b2840429f2b56dd57f906f387aff2840aa35,3064,1
C:\SRS(ISIC_2019)\Dataset\BCC\ISIC_0065565.jpg,isic_0065565,1,d1b96107eac9636e712ee14f876e4ecf75145aa78d65b9dcaede004331ded4d4,3066,1
C:\SRS(ISIC_2019)\Dataset\BCC\ISIC_0065602.jpg,isic_0065602,1,d95619069659418f37487667017f67a0be34c495243611282cb737b4efc114ce,3074,1
C:\SRS(ISIC_2019)\Dataset\BCC\ISIC_0065626.jpg,isic_0065626,1,620a5074fd7e99e69e86368e1dfbe5ac4ca1c12daed27b4361d3c7d69fb15662,3078,1
C:\SRS(ISIC_2019)\Dataset\BCC\ISIC_0065662.jpg,isic_0065662,1,61064710442c75c4d9800c4a773fe869198f0cd0e4108796db8006b034eadcf9,3082,1
C:\SRS(ISIC_2019)\Dataset\BCC\ISIC_0065699.jpg,isic_0065699,1,005c367a8daee627c7d1bcda230a2e2329ce5c316aefb45ecfd86e0108896c8b,3089,1
C:\SRS(ISIC_2019)\Dataset\BCC\ISIC_0065710.jpg,isic_0065710,1,08aea9823fdf55e959e5e830285e7b1d13513da8055697cb6f72ce78f9874130,3091,1
C:\SRS(ISIC_2019)\Dataset\BCC\ISIC_0065771.jpg,isic_0065771,1,09d3eaf02f3cc93501f43282e5de943b41600cd046da960123db0d340ab8e11b,3097,1
C:\SRS(ISIC_2019)\Dataset\BCC\ISIC_0065846.jpg,isic_0065846,1,9e211e300d25b659af62ee1af8f8a8aecf87bf17182a8f31250bb4f786e342d8,3108,1
C:\SRS(ISIC_2019)\Dataset\BCC\ISIC_0065848.jpg,isic_0065848,1,518c79597adae1ab6ba49f2bd7ea08696d3e3a1d34edf70e9aed2eea8508027c,3109,1
C:\SRS(ISIC_2019)\Dataset\BCC\ISIC_0065856.jpg,isic_0065856,1,ead1df42a69bc397ffa0266d15d8d42148a2353f41d3cba731e0f7522695d6cc,3111,1
C:\SRS(ISIC_2019)\Dataset\BCC\ISIC_0065879.jpg,isic_0065879,1,d8e77decd47fc61599585b07afa20acdef5ccb9c479388d09f44569e306b5455,3117,1
C:\SRS(ISIC_2019)\Dataset\BCC\ISIC_0065919.jpg,isic_0065919,1,866cde5c356299727da84f184d7fc32f75002726a587650580b11a36d1f16804,3121,1
C:\SRS(ISIC_2019)\Dataset\BCC\ISIC_0065942.jpg,isic_0065942,1,fd87064309f5e81dadffb485c4e31a8170478aaaa73d272bc7829186c269e9e1,3124,1
C:\SRS(ISIC_2019)\Dataset\BCC\ISIC_0066040.jpg,isic_0066040,1,618968304da1ba31024eae9b209e275dd7712714c0078cdb4d873fcd1812d83d,3137,1
C:\SRS(ISIC_2019)\Dataset\BCC\ISIC_0066090.jpg,isic_0066090,1,7c64b764827158de2a17b3dd25ef88a1d476ea08ad528900323d22d1f8f28224,3144,1
C:\SRS(ISIC_2019)\Dataset\BCC\ISIC_0066206.jpg,isic_0066206,1,d62cda8387eee699a456deb68b1f70b18e20fff1cbb52f1f2b7aea650331b744,3164,1
C:\SRS(ISIC_2019)\Dataset\BCC\ISIC_0066210.jpg,isic_0066210,1,d023f79291a77eccf85f6fe3a62c4d0b404110a485fb63c14cafa12fbe0c3c9f,3165,1
C:\SRS(ISIC_2019)\Dataset\BCC\ISIC_0066250.jpg,isic_0066250,1,2d1ee75eaeb8626471f8d2c3664a02fbf9fe1cff69dcdab4ade42bd72a90ce42,3172,1
C:\SRS(ISIC_2019)\Dataset\BCC\ISIC_0066322.jpg,isic_0066322,1,b2632b7ba41e63203e6ba7e20f7bfd3ba17ce1e05169d72f3236747091574b53,3182,1
C:\SRS(ISIC_2019)\Dataset\BCC\ISIC_0066381.jpg,isic_0066381,1,745eda3ed95fafb4e80da2f5fa1831d0d2221c3ab67e1964565f90680e1f3e75,3190,1
C:\SRS(ISIC_2019)\Dataset\BCC\ISIC_0066392.jpg,isic_0066392,1,3ffbbd69f831487936b3eed657bc6eb9c6da66984dcf1f49a66e74d85d8eacc0,3191,1
C:\SRS(ISIC_2019)\Dataset\BCC\ISIC_0066431.jpg,isic_0066431,1,a2cff797f49ffe2b10e0fae737449328802b6ccf14b5008e46a8d228533c8b79,3195,1
C:\SRS(ISIC_2019)\Dataset\BCC\ISIC_0066441.jpg,isic_0066441,1,cdc1792b1af0bbe37734292b6dc72620709b248f5f02b8918abed084789ded86,3197,1
C:\SRS(ISIC_2019)\Dataset\BCC\ISIC_0066442.jpg,isic_0066442,1,e31be7fcb815a531c891070991700bc38bed195bd4f1e1137c258078aece6ff5,3198,1
C:\SRS(ISIC_2019)\Dataset\BCC\ISIC_0066449.jpg,isic_0066449,1,a101a4180e15c62937a7f7dc41171bbae8cf9d732494d94d8f8ace1146a78db7,3199,1
C:\SRS(ISIC_2019)\Dataset\BCC\ISIC_0066453.jpg,isic_0066453,1,1db06ec3a67646e0515f7421b7a8912fd7e03c844285b75dc7d5b0ccd1231cd6,3200,1
C:\SRS(ISIC_2019)\Dataset\BCC\ISIC_0066467.jpg,isic_0066467,1,711aface5a03cfa1bb34974fafc454da2af9c0a4288457792d7ac524c2954817,3202,1
C:\SRS(ISIC_2019)\Dataset\BCC\ISIC_0066478.jpg,isic_0066478,1,7ed5a80562b077eb6074c56feb742de776dcf5d0a9a37d920634e2a6e271452d,3205,1
C:\SRS(ISIC_2019)\Dataset\BCC\ISIC_0066534.jpg,isic_0066534,1,6d603bade4d6e8c25884fa11b186839e74b3b8ac482bb2e051596b664a4dbc51,3212,1
C:\SRS(ISIC_2019)\Dataset\BCC\ISIC_0066598.jpg,isic_0066598,1,8d2c1681f9fcd2f3eaedd785003ddf05ec25da51a5e45332beb781542939f6f4,3226,1
C:\SRS(ISIC_2019)\Dataset\BCC\ISIC_0066639.jpg,isic_0066639,1,fece73faf4c9eb0713e948aa28ee4de4425be9ddc1d1f1577f707c4fea9d7db4,3231,1
C:\SRS(ISIC_2019)\Dataset\BCC\ISIC_0066689.jpg,isic_0066689,1,a138e9679565bf2874ab6c66d1e352e9ffa831bbe5c406f87ede45b26add527d,3236,1
C:\SRS(ISIC_2019)\Dataset\BCC\ISIC_0066696.jpg,isic_0066696,1,e3f878576a8b9c7cabd2807198f53fe8edea94f6271439a10b728984cb29605c,3237,1
C:\SRS(ISIC_2019)\Dataset\BCC\ISIC_0066698.jpg,isic_0066698,1,9e9271cdd0f238f46bfac657cbbd8a911fba1e0b4dca00a9ffadacd2f6b3ee3b,3239,1
C:\SRS(ISIC_2019)\Dataset\BCC\ISIC_0066743.jpg,isic_0066743,1,7c13b7ef3b586b131a42f1b915d7125ff2ff52f239ae3c7cbb558466ce0286a2,3247,1
C:\SRS(ISIC_2019)\Dataset\BCC\ISIC_0066751.jpg,isic_0066751,1,7d4dc9fe4e80dab325572f2511980ebc3aad8ad7ac36a93edb6a595a0134ba66,3250,1
C:\SRS(ISIC_2019)\Dataset\BCC\ISIC_0066782.jpg,isic_0066782,1,0d2147efb8bd96e474ac75c11983ea84976de815392d3291f00d5a754c153032,3255,1
C:\SRS(ISIC_2019)\Dataset\BCC\ISIC_0066790.jpg,isic_0066790,1,930c5ce961ef60e4dc0782f160ad49c314b9ea1d66149730a979676ed39b7763,3256,1
C:\SRS(ISIC_2019)\Dataset\BCC\ISIC_0066807.jpg,isic_0066807,1,cc0c13aca1e0e517857f54d1707b7568f1875470c376202cfd9c45b0f8d3e582,3258,1
C:\SRS(ISIC_2019)\Dataset\BCC\ISIC_0066823.jpg,isic_0066823,1,3aff451f7fa191a82be99a209c03756ff6fa4ab0cd76c57af6b40621faf009d6,3262,1
C:\SRS(ISIC_2019)\Dataset\BCC\ISIC_0066881.jpg,isic_0066881,1,70b63dea7367eeddd414586d188bae4c90ee19161c9862355674fbe7216467b5,3272,1
C:\SRS(ISIC_2019)\Dataset\BCC\ISIC_0066954.jpg,isic_0066954,1,fc08c90edfb096eedc9b52433b50f1c513c4da6a6988da56c2c5c3315e2a1203,3282,1
C:\SRS(ISIC_2019)\Dataset\BCC\ISIC_0066960.jpg,isic_0066960,1,b65da8fc11c3ecc87683c80c96c12ea3898ef9d1d189d714f82641733fef44dd,3283,1
C:\SRS(ISIC_2019)\Dataset\BCC\ISIC_0066965.jpg,isic_0066965,1,773cc1f47e069802c6eba3223f985d64220a6095eac93973878c61a5d55f3189,3284,1
C:\SRS(ISIC_2019)\Dataset\BCC\ISIC_0066979.jpg,isic_0066979,1,e5d9b621ffa99223b7d5a4e248abb1bd9222cc6ad7a91ea65ac73b0215098a15,3285,1
C:\SRS(ISIC_2019)\Dataset\BCC\ISIC_0067135.jpg,isic_0067135,1,58a685eac06bff92e265a07656e6a9d02c99f838c5e2a38fb91760f2f9970a87,3311,1
C:\SRS(ISIC_2019)\Dataset\BCC\ISIC_0067137.jpg,isic_0067137,1,2ca64978d422c1d0567ae224de3e2578c623c507fed9a80c48017fc5d8abc27c,3312,1
C:\SRS(ISIC_2019)\Dataset\BCC\ISIC_0067154.jpg,isic_0067154,1,58c537bdc046f6fbbe4fd11f9ba96ed0a5bf99ea04eb6f4c3593cb65af83db4c,3315,1
C:\SRS(ISIC_2019)\Dataset\BCC\ISIC_0067198.jpg,isic_0067198,1,58262d5d30a68c6f7667eb56a061ce70d2a66ecd597da85cc0799b3cdedc64a4,3319,1
C:\SRS(ISIC_2019)\Dataset\BCC\ISIC_0067278.jpg,isic_0067278,1,fae90ef660253bf39ea79890af3dd9e6bc223a1a1a65f08d321d8e9ff220ddd7,3330,1
C:\SRS(ISIC_2019)\Dataset\BCC\ISIC_0067400.jpg,isic_0067400,1,bb46c45dd0611d2427556e93714602a24d8e88156a32e1cfa1efb76507a70202,3352,1
C:\SRS(ISIC_2019)\Dataset\BCC\ISIC_0067429.jpg,isic_0067429,1,60f9f44a1e7defcee65124f173d63f11d78be96b930bdcf98ca2da33076d323f,3356,1
C:\SRS(ISIC_2019)\Dataset\BCC\ISIC_0067497.jpg,isic_0067497,1,4262c940ac3c43eb0a044ae317b7c99ebeac5cf5070d4bf19ba47455d5a7b5ae,3363,1
C:\SRS(ISIC_2019)\Dataset\BCC\ISIC_0067529.jpg,isic_0067529,1,7a40ad2306ac9cb6a4d8a43efadf08b14e8275f90e921a0f5c40a7e237873cc5,3367,1
C:\SRS(ISIC_2019)\Dataset\BCC\ISIC_0067554.jpg,isic_0067554,1,d43de68a67595fd6d340d3ebbea6a25384eee945782c933190b7cd0cc5311271,3370,1
C:\SRS(ISIC_2019)\Dataset\BCC\ISIC_0067580.jpg,isic_0067580,1,ec01357de183aeb8bd264bc5be35ba94494db5cf5219b96efe1d2338d8c9df8c,3372,1
C:\SRS(ISIC_2019)\Dataset\BCC\ISIC_0067605.jpg,isic_0067605,1,736d867093b708e8207d737c84821c5659bd0fa38ea71ae380e36d8b471d4d55,3375,1
C:\SRS(ISIC_2019)\Dataset\BCC\ISIC_0067659.jpg,isic_0067659,1,d7443d2f92e1dd3cd9e5b27e845e30eb19f125748ec27ee6136e90266978c84b,3380,1
C:\SRS(ISIC_2019)\Dataset\BCC\ISIC_0067746.jpg,isic_0067746,1,51110865e533489b3d53b874ee6b9d2dfd0c63a607b31abc974a207df81cbfc2,3395,1
C:\SRS(ISIC_2019)\Dataset\BCC\ISIC_0067772.jpg,isic_0067772,1,b597e506983007f3d2f315798c712dff55109d9045b2c0ca90ede0e7c9ac93e6,3399,1
C:\SRS(ISIC_2019)\Dataset\BCC\ISIC_0067774.jpg,isic_0067774,1,08e7517e855954da3c9a6ffbd34f481607b25834922c596608f0547d767428e0,3400,1
C:\SRS(ISIC_2019)\Dataset\BCC\ISIC_0067892.jpg,isic_0067892,1,be4ee25c831aa8615e107d233725fbd7fdccade691a28a635bed4259f81de2da,3416,1
C:\SRS(ISIC_2019)\Dataset\BCC\ISIC_0067954.jpg,isic_0067954,1,c5b472cfd33c73c1b0398f1c4a14e5f2c7d93506c8a9864245455138e84c25f6,3419,1
C:\SRS(ISIC_2019)\Dataset\BCC\ISIC_0067956.jpg,isic_0067956,1,e4638cd763037605229beb0c67038bfadbbf0258b93ce5793b96f76e6ac658fd,3420,1
C:\SRS(ISIC_2019)\Dataset\BCC\ISIC_0067990.jpg,isic_0067990,1,e4ef8f43587e195174bd2dc32f3985d4c4dc5b3fe4832235a1a4839aa0fda1b0,3423,1
C:\SRS(ISIC_2019)\Dataset\BCC\ISIC_0067999.jpg,isic_0067999,1,02bebaf81b47edf66d570806fde4154e1022d984a8d75c4ca1afe1363d5dd428,3428,1
C:\SRS(ISIC_2019)\Dataset\BCC\ISIC_0068038.jpg,isic_0068038,1,173dc413fb2e3a22eb24c63dd226a60124557256b244f768e875c1cb5839a1d2,3438,1
C:\SRS(ISIC_2019)\Dataset\BCC\ISIC_0068047.jpg,isic_0068047,1,383aa495be08a8c08394a24c480b91b3d773da051a04956e694afefb107c3101,3440,1
C:\SRS(ISIC_2019)\Dataset\BCC\ISIC_0068083.jpg,isic_0068083,1,afd29b0c2f8b7c6d7fcf994af672a34fc3feb7d3d81c015cb0deb42970cc439f,3444,1
C:\SRS(ISIC_2019)\Dataset\BCC\ISIC_0068109.jpg,isic_0068109,1,37c1d1b55629033664da98ed8a08f0d9a3d22df8625c9863c76f1db0b31a9233,3446,1
C:\SRS(ISIC_2019)\Dataset\BCC\ISIC_0068112.jpg,isic_0068112,1,c4bb1da66e222e8b9a93a8649fefa62a9a343de8da83454faffce124c015c58d,3447,1
C:\SRS(ISIC_2019)\Dataset\BCC\ISIC_0068159.jpg,isic_0068159,1,626260fa8881f353c8e588d399ad6592ab963db19cb3621362d9719d66569538,3454,1
C:\SRS(ISIC_2019)\Dataset\BCC\ISIC_0068265.jpg,isic_0068265,1,6f94b1b8ac15069c4ae7daf630de51d767e17ff51d8574b7e5ae069b1405ee3b,3466,1
C:\SRS(ISIC_2019)\Dataset\BCC\ISIC_0068388.jpg,isic_0068388,1,2701b94362bddf906ebfe1a249b50a5a4e13a39bf96897238e8de2c310e31205,3486,1
C:\SRS(ISIC_2019)\Dataset\BCC\ISIC_0068399.jpg,isic_0068399,1,10a1dcb720f3f3b97b086200d5dfcb83d5f6c9dc38fde78537073fd3fc4e6d5a,3488,1
C:\SRS(ISIC_2019)\Dataset\BCC\ISIC_0068486.jpg,isic_0068486,1,73dc48466e2dee55cef64e56881d30674da69e6781483553042ad47d54bf14bb,3496,1
C:\SRS(ISIC_2019)\Dataset\BCC\ISIC_0068505.jpg,isic_0068505,1,7fe603a543961758eb7971b7e5198a959730a8ca16b510e22d57e8a1240969b8,3498,1
C:\SRS(ISIC_2019)\Dataset\BCC\ISIC_0068597.jpg,isic_0068597,1,72ebdcaf6ae41cef8eea5a3aef7a8c7870b2385bddbb08cdcb8359ae4b2f5e84,3505,1
C:\SRS(ISIC_2019)\Dataset\BCC\ISIC_0068642.jpg,isic_0068642,1,a96a1f99c248b2e5b732f09c002cf3fee570b8d2663a1e87b9b9b3c418bfc9a8,3512,1
C:\SRS(ISIC_2019)\Dataset\BCC\ISIC_0068783.jpg,isic_0068783,1,08239817e69e7c342bf919d992b3a0c4b38719ff234498bbbf7fbddd11e7d973,3533,1
C:\SRS(ISIC_2019)\Dataset\BCC\ISIC_0068813.jpg,isic_0068813,1,c89d9dc30785aab4817f451306d04e23e26614418329b2aecb6dd0e679744d0a,3539,1
C:\SRS(ISIC_2019)\Dataset\BCC\ISIC_0068815.jpg,isic_0068815,1,26593d624bfc4ae603dfdcdac6c23ca6af9c68d0a6e1b639870d20fdc4bf403f,3540,1
C:\SRS(ISIC_2019)\Dataset\BCC\ISIC_0068832.jpg,isic_0068832,1,cfa04ac0865f381a28cc5d70d525bfc5cf71416198f212a2ce21032c6ab3df2f,3541,1
C:\SRS(ISIC_2019)\Dataset\BCC\ISIC_0068906.jpg,isic_0068906,1,9baf155ffd0a2762bdf424d11c02ea2f2bdb8a0dbc6fa203f5b5965189ffa610,3549,1
C:\SRS(ISIC_2019)\Dataset\BCC\ISIC_0069036.jpg,isic_0069036,1,e90aa2acfc219139fdb7770b321db0ed77f7dc2a58196cd2ceb857faa21d31d8,3568,1
C:\SRS(ISIC_2019)\Dataset\BCC\ISIC_0069049.jpg,isic_0069049,1,b007ac07e857b697cb581b3e3b8fcadf9868e8fb9d6460196e051e4f777be159,3571,1
C:\SRS(ISIC_2019)\Dataset\BCC\ISIC_0069066.jpg,isic_0069066,1,54de9f5f64b85b73b1d5850023e99d9029c55a434578e4f465cd7d326ed0b733,3573,1
C:\SRS(ISIC_2019)\Dataset\BCC\ISIC_0069104.jpg,isic_0069104,1,8a4eb561b399ca6883ef0d7516f5abca752dcfab4a944dbbf8a892a1745eee0b,3578,1
C:\SRS(ISIC_2019)\Dataset\BCC\ISIC_0069132.jpg,isic_0069132,1,438bbc2c0afb266fe4d0fbbfb21cf4fad07282ac1b6d3d29398204a6db6ddab1,3580,1
C:\SRS(ISIC_2019)\Dataset\BCC\ISIC_0069153.jpg,isic_0069153,1,57d55a0824ce052c76aaecfaef40ad18b9af06044e5fc2ead68fd50999b2ecb6,3583,1
C:\SRS(ISIC_2019)\Dataset\BCC\ISIC_0069180.jpg,isic_0069180,1,91f5846114071524c7c49996e6c8ca6a1fd07a6b91c15c3ff94442beffbb973e,3587,1
C:\SRS(ISIC_2019)\Dataset\BCC\ISIC_0069184.jpg,isic_0069184,1,5666d1585c0c9231e2ecec4ae5f53c46a1590883b5f1169db6552d8d83b5b62b,3588,1
C:\SRS(ISIC_2019)\Dataset\BCC\ISIC_0069185.jpg,isic_0069185,1,f58c6ec0534ce64564414c6f8cb0b70f7967a6901c8bfb4a4219abcced77dff2,3589,1
C:\SRS(ISIC_2019)\Dataset\BCC\ISIC_0069191.jpg,isic_0069191,1,62b79c0dc5b2aa0cc7cef19396ac912e0f257ff78a48c35d6982a538fa0d4401,3591,1
C:\SRS(ISIC_2019)\Dataset\BCC\ISIC_0069206.jpg,isic_0069206,1,a75742cb958a6e3a119d3ac31d5efd61876db332c77640d1f905fc9a92288f29,3593,1
C:\SRS(ISIC_2019)\Dataset\BCC\ISIC_0069219.jpg,isic_0069219,1,0d7855e8661453e4ec575c4d0c47ace97006207b82f3d27027fe884526ccccc3,3595,1
C:\SRS(ISIC_2019)\Dataset\BCC\ISIC_0069301.jpg,isic_0069301,1,1dbeb5b69a945c14c033cefedfe89800b4f6d32693fd89573336479556eda010,3608,1
C:\SRS(ISIC_2019)\Dataset\BCC\ISIC_0069335.jpg,isic_0069335,1,6701ace65e598a17e24f2537c4fa028a38428af15b27bbf1505551ea51f6c920,3614,1
C:\SRS(ISIC_2019)\Dataset\BCC\ISIC_0069345.jpg,isic_0069345,1,64de24c013a071032baa7fd470f2327f71768dd242ab26a29a0fc3d85627bc38,3617,1
C:\SRS(ISIC_2019)\Dataset\BCC\ISIC_0069422.jpg,isic_0069422,1,72a808a72c5f63c9c1c67fe7c5df1ead2bffadee8992c4319e56ad54515d8861,3623,1
C:\SRS(ISIC_2019)\Dataset\BCC\ISIC_0069477.jpg,isic_0069477,1,3a32747c9e1fbd76868c9bbf71729def95c47db5a247c7dde77717c56a12290a,3634,1
C:\SRS(ISIC_2019)\Dataset\BCC\ISIC_0069513.jpg,isic_0069513,1,66dfe202b7b7d77f67844d3092a491916b7f08c60c27c57ec086e45a353c665e,3640,1
C:\SRS(ISIC_2019)\Dataset\BCC\ISIC_0069701.jpg,isic_0069701,1,0eb11e1ad0411eb5b4d005237738de3fdce19ab8af950597146d0bb08a755591,3666,1
C:\SRS(ISIC_2019)\Dataset\BCC\ISIC_0069703.jpg,isic_0069703,1,baadfd7295f851243acf68159968f3f61bb409b7cde5d8ce760b0dbc75652494,3667,1
C:\SRS(ISIC_2019)\Dataset\BCC\ISIC_0069742.jpg,isic_0069742,1,628c9b2a20923d198204df088afd17a8b8e6bc8f39842e9542bde98fa99fb734,3677,1
C:\SRS(ISIC_2019)\Dataset\BCC\ISIC_0069744.jpg,isic_0069744,1,b81648cc01f8f65fcd31126028dd5c90ebcad25ae157c3d61d0ef064f2fb128d,3678,1
C:\SRS(ISIC_2019)\Dataset\BCC\ISIC_0069812.jpg,isic_0069812,1,def96e28b73e3f5453d333a6d3d16043588098535d8273c5e891c3bd6c6c7d83,3688,1
C:\SRS(ISIC_2019)\Dataset\BCC\ISIC_0069836.jpg,isic_0069836,1,989eb407d8dabd22d183273d3b03c1fba8c50e2a67da50ae479f6879efd6e3be,3692,1
C:\SRS(ISIC_2019)\Dataset\BCC\ISIC_0069843.jpg,isic_0069843,1,701f9359a7c4cd1cb264dddc235568c9783dece6879bbc2b5c7e8d4b9b9e416f,3694,1
C:\SRS(ISIC_2019)\Dataset\BCC\ISIC_0070021.jpg,isic_0070021,1,603368291578e4f8e981b268a454784c98bb056a5c6a5fe0acf2d1cff3877ec9,3714,1
C:\SRS(ISIC_2019)\Dataset\BCC\ISIC_0070053.jpg,isic_0070053,1,3e74401fa91c36bf7a2f3a140d7a6c7e6dc7a6ec01d0564f33c6009ef6683d5c,3719,1
C:\SRS(ISIC_2019)\Dataset\BCC\ISIC_0070086.jpg,isic_0070086,1,7d2424956eed6703816963fa2271d14618492b989548a1e1b66e8831fe4a8b4f,3724,1
C:\SRS(ISIC_2019)\Dataset\BCC\ISIC_0070102.jpg,isic_0070102,1,a993042b341e7a346d165e654a964c8ea7ab01ed6534d1cefe4659c08ccfdb94,3728,1
C:\SRS(ISIC_2019)\Dataset\BCC\ISIC_0070183.jpg,isic_0070183,1,791fa6979bc63e5edc0bc50f9dc6753b0d6201bee507526e51a482e9ad20fbd6,3740,1
C:\SRS(ISIC_2019)\Dataset\BCC\ISIC_0070223.jpg,isic_0070223,1,ba9da095c8d4fa9e0c10fdc63db5702e98844cc73c737c6d6a0d0cfd6b9514f4,3748,1
C:\SRS(ISIC_2019)\Dataset\BCC\ISIC_0070266.jpg,isic_0070266,1,d2607245846943f7bfcc726062d5ee3a09fa4505e73d61cfe51de743cbbc852d,3754,1
C:\SRS(ISIC_2019)\Dataset\BCC\ISIC_0070301.jpg,isic_0070301,1,7b7ac1d7e55a493e0ef126e6010df6f49b22ff20aea338765d494bca051fa95e,3757,1
C:\SRS(ISIC_2019)\Dataset\BCC\ISIC_0070319.jpg,isic_0070319,1,4564accb45b77792605a38e9861cc81e1c18f01a0c3e854876d31ccd357e7a11,3761,1
C:\SRS(ISIC_2019)\Dataset\BCC\ISIC_0070328.jpg,isic_0070328,1,5d90cec0803ae0a36a3e445aadf4b867250e84fbaa834b80b4cb4efb61f9dfad,3762,1
C:\SRS(ISIC_2019)\Dataset\BCC\ISIC_0070345.jpg,isic_0070345,1,243f7285d969cb5f05ed9684ee96580393a049b885ed8479da987cbab24012b8,3763,1
C:\SRS(ISIC_2019)\Dataset\BCC\ISIC_0070390.jpg,isic_0070390,1,da7ba4b720a11aa32d29d0589d057423ba5e02409aa14728a5adcdb1b1773878,3769,1
C:\SRS(ISIC_2019)\Dataset\BCC\ISIC_0070532.jpg,isic_0070532,1,6d0e19e34e4598b2ed7d952ebf5f358c7b5c010cff45e36fe572675607cd8003,3786,1
C:\SRS(ISIC_2019)\Dataset\BCC\ISIC_0070534.jpg,isic_0070534,1,fcca4a795cad204cde5c914c8833290097f708e962336fe57d5bd5f42827733e,3787,1
C:\SRS(ISIC_2019)\Dataset\BCC\ISIC_0070541.jpg,isic_0070541,1,33d31f0217d7a51263085e02d04103d59b2fe6a19b44af6895d5a0ef85932e3c,3791,1
C:\SRS(ISIC_2019)\Dataset\BCC\ISIC_0070568.jpg,isic_0070568,1,e0a13070c9ad68399e4f92b82216bec8d607e354fc853d35d463eea5242cffe9,3793,1
C:\SRS(ISIC_2019)\Dataset\BCC\ISIC_0070573.jpg,isic_0070573,1,9e96f2f4b8216b29732df9384bd0c0cb97d1541a020f0b7eebf3c831f04b571b,3794,1
C:\SRS(ISIC_2019)\Dataset\BCC\ISIC_0070608.jpg,isic_0070608,1,960da34c792321c58faf03e58394f76e1d698f019d696206e8fe1963ad8f6867,3795,1
C:\SRS(ISIC_2019)\Dataset\BCC\ISIC_0070642.jpg,isic_0070642,1,fdb4eb8e538cf4622ec7ca34a9be7cf4280c63d50cae8ad7ba0622e08eb47095,3799,1
C:\SRS(ISIC_2019)\Dataset\BCC\ISIC_0070672.jpg,isic_0070672,1,979fc87f224fd88825744fa191b588d38ff89eb7a3c16cecfa52ad0e3f193532,3805,1
C:\SRS(ISIC_2019)\Dataset\BCC\ISIC_0070687.jpg,isic_0070687,1,d4f3e42ccfb5640c9e8ddfcd423d60a34981f21b421efb2af7135c5f34066e06,3809,1
C:\SRS(ISIC_2019)\Dataset\BCC\ISIC_0070721.jpg,isic_0070721,1,3b9cfec74b1a92477d2609e10c9b9dd3286e3a56f3a47b27b060575f5da26cf5,3816,1
C:\SRS(ISIC_2019)\Dataset\BCC\ISIC_0070734.jpg,isic_0070734,1,c8d50f9d014c56b7dda29a18f82ecd6f5967f0ffaf3c6da7377df6fd232d63ef,3818,1
C:\SRS(ISIC_2019)\Dataset\BCC\ISIC_0070744.jpg,isic_0070744,1,0a4de275dc651e79ead6e218c36728a7957c16ba03892f03146bbde5a6731891,3820,1
C:\SRS(ISIC_2019)\Dataset\BCC\ISIC_0070789.jpg,isic_0070789,1,a777e9f73d921a82aa101471c46b6fad770dc337c9dace48408649b1ed8d9a9a,3825,1
C:\SRS(ISIC_2019)\Dataset\BCC\ISIC_0070891.jpg,isic_0070891,1,b29ba254df61869f1b086faa1f063684566666749cd67da67a1e8f9401cb6b89,3842,1
C:\SRS(ISIC_2019)\Dataset\BCC\ISIC_0070958.jpg,isic_0070958,1,19c323da4aa0f0ff2b931841dddccbd04509cd1337df3d06def64e05b3461e28,3855,1
C:\SRS(ISIC_2019)\Dataset\BCC\ISIC_0070997.jpg,isic_0070997,1,7ab4cf3653be1b8d2201617a920c0ef4d743eda684cc281f422ff08668d042e4,3859,1
C:\SRS(ISIC_2019)\Dataset\BCC\ISIC_0071150.jpg,isic_0071150,1,fb3446b2a8bb8303773f2e90541e8a0c4634be81c995f1a0bdb9204ec1987982,3875,1
C:\SRS(ISIC_2019)\Dataset\BCC\ISIC_0071163.jpg,isic_0071163,1,c403ab96fd0804219999d1de200a8b0067a072cf40b78a4c1f2c7aad63606802,3878,1
C:\SRS(ISIC_2019)\Dataset\BCC\ISIC_0071170.jpg,isic_0071170,1,c1559457356d544967b85d3dfc6fb28c647675c7397cebc5e7b528e3bcc5405e,3879,1
C:\SRS(ISIC_2019)\Dataset\BCC\ISIC_0071188.jpg,isic_0071188,1,4f77c79f8f08722d780b7a3024cfa2eb2da219d4f6758996ac7d634cf7294247,3881,1
C:\SRS(ISIC_2019)\Dataset\BCC\ISIC_0071295.jpg,isic_0071295,1,07496c12de6529d6d084261d435fc29ca6c29364ed7e2afc32a31c569b9a0706,3894,1
C:\SRS(ISIC_2019)\Dataset\BCC\ISIC_0071419.jpg,isic_0071419,1,883cf3aec7c366e628e933138c12229ea82b0294b469e8baacf2a926b55b2f2f,3912,1
C:\SRS(ISIC_2019)\Dataset\BCC\ISIC_0071438.jpg,isic_0071438,1,98fd28ef613aa350aa5e3020f452e65777bc7c601eff5cb2bb50ca004e282af0,3914,1
C:\SRS(ISIC_2019)\Dataset\BCC\ISIC_0071450.jpg,isic_0071450,1,11ad2ed8b64dc2219e993fc6b95028e8ea77bd776d20976660b14a108367b713,3918,1
C:\SRS(ISIC_2019)\Dataset\BCC\ISIC_0071555.jpg,isic_0071555,1,13a332f972c9f34cd954598670be57add2047f96bd53d2921d674379c75d74ac,3930,1
C:\SRS(ISIC_2019)\Dataset\BCC\ISIC_0071646.jpg,isic_0071646,1,7c2fc010f29f532fa6b06bc2409b92a179a750354d2349f7bc4b75b1d781887b,3941,1
C:\SRS(ISIC_2019)\Dataset\BCC\ISIC_0071672.jpg,isic_0071672,1,c34e0398900c55500d10253768ac7945c6406923d8257e95afc7d1312e7cbe7c,3945,1
C:\SRS(ISIC_2019)\Dataset\BCC\ISIC_0071715.jpg,isic_0071715,1,d0f81060931d7512e4535bd439d729c94e793f237c903c6bd8c31d4847dd0b0f,3950,1
C:\SRS(ISIC_2019)\Dataset\BCC\ISIC_0071724.jpg,isic_0071724,1,e96d8d20ff0333e503e3f8664693ff7d44656975366bab9e7e5c88f2a2c1e052,3951,1
C:\SRS(ISIC_2019)\Dataset\BCC\ISIC_0071730.jpg,isic_0071730,1,b234786702f0bde76b9c24f11e6885f910e0aaf8a1f5ad7ca7b66a83fa8cfb63,3952,1
C:\SRS(ISIC_2019)\Dataset\BCC\ISIC_0071792.jpg,isic_0071792,1,3720ce87cd150151b0bd92edb3eb3a9e3654bca1c1a5824874433cc30753a1ed,3959,1
C:\SRS(ISIC_2019)\Dataset\BCC\ISIC_0071908.jpg,isic_0071908,1,b0976d6049fccab813b0e732b7f071df3058beea5828fae41d78e5a2bdab0273,3974,1
C:\SRS(ISIC_2019)\Dataset\BCC\ISIC_0071955.jpg,isic_0071955,1,d3c048a1beb5d5fe4ec511baa92f970c701835e9eb869057c59a500c16e1d63b,3978,1
C:\SRS(ISIC_2019)\Dataset\BCC\ISIC_0071958.jpg,isic_0071958,1,b7ac11fc22e043397ff1bf881478081dd2e9f5768793380b3cb515e66561bd88,3979,1
C:\SRS(ISIC_2019)\Dataset\BCC\ISIC_0071964.jpg,isic_0071964,1,f843a30ad04c5309de26ecf55639d75ed47ede42e6374daa19fc58c7a78ab959,3981,1
C:\SRS(ISIC_2019)\Dataset\BCC\ISIC_0071987.jpg,isic_0071987,1,c87e81edc93ff045707193975dedc6ac6105aba44bd0ed2ceb61d1699f88f845,3985,1
C:\SRS(ISIC_2019)\Dataset\BCC\ISIC_0071991.jpg,isic_0071991,1,89b8d040ba68de046983650988feb7d1749f0866d015226dae00e5efa3f47892,3986,1
C:\SRS(ISIC_2019)\Dataset\BCC\ISIC_0072029.jpg,isic_0072029,1,7f6f96afd31e7f0dcb99d76dd87f84a7ef5de75db63548e7c97ffc707885abc4,3989,1
C:\SRS(ISIC_2019)\Dataset\BCC\ISIC_0072052.jpg,isic_0072052,1,293d7c7501a299decd81bd6a8466fdff82019c2684bb607490d8a2b5a04b3bfa,3994,1
C:\SRS(ISIC_2019)\Dataset\BCC\ISIC_0072060.jpg,isic_0072060,1,b1bacd3a4e5d42350c9d01f1d1c9a01ddb31c9f209fc7be96068d614bb76d69c,3995,1
C:\SRS(ISIC_2019)\Dataset\BCC\ISIC_0072092.jpg,isic_0072092,1,661d2bf8c31f44ba0f092a42a75289f01bf06af22898be2dee94fb0fb603c4d2,4000,1
C:\SRS(ISIC_2019)\Dataset\BCC\ISIC_0072189.jpg,isic_0072189,1,5d33f8419fb146d9e95a76db5a7f58f72777eb6e30294b9e00039705804c0e57,4015,1
C:\SRS(ISIC_2019)\Dataset\BCC\ISIC_0072245.jpg,isic_0072245,1,eb8736180c178f1482ea419679032fc217feb0cf97b0d9b1b1b7b7443cbb0767,4023,1
C:\SRS(ISIC_2019)\Dataset\BCC\ISIC_0072276.jpg,isic_0072276,1,f94e7a1398b2e19223175860aede5e68e4071451c277687ec7b3f57219c69e9c,4031,1
C:\SRS(ISIC_2019)\Dataset\BCC\ISIC_0072318.jpg,isic_0072318,1,c927e187f675e1bb08a570d3545b6e8dd9bbac95ab31a4d27c1ce9959c7a9e98,4034,1
C:\SRS(ISIC_2019)\Dataset\BCC\ISIC_0072457.jpg,isic_0072457,1,49cfe502d7a9a317db6931f4c14042a153bd5855f59eb8eafbccb5f16ba85366,4051,1
C:\SRS(ISIC_2019)\Dataset\BCC\ISIC_0072474.jpg,isic_0072474,1,1efb86e7fc1c67785b7a3294afe38da233f1bb37c0f225261fb0dfb9e47dbfe6,4056,1
C:\SRS(ISIC_2019)\Dataset\BCC\ISIC_0072492.jpg,isic_0072492,1,d31dd1a5301e50e6d0078073fdc768bd70e2b8402dd80660ea4f65656afd903f,4061,1
C:\SRS(ISIC_2019)\Dataset\BCC\ISIC_0072511.jpg,isic_0072511,1,918426ace36b8c1e14e15ba5e9263fb82fac03bef4e48375b92a59c64601cd26,4064,1
C:\SRS(ISIC_2019)\Dataset\BCC\ISIC_0072515.jpg,isic_0072515,1,a511d382e72c26aff8f5230600eee9a834e59f5d1f56a2b34b7ad550fee4d98b,4065,1
C:\SRS(ISIC_2019)\Dataset\BCC\ISIC_0072540.jpg,isic_0072540,1,5b009116622b00df8a7640762b68f181f8e46cf04cd92b1a7fa90631b2cc31b9,4068,1
C:\SRS(ISIC_2019)\Dataset\BCC\ISIC_0072548.jpg,isic_0072548,1,541f0041c29880d49b99df1a560322e72296a8e03f4119b26150faa746758260,4070,1
C:\SRS(ISIC_2019)\Dataset\BCC\ISIC_0072567.jpg,isic_0072567,1,4a82cf94bbc4953ebc33c83c71c1d059a34b26ec9f452adae9ebb8a1b0b961a0,4072,1
C:\SRS(ISIC_2019)\Dataset\BCC\ISIC_0072583.jpg,isic_0072583,1,a4c61c886187f4ba0c105372cb51323655022c20bb147358706d7f7b5c24e9c6,4075,1
C:\SRS(ISIC_2019)\Dataset\BCC\ISIC_0072603.jpg,isic_0072603,1,c7c696fe4681dbcd377a04524256516126bb72b93148fabae138606fbc3fe0d6,4078,1
C:\SRS(ISIC_2019)\Dataset\BCC\ISIC_0072605.jpg,isic_0072605,1,bf388907cb4c0a5521e1288a39bae5fde1bc8f81923bcc732b6481ce8294b926,4079,1
C:\SRS(ISIC_2019)\Dataset\BCC\ISIC_0072623.jpg,isic_0072623,1,c5eabdca1109c9218b8d3f9f1607d92caa55ac6e7888fd14349b0d247f6621f2,4083,1
C:\SRS(ISIC_2019)\Dataset\BCC\ISIC_0072625.jpg,isic_0072625,1,9c7d7278d32c85abbe57a8cf47cfee637b124c9327d7ceeb428f00a09ecf077a,4084,1
C:\SRS(ISIC_2019)\Dataset\BCC\ISIC_0072638.jpg,isic_0072638,1,e212829c80ee3e172628b57a2b098dfd9c92dc3269f2d10322bbe11940ccaa39,4086,1
C:\SRS(ISIC_2019)\Dataset\BCC\ISIC_0072649.jpg,isic_0072649,1,667dc746e5ce6e025ac75c1a2d5b90e04427c4ca348868c076d3c4dc66c696de,4088,1
C:\SRS(ISIC_2019)\Dataset\BCC\ISIC_0072662.jpg,isic_0072662,1,8cf77fe1e6ce72904ff0e5d7c141cd4a9baf0547237e5c62d28ef846ff3770d6,4091,1
C:\SRS(ISIC_2019)\Dataset\BCC\ISIC_0072663.jpg,isic_0072663,1,60b1bc95b6c48f1432b9f63ff5690bfab4d400cdd233e3b0318c8a42b1b593a1,4092,1
C:\SRS(ISIC_2019)\Dataset\BCC\ISIC_0072709.jpg,isic_0072709,1,125387a0a091f03c29afd420ecbfe8f7101f8c39ac33c6caee347bd4cb93e157,4101,1
C:\SRS(ISIC_2019)\Dataset\BCC\ISIC_0072750.jpg,isic_0072750,1,692f9f0358284294842871bd6e4e7a79269b36308057741547c0c54a83709560,4106,1
C:\SRS(ISIC_2019)\Dataset\BCC\ISIC_0072761.jpg,isic_0072761,1,f17393d390535b3922434c2aec3b33a41b485ffe8c92d6bf273cb1fc8ab25c18,4108,1
C:\SRS(ISIC_2019)\Dataset\BCC\ISIC_0072792.jpg,isic_0072792,1,e51df30dcaaaaeb93c1d31282707687ca714f8d5718e0bea67b7f5242471fbdd,4112,1
C:\SRS(ISIC_2019)\Dataset\BCC\ISIC_0072805.jpg,isic_0072805,1,97244b5a10a8e4d00ac901ba9a9c7591777b0adbd782ab0e5caa93823c61fb03,4113,1
C:\SRS(ISIC_2019)\Dataset\BCC\ISIC_0072871.jpg,isic_0072871,1,d45dc9e0608fa3f8fc3c699e25769fab1ac392ee4902c479a1c3c5391438bd50,4128,1
C:\SRS(ISIC_2019)\Dataset\BCC\ISIC_0072891.jpg,isic_0072891,1,302f2820a2952ff37e2789072245119663d7c11ab4dd6da4d000d00519494799,4131,1
C:\SRS(ISIC_2019)\Dataset\BCC\ISIC_0072916.jpg,isic_0072916,1,61d1a297d6fb7d6754e6bfd0854236186d25b7d98e0e29807d64e89f9a05d788,4136,1
C:\SRS(ISIC_2019)\Dataset\BCC\ISIC_0072931.jpg,isic_0072931,1,5f1410c7cdadedabfb86538b5305632752165593fa81d0d22ba8f631e6a3556a,4137,1
C:\SRS(ISIC_2019)\Dataset\BCC\ISIC_0072951.jpg,isic_0072951,1,712cd60d85d668ac0b1c71baa58d586e9da00485a827c5ce130a7a60fed0c790,4140,1
C:\SRS(ISIC_2019)\Dataset\BCC\ISIC_0073009.jpg,isic_0073009,1,31a6d513dd9071493f203b95e14838ce15e81d56c401634639638a9e90f427fc,4147,1
C:\SRS(ISIC_2019)\Dataset\BCC\ISIC_0073028.jpg,isic_0073028,1,18323c769d357aa30c932ab7e7d50b0838a344a47e9a121c8983be90d37ffd69,4151,1
C:\SRS(ISIC_2019)\Dataset\BCC\ISIC_0073061.jpg,isic_0073061,1,9a3237655b42ec48af8d6e9dbb7006947666485fcf9c0e71ddd07be0b48957d5,4158,1
C:\SRS(ISIC_2019)\Dataset\BCC\ISIC_0073128.jpg,isic_0073128,1,e1d6c930c5daf527f66a24cb1c5590674649b3101e00b413a6729db1d7ca9bc7,4172,1
C:\SRS(ISIC_2019)\Dataset\BCC\ISIC_0073137.jpg,isic_0073137,1,6b2a349044f633474bc51c3494f485b3742f205c6c818217bb2308efa6b5b76f,4173,1
C:\SRS(ISIC_2019)\Dataset\BCC\ISIC_0073172.jpg,isic_0073172,1,5f623cdcb5d4b3faf84c974c58b9a94dbaa5d12cbcd7da8bfada5349fd9bc54b,4181,1
C:\SRS(ISIC_2019)\Dataset\BKL\ISIC_0012086_downsampled.jpg,isic_0012086_downsampled,2,b01c62375d0ea7d443f977e740147914203c1755206b477e64a29e9a451e03a4,4191,1
C:\SRS(ISIC_2019)\Dataset\BKL\ISIC_0012090_downsampled.jpg,isic_0012090_downsampled,2,e1df3f33b08d2cc10628ec3d59d80a0ae3e1654f4ed25604dce4af39cc3d7a3b,4192,1
C:\SRS(ISIC_2019)\Dataset\BKL\ISIC_0012215_downsampled.jpg,isic_0012215_downsampled,2,46a0e1d200a87f727ec97b2ebe1e40575c30f79c02571ec2ffd2f19792790f54,4209,1
C:\SRS(ISIC_2019)\Dataset\BKL\ISIC_0012248_downsampled.jpg,isic_0012248_downsampled,2,cba0babe820dfbd7eed3c2f4d438f81dd88c23ed7ff6a7c8c7c5a14d08424dde,4218,1
C:\SRS(ISIC_2019)\Dataset\BKL\ISIC_0012291_downsampled.jpg,isic_0012291_downsampled,2,49cc805944254341d9bf71a362b2838ed6c6cea190b82c4ca123edde1a6452dd,4225,1
C:\SRS(ISIC_2019)\Dataset\BKL\ISIC_0012294_downsampled.jpg,isic_0012294_downsampled,2,da2199f087f7793102bccd9b100ad13475c88d5d9d9ec52a438d8558abb09505,4226,1
C:\SRS(ISIC_2019)\Dataset\BKL\ISIC_0012386_downsampled.jpg,isic_0012386_downsampled,2,7cf247df70508f1904846c5203bbc2567ddc0bad3747afb243b6d81aac358fea,4242,1
C:\SRS(ISIC_2019)\Dataset\BKL\ISIC_0012428_downsampled.jpg,isic_0012428_downsampled,2,a15be524ce96e987416c824ed0276f8a5e4a05e80571da74c432eec7093433b6,4251,1
C:\SRS(ISIC_2019)\Dataset\BKL\ISIC_0012447_downsampled.jpg,isic_0012447_downsampled,2,6b4428e2dcab5ef5d4ff8febe386f975875c01a332186dc88b044f9fcc2d9d1e,4254,1
C:\SRS(ISIC_2019)\Dataset\BKL\ISIC_0012459_downsampled.jpg,isic_0012459_downsampled,2,8df4fa2ff9990304589e41d9b2e6358c728e79b1d8aa61cb1252fc0a69ce37c5,4258,1
C:\SRS(ISIC_2019)\Dataset\BKL\ISIC_0012478_downsampled.jpg,isic_0012478_downsampled,2,910d4eced9cfe4c2b48a5b073a42ba675e8151f5666c984014c22e17d29621c3,4262,1
C:\SRS(ISIC_2019)\Dataset\BKL\ISIC_0012501_downsampled.jpg,isic_0012501_downsampled,2,a2414a578df73ea5ed106b28006c40a468d04146fccbbca018dd97dd457c850e,4264,1
C:\SRS(ISIC_2019)\Dataset\BKL\ISIC_0012516_downsampled.jpg,isic_0012516_downsampled,2,954e1628a710d5e70e67eaec4a3d13f0c55f730d944db6b8d51a3ac5e5c62859,4267,1
C:\SRS(ISIC_2019)\Dataset\BKL\ISIC_0012548_downsampled.jpg,isic_0012548_downsampled,2,163740b0f1cc9c02e08e96e52df8daebcb8e585910affbf3eda39a9d79ed79d9,4273,1
C:\SRS(ISIC_2019)\Dataset\BKL\ISIC_0012800_downsampled.jpg,isic_0012800_downsampled,2,14d0f777f50a2937652a323674cff5c07dbe8dd9ab45c04c42b20df51480bc40,4290,1
C:\SRS(ISIC_2019)\Dataset\BKL\ISIC_0012828_downsampled.jpg,isic_0012828_downsampled,2,d6c327e7435cd2d038f192492e5375faa2fef5afdfae84b145f5e9a1b25bde92,4294,1
C:\SRS(ISIC_2019)\Dataset\BKL\ISIC_0012845_downsampled.jpg,isic_0012845_downsampled,2,6fbb555b7c587da2fc9799891f93475437787c8718e3b88069e403084e89f483,4297,1
C:\SRS(ISIC_2019)\Dataset\BKL\ISIC_0012852_downsampled.jpg,isic_0012852_downsampled,2,c2cbb135f4cb451f39931b235cb835e975e13dec3b6def71c7fa29a02fc6fc4a,4300,1
C:\SRS(ISIC_2019)\Dataset\BKL\ISIC_0012854_downsampled.jpg,isic_0012854_downsampled,2,46f5e3e8d96ffd997138f3a5e5497c9184c81fb987c59d6041edab4edfbb734a,4301,1
C:\SRS(ISIC_2019)\Dataset\BKL\ISIC_0012952_downsampled.jpg,isic_0012952_downsampled,2,5932aa54ce4fe7b16a2a5814612700ea8cb470bfd02d3fc637af44c02f9b0906,4311,1
C:\SRS(ISIC_2019)\Dataset\BKL\ISIC_0013052_downsampled.jpg,isic_0013052_downsampled,2,c04d337223477077ab81d24b5cd75d8eed4cb9e90986fb6fc4546623382b48f0,4324,1
C:\SRS(ISIC_2019)\Dataset\BKL\ISIC_0013088_downsampled.jpg,isic_0013088_downsampled,2,76d97cc207e9c4e25d175699a45472fdeb47bf78ea5104f533f703cd0e00db60,4331,1
C:\SRS(ISIC_2019)\Dataset\BKL\ISIC_0013166_downsampled.jpg,isic_0013166_downsampled,2,cb6f81b1e3e6b598d4d135543b27ec5d7b736ffd3d9cd98b27a2c0512f44af2d,4341,1
C:\SRS(ISIC_2019)\Dataset\BKL\ISIC_0013177_downsampled.jpg,isic_0013177_downsampled,2,8b46e45f03712d9cb1c7460beda7226afaec2face721ade0b3dae2180cadb023,4346,1
C:\SRS(ISIC_2019)\Dataset\BKL\ISIC_0013223_downsampled.jpg,isic_0013223_downsampled,2,4512499b76021c03bbee0eedc743684c848abc85c4ad347886f51706acfb2b35,4352,1
C:\SRS(ISIC_2019)\Dataset\BKL\ISIC_0013393_downsampled.jpg,isic_0013393_downsampled,2,27fd9847ab6bccefb4b18c0596c78cd285e4169fd7dfae3fa32a3c7a74edfff4,4367,1
C:\SRS(ISIC_2019)\Dataset\BKL\ISIC_0013465_downsampled.jpg,isic_0013465_downsampled,2,b5af97b964c9416cc4edc0e24800b5a5b47b568cc18fd0f840cba1263fb1fbb8,4374,1
C:\SRS(ISIC_2019)\Dataset\BKL\ISIC_0013584_downsampled.jpg,isic_0013584_downsampled,2,c44abdd4e2321039842d289700e8a50c9140d42f9109160bf2b6415e550a30ef,4378,1
C:\SRS(ISIC_2019)\Dataset\BKL\ISIC_0013625_downsampled.jpg,isic_0013625_downsampled,2,f18d0f2ff08e26b0f348526457821644d7bfb566a5b1141b8267f649b65c4cf8,4381,1
C:\SRS(ISIC_2019)\Dataset\BKL\ISIC_0013667_downsampled.jpg,isic_0013667_downsampled,2,acede7fe253645ea3fc38b60540f6b260837c2e531b079d7bb0ebc4170457e3a,4385,1
C:\SRS(ISIC_2019)\Dataset\BKL\ISIC_0013691_downsampled.jpg,isic_0013691_downsampled,2,7ea589c057182903f3f600efba95a21d78c3ba671ed6bed2c8adc1202bee7e08,4392,1
C:\SRS(ISIC_2019)\Dataset\BKL\ISIC_0013708_downsampled.jpg,isic_0013708_downsampled,2,695dde16a8d547b30f947dfb7acefe5df9b378943142e02844e7be18c2b6f0bd,4395,1
C:\SRS(ISIC_2019)\Dataset\BKL\ISIC_0013817_downsampled.jpg,isic_0013817_downsampled,2,91b69f128a342403bdadc0bb511d2c7bf99d80b554f6cee6d042d653426fd0c0,4403,1
C:\SRS(ISIC_2019)\Dataset\BKL\ISIC_0013841_downsampled.jpg,isic_0013841_downsampled,2,0376a2c6dedeb7f12505fb44b947f2ee5ae518c843c2ce61d25e8082d5d94220,4404,1
C:\SRS(ISIC_2019)\Dataset\BKL\ISIC_0013864_downsampled.jpg,isic_0013864_downsampled,2,f9b2b7232ecc5b10d8d78800fcbc716f21f43abe6b5b8022692119571460d717,4406,1
C:\SRS(ISIC_2019)\Dataset\BKL\ISIC_0013918_downsampled.jpg,isic_0013918_downsampled,2,8914533564f6bc5ea196fc068ba7b36643524618642d4b5bce599314d77dba85,4410,1
C:\SRS(ISIC_2019)\Dataset\BKL\ISIC_0014031_downsampled.jpg,isic_0014031_downsampled,2,b1c5596bc10ae732c0e4af6262db8f5f4539e88121674b656ede93285093072b,4422,1
C:\SRS(ISIC_2019)\Dataset\BKL\ISIC_0014216_downsampled.jpg,isic_0014216_downsampled,2,36b67f800742113670ca73584b4acefd8fbeac1a3d00adc46a261f9c3e69f8e7,4435,1
C:\SRS(ISIC_2019)\Dataset\BKL\ISIC_0014432_downsampled.jpg,isic_0014432_downsampled,2,b55d019b2e7b8842ef2d1155d82580458013ad2310f909a4322b8e102959e807,4452,1
C:\SRS(ISIC_2019)\Dataset\BKL\ISIC_0014474_downsampled.jpg,isic_0014474_downsampled,2,8b07dae219d279da8dc1143def3f244784e3009f3c33363e5a463374595499db,4454,1
C:\SRS(ISIC_2019)\Dataset\BKL\ISIC_0014568_downsampled.jpg,isic_0014568_downsampled,2,03560523db7d0bd5d4f27a0a9eece552c500ec4d174af1526895a72d8d6bedcd,4464,1
C:\SRS(ISIC_2019)\Dataset\BKL\ISIC_0014572_downsampled.jpg,isic_0014572_downsampled,2,09fd8b094e44fa3e7a84ffc8c0044cdbe897d5beb9d0c853fff4c29b97f097ec,4468,1
C:\SRS(ISIC_2019)\Dataset\BKL\ISIC_0014573_downsampled.jpg,isic_0014573_downsampled,2,e1eb7ca761543728e75c82db2bebc5cf4238e755172569ea7b1cfe5b3310acf0,4469,1
C:\SRS(ISIC_2019)\Dataset\BKL\ISIC_0014578_downsampled.jpg,isic_0014578_downsampled,2,be12e6ab61e7ecb439a5497746109fea10d58b969f2fa9419c9d7eab7ad72cba,4474,1
C:\SRS(ISIC_2019)\Dataset\BKL\ISIC_0014585_downsampled.jpg,isic_0014585_downsampled,2,e5496136c19605d3e59597ae3c2d9958a1b3ae8b7bdf3408261d7e91f40b5310,4480,1
C:\SRS(ISIC_2019)\Dataset\BKL\ISIC_0014595_downsampled.jpg,isic_0014595_downsampled,2,346906230a21d6e0ab7d5ef0ce67d00d5e1930724b1aec930d8404c503b71a34,4490,1
C:\SRS(ISIC_2019)\Dataset\BKL\ISIC_0014597_downsampled.jpg,isic_0014597_downsampled,2,e614b138cc7813fd6a21c5538e6239ef06f605ef6feb1df03ac325f4c6892cb2,4492,1
C:\SRS(ISIC_2019)\Dataset\BKL\ISIC_0014619_downsampled.jpg,isic_0014619_downsampled,2,e8cc919df1675c8b800184a9e8df5aa900a6d7091cef63396b748547b9ae4d5d,4512,1
C:\SRS(ISIC_2019)\Dataset\BKL\ISIC_0014626_downsampled.jpg,isic_0014626_downsampled,2,867c40a15834bec16124f4d1a80a5499db702b90e1644b8adb04a07a7f4041d9,4519,1
C:\SRS(ISIC_2019)\Dataset\BKL\ISIC_0014627_downsampled.jpg,isic_0014627_downsampled,2,9f6822fa7d614458c86f3f6a10024301498216aaf1447e1392481d5459988e06,4520,1
C:\SRS(ISIC_2019)\Dataset\BKL\ISIC_0014629_downsampled.jpg,isic_0014629_downsampled,2,ac982d5b8e7dd067a7240f7d879a5b825ea8141c5cf4f825f1ef8e4ffe38f5ce,4522,1
C:\SRS(ISIC_2019)\Dataset\BKL\ISIC_0014634_downsampled.jpg,isic_0014634_downsampled,2,7f4a339a06c4e5bb01a338e4e3eb533750f9c83cee2f17176541042070596b8b,4527,1
C:\SRS(ISIC_2019)\Dataset\BKL\ISIC_0014635_downsampled.jpg,isic_0014635_downsampled,2,9e904f317578652ed4b8692085a3383c00d900447804db0d4f841515f55a60d1,4528,1
C:\SRS(ISIC_2019)\Dataset\BKL\ISIC_0014636_downsampled.jpg,isic_0014636_downsampled,2,69037dcf5152415da4bae34ff38dbebec962ec6712fe603b4cb6260683b1b594,4529,1
C:\SRS(ISIC_2019)\Dataset\BKL\ISIC_0014640_downsampled.jpg,isic_0014640_downsampled,2,1ec160b152007759f9728dea8cf490b2bb018411ec1e6eefd2a7472078242579,4533,1
C:\SRS(ISIC_2019)\Dataset\BKL\ISIC_0014642_downsampled.jpg,isic_0014642_downsampled,2,7ea26cb170c49c4b169ccf2268420350f248abe4cd5f622435e2e785b96372b2,4535,1
C:\SRS(ISIC_2019)\Dataset\BKL\ISIC_0014644_downsampled.jpg,isic_0014644_downsampled,2,f35078f71a5d6b35e4dab25abb13a2558cedca10765839e02eea01f8dc72aae8,4537,1
C:\SRS(ISIC_2019)\Dataset\BKL\ISIC_0014711_downsampled.jpg,isic_0014711_downsampled,2,5b5df8ad5b3f63d6c61d3e23892f5caf1451bae6e7831b2241a9b40d5484b984,4548,1
C:\SRS(ISIC_2019)\Dataset\BKL\ISIC_0014712_downsampled.jpg,isic_0014712_downsampled,2,4d061ee1a2a08a681b0a20d945365ebfa521a4ac362e0873e66a33f8522f0d05,4549,1
C:\SRS(ISIC_2019)\Dataset\BKL\ISIC_0014793_downsampled.jpg,isic_0014793_downsampled,2,8e25a06645270bc9233afc0c6c319bbfda3ffcf6a64642731da3741bacded5ee,4552,1
C:\SRS(ISIC_2019)\Dataset\BKL\ISIC_0015158_downsampled.jpg,isic_0015158_downsampled,2,c1f949f4a33a365b669f379055d49401c2465db2c42be6d0548528c9467df634,4568,1
C:\SRS(ISIC_2019)\Dataset\BKL\ISIC_0024490.jpg,isic_0024490,2,b632e71638b8130c1808e30d101a97003c0fae806c7168fb811db8b316aa34d6,4600,1
C:\SRS(ISIC_2019)\Dataset\BKL\ISIC_0024498.jpg,isic_0024498,2,bfa584c2299923e3fd6d166de805659b1e1c70271938ed34ca440dba7802d08e,4603,1
C:\SRS(ISIC_2019)\Dataset\BKL\ISIC_0024626.jpg,isic_0024626,2,c5da5f34bb4f1dbd28b12eae76a934aa472e1f9563a004685c3cc00c27038422,4611,1
C:\SRS(ISIC_2019)\Dataset\BKL\ISIC_0024770.jpg,isic_0024770,2,49d7ae5f2989150fab3ea1fd8bbd206c3bcc33b75ca02b89209fbb1b8e5574b9,4628,1
C:\SRS(ISIC_2019)\Dataset\BKL\ISIC_0024773.jpg,isic_0024773,2,c72b7f098c534d122a544181697f314bd58c5f83aec7003596cab7566e51a537,4630,1
C:\SRS(ISIC_2019)\Dataset\BKL\ISIC_0024839.jpg,isic_0024839,2,3e0941d0e7d553dcccfa2a27220672f113f5711986c1071c84afd33996901eb3,4637,1
C:\SRS(ISIC_2019)\Dataset\BKL\ISIC_0024877.jpg,isic_0024877,2,80df2c0f8941af0a5105ac7f69d10de69244b7865f364e90e4eddcc1180e3e83,4641,1
C:\SRS(ISIC_2019)\Dataset\BKL\ISIC_0024880.jpg,isic_0024880,2,2197a02d2e84972e48a71a4eca0e9c087cc909939bebe35bdeb5699bf18d23ea,4642,1
C:\SRS(ISIC_2019)\Dataset\BKL\ISIC_0024915.jpg,isic_0024915,2,c0fbb6fecfde11098c137cbd36a96a62a6106c76e60d5f81fa0a2ad74a9fec54,4649,1
C:\SRS(ISIC_2019)\Dataset\BKL\ISIC_0024943.jpg,isic_0024943,2,745bbab50346a0563c0c0c41130c5d3add73d99dac6198b58333de91ca0b6c18,4650,1
C:\SRS(ISIC_2019)\Dataset\BKL\ISIC_0025005.jpg,isic_0025005,2,9a8fd08ec4034c24630f266f487162d797500d5894d5aedb6fae37de9ad576d3,4657,1
C:\SRS(ISIC_2019)\Dataset\BKL\ISIC_0025030.jpg,isic_0025030,2,5d319f14dd065111d64c80107333e29c90651e6ec90e9e0059410072ab7fc2a5,4659,1
C:\SRS(ISIC_2019)\Dataset\BKL\ISIC_0025326.jpg,isic_0025326,2,4ec11e6b38c39834ee9d15e54236e70397017daa8da77de873f795b3e13d93ac,4689,1
C:\SRS(ISIC_2019)\Dataset\BKL\ISIC_0025366.jpg,isic_0025366,2,42248288da8b8c260ff4d5db15c6d46215adfe1bde2b44f338d427ebc637b911,4695,1
C:\SRS(ISIC_2019)\Dataset\BKL\ISIC_0025485.jpg,isic_0025485,2,161186c632ac123426c0ec6e8fbfa96576fabf92729abfb0d1c50ea0c326d694,4711,1
C:\SRS(ISIC_2019)\Dataset\BKL\ISIC_0025526.jpg,isic_0025526,2,954f6ee05f6bdbbda55654f9a67deaafb3b065eaab96314f54f6fea6f2636e31,4716,1
C:\SRS(ISIC_2019)\Dataset\BKL\ISIC_0025642.jpg,isic_0025642,2,9c0c43f11a30ab07831f21f062b859d508e6005811c53b3b4e33d41d3a0913c2,4725,1
C:\SRS(ISIC_2019)\Dataset\BKL\ISIC_0025654.jpg,isic_0025654,2,798e1c825777a3af1f50bc0c0862170987fa9cfe04369942ec8129c3db01644a,4726,1
C:\SRS(ISIC_2019)\Dataset\BKL\ISIC_0025799.jpg,isic_0025799,2,a03a007f3285d214a4d7eaa2e837646f96644f648f7420471cb605716b23fee8,4743,1
C:\SRS(ISIC_2019)\Dataset\BKL\ISIC_0025810.jpg,isic_0025810,2,11536ac9ce716f5a905a395de302861967d80f151f90c828903ceb8e48ab0257,4746,1
C:\SRS(ISIC_2019)\Dataset\BKL\ISIC_0025838.jpg,isic_0025838,2,ffa5ad5f8e77897e60e8eb14fb7e0bf0bfb55ee8b32d9f6f3a97a712dcc2c0cd,4750,1
C:\SRS(ISIC_2019)\Dataset\BKL\ISIC_0025856.jpg,isic_0025856,2,8b31ba6f95e55cf659458b740d0192a152034b62d63a25f978855dfd7e1f2307,4753,1
C:\SRS(ISIC_2019)\Dataset\BKL\ISIC_0025915.jpg,isic_0025915,2,d1e2c6737a7134a98b828ab21cffb722bd35d01b917466a4883646948e4f4f6f,4761,1
C:\SRS(ISIC_2019)\Dataset\BKL\ISIC_0025937.jpg,isic_0025937,2,30d7e2bda9ffc98297756297912f05ec03400b3678ad42d939022af96a6013b2,4763,1
C:\SRS(ISIC_2019)\Dataset\BKL\ISIC_0026015.jpg,isic_0026015,2,c126d7e1d0e069ff0ed5249d875bd20c6727d9914ca32205d1ccadd19f0967b9,4770,1
C:\SRS(ISIC_2019)\Dataset\BKL\ISIC_0026016.jpg,isic_0026016,2,aaae3f1efdc6809a82a60127627a160f5da6e26eda23bf765a3cc6b140e5e8b9,4771,1
C:\SRS(ISIC_2019)\Dataset\BKL\ISIC_0026072.jpg,isic_0026072,2,c1b0303a46d4507ff99913ca83d1ccbf59e19dc2bcc6ad0f59c0f48a39e04cdd,4779,1
C:\SRS(ISIC_2019)\Dataset\BKL\ISIC_0026159.jpg,isic_0026159,2,20238e7f7023625317f09785795b1ee38d513e3a9f22a4e30360b2015596a8f3,4787,1
C:\SRS(ISIC_2019)\Dataset\BKL\ISIC_0026249.jpg,isic_0026249,2,647a9a7fda1631dc58b382ab7663d7bd482e7be302b29ebea1532c08b359de55,4793,1
C:\SRS(ISIC_2019)\Dataset\BKL\ISIC_0026263.jpg,isic_0026263,2,ce76852e0455dfb34071acc47c080860ed0cda5cd612857d77bce35dd6f54d37,4795,1
C:\SRS(ISIC_2019)\Dataset\BKL\ISIC_0026277.jpg,isic_0026277,2,42d01c2d22543ce585daf9cb85ea1bc89429562fa8c30992c18783e47f591b59,4799,1
C:\SRS(ISIC_2019)\Dataset\BKL\ISIC_0026298.jpg,isic_0026298,2,93215cafcb0dd88d5fd8902482ed3b7e5b3160622d3666d39e7cfe4619a0e9e8,4804,1
C:\SRS(ISIC_2019)\Dataset\BKL\ISIC_0026351.jpg,isic_0026351,2,ae09ba8f582cd96793585e9bb8b01623ec7b544d26d0baa4c11187c1ffdc8018,4809,1
C:\SRS(ISIC_2019)\Dataset\BKL\ISIC_0026365.jpg,isic_0026365,2,b51a7f10a037266e16e72fc190ca025aad25ff3701f94e3e9e4dc8be3605ce42,4810,1
C:\SRS(ISIC_2019)\Dataset\BKL\ISIC_0026477.jpg,isic_0026477,2,9545a6d3918c2053ccc6d8c9dad2e96313d497dee200b574887aa871a76ec938,4819,1
C:\SRS(ISIC_2019)\Dataset\BKL\ISIC_0026532.jpg,isic_0026532,2,7ba2c61869dd6d3b12cde21a38637be84026a63b8b3c760d1c1b8ea707e53cb9,4828,1
C:\SRS(ISIC_2019)\Dataset\BKL\ISIC_0026606.jpg,isic_0026606,2,b020a96c046e2e21edb077f328e27d6febd049a09aa61929baa8a2921493920d,4837,1
C:\SRS(ISIC_2019)\Dataset\BKL\ISIC_0026623.jpg,isic_0026623,2,bcca68a467637532764f5138109f5b56d1fb2ed5df4afc4c8eb456ca379bd584,4840,1
C:\SRS(ISIC_2019)\Dataset\BKL\ISIC_0026714.jpg,isic_0026714,2,4921ca1a60a578683abfcbf34e76f2da703df02ba85c80238981a88fa9ca7cbf,4850,1
C:\SRS(ISIC_2019)\Dataset\BKL\ISIC_0026827.jpg,isic_0026827,2,4e917665374c5e0e051d317475a364813510beb650b4e31ac1c98c5379f3296d,4862,1
C:\SRS(ISIC_2019)\Dataset\BKL\ISIC_0026844.jpg,isic_0026844,2,fe008654f11fd30dfdf6e9812a7a1b3e7b961c2c7fb421dc69459a0a2fd8e17a,4866,1
C:\SRS(ISIC_2019)\Dataset\BKL\ISIC_0026893.jpg,isic_0026893,2,4cb6bc5dd1a1b322a76652168e9bb371d565e71c48afddca1ffe85d19b72d021,4872,1
C:\SRS(ISIC_2019)\Dataset\BKL\ISIC_0026912.jpg,isic_0026912,2,3bf89c7fcd2855f22448c18f4216fa4c89adfb0c3ea1915cbbc4eec0f224beca,4875,1
C:\SRS(ISIC_2019)\Dataset\BKL\ISIC_0026947.jpg,isic_0026947,2,fd4499363fbd4f75960cacc66fe102660ff7e19ad7161514cf395789346811cd,4878,1
C:\SRS(ISIC_2019)\Dataset\BKL\ISIC_0026958.jpg,isic_0026958,2,e61275e2e0f8d536cd985a6cbe47905a5fbc6f9d73cf4f4554fee042454dfc9f,4880,1
C:\SRS(ISIC_2019)\Dataset\BKL\ISIC_0026959.jpg,isic_0026959,2,2706e26ef428df50bed94b6c502b5ec73f2365065a9999bd53553e289cb9b424,4881,1
C:\SRS(ISIC_2019)\Dataset\BKL\ISIC_0026967.jpg,isic_0026967,2,9a8d82a727bb58493b9c04c91bb701081051a888bf7880af4b5c9bee76fdacef,4883,1
C:\SRS(ISIC_2019)\Dataset\BKL\ISIC_0027026.jpg,isic_0027026,2,1dc40503cd1753662a8190d825651267162df48e31541361260d1ba5f5eb3fcc,4889,1
C:\SRS(ISIC_2019)\Dataset\BKL\ISIC_0027041.jpg,isic_0027041,2,63701ee508c4290ae3ffc007a8d8665049af2149f75303e285c69032672ae05a,4892,1
C:\SRS(ISIC_2019)\Dataset\BKL\ISIC_0027042.jpg,isic_0027042,2,114a2359c81038153802e1a8036020ed5a8a2dad5f7bb1ecb346efac1fc3f540,4893,1
C:\SRS(ISIC_2019)\Dataset\BKL\ISIC_0027094.jpg,isic_0027094,2,44ab56276e093730efd5bf5451f54efa1da36abe0660dcfe9c62841e868364a5,4898,1
C:\SRS(ISIC_2019)\Dataset\BKL\ISIC_0027139.jpg,isic_0027139,2,22f85b18d704132691b7cf3ac3afd452882b59f29a8c0c95feb4a253b027a357,4899,1
C:\SRS(ISIC_2019)\Dataset\BKL\ISIC_0027142.jpg,isic_0027142,2,e67a40aa23933f33c2a5336e480fa84969f9e79ca6a0237da9db9915c1645d82,4900,1
C:\SRS(ISIC_2019)\Dataset\BKL\ISIC_0027192.jpg,isic_0027192,2,45aad1610bddc03f608f578ee4c1b8e067195c4f87bce8cefeb57eedd8f2b391,4905,1
C:\SRS(ISIC_2019)\Dataset\BKL\ISIC_0027218.jpg,isic_0027218,2,5f627f023f0bc59ccda7cb61d18aaba5f55c6d64273a470b1826e0cb2ffa2c14,4908,1
C:\SRS(ISIC_2019)\Dataset\BKL\ISIC_0027388.jpg,isic_0027388,2,f592bcf2dd0a16a7eeb23a2655029057e5a221fe60494dbdfae8d13fe3bf6ba7,4927,1
C:\SRS(ISIC_2019)\Dataset\BKL\ISIC_0027394.jpg,isic_0027394,2,2de04b927850bddfb9477b6c72eb238aed7759b694b94c48531a710b604a4bd9,4929,1
C:\SRS(ISIC_2019)\Dataset\BKL\ISIC_0027451.jpg,isic_0027451,2,2d54f4b28956f5e5d94e9922205cd6873e99927c87861057838625c1a3e62acb,4934,1
C:\SRS(ISIC_2019)\Dataset\BKL\ISIC_0027608.jpg,isic_0027608,2,05c4f7cc368a32e9a943c46c80d394a6ff08da050262c62f16f763367ddaefb5,4947,1
C:\SRS(ISIC_2019)\Dataset\BKL\ISIC_0027612.jpg,isic_0027612,2,ed7f742dde9e02982de3bfc35bf300744322f9a789568509d91f23eff8d19caf,4948,1
C:\SRS(ISIC_2019)\Dataset\BKL\ISIC_0027710.jpg,isic_0027710,2,fae86df828fde104ff17cccece1c97719af4c0050d001fe9543e7002c8bfba9d,4954,1
C:\SRS(ISIC_2019)\Dataset\BKL\ISIC_0027713.jpg,isic_0027713,2,00210d031c02c757ceaf65ecc62ac802605c429912f0b99d8fbbc6ed862d4d15,4955,1
C:\SRS(ISIC_2019)\Dataset\BKL\ISIC_0027735.jpg,isic_0027735,2,5e3fbacb4acb5a05abac4c41db3203091081620276f8a96a44f96c1e3c11e5a3,4956,1
C:\SRS(ISIC_2019)\Dataset\BKL\ISIC_0027747.jpg,isic_0027747,2,2e05dc44a3c9d30bca9f82014aaa338ad2948ac2c3e15fd4949d0e43853eab7e,4959,1
C:\SRS(ISIC_2019)\Dataset\BKL\ISIC_0027760.jpg,isic_0027760,2,5ce887245e7e51dfcc0ee4dab78022d2f76506ac599027809d51c6c5f417c0ef,4961,1
C:\SRS(ISIC_2019)\Dataset\BKL\ISIC_0027771.jpg,isic_0027771,2,bada3018a41b9cfe6fd12b7f41e6065a4bb61f93715f5685351f8c8789366006,4963,1
C:\SRS(ISIC_2019)\Dataset\BKL\ISIC_0027815.jpg,isic_0027815,2,bf4ad22459cf685fe93890ba525886b26d6bcf09a3633e372421149ffc4880e2,4970,1
C:\SRS(ISIC_2019)\Dataset\BKL\ISIC_0027969.jpg,isic_0027969,2,af39734af7b19d668839e065ece83a30b2fa8f453b5c86204c8c86ac4dbb4508,4986,1
C:\SRS(ISIC_2019)\Dataset\BKL\ISIC_0027990.jpg,isic_0027990,2,d33a8e04709d6e9ce6a3a9ea1d2993fc6c86cad8274964d62c86734e36b35c35,4990,1
C:\SRS(ISIC_2019)\Dataset\BKL\ISIC_0028233.jpg,isic_0028233,2,10a8260eea4a0711dd0940c7c43ecfee1a54d70090fdcda4b05a5ecea3cc6d67,5011,1
C:\SRS(ISIC_2019)\Dataset\BKL\ISIC_0028258.jpg,isic_0028258,2,a25da18b449d3e099e7e996dde3ee12534b8857bba9623b0a3e96694e4d88a09,5015,1
C:\SRS(ISIC_2019)\Dataset\BKL\ISIC_0028264.jpg,isic_0028264,2,143e4f093da000539d5b4f5cd4e08a49bfbcf1e09a63b9b02088830a129727e9,5016,1
C:\SRS(ISIC_2019)\Dataset\BKL\ISIC_0028376.jpg,isic_0028376,2,286ec790d67b0d77ff23cd3d24feb40d4ff142e60a8751f0ffb667ac4a93de9b,5025,1
C:\SRS(ISIC_2019)\Dataset\BKL\ISIC_0028404.jpg,isic_0028404,2,ceb2f6bc0e415e685362f9c90a52a7e9a1b334b58f3833ce2e0f457d58a59c07,5029,1
C:\SRS(ISIC_2019)\Dataset\BKL\ISIC_0028479.jpg,isic_0028479,2,96d691b02fae6f65837bf85c99eddfd85ad4b41ea084f15bff06582f7d580e0c,5036,1
C:\SRS(ISIC_2019)\Dataset\BKL\ISIC_0028550.jpg,isic_0028550,2,3a4bd2bdca256ce943654a86476701f890107abc0e0874b4467859b53dbb5ed5,5043,1
C:\SRS(ISIC_2019)\Dataset\BKL\ISIC_0028607.jpg,isic_0028607,2,231e6a7fb6a0cad6edda9284f7010425d751323756caaa2cbc143bd1babddc27,5048,1
C:\SRS(ISIC_2019)\Dataset\BKL\ISIC_0028622.jpg,isic_0028622,2,058bf9e20040195be2a24fd133d86c14838c0aa218bf02b09dd8c70ee0818a40,5051,1
C:\SRS(ISIC_2019)\Dataset\BKL\ISIC_0028656.jpg,isic_0028656,2,a13e6a99828736a8d44ef9571692ac7ecadba8680bd7f49c38f03a73e955ad99,5057,1
C:\SRS(ISIC_2019)\Dataset\BKL\ISIC_0028710.jpg,isic_0028710,2,bb9e70cb319cc8fb00092c10d154d7dab00f08d989c39840e01e0f8b921b1513,5063,1
C:\SRS(ISIC_2019)\Dataset\BKL\ISIC_0028842.jpg,isic_0028842,2,aac627e435090f365e4c7857a3c48777f94e115033fdcafb1523a6702c24f830,5073,1
C:\SRS(ISIC_2019)\Dataset\BKL\ISIC_0028876.jpg,isic_0028876,2,aec7999a97722f3a3e9e1a7a6129bb8eb29bbb4ce17410381f0365a2c9b4b1f3,5076,1
C:\SRS(ISIC_2019)\Dataset\BKL\ISIC_0029031.jpg,isic_0029031,2,b044d38eb776a88410aef037be1a00c52821a771d5170a4024540301d8e331a1,5096,1
C:\SRS(ISIC_2019)\Dataset\BKL\ISIC_0029061.jpg,isic_0029061,2,ea947569b70df7a2ab6ddc3a75fa57cb1029b31a1ecce73b634727912cf621e6,5103,1
C:\SRS(ISIC_2019)\Dataset\BKL\ISIC_0029100.jpg,isic_0029100,2,df98775f87ddcdfab951035f19d0b9945301c92348e79950a3bfbcfb56f03a9d,5108,1
C:\SRS(ISIC_2019)\Dataset\BKL\ISIC_0029384.jpg,isic_0029384,2,508d189d4c51729c561ccb314b814fb14a09837e08d35e4a280ca79f7d8cd767,5148,1
C:\SRS(ISIC_2019)\Dataset\BKL\ISIC_0029394.jpg,isic_0029394,2,2be546c38296c9805e37e7ed4fe107e5e39e166c92df799b3a1c720ee18c73c3,5149,1
C:\SRS(ISIC_2019)\Dataset\BKL\ISIC_0029425.jpg,isic_0029425,2,06a5185ca5db3eea13d3596343be0127e875eb7f4dc622bd3c7821f323b6de03,5155,1
C:\SRS(ISIC_2019)\Dataset\BKL\ISIC_0029427.jpg,isic_0029427,2,06f73e7c76cf8eba8a6c5b9e1ef4f4edccc9f10df9e6515271b41779a9d6731b,5156,1
C:\SRS(ISIC_2019)\Dataset\BKL\ISIC_0029455.jpg,isic_0029455,2,83ed81c471566ce3c98f61bc202213a16a9c5addc5084ddc40a24dd34fd31934,5158,1
C:\SRS(ISIC_2019)\Dataset\BKL\ISIC_0029525.jpg,isic_0029525,2,175b25089b82443278d7ff8f70ca5221961620c10e975a72c6bb7888ea4b4734,5166,1
C:\SRS(ISIC_2019)\Dataset\BKL\ISIC_0029588.jpg,isic_0029588,2,aa899dad89261b9afec58a82364dee2666856fce47e332acd282b088cec699c4,5176,1
C:\SRS(ISIC_2019)\Dataset\BKL\ISIC_0029613.jpg,isic_0029613,2,793fad021a8a406934a89f4e425e03c38b55dc4f3123c2e6aea53d3be954365e,5181,1
C:\SRS(ISIC_2019)\Dataset\BKL\ISIC_0029674.jpg,isic_0029674,2,b4081b0b98458eb6a140d759b0c2f368ae0d3e6e37ac2766b27a727bda4c7426,5184,1
C:\SRS(ISIC_2019)\Dataset\BKL\ISIC_0029683.jpg,isic_0029683,2,10e939f787741a39b05950dbdb2879f5bd41d35397dc2a6f35cb7ff31cf5a77e,5188,1
C:\SRS(ISIC_2019)\Dataset\BKL\ISIC_0029687.jpg,isic_0029687,2,4eb6a6a666345c8faf04ea859aa5408f8815afb7f524ab1af6bc69108982b504,5189,1
C:\SRS(ISIC_2019)\Dataset\BKL\ISIC_0029764.jpg,isic_0029764,2,ff6f944e56813c33185f3c8f1c726d6b0e7f2e8ccd4000fee04209328a29d641,5192,1
C:\SRS(ISIC_2019)\Dataset\BKL\ISIC_0029770.jpg,isic_0029770,2,42fc847b95c958d08b748afbf9dba50b9a678969fe54f70e051f21f41cfa6ebc,5193,1
C:\SRS(ISIC_2019)\Dataset\BKL\ISIC_0029872.jpg,isic_0029872,2,ca8969a72e018140040144d4b6637d0fe1a57811bf89bca2474e1fdfd53f1b88,5207,1
C:\SRS(ISIC_2019)\Dataset\BKL\ISIC_0029880.jpg,isic_0029880,2,b18d1c4a204dd9a78fb2628018d474de62974ca8d4c9c24e4a1dabba5d7b83c2,5209,1
C:\SRS(ISIC_2019)\Dataset\BKL\ISIC_0029912.jpg,isic_0029912,2,fb8e9b76315d17ab6fa89f2e01061336433c5413ec292652869e5af886e90957,5211,1
C:\SRS(ISIC_2019)\Dataset\BKL\ISIC_0029947.jpg,isic_0029947,2,ff757eeb639754fb13e90490923c8f8c4189646aa6d888bf2bedda1d69bfff91,5216,1
C:\SRS(ISIC_2019)\Dataset\BKL\ISIC_0030124.jpg,isic_0030124,2,76319ddfde93bb4c00081faa7748f4257a7f54659728cbf53600fd21aaa472e8,5229,1
C:\SRS(ISIC_2019)\Dataset\BKL\ISIC_0030130.jpg,isic_0030130,2,aba261a1dcd8ca657c8618b81baaf9431e5c76a71237666ad51b1298e1502fdb,5230,1
C:\SRS(ISIC_2019)\Dataset\BKL\ISIC_0030137.jpg,isic_0030137,2,cc4ac2869a955b125e37d6330376af9855cc8f86c0a2a8938ff5fb355e81e27d,5231,1
C:\SRS(ISIC_2019)\Dataset\BKL\ISIC_0030240.jpg,isic_0030240,2,c7fa1f8283630dca6e36eaa5102571ca5fa1d36f0dc42a300a92b0c1d9825da4,5243,1
C:\SRS(ISIC_2019)\Dataset\BKL\ISIC_0030319.jpg,isic_0030319,2,6d241af9933bb2678045eb02676b090e367d8833d6b5fe6ad96b07020e0a5907,5251,1
C:\SRS(ISIC_2019)\Dataset\BKL\ISIC_0030394.jpg,isic_0030394,2,36e767023c2e97903d3178acc46fcb7cc96b4cb694c2508fb35c5e4c05566427,5260,1
C:\SRS(ISIC_2019)\Dataset\BKL\ISIC_0030607.jpg,isic_0030607,2,284a8c9e885ddbdcc575bb346f9e78aa1954f5b9a5f76752aa2e3876951d5eaa,5274,1
C:\SRS(ISIC_2019)\Dataset\BKL\ISIC_0030630.jpg,isic_0030630,2,135395c02861536297c1013689246ac814ed5c3f27c26b262a3ff2f2f1c0b803,5276,1
C:\SRS(ISIC_2019)\Dataset\BKL\ISIC_0030636.jpg,isic_0030636,2,966a8479b848769c4cf0f0c365311b5b2a703f48c5ccd41f5a96442a827e3353,5277,1
C:\SRS(ISIC_2019)\Dataset\BKL\ISIC_0030723.jpg,isic_0030723,2,6569c9d431308d513a1735e0e9c8716d4c01b5c6b04f746976b8806e5df111bd,5287,1
C:\SRS(ISIC_2019)\Dataset\BKL\ISIC_0030744.jpg,isic_0030744,2,5afe7cf9f53a2083bf49d1138957aa8814db7586d212a0acbbad85205ee6d0ae,5289,1
C:\SRS(ISIC_2019)\Dataset\BKL\ISIC_0030783.jpg,isic_0030783,2,140f5cb5e83c3ef91481ae3b51dee378bbd345e7f32f98fce1fdd285bbdef0d6,5292,1
C:\SRS(ISIC_2019)\Dataset\BKL\ISIC_0030849.jpg,isic_0030849,2,1daf1cbc2a510351bcbb956e84312fd54dcb55f4be01b4bd8c8390de97d10486,5299,1
C:\SRS(ISIC_2019)\Dataset\BKL\ISIC_0030926.jpg,isic_0030926,2,21fc8c4eadb690c4d0d9ccc94a49993525e8d2dd56cb9efbfb02bc767ca05554,5301,1
C:\SRS(ISIC_2019)\Dataset\BKL\ISIC_0031125.jpg,isic_0031125,2,26c33dc5e9949f2e496fe2d5a9fdc0543c1b676e5a708864ff391f71e1a597bf,5320,1
C:\SRS(ISIC_2019)\Dataset\BKL\ISIC_0031133.jpg,isic_0031133,2,9417c29e63cda2f6be7fd47302f456e363f78d3d9bb8e149e4d95ed680afacc3,5323,1
C:\SRS(ISIC_2019)\Dataset\BKL\ISIC_0031138.jpg,isic_0031138,2,c7d1f9cdcf1bea4b6945ed082754b7ae31276d80185213f9ef47bbdf192f984f,5324,1
C:\SRS(ISIC_2019)\Dataset\BKL\ISIC_0031200.jpg,isic_0031200,2,6e2e6257431d94b4f112659ad2f6859a8bbfeba3258acacd0f44e6ce196ec15d,5330,1
C:\SRS(ISIC_2019)\Dataset\BKL\ISIC_0031253.jpg,isic_0031253,2,282f05da2eef603f895012f529e19ac39dfd183f776586f9043435c316285cbb,5335,1
C:\SRS(ISIC_2019)\Dataset\BKL\ISIC_0031261.jpg,isic_0031261,2,83c0e80dbab0d078aa890445271e6e1bf63f9afe353fbe531d844c8dc5caa1b3,5336,1
C:\SRS(ISIC_2019)\Dataset\BKL\ISIC_0031376.jpg,isic_0031376,2,7c2f55c3226183608e27aa01c4874094b0f0391b71db02397ba1c3acda2c6524,5348,1
C:\SRS(ISIC_2019)\Dataset\BKL\ISIC_0031528.jpg,isic_0031528,2,9598e1973be0a920a9e19c814fd297c79f81208a1dffe8f0b52c36b95b1ca5a6,5365,1
C:\SRS(ISIC_2019)\Dataset\BKL\ISIC_0031537.jpg,isic_0031537,2,4a526a5f800ef7103f286d3034a88f2f01227e4ea04d3bb06f4ff29a3e068bc7,5366,1
C:\SRS(ISIC_2019)\Dataset\BKL\ISIC_0031630.jpg,isic_0031630,2,566144b303af9096a338258fa838fd373f7b91ce00871b8727a33aef18bec11e,5380,1
C:\SRS(ISIC_2019)\Dataset\BKL\ISIC_0031639.jpg,isic_0031639,2,7c25ef5cdbfebcff7c4105716e2440b9ec307580ce1a18e691743252281c937d,5382,1
C:\SRS(ISIC_2019)\Dataset\BKL\ISIC_0031783.jpg,isic_0031783,2,f466e4c69d0491a956740fd84dd358eac1a7b8da407bfd1c243eb11b5b9e254a,5394,1
C:\SRS(ISIC_2019)\Dataset\BKL\ISIC_0031819.jpg,isic_0031819,2,187ac1f0c98684079808b03aeb2e766dcacfdc8b416f06114323c937965c68a8,5397,1
C:\SRS(ISIC_2019)\Dataset\BKL\ISIC_0031872.jpg,isic_0031872,2,6bf77545058439e7b8c78542265cb2f720c87c02a91fd8ceabb227b68007bb3c,5402,1
C:\SRS(ISIC_2019)\Dataset\BKL\ISIC_0031937.jpg,isic_0031937,2,528cae155d1a1d9aae5c4092026bc488e0b5a98a59c9dfa841e3601830564992,5408,1
C:\SRS(ISIC_2019)\Dataset\BKL\ISIC_0031945.jpg,isic_0031945,2,33cfda85d31bfdced40d4961d1c3ac7fbdc621461bb4533ebfd8e90061ce3444,5409,1
C:\SRS(ISIC_2019)\Dataset\BKL\ISIC_0031967.jpg,isic_0031967,2,f112b69d4b2e99fb77d9cd19247c6073f98359df5aed86acc0896efe172f1a8e,5412,1
C:\SRS(ISIC_2019)\Dataset\BKL\ISIC_0032051.jpg,isic_0032051,2,a57f154c604ee18f7e38f2de02e704e5faf12686b24b00e48c1731d30bea4695,5423,1
C:\SRS(ISIC_2019)\Dataset\BKL\ISIC_0032111.jpg,isic_0032111,2,7e3c6798a543253d76d8e1e35a82a44a56049fab7253f8fa1e4a4719add01c4d,5427,1
C:\SRS(ISIC_2019)\Dataset\BKL\ISIC_0032124.jpg,isic_0032124,2,5420863a4f543332f4e290ea943e6fcd33ad9282ac81fad097aa8144d99f9fd5,5431,1
C:\SRS(ISIC_2019)\Dataset\BKL\ISIC_0032129.jpg,isic_0032129,2,2acd652146c26dc32f476b3040df00759ad0661490ea258e60d4587bcbd70710,5433,1
C:\SRS(ISIC_2019)\Dataset\BKL\ISIC_0032235.jpg,isic_0032235,2,a145fac76f72cb704cd32356166be9ed93a832dcc3f5ea42f81287f016c8db0e,5442,1
C:\SRS(ISIC_2019)\Dataset\BKL\ISIC_0032330.jpg,isic_0032330,2,90ff877d7814b40fb41e89b88fc7b730fb481378456f2d06514396ad47574c51,5452,1
C:\SRS(ISIC_2019)\Dataset\BKL\ISIC_0032335.jpg,isic_0032335,2,b0dbac522eb16be1ea4e50c480fecbaf5e27e16be62b24056663ca66d33bdbdb,5453,1
C:\SRS(ISIC_2019)\Dataset\BKL\ISIC_0032359.jpg,isic_0032359,2,004a6696a3a8c3e3f9aa7e95dbbc69ddd1af4777c368f35c3ad9aa298c1dd23c,5457,1
C:\SRS(ISIC_2019)\Dataset\BKL\ISIC_0032382.jpg,isic_0032382,2,039622478e4a3ed4cec39f9ee4abbc23d2fff95d7865f65f739be73af8fb4302,5460,1
C:\SRS(ISIC_2019)\Dataset\BKL\ISIC_0032456.jpg,isic_0032456,2,73b9e795c7ddfe5e828cd20a6c4b775f6d11ee460cfbb4fdcef49e779fcd8e59,5464,1
C:\SRS(ISIC_2019)\Dataset\BKL\ISIC_0032514.jpg,isic_0032514,2,b13efbd9a71a9ac7acdcbb33531f7e3be37302305dc80d9471212ca1b152fadf,5472,1
C:\SRS(ISIC_2019)\Dataset\BKL\ISIC_0032553.jpg,isic_0032553,2,e7e98595e98e94b71d829306948e27bdaeb8a59dfa2b1197eb01a57f1b2c7aeb,5474,1
C:\SRS(ISIC_2019)\Dataset\BKL\ISIC_0032576.jpg,isic_0032576,2,84a288be5578fc112604e0bbb4934e08ccc810a15727e2a984c9df148402c1f8,5478,1
C:\SRS(ISIC_2019)\Dataset\BKL\ISIC_0032618.jpg,isic_0032618,2,9397aa3241562705bdf55cd225ccd58553e5448a096eb5958354d18e5d557bde,5479,1
C:\SRS(ISIC_2019)\Dataset\BKL\ISIC_0032681.jpg,isic_0032681,2,3fa01fe5339179b35412a14041d1dd0edace351440c74c5318aea2cdcc03f3bb,5486,1
C:\SRS(ISIC_2019)\Dataset\BKL\ISIC_0032732.jpg,isic_0032732,2,465c144f05578606c1b8ecdd91ae12d2dd43e40fbb03d369c991cdafae9ec743,5491,1
C:\SRS(ISIC_2019)\Dataset\BKL\ISIC_0032757.jpg,isic_0032757,2,cbda65b26bd69c61e37e7c987d0d7e80b95b8e671cb7789830dee2dc7a02bb2e,5494,1
C:\SRS(ISIC_2019)\Dataset\BKL\ISIC_0032773.jpg,isic_0032773,2,5f49506b550a5c28aaeffd79e2c95a1fe1deda9a9a490f92bba8889b9944cd1d,5496,1
C:\SRS(ISIC_2019)\Dataset\BKL\ISIC_0032804.jpg,isic_0032804,2,bb059ac2fbd3e0426be1b8cd7170efd381f233d770c2028228150639a71aef20,5499,1
C:\SRS(ISIC_2019)\Dataset\BKL\ISIC_0032835.jpg,isic_0032835,2,7e3f4c2e149f11af3b77127790488f99c4a7fc7564e5a1f58e3f77546fe6fd72,5503,1
C:\SRS(ISIC_2019)\Dataset\BKL\ISIC_0032842.jpg,isic_0032842,2,d8e431ffea439056d49f8a5971fadd73f48d2ce524a45977f5e032f082eca401,5504,1
C:\SRS(ISIC_2019)\Dataset\BKL\ISIC_0032843.jpg,isic_0032843,2,e0496a473a72f1d6660949840da6f6ffde6e92604bc9cfcb5eb71ab9b90dba8d,5505,1
C:\SRS(ISIC_2019)\Dataset\BKL\ISIC_0032883.jpg,isic_0032883,2,0def1b9521c689096dabcbc0055a04cf9539287ed94ccbf9ff3c3e9c444cf2e0,5509,1
C:\SRS(ISIC_2019)\Dataset\BKL\ISIC_0032967.jpg,isic_0032967,2,a0aa973000a681a95d1eeb484f0edeb3e2dced5bbbfceb0b1d185cf9991770d0,5514,1
C:\SRS(ISIC_2019)\Dataset\BKL\ISIC_0032983.jpg,isic_0032983,2,d57bd32eea5485d51acd6509229ad92855843ba3557e524900471d9b1b6fe0be,5517,1
C:\SRS(ISIC_2019)\Dataset\BKL\ISIC_0032997.jpg,isic_0032997,2,15802a4573618fba9e5acd715d359d7257af04586a41d1dc63a0dadfbb7a896f,5518,1
C:\SRS(ISIC_2019)\Dataset\BKL\ISIC_0033041.jpg,isic_0033041,2,2e7f977f47ef33d9596aa00c203d507fa99b1e162d7062b08e0034520cfc5493,5520,1
C:\SRS(ISIC_2019)\Dataset\BKL\ISIC_0033169.jpg,isic_0033169,2,4d28a84b1880fcb9cfc0524e99dce1c7c7be6064937cd35056e68abe3352ecc9,5529,1
C:\SRS(ISIC_2019)\Dataset\BKL\ISIC_0033184.jpg,isic_0033184,2,a93091e1aa9aa38d8795ea3eb5200b266f409e43ab94f25a86cc5e27b81d829c,5530,1
C:\SRS(ISIC_2019)\Dataset\BKL\ISIC_0033185.jpg,isic_0033185,2,6a69ed3bd5714dfea33aec317af131ca75e36f4fd052c760306ab0c1f1babc56,5531,1
C:\SRS(ISIC_2019)\Dataset\BKL\ISIC_0033200.jpg,isic_0033200,2,73e2fc15fee165a40a52cc2c13584fb0d9384b19ba8a5e511eb3cb5970d135af,5534,1
C:\SRS(ISIC_2019)\Dataset\BKL\ISIC_0033212.jpg,isic_0033212,2,391ac2d20b5d07dd84b40e3236b9e13dcd62fdaf3c2e5fe4588502b9ca1c0591,5536,1
C:\SRS(ISIC_2019)\Dataset\BKL\ISIC_0033321.jpg,isic_0033321,2,2098ea9e8265e60e9b586a88293b0c01e1cc4c5d305a8cf47713503dce02a319,5549,1
C:\SRS(ISIC_2019)\Dataset\BKL\ISIC_0033400.jpg,isic_0033400,2,af272520ee4faf6191f0818cb2378a42566ca574f729de7125984b2a665e283c,5556,1
C:\SRS(ISIC_2019)\Dataset\BKL\ISIC_0033453.jpg,isic_0033453,2,db78f14ba640d46fab42781616ca1e68b4171aea6607de5fa35ad7bdbfcbf422,5564,1
C:\SRS(ISIC_2019)\Dataset\BKL\ISIC_0033460.jpg,isic_0033460,2,9d57386aac70a4f8b25f3f808d712f008fbd1274f23a8810f647fd885dffdac1,5565,1
C:\SRS(ISIC_2019)\Dataset\BKL\ISIC_0033482.jpg,isic_0033482,2,85051edc63e2e717154b61991028f77fa0feee1facd5a66d9de7eba499a719e6,5569,1
C:\SRS(ISIC_2019)\Dataset\BKL\ISIC_0033531.jpg,isic_0033531,2,f7ca8d0042d421810ebd55fb666b2c24e518dd4fdddb719b262c5408513d6217,5580,1
C:\SRS(ISIC_2019)\Dataset\BKL\ISIC_0033539.jpg,isic_0033539,2,2a443ff7538c17cf0126365f89e7d21910e0d9be6f43b35ffaea032dc9a508a0,5581,1
C:\SRS(ISIC_2019)\Dataset\BKL\ISIC_0033581.jpg,isic_0033581,2,a9bd59ce047a2bf31007cb6880c1e8b344d43139fcb28adbd66aeba7c608b104,5584,1
C:\SRS(ISIC_2019)\Dataset\BKL\ISIC_0033583.jpg,isic_0033583,2,016bfcacd8365bbe7e35845a58c83dcaa416eb6936b8ee0d9a0ebc43952d0926,5586,1
C:\SRS(ISIC_2019)\Dataset\BKL\ISIC_0033587.jpg,isic_0033587,2,d912edf9425359f80e572524ddf2cb4839ba76222349f85c24d275f004878abb,5587,1
C:\SRS(ISIC_2019)\Dataset\BKL\ISIC_0033635.jpg,isic_0033635,2,8c781d34dcf37f3958f70f7e4cf8490598ee4051a4465239e6c58991800d1678,5595,1
C:\SRS(ISIC_2019)\Dataset\BKL\ISIC_0033693.jpg,isic_0033693,2,3109ae47d664b4eca733aaf03fbaf319cd789920ebbd43b24807a6eb13bd3b47,5604,1
C:\SRS(ISIC_2019)\Dataset\BKL\ISIC_0033701.jpg,isic_0033701,2,4354fc8099b094b3d49eb8c2b99b7da8622d1c4de8d501821521dafdefd048c0,5605,1
C:\SRS(ISIC_2019)\Dataset\BKL\ISIC_0033722.jpg,isic_0033722,2,a24486aed9fcafef1bfc1f4871936f71f2e4088fa73e35bc425ed0d125d0e6ac,5608,1
C:\SRS(ISIC_2019)\Dataset\BKL\ISIC_0033770.jpg,isic_0033770,2,15b3a16ae60ca732189d1d6bfdf5c500d4c171207e6b668281fd645be280c6de,5615,1
C:\SRS(ISIC_2019)\Dataset\BKL\ISIC_0033791.jpg,isic_0033791,2,d83233674d87b4bbfe4d920c905da5061b4a4438ea516455d2491fc69e6e391d,5621,1
C:\SRS(ISIC_2019)\Dataset\BKL\ISIC_0033829.jpg,isic_0033829,2,0f44864ff7d6774826a905918ea8c570707ce8bd6fa9cfda1fd2bca460f26086,5623,1
C:\SRS(ISIC_2019)\Dataset\BKL\ISIC_0033910.jpg,isic_0033910,2,238701095a1b9938bd1e0a1e0d551c292724fc07139153e1a155f93a402ac34a,5633,1
C:\SRS(ISIC_2019)\Dataset\BKL\ISIC_0033945.jpg,isic_0033945,2,e08d80c6d69b700c9d30b8a44a4d096ce08020881db69e9faddd95d18045418f,5636,1
C:\SRS(ISIC_2019)\Dataset\BKL\ISIC_0033952.jpg,isic_0033952,2,1b4a273345a4780a3b828cb569031ec120a3a06d6a9bc06ca44b271c3fbd4367,5638,1
C:\SRS(ISIC_2019)\Dataset\BKL\ISIC_0034142.jpg,isic_0034142,2,e7e6c5a68102016cc8b475970d17b1f13551c32908355d0864cdcd8b2a58d4df,5655,1
C:\SRS(ISIC_2019)\Dataset\BKL\ISIC_0034151.jpg,isic_0034151,2,02b249d5b88131fec7f0e199719e20362f1973cc4bff8fca2d8e1d72b5e7343d,5656,1
C:\SRS(ISIC_2019)\Dataset\BKL\ISIC_0034165.jpg,isic_0034165,2,69b49e7ad770397ef2f5355a1b7291f835a5bfd7c78de97988b0a25d76504a12,5657,1
C:\SRS(ISIC_2019)\Dataset\BKL\ISIC_0034175.jpg,isic_0034175,2,a37bb62c440d683af39214ca988912fe698527a633761d6d5a27933cc2bb534d,5660,1
C:\SRS(ISIC_2019)\Dataset\BKL\ISIC_0034186.jpg,isic_0034186,2,6eaa86b5180d699e6d5bb5a691f1671d3b58a11c71c4f7d9adafa444bd66909f,5661,1
C:\SRS(ISIC_2019)\Dataset\BKL\ISIC_0034197.jpg,isic_0034197,2,99dc6af1955d799da1f4d6c2d8f57fb48844058027e5eca66ea52074039c0598,5663,1
C:\SRS(ISIC_2019)\Dataset\BKL\ISIC_0034221.jpg,isic_0034221,2,f8c4d124f689d143eeca1d03e62aca0f188ee18494e38fc0c5648ad36391e010,5665,1
C:\SRS(ISIC_2019)\Dataset\BKL\ISIC_0053484.jpg,isic_0053484,2,1cb93cc3e9cc987ddbe18641df88c2cab12334a15c61d926160dc32baf92afef,5677,1
C:\SRS(ISIC_2019)\Dataset\BKL\ISIC_0053522.jpg,isic_0053522,2,3421a749b01c80f5d9cfa83f7adbe487a66a39c3fe8fc693cebd05dc12866814,5678,1
C:\SRS(ISIC_2019)\Dataset\BKL\ISIC_0053552.jpg,isic_0053552,2,93395e68c0999343ddaadaa343c93e0de19445751017d12e6f159fe6b951d328,5681,1
C:\SRS(ISIC_2019)\Dataset\BKL\ISIC_0053562.jpg,isic_0053562,2,560bd27fe62a3648e610b2dd522ac656e9735be20804e24136fe7f43d7c16684,5682,1
C:\SRS(ISIC_2019)\Dataset\BKL\ISIC_0053835.jpg,isic_0053835,2,c4e2ea64dd2cbdf5678842e0174dcaf64dd49375c7db938020c4dbad154292af,5692,1
C:\SRS(ISIC_2019)\Dataset\BKL\ISIC_0053836.jpg,isic_0053836,2,f3f7db80468707e65647a34327a63f61077401ef155a69193199522a3ce96da9,5693,1
C:\SRS(ISIC_2019)\Dataset\BKL\ISIC_0053921.jpg,isic_0053921,2,9a8135f2575a0a1ccee20a6c22f44c5998666d08f9fdaeb38879bacb0fcbf327,5697,1
C:\SRS(ISIC_2019)\Dataset\BKL\ISIC_0053968.jpg,isic_0053968,2,0ff05e013b14ddfbde382f849081a53914599ba3539f2aee7c4414ae570b11be,5700,1
C:\SRS(ISIC_2019)\Dataset\BKL\ISIC_0054002.jpg,isic_0054002,2,788f30dc8720b343f2b35b585c1ae098a7391923f0db9ae5311f40eecf472c56,5703,1
C:\SRS(ISIC_2019)\Dataset\BKL\ISIC_0054297.jpg,isic_0054297,2,20e1fbb4eb6db34ed2b86161f41b85d1b2fd158d751750c3e64f21b2041a1af4,5713,1
C:\SRS(ISIC_2019)\Dataset\BKL\ISIC_0054354.jpg,isic_0054354,2,6887dd2c4901f952548b0016fd6076765ed94b8fdb3acd22825ded9e7db7e3f3,5719,1
C:\SRS(ISIC_2019)\Dataset\BKL\ISIC_0054368.jpg,isic_0054368,2,872b5189010b65d802bdb0fc57492efd8d238b91c285610bc1e42cc9de7a44d3,5720,1
C:\SRS(ISIC_2019)\Dataset\BKL\ISIC_0054423.jpg,isic_0054423,2,f0766fa20e777319ab19c522f573d669eed97cc3141d45bdb96ede9a9adb5877,5723,1
C:\SRS(ISIC_2019)\Dataset\BKL\ISIC_0054521.jpg,isic_0054521,2,707067808797cbfbf8a92559c637d102c36600fcfd844bc01d9122132ab70ee3,5725,1
C:\SRS(ISIC_2019)\Dataset\BKL\ISIC_0054693.jpg,isic_0054693,2,f40d95728f32aae226bc8fce3ea9fdec1202159c2de1fa5ce2b28bd4068cc3a3,5729,1
C:\SRS(ISIC_2019)\Dataset\BKL\ISIC_0054731.jpg,isic_0054731,2,fd0d3ba97c48faa17d9fb59e214e2705d6da07599c935672d7233208656393a0,5733,1
C:\SRS(ISIC_2019)\Dataset\BKL\ISIC_0054882.jpg,isic_0054882,2,3faa3fd39224c4cfa6554022ceb229f89fe9af851fe0d95dfa8b3f0c8433958a,5744,1
C:\SRS(ISIC_2019)\Dataset\BKL\ISIC_0054900.jpg,isic_0054900,2,bc659b4065dee8e77ecebcfe6e98fe48493f7d575833e866f907a8a39b7dd1a5,5746,1
C:\SRS(ISIC_2019)\Dataset\BKL\ISIC_0054983.jpg,isic_0054983,2,cb88d50754923b9038ce60eb021753ddd93f12e34d7f41c1e2cf734aaa906c9a,5752,1
C:\SRS(ISIC_2019)\Dataset\BKL\ISIC_0055164.jpg,isic_0055164,2,7d9a394eb0707b8a7bf71ab3c0c8b298299b068721c3290eac6e364bfe9e18c5,5761,1
C:\SRS(ISIC_2019)\Dataset\BKL\ISIC_0055473.jpg,isic_0055473,2,9cec280848713c9ef8297673323049ccfbbb13a59bb2c0b9615455e37d67aea1,5780,1
C:\SRS(ISIC_2019)\Dataset\BKL\ISIC_0055645.jpg,isic_0055645,2,b865a466d634a7dcfd166f2e21b523b298d72279a3f86a9c02bb3eff8e1f7253,5790,1
C:\SRS(ISIC_2019)\Dataset\BKL\ISIC_0055816.jpg,isic_0055816,2,70240b45b35b347722507ea399f99b1eec7f98f8c158ad3c6907da0301d02c90,5796,1
C:\SRS(ISIC_2019)\Dataset\BKL\ISIC_0056045.jpg,isic_0056045,2,3e786075205941e0fadf5669cca36c93c88fa582dd3a6991e5ee589dd0e0559b,5805,1
C:\SRS(ISIC_2019)\Dataset\BKL\ISIC_0056174.jpg,isic_0056174,2,49d3f0885d4cf9e9a7201e0c9a09391dca185e286b8d24bf837f81694243bcd7,5811,1
C:\SRS(ISIC_2019)\Dataset\BKL\ISIC_0056175.jpg,isic_0056175,2,ad6ee6196a2d48bdad1c733290a7587f6d0c45110294b581c4e2c555051188b3,5812,1
C:\SRS(ISIC_2019)\Dataset\BKL\ISIC_0056193.jpg,isic_0056193,2,6cbee365d0aa34505f7dba3c4d90e9428e4760bf110ef374daf00445cb99e6ba,5814,1
C:\SRS(ISIC_2019)\Dataset\BKL\ISIC_0056245.jpg,isic_0056245,2,cb11b60300e2949e514d8e34569dadc608333d7251b0b46495754eefea9f544e,5818,1
C:\SRS(ISIC_2019)\Dataset\BKL\ISIC_0056416.jpg,isic_0056416,2,4e4744db32a1a505b6d3a0d32756f66204f2b2430af1995c589eedba20e38af7,5821,1
C:\SRS(ISIC_2019)\Dataset\BKL\ISIC_0056431.jpg,isic_0056431,2,2651c6f75afd556d43d94f175745f03166629673c9757c15ab8a337f3020c4b0,5822,1
C:\SRS(ISIC_2019)\Dataset\BKL\ISIC_0056499.jpg,isic_0056499,2,e8daa44d206004d1ee9e7c72d4ef6fa64e6cbd7cf069b062edf1dc27ec155b31,5826,1
C:\SRS(ISIC_2019)\Dataset\BKL\ISIC_0056519.jpg,isic_0056519,2,4f8df60d5ab459b7e11b743ecab0269e2d0377f3049bd153c996ad6b3a8a3b5a,5830,1
C:\SRS(ISIC_2019)\Dataset\BKL\ISIC_0056523.jpg,isic_0056523,2,bcd28048a2989957685171b127b5708d06c91ba0e8044f2a95d09ccf3859ba22,5832,1
C:\SRS(ISIC_2019)\Dataset\BKL\ISIC_0056672.jpg,isic_0056672,2,12a00ebd0f40d67a7c66c4e5dc8a361ab37a2c573d5b35f9ae628c3a47fadead,5842,1
C:\SRS(ISIC_2019)\Dataset\BKL\ISIC_0056699.jpg,isic_0056699,2,3fa799fc2a603954136d446aa3405db90b4e5d91dcbacbf4287ee6d8ad023fb2,5845,1
C:\SRS(ISIC_2019)\Dataset\BKL\ISIC_0056769.jpg,isic_0056769,2,cae71907e97318d656bbe0cd176df137ab95132e499fca39c0e98c98dcc4f711,5852,1
C:\SRS(ISIC_2019)\Dataset\BKL\ISIC_0056882.jpg,isic_0056882,2,43af0a9eec31340cd662e3d73bb54c48e22f34cb1fd4dc34ec07bb57f13d1dce,5857,1
C:\SRS(ISIC_2019)\Dataset\BKL\ISIC_0057210.jpg,isic_0057210,2,4be215b81652ce4ba482c88869a12b92621a1e6af85fab174254eb271518ae78,5873,1
C:\SRS(ISIC_2019)\Dataset\BKL\ISIC_0057635.jpg,isic_0057635,2,ba8015bde2ae150cbb275f72c36ad93748184aacd75522b5b8b847515e7a3502,5896,1
C:\SRS(ISIC_2019)\Dataset\BKL\ISIC_0057879.jpg,isic_0057879,2,0695d4158c19b917b408396a5c08faf008fe42be43e6780ed80d7d602c3196d3,5909,1
C:\SRS(ISIC_2019)\Dataset\BKL\ISIC_0057904.jpg,isic_0057904,2,6a720e3f09d81933773abe6d40b1bebc51c1448802c7ed5755e17847d3472aaf,5911,1
C:\SRS(ISIC_2019)\Dataset\BKL\ISIC_0058113.jpg,isic_0058113,2,e58e3d018a0ecdcbf8eac980e32eebcf4e2835f8ca17c0f843cb1afc44270664,5922,1
C:\SRS(ISIC_2019)\Dataset\BKL\ISIC_0058160.jpg,isic_0058160,2,75d597e41da9305693109b7d5c466f95736bb4e5c80ab8fce02f278b0366c458,5923,1
C:\SRS(ISIC_2019)\Dataset\BKL\ISIC_0058194.jpg,isic_0058194,2,f46dbb3e64a4c96094b14e4d59024687c65001af3917ef65c317a1e24deb066a,5926,1
C:\SRS(ISIC_2019)\Dataset\BKL\ISIC_0058219.jpg,isic_0058219,2,cc3b0bb297eaf5e9dfb2deba688cb7ffa3869c398e2798fef7eca7eca3966353,5929,1
C:\SRS(ISIC_2019)\Dataset\BKL\ISIC_0058299.jpg,isic_0058299,2,ff265386c9eef19cabbcd07df048362a1d5054397cf7342741520f1876ed3bfd,5939,1
C:\SRS(ISIC_2019)\Dataset\BKL\ISIC_0058359.jpg,isic_0058359,2,0bce831427587002ac875f74cd55494ab5e2f490467df804e9a8f4b79e3f4256,5941,1
C:\SRS(ISIC_2019)\Dataset\BKL\ISIC_0058487.jpg,isic_0058487,2,992bb1513cbbb287485a0beb673ff4d9e911b7053c2daa47e92794f7be9b6741,5946,1
C:\SRS(ISIC_2019)\Dataset\BKL\ISIC_0058509.jpg,isic_0058509,2,1bf21d2b7ec412b9cafa2d7669783f1a1a53b9aade858c078ed2e09c51f82ae6,5949,1
C:\SRS(ISIC_2019)\Dataset\BKL\ISIC_0058532.jpg,isic_0058532,2,7cc018d353301e75483385a1e3f6b0a7deef1c0d129630233b10d5b8d0877955,5951,1
C:\SRS(ISIC_2019)\Dataset\BKL\ISIC_0058537.jpg,isic_0058537,2,62f8035b82dadd584ec8b764320db49b153327e592da318ded3da49f61dfb497,5952,1
C:\SRS(ISIC_2019)\Dataset\BKL\ISIC_0058717.jpg,isic_0058717,2,5bd331f466ea3aa79f20c2b87edab6946d09d1be42e165815ddf787736e2a464,5959,1
C:\SRS(ISIC_2019)\Dataset\BKL\ISIC_0058815.jpg,isic_0058815,2,908731bdce441e374831d9d4277ce4c1c0c0aadeebf9f5e68ae02b9d6d402ae8,5963,1
C:\SRS(ISIC_2019)\Dataset\BKL\ISIC_0058856.jpg,isic_0058856,2,c510b3382c41dcc570064bb3a0021f9d8b2cb3af76980805ae18538ae6fd2625,5967,1
C:\SRS(ISIC_2019)\Dataset\BKL\ISIC_0058927.jpg,isic_0058927,2,5b8b136baa564dee331d70e9ae50502d73f56dcc4ca9f1c4929d08cee9deded7,5971,1
C:\SRS(ISIC_2019)\Dataset\BKL\ISIC_0059055.jpg,isic_0059055,2,6acf38f1c1945927e0f28a0bfa43cb36381b9281574107dc45b53de99f37123a,5983,1
C:\SRS(ISIC_2019)\Dataset\BKL\ISIC_0059118.jpg,isic_0059118,2,7adffdb3dc3e84b677c31ccfaf992ea194254724702482ae6cf109675635955a,5988,1
C:\SRS(ISIC_2019)\Dataset\BKL\ISIC_0059192.jpg,isic_0059192,2,4e1cd951de99833e8c987effad6f5598b95a6d7d77b416f8950c7646c0ca0de5,5992,1
C:\SRS(ISIC_2019)\Dataset\BKL\ISIC_0059223.jpg,isic_0059223,2,9881cbe3d9e2fe3833bb7a4594deb87766a4da9e10aabf6ad82f5b1a231702f6,5993,1
C:\SRS(ISIC_2019)\Dataset\BKL\ISIC_0059323.jpg,isic_0059323,2,140f355de8d96f4a3e5fccd253ba80c4782dfc139a513e7489153871a464f5d3,5995,1
C:\SRS(ISIC_2019)\Dataset\BKL\ISIC_0059463.jpg,isic_0059463,2,8367c75a8e6f2a614a171c5804853bdccd2945540de5c391f3677a2765c63b3b,6003,1
C:\SRS(ISIC_2019)\Dataset\BKL\ISIC_0059553.jpg,isic_0059553,2,6ca0a57073592e5aaf718057facc2f63692ae03aef8298b88946600a57a982eb,6007,1
C:\SRS(ISIC_2019)\Dataset\BKL\ISIC_0059638.jpg,isic_0059638,2,83aae647c387953cdf606d12ae2f4930a0b4898e84324757597dac0d0ea3c757,6014,1
C:\SRS(ISIC_2019)\Dataset\BKL\ISIC_0059665.jpg,isic_0059665,2,a6745cfba98070a98e5bba2763d34cbea2aee0c9260e7cd9f0b212ad99720d9d,6016,1
C:\SRS(ISIC_2019)\Dataset\BKL\ISIC_0059760.jpg,isic_0059760,2,ff614d4dab8dec835629580d52ad7e71dfbb995e2699d2bc1145b24deb4fba55,6022,1
C:\SRS(ISIC_2019)\Dataset\BKL\ISIC_0059839.jpg,isic_0059839,2,657fb66797958c6ed798dd0f5078a63507263b096e43e0a17b2e7309a2495544,6024,1
C:\SRS(ISIC_2019)\Dataset\BKL\ISIC_0059863.jpg,isic_0059863,2,4903f386e6cd86b5fb50254af28722ae3e536ab7b59e22b84c50fa091fad4417,6026,1
C:\SRS(ISIC_2019)\Dataset\BKL\ISIC_0060361.jpg,isic_0060361,2,fdbff555d901bc547ab698f4ddb71baa4b9ac07e6a8aa80c31bb3f466861b36f,6048,1
C:\SRS(ISIC_2019)\Dataset\BKL\ISIC_0060384.jpg,isic_0060384,2,ea2da1d4cd3d4d6b47014d89faff9ade907b8ce72b2f9ae373b8b023f6a667e0,6049,1
C:\SRS(ISIC_2019)\Dataset\BKL\ISIC_0060482.jpg,isic_0060482,2,da1371fd534c4d2cba500410d3b9d8fbdc7b3d849aa5cbe68417f87ddee49234,6185,1
C:\SRS(ISIC_2019)\Dataset\BKL\ISIC_0060488.jpg,isic_0060488,2,a5e7c700ced1d1ef0779d032bdc107490b68f6a7892f5178888976a11926cbc9,6056,1
C:\SRS(ISIC_2019)\Dataset\BKL\ISIC_0060490.jpg,isic_0060490,2,1415cfc109ef0b158cc50f59bbcb61d754e24595632075397fd583cf1901bbba,6057,1
C:\SRS(ISIC_2019)\Dataset\BKL\ISIC_0060594.jpg,isic_0060594,2,89c80ae0e7898aa4105f4bc3e46f02c9f39b9075a56848616126c280fed7d836,6064,1
C:\SRS(ISIC_2019)\Dataset\BKL\ISIC_0060600.jpg,isic_0060600,2,d4454809315dd24ac79da30d6300a79d70752fd270156a82c89cf311a8edb786,6065,1
C:\SRS(ISIC_2019)\Dataset\BKL\ISIC_0060678.jpg,isic_0060678,2,103f51ccb39c9f05373ee22b22d34b328ea0414d2bc914d7f4592de45605ede7,6070,1
C:\SRS(ISIC_2019)\Dataset\BKL\ISIC_0060697.jpg,isic_0060697,2,6ecc519cceb44f99940397cb760bb6ef4f65e2bee0a6b3c680203c74c234b37c,6071,1
C:\SRS(ISIC_2019)\Dataset\BKL\ISIC_0060720.jpg,isic_0060720,2,f8c8388945cae2c47837d9dbfb805a7598a1127a74b5a9d4ad0970db90627270,6073,1
C:\SRS(ISIC_2019)\Dataset\BKL\ISIC_0060856.jpg,isic_0060856,2,397ff4d7c50ec6a6ca97167dca372711d435f96effdabd881c8ff0447bc5bb75,6082,1
C:\SRS(ISIC_2019)\Dataset\BKL\ISIC_0060875.jpg,isic_0060875,2,0cd797d876bb70ec0f90e2dca43401a07c81fc73e205525041774560a5bae62c,6084,1
C:\SRS(ISIC_2019)\Dataset\BKL\ISIC_0060995.jpg,isic_0060995,2,04741bea73faa1a66e15fe793eaafce64d31f0b39f3d4289b48ff15ceb3b3d89,6093,1
C:\SRS(ISIC_2019)\Dataset\BKL\ISIC_0061226.jpg,isic_0061226,2,3ee3afbbcbde47dc531bfb06000461a6dd78764cfe1f704ab4f3bce6dd1cc736,6105,1
C:\SRS(ISIC_2019)\Dataset\BKL\ISIC_0061242.jpg,isic_0061242,2,2b72694464ea3e6695f724fc83e9132fe2d543a145856585c062fea71863131d,6107,1
C:\SRS(ISIC_2019)\Dataset\BKL\ISIC_0061361.jpg,isic_0061361,2,8bd57954403748ca0e7f399c55b1c3c32a66d1c8c9a5c9ff250cfa97c71ae521,6112,1
C:\SRS(ISIC_2019)\Dataset\BKL\ISIC_0061405.jpg,isic_0061405,2,a1abe3c73375c80a210fe29712d762453aebe58dfd560939d9f7bb9f98bb3021,6115,1
C:\SRS(ISIC_2019)\Dataset\BKL\ISIC_0061513.jpg,isic_0061513,2,b7f9973ec689e7060af75851b84c8f9c115c6ae2c5a253ad3fa85776175520f4,6121,1
C:\SRS(ISIC_2019)\Dataset\BKL\ISIC_0061679.jpg,isic_0061679,2,2d797cf88ac1a5f357b26f1dd29e6dfe4a2cd22d1368974f8fa220a4ad37cd89,6131,1
C:\SRS(ISIC_2019)\Dataset\BKL\ISIC_0061802.jpg,isic_0061802,2,b532e544c7ca2895d2ddb4d4fc46dfa037c30cee9853195be0fbe7fe0a2d0cb1,6801,1
C:\SRS(ISIC_2019)\Dataset\BKL\ISIC_0061844.jpg,isic_0061844,2,e1514212c501079453b25fdd8752d2fc40933c1925a29cfe7c62e7bd5e560006,6147,1
C:\SRS(ISIC_2019)\Dataset\BKL\ISIC_0061892.jpg,isic_0061892,2,769a3b5f6119f340b3a47e69adc55f137b79ba8c3a75d98853b82cdd520de4ab,6150,1
C:\SRS(ISIC_2019)\Dataset\BKL\ISIC_0061917.jpg,isic_0061917,2,7578f929f65aeaa3a71a5d1a47faa86872515334533f51406b63bfe7ccefc3e3,6153,1
C:\SRS(ISIC_2019)\Dataset\BKL\ISIC_0061993.jpg,isic_0061993,2,b398a9d477caa3347a9df173cb9b910f21b4c4a73fbcfe7d94daba32baa41ce1,6158,1
C:\SRS(ISIC_2019)\Dataset\BKL\ISIC_0062006.jpg,isic_0062006,2,c710da89f7ccfcb01c22b3cba388aa4560f47fddeca14bcb032222c89022585e,6159,1
C:\SRS(ISIC_2019)\Dataset\BKL\ISIC_0062017.jpg,isic_0062017,2,62660c674af6ced0657b90645135c2ad8ff87f69ed4aec63eb0444502c3449a3,6162,1
C:\SRS(ISIC_2019)\Dataset\BKL\ISIC_0062124.jpg,isic_0062124,2,6c948b615588aea74179f4cd415b5a1b970dfb30c9dd71aad25cd560e92d7121,6169,1
C:\SRS(ISIC_2019)\Dataset\BKL\ISIC_0062257.jpg,isic_0062257,2,6773dc42039298828c015ad788644e8c7af5476c29c4de3624e3e99baaeb2282,6177,1
C:\SRS(ISIC_2019)\Dataset\BKL\ISIC_0062300.jpg,isic_0062300,2,b885167b3d55110b311cf378ae087b84d9482e240838520a7e03d80090863731,6179,1
C:\SRS(ISIC_2019)\Dataset\BKL\ISIC_0062371.jpg,isic_0062371,2,da1371fd534c4d2cba500410d3b9d8fbdc7b3d849aa5cbe68417f87ddee49234,6185,1
C:\SRS(ISIC_2019)\Dataset\BKL\ISIC_0062374.jpg,isic_0062374,2,e656eb99760a804f5f9f93f3f1f611e30120c58b1df48473a48b6e535f6b1fac,6186,1
C:\SRS(ISIC_2019)\Dataset\BKL\ISIC_0062581.jpg,isic_0062581,2,b1ae49a1774a939902553b223913cbfe08b41dd65d8772c6e9047f557e0872d0,6197,1
C:\SRS(ISIC_2019)\Dataset\BKL\ISIC_0062687.jpg,isic_0062687,2,8d058a5ee950699bb44ee55b1120a455a3bcca18c9904c78443a48a405756d0c,6203,1
C:\SRS(ISIC_2019)\Dataset\BKL\ISIC_0062689.jpg,isic_0062689,2,f4f82d12ca0fe87b1255881325b54fb6f00b6cd69d35412737faec8dee0286db,6204,1
C:\SRS(ISIC_2019)\Dataset\BKL\ISIC_0062807.jpg,isic_0062807,2,126e0c32c6a1fa50728e748e7b98770917c59578eaf3df05b7b7a8041ba665df,6211,1
C:\SRS(ISIC_2019)\Dataset\BKL\ISIC_0063001.jpg,isic_0063001,2,c5927ab638a9051400cb7a9958b99a428454ab4167b7954ae7df5815b29d9716,6220,1
C:\SRS(ISIC_2019)\Dataset\BKL\ISIC_0063075.jpg,isic_0063075,2,1236f8f5e0c0a3daa708cc9ea582a96163796d664535fa168288571620da34a0,6224,1
C:\SRS(ISIC_2019)\Dataset\BKL\ISIC_0063132.jpg,isic_0063132,2,8f531dec6bcfab109fe82a961ab2e484c6846089945e330c1f4551fe1f5c3147,6227,1
C:\SRS(ISIC_2019)\Dataset\BKL\ISIC_0063183.jpg,isic_0063183,2,0c75d76bdd041630ffd357078a5413ae8d4c25675a81812da4b7129168600bac,6232,1
C:\SRS(ISIC_2019)\Dataset\BKL\ISIC_0063368.jpg,isic_0063368,2,5b28f9544a4f56f864a4291c3157ada1c93b7e7aa112504006776b3cf8de17a2,6241,1
C:\SRS(ISIC_2019)\Dataset\BKL\ISIC_0063460.jpg,isic_0063460,2,5ad5579b34293c74a98487a6453945c8766dec0fde7936e2238279cd3f0a28c7,6246,1
C:\SRS(ISIC_2019)\Dataset\BKL\ISIC_0063513.jpg,isic_0063513,2,5fba756aebf289688e885cdbf7a3f3e674636ef968ffa4175e825310341d14e7,6248,1
C:\SRS(ISIC_2019)\Dataset\BKL\ISIC_0063542.jpg,isic_0063542,2,191720be560efa41257a09bd021fa46e2944eeba8d9775d314723bbdca3912d9,6249,1
C:\SRS(ISIC_2019)\Dataset\BKL\ISIC_0063783.jpg,isic_0063783,2,1b5298c12dda65bacf27eb251ce297f70b7bf14be8de8c8ae18a704d6246554e,6264,1
C:\SRS(ISIC_2019)\Dataset\BKL\ISIC_0063993.jpg,isic_0063993,2,20f05ec6a8728005589c461c7d8dd3022e2d6260366d2a735ca1cb45b12832ce,6275,1
C:\SRS(ISIC_2019)\Dataset\BKL\ISIC_0064106.jpg,isic_0064106,2,f90b0077eff7bbca60cffc08c0685f9abb4b4a2a487f9cc68ae8b84b7b4b5390,6279,1
C:\SRS(ISIC_2019)\Dataset\BKL\ISIC_0064127.jpg,isic_0064127,2,001261689cd59211020552c17f74b9c5d091c2d7ced16f2908ac004142a1fe5c,6280,1
C:\SRS(ISIC_2019)\Dataset\BKL\ISIC_0064228.jpg,isic_0064228,2,2cad873a6592e02420306c06af9c561a5e4de997a169898dd10c6f73e650cba9,6284,1
C:\SRS(ISIC_2019)\Dataset\BKL\ISIC_0064356.jpg,isic_0064356,2,156071b8f8e7965e39a68fefdca6dbd0fb4be75362df94f3fc8dd86fd6591787,6288,1
C:\SRS(ISIC_2019)\Dataset\BKL\ISIC_0064741.jpg,isic_0064741,2,6fc9a18ec5d52024c8e5de740016bcc8aef9de97bca2aa557d8301b643190696,6311,1
C:\SRS(ISIC_2019)\Dataset\BKL\ISIC_0064750.jpg,isic_0064750,2,b819a6a8a4f3f57fab112006ed8e05b820af85132d247d483361dfc4756d3d6a,6313,1
C:\SRS(ISIC_2019)\Dataset\BKL\ISIC_0064778.jpg,isic_0064778,2,ae3b813f833c572df71dfe46236e22e51dd90d5f4f556cf8163527f2d3c6b538,6314,1
C:\SRS(ISIC_2019)\Dataset\BKL\ISIC_0064815.jpg,isic_0064815,2,ba95898d5ab82e65adeead228b03930c4a80f801bd8533302ca0c9e2ff58e45e,6319,1
C:\SRS(ISIC_2019)\Dataset\BKL\ISIC_0065087.jpg,isic_0065087,2,e536857c8bf6d7cbaf63fa833fe88cfd2bad53fad223a04a90368e187747689f,6332,1
C:\SRS(ISIC_2019)\Dataset\BKL\ISIC_0065115.jpg,isic_0065115,2,17d46561355df686c5f0b0639a9caa15949d0b70b196081a9c044450a2cbf352,6333,1
C:\SRS(ISIC_2019)\Dataset\BKL\ISIC_0065126.jpg,isic_0065126,2,2e5b82d45c1f5df7492f08d58cff89d4e6740f690d12749c10b0531a902c5d7f,6334,1
C:\SRS(ISIC_2019)\Dataset\BKL\ISIC_0065135.jpg,isic_0065135,2,3b9ecab505f94b9b94de7efa295fbd6c3bd5712c138c8aa5ef17f9d16019bfe8,6335,1
C:\SRS(ISIC_2019)\Dataset\BKL\ISIC_0065389.jpg,isic_0065389,2,c7d778b570d0568a8c50bd34055cb6a93bd12f76edd091975237d873feebd5d0,6350,1
C:\SRS(ISIC_2019)\Dataset\BKL\ISIC_0065631.jpg,isic_0065631,2,5434b1e6d05a2d05c37c833143cd4c52d7e8c20cdbf545ee821fd8289aca85bf,6359,1
C:\SRS(ISIC_2019)\Dataset\BKL\ISIC_0065657.jpg,isic_0065657,2,fb356e1e99236b852cef9f457395ff5983f6bfd9eb146e6a0ec6239a5a72e3fe,6363,1
C:\SRS(ISIC_2019)\Dataset\BKL\ISIC_0065753.jpg,isic_0065753,2,93ebf9226c7347f7f409dee69fcd164dc901c8a1e77d64c87ffb1ca7bb51184f,6368,1
C:\SRS(ISIC_2019)\Dataset\BKL\ISIC_0065800.jpg,isic_0065800,2,7c0797e64c888813c5aec06076085db77a0b6338f5a9a6869f8e7e70f75de78c,6372,1
C:\SRS(ISIC_2019)\Dataset\BKL\ISIC_0065821.jpg,isic_0065821,2,625270bbce2ddcb9f1383dba271d1a7ad8e0c7e8733e6a27c80833ee076202fe,6374,1
C:\SRS(ISIC_2019)\Dataset\BKL\ISIC_0065859.jpg,isic_0065859,2,50cf8ce906376835e0662bb2dc04c2fad14002308c97fa2b130e2e4b703b8c32,6376,1
C:\SRS(ISIC_2019)\Dataset\BKL\ISIC_0065892.jpg,isic_0065892,2,2d762b7c1945b912d70e90d71e0dd50e71f755699fb111515218131d06571a4f,6382,1
C:\SRS(ISIC_2019)\Dataset\BKL\ISIC_0065909.jpg,isic_0065909,2,7bbd9d5f2359621c18b02e1f8a17d0e18f2dd4802f4c601c275b4ff3d2a1058e,6384,1
C:\SRS(ISIC_2019)\Dataset\BKL\ISIC_0065951.jpg,isic_0065951,2,78aea1ff09884d1faa3c895a820af1f95759ae7e73a8b8395539b410bb10e8e4,6386,1
C:\SRS(ISIC_2019)\Dataset\BKL\ISIC_0065966.jpg,isic_0065966,2,4bea174f4d3228e43f9ec2f3b9415bde3a78f7a76814b1cf0aaa0093e13d4255,6388,1
C:\SRS(ISIC_2019)\Dataset\BKL\ISIC_0066007.jpg,isic_0066007,2,3bf72592f3599846f9bcf49aec602596024f36d735f037a2dccafdc7ddbe6b18,6390,1
C:\SRS(ISIC_2019)\Dataset\BKL\ISIC_0066129.jpg,isic_0066129,2,8eadff5982337990f8188ff31140d95e72a471a0e1750ddb889ab30a9054513a,6398,1
C:\SRS(ISIC_2019)\Dataset\BKL\ISIC_0066162.jpg,isic_0066162,2,fc9e2dc515ebae60f014f3417dadc87fc62237c240bbc9edcb2d57587e0e65eb,6401,1
C:\SRS(ISIC_2019)\Dataset\BKL\ISIC_0066195.jpg,isic_0066195,2,1d7a8b3d5f2c172db430034cf3db9aa90b81cbe4be91fd7f1b90c05d86c74414,6403,1
C:\SRS(ISIC_2019)\Dataset\BKL\ISIC_0066389.jpg,isic_0066389,2,13551edf6fc533f927fdeadf99cc2dbef92fd1528e7203b0f0c86acf9fc2fdad,6412,1
C:\SRS(ISIC_2019)\Dataset\BKL\ISIC_0066455.jpg,isic_0066455,2,003e1a41e18e0e7a8a13dca7f25870ef5431c735db74c6f232bd8d7c853f5381,6414,1
C:\SRS(ISIC_2019)\Dataset\BKL\ISIC_0066594.jpg,isic_0066594,2,a97a3bd15f9a3d91a84d40bf1a48f553a44b649891e103144f98b988a32e5333,6420,1
C:\SRS(ISIC_2019)\Dataset\BKL\ISIC_0066634.jpg,isic_0066634,2,5591071944ba56da87a4060d9e866db4ee16fac900c36e563d7e0f7bbcb8facc,6478,1
C:\SRS(ISIC_2019)\Dataset\BKL\ISIC_0066896.jpg,isic_0066896,2,f0ca2f4c0edf82309c6ddd61c0ee9a92f351d3af18a273884403e0ff5d992fbf,6441,1
C:\SRS(ISIC_2019)\Dataset\BKL\ISIC_0066911.jpg,isic_0066911,2,ccedd26c55b010c1f57e83ee860cd2a19edb3a8871299800d53b953007df432a,6442,1
C:\SRS(ISIC_2019)\Dataset\BKL\ISIC_0066914.jpg,isic_0066914,2,22c084461e6d0b7d6731ba2395a04e93d2cd5065a8fab6a641b83a684c0bb0fe,6443,1
C:\SRS(ISIC_2019)\Dataset\BKL\ISIC_0066978.jpg,isic_0066978,2,6670aea80c4bf8f915bbec0581888b24803e9bba1bcb0d542c8a7918cb423695,6448,1
C:\SRS(ISIC_2019)\Dataset\BKL\ISIC_0067034.jpg,isic_0067034,2,3ca53bc026c58fb91d5be3d1aa7873a9e2c16dd71894475b32c8e54b5d86e818,6451,1
C:\SRS(ISIC_2019)\Dataset\BKL\ISIC_0067065.jpg,isic_0067065,2,2ac2fa9085956d118536e4da76a84d43753c6c6e64f5df856681e66da780601c,6454,1
C:\SRS(ISIC_2019)\Dataset\BKL\ISIC_0067116.jpg,isic_0067116,2,2ba3096412f975c5cdcc93715a96a0c00f427e9e9466daf36ebef0e7a336156a,6456,1
C:\SRS(ISIC_2019)\Dataset\BKL\ISIC_0067258.jpg,isic_0067258,2,bf632f6aabb3095d056278e36470a2413a30c604404940dc4b2c0fc10c085a21,6460,1
C:\SRS(ISIC_2019)\Dataset\BKL\ISIC_0067408.jpg,isic_0067408,2,22e94f430f5134486e2320e490bacaae58fe5c6fca6da73cdaac7f4e53237a17,6463,1
C:\SRS(ISIC_2019)\Dataset\BKL\ISIC_0067491.jpg,isic_0067491,2,d614ad7bf58a3b7c9c3cb6c9fdaf119a7b4b9b6bd04f8aecd8a4b481308cc1a7,6467,1
C:\SRS(ISIC_2019)\Dataset\BKL\ISIC_0067596.jpg,isic_0067596,2,b5d02e4c22658e7b1301e8027b450a7e30b12a67b848093f03cd0ba72ee52679,6476,1
C:\SRS(ISIC_2019)\Dataset\BKL\ISIC_0067608.jpg,isic_0067608,2,5591071944ba56da87a4060d9e866db4ee16fac900c36e563d7e0f7bbcb8facc,6478,1
C:\SRS(ISIC_2019)\Dataset\BKL\ISIC_0067726.jpg,isic_0067726,2,fa2c7e1e1d3a1926268ee99fb73eee1ac4b923ab06c9230ac261a3b76e57ac51,6487,1
C:\SRS(ISIC_2019)\Dataset\BKL\ISIC_0068057.jpg,isic_0068057,2,85beedaf8caf49699848af0ec3c6c79afbafe25a958e10c203459e002fd992ac,6499,1
C:\SRS(ISIC_2019)\Dataset\BKL\ISIC_0068087.jpg,isic_0068087,2,5dc9b575573be1ae0bb1a5473ccd488434a71cdbfd37edecb4646f7d0924c1d9,6502,1
C:\SRS(ISIC_2019)\Dataset\BKL\ISIC_0068264.jpg,isic_0068264,2,ba94c7228d1d8bcec24241af58362f5377ecf8991458dae1a04ae64d17168b7f,6511,1
C:\SRS(ISIC_2019)\Dataset\BKL\ISIC_0068550.jpg,isic_0068550,2,761bad59490452fd828dee7c1f488b2bf0db749d30a79f7468bae1d24949cbf6,6528,1
C:\SRS(ISIC_2019)\Dataset\BKL\ISIC_0068624.jpg,isic_0068624,2,c75f34ae72d9a653094741f59063714a066be988e9b50bc2659f5e3c59ea1429,6533,1
C:\SRS(ISIC_2019)\Dataset\BKL\ISIC_0068681.jpg,isic_0068681,2,892d3b27be3fa43af3be3313c5117eb84ef7b20fe5924a7f7a0ce71eb8509d29,6534,1
C:\SRS(ISIC_2019)\Dataset\BKL\ISIC_0068859.jpg,isic_0068859,2,1dc85fb3a1b35e987c9e369f7253a0fd48236501d432b27f22025a3736fd4086,6539,1
C:\SRS(ISIC_2019)\Dataset\BKL\ISIC_0068953.jpg,isic_0068953,2,f3405603eff2cfb191665344764066ffe4ecb775991bac18e68eb5e89b77e6e3,6542,1
C:\SRS(ISIC_2019)\Dataset\BKL\ISIC_0069099.jpg,isic_0069099,2,48136b4ad1fb12c80cd22e40462989c4e1a8eabc8afe698819c44822251123e8,6552,1
C:\SRS(ISIC_2019)\Dataset\BKL\ISIC_0069135.jpg,isic_0069135,2,53a5788476bb70b0c1c3a3813e86d3361e539d1609a1b2dab27ae960b2f10204,6555,1
C:\SRS(ISIC_2019)\Dataset\BKL\ISIC_0069389.jpg,isic_0069389,2,26d8590389997aba4910254462e316cb2eec655293e3803abf49bbb2644644ef,6576,1
C:\SRS(ISIC_2019)\Dataset\BKL\ISIC_0069478.jpg,isic_0069478,2,ec6d1c68d5e3e8e2b9def09f60c3e1d5fdb31a03f6f7a8f8e5fea8df03f9aa62,6583,1
C:\SRS(ISIC_2019)\Dataset\BKL\ISIC_0069605.jpg,isic_0069605,2,2645bed3acea0d4417029e566ac23cd089e1e40d8941ed9c9193679bdcdc343a,6590,1
C:\SRS(ISIC_2019)\Dataset\BKL\ISIC_0069655.jpg,isic_0069655,2,9f81860b21d0fa24b9cfe4e68be0b9fd1a7177f16a569808d4a2338537fc3481,6594,1
C:\SRS(ISIC_2019)\Dataset\BKL\ISIC_0069683.jpg,isic_0069683,2,6ad4a2062ba25be21391741603543695699c2675338ce6aea0c62695d1df54b9,6600,1
C:\SRS(ISIC_2019)\Dataset\BKL\ISIC_0069692.jpg,isic_0069692,2,c9bbc5487eff3167601374096f92405b532f92fde7b0bbec0e499d2c2c32e66a,6601,1
C:\SRS(ISIC_2019)\Dataset\BKL\ISIC_0069875.jpg,isic_0069875,2,516c561639fd0671ae9261840bf42bd8b649f15f40ec92fa7bf297281ca1934c,6611,1
C:\SRS(ISIC_2019)\Dataset\BKL\ISIC_0069876.jpg,isic_0069876,2,09dc2c8fd86192eb989ede983987e1e7a8c7451a8db71476198ad688ea4d0bca,6612,1
C:\SRS(ISIC_2019)\Dataset\BKL\ISIC_0070084.jpg,isic_0070084,2,c47654f71e3b9cf53fb4b79a8547dea15b2550e45dc5fe089d76690c9becd1bc,6624,1
C:\SRS(ISIC_2019)\Dataset\BKL\ISIC_0070300.jpg,isic_0070300,2,1293914d469bda6f01bf813c1771db12e924ded3510167cc82fd7e3c63fc6e54,6636,1
C:\SRS(ISIC_2019)\Dataset\BKL\ISIC_0070329.jpg,isic_0070329,2,8be80a6d1e5091fbbf1f0c677b75b0829140bbf7c81d12d41b2323982eea0aa8,6638,1
C:\SRS(ISIC_2019)\Dataset\BKL\ISIC_0070382.jpg,isic_0070382,2,1ad86238ee1fba0bf6bf07cade035f58f74f83bd27adc7c6a5a9306bc2f58874,6640,1
C:\SRS(ISIC_2019)\Dataset\BKL\ISIC_0070448.jpg,isic_0070448,2,3af15407666ef22520c96041b121376ea6924607bb947ca6772178209f6e96ed,6641,1
C:\SRS(ISIC_2019)\Dataset\BKL\ISIC_0070681.jpg,isic_0070681,2,37008dc0d4dd7bb57155654dbeae6053cc4f59a20254e1a3b6413340d5213fa6,6657,1
C:\SRS(ISIC_2019)\Dataset\BKL\ISIC_0070907.jpg,isic_0070907,2,406aefb4719d52c206def22800c0cf8349d764ebea8dc9f3293cbe52a4c187a0,6668,1
C:\SRS(ISIC_2019)\Dataset\BKL\ISIC_0070917.jpg,isic_0070917,2,3d4e8120297e3ff4c60c10698cec92507f42195038f57186a273f3c19af85abf,6669,1
C:\SRS(ISIC_2019)\Dataset\BKL\ISIC_0070949.jpg,isic_0070949,2,e10f7e9277adb7ff263fb440549d8681f098eaf32511ddbbaa8b5416349ede79,6671,1
C:\SRS(ISIC_2019)\Dataset\BKL\ISIC_0070967.jpg,isic_0070967,2,451809e0237fa76c0abde0123d9b82268f82a46e4129f82a861376a8598a3f9a,6674,1
C:\SRS(ISIC_2019)\Dataset\BKL\ISIC_0071190.jpg,isic_0071190,2,e8fdca19aa129842dbe09f9f55466ce87a07cc45e2b5799ac996808a91acd62f,6690,1
C:\SRS(ISIC_2019)\Dataset\BKL\ISIC_0071574.jpg,isic_0071574,2,920213ee415603a51344821abde9d0a0eab0fecb9c0be7c5d396a986ce6441f8,6714,1
C:\SRS(ISIC_2019)\Dataset\BKL\ISIC_0071683.jpg,isic_0071683,2,5a8e9ae459ef69a60ea8ba54c662e71ed0f84873fe97ab1f0c26320e10b19d5e,6719,1
C:\SRS(ISIC_2019)\Dataset\BKL\ISIC_0071828.jpg,isic_0071828,2,a7337c44e50aa53b3ad2bdd7b753457043d20bbdf0a6d1c58089329ca2444e49,6724,1
C:\SRS(ISIC_2019)\Dataset\BKL\ISIC_0071847.jpg,isic_0071847,2,1a2327ff7c60b104f806f2780d0e5ab02a2b6d1378d09465ed40d5c72501d4e8,6727,1
C:\SRS(ISIC_2019)\Dataset\BKL\ISIC_0071871.jpg,isic_0071871,2,069d64bc1b95e1da06094931d39795653ee72574fcd430f20698ee2c0e6876e8,6728,1
C:\SRS(ISIC_2019)\Dataset\BKL\ISIC_0072057.jpg,isic_0072057,2,20c89fc59514976b0e98f097a0a259f7d9c0b0c0a75abab63ffbc62c844a0aa7,6740,1
C:\SRS(ISIC_2019)\Dataset\BKL\ISIC_0072070.jpg,isic_0072070,2,92b4532652a30c5b32e54159a43415083ca2d4e0d1d0a19b73f33bf3b2223777,6742,1
C:\SRS(ISIC_2019)\Dataset\BKL\ISIC_0072397.jpg,isic_0072397,2,7853c3a3c13092245aa121074cbadca3201ef4f584771b22ba9bce4531961e46,6758,1
C:\SRS(ISIC_2019)\Dataset\BKL\ISIC_0072665.jpg,isic_0072665,2,a7fadac43a7e96c0350c6e5550c9d37b6b23cd178c08d708c78bce4425e75b2d,6771,1
C:\SRS(ISIC_2019)\Dataset\BKL\ISIC_0072740.jpg,isic_0072740,2,5d86827bb9ea6450ef5ea03e2c914e5a26dd9ac76c43c4678253ce0d51d4bb5f,6775,1
C:\SRS(ISIC_2019)\Dataset\BKL\ISIC_0072784.jpg,isic_0072784,2,67b1215f0c5c36fb91fd7ccc76131f6f3b4933e169c5efb1ae2cb9b20f97cee4,6778,1
C:\SRS(ISIC_2019)\Dataset\BKL\ISIC_0072834.jpg,isic_0072834,2,c320b961bc64a6ee53a201cc9dc24df367a3dd8127cacb6dc7b8370c35cceee8,6780,1
C:\SRS(ISIC_2019)\Dataset\BKL\ISIC_0072888.jpg,isic_0072888,2,69d05e7ea9259bcccf577764b41da5651559fb67f3eedbcbc86c5fa0582627cd,6782,1
C:\SRS(ISIC_2019)\Dataset\BKL\ISIC_0072904.jpg,isic_0072904,2,df6d0ef3231b79e959b3b46b5bfcbd4c1b664939db54dc7aed617fa19bd81dbd,6786,1
C:\SRS(ISIC_2019)\Dataset\BKL\ISIC_0072972.jpg,isic_0072972,2,68a845b46c07dda082597131828eb399860a40c306ff97629256901158bacabc,6790,1
C:\SRS(ISIC_2019)\Dataset\BKL\ISIC_0072999.jpg,isic_0072999,2,49a6bf6a2262f5ff870565f716c61bbdd8bf579fdedb73250fd0b6a923d51aa8,6791,1
C:\SRS(ISIC_2019)\Dataset\BKL\ISIC_0073050.jpg,isic_0073050,2,e46ea2767064e1dbb9bec575b66d7803541772e97f9809218ca52b5449544921,6797,1
C:\SRS(ISIC_2019)\Dataset\BKL\ISIC_0073100.jpg,isic_0073100,2,b532e544c7ca2895d2ddb4d4fc46dfa037c30cee9853195be0fbe7fe0a2d0cb1,6801,1
C:\SRS(ISIC_2019)\Dataset\BKL\ISIC_0073126.jpg,isic_0073126,2,b240b7e6359410a6fb3ef86876c268e38281600b967ca9f3537932e93dd075c1,6805,1
C:\SRS(ISIC_2019)\Dataset\BKL\ISIC_0073228.jpg,isic_0073228,2,fe202e78129433c7951a02d422317e9b7de8d8c850a82088b726da925c3f2591,6810,1
C:\SRS(ISIC_2019)\Dataset\DF\ISIC_0024973.jpg,isic_0024973,3,c4c6d97a71d2137b896e2184626504d86e8d3c5d25e1433b1877680ef587fddb,6820,1
C:\SRS(ISIC_2019)\Dataset\DF\ISIC_0025622.jpg,isic_0025622,3,b08a87f0f99dbca28568b4db108427575d5b1f5d413b07df5c45f36d6a9a6e00,6829,1
C:\SRS(ISIC_2019)\Dataset\DF\ISIC_0026789.jpg,isic_0026789,3,7383a9ec8729c9423870d350b6e8e5465c3c4023f2916a496811a7ae5a63297c,6842,1
C:\SRS(ISIC_2019)\Dataset\DF\ISIC_0027141.jpg,isic_0027141,3,dddfb91809a3eb34d334d57b09ab7fd46681d18f6ad9c3db736a0e7de8670549,6847,1
C:\SRS(ISIC_2019)\Dataset\DF\ISIC_0027216.jpg,isic_0027216,3,3917894d1f11f9b5871c1625cf9410882671b1e9fc65a128da6d2b024f910cd8,6849,1
C:\SRS(ISIC_2019)\Dataset\DF\ISIC_0028735.jpg,isic_0028735,3,5da73226055f97971979d82211508700ae04a7b8ee5a579149d3ea3a96c13d68,6860,1
C:\SRS(ISIC_2019)\Dataset\DF\ISIC_0029824.jpg,isic_0029824,3,57db6bced463c423eaed9900f3c356db1d0e4d5a9b5df3d0111c34071546e4c2,6873,1
C:\SRS(ISIC_2019)\Dataset\DF\ISIC_0030321.jpg,isic_0030321,3,0abc879322e6c33b39a116df5352790b59921e3f24893dd38bd69d028b4bd553,6882,1
C:\SRS(ISIC_2019)\Dataset\DF\ISIC_0030427.jpg,isic_0030427,3,7818e6820336e5734cea7ed6279157c2b181cef8d41bd918846704f4a6e0a804,6883,1
C:\SRS(ISIC_2019)\Dataset\DF\ISIC_0030665.jpg,isic_0030665,3,0ea82afaed453a4fb4a3027ee0b11870d9ac55155a6598cdda671b07675e98a1,6887,1
C:\SRS(ISIC_2019)\Dataset\DF\ISIC_0030870.jpg,isic_0030870,3,f02926583c9c42e441bddbcc3a7b4ea893924a48e9804ccddb6f6be1a3f6a116,6890,1
C:\SRS(ISIC_2019)\Dataset\DF\ISIC_0031344.jpg,isic_0031344,3,a6476e8a0eaa3f6ee37100e524017bdbf72367a2be193c1ce53588032dbe8825,6896,1
C:\SRS(ISIC_2019)\Dataset\DF\ISIC_0031429.jpg,isic_0031429,3,5c81e68ca06f3c32ed04887b4b398ae251f639172e4f57aba4a7834ea43cf6ef,6899,1
C:\SRS(ISIC_2019)\Dataset\DF\ISIC_0032642.jpg,isic_0032642,3,1aff8442f78772b3574c641865dd5b9f6823c058ec0aae7fb8b6eb9c9d9557de,6911,1
C:\SRS(ISIC_2019)\Dataset\DF\ISIC_0033847.jpg,isic_0033847,3,803c2a7dbd3f70e4368278612812144fdcc817cfa8127991f2e74b991a46ad5f,6924,1
C:\SRS(ISIC_2019)\Dataset\DF\ISIC_0033891.jpg,isic_0033891,3,c258ed9f9fe686f8477028fbef2ad9dff419f1b7ab79a5785fb872305656c3a5,6926,1
C:\SRS(ISIC_2019)\Dataset\DF\ISIC_0053857.jpg,isic_0053857,3,8775ca1d6c7bcccfa3d370356d8c723bea1883587dacb8c46ee37575fe0d25d5,6931,1
C:\SRS(ISIC_2019)\Dataset\DF\ISIC_0054425.jpg,isic_0054425,3,52d539a14071ba749c5172561608ff8ae2d8a24b43315c7e1fa027833d752cef,6935,1
C:\SRS(ISIC_2019)\Dataset\DF\ISIC_0055270.jpg,isic_0055270,3,6aaac285f3c37b0e1901ff5315238c1e4b9a823c9b09d2f90b1430af6d23931e,6945,1
C:\SRS(ISIC_2019)\Dataset\DF\ISIC_0055571.jpg,isic_0055571,3,b020b4bac72aa3d5122e0fe889fc9f218169d911486075ec45cda3a5dbc43c70,6947,1
C:\SRS(ISIC_2019)\Dataset\DF\ISIC_0055667.jpg,isic_0055667,3,17e035d7adf15631173a600faec45cd4599ea5d496ded5b46f0e71c65cb38dfd,6948,1
C:\SRS(ISIC_2019)\Dataset\DF\ISIC_0056307.jpg,isic_0056307,3,33d4159bb7d5ae6461e76be925445092aebe1017e95433181e6393498812ad80,6950,1
C:\SRS(ISIC_2019)\Dataset\DF\ISIC_0056495.jpg,isic_0056495,3,e2be44e51952f3cb273b183b2015e0378b7a8d2a18a4b433f2538a2e1805bd51,6951,1
C:\SRS(ISIC_2019)\Dataset\DF\ISIC_0057453.jpg,isic_0057453,3,9de4c3a1ada32b50925401831555cf8e5cea36450974e9714b7816806ff4fe96,6954,1
C:\SRS(ISIC_2019)\Dataset\DF\ISIC_0058442.jpg,isic_0058442,3,d655c5c200b9b0fa7c474f9c39c44676282a7c7146b0c20b0a7d2acebc879554,6962,1
C:\SRS(ISIC_2019)\Dataset\DF\ISIC_0059494.jpg,isic_0059494,3,56c68ad2c7ee0f83fdfd739dfca3dd5551718b6672de71679a62d426a5c4a8d9,6967,1
C:\SRS(ISIC_2019)\Dataset\DF\ISIC_0060327.jpg,isic_0060327,3,ad25d6fcfaf10d4567cfa919fcfebe7ba719ee953fab9ff6b1f66d33ba348bcf,6971,1
C:\SRS(ISIC_2019)\Dataset\DF\ISIC_0061232.jpg,isic_0061232,3,cdac7236199312aa10452721388952cd8e2b87ab638982cbf70f40a77ebbf99c,6977,1
C:\SRS(ISIC_2019)\Dataset\DF\ISIC_0062226.jpg,isic_0062226,3,036483021cc6fa5205df53c624998a2a79df3f52205ac2144e27b2106e322b6b,6983,1
C:\SRS(ISIC_2019)\Dataset\DF\ISIC_0063519.jpg,isic_0063519,3,905ace262e2adf7cfd8ee377e969d13cba848c087d5e149e13c6a48bdc8df23c,6987,1
C:\SRS(ISIC_2019)\Dataset\DF\ISIC_0063944.jpg,isic_0063944,3,250587fc2c8a3a1f502233a88d544cf17ef3e10d499c9cc7092b53a506d26822,6991,1
C:\SRS(ISIC_2019)\Dataset\DF\ISIC_0064115.jpg,isic_0064115,3,0747dfe8766f2be96e9f8b7941a69ede39d076206cdc14568c3344a1e28ccef3,6993,1
C:\SRS(ISIC_2019)\Dataset\DF\ISIC_0066648.jpg,isic_0066648,3,f420df1ba4ba527ffc9b1513b3b8319eb370bf43f61d8daf5574da5fe4359bd7,7007,1
C:\SRS(ISIC_2019)\Dataset\DF\ISIC_0067434.jpg,isic_0067434,3,193a31b03482f5f3f12bf616b2cd9d64767513df8a65b7ff166a37e6be3b3197,7016,1
C:\SRS(ISIC_2019)\Dataset\DF\ISIC_0070546.jpg,isic_0070546,3,1ab9755b2ed405695c9b20308ede036ce18596f408077a4d9fdd5a166731ddbb,7032,1
C:\SRS(ISIC_2019)\Dataset\DF\ISIC_0070680.jpg,isic_0070680,3,da8d041935b059142676f73780478b3728e0de9a6113b5d36cc580ae1fe9be06,7033,1
C:\SRS(ISIC_2019)\Dataset\DF\ISIC_0071002.jpg,isic_0071002,3,6628efaa54be6e5a9647aaa65aa5dd57f48cd6b1d5f78b9c509645fe96c716f5,7036,1
C:\SRS(ISIC_2019)\Dataset\DF\ISIC_0071418.jpg,isic_0071418,3,85ff9327226dbcecfac4dd6ca70ee93245b4869a2308dc3229b74adeb218f548,7038,1
C:\SRS(ISIC_2019)\Dataset\DF\ISIC_0072193.jpg,isic_0072193,3,97d09fc273208c97c945ef21512a7f2ed43fcf9ccccd1bf2fc1d1e1df84f23ca,7047,1
C:\SRS(ISIC_2019)\Dataset\DF\ISIC_0073112.jpg,isic_0073112,3,d4c0b0e5ffde7cb9d8e125a3f685e8e998c3a68adbbe268c5a697d26608a13e6,7049,1
C:\SRS(ISIC_2019)\Dataset\DF\ISIC_0073189.jpg,isic_0073189,3,3bbc66f20f851043d4146f9f4eba6ae6479569ccf682cafcfe2d65a61ecb98dc,7051,1
C:\SRS(ISIC_2019)\Dataset\DF\ISIC_0073193.jpg,isic_0073193,3,32807f394d6a591393f56b3e4a9216ddf80f265b9ed87b113b60385f83e6c414,7052,1
C:\SRS(ISIC_2019)\Dataset\MEL\ISIC_0000013.jpg,isic_0000013,4,8be9d9fbd3c55768d4c3a5cd4124196ae3f7488eb3a050681c21dbfbe28ab8a8,7055,1
C:\SRS(ISIC_2019)\Dataset\MEL\ISIC_0000056_downsampled.jpg,isic_0000056_downsampled,4,5375546466797b752ad4a2e61c43977a4ed13e77c8e22016e52f0dccc3862cfa,7068,1
C:\SRS(ISIC_2019)\Dataset\MEL\ISIC_0000140_downsampled.jpg,isic_0000140_downsampled,4,d7b4db185745106a31dd1aeb6e3af1e076a05d94d8cdb55402782450ed07b2fd,7073,1
C:\SRS(ISIC_2019)\Dataset\MEL\ISIC_0000148_downsampled.jpg,isic_0000148_downsampled,4,2d654b7e8d1cc163638c9234123e4816d6f089bea27fa87e1ade1725f00f4bce,7080,1
C:\SRS(ISIC_2019)\Dataset\MEL\ISIC_0000150_downsampled.jpg,isic_0000150_downsampled,4,06eeecfad0811518e663a52bdba108324df3088f641581feecc8b1af736d1c9b,7082,1
C:\SRS(ISIC_2019)\Dataset\MEL\ISIC_0000156_downsampled.jpg,isic_0000156_downsampled,4,fd0532b5330b6a8a124615d6d7b113f553d84724bd82730c769241ddfd25f381,7088,1
C:\SRS(ISIC_2019)\Dataset\MEL\ISIC_0000159.jpg,isic_0000159,4,9db233afe7f71c6dd431acf1994c4d56c4ac5687d8740be7d1810f4eb3db34b6,7090,1
C:\SRS(ISIC_2019)\Dataset\MEL\ISIC_0000162.jpg,isic_0000162,4,405bcc60c78d896ee182f117b7ac7eadb1a4f0b950975976602cd45fcab7123d,7093,1
C:\SRS(ISIC_2019)\Dataset\MEL\ISIC_0000171.jpg,isic_0000171,4,7fc00970db001f43f04c81aaf3790a7abf4dc9f4fee349270dfce0eacba20a3a,7101,1
C:\SRS(ISIC_2019)\Dataset\MEL\ISIC_0000282.jpg,isic_0000282,4,d04965ed6302037b5e266e7ac8f6325ac2692e4d07172c168fd79d3bd6f034b0,7112,1
C:\SRS(ISIC_2019)\Dataset\MEL\ISIC_0000297.jpg,isic_0000297,4,a7fd5964526e4ce57e7d23804e03d336a0efea5652bae6f88e21239dca4d5ed0,7123,1
C:\SRS(ISIC_2019)\Dataset\MEL\ISIC_0000301.jpg,isic_0000301,4,ec4cb9351b3b7bf7406f7bfe30b523e33589ee66dec20ddb0f00574451fbc510,7127,1
C:\SRS(ISIC_2019)\Dataset\MEL\ISIC_0000311.jpg,isic_0000311,4,43527b906efba115ccf75ad6e6489ec63ed252844d48b3b17c9a8b306562ef94,7133,1
C:\SRS(ISIC_2019)\Dataset\MEL\ISIC_0000313.jpg,isic_0000313,4,f905bff2f36766a814b4a2660b57dc07960b6030a95fcd6cacdd25ca82f346fd,7134,1
C:\SRS(ISIC_2019)\Dataset\MEL\ISIC_0000314.jpg,isic_0000314,4,0b7aad2160cb8eca28d2cb9cb4bc9c8a46ff151c28dbcdb013d1e7d8af9cfc8f,7135,1
C:\SRS(ISIC_2019)\Dataset\MEL\ISIC_0000390_downsampled.jpg,isic_0000390_downsampled,4,05e38dc28570486fc2b168b0f596ed67ca4df3a4d3709506771b2647a2a08e78,7136,1
C:\SRS(ISIC_2019)\Dataset\MEL\ISIC_0000484.jpg,isic_0000484,4,de1e1313a0723d2716ace89b4c8e922a31843c723de0c27a069a639b05833fe1,7151,1
C:\SRS(ISIC_2019)\Dataset\MEL\ISIC_0000533.jpg,isic_0000533,4,a44e7a3e4276ea8c7aca12f1eb21e3a400eb82a0bbcae494d9b9375af63c0f90,7163,1
C:\SRS(ISIC_2019)\Dataset\MEL\ISIC_0000547.jpg,isic_0000547,4,66682a6daaacdccd410cabd3e88676e33bcc5c1efbd8ab023ae909c3e5b4a86f,7164,1
C:\SRS(ISIC_2019)\Dataset\MEL\ISIC_0000551.jpg,isic_0000551,4,27357807b1f95f540588518ede739def5f84f0d7003ace9d3308aa6919a4071d,7168,1
C:\SRS(ISIC_2019)\Dataset\MEL\ISIC_0000554.jpg,isic_0000554,4,ea099cea060c2cfa503acafbb8559d4248c7d339039f50fdd555ac6b95086b74,7170,1
C:\SRS(ISIC_2019)\Dataset\MEL\ISIC_0001106_downsampled.jpg,isic_0001106_downsampled,4,136a3a511a7f5a4272797103ca48d4758e9adf34d45b6fb4e28921dcfa011459,7176,1
C:\SRS(ISIC_2019)\Dataset\MEL\ISIC_0001134_downsampled.jpg,isic_0001134_downsampled,4,d80587d606ec293864914595870b5be512b9d024cf0c3bb425b8783cf54ac880,7183,1
C:\SRS(ISIC_2019)\Dataset\MEL\ISIC_0001152_downsampled.jpg,isic_0001152_downsampled,4,9151cb2bb316d5018e1cad32fd22a010e155b90a9ba818195f131a7b44c63ea1,7187,1
C:\SRS(ISIC_2019)\Dataset\MEL\ISIC_0009898.jpg,isic_0009898,4,fb618bbf9d8d4a8a8de9820c55a147f0333c0aa6339a1c6acdad18c496b1ee21,7191,1
C:\SRS(ISIC_2019)\Dataset\MEL\ISIC_0009950.jpg,isic_0009950,4,f1c15b3553ee980406596604b4645ca7f14cb09aa4a7f8e88e318b811564c502,7197,1
C:\SRS(ISIC_2019)\Dataset\MEL\ISIC_0009993.jpg,isic_0009993,4,8b0b7404f6147bfbe7bff54b5184cdd3e6e98b5c41f1e05f655f145dc562a2bd,7202,1
C:\SRS(ISIC_2019)\Dataset\MEL\ISIC_0010011.jpg,isic_0010011,4,c73a10ed6a7a76904a74860a2fbbba32f27662f12ebdf807bb3c3e9bc51963c8,7204,1
C:\SRS(ISIC_2019)\Dataset\MEL\ISIC_0010036.jpg,isic_0010036,4,03e63e09fad576f7fc543a21dff896fa01ab4b6326c587ac2870fb1683146696,7210,1
C:\SRS(ISIC_2019)\Dataset\MEL\ISIC_0010189.jpg,isic_0010189,4,2dffe337124eca34b5a24eeb64c0740585ee7ac10682cd98cb2c25581970fb8c,7221,1
C:\SRS(ISIC_2019)\Dataset\MEL\ISIC_0010231.jpg,isic_0010231,4,f56e2235f0882ff20436b2073d011bb6ff0f89cee7a0b3294dfff7819f9ad375,7225,1
C:\SRS(ISIC_2019)\Dataset\MEL\ISIC_0010235.jpg,isic_0010235,4,86093057ff70f3c7fbd4c4620332089ce7185df3b33a2768a5ea64b462aca7b5,7226,1
C:\SRS(ISIC_2019)\Dataset\MEL\ISIC_0010240.jpg,isic_0010240,4,64b3bcf34c4e95517cb0f6fff89a55ac87e894bf88ddfbb90e932cc30b9663fa,7227,1
C:\SRS(ISIC_2019)\Dataset\MEL\ISIC_0010322.jpg,isic_0010322,4,3e92eed2fe28aa22fa80be8f51d42fe72956aaa17dfd3edbbb7c40c8acfbb768,7234,1
C:\SRS(ISIC_2019)\Dataset\MEL\ISIC_0010329.jpg,isic_0010329,4,8eba39b53bc6ff90c65cfebee9bebbd46d0cb803489ebd12cde075d6384db008,7235,1
C:\SRS(ISIC_2019)\Dataset\MEL\ISIC_0010441.jpg,isic_0010441,4,cdabf76bd34f967916f7c438ae9e7b22619bc16c9a2812d8386946360054ca3b,7244,1
C:\SRS(ISIC_2019)\Dataset\MEL\ISIC_0010466.jpg,isic_0010466,4,749edcf0b7aaa648798a26378acfed7c3d9e61b3f22689c4adea3f10c3fe814c,7245,1
C:\SRS(ISIC_2019)\Dataset\MEL\ISIC_0010597.jpg,isic_0010597,4,91b3d3990e0638908944e8c1bfed2f82a01ef81864234097b970dcf670b7124c,7252,1
C:\SRS(ISIC_2019)\Dataset\MEL\ISIC_0010852.jpg,isic_0010852,4,93ed3a1ac2a534c192b0be6d0ec71883e562d577129e429b7236c33e7fa9e3cd,7253,1
C:\SRS(ISIC_2019)\Dataset\MEL\ISIC_0010862.jpg,isic_0010862,4,8131517ed9a416075db33e52f551a0fe9832cc975b6215acda7d76e9f77387bd,7255,1
C:\SRS(ISIC_2019)\Dataset\MEL\ISIC_0010863.jpg,isic_0010863,4,8df20c0fc56217c78838fbbd2538a11dcb66efc94599ec3a56aa9bbe79471b13,7256,1
C:\SRS(ISIC_2019)\Dataset\MEL\ISIC_0011128.jpg,isic_0011128,4,3f6cf0854b1610b60a922aa7b88aa8c2c8b5c77ac73ed9afdf7740a270386e44,7264,1
C:\SRS(ISIC_2019)\Dataset\MEL\ISIC_0011161.jpg,isic_0011161,4,364ee2bc7f84bcdec3ec88cefda4fed5b871651d89118a69e64cf57c746c3d4a,7274,1
C:\SRS(ISIC_2019)\Dataset\MEL\ISIC_0011295.jpg,isic_0011295,4,cd22e8f1a0f3c37ad24ed5a7d518c525d44234b8d602921bfc50a599104e2e50,7280,1
C:\SRS(ISIC_2019)\Dataset\MEL\ISIC_0012137_downsampled.jpg,isic_0012137_downsampled,4,6e43acc3df0653e5499fee98e96cf65b9cdce78e4024b43360c6027496786809,7295,1
C:\SRS(ISIC_2019)\Dataset\MEL\ISIC_0013198_downsampled.jpg,isic_0013198_downsampled,4,25609f6d7bb8f24fb6aff50934266302dba7cd13fd667043f76c16aee823612a,7329,1
C:\SRS(ISIC_2019)\Dataset\MEL\ISIC_0013277_downsampled.jpg,isic_0013277_downsampled,4,9ecbe7983e26d041831e9b5afb00799f567b10d1624bd6cb925300e101ba07ce,7333,1
C:\SRS(ISIC_2019)\Dataset\MEL\ISIC_0013321_downsampled.jpg,isic_0013321_downsampled,4,897a66615f02c990712a1a1844fc215081d5e8f2c889cb6f1c482ff4130dbee2,7334,1
C:\SRS(ISIC_2019)\Dataset\MEL\ISIC_0013530_downsampled.jpg,isic_0013530_downsampled,4,c57dbb7fb1bf98df4e3822c68528c86dc3784dcc2955e4331618783da9062515,7356,1
C:\SRS(ISIC_2019)\Dataset\MEL\ISIC_0013671_downsampled.jpg,isic_0013671_downsampled,4,9bde2c2f6e2b7e98e9d2c8212324a523ee292a9d173160d7398f3d72f6ea69b4,7381,1
C:\SRS(ISIC_2019)\Dataset\MEL\ISIC_0013766_downsampled.jpg,isic_0013766_downsampled,4,4c22b7d5cc5315509ef42161a35a4f6a8b765f51ab39cf22e90ffdbbcea83443,7392,1
C:\SRS(ISIC_2019)\Dataset\MEL\ISIC_0013783_downsampled.jpg,isic_0013783_downsampled,4,bfab0d88c30632f7851114194d81e18279eb6ac0851a4d04987d11d3adc0d964,7396,1
C:\SRS(ISIC_2019)\Dataset\MEL\ISIC_0013815_downsampled.jpg,isic_0013815_downsampled,4,cb7915fc1ffd95db643eb8eaeec6b615b6bd633635697454434d850c03df4b5b,7399,1
C:\SRS(ISIC_2019)\Dataset\MEL\ISIC_0013831_downsampled.jpg,isic_0013831_downsampled,4,c009c69d8849d655e32d4c24b22572cfc1cb9cf43933781b8e5eef22e13b754b,7401,1
C:\SRS(ISIC_2019)\Dataset\MEL\ISIC_0013874_downsampled.jpg,isic_0013874_downsampled,4,c7897174cb773ec343e9f44cf79ca721585ed2c5cf48e0849cf65f7d0b598ebc,7412,1
C:\SRS(ISIC_2019)\Dataset\MEL\ISIC_0013917_downsampled.jpg,isic_0013917_downsampled,4,6acfdbb0ea3234026d990a1d3a382a83642c158ddbeaac8b75fef47852c5e892,7414,1
C:\SRS(ISIC_2019)\Dataset\MEL\ISIC_0013969_downsampled.jpg,isic_0013969_downsampled,4,20c887f03dbff9eec45ebf3e28f613fd501d03b77dd85c83ae9b5008374f4325,7419,1
C:\SRS(ISIC_2019)\Dataset\MEL\ISIC_0014076_downsampled.jpg,isic_0014076_downsampled,4,dc89526223aa4a88157f48a0fb8f5317d8411bee4305f741433eecfc63532651,7437,1
C:\SRS(ISIC_2019)\Dataset\MEL\ISIC_0014077_downsampled.jpg,isic_0014077_downsampled,4,ee1a72aa1ed52794e9611e49566e1ac7987eb782fb41ca4b4bcb96d027802226,7438,1
C:\SRS(ISIC_2019)\Dataset\MEL\ISIC_0014103_downsampled.jpg,isic_0014103_downsampled,4,f3040d17dc7db5a6a8dae0a14cae691b6f347601255cab606f4e388deef479df,7444,1
C:\SRS(ISIC_2019)\Dataset\MEL\ISIC_0014108_downsampled.jpg,isic_0014108_downsampled,4,8253b77e4ce149f1ee72ca98aaa0b18fe31edfed35270bc10c9ffd20de630cc1,7445,1
C:\SRS(ISIC_2019)\Dataset\MEL\ISIC_0014127_downsampled.jpg,isic_0014127_downsampled,4,1a3b74d8e89bbd6a1e57af248b76f088d16579f2f743a75777ca89989605646a,7447,1
C:\SRS(ISIC_2019)\Dataset\MEL\ISIC_0014133_downsampled.jpg,isic_0014133_downsampled,4,c0af600d3904dca6663c5389c63a80d460d8699d1c6e9d1f67facf660bd3d796,7450,1
C:\SRS(ISIC_2019)\Dataset\MEL\ISIC_0014136_downsampled.jpg,isic_0014136_downsampled,4,641c540371b227a78d2ec9da9d8c4c9cf8155efe76ebc39ef72fb40bfe90f40a,7451,1
C:\SRS(ISIC_2019)\Dataset\MEL\ISIC_0014144_downsampled.jpg,isic_0014144_downsampled,4,df651ad128788cc1df743851ceedc5c014402b32c6e05e5a2c6e3e0a5cedc43f,7452,1
C:\SRS(ISIC_2019)\Dataset\MEL\ISIC_0014156_downsampled.jpg,isic_0014156_downsampled,4,4138e2b139a2a9eefa0c1b59b17f59479673ec5dcc2e8f1d2290b46516070342,7455,1
C:\SRS(ISIC_2019)\Dataset\MEL\ISIC_0014160_downsampled.jpg,isic_0014160_downsampled,4,f380f7df95bdbc138f07c24a34626629ea205aec2e64d2f222077e0a09b325a2,7457,1
C:\SRS(ISIC_2019)\Dataset\MEL\ISIC_0014186_downsampled.jpg,isic_0014186_downsampled,4,108b6a5722597fa838427428dc3bf442f3156315e92c45b6b4f58fba18063195,7463,1
C:\SRS(ISIC_2019)\Dataset\MEL\ISIC_0014217_downsampled.jpg,isic_0014217_downsampled,4,6d25fb35361208e6c46768fd2966f2b176521ef07952cc27be760234a5c8a12c,7467,1
C:\SRS(ISIC_2019)\Dataset\MEL\ISIC_0014249_downsampled.jpg,isic_0014249_downsampled,4,d23bd614357d97bbdce6a8f386178f5ddc2afffd5f4f498c8e8748ed60de25d1,7474,1
C:\SRS(ISIC_2019)\Dataset\MEL\ISIC_0014327_downsampled.jpg,isic_0014327_downsampled,4,b6fc66a35c119abf9750ca0b3ad016957db10f80d9bce81a4f472685e9b2afe1,7488,1
C:\SRS(ISIC_2019)\Dataset\MEL\ISIC_0014337_downsampled.jpg,isic_0014337_downsampled,4,58586076ed5a17823fb9acb7041f84870e139a58a20d9f731cf465ca46ac8b5b,7491,1
C:\SRS(ISIC_2019)\Dataset\MEL\ISIC_0014434_downsampled.jpg,isic_0014434_downsampled,4,7e205cf43d1aa5828b558217b4da33eca30fffd5d84de397b11479b04a33c3d0,7505,1
C:\SRS(ISIC_2019)\Dataset\MEL\ISIC_0014476_downsampled.jpg,isic_0014476_downsampled,4,c6a3d63665af208913d48ba7834f120a62b2c8558a13de4c901a7c2782a9a024,7507,1
C:\SRS(ISIC_2019)\Dataset\MEL\ISIC_0014478_downsampled.jpg,isic_0014478_downsampled,4,5210741c263e08f0f1e7ee347a706486b0c35e32fb7e5c890e895c56c8c3437a,7508,1
C:\SRS(ISIC_2019)\Dataset\MEL\ISIC_0014546_downsampled.jpg,isic_0014546_downsampled,4,5046248cf89678fd01654570222fd8a0fa22d0d8130d166411361872a0d7247a,7523,1
C:\SRS(ISIC_2019)\Dataset\MEL\ISIC_0014703_downsampled.jpg,isic_0014703_downsampled,4,053f3ea795c1b8245dba4ccc7399936c1a3bef8ac937bbe4c2e94b30fe710e6b,7532,1
C:\SRS(ISIC_2019)\Dataset\MEL\ISIC_0014735_downsampled.jpg,isic_0014735_downsampled,4,33149d9212e1fe96e12cd2ff8131f6124c557eeaae458994f70399bd1d67b62a,7535,1
C:\SRS(ISIC_2019)\Dataset\MEL\ISIC_0014766_downsampled.jpg,isic_0014766_downsampled,4,5d87a637dd32b772eb93aead041044e3a149b3e40cdd7a8e7a8c7355316bbfd4,7536,1
C:\SRS(ISIC_2019)\Dataset\MEL\ISIC_0014772_downsampled.jpg,isic_0014772_downsampled,4,9f080280f2864ae8daa7c0be7312bdb8f40e4fa50a0be898730fc09f532c6b8b,7537,1
C:\SRS(ISIC_2019)\Dataset\MEL\ISIC_0014832_downsampled.jpg,isic_0014832_downsampled,4,3e8d4c1d8bbdf226ea41748913555df56f168f2cd3d577ffa667ee729713b2ff,7545,1
C:\SRS(ISIC_2019)\Dataset\MEL\ISIC_0014872_downsampled.jpg,isic_0014872_downsampled,4,da8205aeacda2e1e80fcea3ea82a7ac07ebcf6f84d4c9044c77a35fc2734d1aa,7548,1
C:\SRS(ISIC_2019)\Dataset\MEL\ISIC_0014920_downsampled.jpg,isic_0014920_downsampled,4,9ef4f0500c8a830d0c5613d92612eafcfc79a28506c838e68005f0c64096672d,7554,1
C:\SRS(ISIC_2019)\Dataset\MEL\ISIC_0014932_downsampled.jpg,isic_0014932_downsampled,4,96883e8eb61c41fa1e593a7c8832f34904fdb763757276e755c04745f84651a9,7558,1
C:\SRS(ISIC_2019)\Dataset\MEL\ISIC_0015005_downsampled.jpg,isic_0015005_downsampled,4,ba12e30a89677459edbef5ba32c926e3b437ee520b21a5ea160ca3f111c2c1f0,7569,1
C:\SRS(ISIC_2019)\Dataset\MEL\ISIC_0015180_downsampled.jpg,isic_0015180_downsampled,4,a44e93f5b16fb35e73a928b2e6d7af75c8388ec04048c7cbe2cc41b69539d8e1,7591,1
C:\SRS(ISIC_2019)\Dataset\MEL\ISIC_0024310.jpg,isic_0024310,4,9aba1aee66aed634e227f266b9d79d0519ffab1003841b8552700584ceb86f61,7605,1
C:\SRS(ISIC_2019)\Dataset\MEL\ISIC_0024333.jpg,isic_0024333,4,a18f607831feb6cddb3d4d07f9c77d1d3b29e93bfff7362c0be7037483902152,7609,1
C:\SRS(ISIC_2019)\Dataset\MEL\ISIC_0024367.jpg,isic_0024367,4,bd321b2c2ff4fa6ecd8223923130c49c15f9861af355f9fe9b68a2a9ff27e0e7,7611,1
C:\SRS(ISIC_2019)\Dataset\MEL\ISIC_0024482.jpg,isic_0024482,4,c5db6b496a551329b7589809eed3170746040cf04b80bf3e3563e0ef3fdb8863,7617,1
C:\SRS(ISIC_2019)\Dataset\MEL\ISIC_0024700.jpg,isic_0024700,4,6e0e16d97fc52ce285881d88d4f81c700825d3da27872681f175ed10476e134a,7637,1
C:\SRS(ISIC_2019)\Dataset\MEL\ISIC_0024767.jpg,isic_0024767,4,06e6a97cf4f334c65056fb93af07ed0a1c8faaa01e67489d9a7bece378a6671a,7645,1
C:\SRS(ISIC_2019)\Dataset\MEL\ISIC_0024823.jpg,isic_0024823,4,146ca8cc2b54a5fa68bd2f5ea547e5eb6b72cb4319d04ebba946317ccb61938c,7649,1
C:\SRS(ISIC_2019)\Dataset\MEL\ISIC_0024853.jpg,isic_0024853,4,382f17b1de0d37123709aca54d5dc4d6ee414e754b9167d3b6cd8b7bb93fbc9b,7650,1
C:\SRS(ISIC_2019)\Dataset\MEL\ISIC_0024886.jpg,isic_0024886,4,d69206de1297f3f6aa9ec34a39582f4ef4fcf4446df1366aafea5acac179984f,7654,1
C:\SRS(ISIC_2019)\Dataset\MEL\ISIC_0024898.jpg,isic_0024898,4,fad74d18f4ec4b49fb005094bd48aabf3e1e42160e8966c590455e6fda5784b2,7655,1
C:\SRS(ISIC_2019)\Dataset\MEL\ISIC_0024929.jpg,isic_0024929,4,4eb42f1c7f6c23554c01dea00f600ad0fd7d3f03619d486d4c7914be8cb228c7,7659,1
C:\SRS(ISIC_2019)\Dataset\MEL\ISIC_0024961.jpg,isic_0024961,4,43120d9d0a3f3e7c55489b9f0c6d373e79ca2c95118520c59a3cf417f79bf26c,7666,1
C:\SRS(ISIC_2019)\Dataset\MEL\ISIC_0024962.jpg,isic_0024962,4,681c8889cc3d4fab379fff4ff83ba09e95a6cfd6b43fc14d670a0a999ed192c3,7667,1
C:\SRS(ISIC_2019)\Dataset\MEL\ISIC_0024987.jpg,isic_0024987,4,2aa16732370a15383994f9d607a86863fdcddf1805b6dbe9ac9797e80c849e5d,7670,1
C:\SRS(ISIC_2019)\Dataset\MEL\ISIC_0025121.jpg,isic_0025121,4,917f97c03bd70fb5cf841ad49cbf490208a581b8d3bb4dabb8a9f4637008e61d,7678,1
C:\SRS(ISIC_2019)\Dataset\MEL\ISIC_0025145.jpg,isic_0025145,4,b8b83f3db826a330a93906c1cd0cde17c90ee27b3955bacac51426745453c4f2,7682,1
C:\SRS(ISIC_2019)\Dataset\MEL\ISIC_0025248.jpg,isic_0025248,4,f39312725ed9e8b7b640dbf2cc79f9ce2002633ee16f687e89cda56804dd184c,7691,1
C:\SRS(ISIC_2019)\Dataset\MEL\ISIC_0025265.jpg,isic_0025265,4,d682d44ed9c33f5a334446ecb3337b4eb6e958ac5bcb5b4427da127c391b6e6e,7692,1
C:\SRS(ISIC_2019)\Dataset\MEL\ISIC_0025303.jpg,isic_0025303,4,4337631b32d3318e989b59967b108c7944a68c188925a083775d7264a78120a7,7695,1
C:\SRS(ISIC_2019)\Dataset\MEL\ISIC_0025413.jpg,isic_0025413,4,cc42495a3134888cf66b7f598eea97cfbe3bf77174f60538dfb7fb22047fcb5d,7704,1
C:\SRS(ISIC_2019)\Dataset\MEL\ISIC_0025414.jpg,isic_0025414,4,4a5504970a2971e43c38d5409e1f876d150639a64449488ab16e0ecb9a096b96,7705,1
C:\SRS(ISIC_2019)\Dataset\MEL\ISIC_0025451.jpg,isic_0025451,4,6feceee09fca2a42374b1a1059cf9d21a44ea9d6d65e4feaf0030899074b8ed4,7708,1
C:\SRS(ISIC_2019)\Dataset\MEL\ISIC_0025472.jpg,isic_0025472,4,624c4b3579fdb1deeb78ba7cda335302f4c97309a5ad9fe099647b5a5b096e21,7709,1
C:\SRS(ISIC_2019)\Dataset\MEL\ISIC_0025543.jpg,isic_0025543,4,73bba426ff131e5afba5645d5c3094ff3ce5fc61cc6a342f0628e389f6d9747f,7716,1
C:\SRS(ISIC_2019)\Dataset\MEL\ISIC_0025573.jpg,isic_0025573,4,8c04efbed3733adc8ff4483f009cab02e71adb8e84b85c9719c8ad8a18a7f71a,7719,1
C:\SRS(ISIC_2019)\Dataset\MEL\ISIC_0025589.jpg,isic_0025589,4,b28658d3a60e227c4694fd1fdb16e626f5abb0fcc836a0155e5d1801c74f064d,7720,1
C:\SRS(ISIC_2019)\Dataset\MEL\ISIC_0025651.jpg,isic_0025651,4,dba60bf4fff3c2c9c1671c2b5dfca806e94f29cf52bc54432e73a9bbe00fb443,7725,1
C:\SRS(ISIC_2019)\Dataset\MEL\ISIC_0025674.jpg,isic_0025674,4,d52ea4c3d771e02a0fbf2c7012bb732230470fc7cc1b2a43356dbc70daa738cd,7727,1
C:\SRS(ISIC_2019)\Dataset\MEL\ISIC_0025732.jpg,isic_0025732,4,695d11ad09e091df1b7df7804718c5765286a18300c235d46d2683188067ef43,7731,1
C:\SRS(ISIC_2019)\Dataset\MEL\ISIC_0025755.jpg,isic_0025755,4,897423eba50712770e95a163b54fc356ba37551e4d17ef07632c0eb773f8156a,7735,1
C:\SRS(ISIC_2019)\Dataset\MEL\ISIC_0025766.jpg,isic_0025766,4,71ec67598b6d63d84fc7a63382c3bd9a05ef2559e99adb7ad11533ec1f2d59c7,7736,1
C:\SRS(ISIC_2019)\Dataset\MEL\ISIC_0025832.jpg,isic_0025832,4,5e39f67c4173f56db08476082eec2e675ddedd977ed2190070540bcdececc852,7741,1
C:\SRS(ISIC_2019)\Dataset\MEL\ISIC_0025835.jpg,isic_0025835,4,9a26d48f4b254066ff46f5f9c480674b676946b3b96eaa64429382db291d8748,7742,1
C:\SRS(ISIC_2019)\Dataset\MEL\ISIC_0025904.jpg,isic_0025904,4,185de04cc5471a61029b0c86e23a9a4555d69b000c2b6c9d8d43caf411505822,7744,1
C:\SRS(ISIC_2019)\Dataset\MEL\ISIC_0025927.jpg,isic_0025927,4,7d4c88f62d51707739df40703d7554c7c049ad6410a684e4124b561b69dcc552,7745,1
C:\SRS(ISIC_2019)\Dataset\MEL\ISIC_0025955.jpg,isic_0025955,4,bb9e044fd347ccd5180b480339a10a4798b34bd3d43e874af11550bc5191bc54,7747,1
C:\SRS(ISIC_2019)\Dataset\MEL\ISIC_0026105.jpg,isic_0026105,4,6955fd789c864e9218afa6c75910221609c2b02414c0981991c8a41c2761cd64,7758,1
C:\SRS(ISIC_2019)\Dataset\MEL\ISIC_0026158.jpg,isic_0026158,4,18ec6a6e6d1a2678b360322e7c9a832d70ac7a6bbf85da8be4589538927d7924,7764,1
C:\SRS(ISIC_2019)\Dataset\MEL\ISIC_0026167.jpg,isic_0026167,4,328606c1a57e1d9cd230e74aef38c62d2428d89fc7718d16643af2ae59fd8786,7765,1
C:\SRS(ISIC_2019)\Dataset\MEL\ISIC_0026247.jpg,isic_0026247,4,d5f7aa0ee673760509583edf303a3de98e1377fa7b2561e8384714d0c8a3248c,7771,1
C:\SRS(ISIC_2019)\Dataset\MEL\ISIC_0026314.jpg,isic_0026314,4,3e9e6d9cbda185b76e57bbb6ff4000c9ed79c8657a7433c118db209d266e5bb1,7777,1
C:\SRS(ISIC_2019)\Dataset\MEL\ISIC_0026420.jpg,isic_0026420,4,7b86f1f5a3cb9a29f8c5c215b7bb0749eab573337416dcd053a1e9dc3a1685e2,7781,1
C:\SRS(ISIC_2019)\Dataset\MEL\ISIC_0026430.jpg,isic_0026430,4,ba9e5aaca90f922419ff45819e29b41d2419c3872201c3291bf2a9f22d214ae1,7782,1
C:\SRS(ISIC_2019)\Dataset\MEL\ISIC_0026489.jpg,isic_0026489,4,5bb76e1ef270f4d4d24647efaebe23c9daa46a63ba424637e1fa4ebae7c5283a,7786,1
C:\SRS(ISIC_2019)\Dataset\MEL\ISIC_0026506.jpg,isic_0026506,4,fffad06cc7ec1db14b68a67d5261f4d0b3a6d9df644263370fbc3e9d98e915a5,7788,1
C:\SRS(ISIC_2019)\Dataset\MEL\ISIC_0026586.jpg,isic_0026586,4,11ffb427026194e5da78c39ab4128d3d6ba529bc464c4f0762a8e4f62ccfe38f,7794,1
C:\SRS(ISIC_2019)\Dataset\MEL\ISIC_0026622.jpg,isic_0026622,4,3abb336c40365892f1d776594bc4cdbb60feece37094c34d23754def5672c532,7797,1
C:\SRS(ISIC_2019)\Dataset\MEL\ISIC_0026664.jpg,isic_0026664,4,b49312e34407bc1fa6d39ba4b063441a8a7b36c3025d70af44210326dab3666e,7800,1
C:\SRS(ISIC_2019)\Dataset\MEL\ISIC_0026694.jpg,isic_0026694,4,acf9ce7aa013a7f49e8005b8dcd10b263b2d9e59333e16cd0bd09f7d91a3e0bf,7802,1
C:\SRS(ISIC_2019)\Dataset\MEL\ISIC_0026745.jpg,isic_0026745,4,1e24f4b3ba9811cddc36c5365ba64a39f3b3e0983264a2c8b824cdbfbc9281d3,7806,1
C:\SRS(ISIC_2019)\Dataset\MEL\ISIC_0026796.jpg,isic_0026796,4,9ed857eba393b1ecb9b368771fb6ec0f74b1667c942c71cec04e19b5c48fd8a4,7811,1
C:\SRS(ISIC_2019)\Dataset\MEL\ISIC_0026847.jpg,isic_0026847,4,3e20b69ca33f0a0a17cd21c7252ed62adffa5aabfe5a831378c42b9a9ac6aa44,7815,1
C:\SRS(ISIC_2019)\Dataset\MEL\ISIC_0026870.jpg,isic_0026870,4,b32224a7b2acaf4867353daed338b079d6f216bc3ca4e58f860a0888e67d3bed,7818,1
C:\SRS(ISIC_2019)\Dataset\MEL\ISIC_0026892.jpg,isic_0026892,4,6a4c659e20cf7a80a4efc698f9bb0c602d713720c71cc6f326c959b3ed2015f7,7820,1
C:\SRS(ISIC_2019)\Dataset\MEL\ISIC_0026989.jpg,isic_0026989,4,448d43ed08d9d3243b64c576a4ed0abe1608b4624fc3c862f211a0c502491f73,7829,1
C:\SRS(ISIC_2019)\Dataset\MEL\ISIC_0027030.jpg,isic_0027030,4,1029b43d83f93e50fbc5d3e224e7449c891524bf07901db58adbb7fbfbb473dd,7833,1
C:\SRS(ISIC_2019)\Dataset\MEL\ISIC_0027063.jpg,isic_0027063,4,b8695a5384a6433aba1b17407e9c2c9a3be1e501905e9c6b8a099a3cefa5a22b,7837,1
C:\SRS(ISIC_2019)\Dataset\MEL\ISIC_0027105.jpg,isic_0027105,4,1fc7fa2b7185ed421c28757efe6c7a828c1572cb903de923db32a2bd108fa9fc,7847,1
C:\SRS(ISIC_2019)\Dataset\MEL\ISIC_0027174.jpg,isic_0027174,4,54d317f4e0190bf51e7ac3c379a8d1e9dbbdaaba41dea3a984e1f95896df3d15,7856,1
C:\SRS(ISIC_2019)\Dataset\MEL\ISIC_0027302.jpg,isic_0027302,4,e9d6fe21d947ff0c57866733ef5a692389a47db930206aed39164bf7809e713e,7870,1
C:\SRS(ISIC_2019)\Dataset\MEL\ISIC_0027350.jpg,isic_0027350,4,a8373fb707de35fdd3d89cbe66733e03a86e340ddf2dd294b9bdafc2280acf73,7874,1
C:\SRS(ISIC_2019)\Dataset\MEL\ISIC_0027402.jpg,isic_0027402,4,1ec6b7805dbf97b7988354b674260f31ca19cccb7885ea292b2d0feb2dfb8cba,7878,1
C:\SRS(ISIC_2019)\Dataset\MEL\ISIC_0027480.jpg,isic_0027480,4,289dd179ab2bc66c203b573a800d8666effca2fd3003c20371618f35c4ef621e,7883,1
C:\SRS(ISIC_2019)\Dataset\MEL\ISIC_0027590.jpg,isic_0027590,4,86175fb9429aa874fa08a5a928a507b682154cfa557be48d3154a7b812fc0d49,7892,1
C:\SRS(ISIC_2019)\Dataset\MEL\ISIC_0027604.jpg,isic_0027604,4,c5643cee3d01930bad903b1dbae9664fa8dc39e653d2e42d5e96db54f92eb91c,7893,1
C:\SRS(ISIC_2019)\Dataset\MEL\ISIC_0027622.jpg,isic_0027622,4,2547d4c43df87bb249f76200205022ea4e57e0dd65d1b8a29cde2d2c7aa7ffc2,7896,1
C:\SRS(ISIC_2019)\Dataset\MEL\ISIC_0027669.jpg,isic_0027669,4,5feecdfa7477fefd392838ad706e8905ed7f0d9e0efc744066f7dc8eeb138d0a,7900,1
C:\SRS(ISIC_2019)\Dataset\MEL\ISIC_0027769.jpg,isic_0027769,4,922404582e52adbdf81553b65b7fc31b798288c503cd074dd7903ee6f67eeb60,7906,1
C:\SRS(ISIC_2019)\Dataset\MEL\ISIC_0027776.jpg,isic_0027776,4,270466f33edc4339ff5ea97deee621b493a2d24401cdac62f9d90639dd63f01b,7907,1
C:\SRS(ISIC_2019)\Dataset\MEL\ISIC_0027872.jpg,isic_0027872,4,03249d3eb29b8279240aeeb79811b7c4783fbc6d151df5c57c52c38e41a10542,7914,1
C:\SRS(ISIC_2019)\Dataset\MEL\ISIC_0027900.jpg,isic_0027900,4,06ad0b5bf53afdc767b91e2a439a58307c079f57666fec58fe8cf38afcb23d4c,7915,1
C:\SRS(ISIC_2019)\Dataset\MEL\ISIC_0027956.jpg,isic_0027956,4,62309ce0a3d0bd342c8989ee7d66dddb12e037ed13fdd1a0812d4bab58acc08c,7917,1
C:\SRS(ISIC_2019)\Dataset\MEL\ISIC_0028051.jpg,isic_0028051,4,ecb14968ec933d18f8b71b9a86003822ae594dd8dadf58517d42ccb76d80d06c,7926,1
C:\SRS(ISIC_2019)\Dataset\MEL\ISIC_0028065.jpg,isic_0028065,4,e59abd07f9424bb3ec8d480447a46dab244848dea8dba199a1bc6f3f3f3a18a4,7928,1
C:\SRS(ISIC_2019)\Dataset\MEL\ISIC_0028082.jpg,isic_0028082,4,e5c8a7c829e06fc46036100ed34ed3ffa10c891fb2d0164b788ed00ceff2e00b,7931,1
C:\SRS(ISIC_2019)\Dataset\MEL\ISIC_0028219.jpg,isic_0028219,4,278a419262a3aac790ca4673b4177be15c27461a5f747fa8908dd96f47ac1c42,7946,1
C:\SRS(ISIC_2019)\Dataset\MEL\ISIC_0028325.jpg,isic_0028325,4,63cef161147aa576e6e8f2b811f8428ecf03681cb79ad4ad09bbd7a8f9fb59a0,7956,1
C:\SRS(ISIC_2019)\Dataset\MEL\ISIC_0028508.jpg,isic_0028508,4,f0b6ec891e9b53b48e55217d962529cd9d7f060b89dae879ccf3c2d83e267a86,7974,1
C:\SRS(ISIC_2019)\Dataset\MEL\ISIC_0028520.jpg,isic_0028520,4,798103c1e62d70afb75ecadd92429be1bd7304ce854418b5db41dad03906d2cb,7977,1
C:\SRS(ISIC_2019)\Dataset\MEL\ISIC_0028537.jpg,isic_0028537,4,3fe1e6507bc05a191ea40b3c7467dc357a73e8db352d5b0bddcb80241c29db29,7978,1
C:\SRS(ISIC_2019)\Dataset\MEL\ISIC_0028548.jpg,isic_0028548,4,f2d936319492797df75b581d77e2787e803b0d1306aea948d99b5cd6c519c5e8,7980,1
C:\SRS(ISIC_2019)\Dataset\MEL\ISIC_0028565.jpg,isic_0028565,4,171ada5798fc11a7a149ed9a955f21fd8572b351e08973bf1899e795c3c1e700,7981,1
C:\SRS(ISIC_2019)\Dataset\MEL\ISIC_0028777.jpg,isic_0028777,4,f11df66dbdca3de0b7fa44a8a7c8eaaa80ef55c8eaa699f47bb1533c33742ed7,7997,1
C:\SRS(ISIC_2019)\Dataset\MEL\ISIC_0028916.jpg,isic_0028916,4,9224471e43354042b3316ac895aa7633e4ffd6534497e1a1220f42de2a2aa18e,8007,1
C:\SRS(ISIC_2019)\Dataset\MEL\ISIC_0029163.jpg,isic_0029163,4,b5e7bb67ed7f5c4ff008783112fcab17e5f93b79e5add11ae7fab9e9537579f1,8027,1
C:\SRS(ISIC_2019)\Dataset\MEL\ISIC_0029216.jpg,isic_0029216,4,f1ec5e17b3da2de9b8728b351659ced220cf996ab75fa5506b6db620d91c761e,8032,1
C:\SRS(ISIC_2019)\Dataset\MEL\ISIC_0029271.jpg,isic_0029271,4,d9d1547002f5deda3ee845767b6244e5f4692e90254e5e820196e6dff8f5db5e,8037,1
C:\SRS(ISIC_2019)\Dataset\MEL\ISIC_0029272.jpg,isic_0029272,4,bafeba218354f96403edd686861591af627b866b311043e11913cc0881437059,8038,1
C:\SRS(ISIC_2019)\Dataset\MEL\ISIC_0029343.jpg,isic_0029343,4,bb9c0183c8b7e5542dff94741f496418cae3124a12b3c17788439effaf476e5c,8043,1
C:\SRS(ISIC_2019)\Dataset\MEL\ISIC_0029538.jpg,isic_0029538,4,f9dc594d97eba2660815706cb7098e0f00a664c24d45aec05259d8faa8461dad,8057,1
C:\SRS(ISIC_2019)\Dataset\MEL\ISIC_0029570.jpg,isic_0029570,4,f3020997f6a4e9577012805a1503bb26938b7403084241bc204e8b2919a038f1,8061,1
C:\SRS(ISIC_2019)\Dataset\MEL\ISIC_0029574.jpg,isic_0029574,4,0daeb8ae73a7c0c2335d2163b8e456af2cfb806b931bd897b98a71a56ba99c0e,8063,1
C:\SRS(ISIC_2019)\Dataset\MEL\ISIC_0029651.jpg,isic_0029651,4,ecdbf2bfd10678e17d9b8d46eade3ab5745a4e26bde582239aa235531e4edbb6,8070,1
C:\SRS(ISIC_2019)\Dataset\MEL\ISIC_0029859.jpg,isic_0029859,4,f7fb99b01b2842e382f147478081ef17e603c4f7173b1033a9f564096c68988c,8082,1
C:\SRS(ISIC_2019)\Dataset\MEL\ISIC_0030014.jpg,isic_0030014,4,5b53abbd4ada7c4e1fded91ee4c2802c661e2c6287ff7ad7170f32c7a5b30011,8094,1
C:\SRS(ISIC_2019)\Dataset\MEL\ISIC_0030032.jpg,isic_0030032,4,e4da1d49785803ed553ff18a57bc11282b880e724f97c217249042954c36988f,8096,1
C:\SRS(ISIC_2019)\Dataset\MEL\ISIC_0030034.jpg,isic_0030034,4,5f4d5114f182c8ac857e0aaa3a47eb504440b05a9fda5211b0ae007d5c936a2d,8097,1
C:\SRS(ISIC_2019)\Dataset\MEL\ISIC_0030192.jpg,isic_0030192,4,3c3bd9cb6a30b5de23b3c9b6e28c12df987e01c734aa5662d9ef9cb8571bccd6,8115,1
C:\SRS(ISIC_2019)\Dataset\MEL\ISIC_0030324.jpg,isic_0030324,4,73af98ae380c3afe69b10adfb6f4673872c0b8dfab5439317c7351da013bdac5,8123,1
C:\SRS(ISIC_2019)\Dataset\MEL\ISIC_0030356.jpg,isic_0030356,4,e72d82e101a8526c6410b984d12b473da71f93a4362e97b040c40d717c9e81f7,8125,1
C:\SRS(ISIC_2019)\Dataset\MEL\ISIC_0030521.jpg,isic_0030521,4,d21736923eb40d029f394fef3ce6bb56e738a753ef84c1a1c917c87feaf1a7c4,8140,1
C:\SRS(ISIC_2019)\Dataset\MEL\ISIC_0030616.jpg,isic_0030616,4,af7660b82ffeccd17ae21950c56d2f35e9ba39807c203f6ee27c637a51b922fc,8146,1
C:\SRS(ISIC_2019)\Dataset\MEL\ISIC_0030623.jpg,isic_0030623,4,c57fb86b72a49aef368798161a9ce2d38d8d7996bad583cc3abb6471fddb9b94,8147,1
C:\SRS(ISIC_2019)\Dataset\MEL\ISIC_0030795.jpg,isic_0030795,4,b98671b66f87790780743563c9280bb8e73acdae10c56b689fb88986b09e8cda,8158,1
C:\SRS(ISIC_2019)\Dataset\MEL\ISIC_0030818.jpg,isic_0030818,4,5b73cab095f88ac1851e2a6bbff5ad7ea141c93c8809ff62be1b237985767d6a,8160,1
C:\SRS(ISIC_2019)\Dataset\MEL\ISIC_0030843.jpg,isic_0030843,4,011d50b1e0bcb94c4bef75a0651037823e771c2d58602720d7b9fda554f68717,8163,1
C:\SRS(ISIC_2019)\Dataset\MEL\ISIC_0030898.jpg,isic_0030898,4,f2c8e0442a5d6b0025f6835036d9e8cd4af9ef5d28154acee9455e5e52f3578d,8165,1
C:\SRS(ISIC_2019)\Dataset\MEL\ISIC_0030901.jpg,isic_0030901,4,2ae8e7c3c3b91afc1656e92ed2a0ac23ce9313031ca6ed14652e8670e276c0cc,8166,1
C:\SRS(ISIC_2019)\Dataset\MEL\ISIC_0030925.jpg,isic_0030925,4,2b5b4ee01512af17aab5ade411bd8af6c84df3b904e3062190f2bf0a34cbb5cf,8168,1
C:\SRS(ISIC_2019)\Dataset\MEL\ISIC_0031005.jpg,isic_0031005,4,d4269b7530066778688c851d50d0d6d4a5c72bea709adf451649303bb4b9fdbd,8175,1
C:\SRS(ISIC_2019)\Dataset\MEL\ISIC_0031013.jpg,isic_0031013,4,d7ce01932552bb295c8a5bd383aad7e91a3cb8665a73c0bcec0db6ecdf7c18d8,8176,1
C:\SRS(ISIC_2019)\Dataset\MEL\ISIC_0031146.jpg,isic_0031146,4,d20c80ab09831dffa992bbb2aba2fa72e9aade25209830a8634ecdfd03733f1a,8183,1
C:\SRS(ISIC_2019)\Dataset\MEL\ISIC_0031310.jpg,isic_0031310,4,30a838594a1473d86255af95acd33445ccb3b938aa1c532f89171422825737f0,8194,1
C:\SRS(ISIC_2019)\Dataset\MEL\ISIC_0031389.jpg,isic_0031389,4,5cb31cf9a41336467f2162bce99932dc398f2869cc32d7866459fff2de3c5cff,8201,1
C:\SRS(ISIC_2019)\Dataset\MEL\ISIC_0031410.jpg,isic_0031410,4,815772a87adac5c348c59bbaaa68fd01c0c04eef4ca70155841a38a964610d8b,8205,1
C:\SRS(ISIC_2019)\Dataset\MEL\ISIC_0031417.jpg,isic_0031417,4,ecab559be382a3515f802f8076c5cfb4a7100d01d2200467625a1d85309c423e,8206,1
C:\SRS(ISIC_2019)\Dataset\MEL\ISIC_0031479.jpg,isic_0031479,4,a18daa95bf3315279f3083360364b88dcac820c0992f0119eccf45d1b872ea99,8207,1
C:\SRS(ISIC_2019)\Dataset\MEL\ISIC_0031554.jpg,isic_0031554,4,cc033f46fdb25914d7575ae06fbb730472ee563409dc2c663a89abbd91c4833d,8216,1
C:\SRS(ISIC_2019)\Dataset\MEL\ISIC_0031557.jpg,isic_0031557,4,832574e31c6971b0ab63d33807124883e8aacd3ccff7410745ec7ee3b3cd07e7,8217,1
C:\SRS(ISIC_2019)\Dataset\MEL\ISIC_0031561.jpg,isic_0031561,4,c83ea703774eb23911adabe28b0eb2e8155338bd11748066d5a7204e6ec51a38,8218,1
C:\SRS(ISIC_2019)\Dataset\MEL\ISIC_0031778.jpg,isic_0031778,4,3d4ab5f11f665e4187e76cd3c9d8fb979afafa3243e3ba3c4ee0e18b134555c6,8231,1
C:\SRS(ISIC_2019)\Dataset\MEL\ISIC_0031821.jpg,isic_0031821,4,56a0598f742fe735580fcb782393fc37b9d9d48ee7648dee49b7314135ef7ec0,8235,1
C:\SRS(ISIC_2019)\Dataset\MEL\ISIC_0032017.jpg,isic_0032017,4,9397e26b4f9e9b007869c0941c25a58d68327b15bccdb69411163cfc087ff858,8249,1
C:\SRS(ISIC_2019)\Dataset\MEL\ISIC_0032036.jpg,isic_0032036,4,bb89e557e59a09609970306e24f0ee31e45ac43cc6fe497f4ec03b5db2475b4b,8251,1
C:\SRS(ISIC_2019)\Dataset\MEL\ISIC_0032081.jpg,isic_0032081,4,b607b480837108bb5ca5fa4c4cc6d7ef93fdd8f17627db88d29cf586688dc80e,8257,1
C:\SRS(ISIC_2019)\Dataset\MEL\ISIC_0032095.jpg,isic_0032095,4,a98a6c11867ddbb63dd07cfcf79527e423239518466f810820b185ce7c1bc782,8258,1
C:\SRS(ISIC_2019)\Dataset\MEL\ISIC_0032098.jpg,isic_0032098,4,12468fa248b0d40bfa353d183e683ec0792793686bdaf003ec3e3c9eddcc3881,8259,1
C:\SRS(ISIC_2019)\Dataset\MEL\ISIC_0032192.jpg,isic_0032192,4,08ef3cfec8b075c4355b5a6a621fa393360bdcdce64affca39684dfe2b04283a,8267,1
C:\SRS(ISIC_2019)\Dataset\MEL\ISIC_0032245.jpg,isic_0032245,4,ff86c497a24f21ad125d540e1e42818078b8fee276fdafc95f3af131eb4a6f4d,8276,1
C:\SRS(ISIC_2019)\Dataset\MEL\ISIC_0032313.jpg,isic_0032313,4,dd1495b8311b793a0d3e2875774322ad755130fab78b29b5693c3844ffb1f98e,8283,1
C:\SRS(ISIC_2019)\Dataset\MEL\ISIC_0032331.jpg,isic_0032331,4,38399f0951f951d3206ae8f29ceb9ba8d599be229bb05a72cea7a5faa3dff7ce,8284,1
C:\SRS(ISIC_2019)\Dataset\MEL\ISIC_0032424.jpg,isic_0032424,4,0557ad2f773e4411dfeeab0cb981d7cd86a3059e5e80b1312fa1e3b9511f5efd,8291,1
C:\SRS(ISIC_2019)\Dataset\MEL\ISIC_0032441.jpg,isic_0032441,4,f56c704f8532d271b328ae8c5d53fb43318b4ba44b44e727658f742a07af2d6c,8295,1
C:\SRS(ISIC_2019)\Dataset\MEL\ISIC_0032526.jpg,isic_0032526,4,9c878b452d0a7183ef9c2e0630ad2fbdb7460f7a6ba63be659682082e7618302,8306,1
C:\SRS(ISIC_2019)\Dataset\MEL\ISIC_0032583.jpg,isic_0032583,4,662cd3488b27c8edf6318d54cfc3c88bb3b436c1d76420ecb3f5f1023a4694dc,8319,1
C:\SRS(ISIC_2019)\Dataset\MEL\ISIC_0032592.jpg,isic_0032592,4,67d463e7b2fd7ce42565e4f3fdcb656e94b692d216024b45033a349880192001,8321,1
C:\SRS(ISIC_2019)\Dataset\MEL\ISIC_0032596.jpg,isic_0032596,4,e72aad9b01aa274ed39f59cab1ef3cf920316963d0b36ca10f80ab8127ab041c,8322,1
C:\SRS(ISIC_2019)\Dataset\MEL\ISIC_0032629.jpg,isic_0032629,4,0d9bb9eb57cebf32ca5cae1405cd82a4b1ebdb23860b725f610d6703e0c327fb,8333,1
C:\SRS(ISIC_2019)\Dataset\MEL\ISIC_0032698.jpg,isic_0032698,4,3152eae8cece67c82cf60e03388055eb6db043e3902a936cabd92a1742ddccb1,8347,1
C:\SRS(ISIC_2019)\Dataset\MEL\ISIC_0032722.jpg,isic_0032722,4,f2076f6231a85537dc7f7b7e7e21a82f84f306924a3a1e63e4b459c5db5b047c,8352,1
C:\SRS(ISIC_2019)\Dataset\MEL\ISIC_0032750.jpg,isic_0032750,4,2b68814a12f00222cab4808a5c7de1d768c481faf8eedccbd51be6745aceea6f,8359,1
C:\SRS(ISIC_2019)\Dataset\MEL\ISIC_0032774.jpg,isic_0032774,4,96d2c8aa236237e451ea7ff3130ffabf9d6ee3c750727d4a462b291e2087ee8f,8362,1
C:\SRS(ISIC_2019)\Dataset\MEL\ISIC_0032790.jpg,isic_0032790,4,6596f5070618622898e7161c953c7492c17a7c7e83a27e173edbac3bd92ad23b,8364,1
C:\SRS(ISIC_2019)\Dataset\MEL\ISIC_0032823.jpg,isic_0032823,4,7029af9d0fd0fa83eeeaf632dae722b9fe9e792b45864e7152d068b813b23e9a,8370,1
C:\SRS(ISIC_2019)\Dataset\MEL\ISIC_0032840.jpg,isic_0032840,4,27e04142895f24a297eab6710f1dd15511375715b9e910f7fc0741666ea41997,8373,1
C:\SRS(ISIC_2019)\Dataset\MEL\ISIC_0032847.jpg,isic_0032847,4,9f3ee768be7a0ea1f14f12ebb5a990060979f48d8c8779c771d39d4cf878d020,8377,1
C:\SRS(ISIC_2019)\Dataset\MEL\ISIC_0032862.jpg,isic_0032862,4,317e862d77827e8b0a496b5d4799d2ebd5c6e1f1de34de0d6b0fcb088f3ae7c3,8379,1
C:\SRS(ISIC_2019)\Dataset\MEL\ISIC_0032887.jpg,isic_0032887,4,e2ced9352adf40f7578fe1ac1149411891d8ddf1d617f0e49db5a336b5f86477,8386,1
C:\SRS(ISIC_2019)\Dataset\MEL\ISIC_0032888.jpg,isic_0032888,4,589fd73a1caae24ec0b381e2c248c5774b698579af8c83ba2e7b86fa5237a2b2,8387,1
C:\SRS(ISIC_2019)\Dataset\MEL\ISIC_0032903.jpg,isic_0032903,4,ad3988e0649970c804a8cacc59b3fa660e06367336b03fca01cd93b95ebee063,8389,1
C:\SRS(ISIC_2019)\Dataset\MEL\ISIC_0032936.jpg,isic_0032936,4,e8ae693c966e5b423ffbf86a0bc3f0d4f3de1a84f270dd0285e56756c87b78f0,8398,1
C:\SRS(ISIC_2019)\Dataset\MEL\ISIC_0032958.jpg,isic_0032958,4,bafbbbf07400f6359541a280316045fcca69db17d6de7c1309acfea1c4a1c531,8402,1
C:\SRS(ISIC_2019)\Dataset\MEL\ISIC_0032965.jpg,isic_0032965,4,612a65081c00f41780bc4639567955de93dce38a23776892a56e63d2acef52bb,8404,1
C:\SRS(ISIC_2019)\Dataset\MEL\ISIC_0032988.jpg,isic_0032988,4,95faed684144f5fda89e981d36c3bfe39509c97c4397962ef4cf60e174735a45,8414,1
C:\SRS(ISIC_2019)\Dataset\MEL\ISIC_0033050.jpg,isic_0033050,4,35033f97c55509cc906ff5d47ee89dad4eaf7229f1c453dfcdf506c2e844ed7f,8427,1
C:\SRS(ISIC_2019)\Dataset\MEL\ISIC_0033051.jpg,isic_0033051,4,7a126c6a7f26697a9f201d4d5fb7900cb3120098406bcf137db2096b0d2ea8ec,8428,1
C:\SRS(ISIC_2019)\Dataset\MEL\ISIC_0033073.jpg,isic_0033073,4,933ce2257429f5b3119f39aba6b59cc1227112d420a2415f9e86ddaee233847c,8433,1
C:\SRS(ISIC_2019)\Dataset\MEL\ISIC_0033238.jpg,isic_0033238,4,d487395c604ccde2baf05e2447bcd33d2432033b16fbe88376f6da693e60fe2c,8467,1
C:\SRS(ISIC_2019)\Dataset\MEL\ISIC_0033267.jpg,isic_0033267,4,e0a5e94f292fca7367d8dedd7b6587a253dac38e5e6f88588373a1f16eeedd7d,8474,1
C:\SRS(ISIC_2019)\Dataset\MEL\ISIC_0033268.jpg,isic_0033268,4,b12e5375b319d2b2260cf87c25b57be626788550fcbf7f4efef7070d32596341,8475,1
C:\SRS(ISIC_2019)\Dataset\MEL\ISIC_0033274.jpg,isic_0033274,4,77c2497b317ed7f4cc7755ad82faeef5f58a8a1e6fabcb57f1945a712a0ec76a,8478,1
C:\SRS(ISIC_2019)\Dataset\MEL\ISIC_0033317.jpg,isic_0033317,4,fb72ed4d05255ab6b7c5e832980787a0708dcec868ff70d4eb51f1ee2cc1fe9e,8490,1
C:\SRS(ISIC_2019)\Dataset\MEL\ISIC_0033320.jpg,isic_0033320,4,86959a38dd174ef73c6b86eb0d63dc82643b899ee8789535cd86257e9a95c028,8491,1
C:\SRS(ISIC_2019)\Dataset\MEL\ISIC_0033405.jpg,isic_0033405,4,d1b51743124771f7b2e7b29a43170400294db52de318ae6c31fcb94d1af3f337,8508,1
C:\SRS(ISIC_2019)\Dataset\MEL\ISIC_0033452.jpg,isic_0033452,4,7bb92bc32bb511c79a74b437f6ceec2919b9240cd4a597145dac377bb4a83c38,8519,1
C:\SRS(ISIC_2019)\Dataset\MEL\ISIC_0033454.jpg,isic_0033454,4,b20020c3b46cd0897e196d84f5688566a9c673eb2dd7dffc7cc65dc3ae564ae8,8520,1
C:\SRS(ISIC_2019)\Dataset\MEL\ISIC_0033470.jpg,isic_0033470,4,520891537dd96f9e1427ee510ed7f473f12f6f767bc15294d4eee4d29854a366,8522,1
C:\SRS(ISIC_2019)\Dataset\MEL\ISIC_0033520.jpg,isic_0033520,4,e86f6e389582bce30aeb6d7215232c7787f9a80cc4bc2ee097fb7de497e4c916,8533,1
C:\SRS(ISIC_2019)\Dataset\MEL\ISIC_0033559.jpg,isic_0033559,4,675a531226c9ff79aeaefc5dba33da974b232a66c5bc174bff89bc3baf8ed2cd,8542,1
C:\SRS(ISIC_2019)\Dataset\MEL\ISIC_0033616.jpg,isic_0033616,4,7fc64e95101cad56915c3d714fd5d9e5051819c63d62247df334dfef87f8dcf6,8558,1
C:\SRS(ISIC_2019)\Dataset\MEL\ISIC_0033624.jpg,isic_0033624,4,c73fd237ae54004aa4259f7a7b5b5f57c32182e4dd772db5b4cf4eb395029484,8560,1
C:\SRS(ISIC_2019)\Dataset\MEL\ISIC_0033651.jpg,isic_0033651,4,d29c8aa174880d13d9dceaf52a15adfe58535af5b752ff4f666655a5a52c0612,8566,1
C:\SRS(ISIC_2019)\Dataset\MEL\ISIC_0033662.jpg,isic_0033662,4,9645ac3dd1d9f49687367ad1e8adb02e9c16867ff1b3ab5f27560c61916fb58b,8570,1
C:\SRS(ISIC_2019)\Dataset\MEL\ISIC_0033679.jpg,isic_0033679,4,a16a80e0b98a6c68ee5b5dc05f1b4fb9a0bcefe8bfe3116f0b9e235b947db83b,8575,1
C:\SRS(ISIC_2019)\Dataset\MEL\ISIC_0033687.jpg,isic_0033687,4,27fc9233e71ba9b362abdda84bde6a13c648ee95b24252921ba798a5f2ad3b1f,8576,1
C:\SRS(ISIC_2019)\Dataset\MEL\ISIC_0033700.jpg,isic_0033700,4,c3f8a89cce0e4b19d0c2032012eaa08953e756864891db6225e165d0f7cbf850,8578,1
C:\SRS(ISIC_2019)\Dataset\MEL\ISIC_0033710.jpg,isic_0033710,4,d8e63902724046adfda1de7917b2d19638a17710541d18375af78a79636619fc,8581,1
C:\SRS(ISIC_2019)\Dataset\MEL\ISIC_0033801.jpg,isic_0033801,4,ab199083124c61908fba5dc4b59187c588395faeab7348b34df2b1a1aefce108,8591,1
C:\SRS(ISIC_2019)\Dataset\MEL\ISIC_0033805.jpg,isic_0033805,4,dcf874c24230bbb8fd451271ac048723e571f8c55b310ebd4d00880a5d8589a6,8594,1
C:\SRS(ISIC_2019)\Dataset\MEL\ISIC_0033820.jpg,isic_0033820,4,2a0964e9ee4625c9934699110e96af467cf4ab1088a339058a59781d5e5f8e7c,8601,1
C:\SRS(ISIC_2019)\Dataset\MEL\ISIC_0033883.jpg,isic_0033883,4,48e5d7b2b131d0dc816c40c9d838b8089c0b22256febce6adb1de6d0dbbb3bf5,8613,1
C:\SRS(ISIC_2019)\Dataset\MEL\ISIC_0033905.jpg,isic_0033905,4,bed499bd35b2cf747e435bc1fa326649fccbf74b1e5d701a1311893667ccd1e3,8619,1
C:\SRS(ISIC_2019)\Dataset\MEL\ISIC_0033925.jpg,isic_0033925,4,b80683ca3e0569d14eccf64abf5837eed3ce066d37a7785bb4f6540b384d63b5,8621,1
C:\SRS(ISIC_2019)\Dataset\MEL\ISIC_0033953.jpg,isic_0033953,4,a72fbcdb7f40a31e4824d053f138a4aad40fb044bf04b7d85d13af72ab925cf4,8627,1
C:\SRS(ISIC_2019)\Dataset\MEL\ISIC_0033962.jpg,isic_0033962,4,28e99c7873e1f5728437cc51a6d2328d4cdc1252a5b3f556a486d795c31d668f,8630,1
C:\SRS(ISIC_2019)\Dataset\MEL\ISIC_0033980.jpg,isic_0033980,4,e01cfa8ce5e31b6df716e42529d1590765fef035fa2806577cc857117c208949,8635,1
C:\SRS(ISIC_2019)\Dataset\MEL\ISIC_0033985.jpg,isic_0033985,4,470f078d7bcddc123134050a840f91eed8bfa1a2a5d13ce2a91f990835aca275,8637,1
C:\SRS(ISIC_2019)\Dataset\MEL\ISIC_0033995.jpg,isic_0033995,4,e836235b996a35ecad9c65d0573864edd0ddd095f6a8156fdace7eee684aa136,8639,1
C:\SRS(ISIC_2019)\Dataset\MEL\ISIC_0034034.jpg,isic_0034034,4,8146f3276bc27e7f7dd4c3eca4d1697c4e024222523b43cef4f9f0d70d57d2ed,8648,1
C:\SRS(ISIC_2019)\Dataset\MEL\ISIC_0034046.jpg,isic_0034046,4,002d3c581c5219a35066e901463eeb5eaa5f282ce4f83306d0b256c586bc2437,8650,1
C:\SRS(ISIC_2019)\Dataset\MEL\ISIC_0034048.jpg,isic_0034048,4,3c9b3dac79a81fe363e612a1e69ede57711662d174df183cec6a08500dff1024,8651,1
C:\SRS(ISIC_2019)\Dataset\MEL\ISIC_0034049.jpg,isic_0034049,4,216aea0aee2e8204c744ff39327294b0e015037ed68b6eecf0e7da0ed63184ca,8652,1
C:\SRS(ISIC_2019)\Dataset\MEL\ISIC_0034052.jpg,isic_0034052,4,0e9f07c445aeb5857047e9661baf532518970d742f6726fab48a2dc3e47e67c9,8655,1
C:\SRS(ISIC_2019)\Dataset\MEL\ISIC_0034076.jpg,isic_0034076,4,a7375d76fe0679a008291f8fc02b77e29a0b26082f560ac4b283d2bd3fc4e297,8664,1
C:\SRS(ISIC_2019)\Dataset\MEL\ISIC_0034087.jpg,isic_0034087,4,8e5d52861337799197b03f5136e534ba37c8b58a24cc31fcdbb8043b9bec8401,8666,1
C:\SRS(ISIC_2019)\Dataset\MEL\ISIC_0034089.jpg,isic_0034089,4,cef35efc511bb95673dac80dcfa99674ce24e70c8cb1b1ae81658345500899e6,8667,1
C:\SRS(ISIC_2019)\Dataset\MEL\ISIC_0034092.jpg,isic_0034092,4,57a2de9f6fe52de51f5c0b27084a5db12eb20592d6ee44c84007f2465900ded6,8668,1
C:\SRS(ISIC_2019)\Dataset\MEL\ISIC_0034150.jpg,isic_0034150,4,1fd865a4d81de24d69e8f9536a5f06fffda95bcb68b2b3f5475e0ae41f779497,8683,1
C:\SRS(ISIC_2019)\Dataset\MEL\ISIC_0034183.jpg,isic_0034183,4,58c7fa0f80ce5c5a6f01de48f9ff70acdfd2cdcab0de392b3060775e49068037,8690,1
C:\SRS(ISIC_2019)\Dataset\MEL\ISIC_0034188.jpg,isic_0034188,4,69e42644cc469670a01e19f304c037c1108f95e4f5864f06c894d4de7ebe7cf4,8691,1
C:\SRS(ISIC_2019)\Dataset\MEL\ISIC_0034211.jpg,isic_0034211,4,770e25aa2f6ca02dd2b46f16ba2e3a54f8cac9ceba4c2db95cc142a7cc0a6ef0,8695,1
C:\SRS(ISIC_2019)\Dataset\MEL\ISIC_0034316.jpg,isic_0034316,4,970938fd2f3caf9545eafd31e6015c62d2f24442b0695237b7554724edb2c221,8716,1
C:\SRS(ISIC_2019)\Dataset\MEL\ISIC_0053454.jpg,isic_0053454,4,6238ab4fc4ab907ace6fd61afd3519f480ee79212d5224d27c75bc4d5ce856a7,8718,1
C:\SRS(ISIC_2019)\Dataset\MEL\ISIC_0053470.jpg,isic_0053470,4,fd9464190d3afeabfb3903d11629664789318f131489ec34803947a5eb365be9,8721,1
C:\SRS(ISIC_2019)\Dataset\MEL\ISIC_0053491.jpg,isic_0053491,4,eef396f94f48bdc52869047c2a1af60cf19ee660eaa4cdea9e0977d937a6116b,8725,1
C:\SRS(ISIC_2019)\Dataset\MEL\ISIC_0053510.jpg,isic_0053510,4,67ceec2907ad97f5915085c20314b579ae604e950b96c55daa28a4e6f640d23f,8731,1
C:\SRS(ISIC_2019)\Dataset\MEL\ISIC_0053542.jpg,isic_0053542,4,d7670f6a5b1931afeacca9561644664731799da85022d436d972768a298dcfc2,8736,1
C:\SRS(ISIC_2019)\Dataset\MEL\ISIC_0053594.jpg,isic_0053594,4,b3739f0ec47e312e4c56b60f6ec84142b044eae81f30abe7ae5926bf4827ea1c,8741,1
C:\SRS(ISIC_2019)\Dataset\MEL\ISIC_0053620.jpg,isic_0053620,4,caa23e92fb4a7ff40ba2541cace4cac4c40554e43f3d1d96a1b0d92eac282399,8746,1
C:\SRS(ISIC_2019)\Dataset\MEL\ISIC_0053700.jpg,isic_0053700,4,3725096b01d5e962019091bb4de1a3ed332604012920bc5f8e38ea87c743bf8c,8757,1
C:\SRS(ISIC_2019)\Dataset\MEL\ISIC_0053702.jpg,isic_0053702,4,d41e6e67c7918712dc539bca66b479416e89f8532d85094b806eed86e005564d,8758,1
C:\SRS(ISIC_2019)\Dataset\MEL\ISIC_0053725.jpg,isic_0053725,4,1fef44471ebe247c61e88d432ec429aa916a1d1b4a4dc5aaecbae2130a9cabe4,8759,1
C:\SRS(ISIC_2019)\Dataset\MEL\ISIC_0053734.jpg,isic_0053734,4,258f1493c0134474f843da8ac6648db779510024bdbd4a165f05b6d675d9ff32,8760,1
C:\SRS(ISIC_2019)\Dataset\MEL\ISIC_0053784.jpg,isic_0053784,4,6980cc7a910f6574ce8c978a019ac36f2b36680eff7f49c5aa8242262311a11a,8769,1
C:\SRS(ISIC_2019)\Dataset\MEL\ISIC_0053800.jpg,isic_0053800,4,c058a5a63e937e0e321ebad7e8c4b096577922f79a31280514421bfa571b7d51,8773,1
C:\SRS(ISIC_2019)\Dataset\MEL\ISIC_0053810.jpg,isic_0053810,4,c67c6c8934504eeb9b8629c0f385996fd78ea741020cf98f9604c5b85bd63871,8776,1
C:\SRS(ISIC_2019)\Dataset\MEL\ISIC_0053816.jpg,isic_0053816,4,b77cc7a5d718bcca3aa8aadd31d29a550e395fe9f3ef09dd65ee33baf9f30409,8779,1
C:\SRS(ISIC_2019)\Dataset\MEL\ISIC_0053824.jpg,isic_0053824,4,e08c72ec28593710b60527aa9ee54425d28a01b00dc9602912cd518e3a50fd01,8780,1
C:\SRS(ISIC_2019)\Dataset\MEL\ISIC_0053828.jpg,isic_0053828,4,34dd6edd21f007cd25429771acfd1f1e7984574a93b4bf68f496b5320669827e,8782,1
C:\SRS(ISIC_2019)\Dataset\MEL\ISIC_0053973.jpg,isic_0053973,4,91b40488db1057a0f794e81e76692fcbc1fbb6f5aca2b556f5f28d3cfc7cbcab,8798,1
C:\SRS(ISIC_2019)\Dataset\MEL\ISIC_0053996.jpg,isic_0053996,4,be1d5950903a69ff94e927885fb0e6f62f79493ea535f14f3f73ded0ea781247,8802,1
C:\SRS(ISIC_2019)\Dataset\MEL\ISIC_0054024.jpg,isic_0054024,4,dee66b24ab60f7323d4d55007aeebe4e1624b275185315f6f31c24a99b1950c8,8805,1
C:\SRS(ISIC_2019)\Dataset\MEL\ISIC_0054038.jpg,isic_0054038,4,1176368ac7783651cd2686dc2c43919995c6e181e4c6103f5f17a7b771ddf161,8807,1
C:\SRS(ISIC_2019)\Dataset\MEL\ISIC_0054061.jpg,isic_0054061,4,9a2d6431b5ee943fca82239f7064b054dbe0289f5ce0c1d3198a2df590f1c3fe,8811,1
C:\SRS(ISIC_2019)\Dataset\MEL\ISIC_0054062.jpg,isic_0054062,4,f8ccab97bc0f3bf02a50187a72656b64b45b1e486ad15759dacdb36f192a10f1,8812,1
C:\SRS(ISIC_2019)\Dataset\MEL\ISIC_0054080.jpg,isic_0054080,4,b2c14395d693a4e78bb91393235418aa6eaba1a0036aaf079404365585a5c339,8816,1
C:\SRS(ISIC_2019)\Dataset\MEL\ISIC_0054082.jpg,isic_0054082,4,c1d55778f77a54e5d97889757df03ee69b5738eab7a9ba385d5dd9e5244584d5,8817,1
C:\SRS(ISIC_2019)\Dataset\MEL\ISIC_0054090.jpg,isic_0054090,4,11fe0d70520460dd4abea56d5304002c5c3feb1b23737da8f371891f5bf013df,8821,1
C:\SRS(ISIC_2019)\Dataset\MEL\ISIC_0054159.jpg,isic_0054159,4,a7631b7ad067d3019c5b0fc5883ab809e6b6411d5b76c3d27dc3cfabb6425e2e,8829,1
C:\SRS(ISIC_2019)\Dataset\MEL\ISIC_0054290.jpg,isic_0054290,4,a9a7d3b24e44d124692b808fedfffe948e221296b39a1952bc058c3ea471c7e5,8851,1
C:\SRS(ISIC_2019)\Dataset\MEL\ISIC_0054334.jpg,isic_0054334,4,d5c6922eee79d2ace987b32ca32f97282a1a3f842a06b506475b79c6635a36b0,9129,1
C:\SRS(ISIC_2019)\Dataset\MEL\ISIC_0054351.jpg,isic_0054351,4,e89978f12e53440bdf20b0905fa5efef64f8f6b4ebb88a54004766025f61a03f,8861,1
C:\SRS(ISIC_2019)\Dataset\MEL\ISIC_0054462.jpg,isic_0054462,4,0251551aca4bf6a0b9219a1b2d0ef6bf302e24b74079330f7ef05cbf076144d4,8875,1
C:\SRS(ISIC_2019)\Dataset\MEL\ISIC_0054500.jpg,isic_0054500,4,0c58edbdf0a411be35566fa51f59bbc22308e60143c8a8c2e8b676f2c3e35d65,8881,1
C:\SRS(ISIC_2019)\Dataset\MEL\ISIC_0054528.jpg,isic_0054528,4,ea409aa79962b8de6c3d91984e71a959f5cf23566240c09094af8c8dab90dc06,8886,1
C:\SRS(ISIC_2019)\Dataset\MEL\ISIC_0054570.jpg,isic_0054570,4,431c4c8ef22c5f4e12613c0a7742a4a7afbf2661a613c611d8795a80e156fbae,8890,1
C:\SRS(ISIC_2019)\Dataset\MEL\ISIC_0054625.jpg,isic_0054625,4,b7ed8dcdf25734b801d8fe99427a197fd063faf89f439a4b42038cb5607bd8dc,8895,1
C:\SRS(ISIC_2019)\Dataset\MEL\ISIC_0054651.jpg,isic_0054651,4,bbbec1f6e8e75b251b2e916c0fdda2b5503f7f724cf1d92881ac99c118662c58,8898,1
C:\SRS(ISIC_2019)\Dataset\MEL\ISIC_0054663.jpg,isic_0054663,4,5160ce4bae31feea3702f85b54c72c81087481c021c99cd8334fe08c04f79d5f,8899,1
C:\SRS(ISIC_2019)\Dataset\MEL\ISIC_0054673.jpg,isic_0054673,4,505a75bbaa2c46aefdfcc3a3ad64f6561090ce8f721088c03c6c3baf4c2526ed,8903,1
C:\SRS(ISIC_2019)\Dataset\MEL\ISIC_0054886.jpg,isic_0054886,4,07da3ac42859ffafcdd2bc78fbcb0d66ddd6bc4d7d47940a26a6d9c91a37dd0f,8934,1
C:\SRS(ISIC_2019)\Dataset\MEL\ISIC_0054906.jpg,isic_0054906,4,a98cb455f0acfbf80af3c5fd9627f0ec8dba04927949382b16573b66ef788e50,8938,1
C:\SRS(ISIC_2019)\Dataset\MEL\ISIC_0054919.jpg,isic_0054919,4,4df82c51681752613bbac1ec42bab7612974af43dd4696a94d3f70f91f4a9550,8941,1
C:\SRS(ISIC_2019)\Dataset\MEL\ISIC_0054963.jpg,isic_0054963,4,bbc2edb6ac9c9bd2d40528409927a4b06012f748c1e6fd04ae4dc440abff8a2b,8946,1
C:\SRS(ISIC_2019)\Dataset\MEL\ISIC_0054982.jpg,isic_0054982,4,9167ad6f785f2d9274f6c4844937d58ca161308323bbd301e8e0251bd07c03db,8951,1
C:\SRS(ISIC_2019)\Dataset\MEL\ISIC_0054988.jpg,isic_0054988,4,d7c6c2c4afa0bf4a2c0777e6f5d69cd991e7ef55fc992878d184fd3ef5ed39a8,8952,1
C:\SRS(ISIC_2019)\Dataset\MEL\ISIC_0055054.jpg,isic_0055054,4,d8ae626384df38bacb777b83985fc9df0ba3053369d25db9f26d4ef76a06e481,8963,1
C:\SRS(ISIC_2019)\Dataset\MEL\ISIC_0055143.jpg,isic_0055143,4,362d4f65f9bef0c2e8f150113b36e7438d5d779d4bc9a7485ffcf9d185120557,8973,1
C:\SRS(ISIC_2019)\Dataset\MEL\ISIC_0055264.jpg,isic_0055264,4,f19cd08256c2565a1371201342ae8896b0b9975d47214f323d65f24342632be0,8994,1
C:\SRS(ISIC_2019)\Dataset\MEL\ISIC_0055289.jpg,isic_0055289,4,9a6d8120e67c869e492b063b98f9f8bf0f43453d360370300a857359dbc5db08,9000,1
C:\SRS(ISIC_2019)\Dataset\MEL\ISIC_0055293.jpg,isic_0055293,4,ecf9b4cb11449e1000427e3f257658ddf60745e6fc5414d69ef09c7c36f911bb,9001,1
C:\SRS(ISIC_2019)\Dataset\MEL\ISIC_0055378.jpg,isic_0055378,4,51bfbe09d4f0ce2ee2a03db3c6953a81f447d441f24e1b8bde9215f14bf4e3ed,9017,1
C:\SRS(ISIC_2019)\Dataset\MEL\ISIC_0055393.jpg,isic_0055393,4,29a66caad9146d4836e311e6e54c673cb96aa207926204e25288439a916d7ec9,9018,1
C:\SRS(ISIC_2019)\Dataset\MEL\ISIC_0055404.jpg,isic_0055404,4,6c61dd65e98f9cce030fc4be5781609ea413a59cc5a366a9de8811cc7318ebc4,9020,1
C:\SRS(ISIC_2019)\Dataset\MEL\ISIC_0055459.jpg,isic_0055459,4,c79c8692155fe2a8f8718b2ba3d5b9891daba98a734764bf97eef8c80a3d6e8a,9029,1
C:\SRS(ISIC_2019)\Dataset\MEL\ISIC_0055491.jpg,isic_0055491,4,ef5a152ca404bb466ca75590a71db8ace56bf3827dbc934e00e287c4f5f35181,9037,1
C:\SRS(ISIC_2019)\Dataset\MEL\ISIC_0055492.jpg,isic_0055492,4,6181d62ae36425f16e2d84ee05e8e2d9c31c0d6a696f105b8b2d9d159bd8252e,9038,1
C:\SRS(ISIC_2019)\Dataset\MEL\ISIC_0055563.jpg,isic_0055563,4,a5e23a571d5e37a6cd96e86a4e9631f8c4a31448edd92b507abf60eaf6703748,9052,1
C:\SRS(ISIC_2019)\Dataset\MEL\ISIC_0055623.jpg,isic_0055623,4,9bdabe8849c721994392dc51e861ea30aff070471d06e1452553792367525527,9053,1
C:\SRS(ISIC_2019)\Dataset\MEL\ISIC_0055659.jpg,isic_0055659,4,f5a153d8a01de3a8ec62b4d6a507e0ad3c4c50ff9f84c95edfbd27c17dbef9b1,9056,1
C:\SRS(ISIC_2019)\Dataset\MEL\ISIC_0055675.jpg,isic_0055675,4,bb3d6e5e6f444cc18be8470b13297a3533c19a75d080041774351c2d767a958e,9059,1
C:\SRS(ISIC_2019)\Dataset\MEL\ISIC_0055701.jpg,isic_0055701,4,213c3d473b73cf33e249f07dde0f2f8168f0c7d8471c0f6664f9aff62b019346,9063,1
C:\SRS(ISIC_2019)\Dataset\MEL\ISIC_0055720.jpg,isic_0055720,4,437435b62f803fa0df20414cae5964895daa087f3846d16aa7aae586426d163c,9067,1
C:\SRS(ISIC_2019)\Dataset\MEL\ISIC_0055741.jpg,isic_0055741,4,380bf28b916f76abb3db16015b99d80ab7cbe3c82a6024f70cb8915f0f32cda8,9070,1
C:\SRS(ISIC_2019)\Dataset\MEL\ISIC_0055747.jpg,isic_0055747,4,1740b4f6fc029503b0cb09831e06a491ff9c844d27ca24302620c5f658908c67,9073,1
C:\SRS(ISIC_2019)\Dataset\MEL\ISIC_0055797.jpg,isic_0055797,4,019253e74841d3b490b1e5bc313048984ab661957232b7c3362b68c7ed520eda,9080,1
C:\SRS(ISIC_2019)\Dataset\MEL\ISIC_0055803.jpg,isic_0055803,4,8e18652867e366da99dc162aa10d7cafa0d79d7e98bf27fa99b6aec81d4242a0,9083,1
C:\SRS(ISIC_2019)\Dataset\MEL\ISIC_0055820.jpg,isic_0055820,4,8d8f4a00a763e6fbee93fa66f3dd96d70d4975da65a94dc1a19d762f1632260f,9086,1
C:\SRS(ISIC_2019)\Dataset\MEL\ISIC_0055840.jpg,isic_0055840,4,f2f5ea1292c0ad5512fd717405a04b733584aca7e1eaab5abb68a002e09c6e68,9090,1
C:\SRS(ISIC_2019)\Dataset\MEL\ISIC_0055859.jpg,isic_0055859,4,1d59cde62baf2089a781d45cc79b94dbffddb173e9d2874dba3bc0abd53629bd,9092,1
C:\SRS(ISIC_2019)\Dataset\MEL\ISIC_0055862.jpg,isic_0055862,4,63207b19455e8e5ee7ec8d0f07e5521e706eadb7a564222314ec46818c75604b,9093,1
C:\SRS(ISIC_2019)\Dataset\MEL\ISIC_0055892.jpg,isic_0055892,4,fd6ae0a48fb1e716682c98b21dd9bf787fc446c070e52b2e5c6975e698297e34,9096,1
C:\SRS(ISIC_2019)\Dataset\MEL\ISIC_0055911.jpg,isic_0055911,4,c7394321467ccd5d993e3ea7c17ec57a8ec27bf08acd95778bc780247a809cdb,9101,1
C:\SRS(ISIC_2019)\Dataset\MEL\ISIC_0055930.jpg,isic_0055930,4,50250b6bbdfc750335a7c6cd1dc3ac684490a7a7dc8b318655a9d4a36d113cb2,9104,1
C:\SRS(ISIC_2019)\Dataset\MEL\ISIC_0055931.jpg,isic_0055931,4,eb5c96d53735dbe4bcd89483f710d1ab9e0ea4f6d68ef1e4cccdf9d66d3aac00,9105,1
C:\SRS(ISIC_2019)\Dataset\MEL\ISIC_0055960.jpg,isic_0055960,4,c2da6dc10be26171afb6e776aad68b8197c224030b06c48ad32cbec9c11ee265,9109,1
C:\SRS(ISIC_2019)\Dataset\MEL\ISIC_0056113.jpg,isic_0056113,4,dd61224edea50ecd9680eda13daf3f1da921868c3bd9a34382c3579cb1920de9,9125,1
C:\SRS(ISIC_2019)\Dataset\MEL\ISIC_0056130.jpg,isic_0056130,4,d5c6922eee79d2ace987b32ca32f97282a1a3f842a06b506475b79c6635a36b0,9129,1
C:\SRS(ISIC_2019)\Dataset\MEL\ISIC_0056136.jpg,isic_0056136,4,d8862d9d53f3ad50566975cc25fe1ff401433b527175d31382892e87c167a7d3,9130,1
C:\SRS(ISIC_2019)\Dataset\MEL\ISIC_0056156.jpg,isic_0056156,4,d41f64efa7761b614b44953a7b87f5b66eb3078cf6deac0a859ac67702b71ce8,9134,1
C:\SRS(ISIC_2019)\Dataset\MEL\ISIC_0056167.jpg,isic_0056167,4,fd7cf8bc7c1020eeb4a0429da01ffd8ecdef700ca9a20b379e16e3412a7d38dd,9136,1
C:\SRS(ISIC_2019)\Dataset\MEL\ISIC_0056190.jpg,isic_0056190,4,abe22c46f6b0cc55f668e938798660976a768b01dad9aa62e3691e068c3187e6,9139,1
C:\SRS(ISIC_2019)\Dataset\MEL\ISIC_0056192.jpg,isic_0056192,4,9e3ede77290e5a570aa843ff56155271982ae937e5dbd6f6f96e3148dbde3f33,9140,1
C:\SRS(ISIC_2019)\Dataset\MEL\ISIC_0056201.jpg,isic_0056201,4,5b2f917666e990e0cae7ab5fa1997e15ab2491e4ea0328d58665edafd604446d,9141,1
C:\SRS(ISIC_2019)\Dataset\MEL\ISIC_0056208.jpg,isic_0056208,4,aecf303f13a427501249eb59515affaf6103b40c8e3bca22bde9595042cf0c23,9143,1
C:\SRS(ISIC_2019)\Dataset\MEL\ISIC_0056209.jpg,isic_0056209,4,547fc04bddd51ba6d84dc4e36df390d79c243dfd0af7bba676ee7a6784fb3afa,9144,1
C:\SRS(ISIC_2019)\Dataset\MEL\ISIC_0056210.jpg,isic_0056210,4,dc1ac1fb1aeeef2092b9eb3a254f488d1b54b67a4ad3991d5c5e6671a243d9a9,9145,1
C:\SRS(ISIC_2019)\Dataset\MEL\ISIC_0056330.jpg,isic_0056330,4,9e18a13e0e6d2697ba2c063a3ad0d843d3777b1b710fad336a2826e40d2dcded,9162,1
C:\SRS(ISIC_2019)\Dataset\MEL\ISIC_0056409.jpg,isic_0056409,4,963d20f08bf2f3d25d9721f8273e74ec7df6c5fe4a0a1220f97546ce8348d4bb,9168,1
C:\SRS(ISIC_2019)\Dataset\MEL\ISIC_0056413.jpg,isic_0056413,4,fb886f8ed082ec781da73db592d2a0f477fb4b64c1e706e2a25241987ea56d9c,9169,1
C:\SRS(ISIC_2019)\Dataset\MEL\ISIC_0056448.jpg,isic_0056448,4,d1f52e47946abc7937c3259d517478d701a1b6fdf9a8d278638aed671a4fdf5d,9175,1
C:\SRS(ISIC_2019)\Dataset\MEL\ISIC_0056546.jpg,isic_0056546,4,1843497ab116f38ca8984556aee916bc9d175da8653de2889949e390546368f0,9186,1
C:\SRS(ISIC_2019)\Dataset\MEL\ISIC_0056601.jpg,isic_0056601,4,817913a79ba3af6a1dbd863264e98e24a96d64200d7dd4f07ef3a0d72dd40a74,9191,1
C:\SRS(ISIC_2019)\Dataset\MEL\ISIC_0056660.jpg,isic_0056660,4,09d46dc0807bbf1b760886fde4ce8abdea6b1d4468943e6736f2919f03f226ff,9201,1
C:\SRS(ISIC_2019)\Dataset\MEL\ISIC_0056677.jpg,isic_0056677,4,57306f635114e26ee0a902f19575f31fb333d2152d8368246e349b16b753ef6e,9205,1
C:\SRS(ISIC_2019)\Dataset\MEL\ISIC_0056721.jpg,isic_0056721,4,0dbc6b32b230c7825922813c1bb2e03a74d7fc6cf7506524a6753518cdb8cbdc,9210,1
C:\SRS(ISIC_2019)\Dataset\MEL\ISIC_0056725.jpg,isic_0056725,4,ca09ec6ec43f4d2073e270f5228efc484ba225aced057a6fc91b4632e759b515,9212,1
C:\SRS(ISIC_2019)\Dataset\MEL\ISIC_0056739.jpg,isic_0056739,4,0599d5461998b119b69a06b7fd29d0b861129fb43d936ffcf83e9a7ac0f04826,9216,1
C:\SRS(ISIC_2019)\Dataset\MEL\ISIC_0056749.jpg,isic_0056749,4,c051dc67a8c509ed05c84ca4323cb29860b51e419cccb8cce15292352fcef2ad,9218,1
C:\SRS(ISIC_2019)\Dataset\MEL\ISIC_0056751.jpg,isic_0056751,4,f6b0ab5d0518089ad753d3b07494a97e52cb6b83d22bd06ba9a2b6e81c859de1,9220,1
C:\SRS(ISIC_2019)\Dataset\MEL\ISIC_0056790.jpg,isic_0056790,4,1b9e6a9bf4e08ce3bf1c9c3a35c895303c52ce4b4ab79944fd07cd334a06a0c5,9223,1
C:\SRS(ISIC_2019)\Dataset\MEL\ISIC_0056817.jpg,isic_0056817,4,a03fe9b81970f8abc972710dcac99cd80b6e2ec17151e160a9268774efc02d7c,9229,1
C:\SRS(ISIC_2019)\Dataset\MEL\ISIC_0056871.jpg,isic_0056871,4,ebb2cb9ef6c2f290562ac81dd52bfeca027aff1823721e8edfaa74a66fc6453e,9235,1
C:\SRS(ISIC_2019)\Dataset\MEL\ISIC_0056938.jpg,isic_0056938,4,b586c6d3e45d29f973e42039710e7d1f92555d89e0bf98992aa2184d75762ce2,9246,1
C:\SRS(ISIC_2019)\Dataset\MEL\ISIC_0056940.jpg,isic_0056940,4,5fdf5597d9ea5cae8ba80b2d6ba51b5a244edf8e3bdf43f190f6be53170793c2,9247,1
C:\SRS(ISIC_2019)\Dataset\MEL\ISIC_0056957.jpg,isic_0056957,4,2fe9e05cec354937516d3209ffcb82b30dbd743d05dea7542de8906f3bec0d16,9248,1
C:\SRS(ISIC_2019)\Dataset\MEL\ISIC_0056967.jpg,isic_0056967,4,b61674ca0ba5b5bda1a13f938f4c5a5e285e0f2e14d838e3580fb836739836d5,9249,1
C:\SRS(ISIC_2019)\Dataset\MEL\ISIC_0056984.jpg,isic_0056984,4,6dfa52d96835a94cc27281a2bbf4f6a0e5f513280edb163120fe0f7268921db1,9255,1
C:\SRS(ISIC_2019)\Dataset\MEL\ISIC_0056998.jpg,isic_0056998,4,642bbf98de8f545e80987625d2f68732f9c91176e21cdbd2b85c1589e119aed6,9258,1
C:\SRS(ISIC_2019)\Dataset\MEL\ISIC_0057009.jpg,isic_0057009,4,f668921741aa5cd057134e77184b387a4204ac270147469f855f389aa02c1c35,9259,1
C:\SRS(ISIC_2019)\Dataset\MEL\ISIC_0057048.jpg,isic_0057048,4,b4c9563bcf3341a3c70ab9596b6ab616fb22d941e1e30c0505efb24cbbb247ea,9268,1
C:\SRS(ISIC_2019)\Dataset\MEL\ISIC_0057067.jpg,isic_0057067,4,bf36e66a3e5ac522baadc733652d383180db9edd3fdde510b8a55b55968e92db,9270,1
C:\SRS(ISIC_2019)\Dataset\MEL\ISIC_0057188.jpg,isic_0057188,4,37a91cd1e36acb8a9c27fbc0fabd62dc26a5424544b1cadf00b3b77b1d99265a,9282,1
C:\SRS(ISIC_2019)\Dataset\MEL\ISIC_0057199.jpg,isic_0057199,4,bc8375a3cfb3b12df8e54ffe6fe3267a03686f254cdb32625ee6dcdf71e3a8c6,9285,1
C:\SRS(ISIC_2019)\Dataset\MEL\ISIC_0057235.jpg,isic_0057235,4,0d99588b37631c490da095015688489f5c8181a5aada2980b7a3b552d14682f7,9289,1
C:\SRS(ISIC_2019)\Dataset\MEL\ISIC_0057370.jpg,isic_0057370,4,5f906af8eb8f0b82037765d7592c6abf99ac8d694df84c64c92bd8bfb987dca6,9308,1
C:\SRS(ISIC_2019)\Dataset\MEL\ISIC_0057395.jpg,isic_0057395,4,60d5024d18f9bd62db1c66153b61b849de3e8e6dc09cdca8e578242343543dc1,9312,1
C:\SRS(ISIC_2019)\Dataset\MEL\ISIC_0057397.jpg,isic_0057397,4,2dcc5e26c10edcaa1f1868071a0aad170eb6e228dcacfccb2492c04f150375dc,9313,1
C:\SRS(ISIC_2019)\Dataset\MEL\ISIC_0057457.jpg,isic_0057457,4,38a518c6e6d2ec592ee269a85ee2282bdbbba1528bf4a0ee9bb646d14f8b561f,9320,1
C:\SRS(ISIC_2019)\Dataset\MEL\ISIC_0057591.jpg,isic_0057591,4,90209ff7e42bf74754deaf9e9560967e3d018588fd2ab73eb2ed70e37245294e,9333,1
C:\SRS(ISIC_2019)\Dataset\MEL\ISIC_0057744.jpg,isic_0057744,4,ad8f45288e53e42df101a28c6da743e9e93ba181b7e126e0364ce487cfb1645a,9359,1
C:\SRS(ISIC_2019)\Dataset\MEL\ISIC_0057791.jpg,isic_0057791,4,67961375b68847527d5c7a706d746a07c103b4db895d3fe83e3da3b36cd186c4,9367,1
C:\SRS(ISIC_2019)\Dataset\MEL\ISIC_0057821.jpg,isic_0057821,4,672b0806b27a48ffa620913755c68095db7db9689cb17401cd0bb0acfd73fad8,9369,1
C:\SRS(ISIC_2019)\Dataset\MEL\ISIC_0057849.jpg,isic_0057849,4,4877f1ae83017a03c4e0f5596a5f92a4d5a37a4cff6a2a6f7c5e4aab195cc645,9374,1
C:\SRS(ISIC_2019)\Dataset\MEL\ISIC_0057881.jpg,isic_0057881,4,f6f823bec3f350e8d38dcb0117bbe7f8aab424820906742831105559f960164f,9377,1
C:\SRS(ISIC_2019)\Dataset\MEL\ISIC_0057913.jpg,isic_0057913,4,d8379dee11b87d5445b37349136ec189a104ef99fd95a1f769051b99371768bd,9382,1
C:\SRS(ISIC_2019)\Dataset\MEL\ISIC_0057938.jpg,isic_0057938,4,74e04dc4be2e9b6629a2d1f4ca7e1be387ebc2aca04f8bce2ad8ce8c4f2d795d,9385,1
C:\SRS(ISIC_2019)\Dataset\MEL\ISIC_0057960.jpg,isic_0057960,4,c272d37d00db779f70ce30eec97b376f6d6802dc105ae49839cda8ebccbbbaf8,9389,1
C:\SRS(ISIC_2019)\Dataset\MEL\ISIC_0057980.jpg,isic_0057980,4,1c1128dc442db7d5a065981485209d3087047217f0e6d1f90ba948a8f9da4b48,9394,1
C:\SRS(ISIC_2019)\Dataset\MEL\ISIC_0058063.jpg,isic_0058063,4,eb08aa58c71bc574c4cb477a956699badf7b3534fbff7db47cc68fe485658c4c,9412,1
C:\SRS(ISIC_2019)\Dataset\MEL\ISIC_0058164.jpg,isic_0058164,4,c9b1c0cf4b5a1c215475244c3beef1caf04554692695a228bd4d0362f1734bf6,9425,1
C:\SRS(ISIC_2019)\Dataset\MEL\ISIC_0058174.jpg,isic_0058174,4,3b0d1e45fed06c773c2785de0591490ffe6f0deb944686a96c5b29377613b917,9428,1
C:\SRS(ISIC_2019)\Dataset\MEL\ISIC_0058249.jpg,isic_0058249,4,e2eb1779a92611ae9690ba2a29b624802560245fc2ab398c6c934996405c009f,9437,1
C:\SRS(ISIC_2019)\Dataset\MEL\ISIC_0058267.jpg,isic_0058267,4,aea1557874bb74c7b117a0898fc0686a93e686177472af34b0e4dcc0a482c819,9440,1
C:\SRS(ISIC_2019)\Dataset\MEL\ISIC_0058414.jpg,isic_0058414,4,7cad2368d1d92242a009c391f6eeb8e675184c3f7b3e6ff7e2e96baecc32437a,9464,1
C:\SRS(ISIC_2019)\Dataset\MEL\ISIC_0058418.jpg,isic_0058418,4,b193d2bba33dd15a6017e3ba2e618b7141b687b1a37e88903cb2cca7adce1825,9465,1
C:\SRS(ISIC_2019)\Dataset\MEL\ISIC_0058513.jpg,isic_0058513,4,483d525b22fe3b11f4d13720031ca1d60d2604a0745666ce65c9a5a4392387a6,9480,1
C:\SRS(ISIC_2019)\Dataset\MEL\ISIC_0058559.jpg,isic_0058559,4,a5148418ccb70be759890694e20cfccc0eaa39bebc42402f84d8852cf317a3bd,9485,1
C:\SRS(ISIC_2019)\Dataset\MEL\ISIC_0058599.jpg,isic_0058599,4,8b89b585c75de29fb230339c93d50ec6bd89ed3a64748be980c2a4a4644414de,9488,1
C:\SRS(ISIC_2019)\Dataset\MEL\ISIC_0058655.jpg,isic_0058655,4,2d58001c358de6aba1fae9c93822f7826a80a2e2fd54dc28ecbb14e1dad166f4,9498,1
C:\SRS(ISIC_2019)\Dataset\MEL\ISIC_0058781.jpg,isic_0058781,4,cb9f75a80deafc0b83c745da1691e805fd6bd0e4dd1b61bd99661f69971417fc,9513,1
C:\SRS(ISIC_2019)\Dataset\MEL\ISIC_0058794.jpg,isic_0058794,4,1cc4ca1b2b09c411252b66d4cec99ec8677cd231857d21e9725e1992edaccc8f,9517,1
C:\SRS(ISIC_2019)\Dataset\MEL\ISIC_0058807.jpg,isic_0058807,4,ca380d8221629c2a146e89c1476ed904346263c335eba029b2bdc0c6c9700257,9519,1
C:\SRS(ISIC_2019)\Dataset\MEL\ISIC_0058836.jpg,isic_0058836,4,6f2af2eb2431266b0f18ec74b141b3cfd80d35532c11967fbcfdb42563734d0f,9520,1
C:\SRS(ISIC_2019)\Dataset\MEL\ISIC_0058866.jpg,isic_0058866,4,1b5d65412c7dd5a15c36faf43619c057b4dd2beaab8f2fe587d1878944a1c8dd,9526,1
C:\SRS(ISIC_2019)\Dataset\MEL\ISIC_0058926.jpg,isic_0058926,4,0f94141b2f7a9bdef21df11f3e5baf793348031e25039f63835c9ed31025baf3,9533,1
C:\SRS(ISIC_2019)\Dataset\MEL\ISIC_0059066.jpg,isic_0059066,4,fc682475cfcf34150c9941ad37014d4344210a4d22682e1ed26b72f8da100fd6,9546,1
C:\SRS(ISIC_2019)\Dataset\MEL\ISIC_0059069.jpg,isic_0059069,4,ea15e9920097808b711c8cc9f3122e8736883a65c7b716f44e3a82f80c29a40e,9547,1
C:\SRS(ISIC_2019)\Dataset\MEL\ISIC_0059092.jpg,isic_0059092,4,849b37fff4cba45e144bc063690595360063ae80fe9c0ed228121b9ba5b151f0,9554,1
C:\SRS(ISIC_2019)\Dataset\MEL\ISIC_0059129.jpg,isic_0059129,4,2dfabd74690732a97817de18f29a311a8218e0eac658aed206cc330c53919a43,9557,1
C:\SRS(ISIC_2019)\Dataset\MEL\ISIC_0059140.jpg,isic_0059140,4,8bce6673d9cdcd397d3cff17c1833965a159a5350d88eccdb7cf54390a67f8a4,9558,1
C:\SRS(ISIC_2019)\Dataset\MEL\ISIC_0059148.jpg,isic_0059148,4,d5bda2828c34f7ce55183dcbbab526aff03789c335e51fc3236187ca40219599,9561,1
C:\SRS(ISIC_2019)\Dataset\MEL\ISIC_0059232.jpg,isic_0059232,4,40e7b0feca5b45999bfa0bb1032110a154ae935246bb24f42e8a17c6d1ee5694,9573,1
C:\SRS(ISIC_2019)\Dataset\MEL\ISIC_0059264.jpg,isic_0059264,4,89757d3c86d4c482234469cb29c8184668119f7a9917177be8be5f56b953fb3f,9576,1
C:\SRS(ISIC_2019)\Dataset\MEL\ISIC_0059270.jpg,isic_0059270,4,92e9f814eda41244325f3fe8fbe0476aa883544dd57788160b5cd493feddfc42,9577,1
C:\SRS(ISIC_2019)\Dataset\MEL\ISIC_0059281.jpg,isic_0059281,4,ec946101946aa716344ad2a2e9c040f5e5adbcd37b29de194956f60078ac1793,9579,1
C:\SRS(ISIC_2019)\Dataset\MEL\ISIC_0059314.jpg,isic_0059314,4,cbb694f10c8614b888a8d46aa3919d73a641e4f3823b93ff94459dc30548941d,9584,1
C:\SRS(ISIC_2019)\Dataset\MEL\ISIC_0059361.jpg,isic_0059361,4,53df8598b2533a346391d197226fb719f8b3c4aac171fe613bac1663a3a22011,9594,1
C:\SRS(ISIC_2019)\Dataset\MEL\ISIC_0059420.jpg,isic_0059420,4,044ab9563e37b8c5a8b0badc6059429751d08b08e6ffb179011324ab0a1cf494,9601,1
C:\SRS(ISIC_2019)\Dataset\MEL\ISIC_0059486.jpg,isic_0059486,4,2d4db0f116d51f0d952f34db5d2e88a09b3dda7060bbe4a14ebcc006a70cd466,9615,1
C:\SRS(ISIC_2019)\Dataset\MEL\ISIC_0059554.jpg,isic_0059554,4,7d9403f14a3af3f6f17b1e7cb182cccd74e731e017d29df7274851d733f497af,9628,1
C:\SRS(ISIC_2019)\Dataset\MEL\ISIC_0059686.jpg,isic_0059686,4,7eeeb182fbf9d29f5f4f580c42f50272a05c36abbefe0d414225456f7e2041c5,9644,1
C:\SRS(ISIC_2019)\Dataset\MEL\ISIC_0059697.jpg,isic_0059697,4,1ee3bfed2d43d33a736162f43cb47a8f41898d992b5f284574ecddca25eb9e34,9645,1
C:\SRS(ISIC_2019)\Dataset\MEL\ISIC_0059738.jpg,isic_0059738,4,340aad56922a5b1a6dc43d48991bb8f85fd168b1eba6731aaf3dc8a2e2711027,9649,1
C:\SRS(ISIC_2019)\Dataset\MEL\ISIC_0059785.jpg,isic_0059785,4,2b2454ca8028d96bc3370e8b2bad03acfe31e223328955a719264f35031c8ce7,9656,1
C:\SRS(ISIC_2019)\Dataset\MEL\ISIC_0059804.jpg,isic_0059804,4,ee9b3b9b8dbd450de06a9810b756e0d37a7da92dc28a4da22e6bad6322990079,9658,1
C:\SRS(ISIC_2019)\Dataset\MEL\ISIC_0059891.jpg,isic_0059891,4,2c2744dd329b7cbd8527418494f5a465d5a351c5ff06127740a42efd4fd6747d,9671,1
C:\SRS(ISIC_2019)\Dataset\MEL\ISIC_0059904.jpg,isic_0059904,4,237d414f40ab162c4749eb1c423d1a112579d3778a582bbe16e4cd8870912d9e,9674,1
C:\SRS(ISIC_2019)\Dataset\MEL\ISIC_0059919.jpg,isic_0059919,4,eaa5dcc23c2af57bd64c91de8ac1c4583d161015970ab0cd1db6b2cab9689fc4,9676,1
C:\SRS(ISIC_2019)\Dataset\MEL\ISIC_0059976.jpg,isic_0059976,4,68ae2083a3acd59dcff0b0023f256af41b3e0ad1f63e3c18f40d4aa2f4d37d51,9681,1
C:\SRS(ISIC_2019)\Dataset\MEL\ISIC_0059987.jpg,isic_0059987,4,aa8d2a7ce1c97ad858bde12cc61983198b8fa7ee37cca34e09373af86557bcd8,9683,1
C:\SRS(ISIC_2019)\Dataset\MEL\ISIC_0059992.jpg,isic_0059992,4,d68fd9d48d8247ff7713690074913ce7d8c81639205231b09a7cb6179ada9c15,9684,1
C:\SRS(ISIC_2019)\Dataset\MEL\ISIC_0060094.jpg,isic_0060094,4,31f8a983a61ebe88a037e23808ade169b0e45eb6fa568407f867cb62ac69e68a,9691,1
C:\SRS(ISIC_2019)\Dataset\MEL\ISIC_0060096.jpg,isic_0060096,4,211a96da1848d57a634766bba1bc017ebce4c7b7b7d9a27b28b9385be21535b5,9692,1
C:\SRS(ISIC_2019)\Dataset\MEL\ISIC_0060114.jpg,isic_0060114,4,28be34be46a196ecd575d9a1bf14e60acc4a5d4461ab7266a6a7e5924d8963a0,9695,1
C:\SRS(ISIC_2019)\Dataset\MEL\ISIC_0060118.jpg,isic_0060118,4,8214fb6018fd388e382a4b374548024f84c8d7ed63ee54c5245774746bd7e483,9696,1
C:\SRS(ISIC_2019)\Dataset\MEL\ISIC_0060132.jpg,isic_0060132,4,5d2461364e9fb1dfa8ba8a0cfbce50b7827b26c4d958ee60b9cf4e1e1857a858,9697,1
C:\SRS(ISIC_2019)\Dataset\MEL\ISIC_0060194.jpg,isic_0060194,4,4bb017fa9e0a26f693c7cef1b29d1dde59397ae91abc3436663c0166236a0202,9709,1
C:\SRS(ISIC_2019)\Dataset\MEL\ISIC_0060219.jpg,isic_0060219,4,90aa930b7b9ed90769d739c7a0a19c2eec31ca29a857f9e9bd18251291de286d,9713,1
C:\SRS(ISIC_2019)\Dataset\MEL\ISIC_0060222.jpg,isic_0060222,4,81082f4fb496eb2c5798e1b2170330eb0b5e88222d52cddb4294e036fdb0d31f,9714,1
C:\SRS(ISIC_2019)\Dataset\MEL\ISIC_0060244.jpg,isic_0060244,4,318a7ed8b1e5750cb01549869b6a9ce71eaaace389c8ffbadc1cff19c0d137c0,9720,1
C:\SRS(ISIC_2019)\Dataset\MEL\ISIC_0060256.jpg,isic_0060256,4,80b996fbdab8b418317d05a6fb7bdcfe6971374d5088ede4410d3a999114cad8,9722,1
C:\SRS(ISIC_2019)\Dataset\MEL\ISIC_0060308.jpg,isic_0060308,4,b051c64ee314f8e05626f06ffa88e7c3bfa78c2a718a32fd3de65652828ed5c0,9727,1
C:\SRS(ISIC_2019)\Dataset\MEL\ISIC_0060375.jpg,isic_0060375,4,631932522c5e8daa4d5d806a3a1fa7781769af943ca75db7ebdbccebbbf7c5e3,9735,1
C:\SRS(ISIC_2019)\Dataset\MEL\ISIC_0060399.jpg,isic_0060399,4,e5edbeab165220792cfb6e66bcf55788c3189a74b9469707dbde2149df685010,9743,1
C:\SRS(ISIC_2019)\Dataset\MEL\ISIC_0060506.jpg,isic_0060506,4,e0e5ddeded32c80fc361329a081d9a3751a020cfd4e431820163336033ac4de5,9754,1
C:\SRS(ISIC_2019)\Dataset\MEL\ISIC_0060556.jpg,isic_0060556,4,1bb7133c34aafe7846372f269ee72a256d847e7c8458df2b3034418a94486720,9762,1
C:\SRS(ISIC_2019)\Dataset\MEL\ISIC_0060586.jpg,isic_0060586,4,3612a31f7b7bb50d038a6f30fc8418a5db0f5395d22969231cd22ce933c6e551,9767,1
C:\SRS(ISIC_2019)\Dataset\MEL\ISIC_0060638.jpg,isic_0060638,4,f9b65115fd29f6633f019ad47acd58b0aaebfa39109379c820b81deb11c960e5,9773,1
C:\SRS(ISIC_2019)\Dataset\MEL\ISIC_0060654.jpg,isic_0060654,4,807dc7eefd6bc8582b7924054c01edcc5583806dc50080ef1d4b17401386149e,9776,1
C:\SRS(ISIC_2019)\Dataset\MEL\ISIC_0060659.jpg,isic_0060659,4,8596507e2a3196574db69ad2364ba7fd6815a5c93c28a9d136f4bf4d5da306f0,9778,1
C:\SRS(ISIC_2019)\Dataset\MEL\ISIC_0060660.jpg,isic_0060660,4,d7b72c4123b211dfb4b2fadc66098212557c6e9fb5ed3be266c76e9007c703b9,9779,1
C:\SRS(ISIC_2019)\Dataset\MEL\ISIC_0060693.jpg,isic_0060693,4,b6b28479ef78c9c2d9f8d6a79c17c9f0683ede6a5cffc9af4b25a48c4ac84da0,9785,1
C:\SRS(ISIC_2019)\Dataset\MEL\ISIC_0060703.jpg,isic_0060703,4,f2f6706d01348d15b040b3454ecb6b3c710810d25178c1f7ba6af27c1db6c586,9789,1
C:\SRS(ISIC_2019)\Dataset\MEL\ISIC_0060736.jpg,isic_0060736,4,0709cdf414e0d973c98f6e29dafcd7d9bea46114e6703ce2755c03f75fe5da6f,9795,1
C:\SRS(ISIC_2019)\Dataset\MEL\ISIC_0060760.jpg,isic_0060760,4,95297fc00ecd087ad879086824c29f347f3773e41bd2b83fe5031bb19d689258,9799,1
C:\SRS(ISIC_2019)\Dataset\MEL\ISIC_0060795.jpg,isic_0060795,4,41c432cec47eb798a9812bd8d6a9ca9142a0074b23fddcc80f35f416add58610,9803,1
C:\SRS(ISIC_2019)\Dataset\MEL\ISIC_0060829.jpg,isic_0060829,4,1ea63201cb2cc39510285bcbb70d7220c942d6b4f4753e5b0dc7030e211c5bac,9806,1
C:\SRS(ISIC_2019)\Dataset\MEL\ISIC_0060883.jpg,isic_0060883,4,ddb83cb22f930d53f9645c5c98c82045d1bb33156f58fb52e7dbb73c177bc724,9812,1
C:\SRS(ISIC_2019)\Dataset\MEL\ISIC_0060949.jpg,isic_0060949,4,be3a60ca51425439a4a2056b685101c509921d00ca739553f1c6408a863c716c,9820,1
C:\SRS(ISIC_2019)\Dataset\MEL\ISIC_0060968.jpg,isic_0060968,4,a77c0463d974e6b3a9ece01c5ff0ba7722341bb5a517cf0024a0cc30a339e2c2,9824,1
C:\SRS(ISIC_2019)\Dataset\MEL\ISIC_0060978.jpg,isic_0060978,4,f54c5a1114773d3ec2466f59e10c921a6e33f000017a5a711ff73e75c34c3389,9827,1
C:\SRS(ISIC_2019)\Dataset\MEL\ISIC_0060999.jpg,isic_0060999,4,2f81e5e4c8deda23a1328e6ea23b51986ca44840963676b2e9f657d951ff2bd6,9830,1
C:\SRS(ISIC_2019)\Dataset\MEL\ISIC_0061008.jpg,isic_0061008,4,d8e2277d9daa494c7d958cd4985258c770ecc4decbce45382e894f8ef68a56f9,9834,1
C:\SRS(ISIC_2019)\Dataset\MEL\ISIC_0061085.jpg,isic_0061085,4,73860d18864056a3c7afe3f4c2860fb89a89670df1e86fad4437011befd576b2,9849,1
C:\SRS(ISIC_2019)\Dataset\MEL\ISIC_0061086.jpg,isic_0061086,4,7bae703de636a322182d94382d8e8804f632cf7534a4db2d2e854539e7f45fa5,9850,1
C:\SRS(ISIC_2019)\Dataset\MEL\ISIC_0061125.jpg,isic_0061125,4,fedae5ee915acab3f42e447ba8e8fb1910077b54b4622a7a36771b7c05b3ccad,9855,1
C:\SRS(ISIC_2019)\Dataset\MEL\ISIC_0061131.jpg,isic_0061131,4,db0b63d9d3842b45bbd3a085528a323c68e4abfec08390577e77cdd9ed367446,9857,1
C:\SRS(ISIC_2019)\Dataset\MEL\ISIC_0061134.jpg,isic_0061134,4,029e6c0458137c668b797b81fb5b81763e5ec3fefc332bd37eed9cd003f381f7,9858,1
C:\SRS(ISIC_2019)\Dataset\MEL\ISIC_0061165.jpg,isic_0061165,4,1dad59f0da270e5486208da1559fc17b30c3aeb6fac02fb24ea342549149b340,9865,1
C:\SRS(ISIC_2019)\Dataset\MEL\ISIC_0061278.jpg,isic_0061278,4,68933cad44b3dbad763f40433da1b08b2824c5c174fba7e170e617ae5e28d7be,9881,1
C:\SRS(ISIC_2019)\Dataset\MEL\ISIC_0061315.jpg,isic_0061315,4,f903a35984f25be6af0c56c6c6a56c9721cb20537ded915f5ce4f3dd6d6b8269,9885,1
C:\SRS(ISIC_2019)\Dataset\MEL\ISIC_0061362.jpg,isic_0061362,4,11f0315b5dc3215030e6b1995f603f4b9472a70b946852887ac48283bf0a8fe1,9892,1
C:\SRS(ISIC_2019)\Dataset\MEL\ISIC_0061369.jpg,isic_0061369,4,ef387f4bb846f62236d9259b352edb588f7735f7b04284b87eeb7b819ed4354e,9893,1
C:\SRS(ISIC_2019)\Dataset\MEL\ISIC_0061379.jpg,isic_0061379,4,17a2c3a48ab33380ab26e00d7ab50bbd4be160cd2d7713bd6fd15c7e75220b33,9896,1
C:\SRS(ISIC_2019)\Dataset\MEL\ISIC_0061475.jpg,isic_0061475,4,650d3001abaa69c9c088c9b6dae187ebeb9621aa2ec9b1f955f303b3f713180a,9906,1
C:\SRS(ISIC_2019)\Dataset\MEL\ISIC_0061479.jpg,isic_0061479,4,45db820538a127eaa1592e70084f0618b7f5cd9926dac21ff17159197e2050af,9907,1
C:\SRS(ISIC_2019)\Dataset\MEL\ISIC_0061491.jpg,isic_0061491,4,bd5f18b34a90e154e09a8d6c85a97bdf9e723b498d9c1b723d8b864245b0ca04,9908,1
C:\SRS(ISIC_2019)\Dataset\MEL\ISIC_0061532.jpg,isic_0061532,4,6ddb987be142c05e2b429ba6839b9606a7f4feeec6cfe6fc0f448036ae2bdbeb,9916,1
C:\SRS(ISIC_2019)\Dataset\MEL\ISIC_0061533.jpg,isic_0061533,4,06f5152b8d7eaef3e9f199d08e406715f468f26bbd7ce5f68e82614f057d04ba,9917,1
C:\SRS(ISIC_2019)\Dataset\MEL\ISIC_0061553.jpg,isic_0061553,4,2bf394d9aae647c80bbeb746199739445ab7eefa43d44cfda8ee8c8e44f85ac1,9920,1
C:\SRS(ISIC_2019)\Dataset\MEL\ISIC_0061556.jpg,isic_0061556,4,afa313b68dbb2960634c67a8df0328c2292d6ecfb3024b9a49c29865856a7f62,9922,1
C:\SRS(ISIC_2019)\Dataset\MEL\ISIC_0061575.jpg,isic_0061575,4,b631c40228a297c015211e0cc361038ad07028dfb13c507f3be285a98495f550,9925,1
C:\SRS(ISIC_2019)\Dataset\MEL\ISIC_0061583.jpg,isic_0061583,4,1513a5b82d277e93a6572e9aa19bf3943ed83da6f67a835e4246d3cea23be590,9928,1
C:\SRS(ISIC_2019)\Dataset\MEL\ISIC_0061595.jpg,isic_0061595,4,499f107768d4999ac6e97106279d2bbae06e96b2a32e10763bb1cd03734ca6a3,9929,1
C:\SRS(ISIC_2019)\Dataset\MEL\ISIC_0061623.jpg,isic_0061623,4,676cb148cdde9017a4c092fd6c0579090498004f3ab79d6b95da71d67ed5c758,9931,1
C:\SRS(ISIC_2019)\Dataset\MEL\ISIC_0061630.jpg,isic_0061630,4,d7f8233dc275f796e8d0384cd015730fbbcbe9c3c7747a50a2e562ce6cf00a52,9936,1
C:\SRS(ISIC_2019)\Dataset\MEL\ISIC_0061699.jpg,isic_0061699,4,49ec1c2ef229b177e95f7c33fbf41c3750030abbed4a2826b56abbf840ad4f32,9947,1
C:\SRS(ISIC_2019)\Dataset\MEL\ISIC_0061701.jpg,isic_0061701,4,e07e702cc943577ff70cc99c28fb7bf8c03e9c0cf0aa9912b26a8afca157ab46,9948,1
C:\SRS(ISIC_2019)\Dataset\MEL\ISIC_0061710.jpg,isic_0061710,4,0984ba616fe559a6f5d74406033986c6186749ebeea8ac70a407f5893a6084b8,11545,1
C:\SRS(ISIC_2019)\Dataset\MEL\ISIC_0061713.jpg,isic_0061713,4,31b21f7b48c754a168ce17aaa1afc70ad35c7db6e3d19b22c73fac3c66bf0457,9952,1
C:\SRS(ISIC_2019)\Dataset\MEL\ISIC_0061791.jpg,isic_0061791,4,d3ff7760f2093af8c558177d395a1d94d6ef396eb95387240b74fadc8b0051b5,9960,1
C:\SRS(ISIC_2019)\Dataset\MEL\ISIC_0061911.jpg,isic_0061911,4,f9d819ef94a8f7d80aedb8b4a339918ed2dd31d439019d3a51912417612a3925,9976,1
C:\SRS(ISIC_2019)\Dataset\MEL\ISIC_0061928.jpg,isic_0061928,4,d169d2c158c0087960f1acd263965dd5bee5ac41e60c5013a75b98425a356f95,9982,1
C:\SRS(ISIC_2019)\Dataset\MEL\ISIC_0061944.jpg,isic_0061944,4,8e09ad95a930988070ea23e09840ad7254c128330f085d834bfc228e1f8e035c,9985,1
C:\SRS(ISIC_2019)\Dataset\MEL\ISIC_0061950.jpg,isic_0061950,4,f1013eeeafbb4272996d858314e8992c02c901e2fd9ea0efe6cde2c76aa75dd3,9987,1
C:\SRS(ISIC_2019)\Dataset\MEL\ISIC_0061997.jpg,isic_0061997,4,836a9ede073a87dde10261d9db5b97e95c6909a52f54f244369bc57b9b41639d,9992,1
C:\SRS(ISIC_2019)\Dataset\MEL\ISIC_0062029.jpg,isic_0062029,4,fab2f509de00cdc1bd5df3db8cea7971b8ad4b1b45bf4ed1db8b3ad649305711,9997,1
C:\SRS(ISIC_2019)\Dataset\MEL\ISIC_0062058.jpg,isic_0062058,4,0684bf67eeff14bc2b40efcfb70d444b6a714ad39684d0c654567a8f1cc75d90,10002,1
C:\SRS(ISIC_2019)\Dataset\MEL\ISIC_0062084.jpg,isic_0062084,4,3478229fdf268113ffd24a3a6856d0489c2238fd441f17a531d8b5c144a73a57,10005,1
C:\SRS(ISIC_2019)\Dataset\MEL\ISIC_0062098.jpg,isic_0062098,4,6bf8ee4141966b40625010de02f1d80b4442324d19cd621e9e42e1efdf61f043,10007,1
C:\SRS(ISIC_2019)\Dataset\MEL\ISIC_0062141.jpg,isic_0062141,4,7cc04c136089c6bcca7619220bf21424a56cb744b062a850f5ed47e354138541,10018,1
C:\SRS(ISIC_2019)\Dataset\MEL\ISIC_0062158.jpg,isic_0062158,4,271caaa573332d44c3522b11d86553438df3600387ccf84bbcfac9cec2c10edb,10020,1
C:\SRS(ISIC_2019)\Dataset\MEL\ISIC_0062171.jpg,isic_0062171,4,00e5e2c6acb424518f56c7e2fdf901b72902cd51e9ed1dd333ca87a4f5f4fd3c,10025,1
C:\SRS(ISIC_2019)\Dataset\MEL\ISIC_0062181.jpg,isic_0062181,4,5f1bfadacb93b90b356d17035f053477af7c520a368062292e542ed1697edd4a,10026,1
C:\SRS(ISIC_2019)\Dataset\MEL\ISIC_0062260.jpg,isic_0062260,4,d6ae0dc3211f60291b5bf98ae2df8f27f4f4668cfee826c460e73cdb48e04bc7,10036,1
C:\SRS(ISIC_2019)\Dataset\MEL\ISIC_0062313.jpg,isic_0062313,4,af9d03872da5c1ccdc0ddd69043d4744b7e1a560bcb22aa82be409714b2538dc,10041,1
C:\SRS(ISIC_2019)\Dataset\MEL\ISIC_0062340.jpg,isic_0062340,4,2c97b4c48644e726a05c8d8079b6fad1a48dcaf2e445bd132ac13e6096eb91a9,10046,1
C:\SRS(ISIC_2019)\Dataset\MEL\ISIC_0062407.jpg,isic_0062407,4,ca7772230137270fe57e2574713f2f326ed69c51fb5d7264c69d5b07a531010f,10053,1
C:\SRS(ISIC_2019)\Dataset\MEL\ISIC_0062425.jpg,isic_0062425,4,bc633ae11969d90f5c751a98fee1245b0da33c2944bc7338212b65d809abfc56,10056,1
C:\SRS(ISIC_2019)\Dataset\MEL\ISIC_0062471.jpg,isic_0062471,4,b522956b6a844c70cc551a9e5b45a9770f1e1f74adae8912fc3579c9f320b470,10065,1
C:\SRS(ISIC_2019)\Dataset\MEL\ISIC_0062481.jpg,isic_0062481,4,98f2e9b6d23394a26e7a49c6e5d01399a77858819d519231420e13b1f6280554,10068,1
C:\SRS(ISIC_2019)\Dataset\MEL\ISIC_0062515.jpg,isic_0062515,4,120fe59e3763b1cd793602cc4c1e3d444144d76b818c800bb63ef5ae9d49572e,10072,1
C:\SRS(ISIC_2019)\Dataset\MEL\ISIC_0062547.jpg,isic_0062547,4,d3208cd2cf71587a72941608cde9a5e7e11647cb204603478624f5dacb411eb6,10080,1
C:\SRS(ISIC_2019)\Dataset\MEL\ISIC_0062559.jpg,isic_0062559,4,6f1db1ffb6cca6c92033a236f86ca18318c0f252cca498d18ff274d548264bb0,10081,1
C:\SRS(ISIC_2019)\Dataset\MEL\ISIC_0062724.jpg,isic_0062724,4,120fa7241132919a0a2404fe073276face89ac66955e866640a88f101d82b4a5,10104,1
C:\SRS(ISIC_2019)\Dataset\MEL\ISIC_0062767.jpg,isic_0062767,4,fbaa4582469d5cd1a879f30253083aae863b34d9ee27d11c2692a49390c8ff96,10109,1
C:\SRS(ISIC_2019)\Dataset\MEL\ISIC_0062806.jpg,isic_0062806,4,76095916324aacd4e3ed22ced9c4352f87ef671bb2ed9576bb36dde5b8a857f7,10112,1
C:\SRS(ISIC_2019)\Dataset\MEL\ISIC_0062850.jpg,isic_0062850,4,c3cdbbda4ee0fd4d088779853f324e620865be67c026b4162304a0d1655c84af,10118,1
C:\SRS(ISIC_2019)\Dataset\MEL\ISIC_0062891.jpg,isic_0062891,4,4d5be7dc9c181f92a854fff97a3b8183caa5c8670cd84fc6553b42943a1a69e1,10121,1
C:\SRS(ISIC_2019)\Dataset\MEL\ISIC_0062912.jpg,isic_0062912,4,5bdf748f455b2bb4b0ef863b7eb89bfd8f4573e3f6647e178cd45fa04d06d855,10123,1
C:\SRS(ISIC_2019)\Dataset\MEL\ISIC_0062914.jpg,isic_0062914,4,7cfc4c05c37bdfd57aee2457142e0f6083ba739b8b738919e98517290553559b,10124,1
C:\SRS(ISIC_2019)\Dataset\MEL\ISIC_0062935.jpg,isic_0062935,4,89debcf2d2c7b038692775313d5570b69cac32e838ccfc74c650cabe3924191e,10127,1
C:\SRS(ISIC_2019)\Dataset\MEL\ISIC_0062980.jpg,isic_0062980,4,55dee791ee5fe95b39789dfe1ae4da0494c4e074cdff410ae5944d50967f2d75,10133,1
C:\SRS(ISIC_2019)\Dataset\MEL\ISIC_0063067.jpg,isic_0063067,4,1a2f8ef90ff4a343c64429dceb742a018a94575dd92d6224eec002f20c0af365,10147,1
C:\SRS(ISIC_2019)\Dataset\MEL\ISIC_0063077.jpg,isic_0063077,4,3c4f1766d49aeabc3ecd05bae0496421d7d0f4e81b2dd4b7289d72fe2aa33ff3,10150,1
C:\SRS(ISIC_2019)\Dataset\MEL\ISIC_0063124.jpg,isic_0063124,4,4ada13884189a38c29883e1ff1f5f1911e791ce7a6cb100d58e839b7c478d387,10157,1
C:\SRS(ISIC_2019)\Dataset\MEL\ISIC_0063174.jpg,isic_0063174,4,d4962a07f8b0dbedea3830a7de03c35421eaefd3a5c2f2e63d6bb0f60956b978,10170,1
C:\SRS(ISIC_2019)\Dataset\MEL\ISIC_0063182.jpg,isic_0063182,4,3fb4926e64c7aeea8f3e845bafb3a6e0a0ffe43ed99492ebedd04a8270de56f7,10173,1
C:\SRS(ISIC_2019)\Dataset\MEL\ISIC_0063207.jpg,isic_0063207,4,63ffb8306d1b62fc43c9ff5764cb4cc13d4a91e248250e212aca232205da61ff,10177,1
C:\SRS(ISIC_2019)\Dataset\MEL\ISIC_0063243.jpg,isic_0063243,4,f4b5483a12473d4b2626a1d8e3f139a82706ca54dd6964e07ff0fbb63fd54ae1,10185,1
C:\SRS(ISIC_2019)\Dataset\MEL\ISIC_0063271.jpg,isic_0063271,4,9febada55cc07314d3601ee7c56621f8126f05233530128673217d3ae345540d,10190,1
C:\SRS(ISIC_2019)\Dataset\MEL\ISIC_0063324.jpg,isic_0063324,4,500adcab48b1ed83edcae8715cfbacda4ca77c4201bfa01f83c293b2238d4b12,10196,1
C:\SRS(ISIC_2019)\Dataset\MEL\ISIC_0063349.jpg,isic_0063349,4,0468a55e7daaa05467827935e0750b5fb7cbc6f21569db71ed99a403c15302fc,10197,1
C:\SRS(ISIC_2019)\Dataset\MEL\ISIC_0063362.jpg,isic_0063362,4,5935da4824198749f8b11a7cd43b4a34a466023ffe4022146dabe3f40c393685,10198,1
C:\SRS(ISIC_2019)\Dataset\MEL\ISIC_0063397.jpg,isic_0063397,4,27b1dd59c98762841c10c2dabb9a7b6aa3143eb7f086c42ee48e86d03ef04228,10203,1
C:\SRS(ISIC_2019)\Dataset\MEL\ISIC_0063410.jpg,isic_0063410,4,89b59961a1e4d453e47ae9c48e54d794ec053a481410fb953fef48997580c055,10204,1
C:\SRS(ISIC_2019)\Dataset\MEL\ISIC_0063617.jpg,isic_0063617,4,9272b0de1da9ec9c85995222ee426f6af8ea0a695d753f9a263adc2723aa0f8e,10228,1
C:\SRS(ISIC_2019)\Dataset\MEL\ISIC_0063636.jpg,isic_0063636,4,06c6bcea4d38df1d118552a76d9c307ff695885be2c7b51930b403480c7c56e7,10230,1
C:\SRS(ISIC_2019)\Dataset\MEL\ISIC_0063664.jpg,isic_0063664,4,f6b35d890032d0ae57d77389e2288c67fe433208d1e426b24d4f91c74011f54d,10232,1
C:\SRS(ISIC_2019)\Dataset\MEL\ISIC_0063691.jpg,isic_0063691,4,20f0ebd9a0901207ff44615ad9a125f83ce5a0acef15cb3c0a8f1a77c8380dce,10236,1
C:\SRS(ISIC_2019)\Dataset\MEL\ISIC_0063725.jpg,isic_0063725,4,55d5acb1140f84834ac05128319aed16a323e78c973298bf58d75c2daeda3778,10242,1
C:\SRS(ISIC_2019)\Dataset\MEL\ISIC_0063792.jpg,isic_0063792,4,df3c6f4c0367192b32dd80cbd853fab59cea8994d43c77cd308632fa082a9f9e,10252,1
C:\SRS(ISIC_2019)\Dataset\MEL\ISIC_0063811.jpg,isic_0063811,4,589b4c7d757a08e761ea938f8c05a1afef6e005aecc8dfaa46140a93083d507b,10255,1
C:\SRS(ISIC_2019)\Dataset\MEL\ISIC_0063836.jpg,isic_0063836,4,ee2612e7dc440ccfccf232e2d5bcfaaf5b2f012583adec416bf9df0a1d5afeda,10260,1
C:\SRS(ISIC_2019)\Dataset\MEL\ISIC_0063988.jpg,isic_0063988,4,7a0a25d71c6dfde52bc910af53468e235e60d99242986adffb56f13428cf4925,10283,1
C:\SRS(ISIC_2019)\Dataset\MEL\ISIC_0064010.jpg,isic_0064010,4,c7bdaee5af84348dc882f55f4dbfbb962f1c5fce4a09a4048207924245416a2c,10287,1
C:\SRS(ISIC_2019)\Dataset\MEL\ISIC_0064058.jpg,isic_0064058,4,a1c7cdc02d0fee72a3295edf6fb03c5e7cfac4c6c94f439ae52c73361e45d644,10293,1
C:\SRS(ISIC_2019)\Dataset\MEL\ISIC_0064060.jpg,isic_0064060,4,d09caf856b73c7c64a1b6ecea2ccf1531b5df8c57960daa8857a24c861990066,10294,1
C:\SRS(ISIC_2019)\Dataset\MEL\ISIC_0064089.jpg,isic_0064089,4,5d90de406cd87dd2bc204b54ddaec54886dad519cba6cb0fb4da64d4423b6eb9,10301,1
C:\SRS(ISIC_2019)\Dataset\MEL\ISIC_0064120.jpg,isic_0064120,4,682e262dfc4bf6740fa7f9c5403d2f28c41d6d5d4b5e6a2f17db34eb0350c4cf,10308,1
C:\SRS(ISIC_2019)\Dataset\MEL\ISIC_0064152.jpg,isic_0064152,4,ba44bd3d450a01e72adf8b5e711fb9f2bb0b001be0a8e19d3e381e72b200281b,10313,1
C:\SRS(ISIC_2019)\Dataset\MEL\ISIC_0064261.jpg,isic_0064261,4,c659d014310d5a973040226b6bb73c37e01819db9b53b94e0fa90148235d1610,10325,1
C:\SRS(ISIC_2019)\Dataset\MEL\ISIC_0064270.jpg,isic_0064270,4,3ace0a9c5852b9b444b6e5fa1ba21aff398b9d1db74fc45891f9b520ca037ba3,10327,1
C:\SRS(ISIC_2019)\Dataset\MEL\ISIC_0064337.jpg,isic_0064337,4,3fc6a17935bb403e11898407980ce8c4f00539d5b7892cbdec9e0d8ed12f5951,10336,1
C:\SRS(ISIC_2019)\Dataset\MEL\ISIC_0064411.jpg,isic_0064411,4,331192cbd47ed55f3bd82e936cbf44ef5ff14d81a4923d38a7a488c09d2e2eb9,10347,1
C:\SRS(ISIC_2019)\Dataset\MEL\ISIC_0064428.jpg,isic_0064428,4,f43e6505c65b5f7878e2e1926b034076122aab3b7b121f118e292bcd7b17d406,10351,1
C:\SRS(ISIC_2019)\Dataset\MEL\ISIC_0064517.jpg,isic_0064517,4,84a034615ad3e165033590c6bd481d02a1d186cc155284562609cc55173e5d7e,10364,1
C:\SRS(ISIC_2019)\Dataset\MEL\ISIC_0064606.jpg,isic_0064606,4,7e802ec5bbc00d34c28866b6cd96c8ed3c0cea7fa51f37dd94c6d553b31b29cc,10373,1
C:\SRS(ISIC_2019)\Dataset\MEL\ISIC_0064667.jpg,isic_0064667,4,7f0f25d3b87a65e494d7bbb1fc8b65eb9ff1fec15cda54c9eaf7d40866634126,10382,1
C:\SRS(ISIC_2019)\Dataset\MEL\ISIC_0064694.jpg,isic_0064694,4,37e4925bcb790ab19ce1387dc817efd15d4f695f55401ef4a1427a52562b0cd6,10390,1
C:\SRS(ISIC_2019)\Dataset\MEL\ISIC_0064829.jpg,isic_0064829,4,e8ecf09901356a197fc6041925ac760bc7d883c0441318b7a0302fa49211eab2,10405,1
C:\SRS(ISIC_2019)\Dataset\MEL\ISIC_0064836.jpg,isic_0064836,4,4f44f245ded2ac74ccc5970d2ee8733f9a0bcde3fa6cd618f1a73f6dfb72ef65,10406,1
C:\SRS(ISIC_2019)\Dataset\MEL\ISIC_0064910.jpg,isic_0064910,4,3295b48e6a8861a2516f058f175d6566b10d8445e781d8eb99e6832a1c4c8710,10419,1
C:\SRS(ISIC_2019)\Dataset\MEL\ISIC_0064926.jpg,isic_0064926,4,e0a47f016c3e86ea20dc88a510e00119863c798cecb8ae6d8043b7b1a829f77f,10422,1
C:\SRS(ISIC_2019)\Dataset\MEL\ISIC_0064941.jpg,isic_0064941,4,cb26fd57b2cb511c1127c1a00221724e850a7fc92976c731c77e1722d5d8c3cb,10427,1
C:\SRS(ISIC_2019)\Dataset\MEL\ISIC_0064980.jpg,isic_0064980,4,fd0191d4d7590c138478ae6b436fe82cbc67149313627476cb3074f746d0ee86,10430,1
C:\SRS(ISIC_2019)\Dataset\MEL\ISIC_0065046.jpg,isic_0065046,4,74f7094c13629826875e6afec1466a6d03641b90e2d01518f7fc0b444911a597,10444,1
C:\SRS(ISIC_2019)\Dataset\MEL\ISIC_0065066.jpg,isic_0065066,4,bd1b62bd07724a0673fa21c19fe6919e012e36abdf29f404838bb86e21c53a02,10447,1
C:\SRS(ISIC_2019)\Dataset\MEL\ISIC_0065121.jpg,isic_0065121,4,8447ecfc033fca3d3fa800062240d0a768b5068b371e1591ac7243ebe7d68cb3,10453,1
C:\SRS(ISIC_2019)\Dataset\MEL\ISIC_0065156.jpg,isic_0065156,4,91f37d6b588ebf61bef05654578ef3a3b6eefd6d7abdc4103e16f397dbaafe69,10458,1
C:\SRS(ISIC_2019)\Dataset\MEL\ISIC_0065248.jpg,isic_0065248,4,672814fb86773d5089a151876674d4c6c9c9defb4aa3a1d00ae3cea0b705850e,10475,1
C:\SRS(ISIC_2019)\Dataset\MEL\ISIC_0065280.jpg,isic_0065280,4,df5d6df1938c7113a3dae823346d58196c80878b511657db2fbb210e9dd91612,10478,1
C:\SRS(ISIC_2019)\Dataset\MEL\ISIC_0065469.jpg,isic_0065469,4,480231854a849a310546cc158e0cef615a9bc650d9ad3a46ac685f3d3310efed,10506,1
C:\SRS(ISIC_2019)\Dataset\MEL\ISIC_0065513.jpg,isic_0065513,4,277b8f55f309309941f6aea5b3188105187246ea9182b1ccf71f9323f86c4b49,10508,1
C:\SRS(ISIC_2019)\Dataset\MEL\ISIC_0065516.jpg,isic_0065516,4,8f92d1272eeff3f8cf66f04158f7ccfd7277e848268f9f29f88bc92a1024ac9e,10509,1
C:\SRS(ISIC_2019)\Dataset\MEL\ISIC_0065582.jpg,isic_0065582,4,f54810bf752883a49650ea1ace0f276d289905c7cb6fe1cf6e480542f24fd951,10520,1
C:\SRS(ISIC_2019)\Dataset\MEL\ISIC_0065622.jpg,isic_0065622,4,ad332f4c7d76f525066d341fb4eb56d18207ff449fa17bc53e8d749e0b1be200,10525,1
C:\SRS(ISIC_2019)\Dataset\MEL\ISIC_0065675.jpg,isic_0065675,4,3c050e541abec553071d4ad212213512ec8925f0aa1c4e88e97318307c19ef2e,10532,1
C:\SRS(ISIC_2019)\Dataset\MEL\ISIC_0065735.jpg,isic_0065735,4,a43017dafe0293e816e5fb66fbc9f6b4c05f474c7cb90b7bc202951728ba196f,10542,1
C:\SRS(ISIC_2019)\Dataset\MEL\ISIC_0065748.jpg,isic_0065748,4,f4cbe5e6a218429514a71d4945ec4a8b5c987cbc8493c306e3caed9c2e04c49a,10546,1
C:\SRS(ISIC_2019)\Dataset\MEL\ISIC_0065775.jpg,isic_0065775,4,a59bcb937572ee7b9fa93b33b698c96dfb8a4f85d907532585b132b78414af0c,10550,1
C:\SRS(ISIC_2019)\Dataset\MEL\ISIC_0065823.jpg,isic_0065823,4,7a134051f9f20f173824be1b5e7e8b0efb1908b48cbd4656b9ed4ec162e50439,10555,1
C:\SRS(ISIC_2019)\Dataset\MEL\ISIC_0065872.jpg,isic_0065872,4,c8bb7d4c20f8c864927444169ffd5f3b0aa98867e81e8af5d551f04c270ed865,10560,1
C:\SRS(ISIC_2019)\Dataset\MEL\ISIC_0065889.jpg,isic_0065889,4,df2f5fd76e290935a2b16656f0afb63aca7bf05d023d5a80249132da8b3a4b25,10562,1
C:\SRS(ISIC_2019)\Dataset\MEL\ISIC_0065921.jpg,isic_0065921,4,3d500b887c533ca949450fd4d033cd9c808422852a9ba929ae26e75676552baf,10565,1
C:\SRS(ISIC_2019)\Dataset\MEL\ISIC_0065969.jpg,isic_0065969,4,463a11a933b52dda2c98a1139dff96af4f46e5eae126dcb8f349b4e9d4dcd762,10572,1
C:\SRS(ISIC_2019)\Dataset\MEL\ISIC_0066041.jpg,isic_0066041,4,45ffaaf4b50f656080c568106d47abbc26118eaa159ee418a3594abce49d266e,10578,1
C:\SRS(ISIC_2019)\Dataset\MEL\ISIC_0066058.jpg,isic_0066058,4,df4e8a3e7d33195683f75dfe63585b41aff39a0ee0ad6aab9e917d1ab38e8490,10579,1
C:\SRS(ISIC_2019)\Dataset\MEL\ISIC_0066085.jpg,isic_0066085,4,b24c0a287cb0762fbd5c26877467f345399f48de4e5f0268fd8c9e2456ef58ea,10582,1
C:\SRS(ISIC_2019)\Dataset\MEL\ISIC_0066101.jpg,isic_0066101,4,7fb8bbe0e64f8808adafcaa0f6ee1dd06bc1f0e966fcfc0d8024707eee472b4f,10586,1
C:\SRS(ISIC_2019)\Dataset\MEL\ISIC_0066109.jpg,isic_0066109,4,4327455882070067d4703b4973d79e985808b098cd3177ef32ae70eb0772d89b,10590,1
C:\SRS(ISIC_2019)\Dataset\MEL\ISIC_0066122.jpg,isic_0066122,4,7b09b169d2aae663b6aa2ff830b0df67cc2e5e877df1292fa787a003e8fff06d,10593,1
C:\SRS(ISIC_2019)\Dataset\MEL\ISIC_0066181.jpg,isic_0066181,4,84fa5c2c1b4fbbae5564e21832dc4ecfa258e34122df5705b98575181e21020c,10600,1
C:\SRS(ISIC_2019)\Dataset\MEL\ISIC_0066209.jpg,isic_0066209,4,c69a54ecc87cd636759b636a3fe590eb66d36b4afebda762e82b257419b2a7f0,10605,1
C:\SRS(ISIC_2019)\Dataset\MEL\ISIC_0066319.jpg,isic_0066319,4,690a0318cf1617b8b35bbc9eba415e68961c4d75e9760e7c0af023c83f986f67,10614,1
C:\SRS(ISIC_2019)\Dataset\MEL\ISIC_0066325.jpg,isic_0066325,4,013ed07a8e80063b4562f9ee9a05b05f1921850569dab3bfc074178ce7f07a0e,10616,1
C:\SRS(ISIC_2019)\Dataset\MEL\ISIC_0066379.jpg,isic_0066379,4,9a625ef3918cb291ee3e9ef4bad6c09adf3f59864a0c35211455f962c1fb9d77,10629,1
C:\SRS(ISIC_2019)\Dataset\MEL\ISIC_0066429.jpg,isic_0066429,4,57b816b1fbd24ecbfd80d845202d2722c4196fb9c21e99e220e448f3cc2e7d1a,10645,1
C:\SRS(ISIC_2019)\Dataset\MEL\ISIC_0066600.jpg,isic_0066600,4,761bdf1814bfc80eccd4862865617c75681b9c3aa6d9db6a1b0fd567b35ec476,10666,1
C:\SRS(ISIC_2019)\Dataset\MEL\ISIC_0066603.jpg,isic_0066603,4,3ea2bd6866c73ed6da0b3a3493ddaf5e9fb53e2038e11269e3a7af6541db1447,10667,1
C:\SRS(ISIC_2019)\Dataset\MEL\ISIC_0066627.jpg,isic_0066627,4,e34993ad0e33e8f9850d3d2e2186dab529b6e6f4b7d2fc4a5f404ceb0902c621,10671,1
C:\SRS(ISIC_2019)\Dataset\MEL\ISIC_0066659.jpg,isic_0066659,4,76e27d968132d24eaedeb041a46834317f6a3abfc9a225a41b07ca79eb681d2c,10676,1
C:\SRS(ISIC_2019)\Dataset\MEL\ISIC_0066769.jpg,isic_0066769,4,cb561c5e594204554916fb176e2971271fd68ba36391e90da70f052b7c5dd4a0,10689,1
C:\SRS(ISIC_2019)\Dataset\MEL\ISIC_0066854.jpg,isic_0066854,4,e69a8dbbf0582bc1078b273902547dd23d82148636631fadb25fb7ec82cfd2cc,10696,1
C:\SRS(ISIC_2019)\Dataset\MEL\ISIC_0066921.jpg,isic_0066921,4,7823e1923a1f761e1fdf27c98cf1f87500b113d248ec70f86096c0a21ab4fb65,10705,1
C:\SRS(ISIC_2019)\Dataset\MEL\ISIC_0066952.jpg,isic_0066952,4,ca1a156bf5b70250ca0e5c2b6dae947e9a7eb05b0e77051e4862171d0acdcc82,10708,1
C:\SRS(ISIC_2019)\Dataset\MEL\ISIC_0067120.jpg,isic_0067120,4,7a60a87b277d4c9e20a2486603a2fdbe1a2b75b0405308a1635324799d1398b8,10720,1
C:\SRS(ISIC_2019)\Dataset\MEL\ISIC_0067127.jpg,isic_0067127,4,bd6310c1b1b8723c7a016b1faf7da2ccf0d34fcc86035b551b40bba2427a2da3,10722,1
C:\SRS(ISIC_2019)\Dataset\MEL\ISIC_0067139.jpg,isic_0067139,4,3e0566894434c00880f2a7c72bd6e3d9f2fa363c67c932f72b08db94de3ecb42,10724,1
C:\SRS(ISIC_2019)\Dataset\MEL\ISIC_0067200.jpg,isic_0067200,4,740b05ac8dee8ffeb7c0a52ce2c370c10e75abbf911ead22310a090e26cc72f2,10732,1
C:\SRS(ISIC_2019)\Dataset\MEL\ISIC_0067206.jpg,isic_0067206,4,9a4637a15ff2bdbe87e5d51b76d8f5db09615fd2d69dd1a6a3e2bcd583519215,10734,1
C:\SRS(ISIC_2019)\Dataset\MEL\ISIC_0067253.jpg,isic_0067253,4,7f57e9557342d5da6c1d2d313d36b99401f643d68b040dc277bdeec450531747,10742,1
C:\SRS(ISIC_2019)\Dataset\MEL\ISIC_0067308.jpg,isic_0067308,4,db4a5f46502d851652dd7541d8d44b0284fc6d6a14af3b72c0fee08e85b4543d,10749,1
C:\SRS(ISIC_2019)\Dataset\MEL\ISIC_0067347.jpg,isic_0067347,4,18fe84003c0457912f396ef3e7973ef7032b65c3e757058e176ab82d3e18a337,10756,1
C:\SRS(ISIC_2019)\Dataset\MEL\ISIC_0067443.jpg,isic_0067443,4,a930debe9b983a3abdb867bf651454418793c9ffa1f64dc92e47362e1ed0288b,10763,1
C:\SRS(ISIC_2019)\Dataset\MEL\ISIC_0067495.jpg,isic_0067495,4,d17d6725019f5a7d45834cd0af067a39878f6ab8e589e23bc7baee6252481ac7,10772,1
C:\SRS(ISIC_2019)\Dataset\MEL\ISIC_0067511.jpg,isic_0067511,4,ee5490cedd9d783605827e7d70e68f6944c2fb47ebda279a187d643f73d6d798,10774,1
C:\SRS(ISIC_2019)\Dataset\MEL\ISIC_0067549.jpg,isic_0067549,4,f2e9f5f446651db284158aa99b0ac5a09f7b23c21bab7919469dd3323542ce86,10782,1
C:\SRS(ISIC_2019)\Dataset\MEL\ISIC_0067576.jpg,isic_0067576,4,18dd5dc4d574afdaf83e90864e86638786bee39c3d34869a671fb7ba8d439195,10786,1
C:\SRS(ISIC_2019)\Dataset\MEL\ISIC_0067601.jpg,isic_0067601,4,39822f87818e13b79bc17bd6ac61d8f0f75751e65c951b2ae3d1c8844803c6b8,10790,1
C:\SRS(ISIC_2019)\Dataset\MEL\ISIC_0067621.jpg,isic_0067621,4,6ed31dd263ef7649daee2c4fb4e896435e03c39417cc224058226f4ea014e65c,10792,1
C:\SRS(ISIC_2019)\Dataset\MEL\ISIC_0067653.jpg,isic_0067653,4,5be336d644d49b8dddfc6f45e4db0181dc48103fe9abaddef5bb87ac9d07f3ac,10794,1
C:\SRS(ISIC_2019)\Dataset\MEL\ISIC_0067697.jpg,isic_0067697,4,4fa3830743be7898e02e73bd978ba7af8df96b4880cf6b63a744730f83b9ff4f,10802,1
C:\SRS(ISIC_2019)\Dataset\MEL\ISIC_0067719.jpg,isic_0067719,4,f2541a229b38c11da6884339c990e1fa4be2d5d216c66612f21b157494edc12c,10805,1
C:\SRS(ISIC_2019)\Dataset\MEL\ISIC_0067758.jpg,isic_0067758,4,d82f0e6c5c7a9ca1e4e2cda496bfb71f48b31f5e5fad152118f34b67278b6eaf,10811,1
C:\SRS(ISIC_2019)\Dataset\MEL\ISIC_0067789.jpg,isic_0067789,4,fe1e268dde1b57bd380ca45d4184bd2f6e90aa5ae194c9fe4877b42ab8ae5837,10814,1
C:\SRS(ISIC_2019)\Dataset\MEL\ISIC_0067805.jpg,isic_0067805,4,a37ebadcdfb4714f616773cc72cc9d317db6cb02705d31ffc093edb951a1725a,10817,1
C:\SRS(ISIC_2019)\Dataset\MEL\ISIC_0067821.jpg,isic_0067821,4,ecaa041f2681d8402367ed107406f985361ea9d651a6c2df54fd9743aa319774,10820,1
C:\SRS(ISIC_2019)\Dataset\MEL\ISIC_0067845.jpg,isic_0067845,4,c50d279ca6beed962e5662ba7792bd211f5919ac95fc2cbc1a5bf2128e4f993a,10825,1
C:\SRS(ISIC_2019)\Dataset\MEL\ISIC_0067893.jpg,isic_0067893,4,ad075dbfd8b0a44e58d21f6190f75ecbe5ae2483c80521a79dfaaab591468560,10831,1
C:\SRS(ISIC_2019)\Dataset\MEL\ISIC_0067903.jpg,isic_0067903,4,15c56aa62787d35ce7f641e130f2069fe7478054873ff7f948ea8bebd35a7cf8,10833,1
C:\SRS(ISIC_2019)\Dataset\MEL\ISIC_0067914.jpg,isic_0067914,4,32f730dcad60b171204b1deff9e7a17d7f8377f73e75ee56ff43beb6cecc9269,10835,1
C:\SRS(ISIC_2019)\Dataset\MEL\ISIC_0067927.jpg,isic_0067927,4,d4f7fa81a44ce42fb14aea84f19d6b928d7790b4312ca2cd01efb7125d9076a8,10836,1
C:\SRS(ISIC_2019)\Dataset\MEL\ISIC_0067972.jpg,isic_0067972,4,fe8bd9b3b930167481fd2c398ff84ca6563c3b6599ee5e42c2d820e31169d454,10844,1
C:\SRS(ISIC_2019)\Dataset\MEL\ISIC_0068012.jpg,isic_0068012,4,86abfb9eb2eaadbe48c068429851b5b5c2e435c2be531881135fd99412f94f9d,10850,1
C:\SRS(ISIC_2019)\Dataset\MEL\ISIC_0068048.jpg,isic_0068048,4,2b79dff5e071b9aa769e21d426cfc0b9335edfd10ccc4549add4716e9e9f35f6,10853,1
C:\SRS(ISIC_2019)\Dataset\MEL\ISIC_0068074.jpg,isic_0068074,4,4cc83e7be6fe9acc3bcc75911abe6b83798c1a876f260e30beb244e8498b00db,10857,1
C:\SRS(ISIC_2019)\Dataset\MEL\ISIC_0068080.jpg,isic_0068080,4,3b16ea54837ab47b640f9d77780018ed60b13964d2f8d045a1af9e175b3d678f,10858,1
C:\SRS(ISIC_2019)\Dataset\MEL\ISIC_0068106.jpg,isic_0068106,4,4f9219fcabe71645442ebdf3895b053f8c866a1722003d1c3521a079f3cd331b,10859,1
C:\SRS(ISIC_2019)\Dataset\MEL\ISIC_0068115.jpg,isic_0068115,4,49ef8b45120a82f062bd8398c730adfac9dd5dc9b53c47a16a59b9086440338e,10861,1
C:\SRS(ISIC_2019)\Dataset\MEL\ISIC_0068152.jpg,isic_0068152,4,800a140c248a85935ed693bfd5f3c49db390e9139e1fef3d91672e9ea052d5be,10871,1
C:\SRS(ISIC_2019)\Dataset\MEL\ISIC_0068233.jpg,isic_0068233,4,84bfff61b4e911c1cfcde67b845bee22d9378fc749593e0220f1a1227174043f,10883,1
C:\SRS(ISIC_2019)\Dataset\MEL\ISIC_0068275.jpg,isic_0068275,4,48443ddf0c80718dd9de6b2653bf0a714fd8590c93be1b13665ec4c840e2061d,10889,1
C:\SRS(ISIC_2019)\Dataset\MEL\ISIC_0068295.jpg,isic_0068295,4,90b6326f0178e68e3bc26ad8ef530991dcbd543ca16fa9bab8010d60ac4e49b1,10894,1
C:\SRS(ISIC_2019)\Dataset\MEL\ISIC_0068315.jpg,isic_0068315,4,a90a69b455e4541354b4b518968118ef7e81abaaea2b642bd4d9d4bdf6d0f8ea,10899,1
C:\SRS(ISIC_2019)\Dataset\MEL\ISIC_0068318.jpg,isic_0068318,4,01e3b02c26fdb5a99421eac15f78e39c3c99a8830094ba76b8553573f1bfe7f0,10900,1
C:\SRS(ISIC_2019)\Dataset\MEL\ISIC_0068331.jpg,isic_0068331,4,692bd1cf6b2cb4979089d422979a303666681c853074cc30851272d5bc1a2697,10901,1
C:\SRS(ISIC_2019)\Dataset\MEL\ISIC_0068401.jpg,isic_0068401,4,5f95741b6b32985764bdd36af212388554cde5c44d222599f20529e726e93810,10909,1
C:\SRS(ISIC_2019)\Dataset\MEL\ISIC_0068427.jpg,isic_0068427,4,6bddff7f4501d13579b27169cbe46e03dccc414bbbb9ddbd6345417a850314a2,10913,1
C:\SRS(ISIC_2019)\Dataset\MEL\ISIC_0068581.jpg,isic_0068581,4,55eaf36646502a5484d26f71e34ff5e18c0976f2de7517530d7e93ac3998a2e0,10930,1
C:\SRS(ISIC_2019)\Dataset\MEL\ISIC_0068584.jpg,isic_0068584,4,4a9bd3d355148b462b6e2dc6cac8d1c1cb335e6813edac5b2e19a9266a1de1a2,10932,1
C:\SRS(ISIC_2019)\Dataset\MEL\ISIC_0068616.jpg,isic_0068616,4,2c88e428f4d229080713a9f7751632d7f415e1f29b0c039bc641303dc1285607,10935,1
C:\SRS(ISIC_2019)\Dataset\MEL\ISIC_0068627.jpg,isic_0068627,4,b380b1f779daac3c849067dd3fee6b340e49d19655f3a56ac134dc2d1e7c3fc0,10937,1
C:\SRS(ISIC_2019)\Dataset\MEL\ISIC_0068633.jpg,isic_0068633,4,dbbb6db0aeeb5bdb5d53b9c0185ea94f4640071594aae5b401e06c263e2e7dc4,10940,1
C:\SRS(ISIC_2019)\Dataset\MEL\ISIC_0068747.jpg,isic_0068747,4,2d92f35bef92471ca91ff3d07eeb1882ab3abe993490dab9f620de01b5b34bae,10953,1
C:\SRS(ISIC_2019)\Dataset\MEL\ISIC_0068782.jpg,isic_0068782,4,768dcdb0c841554b89b43e413a7b170ce38fbf6717b886341e094b476c58dedc,10962,1
C:\SRS(ISIC_2019)\Dataset\MEL\ISIC_0068882.jpg,isic_0068882,4,74e67309d9a093706f81df5923071d301550118d495e48b4bdd86a38ee6b89ca,10974,1
C:\SRS(ISIC_2019)\Dataset\MEL\ISIC_0068897.jpg,isic_0068897,4,bff9bc83ab3263f6667b17cb7afb252b95f18e00e8c4cdaf3ced464074eaafe7,10978,1
C:\SRS(ISIC_2019)\Dataset\MEL\ISIC_0068905.jpg,isic_0068905,4,14035445816f379e464d56ffe80fabedfc21c34bb38e1c6209fff8140bf91959,10980,1
C:\SRS(ISIC_2019)\Dataset\MEL\ISIC_0068966.jpg,isic_0068966,4,b0010e3ec07e8fe0c76d5203154cb52d3c3a102e73386577c33dc715bc305cbc,10993,1
C:\SRS(ISIC_2019)\Dataset\MEL\ISIC_0068993.jpg,isic_0068993,4,2c80bf3ee2f0231e3c3e4b027fe2c7b609d761af7d08650ea012d2a21d79476a,10996,1
C:\SRS(ISIC_2019)\Dataset\MEL\ISIC_0069058.jpg,isic_0069058,4,2756971d5e215e014081f6eb59812f55ec569505173f37d1d2fd57b77f4f6735,10999,1
C:\SRS(ISIC_2019)\Dataset\MEL\ISIC_0069063.jpg,isic_0069063,4,169b839a312cf6d4916b6e30946787da34bca027473c418776591008a3c6cdd8,11001,1
C:\SRS(ISIC_2019)\Dataset\MEL\ISIC_0069084.jpg,isic_0069084,4,6215133c07292616c438ae3a885440ff649274539b46bb025d1015506aff65a2,11006,1
C:\SRS(ISIC_2019)\Dataset\MEL\ISIC_0069091.jpg,isic_0069091,4,d5f3574c2160f1b1aa700f027e0d984fa06e8b8eb80c07423b51b7c3bb697b45,11008,1
C:\SRS(ISIC_2019)\Dataset\MEL\ISIC_0069119.jpg,isic_0069119,4,60d21a10f81552fabb00a08a82af66b5732e0496cfaf22d12f7dd9d4f746e140,11013,1
C:\SRS(ISIC_2019)\Dataset\MEL\ISIC_0069148.jpg,isic_0069148,4,32b0860c122279f2e74bf3c3425142697b067a16a5cfa28d00820182294cd260,11014,1
C:\SRS(ISIC_2019)\Dataset\MEL\ISIC_0069154.jpg,isic_0069154,4,492e2a534f68c5898cfb8eacb064c45c9d291c22b81538f9b4bd79fd6f7daacf,11015,1
C:\SRS(ISIC_2019)\Dataset\MEL\ISIC_0069264.jpg,isic_0069264,4,d2519352f7c6577f2636fd478718abb8012833524fbb7f4e04f4d255766c8a46,11031,1
C:\SRS(ISIC_2019)\Dataset\MEL\ISIC_0069267.jpg,isic_0069267,4,338220e3dbf554cd9e3c2904a88b11d0894a7e378eec7e6911dd0dee834d604b,11032,1
C:\SRS(ISIC_2019)\Dataset\MEL\ISIC_0069273.jpg,isic_0069273,4,1119a1c3edbb53e52914243a8258c2b562d565f12fbfda8f6894e92517a14ef2,11034,1
C:\SRS(ISIC_2019)\Dataset\MEL\ISIC_0069391.jpg,isic_0069391,4,fed114c1dc899608dd3c1f77965ae91177bc775db1975b77b91065ff8b0ac840,11047,1
C:\SRS(ISIC_2019)\Dataset\MEL\ISIC_0069488.jpg,isic_0069488,4,bb76423a9a22940b455833bce30f59497e60ac1032a23c1938bc2d05aa532b3d,11058,1
C:\SRS(ISIC_2019)\Dataset\MEL\ISIC_0069536.jpg,isic_0069536,4,c4f4af5ff28f113f03a1a36254029b85d939bc999a754c92a276b48d32dc01af,11064,1
C:\SRS(ISIC_2019)\Dataset\MEL\ISIC_0069622.jpg,isic_0069622,4,cb7077b22467c92bbecc99d0e4badd6bc37506207ee9c9b837ba6fa8e33c52b1,11075,1
C:\SRS(ISIC_2019)\Dataset\MEL\ISIC_0069626.jpg,isic_0069626,4,3e4cd3954168f7ed1acb536c39c329995fd831df4122f36b00447cc2c38481cc,11077,1
C:\SRS(ISIC_2019)\Dataset\MEL\ISIC_0069727.jpg,isic_0069727,4,f5e9ea66ae449934d3ace6f8d44c68044eaac6d0a9d72558442d09030f0b227d,11086,1
C:\SRS(ISIC_2019)\Dataset\MEL\ISIC_0069747.jpg,isic_0069747,4,6c1fa80e97a2f1aa724059216b287c02a5d119dbe0efb6deb66efb6aa519bbd1,11089,1
C:\SRS(ISIC_2019)\Dataset\MEL\ISIC_0069753.jpg,isic_0069753,4,7eb93ef4a4f626152957f120d36d479253a33384c7f8198da39f1987ff0e1e81,11090,1
C:\SRS(ISIC_2019)\Dataset\MEL\ISIC_0069908.jpg,isic_0069908,4,0c4d0bcd071d075d83f4a491f24af5e586893af075f677f7adad8ff8a4fbae38,11101,1
C:\SRS(ISIC_2019)\Dataset\MEL\ISIC_0069946.jpg,isic_0069946,4,f168c67a6796a39dabd717a5b68c5c297f9e33756c57c3b69d83880b4bc396f6,11108,1
C:\SRS(ISIC_2019)\Dataset\MEL\ISIC_0070074.jpg,isic_0070074,4,f04c869a7fc8130d707182958f0ab989479f3de8df896c803a65b949de6ab9f4,11131,1
C:\SRS(ISIC_2019)\Dataset\MEL\ISIC_0070092.jpg,isic_0070092,4,9ffd9b888cdfb40fcd34f8930795f4eb098e2f4b4f936b50871ea88a0c677a50,11132,1
C:\SRS(ISIC_2019)\Dataset\MEL\ISIC_0070120.jpg,isic_0070120,4,9d054600dc337fd71353c8e2b7bdd0e66d8848464249e3475d817ac57153ca39,11138,1
C:\SRS(ISIC_2019)\Dataset\MEL\ISIC_0070129.jpg,isic_0070129,4,53a7b37a9916a830835724684e0ec12e5913ee06e4f8dcfa7b6bf4b253423db3,11140,1
C:\SRS(ISIC_2019)\Dataset\MEL\ISIC_0070137.jpg,isic_0070137,4,35e591f0ae6041b190bccbaff610d0bd7d63f4c9fa63dfd54276b149ac73ae68,11141,1
C:\SRS(ISIC_2019)\Dataset\MEL\ISIC_0070166.jpg,isic_0070166,4,f0ebd4403d01b732ad5e65aa99c3471d7d7c0f6de2f2e354fe71e532cd253b6e,11146,1
C:\SRS(ISIC_2019)\Dataset\MEL\ISIC_0070207.jpg,isic_0070207,4,673be5f0af9d430fefe4e1e9234cadca6f239ff11da8bbc17655a19e1179057e,11149,1
C:\SRS(ISIC_2019)\Dataset\MEL\ISIC_0070215.jpg,isic_0070215,4,d3d57de4b15611a898edf2e8f0b75c5c2029b0bea4637dcbb971884c4cc8aa43,11150,1
C:\SRS(ISIC_2019)\Dataset\MEL\ISIC_0070333.jpg,isic_0070333,4,777c44bdc4a87fbada20effcedfa597b6d201f37b36eee66c00df83943f24443,11166,1
C:\SRS(ISIC_2019)\Dataset\MEL\ISIC_0070352.jpg,isic_0070352,4,e1891deff7d11cdf5a4a5cdd79bf1817ea55b0f810924a1943346ec8b256e951,11171,1
C:\SRS(ISIC_2019)\Dataset\MEL\ISIC_0070374.jpg,isic_0070374,4,faf0ca7ed63f1cf4a40a1ab04d2e3d2c12be75c483a52cd2356e329f737f79c3,11175,1
C:\SRS(ISIC_2019)\Dataset\MEL\ISIC_0070417.jpg,isic_0070417,4,7f763790d6b204f8cab10284f5ca004b2410f10153d2941d02ba225df255eafd,11183,1
C:\SRS(ISIC_2019)\Dataset\MEL\ISIC_0070427.jpg,isic_0070427,4,3d9d827f43efdc251c36f3c4d8367225adeae9a2a9b51aaa448d02463f5cbc19,11186,1
C:\SRS(ISIC_2019)\Dataset\MEL\ISIC_0070431.jpg,isic_0070431,4,83361c0016fa8ad59e05eea79eddffe6efd6e83524406a78f4e8e9d06f2cae36,11187,1
C:\SRS(ISIC_2019)\Dataset\MEL\ISIC_0070666.jpg,isic_0070666,4,43da7a46c47e5c85609806040a0f943c2e3337cba80bedb36264d61987eaff19,11213,1
C:\SRS(ISIC_2019)\Dataset\MEL\ISIC_0070710.jpg,isic_0070710,4,02becb1f80bcc6ff4e9e81cc3da8b9912b4be3a53ad385ab5b665aa3bfda9752,11216,1
C:\SRS(ISIC_2019)\Dataset\MEL\ISIC_0070731.jpg,isic_0070731,4,68490bcf9298742793ab741a1eb0cdbdf7a98d1ddae58562be4a56d685bde866,11219,1
C:\SRS(ISIC_2019)\Dataset\MEL\ISIC_0070756.jpg,isic_0070756,4,2ad09f1d897a6ffa71186646e5d7358319fcfa8341cfa666132035092b786931,11224,1
C:\SRS(ISIC_2019)\Dataset\MEL\ISIC_0070815.jpg,isic_0070815,4,ba1ddf07520b7e9deb1ff9d015391f9ad0b04d075ba2eccdcdf3d049fadf83e7,11231,1
C:\SRS(ISIC_2019)\Dataset\MEL\ISIC_0070830.jpg,isic_0070830,4,12e01f43fde0530ca13431fccf83eaf0dad2b6ad08a1401eb7a6d3548ff3db9c,11234,1
C:\SRS(ISIC_2019)\Dataset\MEL\ISIC_0070856.jpg,isic_0070856,4,47c643016a10ac7054e5b9cc8d8d7537f48352be00899e6d6b311203cc59c7a0,11237,1
C:\SRS(ISIC_2019)\Dataset\MEL\ISIC_0070920.jpg,isic_0070920,4,82a282e88ae775da3a24f0a267ee39502be8fa51e8757fb598637bcf78278258,11241,1
C:\SRS(ISIC_2019)\Dataset\MEL\ISIC_0070959.jpg,isic_0070959,4,9ae275a94afb6ec96d0ac4d29e4bf06fa0712c227fe7ba910b3d11b4fdbb95d3,11248,1
C:\SRS(ISIC_2019)\Dataset\MEL\ISIC_0070968.jpg,isic_0070968,4,bb585ae4e18f52ef8e0c48aa312f76df9da1918b05c0c7ad03a88afa6b74154d,11250,1
C:\SRS(ISIC_2019)\Dataset\MEL\ISIC_0070974.jpg,isic_0070974,4,95c6d9a2148971599d4c6f8576f7c4032c81eb7b67007516ee1235eefecd6b67,11252,1
C:\SRS(ISIC_2019)\Dataset\MEL\ISIC_0071012.jpg,isic_0071012,4,476db27630f90ed89a7011d924dfa7832d3600342fce8d05c6d69b66d975cb75,11259,1
C:\SRS(ISIC_2019)\Dataset\MEL\ISIC_0071060.jpg,isic_0071060,4,1daaed483487cab87a5f89de59fcf3748de3950cd8ee9915516d7bbcd49f6cce,11266,1
C:\SRS(ISIC_2019)\Dataset\MEL\ISIC_0071069.jpg,isic_0071069,4,75974d99a8a55c11a428c13fd9e352ce52dc3cbb0ec39fbd36bcf8206bf568b0,11267,1
C:\SRS(ISIC_2019)\Dataset\MEL\ISIC_0071192.jpg,isic_0071192,4,420251537d7fdc36f57b6da7915e2c3a138043a2281ebcaf59d472a7fb366fc1,11281,1
C:\SRS(ISIC_2019)\Dataset\MEL\ISIC_0071193.jpg,isic_0071193,4,f81937ab0eb56fc791609e3764c20f04cf0021c89d1aea8af4fefd32993fd28b,11282,1
C:\SRS(ISIC_2019)\Dataset\MEL\ISIC_0071208.jpg,isic_0071208,4,39a674ffd9ea5ae21fb6c23a912b940c7de4c2c9256a49a5b47e597aa5eb232f,11285,1
C:\SRS(ISIC_2019)\Dataset\MEL\ISIC_0071303.jpg,isic_0071303,4,fc22183db3b73bd5a3c8b407a89d82497d481fee3d3879bf24aaf45067eb6684,11292,1
C:\SRS(ISIC_2019)\Dataset\MEL\ISIC_0071388.jpg,isic_0071388,4,bf6cb60da7d5a15702f6d962afbf1e2e46b625b1f7012006493a6800bda74cb2,11302,1
C:\SRS(ISIC_2019)\Dataset\MEL\ISIC_0071471.jpg,isic_0071471,4,613ab808c8f439aabdde097779b169969ae46c039495189e721baa3e554470a5,11313,1
C:\SRS(ISIC_2019)\Dataset\MEL\ISIC_0071528.jpg,isic_0071528,4,ba17c0739190fd21342e32d02d2a8ee9bf42d37ff94c51fa0658cdcedc981efb,11315,1
C:\SRS(ISIC_2019)\Dataset\MEL\ISIC_0071600.jpg,isic_0071600,4,9e3cd8c7d45e9e719983a55476d9fb4dcf9a90fb87fa01f469aaba2735b002de,11330,1
C:\SRS(ISIC_2019)\Dataset\MEL\ISIC_0071681.jpg,isic_0071681,4,e62dc3b18d5bfbd4e92d70b7671a1d7adfea2f0eebf8771f22200c15ab1d97bf,11340,1
C:\SRS(ISIC_2019)\Dataset\MEL\ISIC_0071700.jpg,isic_0071700,4,5539546a50e2b58d7acb35622ef11d858e9a4363510d6f6bf955d53bd0ed5136,11343,1
C:\SRS(ISIC_2019)\Dataset\MEL\ISIC_0071722.jpg,isic_0071722,4,3119e7ffc7684bb93b54cb9ec7a6e19d510ab47a48babdfce86c3d91d774b15d,11350,1
C:\SRS(ISIC_2019)\Dataset\MEL\ISIC_0071725.jpg,isic_0071725,4,eb4174d486facd5597c0e8b41e04805501b8bab77845bf6f59c943b0c8582ae6,11351,1
C:\SRS(ISIC_2019)\Dataset\MEL\ISIC_0071746.jpg,isic_0071746,4,eeed0509b04729113636f9e6c6a48e05a0b550848f1acab72f0020e86f2783a9,11354,1
C:\SRS(ISIC_2019)\Dataset\MEL\ISIC_0071771.jpg,isic_0071771,4,51c9f240169f9a3894eef07d68c5ef3bf2abbe69de2a23435d1fb8dd84849a05,11358,1
C:\SRS(ISIC_2019)\Dataset\MEL\ISIC_0071776.jpg,isic_0071776,4,526f2daa2b3d4c41321bff390a6e2b2d9872738774f8f46e2ac4ba3447884121,11359,1
C:\SRS(ISIC_2019)\Dataset\MEL\ISIC_0071782.jpg,isic_0071782,4,f9918fca8c057eee47246f97f9367e924b77ece181b39f21ddcf9044848c2893,11361,1
C:\SRS(ISIC_2019)\Dataset\MEL\ISIC_0071815.jpg,isic_0071815,4,2ea4305d55369eaf18ad7fec14c0c9a6f5d2c6493c6e1dafbcd75e1fc19684eb,11368,1
C:\SRS(ISIC_2019)\Dataset\MEL\ISIC_0071826.jpg,isic_0071826,4,c4937cfa7f7779c20d5621be9b708f4260497b55d13af0d0da79dd3e456702f1,11369,1
C:\SRS(ISIC_2019)\Dataset\MEL\ISIC_0071857.jpg,isic_0071857,4,0e9f503ac72431497dceaab27dab10e57c3aac0226544f1dc0ae4c97262e0bd5,11372,1
C:\SRS(ISIC_2019)\Dataset\MEL\ISIC_0071869.jpg,isic_0071869,4,23fefd7ba9c439abc433b5737abc084a4aabc93db584ae378fe41bb2f73a4d62,11374,1
C:\SRS(ISIC_2019)\Dataset\MEL\ISIC_0071891.jpg,isic_0071891,4,cce89b1bf8fea142659a8956faf86b52193f91369dbc45dc1d8cf1f868c98836,11376,1
C:\SRS(ISIC_2019)\Dataset\MEL\ISIC_0071910.jpg,isic_0071910,4,bf1e66d5b3a02c82bccbcb78e8ac8db7916300295f257567dda6b95e9f34b270,11381,1
C:\SRS(ISIC_2019)\Dataset\MEL\ISIC_0071997.jpg,isic_0071997,4,09a725fd4ff7e97be6ba21ad8461da7d6469638605186987aea044d2f480e215,11394,1
C:\SRS(ISIC_2019)\Dataset\MEL\ISIC_0072010.jpg,isic_0072010,4,76e1fd3ed99d1cc8d9f5f6783f1a146abcf4b027c3fc1d06909bc86f8261ec9b,11398,1
C:\SRS(ISIC_2019)\Dataset\MEL\ISIC_0072077.jpg,isic_0072077,4,40fbc9fd97b299732a15a6a55f7a7612cc850d9c06f94c97664d9f8f22c2068e,11406,1
C:\SRS(ISIC_2019)\Dataset\MEL\ISIC_0072099.jpg,isic_0072099,4,37b01b644747a5ac513d47d684ca8bc46bcaa42c909de861a302e61eaec1b0ba,11410,1
C:\SRS(ISIC_2019)\Dataset\MEL\ISIC_0072103.jpg,isic_0072103,4,805cc048085e04f404cf7f700c48d3fbff9a48042bba1a8c788103bd26c8d5ba,11412,1
C:\SRS(ISIC_2019)\Dataset\MEL\ISIC_0072109.jpg,isic_0072109,4,dc946b05c5a10592e6773354de6319ed2ef7fbe1c6eb216d347368a80edff862,11413,1
C:\SRS(ISIC_2019)\Dataset\MEL\ISIC_0072174.jpg,isic_0072174,4,08e9464d906814fe349f729be79708d04308b4e5bc714be278685d80f34aef73,11422,1
C:\SRS(ISIC_2019)\Dataset\MEL\ISIC_0072215.jpg,isic_0072215,4,bd4d22cdaa6d151404df751745e4476f6b9320c76550115ae9be108f291e6f67,11428,1
C:\SRS(ISIC_2019)\Dataset\MEL\ISIC_0072218.jpg,isic_0072218,4,98b2af3ed3c6751863597ed30770d567c4b497424333b122aaa9777caccc1b85,11429,1
C:\SRS(ISIC_2019)\Dataset\MEL\ISIC_0072223.jpg,isic_0072223,4,e379389dd8e442016b79eff830b01e8ef9b42b930901d2c92b85c2ee5a87834d,11430,1
C:\SRS(ISIC_2019)\Dataset\MEL\ISIC_0072292.jpg,isic_0072292,4,f2dd926cf042d0195672e13bae43388a454cef3abc7c3391d4c47e36cbcb9889,11438,1
C:\SRS(ISIC_2019)\Dataset\MEL\ISIC_0072360.jpg,isic_0072360,4,4baaa9bc74546ce63c32ef32b0c7fbbd3b15a91aaea352b9b02720130437f8ed,11447,1
C:\SRS(ISIC_2019)\Dataset\MEL\ISIC_0072363.jpg,isic_0072363,4,7fe32ca67d055cdcca767bdc4cba74427d98152eaebe955b4e5e702113d025c4,11448,1
C:\SRS(ISIC_2019)\Dataset\MEL\ISIC_0072380.jpg,isic_0072380,4,2c4beb10f1cf5c29e423c8d037382c3b5e16011667cc06094b8366f021be800f,11454,1
C:\SRS(ISIC_2019)\Dataset\MEL\ISIC_0072383.jpg,isic_0072383,4,63613bfa91071f6175e97c5a34297cac49e26659f5de97c8e165b5ec9b76522b,11456,1
C:\SRS(ISIC_2019)\Dataset\MEL\ISIC_0072459.jpg,isic_0072459,4,9033813bedd7677c04df5032e7961a97bd0a14b648381fefab5cd8c803b91430,11467,1
C:\SRS(ISIC_2019)\Dataset\MEL\ISIC_0072626.jpg,isic_0072626,4,5ca8aa9e86718ef6f95deb4f1d69093180b55299ec8213e7d9a4e23fe9c38aac,11494,1
C:\SRS(ISIC_2019)\Dataset\MEL\ISIC_0072653.jpg,isic_0072653,4,fb4f4a8557e8f353e300ce6f758f12eb12951ed2e7590bcd41fc10063ef1e748,11498,1
C:\SRS(ISIC_2019)\Dataset\MEL\ISIC_0072733.jpg,isic_0072733,4,929c4c477023b9b9c185bfb12be6c04c149fc38ec624d0d3c50d54a9adace566,11505,1
C:\SRS(ISIC_2019)\Dataset\MEL\ISIC_0072747.jpg,isic_0072747,4,f7e676aea33db0ae07d614c4e3701674406c6ad858c03e5c49d65a81287a6ce9,11507,1
C:\SRS(ISIC_2019)\Dataset\MEL\ISIC_0072773.jpg,isic_0072773,4,1b220a3d3c78f17e5abec8a52f1f9ece242a4a7ae00a8a1d1e5a5e5120a6aee7,11511,1
C:\SRS(ISIC_2019)\Dataset\MEL\ISIC_0072844.jpg,isic_0072844,4,18c3f86bc1f273a8c26c4bb9bcc46e2db30a0f8905899526057fb6e5f953fed8,11522,1
C:\SRS(ISIC_2019)\Dataset\MEL\ISIC_0072889.jpg,isic_0072889,4,eb089b977e19cef17d51c552932e43e8b2c7b6c41f35042b0f53d41cc786daed,11528,1
C:\SRS(ISIC_2019)\Dataset\MEL\ISIC_0072896.jpg,isic_0072896,4,9a5540da4bb8e256b6ee95c644f738a7e31690b7d11a49eca2301b2806a54847,11529,1
C:\SRS(ISIC_2019)\Dataset\MEL\ISIC_0072991.jpg,isic_0072991,4,cc4a2dfe8fe7d1332d31ddc90fe0d905cac81c36f698b623c87a7d629c69b1a0,11543,1
C:\SRS(ISIC_2019)\Dataset\MEL\ISIC_0073016.jpg,isic_0073016,4,e7957b3b44e45983956481c825f921e914c3fd0f5307a5848af50120e93bded6,11544,1
C:\SRS(ISIC_2019)\Dataset\MEL\ISIC_0073018.jpg,isic_0073018,4,0984ba616fe559a6f5d74406033986c6186749ebeea8ac70a407f5893a6084b8,11545,1
C:\SRS(ISIC_2019)\Dataset\MEL\ISIC_0073038.jpg,isic_0073038,4,b8b827581d36c372b7ab5b3d775caa14066180410be7a01bfb1622630fae2776,11547,1
C:\SRS(ISIC_2019)\Dataset\MEL\ISIC_0073044.jpg,isic_0073044,4,e8ce7b13e75d624d328275fc176cd63c50d79ed8ef02cafbfdc5c7652eb358cb,11548,1
C:\SRS(ISIC_2019)\Dataset\MEL\ISIC_0073054.jpg,isic_0073054,4,a1775232ea52d8accc9073f0ef6876f26d4c6fa3314a80f6291e210c6022230d,11549,1
C:\SRS(ISIC_2019)\Dataset\MEL\ISIC_0073065.jpg,isic_0073065,4,2483952d049d79a1167627b109f08ee424752fe764ca19e368b10259b58e32c0,11550,1
C:\SRS(ISIC_2019)\Dataset\MEL\ISIC_0073210.jpg,isic_0073210,4,eaf7896077b0c37bcf082c3be3de26415af72fcf16de612bb8a0155d9edf00e8,11565,1
C:\SRS(ISIC_2019)\Dataset\MEL\ISIC_0073238.jpg,isic_0073238,4,36f1a9c36a674fc886515afe7b867090132e1320d50c983849ef31d5aada3b39,11570,1
C:\SRS(ISIC_2019)\Dataset\NV\ISIC_0000007.jpg,isic_0000007,5,2d3fe1d91afb6dcf7f21893ec8bfaf42b8ed885026bf88afe7ffe7e42b24c8a6,11577,1
C:\SRS(ISIC_2019)\Dataset\NV\ISIC_0000008.jpg,isic_0000008,5,ea32fb2afa394ecb3befa3cc435c855450f1ec017cc87b9a9a72f97c6a6c4f01,11578,1
C:\SRS(ISIC_2019)\Dataset\NV\ISIC_0000025_downsampled.jpg,isic_0000025_downsampled,5,7b4b98143ea0b351ebc43267107cbb2223df31fec611bc64c0249a634a971db1,11593,1
C:\SRS(ISIC_2019)\Dataset\NV\ISIC_0000038_downsampled.jpg,isic_0000038_downsampled,5,634962140eb9c136264b73ecf933b7087342f06c1a708625a532b2c539b649b3,11599,1
C:\SRS(ISIC_2019)\Dataset\NV\ISIC_0000048_downsampled.jpg,isic_0000048_downsampled,5,b823204d63a7ae56038707c190051556e9bde87cec8e2fcb65de896baddebe6d,11606,1
C:\SRS(ISIC_2019)\Dataset\NV\ISIC_0000053_downsampled.jpg,isic_0000053_downsampled,5,cf870c1af9aef522493deb98a0aa00d85171caf296942edf508c4fe282b902bb,11610,1
C:\SRS(ISIC_2019)\Dataset\NV\ISIC_0000069.jpg,isic_0000069,5,469cb7a1a7fd4135d676daad01d6dcf7dbe2db06eb7bacfb6b3a1677ba811ac1,11624,1
C:\SRS(ISIC_2019)\Dataset\NV\ISIC_0000075.jpg,isic_0000075,5,f587900dc609a5d11733a1cd1a7c752fc8d1356831ddc41c53c4255271d0373a,11628,1
C:\SRS(ISIC_2019)\Dataset\NV\ISIC_0000081_downsampled.jpg,isic_0000081_downsampled,5,97825090856a8539e7657d7419c25bf38700904e173087a1516a54d58c1c247e,11631,1
C:\SRS(ISIC_2019)\Dataset\NV\ISIC_0000093_downsampled.jpg,isic_0000093_downsampled,5,f3c42facd58fc509efefff7f076b5b96e155399057f9dc0b2deb47c3f706cfb1,11640,1
C:\SRS(ISIC_2019)\Dataset\NV\ISIC_0000096_downsampled.jpg,isic_0000096_downsampled,5,43b92b83301eebc67be15d25fddd577b88ac8c3aab8e8bd615fca209dc5e9739,11643,1
C:\SRS(ISIC_2019)\Dataset\NV\ISIC_0000099_downsampled.jpg,isic_0000099_downsampled,5,f7683d9f349fcbdeefdaf6799ef52dfb8909661936b7d37761d4b9ff90a7bb35,11646,1
C:\SRS(ISIC_2019)\Dataset\NV\ISIC_0000111_downsampled.jpg,isic_0000111_downsampled,5,c02f142995651d5053f450109f6241c054d567110922e1e1c70958491b5b8646,11657,1
C:\SRS(ISIC_2019)\Dataset\NV\ISIC_0000113_downsampled.jpg,isic_0000113_downsampled,5,bfb05cca5c76db90c5a05c6b097883bb98cf70a98680f9bed56f48de63d563ae,11659,1
C:\SRS(ISIC_2019)\Dataset\NV\ISIC_0000122_downsampled.jpg,isic_0000122_downsampled,5,0146555e52a594a771fb31046df299a5d81dac3dab583f69ee73b64514b46537,11668,1
C:\SRS(ISIC_2019)\Dataset\NV\ISIC_0000124_downsampled.jpg,isic_0000124_downsampled,5,219ecb4160f38b78b2aa4203bd75afbd6d7ac0a610ac888a936d180438093301,11670,1
C:\SRS(ISIC_2019)\Dataset\NV\ISIC_0000177_downsampled.jpg,isic_0000177_downsampled,5,42396121767450e6160ac2ec78e0c94d962ae2ff76b22f16a8e4e34b567d69f3,11685,1
C:\SRS(ISIC_2019)\Dataset\NV\ISIC_0000181_downsampled.jpg,isic_0000181_downsampled,5,66510675eb597a395643f47d25d2392791fe25c6bf2f60035330cabe353a325e,11687,1
C:\SRS(ISIC_2019)\Dataset\NV\ISIC_0000200.jpg,isic_0000200,5,5927f4ef6a5a6a6bad97c2464494f648a20157152ba1e4b4407c7164855fa289,11705,1
C:\SRS(ISIC_2019)\Dataset\NV\ISIC_0000201_downsampled.jpg,isic_0000201_downsampled,5,29bd3d47043767f8c0e3fd4430c32969801ec9db4c591908838d1de1570687f7,11706,1
C:\SRS(ISIC_2019)\Dataset\NV\ISIC_0000202_downsampled.jpg,isic_0000202_downsampled,5,51462a9b62dbd57f0d591e2f72a3ed775948d4af026aa223cba3a4dd7f851922,11707,1
C:\SRS(ISIC_2019)\Dataset\NV\ISIC_0000218_downsampled.jpg,isic_0000218_downsampled,5,bd3ca457bf5851ee96f4b7780e13f4e23f448ab4e9ad5ae8ba46f5e2a0512b6a,11723,1
C:\SRS(ISIC_2019)\Dataset\NV\ISIC_0000223.jpg,isic_0000223,5,d447c12ecbebd342008d1dee2432c0eeaa966ac807e6f0c53ee2f0e3c9bdb604,11728,1
C:\SRS(ISIC_2019)\Dataset\NV\ISIC_0000224.jpg,isic_0000224,5,3599b5c9f7afda742c5f5f4e00f4e985395bd11c8f370dada89e2a080662fa32,11729,1
C:\SRS(ISIC_2019)\Dataset\NV\ISIC_0000243.jpg,isic_0000243,5,cfbfb0dfdbb2a35a930873fb42ea0fded515c75965efe3d4dcd1ac9e47490bea,11746,1
C:\SRS(ISIC_2019)\Dataset\NV\ISIC_0000245.jpg,isic_0000245,5,887cca4ccd6eaf0d960994a1259314a26f49258218af8cb85f9e88ac881d1577,11748,1
C:\SRS(ISIC_2019)\Dataset\NV\ISIC_0000251.jpg,isic_0000251,5,bb7450ee772a761c443b6d7b13a5b49462b34bb5995667c5d017a9fcb7107656,11753,1
C:\SRS(ISIC_2019)\Dataset\NV\ISIC_0000259.jpg,isic_0000259,5,56447a0e0e9539a0c378d209d6ff7c702cb2fd9940066f48c23b785eb250f07f,11760,1
C:\SRS(ISIC_2019)\Dataset\NV\ISIC_0000262.jpg,isic_0000262,5,4b223e6976bccdb01bad851c401feea1a36e7dca6eac3e03e334c24e223e6459,11763,1
C:\SRS(ISIC_2019)\Dataset\NV\ISIC_0000315.jpg,isic_0000315,5,6da8b466a1c7ec87a1465703f398f3705981d21381e5303a0493363fa0534ac6,11772,1
C:\SRS(ISIC_2019)\Dataset\NV\ISIC_0000323.jpg,isic_0000323,5,5ee7cd17f80bd70fa1567066a33cfb13cce0c0b20df1e9444e8188af72e962b8,11779,1
C:\SRS(ISIC_2019)\Dataset\NV\ISIC_0000331.jpg,isic_0000331,5,74afce94eea5d4c6f6a6be027faee74dd7b9ee6927faf9ec05f017ce7ac525e4,11787,1
C:\SRS(ISIC_2019)\Dataset\NV\ISIC_0000333.jpg,isic_0000333,5,6da1f84401359f8791ce08e6a07ac6a78a33abe7cfd2b17a0cecb08c2e2a924e,11789,1
C:\SRS(ISIC_2019)\Dataset\NV\ISIC_0000341.jpg,isic_0000341,5,3797566e56bede521a08ee335ba32a227092f5c77ea6642e937f6fe41c2432e2,11795,1
C:\SRS(ISIC_2019)\Dataset\NV\ISIC_0000346.jpg,isic_0000346,5,e575237bf3b6c9fa90273c8ed1ebfe20f06529d41a6f31dec0d9aafcb21876dd,11800,1
C:\SRS(ISIC_2019)\Dataset\NV\ISIC_0000348.jpg,isic_0000348,5,08ffac1caa5c6a1658dd70a8b8ddb8976c058ac730e2f9b5f4d5b333f4ae5413,11802,1
C:\SRS(ISIC_2019)\Dataset\NV\ISIC_0000349.jpg,isic_0000349,5,8483b9d3bb3c75bbd0b7e8e0820dd2086d00519c2824018ed31fb950c8207e6e,11803,1
C:\SRS(ISIC_2019)\Dataset\NV\ISIC_0000353.jpg,isic_0000353,5,a1163b6f50dedf74cc35088f0683a2491dc2d2c0c753088f51605937640c28b7,11807,1
C:\SRS(ISIC_2019)\Dataset\NV\ISIC_0000355.jpg,isic_0000355,5,9c6eaa2fab2e7454cbf66234ceb962e731950d5a8db30b2741e30a7443bf3b19,11809,1
C:\SRS(ISIC_2019)\Dataset\NV\ISIC_0000367.jpg,isic_0000367,5,81e28d669f1f8242a6e1106d6d58ffff25dad4d3e17956887c1f5d46e6e6ea5d,11819,1
C:\SRS(ISIC_2019)\Dataset\NV\ISIC_0000380_downsampled.jpg,isic_0000380_downsampled,5,0a97addd2e5618846fa313f318072ee9127a71aef233e8a622c2dba89e069f92,11830,1
C:\SRS(ISIC_2019)\Dataset\NV\ISIC_0000388_downsampled.jpg,isic_0000388_downsampled,5,c03b13dc9cc3385f01fa703bf6c7174b950be0f9f36a57e9251556807cdbb0b1,11838,1
C:\SRS(ISIC_2019)\Dataset\NV\ISIC_0000407_downsampled.jpg,isic_0000407_downsampled,5,82f043bc6fc45aaa4cbfa4850cea0e6651d947fb83e8fe4d6952402b0ebb5db1,11844,1
C:\SRS(ISIC_2019)\Dataset\NV\ISIC_0000423_downsampled.jpg,isic_0000423_downsampled,5,1357c7eed8cf43dad19efdfbbe20c3c0d78e52395a6c6d6c08ae34d45244e9e0,11851,1
C:\SRS(ISIC_2019)\Dataset\NV\ISIC_0000426_downsampled.jpg,isic_0000426_downsampled,5,aab64430f3fe348e8baea283942a7fc7bd5a3004a1719404be2d3e057015c4e4,11853,1
C:\SRS(ISIC_2019)\Dataset\NV\ISIC_0000439_downsampled.jpg,isic_0000439_downsampled,5,5720dd99b254ba77bd4376fac6f0db57f20473186e94f86e451edd0028a568f8,11858,1
C:\SRS(ISIC_2019)\Dataset\NV\ISIC_0000443_downsampled.jpg,isic_0000443_downsampled,5,95b1ddc038125386fc5125633865d9b2d24b51d320e11555e3d727ddbf52d170,11860,1
C:\SRS(ISIC_2019)\Dataset\NV\ISIC_0000465.jpg,isic_0000465,5,f96089e886f379b77f0d8b26a84a43be6c2168baeac5b915ca8b11f5524bb4f4,11873,1
C:\SRS(ISIC_2019)\Dataset\NV\ISIC_0000476.jpg,isic_0000476,5,452f7180727a4b1b99b5236491f6dd22a21359eaa2fbb5302f355a1ec2de3cc3,11881,1
C:\SRS(ISIC_2019)\Dataset\NV\ISIC_0000478.jpg,isic_0000478,5,a257f7e22b6a361f1a5d991f160bb38d5a32fe55d90f4c2b15dbf3b8cb147ac8,11883,1
C:\SRS(ISIC_2019)\Dataset\NV\ISIC_0000481.jpg,isic_0000481,5,bea090d4015a86ce3e77fdae9bfd11555502d4bced8cfe8982ecce5ab8b6b3e8,11886,1
C:\SRS(ISIC_2019)\Dataset\NV\ISIC_0000492.jpg,isic_0000492,5,394498f883449a11788990e486a61c3efc70b0aff06ebcba18567270b33f3e9e,11894,1
C:\SRS(ISIC_2019)\Dataset\NV\ISIC_0000493.jpg,isic_0000493,5,2a3abb891de1d805fc69a42827a099bbb4b2e02f7320905cd1f3502ecd6eb113,11895,1
C:\SRS(ISIC_2019)\Dataset\NV\ISIC_0000494.jpg,isic_0000494,5,ee264c3598e26805aa76924f3fd82e40c023702f71ab61c7678f6f14a2d04199,11896,1
C:\SRS(ISIC_2019)\Dataset\NV\ISIC_0000495.jpg,isic_0000495,5,95653efd5cb5b9b11cb86b2170d776af0da548a9f57e7e95885e8f329846d12b,11897,1
C:\SRS(ISIC_2019)\Dataset\NV\ISIC_0000499.jpg,isic_0000499,5,576b424386b1d9bdd479f47b3a259e57e8ba25a11111784ced8a4ed806f3a49d,11900,1
C:\SRS(ISIC_2019)\Dataset\NV\ISIC_0000500.jpg,isic_0000500,5,410b6762998031d1d022801166e15ff4db0cc572969676333d776f371babd532,11901,1
C:\SRS(ISIC_2019)\Dataset\NV\ISIC_0000505.jpg,isic_0000505,5,2455599b234a5e8821bb11ded29f9f7aad5f586354c017f75d149c4fd56fed81,11905,1
C:\SRS(ISIC_2019)\Dataset\NV\ISIC_0000506.jpg,isic_0000506,5,b26c667f3fd197157e38c8579e21c111ae8c7adb1def1006c8df8a79aef2eb90,11906,1
C:\SRS(ISIC_2019)\Dataset\NV\ISIC_0000507.jpg,isic_0000507,5,2324f2d7f0730c66a025c77b045049a7449350cf7b095e57ac33e6f4ed8a5380,11907,1
C:\SRS(ISIC_2019)\Dataset\NV\ISIC_0000508.jpg,isic_0000508,5,e004e3f1e4ee3e9c1ba6f3f9da1b899cce48a5769a0fddbd95b08b92d1700383,11908,1
C:\SRS(ISIC_2019)\Dataset\NV\ISIC_0000515.jpg,isic_0000515,5,7c206419da6d4d2d344b685e8a6f19d6603c478ca6cc6bd5213a3020afc26579,11912,1
C:\SRS(ISIC_2019)\Dataset\NV\ISIC_0000523.jpg,isic_0000523,5,e629568f977dfaa9de3e2d65d20dbc78b20ce76d2535f21b7aec62ac7cdae8a8,11913,1
C:\SRS(ISIC_2019)\Dataset\NV\ISIC_0000528.jpg,isic_0000528,5,43690d83ad382dbcad3045698f2a14f4de7c3784704c066932ce445becd895a8,11917,1
C:\SRS(ISIC_2019)\Dataset\NV\ISIC_0000530.jpg,isic_0000530,5,e597ed107fdd2187def92305617654cd4bc46af6b7073efe09430cd1ce69ceda,11919,1
C:\SRS(ISIC_2019)\Dataset\NV\ISIC_0000541.jpg,isic_0000541,5,db8553eb5057a3cd4b1601c412c9255fdf73b1a29fdd8d79a50181a41737d749,11928,1
C:\SRS(ISIC_2019)\Dataset\NV\ISIC_0000544.jpg,isic_0000544,5,9cb26fd852491c34122c9d963eb5dd3ab6bd75853fa8e3d9b1a7b1367bfe8858,11931,1
C:\SRS(ISIC_2019)\Dataset\NV\ISIC_0001213_downsampled.jpg,isic_0001213_downsampled,5,985407064a477a57acc50de5ef7ddf874102e1a33fc94b52c217d81f7b96535a,11949,1
C:\SRS(ISIC_2019)\Dataset\NV\ISIC_0001216_downsampled.jpg,isic_0001216_downsampled,5,8cbaecf7cbbe82937f49ddcf13d7ed87f834d9f3e0f0a5eb7a125c16ac5dd0a0,11950,1
C:\SRS(ISIC_2019)\Dataset\NV\ISIC_0001254_downsampled.jpg,isic_0001254_downsampled,5,440f57e4a16fc1798e2b83b052480442f375f74d35621695e08337a93fbb4bde,11953,1
C:\SRS(ISIC_2019)\Dataset\NV\ISIC_0001262_downsampled.jpg,isic_0001262_downsampled,5,4975ac6337b94a4e7037099b3b8813231d6753b83d5d9d37a87d1df8e9c68efa,11954,1
C:\SRS(ISIC_2019)\Dataset\NV\ISIC_0001275_downsampled.jpg,isic_0001275_downsampled,5,d64ca1cf94a80e686a88fa1b7a4ff8d3158ffa4af0cad3e8cfc6ef399828ecb4,11956,1
C:\SRS(ISIC_2019)\Dataset\NV\ISIC_0001306_downsampled.jpg,isic_0001306_downsampled,5,7a195e6fa9367e78afb409dc115b2ec2ec390b03946f25a40788f3573537ae93,11961,1
C:\SRS(ISIC_2019)\Dataset\NV\ISIC_0001372_downsampled.jpg,isic_0001372_downsampled,5,459b2e78c6a7ad2fde229f303c70d1c135134e60f4cb89eda157ef7ba5c94ad8,11963,1
C:\SRS(ISIC_2019)\Dataset\NV\ISIC_0001423_downsampled.jpg,isic_0001423_downsampled,5,6c209cefe6db4b5c2dac8ac0184496f88b87e16752b147bdc1c2a956964a42f3,11966,1
C:\SRS(ISIC_2019)\Dataset\NV\ISIC_0001960_downsampled.jpg,isic_0001960_downsampled,5,22986780e0e70de9d6e409347f3ca736fcdda3e23165a77a313037c1f7e808dc,11973,1
C:\SRS(ISIC_2019)\Dataset\NV\ISIC_0002453_downsampled.jpg,isic_0002453_downsampled,5,f6f361190bac480142a3a4d42b0ad0ab4f5dc576c6e3a3a68f52a7a5a72b9309,11984,1
C:\SRS(ISIC_2019)\Dataset\NV\ISIC_0002489_downsampled.jpg,isic_0002489_downsampled,5,2b7eeaed460e9d97bc252555a72872334068921a2a317bac3e3309d20e7173d7,11989,1
C:\SRS(ISIC_2019)\Dataset\NV\ISIC_0002836_downsampled.jpg,isic_0002836_downsampled,5,a02a12edb867eacea8c35b73d2097b82413d7134d236d1d39b6412d21b157799,11996,1
C:\SRS(ISIC_2019)\Dataset\NV\ISIC_0002871_downsampled.jpg,isic_0002871_downsampled,5,bfe30e9aa885b376a453ffe9dabad338c3abe1f7b613ddb6c5d49891eedcf7f3,11997,1
C:\SRS(ISIC_2019)\Dataset\NV\ISIC_0002879_downsampled.jpg,isic_0002879_downsampled,5,7cdbede17cc307bb5fcab78fd0ef6690cd5a8b37faaabbedfcac01324801ffd7,11998,1
C:\SRS(ISIC_2019)\Dataset\NV\ISIC_0003308_downsampled.jpg,isic_0003308_downsampled,5,cbf78d7c5aa5853fe5426c9ae0426fbda5f0303dc92b0891dd6d9f6e3c531249,12007,1
C:\SRS(ISIC_2019)\Dataset\NV\ISIC_0003346_downsampled.jpg,isic_0003346_downsampled,5,2b68aeacf23a473c42d3fd433f782d0792aa8eaf6643da439e6546c750dfe11f,12008,1
C:\SRS(ISIC_2019)\Dataset\NV\ISIC_0005564_downsampled.jpg,isic_0005564_downsampled,5,31ff9f2d9a9e8a0ae526cfc40c86802cdc38daa10290398182fc7587774f016d,12030,1
C:\SRS(ISIC_2019)\Dataset\NV\ISIC_0006114_downsampled.jpg,isic_0006114_downsampled,5,26a89b78de207841057ae2b069476502bca12f147e8876cca47e09ef2827939e,12036,1
C:\SRS(ISIC_2019)\Dataset\NV\ISIC_0006193_downsampled.jpg,isic_0006193_downsampled,5,6053636431dbbb79ef6e15808de8a5a3465ff756c2b7b86d989f5b5558e19ff6,12037,1
C:\SRS(ISIC_2019)\Dataset\NV\ISIC_0006326_downsampled.jpg,isic_0006326_downsampled,5,3686914e42d69b1f58e02b9340695982dc02589ba1e34fa61c8ee566379125ee,12038,1
C:\SRS(ISIC_2019)\Dataset\NV\ISIC_0006671_downsampled.jpg,isic_0006671_downsampled,5,a8e8bc319297f4fbec0e3c0a107e0b77f2ed84bda6a04def3f14a76b240c3fa8,12042,1
C:\SRS(ISIC_2019)\Dataset\NV\ISIC_0006815_downsampled.jpg,isic_0006815_downsampled,5,b89a567b60c287e9a4fd2d84760b2294c3645dcbfe89963223181653e11e2e6e,12047,1
C:\SRS(ISIC_2019)\Dataset\NV\ISIC_0007038_downsampled.jpg,isic_0007038_downsampled,5,d1b3fdb56d59ceb73d9b24c06449fd10c3189fd9718c815ee822b99f0635d717,12051,1
C:\SRS(ISIC_2019)\Dataset\NV\ISIC_0007087_downsampled.jpg,isic_0007087_downsampled,5,70634f06f4c82f41ec6e0914717ba7e0ab85f13d09982255c128efb92796eb79,12052,1
C:\SRS(ISIC_2019)\Dataset\NV\ISIC_0007322_downsampled.jpg,isic_0007322_downsampled,5,e7a80476794679b84d92c28e70214b04fbbbba93611a555b9f0d8a966c5f44a9,12057,1
C:\SRS(ISIC_2019)\Dataset\NV\ISIC_0007557_downsampled.jpg,isic_0007557_downsampled,5,970995954b00375765fd069f83c944fd54a21dd1bd84c1cb216ccb873c133bc4,12062,1
C:\SRS(ISIC_2019)\Dataset\NV\ISIC_0008145_downsampled.jpg,isic_0008145_downsampled,5,e219fd5a2e02fabb05da1493ec7bac0b13bb1013a9fc298839e12ec154a5d75f,12070,1
C:\SRS(ISIC_2019)\Dataset\NV\ISIC_0008256_downsampled.jpg,isic_0008256_downsampled,5,037836d8d6bf2329d2774dcbf2d4a2d66183f95281ede8dc22b3c5740cd09f5e,12073,1
C:\SRS(ISIC_2019)\Dataset\NV\ISIC_0008347_downsampled.jpg,isic_0008347_downsampled,5,80bc8b6dbf31c1874daa4928f1f4036441d40e018ea3c49b587e0789cbb227bd,12076,1
C:\SRS(ISIC_2019)\Dataset\NV\ISIC_0008807_downsampled.jpg,isic_0008807_downsampled,5,1e32d69047bf404d3ad17e19ab8dad22e5b3d17cb2e22fe2f18f3a40b829948e,12089,1
C:\SRS(ISIC_2019)\Dataset\NV\ISIC_0009078_downsampled.jpg,isic_0009078_downsampled,5,fb0662733f6b6fc85b6b26ab77c39e3ada9e68498ad3907186b35a44e7f7a43e,12096,1
C:\SRS(ISIC_2019)\Dataset\NV\ISIC_0009252_downsampled.jpg,isic_0009252_downsampled,5,6a0810d3c44094569319c8c892115d16ac8c8e0fa3b6bb7cf6a1ca4b42be9510,12102,1
C:\SRS(ISIC_2019)\Dataset\NV\ISIC_0009297_downsampled.jpg,isic_0009297_downsampled,5,703f90c07d353b65e961f0557a9aea84d1877985ede688ec68019b202fb4d9bb,12103,1
C:\SRS(ISIC_2019)\Dataset\NV\ISIC_0009298_downsampled.jpg,isic_0009298_downsampled,5,652dce980df9d7ef8ddf8e6170961ae93b0a982443169779858b9ebf0cee58f3,12104,1
C:\SRS(ISIC_2019)\Dataset\NV\ISIC_0009504_downsampled.jpg,isic_0009504_downsampled,5,2d4158c430e52e6941eba5e2c241054a9d6ef50fca28824b2b37b568720984db,12107,1
C:\SRS(ISIC_2019)\Dataset\NV\ISIC_0009583_downsampled.jpg,isic_0009583_downsampled,5,5dbf41702c4f5155d5ecffe4637e827a910939183c4c62b67713944bb9b0c276,12111,1
C:\SRS(ISIC_2019)\Dataset\NV\ISIC_0009758_downsampled.jpg,isic_0009758_downsampled,5,e2fcbc5775f87e5e36acef273aa6efacc6e5fe82db3fade4ca9a832ccb0c0eaf,12113,1
C:\SRS(ISIC_2019)\Dataset\NV\ISIC_0009870.jpg,isic_0009870,5,dc3e6a42fad1380af6c3fa7846b72517bc51f3f1387f2cd5bc55d341d94e5a9f,12117,1
C:\SRS(ISIC_2019)\Dataset\NV\ISIC_0009874.jpg,isic_0009874,5,b731fe808552021f9920fd835b7826347f191df5d96037e37b0cff5af058f118,12121,1
C:\SRS(ISIC_2019)\Dataset\NV\ISIC_0009879.jpg,isic_0009879,5,41a2726721934b038bbbb9c9c8e183d1d1df8cde43856b2144ab0c31de9129d9,12124,1
C:\SRS(ISIC_2019)\Dataset\NV\ISIC_0009888.jpg,isic_0009888,5,e3738e24aeec8c05c71cd08eff446ef1afd713702058ad8baf55f0dfbfb3032f,12130,1
C:\SRS(ISIC_2019)\Dataset\NV\ISIC_0009899.jpg,isic_0009899,5,1490b3645f745cafe047667c7fdbfbff28fb195eb9436c76c257e8235baba26d,12135,1
C:\SRS(ISIC_2019)\Dataset\NV\ISIC_0009902.jpg,isic_0009902,5,71aa69422f3cf7fea79bfc3a218addd399b35361452f25c5a035f1213270b128,12137,1
C:\SRS(ISIC_2019)\Dataset\NV\ISIC_0009915.jpg,isic_0009915,5,d11519dce501aa8e61ec2da99bf385a9240e235f224ba83bb31583142df8e1b2,12144,1
C:\SRS(ISIC_2019)\Dataset\NV\ISIC_0009917.jpg,isic_0009917,5,7aa34ad5e0211c0ab0389b5226c09fdc4558d71f04120bcea9c6914efaaed2cd,12145,1
C:\SRS(ISIC_2019)\Dataset\NV\ISIC_0009921.jpg,isic_0009921,5,c67b1e712dc3f7c50850f61bb82fbb3cf3fd11ec884c3667b28b411388fbc0c9,12148,1
C:\SRS(ISIC_2019)\Dataset\NV\ISIC_0009933.jpg,isic_0009933,5,5dea9fdb60b8b8d6f39d4ead79beba141e628f19af0f77e785d1c0f506b5bfb1,12156,1
C:\SRS(ISIC_2019)\Dataset\NV\ISIC_0009942.jpg,isic_0009942,5,146e2be8dd60faaa5edc5e0109660b62a3c5926744dec318d128c47712145659,12164,1
C:\SRS(ISIC_2019)\Dataset\NV\ISIC_0009967.jpg,isic_0009967,5,cc6642a716c00f3b8ef6f98193b5e993299220e368b075b68fbda75bb63c8553,12183,1
C:\SRS(ISIC_2019)\Dataset\NV\ISIC_0009982.jpg,isic_0009982,5,f9d2cd7b43674ba09a401b61121092bd88593afb3b1a7745293cfb96fc831bde,12197,1
C:\SRS(ISIC_2019)\Dataset\NV\ISIC_0009998.jpg,isic_0009998,5,326079c39c3c228197d7af2a7d7a1d075e650174527cc5c9643ae5af5ec9ce9b,12204,1
C:\SRS(ISIC_2019)\Dataset\NV\ISIC_0010005.jpg,isic_0010005,5,7f497849529c68439df0d9ac9e6d8afc19c60f39a09768a16b449deacd31cb10,12207,1
C:\SRS(ISIC_2019)\Dataset\NV\ISIC_0010006.jpg,isic_0010006,5,8a85ad99683d770ad088cb444ca0321a69d20536441bc76455e941bf80ac080f,12208,1
C:\SRS(ISIC_2019)\Dataset\NV\ISIC_0010010.jpg,isic_0010010,5,d2b4385ffe3e132fb48f9422759c03503bd9231cd1515671c3cf35164b99940f,12210,1
C:\SRS(ISIC_2019)\Dataset\NV\ISIC_0010014.jpg,isic_0010014,5,2493afae42bc0ca58f3f18127a55eca2a930306999060b9b80584d6bd703cf29,12212,1
C:\SRS(ISIC_2019)\Dataset\NV\ISIC_0010042.jpg,isic_0010042,5,5bce68c745a4e32b6cc1d226458b97dcabf0b2b2998b413401482a95f0ec3992,12227,1
C:\SRS(ISIC_2019)\Dataset\NV\ISIC_0010051.jpg,isic_0010051,5,596b30b7de978ed3483cba7b396dafc704737b7326bfaeef0590b16cf4520320,12232,1
C:\SRS(ISIC_2019)\Dataset\NV\ISIC_0010062.jpg,isic_0010062,5,8b627bd20d4f5b5f4a82c89bc6af82e4d77a5ecbfe58df3f51eea10c3c2e08fd,12240,1
C:\SRS(ISIC_2019)\Dataset\NV\ISIC_0010070.jpg,isic_0010070,5,b1227fafa5cce6dd7350ce64c9ca6b248a8590d719f79ee53884df78867385b6,12245,1
C:\SRS(ISIC_2019)\Dataset\NV\ISIC_0010088.jpg,isic_0010088,5,3a80444b4d5236573c52da940e845882ffa3d70cced054d52f53d0758a8ba1a6,12255,1
C:\SRS(ISIC_2019)\Dataset\NV\ISIC_0010090.jpg,isic_0010090,5,98a1f577f2264b5093812cf324a404f8692f8be6f77514511dc892235311bd03,12256,1
C:\SRS(ISIC_2019)\Dataset\NV\ISIC_0010204.jpg,isic_0010204,5,da10f8438f0eff1e07eccafc69f17021e8b7775e5927e4e13bbfb14669717d40,12283,1
C:\SRS(ISIC_2019)\Dataset\NV\ISIC_0010213.jpg,isic_0010213,5,96ebd5550c2e841201ae20de6c84694432f980e7025047e2f2224e01e6dc2d8c,12287,1
C:\SRS(ISIC_2019)\Dataset\NV\ISIC_0010222.jpg,isic_0010222,5,76357ca069cc9eee899442b3e60d79f6001f5fa9aecac0d90754b2427954d676,12292,1
C:\SRS(ISIC_2019)\Dataset\NV\ISIC_0010233.jpg,isic_0010233,5,872c3e142359854cc42101c6486704632e99aa96b47022d19a8d80b19bd7b5a2,12298,1
C:\SRS(ISIC_2019)\Dataset\NV\ISIC_0010234.jpg,isic_0010234,5,b9b496e4b3fe25d26f99df9c686531bbc017d3b90e022f843a77b0ec2b1df0f5,12299,1
C:\SRS(ISIC_2019)\Dataset\NV\ISIC_0010237.jpg,isic_0010237,5,cb980abbded4badab43ce4eefc6cb9114338dab01f09022efb123c3078a91dfb,12301,1
C:\SRS(ISIC_2019)\Dataset\NV\ISIC_0010238.jpg,isic_0010238,5,e47b5a31a40bad5a04b76150ccfed005cba47035dd76158f8c334de5e8c81429,12302,1
C:\SRS(ISIC_2019)\Dataset\NV\ISIC_0010247.jpg,isic_0010247,5,49a931c29fa0fed6209995ee05a0d0c402792aa086e410ffc70315d50f0cd145,12306,1
C:\SRS(ISIC_2019)\Dataset\NV\ISIC_0010248.jpg,isic_0010248,5,2dd2093bebdd981f8c437d675885084ef0e3046cf15c26eccee13fcd051fc500,12307,1
C:\SRS(ISIC_2019)\Dataset\NV\ISIC_0010254.jpg,isic_0010254,5,ccf53486de6164531021a98cb77382035da68b1e39eaa2fa100dc08a80788eed,12310,1
C:\SRS(ISIC_2019)\Dataset\NV\ISIC_0010262.jpg,isic_0010262,5,5f354986e82270537f7b24e934f843767bc8e6ae42cf6e938b945db760a48c27,12315,1
C:\SRS(ISIC_2019)\Dataset\NV\ISIC_0010323.jpg,isic_0010323,5,620541cd8de930b58a59c8737036e26b7ffcb688370e5d328c154588db604c31,12321,1
C:\SRS(ISIC_2019)\Dataset\NV\ISIC_0010327.jpg,isic_0010327,5,613599240453a8473677377ae3d94aa552953836eb5301e3f82da2220b0be1d3,12323,1
C:\SRS(ISIC_2019)\Dataset\NV\ISIC_0010333.jpg,isic_0010333,5,4f687887f75b7daa83b291ebd09d4fccea9d159085cf1d91b9cd76887894f7ce,12326,1
C:\SRS(ISIC_2019)\Dataset\NV\ISIC_0010348.jpg,isic_0010348,5,74b728b80b468f4fbbe93cbc01398fe759335d96a4250fca4eefca6d70440580,12338,1
C:\SRS(ISIC_2019)\Dataset\NV\ISIC_0010357.jpg,isic_0010357,5,e028a1c7ab587922071cf6f37475ab5052288611fb07be74b6f4b1f63bf0fb02,12341,1
C:\SRS(ISIC_2019)\Dataset\NV\ISIC_0010456.jpg,isic_0010456,5,16c45dd2b1eb5f345ec4634a6b2efba509c54cf255be318c2864762d12e559b3,12363,1
C:\SRS(ISIC_2019)\Dataset\NV\ISIC_0010474.jpg,isic_0010474,5,3445f47a90c1839fe806f9cbeb9136dff2fa4cc3df689e8f0dc07e225f31933a,12376,1
C:\SRS(ISIC_2019)\Dataset\NV\ISIC_0010475.jpg,isic_0010475,5,b6843b7f90f34be635af04c802fb4b517fce40c23ae34d2467f0924295a4d067,12377,1
C:\SRS(ISIC_2019)\Dataset\NV\ISIC_0010496.jpg,isic_0010496,5,5256c73c5e18673c4320beb4db86da063eb90fd0c55ad5c340c00338545c1e08,12389,1
C:\SRS(ISIC_2019)\Dataset\NV\ISIC_0010497.jpg,isic_0010497,5,62f86cb4d322fa97d4c1a218cf1906712cec70d24469ccdbe81da8a682cc09f9,12390,1
C:\SRS(ISIC_2019)\Dataset\NV\ISIC_0010573.jpg,isic_0010573,5,0a4da4e6dd5c86879df7223a65029b92ebee00620b6c3df08b6da114dc34cdec,12406,1
C:\SRS(ISIC_2019)\Dataset\NV\ISIC_0010574.jpg,isic_0010574,5,0db30426d0bdbce4ea60a189d49e329d97bb5714f3c10e4b397687fc2c30c24d,12407,1
C:\SRS(ISIC_2019)\Dataset\NV\ISIC_0010582.jpg,isic_0010582,5,c23695ab82cbff3452394795bcb35ef194162ca11c0d774c65100f5fc5ce3ae0,12410,1
C:\SRS(ISIC_2019)\Dataset\NV\ISIC_0010595.jpg,isic_0010595,5,e68ae3a08a2f9ffbffba5564ceb203ae6840066e36207a5c7b643b7f9b32a3fd,12419,1
C:\SRS(ISIC_2019)\Dataset\NV\ISIC_0010854.jpg,isic_0010854,5,6e90a1b6da0dad3662525a12d71309c0305acc951db3c64420ac49de4904edf1,12436,1
C:\SRS(ISIC_2019)\Dataset\NV\ISIC_0011079.jpg,isic_0011079,5,36fc7539ad6c037367f17abae6f98e6699dce80639139019b8401060fd75f7e7,12442,1
C:\SRS(ISIC_2019)\Dataset\NV\ISIC_0011081.jpg,isic_0011081,5,5dd49e4b7cf185b6c903bab1b7abd50173e19525aeda8eabc90464cff5a21844,12443,1
C:\SRS(ISIC_2019)\Dataset\NV\ISIC_0011084.jpg,isic_0011084,5,a03a0abd958a867cd60028809c4699c8b45269cf4383756928ec0698944517a6,12446,1
C:\SRS(ISIC_2019)\Dataset\NV\ISIC_0011102.jpg,isic_0011102,5,851c9903170a033f58234bacf35234d4d90cbbb3de00a65fdb83969c7adb59fb,12456,1
C:\SRS(ISIC_2019)\Dataset\NV\ISIC_0011117.jpg,isic_0011117,5,d3da7a99c9fa37ff6d895d9308560f3ee6405e881f597c166a1004a76c241ea3,12464,1
C:\SRS(ISIC_2019)\Dataset\NV\ISIC_0011131.jpg,isic_0011131,5,4d72f9d462ee003180ef8c48c767c88d05c05d7fab848deccdab9348214ac0ca,12471,1
C:\SRS(ISIC_2019)\Dataset\NV\ISIC_0011143.jpg,isic_0011143,5,4965fe2787f2b8d28fc9949bcd88ad4986c1f7384285d711ecafdbe664d5a4d5,12472,1
C:\SRS(ISIC_2019)\Dataset\NV\ISIC_0011167.jpg,isic_0011167,5,2c3012ee694fdaa4a29bc34446845cec99b6620edea2c77412b0fc89b8866aad,12485,1
C:\SRS(ISIC_2019)\Dataset\NV\ISIC_0011173.jpg,isic_0011173,5,110289c5770890143fd13e2f96e8f2483645684f57c14e04f3a62eb06794a5b2,12489,1
C:\SRS(ISIC_2019)\Dataset\NV\ISIC_0011199.jpg,isic_0011199,5,d9f2397a11dbc8498af7a6045d6fde0e5804810ebc9f5b088e6096b260abfb86,12491,1
C:\SRS(ISIC_2019)\Dataset\NV\ISIC_0011203.jpg,isic_0011203,5,43a57c02aae272db2b62ef95b3d237afa07e93cc11329e90a51cceeca9855a00,12494,1
C:\SRS(ISIC_2019)\Dataset\NV\ISIC_0011211.jpg,isic_0011211,5,0d159a7d5afea8da2b9fdf99aaa14e192a87102c323b5209db8d3a486ad18785,12499,1
C:\SRS(ISIC_2019)\Dataset\NV\ISIC_0011212.jpg,isic_0011212,5,7b08c7e5408edd6a3789467ec053779629f33895cb3282b50dd7b9ad18913f7a,12500,1
C:\SRS(ISIC_2019)\Dataset\NV\ISIC_0011214.jpg,isic_0011214,5,2475c18ea4939be2c707de7f3d893bfb517192e59b925f4d5c446930a9ad3359,12502,1
C:\SRS(ISIC_2019)\Dataset\NV\ISIC_0011225.jpg,isic_0011225,5,1895f736161540e62ad1f552a412761de50613151369468c578c0a86120a00c5,12510,1
C:\SRS(ISIC_2019)\Dataset\NV\ISIC_0011317.jpg,isic_0011317,5,19d3a7ea0178004004952980fcd80b0dd5c2868de1143cc4adbd179458412fd0,12526,1
C:\SRS(ISIC_2019)\Dataset\NV\ISIC_0011345.jpg,isic_0011345,5,ecfa31f55569517787ee73a3d1a053e83a237c0beec33104996143b456a4da2a,12541,1
C:\SRS(ISIC_2019)\Dataset\NV\ISIC_0011347.jpg,isic_0011347,5,3731a8a3148d89e6effd493c2a35eec3398fb62b9700baa1483e18953532bff5,12542,1
C:\SRS(ISIC_2019)\Dataset\NV\ISIC_0011363.jpg,isic_0011363,5,298d4c5696dc4d243c190166f2496758bf1b6566d1b2f6634db25ebe3503b160,12551,1
C:\SRS(ISIC_2019)\Dataset\NV\ISIC_0011386.jpg,isic_0011386,5,80ed1e38c219f47fd4588d981ecb35189fcee36d2e7ea8bb6d1212d5ab1257ae,12560,1
C:\SRS(ISIC_2019)\Dataset\NV\ISIC_0012089_downsampled.jpg,isic_0012089_downsampled,5,9c5a0bdda484bd7a37b9512355360950cb2a730ba55cf1fba92f1235dc25de2a,12565,1
C:\SRS(ISIC_2019)\Dataset\NV\ISIC_0012109_downsampled.jpg,isic_0012109_downsampled,5,1d09ef5b01303e94c7f09d6f1bc703dab1a2157a0639367e2bf9b8e5b0adecf9,12574,1
C:\SRS(ISIC_2019)\Dataset\NV\ISIC_0012135_downsampled.jpg,isic_0012135_downsampled,5,e5740035cc63b0b9366aae93cd616650da505b4b631a0531b69ab320cc1ad186,12579,1
C:\SRS(ISIC_2019)\Dataset\NV\ISIC_0012149_downsampled.jpg,isic_0012149_downsampled,5,77295b1d4f16c3f6e1eea33987052ae35525fc6444849274b12cc08dfe3eed89,12583,1
C:\SRS(ISIC_2019)\Dataset\NV\ISIC_0012150_downsampled.jpg,isic_0012150_downsampled,5,ac69c7471e482013c48fba7c406ec79eac45e52508e0fd3654ef453759b1d158,12584,1
C:\SRS(ISIC_2019)\Dataset\NV\ISIC_0012160_downsampled.jpg,isic_0012160_downsampled,5,4fc1cda9d1e21f10d2d528277e9a6886703d9bc43b2903dbfc36898314a3bb5b,12588,1
C:\SRS(ISIC_2019)\Dataset\NV\ISIC_0012167_downsampled.jpg,isic_0012167_downsampled,5,bd5535f1eccff348b652a2051c28f1b46dc7c30d77616a15a3f72e107134c8eb,12590,1
C:\SRS(ISIC_2019)\Dataset\NV\ISIC_0012179_downsampled.jpg,isic_0012179_downsampled,5,e29e35985b7b87a5d3dea74e587a93850e704913a61ef77a999fe694c23efeb6,12593,1
C:\SRS(ISIC_2019)\Dataset\NV\ISIC_0012203_downsampled.jpg,isic_0012203_downsampled,5,3d660b5be2a0a97c85253629b052983abc0e46cf21a57380a1c0ab395006ffda,12598,1
C:\SRS(ISIC_2019)\Dataset\NV\ISIC_0012209_downsampled.jpg,isic_0012209_downsampled,5,4c8b71776cc6920d5eba0988996ed3f41444f79a799b67fd10c2b30ed3ceca35,12601,1
C:\SRS(ISIC_2019)\Dataset\NV\ISIC_0012213_downsampled.jpg,isic_0012213_downsampled,5,fab11ecad5428f04b4a2f009e33bf2785def016ad19786df1481fc66e54f3ef9,12604,1
C:\SRS(ISIC_2019)\Dataset\NV\ISIC_0012232_downsampled.jpg,isic_0012232_downsampled,5,f447fa1c3f846287c527e5177f8261a8a8425bd8a35fccdc6367444f70b7133b,12610,1
C:\SRS(ISIC_2019)\Dataset\NV\ISIC_0012233_downsampled.jpg,isic_0012233_downsampled,5,d563f5081a2b204b7e7374c7e8dc41ba006a8f6659748814b431d125f93da7d3,12611,1
C:\SRS(ISIC_2019)\Dataset\NV\ISIC_0012235_downsampled.jpg,isic_0012235_downsampled,5,34d44c6f914aa203f04f48eac7311244446067518daf017ec74f02c898119136,12612,1
C:\SRS(ISIC_2019)\Dataset\NV\ISIC_0012250_downsampled.jpg,isic_0012250_downsampled,5,c6b397d9fcf9302de8de2ec8a44ad4ca68fd4f822b8934a3d28ab95fa24af6d1,12614,1
C:\SRS(ISIC_2019)\Dataset\NV\ISIC_0012253_downsampled.jpg,isic_0012253_downsampled,5,c04d0939d5b777ca4c89271e049767ca0c56e0b5ce18354bfb92a6d04073423d,12615,1
C:\SRS(ISIC_2019)\Dataset\NV\ISIC_0012257_downsampled.jpg,isic_0012257_downsampled,5,1c3eabd77f65e175d171a04b19807cbeab310d16a6a6e0304d28a2356c845486,12617,1
C:\SRS(ISIC_2019)\Dataset\NV\ISIC_0012318_downsampled.jpg,isic_0012318_downsampled,5,999c5c782268275eb35da01fe256e7c96f63b1e39e45c10bcfd403ec90224842,12635,1
C:\SRS(ISIC_2019)\Dataset\NV\ISIC_0012320_downsampled.jpg,isic_0012320_downsampled,5,0946bb929658283d248ff26c06fbeead8ff879181c6f78d103fecb8a8c18aa6e,12636,1
C:\SRS(ISIC_2019)\Dataset\NV\ISIC_0012332_downsampled.jpg,isic_0012332_downsampled,5,27d26decdb50e58fd5ef9c2c9f4ef6d4bb38056b402b6ec1cc28a77aef0e8704,12640,1
C:\SRS(ISIC_2019)\Dataset\NV\ISIC_0012351_downsampled.jpg,isic_0012351_downsampled,5,56d6d0e3eebe2e90ccaef7751f6267b39cb88c798110fc50e9bd28b3fd618eaa,12646,1
C:\SRS(ISIC_2019)\Dataset\NV\ISIC_0012357_downsampled.jpg,isic_0012357_downsampled,5,713bde67380f6bbd18d03450d66d873eab6457de91cde9947a9ecdef2015b8de,12647,1
C:\SRS(ISIC_2019)\Dataset\NV\ISIC_0012381_downsampled.jpg,isic_0012381_downsampled,5,19cfd72bbc526c4071db1fcba8be1becd5cf600689931b696cbff030d839b5e7,12653,1
C:\SRS(ISIC_2019)\Dataset\NV\ISIC_0012413_downsampled.jpg,isic_0012413_downsampled,5,367a7a372db5dffcd67271ed46f64776fb8d2ae435d43d95eb4d5e663ef652ed,12657,1
C:\SRS(ISIC_2019)\Dataset\NV\ISIC_0012464_downsampled.jpg,isic_0012464_downsampled,5,08919a4b174b2a7aba16563a91bdf5e25d164d9dafb013be7492705d4c307b6a,12662,1
C:\SRS(ISIC_2019)\Dataset\NV\ISIC_0012494_downsampled.jpg,isic_0012494_downsampled,5,61e4823e515f6d717abe2ac8112ff4626528a52292b0a5eb8452a0da2a3d755d,12668,1
C:\SRS(ISIC_2019)\Dataset\NV\ISIC_0012526_downsampled.jpg,isic_0012526_downsampled,5,778db2bd316c17ba39662f88b627d4f7b00f00e538d9eaa48c18e4d465774370,12679,1
C:\SRS(ISIC_2019)\Dataset\NV\ISIC_0012654_downsampled.jpg,isic_0012654_downsampled,5,9acd3f1245e37972725952dc573c8b2e2ee18e349bbfb558051b4738e945dbb7,12689,1
C:\SRS(ISIC_2019)\Dataset\NV\ISIC_0012655_downsampled.jpg,isic_0012655_downsampled,5,84f120c010f43f256c45721547d083dc04b74c808a7e15c2caa3bfbcb2be66aa,12690,1
C:\SRS(ISIC_2019)\Dataset\NV\ISIC_0012656_downsampled.jpg,isic_0012656_downsampled,5,526434dba4374af16249ef93607fe6fa88442099ee828c836e4c9989630dda0b,12691,1
C:\SRS(ISIC_2019)\Dataset\NV\ISIC_0012660_downsampled.jpg,isic_0012660_downsampled,5,73f3379546881e36b21287f29ef1d91f327c8b1a443193dd16182133a129b82d,12695,1
C:\SRS(ISIC_2019)\Dataset\NV\ISIC_0012672_downsampled.jpg,isic_0012672_downsampled,5,54da9ee5338ada731cf057506803bdde08e406f01b5aade846cf8b0ef3e00d5e,12703,1
C:\SRS(ISIC_2019)\Dataset\NV\ISIC_0012676_downsampled.jpg,isic_0012676_downsampled,5,4e8e54b218558098dc67753eab0751ee7c96260ca797158efd97adf69a3d4bbd,12707,1
C:\SRS(ISIC_2019)\Dataset\NV\ISIC_0012684_downsampled.jpg,isic_0012684_downsampled,5,bc2e476cd41854be04ae41ee29426abad524ff31e6543a13b0c5f75f5e8519ea,12714,1
C:\SRS(ISIC_2019)\Dataset\NV\ISIC_0012692_downsampled.jpg,isic_0012692_downsampled,5,cc8afe8783cba82c3ea796c25278f172b42af68274d6dd52e1c5cad29e4eaf65,12717,1
C:\SRS(ISIC_2019)\Dataset\NV\ISIC_0012721_downsampled.jpg,isic_0012721_downsampled,5,012396f18b8b9fbfdb6764a58ef1d1e538cbd26a54b62f457d8ae87c55e9ce5a,12727,1
C:\SRS(ISIC_2019)\Dataset\NV\ISIC_0012740_downsampled.jpg,isic_0012740_downsampled,5,ae0468db910400c0aa323dc1f9efeee821c088e5032cf48311f6004f1c5f4f6f,12734,1
C:\SRS(ISIC_2019)\Dataset\NV\ISIC_0012741_downsampled.jpg,isic_0012741_downsampled,5,67040dec572140cc8d9a012fa4de5c81ab5666987e5cb79ea90f14c8498908dc,12735,1
C:\SRS(ISIC_2019)\Dataset\NV\ISIC_0012768_downsampled.jpg,isic_0012768_downsampled,5,2e1f7fe3a8a4d16798cfc81b9bc5f4cb89bd0cd55606db506fe25c3bc58d7cf4,12739,1
C:\SRS(ISIC_2019)\Dataset\NV\ISIC_0012789_downsampled.jpg,isic_0012789_downsampled,5,21b5092b0fcc3ed23fb75111fb8be2492d5df15677fe388a7e175c31a44e0dca,12744,1
C:\SRS(ISIC_2019)\Dataset\NV\ISIC_0012803_downsampled.jpg,isic_0012803_downsampled,5,2eec08d305bdb8e3316542bb111de9086b1c43c62f14ec78b58726d653ea7cae,12746,1
C:\SRS(ISIC_2019)\Dataset\NV\ISIC_0012814_downsampled.jpg,isic_0012814_downsampled,5,a4dae858ef5707987f8e89fbce0e262258dc8e8931cce68e440e9eda1c73b8a0,12749,1
C:\SRS(ISIC_2019)\Dataset\NV\ISIC_0012844_downsampled.jpg,isic_0012844_downsampled,5,6057ce0c11c331e105bc5cf4e2cd9f015c1535d6bf8a5de1cea02567e485d3f3,12756,1
C:\SRS(ISIC_2019)\Dataset\NV\ISIC_0012879_downsampled.jpg,isic_0012879_downsampled,5,0e41ba80f8e44ca31a5d326a0a8da380a143a747d5833a7b90e55ea64f85ccb0,12764,1
C:\SRS(ISIC_2019)\Dataset\NV\ISIC_0012891_downsampled.jpg,isic_0012891_downsampled,5,50f895da9cb42212c3c64cb4d7b1787b59533bd8dd4c40c64a0953553df346b7,12767,1
C:\SRS(ISIC_2019)\Dataset\NV\ISIC_0012905_downsampled.jpg,isic_0012905_downsampled,5,7aabbee6f9a8955a1ce2704762df989b88d7458815b8322829af95943c57e1d9,12772,1
C:\SRS(ISIC_2019)\Dataset\NV\ISIC_0012911_downsampled.jpg,isic_0012911_downsampled,5,0f9d3c4a700afaca7bb9039f1f3aacdf8b119952afc173a1b710a237f87373e3,12774,1
C:\SRS(ISIC_2019)\Dataset\NV\ISIC_0012940_downsampled.jpg,isic_0012940_downsampled,5,5b381dd679acb4cde0ea2a4be0eb743bcf54f44ba4b7b37579bcdd87d73ab639,12776,1
C:\SRS(ISIC_2019)\Dataset\NV\ISIC_0012945_downsampled.jpg,isic_0012945_downsampled,5,d4bbf20e97224bce1d306bf0c21f8a9335ee409ea436ebf792b1b9808e198020,12779,1
C:\SRS(ISIC_2019)\Dataset\NV\ISIC_0012976_downsampled.jpg,isic_0012976_downsampled,5,c21529b1d9d14e6546c8425de4e5f50e8c50915908cc2f0f914e77d61027d7b0,12790,1
C:\SRS(ISIC_2019)\Dataset\NV\ISIC_0012987_downsampled.jpg,isic_0012987_downsampled,5,56707ba14300f463385603f317754177415dbf40b9e67879a5c2c7d72297b3f3,12793,1
C:\SRS(ISIC_2019)\Dataset\NV\ISIC_0013001_downsampled.jpg,isic_0013001_downsampled,5,6b55c0635c96b7da83e787aa398258d53f4d4ff36f71bf130b55efbc9ac57b52,12796,1
C:\SRS(ISIC_2019)\Dataset\NV\ISIC_0013015_downsampled.jpg,isic_0013015_downsampled,5,e6cd457c33567f1a7e5be2e923173a84c866636cb8afd44b544c73ec1a3dec81,12800,1
C:\SRS(ISIC_2019)\Dataset\NV\ISIC_0013071_downsampled.jpg,isic_0013071_downsampled,5,a7b3221f31c2a589c532f4f3a019ad7934c94cab2deabb583a39072ca8e917f1,12817,1
C:\SRS(ISIC_2019)\Dataset\NV\ISIC_0013084_downsampled.jpg,isic_0013084_downsampled,5,f79b9ee6fd84ce634dcbc94df2396c48ce0a80f24c9c53aa5378fc31fb38c133,12821,1
C:\SRS(ISIC_2019)\Dataset\NV\ISIC_0013096_downsampled.jpg,isic_0013096_downsampled,5,a74c4377a9d862d6286cad35309f3e9ab9a494e125fee0ec939a230455a96930,12826,1
C:\SRS(ISIC_2019)\Dataset\NV\ISIC_0013114_downsampled.jpg,isic_0013114_downsampled,5,b43ea19b7d62c5ded042c049ec35c693c068e919dc9cf78d74159b6f7cc675a1,12832,1
C:\SRS(ISIC_2019)\Dataset\NV\ISIC_0013118_downsampled.jpg,isic_0013118_downsampled,5,90192d20718566f8337c71fb60088d51f1a501b7482a254bac5c8dea317cee33,12833,1
C:\SRS(ISIC_2019)\Dataset\NV\ISIC_0013120_downsampled.jpg,isic_0013120_downsampled,5,665c74e3a8f9981832f2704c22089a2bd9f1d0400dde8615f8f4435773146d00,12834,1
C:\SRS(ISIC_2019)\Dataset\NV\ISIC_0013121_downsampled.jpg,isic_0013121_downsampled,5,124955584c6ed42483282c37a0554d9e8750fdf67c53e98c5c0f5af3b4799a1a,12835,1
C:\SRS(ISIC_2019)\Dataset\NV\ISIC_0013136_downsampled.jpg,isic_0013136_downsampled,5,305e570a815f75ea836e62df68906accf06dcaa0e85618026671ca233d4e9363,12840,1
C:\SRS(ISIC_2019)\Dataset\NV\ISIC_0013140_downsampled.jpg,isic_0013140_downsampled,5,44f6d93a88a2a933b90e79e8fe17fbc71ee051ae41c6f37a1635342940fb5bc4,12841,1
C:\SRS(ISIC_2019)\Dataset\NV\ISIC_0013172_downsampled.jpg,isic_0013172_downsampled,5,45f9c363c88531f1bc83b24e700f5be270bbd9bcf7d6d541899cd4c40f6f87c8,12847,1
C:\SRS(ISIC_2019)\Dataset\NV\ISIC_0013188_downsampled.jpg,isic_0013188_downsampled,5,e1688c235601df903603291a46118b08c4d5290ec6e621eebec9d33d565d051f,12852,1
C:\SRS(ISIC_2019)\Dataset\NV\ISIC_0013192_downsampled.jpg,isic_0013192_downsampled,5,79e6826150de4a47b2a6f9519d8a454377d938b50e1f3b4e0402434c28e3223e,12855,1
C:\SRS(ISIC_2019)\Dataset\NV\ISIC_0013207_downsampled.jpg,isic_0013207_downsampled,5,b0b3ef5a1a287a5df6d3f0050270fdec09f57880074959de59fa73a0f19e240f,12862,1
C:\SRS(ISIC_2019)\Dataset\NV\ISIC_0013224_downsampled.jpg,isic_0013224_downsampled,5,ec22b82117877a83f80b2abff436f5d35077d46c703d18701a8276674b34e5e3,12871,1
C:\SRS(ISIC_2019)\Dataset\NV\ISIC_0013248_downsampled.jpg,isic_0013248_downsampled,5,c011d4b6dbacdde36b2dc808132786b691feec63bf7a32ab70cb2c38c8ce101e,12881,1
C:\SRS(ISIC_2019)\Dataset\NV\ISIC_0013287_downsampled.jpg,isic_0013287_downsampled,5,636af63e6930c3abec2b89103bcb73b913546c30f8e14191374a3d220fba47c7,12887,1
C:\SRS(ISIC_2019)\Dataset\NV\ISIC_0013385_downsampled.jpg,isic_0013385_downsampled,5,e09317ef628941628f868a1e3bad470e2d0ad9882fac162d4e1d167faffdaa77,12911,1
C:\SRS(ISIC_2019)\Dataset\NV\ISIC_0013394_downsampled.jpg,isic_0013394_downsampled,5,3e809aaeed862dc3f52df79da8eafcf3bad2fa426efc6e6f38af9414d7e592bd,12913,1
C:\SRS(ISIC_2019)\Dataset\NV\ISIC_0013398_downsampled.jpg,isic_0013398_downsampled,5,fa98e0cbc84126f7cb3f0a420befa22748a87d81e01fa27df817066d09e8f49d,12915,1
C:\SRS(ISIC_2019)\Dataset\NV\ISIC_0013410_downsampled.jpg,isic_0013410_downsampled,5,30dcd645b907bd4f333174c4cef7e6cfde994e6d61cc5db1509f175104585418,12919,1
C:\SRS(ISIC_2019)\Dataset\NV\ISIC_0013494_downsampled.jpg,isic_0013494_downsampled,5,a484be96e5fafb6dad4f19e39f583bd838452c613584783dc6564fa711358e01,12940,1
C:\SRS(ISIC_2019)\Dataset\NV\ISIC_0013495_downsampled.jpg,isic_0013495_downsampled,5,0fa767fb022dd2ced68911b3d45aa783b836e7b314322b7e38de992c546218bc,12941,1
C:\SRS(ISIC_2019)\Dataset\NV\ISIC_0013558_downsampled.jpg,isic_0013558_downsampled,5,37606190f5cb8035c439f051ffbfed6b641283c81075ddc8bca631bf0b04effd,12954,1
C:\SRS(ISIC_2019)\Dataset\NV\ISIC_0013597_downsampled.jpg,isic_0013597_downsampled,5,f173d28ec5c920536fa8f0b3641d860167580c28f8c409784922dd233eb3a97a,12962,1
C:\SRS(ISIC_2019)\Dataset\NV\ISIC_0013601_downsampled.jpg,isic_0013601_downsampled,5,1b6857f1d817265d37b9a319461ac5675e612fad3f0531e26001e79334d8d680,12965,1
C:\SRS(ISIC_2019)\Dataset\NV\ISIC_0013643_downsampled.jpg,isic_0013643_downsampled,5,b150d32dabb38ed1b40a9b1ac4227a7c29e3ebb7897db940387c550f54a44ba7,12968,1
C:\SRS(ISIC_2019)\Dataset\NV\ISIC_0013656_downsampled.jpg,isic_0013656_downsampled,5,3066f33d14eb07e78f45b0c5ece4281f0c97d0996f5a254309cb68803666328e,12969,1
C:\SRS(ISIC_2019)\Dataset\NV\ISIC_0013676_downsampled.jpg,isic_0013676_downsampled,5,1c2d9583db628573aa58637a9414913bb974e2081b8d4f8b5a864f9904db236e,12973,1
C:\SRS(ISIC_2019)\Dataset\NV\ISIC_0013688_downsampled.jpg,isic_0013688_downsampled,5,cd04a15abb8200a707e43e5c053f54b5d133f51b292a79413a952e6832548bd2,12974,1
C:\SRS(ISIC_2019)\Dataset\NV\ISIC_0013713_downsampled.jpg,isic_0013713_downsampled,5,1743935fa2b069a74033467653f41742fe62818b675170a17825811d1d2e4f0b,12979,1
C:\SRS(ISIC_2019)\Dataset\NV\ISIC_0013748_downsampled.jpg,isic_0013748_downsampled,5,b31f4554d0b20ba6970e7da986f6b0d3cd563647be6cf94a1cbf2ec2e8378805,12985,1
C:\SRS(ISIC_2019)\Dataset\NV\ISIC_0013789_downsampled.jpg,isic_0013789_downsampled,5,1048ee61253064e73320f4d50a2518b4917c6f02c2da32d89921afaddf88426b,12990,1
C:\SRS(ISIC_2019)\Dataset\NV\ISIC_0013798_downsampled.jpg,isic_0013798_downsampled,5,ccaea4d55d199bc21d6a6500305eb8423edb134bffffe30f16685ed5a25fa051,12997,1
C:\SRS(ISIC_2019)\Dataset\NV\ISIC_0013801_downsampled.jpg,isic_0013801_downsampled,5,a11bf713dab3a7b670c0e1c60aee0ee39415f3e9b9e09bd2a9b2a6675c77904e,13000,1
C:\SRS(ISIC_2019)\Dataset\NV\ISIC_0013802_downsampled.jpg,isic_0013802_downsampled,5,e29cef8a34ea189c45c2a9f76ce6907a89234341bcc59ccd598dafd079224a54,13001,1
C:\SRS(ISIC_2019)\Dataset\NV\ISIC_0013805_downsampled.jpg,isic_0013805_downsampled,5,632b4bb8a9cc75988a073d4cb028461454d179433453c2f91e0d5c22042fe8ec,13004,1
C:\SRS(ISIC_2019)\Dataset\NV\ISIC_0013806_downsampled.jpg,isic_0013806_downsampled,5,7ad41206dea59216518c55d2612386f9ceca2be0d3864b386624ccf96141c61a,13005,1
C:\SRS(ISIC_2019)\Dataset\NV\ISIC_0013836_downsampled.jpg,isic_0013836_downsampled,5,2743f6e71804bf7f5ea8133f1d94dacaeb9eb535fdf92c92e7865f51cf68ae60,13013,1
C:\SRS(ISIC_2019)\Dataset\NV\ISIC_0013862_downsampled.jpg,isic_0013862_downsampled,5,96205ff702ebd18da88a5efe00e8f91d7e5ae1fe30fde028df7b067abe8015b3,13016,1
C:\SRS(ISIC_2019)\Dataset\NV\ISIC_0013922_downsampled.jpg,isic_0013922_downsampled,5,fc554ea45a182adad55c905c9f1f3956844f46b5ec3408b9ee41734f54d5ff02,13026,1
C:\SRS(ISIC_2019)\Dataset\NV\ISIC_0013967_downsampled.jpg,isic_0013967_downsampled,5,ffe9a0cb886d439a9a5065b2aec590ebc06f6173f2b90d14b72df2e21210234a,13034,1
C:\SRS(ISIC_2019)\Dataset\NV\ISIC_0013982_downsampled.jpg,isic_0013982_downsampled,5,40b549a00018db0dc8217f154bf9ed2888a1964184250b06d778bbde9e26d6d5,13037,1
C:\SRS(ISIC_2019)\Dataset\NV\ISIC_0014001_downsampled.jpg,isic_0014001_downsampled,5,ee14e0c80f22bdfd49b6177d9f5351e47a761181fd55a3470a50751cc8a3d3a1,13041,1
C:\SRS(ISIC_2019)\Dataset\NV\ISIC_0014004_downsampled.jpg,isic_0014004_downsampled,5,c7819423f8826a01bb7448da4053fb799e2b8abebdb3100a404699d6ce68d6e8,13042,1
C:\SRS(ISIC_2019)\Dataset\NV\ISIC_0014045_downsampled.jpg,isic_0014045_downsampled,5,3bbb243e274d6bde13e4a160af823f459d7955a420be47fd60d69c3d5c9e07ee,13044,1
C:\SRS(ISIC_2019)\Dataset\NV\ISIC_0014080_downsampled.jpg,isic_0014080_downsampled,5,547dd524a64baa3b3b279eec115796e32f581fc577fe7d6a89525d9169d5bb5c,13049,1
C:\SRS(ISIC_2019)\Dataset\NV\ISIC_0014081_downsampled.jpg,isic_0014081_downsampled,5,0429b679c16e5b934da7dc15486d53216808c6070ea1b129d583469c35a00acd,13050,1
C:\SRS(ISIC_2019)\Dataset\NV\ISIC_0014089_downsampled.jpg,isic_0014089_downsampled,5,e6b8dee7da2fde9c38bfc9d1441dd6d637dbc03d7b3259513404e5b3ea69eded,13051,1
C:\SRS(ISIC_2019)\Dataset\NV\ISIC_0014094_downsampled.jpg,isic_0014094_downsampled,5,d7da46f01e82141fca9bfaae0f8a6733836bf786c55b313e3691897d40432a44,13054,1
C:\SRS(ISIC_2019)\Dataset\NV\ISIC_0014149_downsampled.jpg,isic_0014149_downsampled,5,8c22ffe387caf7a4a016d04ac4fb7fc018c3689a81b715dfe00ccde732f26fd8,13058,1
C:\SRS(ISIC_2019)\Dataset\NV\ISIC_0014150_downsampled.jpg,isic_0014150_downsampled,5,939bbd77131f2df3f563acba5248a04a37a7d48bf0fc7c6fa900fd1e6840f808,13059,1
C:\SRS(ISIC_2019)\Dataset\NV\ISIC_0014162_downsampled.jpg,isic_0014162_downsampled,5,c2959cd018835c1004eef5824f2f7ef58d2983d58fdcc90680b578395273e4a0,13061,1
C:\SRS(ISIC_2019)\Dataset\NV\ISIC_0014178_downsampled.jpg,isic_0014178_downsampled,5,d078019a9b8403b21ec65783d7e55cfb5d5ef66cdc81d23d2a1aa319cf8398a0,13065,1
C:\SRS(ISIC_2019)\Dataset\NV\ISIC_0014353_downsampled.jpg,isic_0014353_downsampled,5,edcb97b899e87fcf638813c8c6cd0e9ab5716ebc53096e370c6623c95ee9610f,13080,1
C:\SRS(ISIC_2019)\Dataset\NV\ISIC_0014394_downsampled.jpg,isic_0014394_downsampled,5,0a6c58b91882a9e64a0451b4f7980dbb9a79cbd44c6ac5680e3f0588d8324430,13082,1
C:\SRS(ISIC_2019)\Dataset\NV\ISIC_0014469_downsampled.jpg,isic_0014469_downsampled,5,85f0cdc655d4ea2d72551cd76b7996b2019831bf68e6f01e5417163667660df1,13091,1
C:\SRS(ISIC_2019)\Dataset\NV\ISIC_0014511_downsampled.jpg,isic_0014511_downsampled,5,8903dec15985c1acb4f286fd9d2f325ce1433047226989c09e710f24029045bd,13098,1
C:\SRS(ISIC_2019)\Dataset\NV\ISIC_0014516_downsampled.jpg,isic_0014516_downsampled,5,00f2b61748766d22555fa25df5ec344a10c325ea366b0f8568fcb05b11ec7f11,13099,1
C:\SRS(ISIC_2019)\Dataset\NV\ISIC_0014658_downsampled.jpg,isic_0014658_downsampled,5,fd488addeb64190e12a69d7fc26f2ff6d1572ba4a70062befab6ab99da295b17,13104,1
C:\SRS(ISIC_2019)\Dataset\NV\ISIC_0014693_downsampled.jpg,isic_0014693_downsampled,5,462ca04a742a5aaae2a4aac5699f6ca803363c343ba91c8ae7666e6690ab0b70,13118,1
C:\SRS(ISIC_2019)\Dataset\NV\ISIC_0014708_downsampled.jpg,isic_0014708_downsampled,5,d4cb1fbf8e1bf10447580d63b49c75658f0feb6ff812c7af4c9482eb18b45bca,13126,1
C:\SRS(ISIC_2019)\Dataset\NV\ISIC_0014713_downsampled.jpg,isic_0014713_downsampled,5,9c97b57e2c9db2969f2514635f91316c3c8ef35255419335d6d3b699afa3e317,13127,1
C:\SRS(ISIC_2019)\Dataset\NV\ISIC_0014739_downsampled.jpg,isic_0014739_downsampled,5,7bc0d135b0625caa16b16dc9c7b708e91e8f3a2d7cfc7dce2ec83b7722180772,13139,1
C:\SRS(ISIC_2019)\Dataset\NV\ISIC_0014762_downsampled.jpg,isic_0014762_downsampled,5,16401eb5d713484fc2f348224d6402944226f15e68409ab6e572681d854f8161,13151,1
C:\SRS(ISIC_2019)\Dataset\NV\ISIC_0014779_downsampled.jpg,isic_0014779_downsampled,5,e00301450e79dcb96bab6de943dadf0feafc730f50333ace960faea560c20eb8,13160,1
C:\SRS(ISIC_2019)\Dataset\NV\ISIC_0014791_downsampled.jpg,isic_0014791_downsampled,5,1b9117b24f4aa3efdd2c8041a5935394d381b81fe29c6e33640175b72dcef30b,13167,1
C:\SRS(ISIC_2019)\Dataset\NV\ISIC_0014803_downsampled.jpg,isic_0014803_downsampled,5,8a08f47bbaf956e1b64547ccb0f4e1b6a7b1c5f51864661891b25a07bf3e9c3a,13174,1
C:\SRS(ISIC_2019)\Dataset\NV\ISIC_0014814_downsampled.jpg,isic_0014814_downsampled,5,326ac29e0f10c992c57daa2da34767f2ee8a2e057f3663c2038d3ebc6d33b338,13179,1
C:\SRS(ISIC_2019)\Dataset\NV\ISIC_0014818_downsampled.jpg,isic_0014818_downsampled,5,e0d0f411d097819c18845e9ba3c7c6ca76a211aa2e7391dc863290042c8fbddd,13181,1
C:\SRS(ISIC_2019)\Dataset\NV\ISIC_0014829_downsampled.jpg,isic_0014829_downsampled,5,46f47556a4fe3876dd342b4df860c55249e222f5249b6cad190c2e2b2a1a3341,13186,1
C:\SRS(ISIC_2019)\Dataset\NV\ISIC_0014836_downsampled.jpg,isic_0014836_downsampled,5,074ecf337e7d943863cd9196a3622d80bada2af9dd557253a0cdfaae12bd2257,13191,1
C:\SRS(ISIC_2019)\Dataset\NV\ISIC_0014845_downsampled.jpg,isic_0014845_downsampled,5,b1768ddd365e032fb5ace94d9ab782b93ab17c2dc533c4f78a165df36f9f1645,13196,1
C:\SRS(ISIC_2019)\Dataset\NV\ISIC_0014854_downsampled.jpg,isic_0014854_downsampled,5,c2ccd7fed2441804f68fbf6e6ab939c0f3c2c8471d6b7ca1f1ec70b768d3d4d7,13203,1
C:\SRS(ISIC_2019)\Dataset\NV\ISIC_0014925_downsampled.jpg,isic_0014925_downsampled,5,d9a8e321846145545aa1c54d7dd15a1289a1cea9f0098c2c1c0065e2bd7509de,13226,1
C:\SRS(ISIC_2019)\Dataset\NV\ISIC_0014944_downsampled.jpg,isic_0014944_downsampled,5,0cbdfab24602ba337813e1670e1bba4de37629d762fcbca2261621c06a87889a,13239,1
C:\SRS(ISIC_2019)\Dataset\NV\ISIC_0014998_downsampled.jpg,isic_0014998_downsampled,5,c6d57272637e6411f82759f06208e7e7f1f2198191b9ec3a98e25a9aa3323254,13262,1
C:\SRS(ISIC_2019)\Dataset\NV\ISIC_0015008_downsampled.jpg,isic_0015008_downsampled,5,f0a664a3e29d1e1113776be1587c853a30ddfdd31e8318459045e0f6473f24c2,13266,1
C:\SRS(ISIC_2019)\Dataset\NV\ISIC_0015019_downsampled.jpg,isic_0015019_downsampled,5,216bc9c220d507119488f18b86ac3cbffd18f9c8f69599a7f64fa9e274ba432e,13273,1
C:\SRS(ISIC_2019)\Dataset\NV\ISIC_0015026_downsampled.jpg,isic_0015026_downsampled,5,d71272d3b83194304d570da52b73772be7268c159c069800b3c27020ee363db1,13277,1
C:\SRS(ISIC_2019)\Dataset\NV\ISIC_0015030_downsampled.jpg,isic_0015030_downsampled,5,37d47f78e69c8a99860ad1eb79c97578f832fff788db1fc0c99ff2a9d042fca6,13278,1
C:\SRS(ISIC_2019)\Dataset\NV\ISIC_0015040_downsampled.jpg,isic_0015040_downsampled,5,d58d06acb32c56fc25354b896732980c9c0e65645b68c57e0b7ab3545b239d60,13283,1
C:\SRS(ISIC_2019)\Dataset\NV\ISIC_0015056_downsampled.jpg,isic_0015056_downsampled,5,79f5e6173d1b7b3e872bc83ed307bca074f2aba204410678eeaf40932bed7d0a,13286,1
C:\SRS(ISIC_2019)\Dataset\NV\ISIC_0015064_downsampled.jpg,isic_0015064_downsampled,5,37c33e1ccfaa926f0270894aa688dbfefda9f07ab02cbc5627a08a048982e86f,13289,1
C:\SRS(ISIC_2019)\Dataset\NV\ISIC_0015149_downsampled.jpg,isic_0015149_downsampled,5,f271d5503cf066dcc9f31083948bf880119d9dbee0e83e48f049785c516db207,13301,1
C:\SRS(ISIC_2019)\Dataset\NV\ISIC_0015152_downsampled.jpg,isic_0015152_downsampled,5,0225aae5dbcf96e875e99eca263e7334c1379df78d8c67b1d3380137309db602,13303,1
C:\SRS(ISIC_2019)\Dataset\NV\ISIC_0015157_downsampled.jpg,isic_0015157_downsampled,5,8442ed2ce0b96735230b2bf5b253888408c460aaa61de5a717c1e5c29065f6f1,13305,1
C:\SRS(ISIC_2019)\Dataset\NV\ISIC_0015174_downsampled.jpg,isic_0015174_downsampled,5,abf5bb7204efa4a40f5c9a7ea1f742bea8780fa403a8886e2ae0ff8748ea0af7,13310,1
C:\SRS(ISIC_2019)\Dataset\NV\ISIC_0015184_downsampled.jpg,isic_0015184_downsampled,5,5e3ab5c688cf7ce3d716847401c412a0f7acf4b347802d96e42771982240ebc2,13314,1
C:\SRS(ISIC_2019)\Dataset\NV\ISIC_0015224_downsampled.jpg,isic_0015224_downsampled,5,f7eec3aaa2b720030ebdd16725a173ef3561010258ddc0dccc039daa1abfb707,13327,1
C:\SRS(ISIC_2019)\Dataset\NV\ISIC_0015245_downsampled.jpg,isic_0015245_downsampled,5,3b2e3ade616d338e1aef1defb06f53fcbe818cd2c1eff34db421782c29fddd1c,13333,1
C:\SRS(ISIC_2019)\Dataset\NV\ISIC_0015250_downsampled.jpg,isic_0015250_downsampled,5,4ee291bad2e55aa74715304f23ac9a94421c9d2d46bd7f83ae64ed7ef75f9d51,13334,1
C:\SRS(ISIC_2019)\Dataset\NV\ISIC_0015293_downsampled.jpg,isic_0015293_downsampled,5,f0420a55deb92b8427f837bce327cc56bdb038f683e1d6924593bdd4b0dc0c63,13346,1
C:\SRS(ISIC_2019)\Dataset\NV\ISIC_0015311_downsampled.jpg,isic_0015311_downsampled,5,3493e1a03a8a4081d89fda806ed7f0307266b19f4ae35d91d7d02f76d57d85d2,13350,1
C:\SRS(ISIC_2019)\Dataset\NV\ISIC_0015330_downsampled.jpg,isic_0015330_downsampled,5,05428266fd95fa0dc9e09362a97b45763f78b3f90fc420053992b2d4e88e14cf,13353,1
C:\SRS(ISIC_2019)\Dataset\NV\ISIC_0015331_downsampled.jpg,isic_0015331_downsampled,5,0394c7ac87032f4e744e737099b0bb7b0b0b8e65793444782c9872558f25d37d,13354,1
C:\SRS(ISIC_2019)\Dataset\NV\ISIC_0015353_downsampled.jpg,isic_0015353_downsampled,5,484294bec650803202f17116dd900ebfff248516c07ed96689f4e91860e66432,13356,1
C:\SRS(ISIC_2019)\Dataset\NV\ISIC_0015357_downsampled.jpg,isic_0015357_downsampled,5,0583ea38215fd85d003a289eda65c5f8d22320c4cf162886daefe8be02cb2784,13358,1
C:\SRS(ISIC_2019)\Dataset\NV\ISIC_0015369_downsampled.jpg,isic_0015369_downsampled,5,4d8b1a9f3c4d8b33280527433d080ad1ee61dabd3cf6f5744ac94f3fde6a60b1,13363,1
C:\SRS(ISIC_2019)\Dataset\NV\ISIC_0015372_downsampled.jpg,isic_0015372_downsampled,5,8879079f5d1e44ac0e32a0f92a8bc0c108902ab38f5467be83b685d244878ecf,13364,1
C:\SRS(ISIC_2019)\Dataset\NV\ISIC_0015401_downsampled.jpg,isic_0015401_downsampled,5,548c78db9d7b3fe0c1d6850a282a3c53e5a5dda577dff4ce09e69d678f899be4,13369,1
C:\SRS(ISIC_2019)\Dataset\NV\ISIC_0015411_downsampled.jpg,isic_0015411_downsampled,5,e0430ddfcad36086821d904a4dc924faa0ee9450b517edd78f4d5b16d13cac6c,13372,1
C:\SRS(ISIC_2019)\Dataset\NV\ISIC_0015412_downsampled.jpg,isic_0015412_downsampled,5,6db9ae41af5689497f19d5fd180900ee5f4e89c464d6ab60f612a8867e021041,13373,1
C:\SRS(ISIC_2019)\Dataset\NV\ISIC_0015482_downsampled.jpg,isic_0015482_downsampled,5,2a4d776e07919e68282d5496598e6de2535fc373eb1e6aab3c44538c62d72c05,13389,1
C:\SRS(ISIC_2019)\Dataset\NV\ISIC_0015496_downsampled.jpg,isic_0015496_downsampled,5,cb44821f986d465e5851309cad197dadb5ef6b7dd6deb482927a040fa48f2175,13392,1
C:\SRS(ISIC_2019)\Dataset\NV\ISIC_0015537_downsampled.jpg,isic_0015537_downsampled,5,97210066a4adf45a120fbcc707864527c9cc348b2635fb4cab7614c8c12c67d0,13395,1
C:\SRS(ISIC_2019)\Dataset\NV\ISIC_0015544_downsampled.jpg,isic_0015544_downsampled,5,bbde5287662f686c57f3abc79903601fb09eb40ed9b0c5f8c71f7f1949bf657b,13396,1
C:\SRS(ISIC_2019)\Dataset\NV\ISIC_0015559_downsampled.jpg,isic_0015559_downsampled,5,7179626da979a82efddbd40e659cfc8626e1d4ce9db2fc5f29338066b96713b9,13397,1
C:\SRS(ISIC_2019)\Dataset\NV\ISIC_0015563_downsampled.jpg,isic_0015563_downsampled,5,6ae2c92316e51a91e4e3753cb3c1b6657af7f5c9e6ec1b85eac62a9add4e23c8,13398,1
C:\SRS(ISIC_2019)\Dataset\NV\ISIC_0015638_downsampled.jpg,isic_0015638_downsampled,5,83519ba13b741528f48dc4a58f74881f50ab1fb61fd6023d98d9ab97202a6d3d,13411,1
C:\SRS(ISIC_2019)\Dataset\NV\ISIC_0015942_downsampled.jpg,isic_0015942_downsampled,5,cc79fd44536fa23c36d99d70ab8d859c6e36c862d83ade87367028840cf14525,13420,1
C:\SRS(ISIC_2019)\Dataset\NV\ISIC_0015945_downsampled.jpg,isic_0015945_downsampled,5,3ad0618ee390d0b49b8a38792595add337e8820156daa39e2542ecdca8493bf4,13423,1
C:\SRS(ISIC_2019)\Dataset\NV\ISIC_0015964_downsampled.jpg,isic_0015964_downsampled,5,59de8c651baf30bcc6f874e38bfa83d86fea7c22d3e82cbc3279a482f6d34e1f,13442,1
C:\SRS(ISIC_2019)\Dataset\NV\ISIC_0015973_downsampled.jpg,isic_0015973_downsampled,5,b06b35f0d3317d72256ba807a9a3c1a3f8756029d3d1a555a9ec5ec41f27fa69,13450,1
C:\SRS(ISIC_2019)\Dataset\NV\ISIC_0015990_downsampled.jpg,isic_0015990_downsampled,5,39a8d1c5481b73de678ad6c937c4ba77fb295856326c94c2c836464a5058e281,13464,1
C:\SRS(ISIC_2019)\Dataset\NV\ISIC_0015996_downsampled.jpg,isic_0015996_downsampled,5,457aff37051e85e480a1ce52c443f47f0b509c13866a7c6036e43923d648f7d9,13470,1
C:\SRS(ISIC_2019)\Dataset\NV\ISIC_0015997_downsampled.jpg,isic_0015997_downsampled,5,f58b6cb397a2fa32455630940151815b56611eb1ada38459e3cce4658e7a0e6d,13471,1
C:\SRS(ISIC_2019)\Dataset\NV\ISIC_0016005_downsampled.jpg,isic_0016005_downsampled,5,8863f63003c0302c1f96491325ae018afe350828ae27a40a194d2cb2278783c4,13477,1
C:\SRS(ISIC_2019)\Dataset\NV\ISIC_0016015_downsampled.jpg,isic_0016015_downsampled,5,f7e5f0656b1cca92f50bf19b634edbb951e99b19e9f1154f4daa93b13390b896,13486,1
C:\SRS(ISIC_2019)\Dataset\NV\ISIC_0016016_downsampled.jpg,isic_0016016_downsampled,5,df3d859ca9b83c65d309380ddf03955e68d408c87d2ace42b59a3c1486c6cb84,13487,1
C:\SRS(ISIC_2019)\Dataset\NV\ISIC_0016019_downsampled.jpg,isic_0016019_downsampled,5,db488a5ce0516b195837223ea9e2bb5787940c728aea13144528000dd10079c9,13489,1
C:\SRS(ISIC_2019)\Dataset\NV\ISIC_0016025_downsampled.jpg,isic_0016025_downsampled,5,3b7fef19dd1ef3bec039bfbcee76186e0cb42d6d6c78c507bf953c75d0f190af,13493,1
C:\SRS(ISIC_2019)\Dataset\NV\ISIC_0016027_downsampled.jpg,isic_0016027_downsampled,5,4dff50217f57c7ca22067163c80a59a3fda1606b03773db67504f8e489853e84,13495,1
C:\SRS(ISIC_2019)\Dataset\NV\ISIC_0016037_downsampled.jpg,isic_0016037_downsampled,5,1dcb623b2321048fc2d518a21e3bcd4655b51f46ca158a89917411d677f6a449,13504,1
C:\SRS(ISIC_2019)\Dataset\NV\ISIC_0016041_downsampled.jpg,isic_0016041_downsampled,5,c1cea2b02f23c8a0b1f826d72bca06be3752b52b74a56aa166601c3e1fa353cd,13507,1
C:\SRS(ISIC_2019)\Dataset\NV\ISIC_0016043_downsampled.jpg,isic_0016043_downsampled,5,bf42b7273e5097983870070478380ba43d4db1537a6add5ab43d80e8e76533c9,13509,1
C:\SRS(ISIC_2019)\Dataset\NV\ISIC_0016044_downsampled.jpg,isic_0016044_downsampled,5,e33f4f274d1ee3799fa8e30b0ace9db6785684f5c197e63d24f2c2c01c371560,13510,1
C:\SRS(ISIC_2019)\Dataset\NV\ISIC_0016046_downsampled.jpg,isic_0016046_downsampled,5,b0a8cdc537ef97c81abc7d684c55679329d59d37edf121ee50b215ec42b9fd14,13512,1
C:\SRS(ISIC_2019)\Dataset\NV\ISIC_0016062_downsampled.jpg,isic_0016062_downsampled,5,20320b0fbf320cdb480c9231d905de3be37e45f5178171539e3e3853cff22f06,13527,1
C:\SRS(ISIC_2019)\Dataset\NV\ISIC_0024311.jpg,isic_0024311,5,aacdd1ed8f86b630bfdf85b4ac31d224c567dcc0ac29a026ace22becc1264086,13541,1
C:\SRS(ISIC_2019)\Dataset\NV\ISIC_0024316.jpg,isic_0024316,5,9a72c6ca0c849a284d829fc58524f87e3c1a2a9f9cdce14d895c14f5c59a545e,13543,1
C:\SRS(ISIC_2019)\Dataset\NV\ISIC_0024326.jpg,isic_0024326,5,6e0712c88b057b0cd2469153bdbebc587116189f8c1de60401d8b1a5ad4f0de7,13550,1
C:\SRS(ISIC_2019)\Dataset\NV\ISIC_0024335.jpg,isic_0024335,5,f9b59de9f4b4ab7bfa2492dc199a3383fae706dea4b85b517a0369fe04410f90,13554,1
C:\SRS(ISIC_2019)\Dataset\NV\ISIC_0024347.jpg,isic_0024347,5,5f7c5d2dab0d3a503c047654106ab4dd465577169cbb2c9d59f4097f65687d4d,13562,1
C:\SRS(ISIC_2019)\Dataset\NV\ISIC_0024353.jpg,isic_0024353,5,5c046ed2dee0c0199776f957794dc6dd0bbc478268baef770466652e1fddfcca,13567,1
C:\SRS(ISIC_2019)\Dataset\NV\ISIC_0024355.jpg,isic_0024355,5,604b97034d130026e96aa7fd96fb93c541e632e334b244a226fd71c72c9d2b05,13569,1
C:\SRS(ISIC_2019)\Dataset\NV\ISIC_0024356.jpg,isic_0024356,5,b701e835fd644568c866af76bbec3859cb4a1b10457522e3533de3e664751aa7,13570,1
C:\SRS(ISIC_2019)\Dataset\NV\ISIC_0024363.jpg,isic_0024363,5,f87c71abb57c5b4e0ffec89d75101c60fbd244500c591f757bf399d880b08868,13575,1
C:\SRS(ISIC_2019)\Dataset\NV\ISIC_0024369.jpg,isic_0024369,5,bb96f57049ede349c015800d6394d2d96c5a0fdf7c76e237d04fe08c1619ff7a,13580,1
C:\SRS(ISIC_2019)\Dataset\NV\ISIC_0024380.jpg,isic_0024380,5,21bbd0a248676cf815904d2585e05aa1c40a1182b3053799453159405ef8ba95,13587,1
C:\SRS(ISIC_2019)\Dataset\NV\ISIC_0024389.jpg,isic_0024389,5,0a4885161a64bf65c8b65799692e3892903dbffbbfe880478389dd4311a6062f,13592,1
C:\SRS(ISIC_2019)\Dataset\NV\ISIC_0024399.jpg,isic_0024399,5,c5ff36ab684fe0c598cefa6952a138a36db75e0cb6f03451bcf584838a46c685,13601,1
C:\SRS(ISIC_2019)\Dataset\NV\ISIC_0024421.jpg,isic_0024421,5,bad4e0adb9e7944e3a96a2aa11df5bdcac56fd844222b802f8a9c2a9f707aa6d,13613,1
C:\SRS(ISIC_2019)\Dataset\NV\ISIC_0024429.jpg,isic_0024429,5,374aa7917fd3eef0e0af511dd7f5108c2c58243216db3fc69b1d14aae5a6540d,13619,1
C:\SRS(ISIC_2019)\Dataset\NV\ISIC_0024440.jpg,isic_0024440,5,3ab1fdb634cac09aa25c747207d223796ec96790d37df669d629df60f316a27f,13626,1
C:\SRS(ISIC_2019)\Dataset\NV\ISIC_0024442.jpg,isic_0024442,5,deff302fbc24dc2171e87b9de42e9bd07194f8de5a4e1189cef10b2e23284f43,13628,1
C:\SRS(ISIC_2019)\Dataset\NV\ISIC_0024462.jpg,isic_0024462,5,0bf7e7dd2d9c7065df556c2e89fb51e4d4b0b1632888b042d403c5383a0494f5,13636,1
C:\SRS(ISIC_2019)\Dataset\NV\ISIC_0024467.jpg,isic_0024467,5,2d25072f48cafa32420f4735e34f5c52f6586448e3dc2a7a3e922c3f55f4eeb5,13640,1
C:\SRS(ISIC_2019)\Dataset\NV\ISIC_0024473.jpg,isic_0024473,5,017968a32a495c3b3cea45237b3f74d824fb94fe9c2843f15b8eeda53c8e159c,13642,1
C:\SRS(ISIC_2019)\Dataset\NV\ISIC_0024474.jpg,isic_0024474,5,09a36149532209fcc0ada28310f5f94b26212a55f739a6686ecfa71641a60453,13643,1
C:\SRS(ISIC_2019)\Dataset\NV\ISIC_0024480.jpg,isic_0024480,5,4459e2501ad1d77c2bd88c40029f665b6151277176ab4916bd979a731e1e9416,13647,1
C:\SRS(ISIC_2019)\Dataset\NV\ISIC_0024486.jpg,isic_0024486,5,3b6c8966cee260b600480df35abc65e2e5fc0b38aa9eedcf8a92faced04d38c7,13651,1
C:\SRS(ISIC_2019)\Dataset\NV\ISIC_0024518.jpg,isic_0024518,5,239b7e084b319e5d13e7d6e790e5c4de81c06b444cc5bba6b3f69ba4dd9d0eb3,13671,1
C:\SRS(ISIC_2019)\Dataset\NV\ISIC_0024519.jpg,isic_0024519,5,63ded171f6a6c89b931835ed3b95feaf65f41b7056afd27e81e847e64cd93665,13672,1
C:\SRS(ISIC_2019)\Dataset\NV\ISIC_0024541.jpg,isic_0024541,5,57e9ee2dd650c26cc028dd70357636b0086bac8e968280336e0ec30194974b5b,13690,1
C:\SRS(ISIC_2019)\Dataset\NV\ISIC_0024543.jpg,isic_0024543,5,ad0012fd2131073c134bc93ec2eec0cf6fc8613d5f56679c7ca68cb83c058d74,13692,1
C:\SRS(ISIC_2019)\Dataset\NV\ISIC_0024551.jpg,isic_0024551,5,319956dd485927b1f3f2a4f9c17c85a282fa5fc30fb23a52de111286416dcf7d,13696,1
C:\SRS(ISIC_2019)\Dataset\NV\ISIC_0024555.jpg,isic_0024555,5,0ad0f714a0b5934d6e765c0fec792d2b8f27e223ab8faaebb85f496e2623479a,13697,1
C:\SRS(ISIC_2019)\Dataset\NV\ISIC_0024588.jpg,isic_0024588,5,3942fac5d520c769964db82419f2d2d78ef32862dc129cac67df4b7d759262b9,13720,1
C:\SRS(ISIC_2019)\Dataset\NV\ISIC_0024593.jpg,isic_0024593,5,eacf17b6a65b05e5d9e6ac5b8ea2c6deeff43dfddbfed9ccea67b171c9a4c8f8,13723,1
C:\SRS(ISIC_2019)\Dataset\NV\ISIC_0024597.jpg,isic_0024597,5,fda200fa63f5ab01de5231907e6845607e3f04258c40fb6524422b8cdfc50b8b,13726,1
C:\SRS(ISIC_2019)\Dataset\NV\ISIC_0024598.jpg,isic_0024598,5,eb778b39b093a90758e5004516846f03539cad8e509a1788585bb3fcd4278cbd,13727,1
C:\SRS(ISIC_2019)\Dataset\NV\ISIC_0024604.jpg,isic_0024604,5,d8aaa4d29931622b9d3eb0ef42422bbf5aa9a424abe7b9683f12003f6f0637d2,13732,1
C:\SRS(ISIC_2019)\Dataset\NV\ISIC_0024615.jpg,isic_0024615,5,6f89f642d8e67fb9a3b5d947b7a788c956c6e7a4ad35de9f21ea2b96a90b923a,13742,1
C:\SRS(ISIC_2019)\Dataset\NV\ISIC_0024622.jpg,isic_0024622,5,25a2fe6ba5813430dcdfeaac9636ecca3defbf23232d81e184455eae490a3e6d,13749,1
C:\SRS(ISIC_2019)\Dataset\NV\ISIC_0024627.jpg,isic_0024627,5,23d7d37bb8bd8f25e22d27362788c9f442d36bb00c7cbc8b905a5b97860b3aed,13751,1
C:\SRS(ISIC_2019)\Dataset\NV\ISIC_0024636.jpg,isic_0024636,5,398fee340e81dd7d1dbf8dfd0fb7e1abc25d8e6ae8e2238c204032eaa319d8d0,13756,1
C:\SRS(ISIC_2019)\Dataset\NV\ISIC_0024639.jpg,isic_0024639,5,a3aed31bd29ec5a093f87644c8b626dd62a16947f0c3a9dfdf7468799fafde36,13759,1
C:\SRS(ISIC_2019)\Dataset\NV\ISIC_0024645.jpg,isic_0024645,5,6380afdf01991c6c2a5afb868f7f5656e1b6ed99c317fe62ce968207520c8103,13762,1
C:\SRS(ISIC_2019)\Dataset\NV\ISIC_0024667.jpg,isic_0024667,5,06f6284ea059708a0b4b7ea33adf3183d898977ca13462bf36416bbcbe4f07d5,13777,1
C:\SRS(ISIC_2019)\Dataset\NV\ISIC_0024681.jpg,isic_0024681,5,eca632e3e7e781fd8c723849fdadba2c8fe7dfea68506cae88e09d7bd3a9552c,13785,1
C:\SRS(ISIC_2019)\Dataset\NV\ISIC_0024689.jpg,isic_0024689,5,0af8c49e0b49fcdd214c535625b268e1ea67cc7a69b53981adcd8f96fa3c6ed2,13792,1
C:\SRS(ISIC_2019)\Dataset\NV\ISIC_0024692.jpg,isic_0024692,5,920f8179ed417acc9c2c70f4b344b0df571d2cbd37e7bc456f0d4047510adc55,13795,1
C:\SRS(ISIC_2019)\Dataset\NV\ISIC_0024703.jpg,isic_0024703,5,35f374b22ed0d869b29e401226766bc1274ef20352a4af9d506e0d1e22242554,13802,1
C:\SRS(ISIC_2019)\Dataset\NV\ISIC_0024712.jpg,isic_0024712,5,8d1917bcdcb0a6cf6235376c539be4e4ce1d74d2f9c788dac154d0832ccab425,13804,1
C:\SRS(ISIC_2019)\Dataset\NV\ISIC_0024713.jpg,isic_0024713,5,b671da09ca7488109518cd4d934975ac6763a46c2b4637b8d13c5267416a2a6f,13805,1
C:\SRS(ISIC_2019)\Dataset\NV\ISIC_0024717.jpg,isic_0024717,5,2ef7e7a8874870e87c2aa3e31a5b633377c206d000df450a8ebcff39bce3eaa7,13809,1
C:\SRS(ISIC_2019)\Dataset\NV\ISIC_0024719.jpg,isic_0024719,5,8b5f4dc72ac4fac0447240030bcc0e908d95bcf8416fbfc66c0614f5f3505f31,13811,1
C:\SRS(ISIC_2019)\Dataset\NV\ISIC_0024731.jpg,isic_0024731,5,7d650b257359984c80346f90f0f8bc58e2c952727eca25e72cf254c264cdefce,13821,1
C:\SRS(ISIC_2019)\Dataset\NV\ISIC_0024735.jpg,isic_0024735,5,4529f4aa1c437b261e63cf86fa37cc8ce66bee324fb842074c95e4127a0461b1,13823,1
C:\SRS(ISIC_2019)\Dataset\NV\ISIC_0024745.jpg,isic_0024745,5,c8821c8b973cf58026141022e5637e52d5f79203252ce2d1b9a64d84b820f0a8,13829,1
C:\SRS(ISIC_2019)\Dataset\NV\ISIC_0024749.jpg,isic_0024749,5,38e3b8ece0aadd56041e7ed5f2818cf9e55efa144ed38f8a3857c76c00db631f,13831,1
C:\SRS(ISIC_2019)\Dataset\NV\ISIC_0024754.jpg,isic_0024754,5,d8910765f68ff18303ad92e53a76cd66bf5a734b400748347b70593d2f67e453,13836,1
C:\SRS(ISIC_2019)\Dataset\NV\ISIC_0024759.jpg,isic_0024759,5,b7024292ad66e6d0b1706bbfa1005f5517542a52a676fb560133cfb96eb9564a,13839,1
C:\SRS(ISIC_2019)\Dataset\NV\ISIC_0024775.jpg,isic_0024775,5,58a0e5977af0394281a4bbe80c9faa6025277ffe9ea58a1fd4c6ad9e3d187b6e,13846,1
C:\SRS(ISIC_2019)\Dataset\NV\ISIC_0024779.jpg,isic_0024779,5,9015260c47c92d6aba23d73a6fd305958e620e389e39d581139097412d966b55,13850,1
C:\SRS(ISIC_2019)\Dataset\NV\ISIC_0024783.jpg,isic_0024783,5,5b786e999bd26a3a5b800fee864365048106ad28ce64bf7f044e630d303dcc56,13853,1
C:\SRS(ISIC_2019)\Dataset\NV\ISIC_0024784.jpg,isic_0024784,5,3c931c5a7c6cc7a39d09e7559871d03170beb5fa22500be3221b4df5f373ffe9,13854,1
C:\SRS(ISIC_2019)\Dataset\NV\ISIC_0024793.jpg,isic_0024793,5,a277690b4a0a218ec247b493229e0f126d2e474910254f99849200a3f00ab586,13860,1
C:\SRS(ISIC_2019)\Dataset\NV\ISIC_0024794.jpg,isic_0024794,5,d8b0a1199493f30fe61e75b1ed98159aebe083eb7dc111506021671f48cdf8ce,13861,1
C:\SRS(ISIC_2019)\Dataset\NV\ISIC_0024796.jpg,isic_0024796,5,62b243925f8958d3aedbbab9d7a732ec15e299ab3edc5553ddcaaaa90bcbb74a,13862,1
C:\SRS(ISIC_2019)\Dataset\NV\ISIC_0024810.jpg,isic_0024810,5,c1351f8b2282271f077123b3ca9c9acd964dfbe71c7193b7aaae2249237eace3,13872,1
C:\SRS(ISIC_2019)\Dataset\NV\ISIC_0024818.jpg,isic_0024818,5,dfceaf38aacf665d2f063acf772b763761e224491fba57185239f3736c3f07b8,13879,1
C:\SRS(ISIC_2019)\Dataset\NV\ISIC_0024840.jpg,isic_0024840,5,94c17bee68f2b6d756d4129fae3b9f9e46d020b0687ca64a5d5de484c025f166,13895,1
C:\SRS(ISIC_2019)\Dataset\NV\ISIC_0024847.jpg,isic_0024847,5,83fa1e05aadab847e2c26169486a25c11981b1e339209101e9ca4fcbe992d15c,13900,1
C:\SRS(ISIC_2019)\Dataset\NV\ISIC_0024862.jpg,isic_0024862,5,6f3be584c5d30da4306515985a1f5d867c4d235168d8de518a01110034444900,13911,1
C:\SRS(ISIC_2019)\Dataset\NV\ISIC_0024894.jpg,isic_0024894,5,47c8ef52ecbc9f49031707a0d8eb4548742605796dca6ccf49be0acb659239c6,13930,1
C:\SRS(ISIC_2019)\Dataset\NV\ISIC_0024896.jpg,isic_0024896,5,ae730e9db6d4ba2183f77f31f00415b65e4127ed3fdc6b48d83f5a464afe518e,13932,1
C:\SRS(ISIC_2019)\Dataset\NV\ISIC_0024899.jpg,isic_0024899,5,c8b19c62c8cc8e6ac368b9ecdbb8fcc493ab076e04113ea8fe1a71be7d85d1ae,13933,1
C:\SRS(ISIC_2019)\Dataset\NV\ISIC_0024908.jpg,isic_0024908,5,d479961764d1746b5afdabe48ed0c4cde285effd17dd54e3dda5e0f69828fde9,13940,1
C:\SRS(ISIC_2019)\Dataset\NV\ISIC_0024926.jpg,isic_0024926,5,a16c7ef47ea2efa0317bdd7c5053b81f6307cc660420c465b36c7964098f6c14,13950,1
C:\SRS(ISIC_2019)\Dataset\NV\ISIC_0024927.jpg,isic_0024927,5,f22917e03f3a2280327f002991e152aaa52a95781064715649f060722eacfc84,13951,1
C:\SRS(ISIC_2019)\Dataset\NV\ISIC_0024933.jpg,isic_0024933,5,c86587f58359692ebe53fdff440848583ee6e834e1e4b4e58bfd66b65c017de2,13953,1
C:\SRS(ISIC_2019)\Dataset\NV\ISIC_0024956.jpg,isic_0024956,5,d8b416da73c402617ffe460fd7d1414eab77e7790704b760b83ce6625b1d41b9,13968,1
C:\SRS(ISIC_2019)\Dataset\NV\ISIC_0024957.jpg,isic_0024957,5,4e26dbf02ce099505a54ad444cdccb2671d14e7c24f49893bd47fb601e22a88a,13969,1
C:\SRS(ISIC_2019)\Dataset\NV\ISIC_0024959.jpg,isic_0024959,5,e4ce1f3ccd475be5357c075818a59a5f5b805d204ef139c4539f647e7a3cbaf3,13970,1
C:\SRS(ISIC_2019)\Dataset\NV\ISIC_0024968.jpg,isic_0024968,5,d3e3e8d7a5e4e995acc5a459dcba8e2da44c5a0ea2349f6d975b3793383098e7,13976,1
C:\SRS(ISIC_2019)\Dataset\NV\ISIC_0024974.jpg,isic_0024974,5,737450616c5c9e2b7a838a2ebb688d52a58eb6de70f0714e7f3573494a8c7197,13978,1
C:\SRS(ISIC_2019)\Dataset\NV\ISIC_0024975.jpg,isic_0024975,5,ec4e58abb7f55dbd31252f2275383fdc3ea450f7cf370a2a0be70ab87d14b94e,13979,1
C:\SRS(ISIC_2019)\Dataset\NV\ISIC_0024976.jpg,isic_0024976,5,d743dbbb3e26541076230678059bb3388903abd9b7c54b62491bfecb2a7db6fa,13980,1
C:\SRS(ISIC_2019)\Dataset\NV\ISIC_0024983.jpg,isic_0024983,5,b4db884c3735a1b7c4aac1797b1eb4aa394876d88f8f57b62f0d8b1a9955a5d2,13985,1
C:\SRS(ISIC_2019)\Dataset\NV\ISIC_0024995.jpg,isic_0024995,5,8b3e8a9739941f64e4114ff8fa2b06d61934f75719a3114566b78d8be08d7403,13994,1
C:\SRS(ISIC_2019)\Dataset\NV\ISIC_0024998.jpg,isic_0024998,5,52b317f268ca89a1ade39a896f5d63a8c41c77b822e34ffad515062d943f5f77,13996,1
C:\SRS(ISIC_2019)\Dataset\NV\ISIC_0025007.jpg,isic_0025007,5,23d98a7bd5ac80884be37c51a054b9e1fb5247a3c391a9a3f4d7662bd27e8250,14003,1
C:\SRS(ISIC_2019)\Dataset\NV\ISIC_0025009.jpg,isic_0025009,5,64c55baa2f2827429ab1992c0b67b6689b00c82edc8fb62b5086231802fe15ab,14005,1
C:\SRS(ISIC_2019)\Dataset\NV\ISIC_0025023.jpg,isic_0025023,5,7702c0e041a96c47639ea84ed466817dd7dbffc35d2c8b75329a207446d30b0c,14016,1
C:\SRS(ISIC_2019)\Dataset\NV\ISIC_0025024.jpg,isic_0025024,5,e9e6eaf4bee82f391ad0bacc49fec961ae02e3c2ce5bf38be8a30ba48df26026,14017,1
C:\SRS(ISIC_2019)\Dataset\NV\ISIC_0025043.jpg,isic_0025043,5,16ad76a826b4326f04cc7b774c9fd540c607b648fcced19a63bb24215d82da12,14028,1
C:\SRS(ISIC_2019)\Dataset\NV\ISIC_0025074.jpg,isic_0025074,5,e52a2e5bd94c65d1bb113602c03e1812a6fbbfa9b8144863b44f484161ac5968,14053,1
C:\SRS(ISIC_2019)\Dataset\NV\ISIC_0025120.jpg,isic_0025120,5,32bf7169764a3c96feaeb69b637249168b78ac135cb65920c36fe64e23465444,14086,1
C:\SRS(ISIC_2019)\Dataset\NV\ISIC_0025123.jpg,isic_0025123,5,7edc83f98bc6af3baeffc4a607c2e71d943837facdec33fab9be4995fa1d8f5c,14088,1
C:\SRS(ISIC_2019)\Dataset\NV\ISIC_0025129.jpg,isic_0025129,5,ce2a691e5718ed6fb669b7f51ddf8c000a43f8dd1857861071167c7c1e64083c,14092,1
C:\SRS(ISIC_2019)\Dataset\NV\ISIC_0025150.jpg,isic_0025150,5,3a9e82c8ed272adfd6390b319631644dc2d44393c6e15b5e82f868c8d5083d5a,14106,1
C:\SRS(ISIC_2019)\Dataset\NV\ISIC_0025160.jpg,isic_0025160,5,b0565c23dac8415914aa32f1cf1ee28aabfe33d9a977fd941dcd08da66b4a09b,14112,1
C:\SRS(ISIC_2019)\Dataset\NV\ISIC_0025163.jpg,isic_0025163,5,c616dc4114f978303b6769024a6d3b87656d4a522682b62f436634120f59aee7,14115,1
C:\SRS(ISIC_2019)\Dataset\NV\ISIC_0025184.jpg,isic_0025184,5,605f8ee78a793e6acf8d42799129b603fe74c15643e5ba3c86ed4b29bdb74e94,14133,1
C:\SRS(ISIC_2019)\Dataset\NV\ISIC_0025193.jpg,isic_0025193,5,2fcfed6e378c911c3ab6933568ad00f63b27e8d0d4107335186769bb6372fe0e,14141,1
C:\SRS(ISIC_2019)\Dataset\NV\ISIC_0025206.jpg,isic_0025206,5,c7825d6ebda076a5406a69e06f59c2761277eae2248b2463dcddc550cdb1c033,14150,1
C:\SRS(ISIC_2019)\Dataset\NV\ISIC_0025220.jpg,isic_0025220,5,9bd7f5ae553fc0c3d59d741f7710d798f865f4b357020f115988de4db41c50b0,14162,1
C:\SRS(ISIC_2019)\Dataset\NV\ISIC_0025231.jpg,isic_0025231,5,dcc7260ccb364d646739a7d8731ffa232244bbe58080bc0d5ccf8f92d391ce30,14171,1
C:\SRS(ISIC_2019)\Dataset\NV\ISIC_0025233.jpg,isic_0025233,5,85388caf9cad1d7c8b04628def1313708a2baa2f0f9affad54303727d1b60e50,14173,1
C:\SRS(ISIC_2019)\Dataset\NV\ISIC_0025239.jpg,isic_0025239,5,ec54d6ccd02a046117b6d3d4658edc525abc5884f4762f0efd5fe292749190ff,14176,1
C:\SRS(ISIC_2019)\Dataset\NV\ISIC_0025240.jpg,isic_0025240,5,ff2f7c24f21ada028a1e7c93a15d0d86f4a02153232c1b014cd86277b8fe0955,14177,1
C:\SRS(ISIC_2019)\Dataset\NV\ISIC_0025252.jpg,isic_0025252,5,d3348d484569af45e6a313dd5147891ec324eb1e82e27ea163f29da9af477030,14184,1
C:\SRS(ISIC_2019)\Dataset\NV\ISIC_0025254.jpg,isic_0025254,5,5d474185a6010632d285107059eb1627d660e57c9bafb4588faef35ab95b45e4,14186,1
C:\SRS(ISIC_2019)\Dataset\NV\ISIC_0025257.jpg,isic_0025257,5,acbd2f2f48a578330e26bd1d74eeb198bddadce8d24ffdd32914283ed57aac02,14189,1
C:\SRS(ISIC_2019)\Dataset\NV\ISIC_0025262.jpg,isic_0025262,5,693a85e7907a7ece18c62465594b80ef21484b4ce3d66230d601d0f1c3a5d651,14193,1
C:\SRS(ISIC_2019)\Dataset\NV\ISIC_0025281.jpg,isic_0025281,5,6d5252fae004ceafc5f0507083959acc63176b008b3cb00689e5df09fc53dbc0,14205,1
C:\SRS(ISIC_2019)\Dataset\NV\ISIC_0025282.jpg,isic_0025282,5,c123d870f6e207d025f2a54925be0b0a371d57517801d17d3afbfc12caa1fb2d,14206,1
C:\SRS(ISIC_2019)\Dataset\NV\ISIC_0025290.jpg,isic_0025290,5,6b30b4d03217df640a4e602b7a8cdb04fbe220c993048b512f58761db251cbe5,14212,1
C:\SRS(ISIC_2019)\Dataset\NV\ISIC_0025304.jpg,isic_0025304,5,12a0785033eaf3ec5a549a69bee903875a4e23664e7629758710e1660a5c2615,14220,1
C:\SRS(ISIC_2019)\Dataset\NV\ISIC_0025306.jpg,isic_0025306,5,59f160ceff1b6c5ce9d69a97a82f97dadb2eeb84cc908e763db2fbda091b684d,14222,1
C:\SRS(ISIC_2019)\Dataset\NV\ISIC_0025309.jpg,isic_0025309,5,7c9c4c57bc1cc3307a9ae0371cb40eb2579d341c6c4cd8e25ee2c3612344eb45,14225,1
C:\SRS(ISIC_2019)\Dataset\NV\ISIC_0025315.jpg,isic_0025315,5,c8c9eff9f439df816a61cb085419f1892a694767a1d47fc3d3fa407ebda340dd,14228,1
C:\SRS(ISIC_2019)\Dataset\NV\ISIC_0025323.jpg,isic_0025323,5,26d783b60b3428e3cebb61496e8f31c69b2a38b3d21158fd7260627390f2e3cb,14231,1
C:\SRS(ISIC_2019)\Dataset\NV\ISIC_0025325.jpg,isic_0025325,5,0d149771c55e005d73058d25214e0e89c1224ba731b3d0755bd5b377afc10e10,14232,1
C:\SRS(ISIC_2019)\Dataset\NV\ISIC_0025327.jpg,isic_0025327,5,56dd984ffa7e2ff4a884d056835dfc0dd3512c506db154412e65eeb977b25ab9,14233,1
C:\SRS(ISIC_2019)\Dataset\NV\ISIC_0025332.jpg,isic_0025332,5,d18378da1b971d2604c746ee41d6aa829be0d007870e0d2aa3f3b6ac03ab220e,14236,1
C:\SRS(ISIC_2019)\Dataset\NV\ISIC_0025334.jpg,isic_0025334,5,57f342a6092f21df2e98a603da4e9dca3f33e4b31b284437606aa4ac774b26fc,14238,1
C:\SRS(ISIC_2019)\Dataset\NV\ISIC_0025340.jpg,isic_0025340,5,45aa0120c902feaf7b8e9f4a6679f6d5e30395cf061471d9a4267e7f0dd4995a,14242,1
C:\SRS(ISIC_2019)\Dataset\NV\ISIC_0025342.jpg,isic_0025342,5,c579c77303bb264740d6eba34a4cd7aa965816432973644f4502150ccc9cdb62,14244,1
C:\SRS(ISIC_2019)\Dataset\NV\ISIC_0025355.jpg,isic_0025355,5,002c4c8c6d745e0115bce45637890df9ca19815833a62704110117fee075745b,14254,1
C:\SRS(ISIC_2019)\Dataset\NV\ISIC_0025356.jpg,isic_0025356,5,7b23bd0b9343c7cd0ffd03f6db5fbfae59f87b402f0ef32755b55486e3584c84,14255,1
C:\SRS(ISIC_2019)\Dataset\NV\ISIC_0025357.jpg,isic_0025357,5,d74b1db5858081e0bb5209fe7da92893ae894dc52e62a8f3fed7596f77ea8ec0,14256,1
C:\SRS(ISIC_2019)\Dataset\NV\ISIC_0025359.jpg,isic_0025359,5,a35e2191f260fbac28bdd4e8219e8e382f1d7d4feb08b68a6e8d2fe97bbcd371,14257,1
C:\SRS(ISIC_2019)\Dataset\NV\ISIC_0025390.jpg,isic_0025390,5,77fcd3727067322512d5069ec8697e61f352f010ef31266f52a6dcf91fae4efb,14276,1
C:\SRS(ISIC_2019)\Dataset\NV\ISIC_0025426.jpg,isic_0025426,5,d0842604f687261ba0ad349db7353cb6ab07084d1806406b5081a9a2a8c62080,14302,1
C:\SRS(ISIC_2019)\Dataset\NV\ISIC_0025438.jpg,isic_0025438,5,7e7c3c209c4f48479fe9de3e47d4c4727ed0512818d6dc1a1320987469807b2b,14310,1
C:\SRS(ISIC_2019)\Dataset\NV\ISIC_0025445.jpg,isic_0025445,5,273ab69c4119198871467859c8699bc9908e550188977e094ecc7827875454dd,14316,1
C:\SRS(ISIC_2019)\Dataset\NV\ISIC_0025447.jpg,isic_0025447,5,394a3f90534598d1de93411951c9b98a2c7056a4a3a66bd35665a1779158fd4f,14318,1
C:\SRS(ISIC_2019)\Dataset\NV\ISIC_0025456.jpg,isic_0025456,5,a4cb61e1abb1b7d423e245760720fb1406ee8a6889402cd3d5aeb7019764b4d2,14323,1
C:\SRS(ISIC_2019)\Dataset\NV\ISIC_0025475.jpg,isic_0025475,5,22b553787f80a795deba61aa4621fcd6fb4f9d7797f061e2f749edc943ac5b99,14336,1
C:\SRS(ISIC_2019)\Dataset\NV\ISIC_0025482.jpg,isic_0025482,5,9b79b5e06e341332369fbac5f77f4f61d7cc940fa4316d7b8f428331442625b3,14343,1
C:\SRS(ISIC_2019)\Dataset\NV\ISIC_0025494.jpg,isic_0025494,5,31efeac471a5f97815edca1836182b94abfa69971bb6013a675d7a41cf1327ec,14352,1
C:\SRS(ISIC_2019)\Dataset\NV\ISIC_0025496.jpg,isic_0025496,5,30af5d0222b37366f0e1d4bad5f0e554ac857eb32bbc5ceb7c33f4fcb3322427,14354,1
C:\SRS(ISIC_2019)\Dataset\NV\ISIC_0025498.jpg,isic_0025498,5,6cd6d69b00ea8f0a6ff0f68c32cbc87138d0157c6fa6f5b3589e52111e38c46d,14356,1
C:\SRS(ISIC_2019)\Dataset\NV\ISIC_0025505.jpg,isic_0025505,5,5d68a9a054562218b9e8cdf172324778b1bdd5f8773b040bec2c5eab5740774f,14361,1
C:\SRS(ISIC_2019)\Dataset\NV\ISIC_0025511.jpg,isic_0025511,5,41578cadc7e570d38386ae5ad9889c9b32f0a43052a1c18b5c6771074665c7ee,14364,1
C:\SRS(ISIC_2019)\Dataset\NV\ISIC_0025528.jpg,isic_0025528,5,3d305fa291d3a196f0a3e31e6ddb838aa0757d937310c6788f3e871936c1ba75,14374,1
C:\SRS(ISIC_2019)\Dataset\NV\ISIC_0025532.jpg,isic_0025532,5,a82898af76f29dc9e62479759e2d172a4644bf91f9ed53b4b61d30e6c7b6467e,14375,1
C:\SRS(ISIC_2019)\Dataset\NV\ISIC_0025537.jpg,isic_0025537,5,8456a8a12177d9fc79ab9a377e1c9b199c0e17b48531fbded4fae4638dbdef05,14380,1
C:\SRS(ISIC_2019)\Dataset\NV\ISIC_0025542.jpg,isic_0025542,5,35e7874f9178d77fd918963a54597126b949a7614a3ee1da3648d142390dd2b6,14384,1
C:\SRS(ISIC_2019)\Dataset\NV\ISIC_0025555.jpg,isic_0025555,5,a38a3dcdc303eefd15e1076e33a208c874eb00b35b33d0c65856379f5c541e9c,14392,1
C:\SRS(ISIC_2019)\Dataset\NV\ISIC_0025610.jpg,isic_0025610,5,b1a3485a59e1c57d6aeff3b4699d60b2fb19d825ccfa70f197c65bc85c03b20f,14427,1
C:\SRS(ISIC_2019)\Dataset\NV\ISIC_0025613.jpg,isic_0025613,5,a6fb15b8bb83f64346e8ef1bc56e71f1481940f65f7b0cc7bac0d8dd0224a38a,14428,1
C:\SRS(ISIC_2019)\Dataset\NV\ISIC_0025615.jpg,isic_0025615,5,941834a8f7eeca89268ec304ec7dc146b7b9a1bc8bd9337854d4679f1f74a6a6,14430,1
C:\SRS(ISIC_2019)\Dataset\NV\ISIC_0025621.jpg,isic_0025621,5,a970d8113eb7a9a147a7bf633f4964dd698152c4b8100bdcde5048602f7b1bf7,14434,1
C:\SRS(ISIC_2019)\Dataset\NV\ISIC_0025625.jpg,isic_0025625,5,cbae3f19bbc03825fed9caf6d8a3f6b29bf48ce9bd4c87015d2e54fd6036b78c,14436,1
C:\SRS(ISIC_2019)\Dataset\NV\ISIC_0025632.jpg,isic_0025632,5,9d01ea9486087ba5d737b87c991745ebb0eb81e1f9ac355d0674fe1ca310eb07,14440,1
C:\SRS(ISIC_2019)\Dataset\NV\ISIC_0025633.jpg,isic_0025633,5,59f43f2c91dffb3df7d630b3fb40545e7c1e9cbe50d3e25e2693ed3504048509,14441,1
C:\SRS(ISIC_2019)\Dataset\NV\ISIC_0025635.jpg,isic_0025635,5,0f8e9b802cabcf103cc7cf18fe8b8319c4da54d4d344fd330eafa1b2cf2bfa92,14443,1
C:\SRS(ISIC_2019)\Dataset\NV\ISIC_0025640.jpg,isic_0025640,5,7016047383c0d3453849d17cc2fca620113179d4108eff4ae4e406f722e301e5,14447,1
C:\SRS(ISIC_2019)\Dataset\NV\ISIC_0025649.jpg,isic_0025649,5,6be2a086bc06cab7f8e36f13ec964f769be03abc99d20106e9128b3cbc0db3ca,14454,1
C:\SRS(ISIC_2019)\Dataset\NV\ISIC_0025652.jpg,isic_0025652,5,4fdefffaa395967fe631e4a5ed7aab086517615838d8d8a05d966045fc65031c,14455,1
C:\SRS(ISIC_2019)\Dataset\NV\ISIC_0025653.jpg,isic_0025653,5,aa47ccfe28ea5cd5594c7c23b57cf1fe7580890bb26a9d02642b7df3f1396342,14456,1
C:\SRS(ISIC_2019)\Dataset\NV\ISIC_0025657.jpg,isic_0025657,5,e625e3bd01f061ee432f3b57e388d41505f9751b923ca6932998c0ae6e9c4a67,14458,1
C:\SRS(ISIC_2019)\Dataset\NV\ISIC_0025666.jpg,isic_0025666,5,58115a1b39bec1040047dc91987817c2b8db6e61aa93471332329e913dfc25ba,14464,1
C:\SRS(ISIC_2019)\Dataset\NV\ISIC_0025669.jpg,isic_0025669,5,aa8190181b6c8f212b979079869fa242a09dcb3ac4b87fab4f625841a27a226d,14466,1
C:\SRS(ISIC_2019)\Dataset\NV\ISIC_0025692.jpg,isic_0025692,5,eb095e5e236738ca40c557bfaca5ae6048d6ab678e995ee9077e511c5f798756,14485,1
C:\SRS(ISIC_2019)\Dataset\NV\ISIC_0025694.jpg,isic_0025694,5,be5ec915a82fa43e559ef403d2244e293e7d540ccfd2c3a36e83352a181c88d5,14486,1
C:\SRS(ISIC_2019)\Dataset\NV\ISIC_0025697.jpg,isic_0025697,5,3bf527fbcc06176d011529b60dcdea74f6b7d39503ecc060a9275f5891be70d1,14488,1
C:\SRS(ISIC_2019)\Dataset\NV\ISIC_0025702.jpg,isic_0025702,5,6c1eb8cfe62a27fa693845bac9d491e797c764c5248db76baf885f9dec4ad6e9,14491,1
C:\SRS(ISIC_2019)\Dataset\NV\ISIC_0025705.jpg,isic_0025705,5,298720e4b7f8d0df5f6dd5a08a509d6f6f614088df3a531e492cd46b02dfdab2,14493,1
C:\SRS(ISIC_2019)\Dataset\NV\ISIC_0025720.jpg,isic_0025720,5,f894496e0c31cc9d5ee3cb1bf677d75f19fbc0b6558dd59b9573439f2b8bf208,14499,1
C:\SRS(ISIC_2019)\Dataset\NV\ISIC_0025725.jpg,isic_0025725,5,f59df234e600dbed0f73ad139f1b8fa9a1713a6fe33298c92f4b71d9d4955dc7,14503,1
C:\SRS(ISIC_2019)\Dataset\NV\ISIC_0025729.jpg,isic_0025729,5,44b8222906c82246516c9963755e823f5f3e5511a6ddb79546d65abb669aa459,14507,1
C:\SRS(ISIC_2019)\Dataset\NV\ISIC_0025741.jpg,isic_0025741,5,d102d308b28a4fee85ae0a59ea06ed48359bce1abf60a52ec105f60620dc4cb6,14517,1
C:\SRS(ISIC_2019)\Dataset\NV\ISIC_0025750.jpg,isic_0025750,5,77561037200e82ce6208ac83daae9cf5075dfc0efd23fd13460b60358079ecfb,14522,1
C:\SRS(ISIC_2019)\Dataset\NV\ISIC_0025754.jpg,isic_0025754,5,e7010e0f60931415f617f9f006379a7f1197d6ace6fd3f7524a89ff742e2103c,14523,1
C:\SRS(ISIC_2019)\Dataset\NV\ISIC_0025760.jpg,isic_0025760,5,29eb0fa339468f6b17ebb3be58a624dbce5382f89bde637bba6cef059c91642b,14527,1
C:\SRS(ISIC_2019)\Dataset\NV\ISIC_0025769.jpg,isic_0025769,5,fdf18977558627a4499a6e0ed4e0ca357643fa64e6279e733bbc9415fa196ff3,14534,1
C:\SRS(ISIC_2019)\Dataset\NV\ISIC_0025785.jpg,isic_0025785,5,7f452c4cbc73ee8d0da9ef242509deae11103b08aea48a9ced0304c964f90653,14545,1
C:\SRS(ISIC_2019)\Dataset\NV\ISIC_0025792.jpg,isic_0025792,5,ace6e0848b62652cc147396e8cf1a5792b884594ac5b5a4e6fbd4934aeb90f99,14550,1
C:\SRS(ISIC_2019)\Dataset\NV\ISIC_0025802.jpg,isic_0025802,5,cf79d349b445d4cc5dedb97087ae5dee59687553e3ce3b9750d4852e5e3c2005,14557,1
C:\SRS(ISIC_2019)\Dataset\NV\ISIC_0025816.jpg,isic_0025816,5,42e5edccb86461a8c56dd73c14c1c2cb30b63f328a83a3e8adeef4f3c7a47fa5,14563,1
C:\SRS(ISIC_2019)\Dataset\NV\ISIC_0025854.jpg,isic_0025854,5,1d97c49ecf005ae921a0aa1ea89696b1259537769ffc9ef372f78f864151357f,14588,1
C:\SRS(ISIC_2019)\Dataset\NV\ISIC_0025857.jpg,isic_0025857,5,ebec3e68fd443a719d09d932ce7a9295c48d3ad2b3468700cba9a92b13020f19,14590,1
C:\SRS(ISIC_2019)\Dataset\NV\ISIC_0025860.jpg,isic_0025860,5,59d7d6dd7b19627d7e60212266b45cce1d9a74c92b5997d0fe1f17745ae494ce,14593,1
C:\SRS(ISIC_2019)\Dataset\NV\ISIC_0025900.jpg,isic_0025900,5,7a0ff2291c1b52e2216882499417f765cf3bae925d8cd08eba5d187343a50135,14625,1
C:\SRS(ISIC_2019)\Dataset\NV\ISIC_0025916.jpg,isic_0025916,5,a5701ecef98aa5545b274ed3e26ac2911f782a0c296dba7abb944cfd5f7c6104,14636,1
C:\SRS(ISIC_2019)\Dataset\NV\ISIC_0025933.jpg,isic_0025933,5,64f75a8b536b932575556cf42a9535120c52bb02d4a7b13db858220981ef7500,14649,1
C:\SRS(ISIC_2019)\Dataset\NV\ISIC_0025942.jpg,isic_0025942,5,2ea6f69094b22d98a72a314ab15ef96b3c6acf23bc32cb0a353b549553502e8c,14654,1
C:\SRS(ISIC_2019)\Dataset\NV\ISIC_0025950.jpg,isic_0025950,5,13ff97eccc59d19f9d71a805f92ba487977f60b8798717f2e5171cb7e836f147,14661,1
C:\SRS(ISIC_2019)\Dataset\NV\ISIC_0025967.jpg,isic_0025967,5,67876cb82c293dd7c5d202922dcfa182596951b5d760783f41e45328dfa8cf19,14672,1
C:\SRS(ISIC_2019)\Dataset\NV\ISIC_0025970.jpg,isic_0025970,5,3049ef21917c03cb1b223755f795878c550d0ae80c9dfd7879a154fdf199db1d,14675,1
C:\SRS(ISIC_2019)\Dataset\NV\ISIC_0025981.jpg,isic_0025981,5,48b12bac80b46d86e40002f224e4c72b230cd2d505d11e1ba0ad17e1ebe7443a,14682,1
C:\SRS(ISIC_2019)\Dataset\NV\ISIC_0025990.jpg,isic_0025990,5,8b3bdb6c5388f9a9f1ff31cbfc6cc6d4031ae7ad4e42b418b5c6ea91d175132e,14686,1
C:\SRS(ISIC_2019)\Dataset\NV\ISIC_0025998.jpg,isic_0025998,5,99ef2cc293424d56db700975f004740d7c9044a63e1c3691bc98ed6407295ced,14692,1
C:\SRS(ISIC_2019)\Dataset\NV\ISIC_0026007.jpg,isic_0026007,5,cca9694dd711885cf2f6d021fd16eba602debacb21bab759093e58a9f00d32d2,14701,1
C:\SRS(ISIC_2019)\Dataset\NV\ISIC_0026012.jpg,isic_0026012,5,e5dee5b3e12fdb9f28cd2bbe2ecb3807606695ee9b94d5ef1cf2da6bda9f4385,14705,1
C:\SRS(ISIC_2019)\Dataset\NV\ISIC_0026017.jpg,isic_0026017,5,f2373f4824537509a99a15fed14ec34360de887a5811be00c33237c1fd80079d,14707,1
C:\SRS(ISIC_2019)\Dataset\NV\ISIC_0026025.jpg,isic_0026025,5,b9aa848428d61fe2295d8858ec5238e22756cc58a793a42e934d544c8f2c3a9c,14714,1
C:\SRS(ISIC_2019)\Dataset\NV\ISIC_0026029.jpg,isic_0026029,5,3608c07dd1840f7505a3099036641c91e3712775a1e1596d2b214af9c95f23e1,14718,1
C:\SRS(ISIC_2019)\Dataset\NV\ISIC_0026030.jpg,isic_0026030,5,4fcf1d0d632400ecf0198edcc3a486223f8fb0b07132f560a3315dd91ede173c,14719,1
C:\SRS(ISIC_2019)\Dataset\NV\ISIC_0026031.jpg,isic_0026031,5,d59ea9f67bb8460b30303b41415b9848a55fa3b4c14845764211ba34e74b2d61,14720,1
C:\SRS(ISIC_2019)\Dataset\NV\ISIC_0026033.jpg,isic_0026033,5,cbf71803f574c3677ad2d9db8da2e844a9e72d80ce34964dc406d1879100447f,14722,1
C:\SRS(ISIC_2019)\Dataset\NV\ISIC_0026041.jpg,isic_0026041,5,f78ab9655604e38adbfeef5dc605fababd24212b58ed31f2ae48b95abba77632,14729,1
C:\SRS(ISIC_2019)\Dataset\NV\ISIC_0026049.jpg,isic_0026049,5,6acbce2294d267635f4b39d12fd129e95f820a4b11a5edb01c94537f5b06e136,14733,1
C:\SRS(ISIC_2019)\Dataset\NV\ISIC_0026050.jpg,isic_0026050,5,8c1262e9901e1ca52156f7f7ac9ffd70badf4391ca66ddd5bdb22dd09f566daa,14734,1
C:\SRS(ISIC_2019)\Dataset\NV\ISIC_0026057.jpg,isic_0026057,5,c0cf1a5218359744dd44b545b487db9a65c6608207805896db59b0f4b4e9b497,14740,1
C:\SRS(ISIC_2019)\Dataset\NV\ISIC_0026064.jpg,isic_0026064,5,c6f2bb0e0ac9f911b1230a58a536b612a684fbef9c4e754b6103d2439c3bdf5b,14746,1
C:\SRS(ISIC_2019)\Dataset\NV\ISIC_0026065.jpg,isic_0026065,5,e8b3f99aaefc6932b7ab27974d1d463faca3daedcd95f66e817bd41294478f76,14747,1
C:\SRS(ISIC_2019)\Dataset\NV\ISIC_0026067.jpg,isic_0026067,5,89d23219e751ff48b928ac12ac92a4d93e195faf2418d29690acc8cce94c5fae,14749,1
C:\SRS(ISIC_2019)\Dataset\NV\ISIC_0026080.jpg,isic_0026080,5,a3f45aa0692db3cc358b613444743ed60b3c6af7f8d896109d847504b092670a,14757,1
C:\SRS(ISIC_2019)\Dataset\NV\ISIC_0026082.jpg,isic_0026082,5,18a101f8a6841ce109dd4d514330c7e7e21e9e93fc131bd35bf3365b8d4927ee,14758,1
C:\SRS(ISIC_2019)\Dataset\NV\ISIC_0026093.jpg,isic_0026093,5,0e216bac98a4a6377a520d1c1f5ec16bd3b877b499dbe84d0fc9197e4ff5352f,14762,1
C:\SRS(ISIC_2019)\Dataset\NV\ISIC_0026096.jpg,isic_0026096,5,b585dc68337a04e080788b86287a8ec4e1dbafaab5cf0b42ded0a03bdc1db32b,14764,1
C:\SRS(ISIC_2019)\Dataset\NV\ISIC_0026099.jpg,isic_0026099,5,bf2d9dfd76c0343973541707c6d9f410ecb2b6ba43b34f20974c12deda19c591,14767,1
C:\SRS(ISIC_2019)\Dataset\NV\ISIC_0026102.jpg,isic_0026102,5,a9b9feb3f4925cf3876ec622aafb1d771e7d0c9cbc478aee439331469933f243,14769,1
C:\SRS(ISIC_2019)\Dataset\NV\ISIC_0026109.jpg,isic_0026109,5,a898448a26dadf4cff947addc03596b299a3aa9c0fcddaf2527c9fcd0dab8ccc,14773,1
C:\SRS(ISIC_2019)\Dataset\NV\ISIC_0026137.jpg,isic_0026137,5,a1cbbbc5cb4ec638e523f9d54be6f12b5e1cc23a6fbffa9b2a589e90377f87e2,14793,1
C:\SRS(ISIC_2019)\Dataset\NV\ISIC_0026160.jpg,isic_0026160,5,690e82250a580f0c288b63d27187374f6c36ad6f47c7131aae70012eb3714a31,14805,1
C:\SRS(ISIC_2019)\Dataset\NV\ISIC_0026172.jpg,isic_0026172,5,ce0888dcf5a6d51b2ce4b36b81226972e34cfd238bb907d6b7ab70928ae762ba,14814,1
C:\SRS(ISIC_2019)\Dataset\NV\ISIC_0026180.jpg,isic_0026180,5,eda37cf8027b9d4ae7db7cdf43358bafc8c31780d89eea644479530ed4e639e9,14820,1
C:\SRS(ISIC_2019)\Dataset\NV\ISIC_0026195.jpg,isic_0026195,5,dd8cedf431154999a59038055a998de94d39ea56d7308301179f16663890f190,14832,1
C:\SRS(ISIC_2019)\Dataset\NV\ISIC_0026221.jpg,isic_0026221,5,d5a4d1846f4c30ce8b92785bf12a158dd893ef6428e77c6f65c237fdfc48cc90,14851,1
C:\SRS(ISIC_2019)\Dataset\NV\ISIC_0026223.jpg,isic_0026223,5,9deb90518bf7e089d1fe961b91b6d3083143665bb9847bd5a7f121c6ff58aff8,14853,1
C:\SRS(ISIC_2019)\Dataset\NV\ISIC_0026224.jpg,isic_0026224,5,75d20f34a8731d8257b777c82a2afa4d2e2b0e9daa25521615035ce8a8b85fbb,14854,1
C:\SRS(ISIC_2019)\Dataset\NV\ISIC_0026246.jpg,isic_0026246,5,7a441455b993aae534cd86218d2b8ed98f7a632eb3de17ce5fd153453e23d09c,14871,1
C:\SRS(ISIC_2019)\Dataset\NV\ISIC_0026253.jpg,isic_0026253,5,760ac263e57ca4b5e385b76217185c6f9a5619f6562b61f29e00eb2b45b62a5c,14875,1
C:\SRS(ISIC_2019)\Dataset\NV\ISIC_0026283.jpg,isic_0026283,5,37a47239f6468efaa28436b570d1a349823f42c22d0c81ff55adee2fe2d430ff,14891,1
C:\SRS(ISIC_2019)\Dataset\NV\ISIC_0026294.jpg,isic_0026294,5,2cd258d9606bc89165173c8f514f114cd5230b9e60e061c1a4ddd5385f2a7b7b,14899,1
C:\SRS(ISIC_2019)\Dataset\NV\ISIC_0026308.jpg,isic_0026308,5,1dbf37f076807540db436109ecb80ac0b2bd3cfb389f6b818830d1046ec1ea74,14910,1
C:\SRS(ISIC_2019)\Dataset\NV\ISIC_0026345.jpg,isic_0026345,5,bd77ca073c87c812c59ddb974e18dc4245b20ec231e0f83719069fdcf611cc55,14935,1
C:\SRS(ISIC_2019)\Dataset\NV\ISIC_0026366.jpg,isic_0026366,5,cfdcccbaa9830ae413b337e353672fb06b0e77f7d2a0db1f926dae155c8a4926,14949,1
C:\SRS(ISIC_2019)\Dataset\NV\ISIC_0026377.jpg,isic_0026377,5,954acca9be114114686dfd781ec32933d101f83e6e9c511089b7d0c4786d8e92,14959,1
C:\SRS(ISIC_2019)\Dataset\NV\ISIC_0026380.jpg,isic_0026380,5,ac1139acb6dfd7d81740308a319a0218728c92086381ddbd23afc185a7567996,14961,1
C:\SRS(ISIC_2019)\Dataset\NV\ISIC_0026383.jpg,isic_0026383,5,fb63462b2bc270070a6223eabf177a4f1b83e3e8961504fb42674cb29b089d72,14964,1
C:\SRS(ISIC_2019)\Dataset\NV\ISIC_0026400.jpg,isic_0026400,5,7b0a4ed3840baadcb5c38a4cef18abf7528e1c948d8e141fd9c371162eb49928,14978,1
C:\SRS(ISIC_2019)\Dataset\NV\ISIC_0026401.jpg,isic_0026401,5,54027fc1567b2f94d7eca07d9e85b821715c09fed586091d26d3e1f7e3d1651f,14979,1
C:\SRS(ISIC_2019)\Dataset\NV\ISIC_0026402.jpg,isic_0026402,5,3cb55be77ad4e5d02b37d654f313a208a0dc5ba33bb9af917ede0aea3af69d65,14980,1
C:\SRS(ISIC_2019)\Dataset\NV\ISIC_0026413.jpg,isic_0026413,5,a771f3202ce3e3ea150d75495a7be80d14ad51f746ff5ebef27c826a7a8e1ae0,14989,1
C:\SRS(ISIC_2019)\Dataset\NV\ISIC_0026451.jpg,isic_0026451,5,086bde4db7d732f4b53f4237636514675a888fed54fc89799d1524c6765e6ac6,15014,1
C:\SRS(ISIC_2019)\Dataset\NV\ISIC_0026464.jpg,isic_0026464,5,f8e8457a2ce8e2df9628135e36aeb810ce5c75b1ce2f43911c781710f62be695,15023,1
C:\SRS(ISIC_2019)\Dataset\NV\ISIC_0026469.jpg,isic_0026469,5,f553cda33a79687304830c8b30b02f9b0e8662640dd6135c2d4cd44f7ce7d7ba,15025,1
C:\SRS(ISIC_2019)\Dataset\NV\ISIC_0026474.jpg,isic_0026474,5,46e11b3df7db140d66310a35792cf0db4d45c90c099d05ffdcb0099fd347ad2e,15028,1
C:\SRS(ISIC_2019)\Dataset\NV\ISIC_0026476.jpg,isic_0026476,5,7d689e0faa427edf2c9518f7ee50c0c5e870df7cff7dad762332bcb76e426187,15029,1
C:\SRS(ISIC_2019)\Dataset\NV\ISIC_0026488.jpg,isic_0026488,5,155a8d33235dc71f35beb5225d35bf11d689c54e067467001f090e8cccca8834,15039,1
C:\SRS(ISIC_2019)\Dataset\NV\ISIC_0026497.jpg,isic_0026497,5,67c908fb5dc43167ca0a4fed4345b4f10090811b6a7e248dc797dc4148cb8f03,15043,1
C:\SRS(ISIC_2019)\Dataset\NV\ISIC_0026499.jpg,isic_0026499,5,dbcc50f9302f0bf8d22e0ac82580b32b01f53d7443479cbbd03a8e07b97b9081,15045,1
C:\SRS(ISIC_2019)\Dataset\NV\ISIC_0026501.jpg,isic_0026501,5,3569ed0475ecb97c193d538fc0d240c6d4c835635d14776af94b39abd9fd7da0,15046,1
C:\SRS(ISIC_2019)\Dataset\NV\ISIC_0026504.jpg,isic_0026504,5,da25615cbbe68b43815144da3a5699678ca00e82409ce8618253679e6d4682d3,15049,1
C:\SRS(ISIC_2019)\Dataset\NV\ISIC_0026507.jpg,isic_0026507,5,32e2104090f0a9db88ab29d60f5542dbc84abacece1a820f83d30e668614e2b6,15051,1
C:\SRS(ISIC_2019)\Dataset\NV\ISIC_0026509.jpg,isic_0026509,5,a7393925c26f243244ffe5bf1dc688b89e026c36e160dc09a79547e776be1b51,15053,1
C:\SRS(ISIC_2019)\Dataset\NV\ISIC_0026510.jpg,isic_0026510,5,c7b8643ad26eca19873878bccd9cdb9d83cc5332a114d3e4b46188a60e794a5c,15054,1
C:\SRS(ISIC_2019)\Dataset\NV\ISIC_0026512.jpg,isic_0026512,5,06c9646972601083edab0a3aa1fd3f08a83a41c4b9b4b06ff33a1de2d63fda62,15055,1
C:\SRS(ISIC_2019)\Dataset\NV\ISIC_0026527.jpg,isic_0026527,5,15edadaf494d9c925f9244be04a2cbdd71b9f97dd1a40b1f02b6cd6bad40af4c,15063,1
C:\SRS(ISIC_2019)\Dataset\NV\ISIC_0026550.jpg,isic_0026550,5,b4ae4d09af00ce659b6e5da8f054ef4760acab3befd63f0f85f032bc1d7a4053,15078,1
C:\SRS(ISIC_2019)\Dataset\NV\ISIC_0026583.jpg,isic_0026583,5,3f76766a2a5f15a71f150b4b93e5633e82dc9eb4a363f0e5dfb49b6a53f01254,15102,1
C:\SRS(ISIC_2019)\Dataset\NV\ISIC_0026595.jpg,isic_0026595,5,58f8bc863b1927605ae0ee93c0853bc3362c7360acafb5f7c7c0d73f260bb656,15111,1
C:\SRS(ISIC_2019)\Dataset\NV\ISIC_0026598.jpg,isic_0026598,5,3ef6e0d6130190823352862c8bbeaeb3335c377d65a794839713abf964941561,15113,1
C:\SRS(ISIC_2019)\Dataset\NV\ISIC_0026599.jpg,isic_0026599,5,58b5e8af43cd2d6fc1b07a7dfa7d755d12ec9a19fb742676edb1d7bdc83d5a84,15114,1
C:\SRS(ISIC_2019)\Dataset\NV\ISIC_0026627.jpg,isic_0026627,5,89d4cf52b0ee78f3d12e72a8c1b7b852f0b49f9a75ab96648924fc0745b36203,15134,1
C:\SRS(ISIC_2019)\Dataset\NV\ISIC_0026628.jpg,isic_0026628,5,2c923a5c6e02e5bde2bdf60c6cf34fa0b11a55c6273b356aeea634b9bbf85e49,15135,1
C:\SRS(ISIC_2019)\Dataset\NV\ISIC_0026638.jpg,isic_0026638,5,e546c04af96354a3aa2caba819dfe4c1258c7d87e7f68d3fbe2df6cb037f25a3,15141,1
C:\SRS(ISIC_2019)\Dataset\NV\ISIC_0026642.jpg,isic_0026642,5,c0e5b20d10c8665ef65aa86b2124f406d8f5c5d9b95e62ebeedde7a6f155779f,15145,1
C:\SRS(ISIC_2019)\Dataset\NV\ISIC_0026658.jpg,isic_0026658,5,df843e27e702a76ba68d825f7c5e57dcbe390284b9883fd9ea7be88cdd543b7a,15154,1
C:\SRS(ISIC_2019)\Dataset\NV\ISIC_0026671.jpg,isic_0026671,5,a2cb2fdb29ff6d9c502e69ed037026b3170fad39ca19b9aced0ccebc125ac5e7,15163,1
C:\SRS(ISIC_2019)\Dataset\NV\ISIC_0026685.jpg,isic_0026685,5,7e69d0eed9564aa225e69883e9953733526d65ba5393bced57618d85c371d0c9,15175,1
C:\SRS(ISIC_2019)\Dataset\NV\ISIC_0026688.jpg,isic_0026688,5,bc80fe5732adeaaf7f0574c55df9a76131937ff63fd596a822c9ce63eb608d5f,15177,1
C:\SRS(ISIC_2019)\Dataset\NV\ISIC_0026692.jpg,isic_0026692,5,abde6ad9f6525f59a5e81d0f436913f7bc36d21848cf6dca57d2eb13387cfe04,15180,1
C:\SRS(ISIC_2019)\Dataset\NV\ISIC_0026706.jpg,isic_0026706,5,e3707e57ae0cdbccb5a075e342dd2c89b60417e0c8f33c90f940e5df3c68b242,15189,1
C:\SRS(ISIC_2019)\Dataset\NV\ISIC_0026724.jpg,isic_0026724,5,e364fa9296bff4582ab932e1724c3311e72f17558731e7133739ecd3408c6513,15201,1
C:\SRS(ISIC_2019)\Dataset\NV\ISIC_0026726.jpg,isic_0026726,5,774720d4612f6a58a84b4338c8e25b76eca22c3b2259174dc9a35c038c2cca56,15203,1
C:\SRS(ISIC_2019)\Dataset\NV\ISIC_0026731.jpg,isic_0026731,5,866556897021a93616b88e98a606e494a3395cc90bb49d2def991068010348d8,15206,1
C:\SRS(ISIC_2019)\Dataset\NV\ISIC_0026739.jpg,isic_0026739,5,466eea1351020646a977c60968557e4bc15cdb37b8fb344ebbb6b7a1249a6b0f,15211,1
C:\SRS(ISIC_2019)\Dataset\NV\ISIC_0026761.jpg,isic_0026761,5,54a8f7db1a03e72cb68814cbd585ca087e2e3de38d9b11baec3e3011264c10fe,15228,1
C:\SRS(ISIC_2019)\Dataset\NV\ISIC_0026767.jpg,isic_0026767,5,dd0d7a7fb1b4832cc65404c40dd78ddbf23fdae4a78bf1f41e6db85c3cd22857,15232,1
C:\SRS(ISIC_2019)\Dataset\NV\ISIC_0026786.jpg,isic_0026786,5,c005fe0e461eadf9d9d0c21c41fe8e80a25594e076e93bc12d72af0cdcdf0196,15246,1
C:\SRS(ISIC_2019)\Dataset\NV\ISIC_0026807.jpg,isic_0026807,5,36b642cf0c06006207e6e2d15271401f939d8115eb4a2cb5b40f58ea1b420c5c,15259,1
C:\SRS(ISIC_2019)\Dataset\NV\ISIC_0026813.jpg,isic_0026813,5,7b66eccd8148b3aaba86b0b7c29aed141624c8dd0b7bd942c7cbff15e5932321,15264,1
C:\SRS(ISIC_2019)\Dataset\NV\ISIC_0026826.jpg,isic_0026826,5,814f8072a0e762d509133af3ee18ff9eb146bed4acec08cff9d61ca1ab12571d,15276,1
C:\SRS(ISIC_2019)\Dataset\NV\ISIC_0026836.jpg,isic_0026836,5,00ccbd9258aa31f06366beff7247ccebd99f3fec71cab548b5862b98be78d3f8,15282,1
C:\SRS(ISIC_2019)\Dataset\NV\ISIC_0026860.jpg,isic_0026860,5,7a3ac9050e88a1b76cb5e8a93cc4e8fef3fbf163cb2e8815db0172d51d05f7cd,15295,1
C:\SRS(ISIC_2019)\Dataset\NV\ISIC_0026866.jpg,isic_0026866,5,51a68e99c9373bc6a1ba6484c71461c52a27dd09b58bede064e7500560bde674,15299,1
C:\SRS(ISIC_2019)\Dataset\NV\ISIC_0026873.jpg,isic_0026873,5,05547791ebb4eff38f948c3abc6b4ae9f5421dfe884005546b8ce4361c72b89f,15301,1
C:\SRS(ISIC_2019)\Dataset\NV\ISIC_0026881.jpg,isic_0026881,5,24bc620e26b6eaa172357b96b3cb27b6ef0cec98d19d0bd613cf7c84fde9f473,15307,1
C:\SRS(ISIC_2019)\Dataset\NV\ISIC_0026882.jpg,isic_0026882,5,79beadbc9f453a0a520af52c96f95e9b124f3a3fec8bc425e05efb274476068d,15308,1
C:\SRS(ISIC_2019)\Dataset\NV\ISIC_0026888.jpg,isic_0026888,5,cb6507b102306d79b8bf7e8964a30e797da5abba86af247d6271b6f578191d89,15314,1
C:\SRS(ISIC_2019)\Dataset\NV\ISIC_0026889.jpg,isic_0026889,5,10ba58cdf3db4b6821113f7a71df24c604ee3218fcb3298131071e7faf3bb91b,15315,1
C:\SRS(ISIC_2019)\Dataset\NV\ISIC_0026894.jpg,isic_0026894,5,96b8ebf0ba4bb5cdcac53973d24706e80c8043fb76275c60392448cfaf2bb1d8,15318,1
C:\SRS(ISIC_2019)\Dataset\NV\ISIC_0026901.jpg,isic_0026901,5,99de10bb66f5019b6e57837f09b86b3542c81cede6de1f2eef1340c6ba40376a,15323,1
C:\SRS(ISIC_2019)\Dataset\NV\ISIC_0026914.jpg,isic_0026914,5,9fcf9231b21ed19b6ec015074151b136df16653751be756e1eb4eee46dca3583,15331,1
C:\SRS(ISIC_2019)\Dataset\NV\ISIC_0026917.jpg,isic_0026917,5,24a084aebda8b98c9a390d6271229faba78fec9a9fd7963beaaa418619281d4e,15333,1
C:\SRS(ISIC_2019)\Dataset\NV\ISIC_0026922.jpg,isic_0026922,5,6e92c6dc5e572a9755e80bdc67642838fb1f54d08bda227094083e4c280f0112,15338,1
C:\SRS(ISIC_2019)\Dataset\NV\ISIC_0026925.jpg,isic_0026925,5,8e1ce10832e3a3cc51b922a291db396bfe8de95c41705e7c11cd83d037a5ac7d,15340,1
C:\SRS(ISIC_2019)\Dataset\NV\ISIC_0026942.jpg,isic_0026942,5,af018e79ce23db66e8511115c1032e513a46ff6f9ad73fc0cbefea25d0409f29,15353,1
C:\SRS(ISIC_2019)\Dataset\NV\ISIC_0026944.jpg,isic_0026944,5,7ac5238eecee7a3adabb0766fd82dc44636ff53a141826d1049010d53f844e88,15355,1
C:\SRS(ISIC_2019)\Dataset\NV\ISIC_0026956.jpg,isic_0026956,5,4bf396dbdbf9e10b439151e32f9abf024954a0aed6262e345af2f91bc81a71ee,15362,1
C:\SRS(ISIC_2019)\Dataset\NV\ISIC_0026960.jpg,isic_0026960,5,edee01ea39123b73a60d3654485645a6345bba961ccac7bb7c0cd456d2afc7d5,15363,1
C:\SRS(ISIC_2019)\Dataset\NV\ISIC_0026965.jpg,isic_0026965,5,239cc1337bd2156e975b84a89c67bd54809f60708d8c00d07051bd34243efc5e,15366,1
C:\SRS(ISIC_2019)\Dataset\NV\ISIC_0026971.jpg,isic_0026971,5,306ac83a993e213e1e500418d2a5c2383ba92ce5a2b2420b30505395262153a2,15369,1
C:\SRS(ISIC_2019)\Dataset\NV\ISIC_0026979.jpg,isic_0026979,5,92b8e8d4acc87c7ba8ba3e4ce9c6309b77ac4642ea43f9d076190575b382dc36,15375,1
C:\SRS(ISIC_2019)\Dataset\NV\ISIC_0027000.jpg,isic_0027000,5,ea7452a22896b07ad5433232918fb585d4756ebde3acc876e6d564b9ba4abf16,15388,1
C:\SRS(ISIC_2019)\Dataset\NV\ISIC_0027001.jpg,isic_0027001,5,99e2a2fdd6427f2a3a98eb61983c992fcb38c07fd1db8b43ee90f22290b388b6,15389,1
C:\SRS(ISIC_2019)\Dataset\NV\ISIC_0027009.jpg,isic_0027009,5,cca1ba7c06288e5e2244c672eb2c32f717d36a1b28bbabf88fc4f2db5a49b48f,15394,1
C:\SRS(ISIC_2019)\Dataset\NV\ISIC_0027029.jpg,isic_0027029,5,0af6862849e3545b00486d0bc7e959971acca9c32dc4d92acfb0e62b2e8f3dd5,15407,1
C:\SRS(ISIC_2019)\Dataset\NV\ISIC_0027031.jpg,isic_0027031,5,86eec18ff81f12eb80700ad03db431656bad861143a1d0fdfa55b2c34f716a2a,15408,1
C:\SRS(ISIC_2019)\Dataset\NV\ISIC_0027039.jpg,isic_0027039,5,f1e19104845d523e55bdb99c18a58674445f26266788939c7c3b55bfdf9efac4,15413,1
C:\SRS(ISIC_2019)\Dataset\NV\ISIC_0027045.jpg,isic_0027045,5,210f5d8c3a9068a194cfcbe5790d6266cc5eb7a3e22902bc10c4864ab4762f48,15415,1
C:\SRS(ISIC_2019)\Dataset\NV\ISIC_0027052.jpg,isic_0027052,5,1dd13a575da668d7fb8b2025252a8bc14f2209d127894b46fd344534ba5effe0,15420,1
C:\SRS(ISIC_2019)\Dataset\NV\ISIC_0027079.jpg,isic_0027079,5,e027b496ca7ef689ec8782ae6456152f83f301d9aec07666e98f83940e42d9ef,15435,1
C:\SRS(ISIC_2019)\Dataset\NV\ISIC_0027080.jpg,isic_0027080,5,976efb371ac5a675a26923cd3bfdf43fa0d5ff3b7b208ad1dfbca4efeb478a84,15436,1
C:\SRS(ISIC_2019)\Dataset\NV\ISIC_0027088.jpg,isic_0027088,5,0e5541944b4d20dc01cd4a6bebdccd4c31d1710d47f19a3eb42c84331da594df,15442,1
C:\SRS(ISIC_2019)\Dataset\NV\ISIC_0027092.jpg,isic_0027092,5,831d326213ce7f6685364b6882002791418f47f654a899b19db77d335ba39ddf,15444,1
C:\SRS(ISIC_2019)\Dataset\NV\ISIC_0027104.jpg,isic_0027104,5,5ff40e35371d471cc1535277a6a70c1b0ebcf5aff7f108e681de90a2e6f3d75d,15451,1
C:\SRS(ISIC_2019)\Dataset\NV\ISIC_0027108.jpg,isic_0027108,5,28a6a02b6cadc3865e7a5bf78b4ef5c78ea486a704505e4702f51a6614ff2d37,15453,1
C:\SRS(ISIC_2019)\Dataset\NV\ISIC_0027111.jpg,isic_0027111,5,83e92470524c8cd5af52eb01d79cdfc53730415b1a67e779be42cc288f170769,15456,1
C:\SRS(ISIC_2019)\Dataset\NV\ISIC_0027112.jpg,isic_0027112,5,717fafe641d45afa023cde4ca885f4f1090778b58b6484515c71598b2456ebef,15457,1
C:\SRS(ISIC_2019)\Dataset\NV\ISIC_0027164.jpg,isic_0027164,5,02ec3811e89004edfee71b7bb1818196f5438812f70cad76a8c0d6e999758e17,15490,1
C:\SRS(ISIC_2019)\Dataset\NV\ISIC_0027165.jpg,isic_0027165,5,11fb708a15c2bfdc28db6659d7acfe3d876675297ed32440625d75fa95673a67,15491,1
C:\SRS(ISIC_2019)\Dataset\NV\ISIC_0027168.jpg,isic_0027168,5,4037fb6f897e1266b68df1f30adf1889bc5ede93276a31c4d51f849dbb08cf17,15493,1
C:\SRS(ISIC_2019)\Dataset\NV\ISIC_0027181.jpg,isic_0027181,5,19fd197437364a2c1cdede1d06c3cfdcec78a157e3550f5c7f9bcbd1f1bb0c45,15500,1
C:\SRS(ISIC_2019)\Dataset\NV\ISIC_0027182.jpg,isic_0027182,5,e0265b29e0dc190ac42106f1c30e590592b0006ce82f843274a8817df9e08c3d,15501,1
C:\SRS(ISIC_2019)\Dataset\NV\ISIC_0027196.jpg,isic_0027196,5,7bee02da3e6e6c6bfa6a4f4d14b30fe26d942dea014aea2a655621284a7ad705,15508,1
C:\SRS(ISIC_2019)\Dataset\NV\ISIC_0027197.jpg,isic_0027197,5,05447b7f4f12e6ed4737d7a20b7eeaaa04d3d5742cc178ba8f06003ffeca2f4a,15509,1
C:\SRS(ISIC_2019)\Dataset\NV\ISIC_0027214.jpg,isic_0027214,5,0d2ce4743d6d730cc6c89717936666c3ba928a976e04c91e31578a1e49cd5965,15523,1
C:\SRS(ISIC_2019)\Dataset\NV\ISIC_0027215.jpg,isic_0027215,5,973d42059ce1e1f89355ea6a2582022d2d56f98de993755b88dc3ec4fa55726e,15524,1
C:\SRS(ISIC_2019)\Dataset\NV\ISIC_0027227.jpg,isic_0027227,5,765228c0e227b27564a3e4cfa156c7934ace8764d67dce44e9cebfce8dd2a8dc,15533,1
C:\SRS(ISIC_2019)\Dataset\NV\ISIC_0027237.jpg,isic_0027237,5,80982deed3690981a294092e72ca30001e52bc0127393d5b8519bc96c42d41f8,15540,1
C:\SRS(ISIC_2019)\Dataset\NV\ISIC_0027241.jpg,isic_0027241,5,937fc9f924c612c0c552c66105334add21b0d3cfe6c2d198c4d1ac2f32054bd3,15542,1
C:\SRS(ISIC_2019)\Dataset\NV\ISIC_0027242.jpg,isic_0027242,5,c1b3a922bd6c0dbe10c39ca5c3bb8d7782358b44fff21881af9c616230cf44f6,15543,1
C:\SRS(ISIC_2019)\Dataset\NV\ISIC_0027247.jpg,isic_0027247,5,edde903216271ca6ddd60805035b895f66c377f1e71cc67f24b8edfc547afb98,15548,1
C:\SRS(ISIC_2019)\Dataset\NV\ISIC_0027250.jpg,isic_0027250,5,25a4780f2d5896049a4a9ce5c0e6bb87cc5efc26127a7aa0ed9e0593bdc046d1,15551,1
C:\SRS(ISIC_2019)\Dataset\NV\ISIC_0027264.jpg,isic_0027264,5,a99c35d428a7e27c977328c0befcf897eb62b766325157ea2b633b28a661d653,15559,1
C:\SRS(ISIC_2019)\Dataset\NV\ISIC_0027288.jpg,isic_0027288,5,1d946f43f769ac4cc0f2bcdd205a9a4c7091dddeacc2c4c3f0bdd14995561665,15575,1
C:\SRS(ISIC_2019)\Dataset\NV\ISIC_0027308.jpg,isic_0027308,5,751157006693c745fc3e7ed35a7d3feb384305c6faec0627577befee2d1d7885,15587,1
C:\SRS(ISIC_2019)\Dataset\NV\ISIC_0027318.jpg,isic_0027318,5,f32764e125de48d6c451d44c209e010e29b11d2dfe65bac6f1322c86fd248bcd,15596,1
C:\SRS(ISIC_2019)\Dataset\NV\ISIC_0027322.jpg,isic_0027322,5,12cca32c12825a4941eab4f0d59de22415b1ffe03251f6c778b563a628ad7c28,15599,1
C:\SRS(ISIC_2019)\Dataset\NV\ISIC_0027333.jpg,isic_0027333,5,cceaec2a60b1ddc14fd933a4938e9ae249550093a417ec1163f5de9d8e02be26,15606,1
C:\SRS(ISIC_2019)\Dataset\NV\ISIC_0027338.jpg,isic_0027338,5,11df87f3a20b52880d30713eb8b4a1084c7a6267a39dc071767ee914c79bd763,15608,1
C:\SRS(ISIC_2019)\Dataset\NV\ISIC_0027339.jpg,isic_0027339,5,727c46f3421a357e06afb3ccdbf37493d0533de6de6e47f2b5677d10f794f0ec,15609,1
C:\SRS(ISIC_2019)\Dataset\NV\ISIC_0027348.jpg,isic_0027348,5,0566819060a4194f89efcfffba77a7a7b6fbbdfa6a181aef9a9924243e04b468,15616,1
C:\SRS(ISIC_2019)\Dataset\NV\ISIC_0027364.jpg,isic_0027364,5,76eb750d6f22eadfe246d8c13680fafc46a9496a3acbb93d8e8eef7aa9e995a7,15627,1
C:\SRS(ISIC_2019)\Dataset\NV\ISIC_0027369.jpg,isic_0027369,5,6633faf6b18276153871c2cd5cc910f8abd21b1ea65f4d72828ba86e46feced6,15630,1
C:\SRS(ISIC_2019)\Dataset\NV\ISIC_0027380.jpg,isic_0027380,5,e36ce0e215dec9db60aa3bb0ab2a522d4a7624d9e962fc45002a20b5b23fa3be,15638,1
C:\SRS(ISIC_2019)\Dataset\NV\ISIC_0027397.jpg,isic_0027397,5,8b385f2f4aba83e34826c08e5c8ed1c07807b66be8166b21238485d835d228ae,15650,1
C:\SRS(ISIC_2019)\Dataset\NV\ISIC_0027400.jpg,isic_0027400,5,80923f7fda2d6754b6033c13e9bb4092e0f5d740a5e5e2bad0485a0e9d5188c9,15653,1
C:\SRS(ISIC_2019)\Dataset\NV\ISIC_0027409.jpg,isic_0027409,5,b486db0300323749db05cf834be6b450cb6e5545763395fd36a218228038f4f6,15660,1
C:\SRS(ISIC_2019)\Dataset\NV\ISIC_0027415.jpg,isic_0027415,5,dedbff2b7d2094df65757895f3953f06b96b6cff2db7edff32b6850d11267e5a,15666,1
C:\SRS(ISIC_2019)\Dataset\NV\ISIC_0027423.jpg,isic_0027423,5,dcd29594a6906e4a4aa43d07b70654419ac74220dfa93c72143758d40632a6a2,15672,1
C:\SRS(ISIC_2019)\Dataset\NV\ISIC_0027424.jpg,isic_0027424,5,96e1b9d49e24682dd4dde8b8f3f32170370438f4b86132f74c45b5795d3f17f7,15673,1
C:\SRS(ISIC_2019)\Dataset\NV\ISIC_0027429.jpg,isic_0027429,5,d1e2774e9f13f2450a5ed9ca1cd92ed17ba82bc4e383eacbb961e4867392a2c6,15676,1
C:\SRS(ISIC_2019)\Dataset\NV\ISIC_0027434.jpg,isic_0027434,5,e8a35fe8abbf5323437df094508e25afcf815196bffe8fc6d08f77f5079261b7,15680,1
C:\SRS(ISIC_2019)\Dataset\NV\ISIC_0027438.jpg,isic_0027438,5,b53138792fa9566e89ff47cca53547850ce11f07a35489549d7e7889622dc74b,15681,1
C:\SRS(ISIC_2019)\Dataset\NV\ISIC_0027448.jpg,isic_0027448,5,1b3c076faf8a18c2567e31530fbc145099e54fd68e7279a2aa50ddc872b0a5cc,15689,1
C:\SRS(ISIC_2019)\Dataset\NV\ISIC_0027464.jpg,isic_0027464,5,504885fcc171a909cdd52a9ecbe111b11298203e2a1d55a66cb8c8265a1c3895,15700,1
C:\SRS(ISIC_2019)\Dataset\NV\ISIC_0027468.jpg,isic_0027468,5,71ef918baa8b9d989a85819fd5bd0c661139d1ac279cc4c46cfb4ef577c61ef4,15704,1
C:\SRS(ISIC_2019)\Dataset\NV\ISIC_0027486.jpg,isic_0027486,5,644be1a557fb0e92c421336a52187872932d125fda0625913454c6b17a4badfc,15718,1
C:\SRS(ISIC_2019)\Dataset\NV\ISIC_0027489.jpg,isic_0027489,5,5662fd244c1ce073a3ee347b9ebb2fcaa3ba42931e3543b16c1995f2be29f5bc,15719,1
C:\SRS(ISIC_2019)\Dataset\NV\ISIC_0027497.jpg,isic_0027497,5,52b872a4f4c7a69f576bf807c59c0d6ae0646762521f86d511e96c01e8eeffc3,15727,1
C:\SRS(ISIC_2019)\Dataset\NV\ISIC_0027503.jpg,isic_0027503,5,bbc54f6ea34e945fe2ee315d38250a2e815fa233040b272bb232adec2e9f4d8c,15732,1
C:\SRS(ISIC_2019)\Dataset\NV\ISIC_0027505.jpg,isic_0027505,5,907d4a81b1f8d3fa2c54c6252d94862ecd220b311c05fb37aed0fcfa7136d927,15733,1
C:\SRS(ISIC_2019)\Dataset\NV\ISIC_0027519.jpg,isic_0027519,5,34bc8c9767df96b930c402026ea24ae09ccac132c908a8bfa4530de34df4295a,15742,1
C:\SRS(ISIC_2019)\Dataset\NV\ISIC_0027521.jpg,isic_0027521,5,a81d902b8626a7962a462cdf4d864464ed4d73500cae02dde67530d6c71d884c,15744,1
C:\SRS(ISIC_2019)\Dataset\NV\ISIC_0027524.jpg,isic_0027524,5,cd3250613ed19fad4246e720d48b2052832c9b801b700d561d356feb3b2b0269,15746,1
C:\SRS(ISIC_2019)\Dataset\NV\ISIC_0027532.jpg,isic_0027532,5,e89d8ca90c321919f285b03d1b0a6617b1d2199e77bc880d3a4ff179c76e0608,15749,1
C:\SRS(ISIC_2019)\Dataset\NV\ISIC_0027538.jpg,isic_0027538,5,ffaaf7948ee506318dba04703df523b3700e0785b15ed83011295310caa456f6,15753,1
C:\SRS(ISIC_2019)\Dataset\NV\ISIC_0027539.jpg,isic_0027539,5,b60ab87605b30e4bd86dbebde28c2e05f714cd300a19caa03f6b9760d206d34e,15754,1
C:\SRS(ISIC_2019)\Dataset\NV\ISIC_0027542.jpg,isic_0027542,5,4f4a20a5ce8065831bf183cfc3e3345a0478371899530c491a6c07165549c39e,15757,1
C:\SRS(ISIC_2019)\Dataset\NV\ISIC_0027543.jpg,isic_0027543,5,97b614c16ecb94f06042d4fb7a72f9a64bfad88bac87b7eeda6be07bd14db6c8,15758,1
C:\SRS(ISIC_2019)\Dataset\NV\ISIC_0027565.jpg,isic_0027565,5,4877de8db1f753022da4ee1db00f4ecce9bc62e02f98ce8ecfe836237f24057c,15770,1
C:\SRS(ISIC_2019)\Dataset\NV\ISIC_0027566.jpg,isic_0027566,5,e54f406903ca126e51ff460919757f28db385bfbfa237f28edfb7f169aabbba3,15771,1
C:\SRS(ISIC_2019)\Dataset\NV\ISIC_0027569.jpg,isic_0027569,5,0ccca60d564432357d974f527d879a7d084a1ee65feaf9ba9d61a6c196ad1a9b,15774,1
C:\SRS(ISIC_2019)\Dataset\NV\ISIC_0027572.jpg,isic_0027572,5,4a840f04c7f8a9fcb3c37cb45dfb38453fd8bd897dd72ca7c1526e329c958325,15777,1
C:\SRS(ISIC_2019)\Dataset\NV\ISIC_0027578.jpg,isic_0027578,5,8e9877d3124302294547302ad90ef74b3e29cd8d1e9baf92cf410841bc680616,15781,1
C:\SRS(ISIC_2019)\Dataset\NV\ISIC_0027579.jpg,isic_0027579,5,74d7fa2d06419a96b96d98b6b04f3c0fb7c9112ab901710a454b6606687c75ce,15782,1
C:\SRS(ISIC_2019)\Dataset\NV\ISIC_0027583.jpg,isic_0027583,5,64450ef99fcd715f419a428b90e254df0b015b5b46b5e63344619dce9e2624db,15785,1
C:\SRS(ISIC_2019)\Dataset\NV\ISIC_0027587.jpg,isic_0027587,5,2ea69ad10934e5bd458e2075b2a134eaafd69d8b25bc65d58afaef5ba9f82c23,15788,1
C:\SRS(ISIC_2019)\Dataset\NV\ISIC_0027593.jpg,isic_0027593,5,8eec51abbdae2187858b8eadf44791cbd8496663863713b7766fbd5d8ca364d4,15792,1
C:\SRS(ISIC_2019)\Dataset\NV\ISIC_0027597.jpg,isic_0027597,5,200e3eaace044d8c65844af556e8fc22b245ee89b64fb7ea50c23da58b07826e,15795,1
C:\SRS(ISIC_2019)\Dataset\NV\ISIC_0027605.jpg,isic_0027605,5,57cbd0388b4dd54c19d8b9ab9873084e3455cf4871babf7525bf4145c511c77f,15800,1
C:\SRS(ISIC_2019)\Dataset\NV\ISIC_0027611.jpg,isic_0027611,5,2a1d10c50414b98188fdbbb423fae569c03ca1815e9b3fbb260d279fda994efb,15803,1
C:\SRS(ISIC_2019)\Dataset\NV\ISIC_0027614.jpg,isic_0027614,5,8e641920dd04a78ed1f3c7c16e7247ecdc52404f5e1213f4f166bcdac5bd2860,15804,1
C:\SRS(ISIC_2019)\Dataset\NV\ISIC_0027618.jpg,isic_0027618,5,1f1a37d334145d6dd6b670651709c07164ca071f8bde824ad0ab915597f2c3b2,15806,1
C:\SRS(ISIC_2019)\Dataset\NV\ISIC_0027628.jpg,isic_0027628,5,920d7928248249c516aba57c9c648f2062acf031ca1d5068c55d1c84fb47a2ee,15813,1
C:\SRS(ISIC_2019)\Dataset\NV\ISIC_0027633.jpg,isic_0027633,5,771b6a991b97668a5205443fce157064a912877bb5a111ae00e7343956de647f,15816,1
C:\SRS(ISIC_2019)\Dataset\NV\ISIC_0027636.jpg,isic_0027636,5,53ba11e9ee3022022efeab30d024c81d07364da3b30292113b0999fcc989b098,15819,1
C:\SRS(ISIC_2019)\Dataset\NV\ISIC_0027645.jpg,isic_0027645,5,0d1ee59e3d8bb8ecb2ac48ce25426f484625cf92295fb04b267222505c404451,15828,1
C:\SRS(ISIC_2019)\Dataset\NV\ISIC_0027653.jpg,isic_0027653,5,969f2e918644ae32fc80525572d32685c2f36e5c4d18181f83a32380a7da1a69,15831,1
C:\SRS(ISIC_2019)\Dataset\NV\ISIC_0027655.jpg,isic_0027655,5,ea1d421fd79cba38f5be0db7b7b7ba199c4f2c3cb9ae1a2a053d21ddc3522b8b,15833,1
C:\SRS(ISIC_2019)\Dataset\NV\ISIC_0027658.jpg,isic_0027658,5,3dbeb1bbf682c55ab26cd658bc779243b00f2576e4400ad75e2124369b728bae,15836,1
C:\SRS(ISIC_2019)\Dataset\NV\ISIC_0027661.jpg,isic_0027661,5,406a0d3ec9e8fe7da3607272cb1bdf929617d298446a730d0d259b589470396a,15838,1
C:\SRS(ISIC_2019)\Dataset\NV\ISIC_0027666.jpg,isic_0027666,5,fd4b383750fecfba601174f10cdd7169970e9a272b5c44717928a382b1d71a63,15841,1
C:\SRS(ISIC_2019)\Dataset\NV\ISIC_0027671.jpg,isic_0027671,5,73f7b407621d8d8bf98fbd0b4e8bc7720a61a56d7207c11296fffb621fa32011,15844,1
C:\SRS(ISIC_2019)\Dataset\NV\ISIC_0027674.jpg,isic_0027674,5,1917612ff2e6c03982e2c0e19d54a178c98645d0a3ba71d4f8f309e089b12f8d,15845,1
C:\SRS(ISIC_2019)\Dataset\NV\ISIC_0027688.jpg,isic_0027688,5,bd8c41ff6429f0b1b67a00d8db26ee0270053058840bdabc335e5a241d5da332,15854,1
C:\SRS(ISIC_2019)\Dataset\NV\ISIC_0027698.jpg,isic_0027698,5,9f85913f3f4ca40a55a20ef3cb8ee7669a02a140a1d1a1279122b33d0d3f5716,15863,1
C:\SRS(ISIC_2019)\Dataset\NV\ISIC_0027699.jpg,isic_0027699,5,7b948803a81a2b2febd9078ac91b62ddec639ab20fa1c9b4effbafd1df9c0681,15864,1
C:\SRS(ISIC_2019)\Dataset\NV\ISIC_0027718.jpg,isic_0027718,5,fb652c1051b125224ed00f0b29b48cbce8d94a0cd3b8523cf06356fbacf927c9,15876,1
C:\SRS(ISIC_2019)\Dataset\NV\ISIC_0027731.jpg,isic_0027731,5,5840aa8b90695ed9c2756fe54147510479a13e134ff3fcc8faff22250e2eea1f,15885,1
C:\SRS(ISIC_2019)\Dataset\NV\ISIC_0027762.jpg,isic_0027762,5,3a9c31dfb6b900de4a451444954edc6e8f31c683245f79dc576eed6d9d81f383,15905,1
C:\SRS(ISIC_2019)\Dataset\NV\ISIC_0027764.jpg,isic_0027764,5,b547ba7b63390bd570841ee5173b699f2662ebd9e40acaca54c5aa78da5e4679,15907,1
C:\SRS(ISIC_2019)\Dataset\NV\ISIC_0027778.jpg,isic_0027778,5,1e0b3941c1326e422250fbed660c8b93023ebcac8bc17f1f60e4652b927372c4,15915,1
C:\SRS(ISIC_2019)\Dataset\NV\ISIC_0027789.jpg,isic_0027789,5,4ba275b0d32fed990180c4eaa78f1ccde8d4725097e94e4170d516c528643fbe,15922,1
C:\SRS(ISIC_2019)\Dataset\NV\ISIC_0027792.jpg,isic_0027792,5,1f4eb8ba63de2a008274a26d2d52d33b1185956160c22153d34332830a1f7e2b,15924,1
C:\SRS(ISIC_2019)\Dataset\NV\ISIC_0027799.jpg,isic_0027799,5,02070049cbbd0e5ae3d71009519af7860f00edf63a51ea2606a1bbe79770d168,15927,1
C:\SRS(ISIC_2019)\Dataset\NV\ISIC_0027805.jpg,isic_0027805,5,915cc4007ba0fc930bb3459bd3de37b036a0e172fceb94152b39c9f6245ff5b8,15931,1
C:\SRS(ISIC_2019)\Dataset\NV\ISIC_0027807.jpg,isic_0027807,5,b30639847911cdf5146c187d4d3bf99423e5024e78b774aef51fbad3bcb958f3,15932,1
C:\SRS(ISIC_2019)\Dataset\NV\ISIC_0027809.jpg,isic_0027809,5,9d1edf9a0211b2b47c7aaf78e9574fc8452fee9e2f41823e148efa1a3284d95e,15934,1
C:\SRS(ISIC_2019)\Dataset\NV\ISIC_0027818.jpg,isic_0027818,5,508a6046c7201fc38ce0c47feb8e8bf25df9a80bcf4867a328ec7e6fd3f2357f,15940,1
C:\SRS(ISIC_2019)\Dataset\NV\ISIC_0027827.jpg,isic_0027827,5,706cf3e4a1fbbd56d809f0960c93945d9f75b021e80b79c48679fd29ed1ced97,15944,1
C:\SRS(ISIC_2019)\Dataset\NV\ISIC_0027830.jpg,isic_0027830,5,306a2d8c06d995d67a9b34d0793fbe7256c6f4021d7f8ad2a75b3fff859ad295,15945,1
C:\SRS(ISIC_2019)\Dataset\NV\ISIC_0027837.jpg,isic_0027837,5,311bb31e8cb8d673c53509b8fcdc017e1121d50035272057dafd84cf6db7fe25,15950,1
C:\SRS(ISIC_2019)\Dataset\NV\ISIC_0027841.jpg,isic_0027841,5,959e7dc77243b3c3489d702cf4a129f7d8517e8e307eb0a36971299973717bd3,15953,1
C:\SRS(ISIC_2019)\Dataset\NV\ISIC_0027855.jpg,isic_0027855,5,91f57b112d110c16af3d96797ebd2b95a74fba44cb06e81ef1d9c4d9cd2f7f54,15964,1
C:\SRS(ISIC_2019)\Dataset\NV\ISIC_0027869.jpg,isic_0027869,5,346542db609ec8c931ae2c956f8f78d5958cec609868f93359fa581d0056c94c,15973,1
C:\SRS(ISIC_2019)\Dataset\NV\ISIC_0027883.jpg,isic_0027883,5,83c17a0ab545a9cdc95d158e5d8c849a9ebe625ddda90cbeea79b9e8a554b182,15984,1
C:\SRS(ISIC_2019)\Dataset\NV\ISIC_0027885.jpg,isic_0027885,5,e85897c2c3b3b401a33041fbcff35ec61e972b744afbecf63b9922d7162557d3,15985,1
C:\SRS(ISIC_2019)\Dataset\NV\ISIC_0027907.jpg,isic_0027907,5,0adc52e5b574d0cf48972b37977c88f744610aff4efd60d214d395949b432d95,16000,1
C:\SRS(ISIC_2019)\Dataset\NV\ISIC_0027911.jpg,isic_0027911,5,980e25a710b416cc1d42c88223027f2f5d38e0a19535a50ee1e5b4ddde1de957,16004,1
C:\SRS(ISIC_2019)\Dataset\NV\ISIC_0027918.jpg,isic_0027918,5,96821ed63509b41f6d5ded29a69226da4e8c3ea8f204549211e8157a114e3a05,16009,1
C:\SRS(ISIC_2019)\Dataset\NV\ISIC_0027925.jpg,isic_0027925,5,f4ac3b8fb744f6a3e4d5fdbbcae22542511e178815d076b4cfed09e5cb6b4f1a,16015,1
C:\SRS(ISIC_2019)\Dataset\NV\ISIC_0027926.jpg,isic_0027926,5,ce46066d65be48127bbfb437f3384f73f9ed6d2cb4aaceb78ac4a09abfc62a1f,16016,1
C:\SRS(ISIC_2019)\Dataset\NV\ISIC_0027931.jpg,isic_0027931,5,068245bb4ec402ca45d63a2d317262b21bc92fe32d54944428978db1935251d4,16020,1
C:\SRS(ISIC_2019)\Dataset\NV\ISIC_0027935.jpg,isic_0027935,5,62395b9650361d179c748746810db1d748e92b55498228c5b82880e17e4f778f,16024,1
C:\SRS(ISIC_2019)\Dataset\NV\ISIC_0027940.jpg,isic_0027940,5,5e9178d622bf76258b05d423a6086c2855e878bbe43c7c50ce154806cece5cd0,16028,1
C:\SRS(ISIC_2019)\Dataset\NV\ISIC_0027946.jpg,isic_0027946,5,8094bbb5fa673ea9c8997e59215e481c85a6e4ceaf95c96bb16e614bb74eaf81,16034,1
C:\SRS(ISIC_2019)\Dataset\NV\ISIC_0027949.jpg,isic_0027949,5,76411acfd398b97111935da60c86c05981a5eeab7719b4e14932e52b417e323f,16037,1
C:\SRS(ISIC_2019)\Dataset\NV\ISIC_0027962.jpg,isic_0027962,5,e7cd9aef180a90185b83d5e6bfd5bde7a1c0d0f10c787d1dd61356107413e6c8,16043,1
C:\SRS(ISIC_2019)\Dataset\NV\ISIC_0028007.jpg,isic_0028007,5,8420eabec7aefa52e1cc1e68afdfef11f967d31e239e8d37bae327c5217138b6,16074,1
C:\SRS(ISIC_2019)\Dataset\NV\ISIC_0028008.jpg,isic_0028008,5,6ee9a43941cc439e8333d84c0ba33525289fd4616104ead377590b1ee81c038c,16075,1
C:\SRS(ISIC_2019)\Dataset\NV\ISIC_0028010.jpg,isic_0028010,5,dff0a7e186641e13aa96e1c0b9aab3f3b5bca8f5ff25c2215f7362eebf9d4dfe,16077,1
C:\SRS(ISIC_2019)\Dataset\NV\ISIC_0028016.jpg,isic_0028016,5,fdf2df1d5bbaeddaa16629e15afa5e168fdf695d732df06c6af1d10f56b546b3,16083,1
C:\SRS(ISIC_2019)\Dataset\NV\ISIC_0028018.jpg,isic_0028018,5,858956d09019437647d255c1afb9ce55f7de375ec80337be91968b93d393fde4,16084,1
C:\SRS(ISIC_2019)\Dataset\NV\ISIC_0028027.jpg,isic_0028027,5,ce22df485fab4aefd6a94a8f3b0f20b1f6f6100263fa3d0634d889d9a3b4bb3c,16090,1
C:\SRS(ISIC_2019)\Dataset\NV\ISIC_0028038.jpg,isic_0028038,5,46e9814bdb787873f8fee09e8dde218765ebf67bab41e296f7448c13b148b52a,16098,1
C:\SRS(ISIC_2019)\Dataset\NV\ISIC_0028042.jpg,isic_0028042,5,6fcceca9377a9b65bc5c219467d76edf78a292457a57ae8b313d27cbd1897991,16101,1
C:\SRS(ISIC_2019)\Dataset\NV\ISIC_0028045.jpg,isic_0028045,5,f672b18d57bfc11a4f35c07562f9269fd7e24f3b417fc4049dbf8dd8a8e3c59a,16103,1
C:\SRS(ISIC_2019)\Dataset\NV\ISIC_0028049.jpg,isic_0028049,5,edc801de575393ae880f3e04cd3d0ca961243eccdf414213708b8b3bb65a1f68,16107,1
C:\SRS(ISIC_2019)\Dataset\NV\ISIC_0028054.jpg,isic_0028054,5,3f3d4931c77ad72de32612edfed6dfc0141921f9e71a85dd86c59f31ece0c730,16109,1
C:\SRS(ISIC_2019)\Dataset\NV\ISIC_0028064.jpg,isic_0028064,5,afe70cf32fa5d2879763255df27ac22505d70067d264acb858d7096025ab7f0d,16116,1
C:\SRS(ISIC_2019)\Dataset\NV\ISIC_0028070.jpg,isic_0028070,5,441dcc3dee1a9e20400849f9e9b6424061fb0e605818f7873089fad1e5b515f2,16120,1
C:\SRS(ISIC_2019)\Dataset\NV\ISIC_0028073.jpg,isic_0028073,5,d09b9dc1b4852b925369ba0c308adda9c7bd1a30c4f5ebe6e95adbaa6aec20be,16123,1
C:\SRS(ISIC_2019)\Dataset\NV\ISIC_0028118.jpg,isic_0028118,5,a3b14ac7e1380e130add63f1d17872baf326bd1ac55124d8e964f7e2774d04a4,16149,1
C:\SRS(ISIC_2019)\Dataset\NV\ISIC_0028128.jpg,isic_0028128,5,054b2524a02ffab4b8c4b75230c537a4b1ecc8371368b0f5cefd8da65d8ca84a,16152,1
C:\SRS(ISIC_2019)\Dataset\NV\ISIC_0028131.jpg,isic_0028131,5,533903bb49c5dd2118795ad979333e8205d58ba227047e46c9ef77ffc4546c99,16155,1
C:\SRS(ISIC_2019)\Dataset\NV\ISIC_0028139.jpg,isic_0028139,5,7479bb81a6cf30d8554caf8b38bc6abdc321591f9a0cd8a884c75fa2b70426e4,16162,1
C:\SRS(ISIC_2019)\Dataset\NV\ISIC_0028140.jpg,isic_0028140,5,a9ce7072e8fd8e3d98c5a5013a81341c9d7b4270dc1206aa9cf7313ef8767820,16163,1
C:\SRS(ISIC_2019)\Dataset\NV\ISIC_0028151.jpg,isic_0028151,5,9eb05e62b1b68456c8076df51e2cc131994d1570c03dc2cdef711ef1c2d75455,16171,1
C:\SRS(ISIC_2019)\Dataset\NV\ISIC_0028154.jpg,isic_0028154,5,95b85f2ba3b04ff67cbe8eb2d739642ab8cb341f3b4b5795c3118d4e504f4b38,16174,1
C:\SRS(ISIC_2019)\Dataset\NV\ISIC_0028162.jpg,isic_0028162,5,ef6280e064505472292a11645c3ad7317a9681d624d77dab35bc98a4b96e61c8,16179,1
C:\SRS(ISIC_2019)\Dataset\NV\ISIC_0028171.jpg,isic_0028171,5,ab0761a35008f3ef2a5ec8443194b0715a74b84d84e97d0b28be305ad49c06d4,16185,1
C:\SRS(ISIC_2019)\Dataset\NV\ISIC_0028193.jpg,isic_0028193,5,33462f2257d9952100b8872f0a759b9073fb106c5dfbbdc52d9fffa4d9ddfa14,16203,1
C:\SRS(ISIC_2019)\Dataset\NV\ISIC_0028203.jpg,isic_0028203,5,0af6ee607ea90b178ccad25cb02742e4a1fe03020f70c2f53423a1e1614f0855,16209,1
C:\SRS(ISIC_2019)\Dataset\NV\ISIC_0028217.jpg,isic_0028217,5,53a9a3840a224654062b56081fef50a8667fd9fa0c584d5dda52bd5ca752ba0f,16220,1
C:\SRS(ISIC_2019)\Dataset\NV\ISIC_0028260.jpg,isic_0028260,5,128070b34e4e7dcfff15f1d2649667555a991f126186ad86448f25376d440944,16246,1
C:\SRS(ISIC_2019)\Dataset\NV\ISIC_0028263.jpg,isic_0028263,5,2c51f50efd7c65a9b4973d82405fb288c61f7bc731efb246c6700642dcd9fa2d,16249,1
C:\SRS(ISIC_2019)\Dataset\NV\ISIC_0028267.jpg,isic_0028267,5,9784ed4cc8793adedc47ce0d23d8414c2760c4859d1eac819d17079eb387854e,16252,1
C:\SRS(ISIC_2019)\Dataset\NV\ISIC_0028271.jpg,isic_0028271,5,7918c4e36882068862d7e11ebc999c9eacf403630eccb6c490473b85630240d2,16256,1
C:\SRS(ISIC_2019)\Dataset\NV\ISIC_0028284.jpg,isic_0028284,5,791355fa18aed35a7b0f03db1be187ec8545737157dd2ea8e67e9f2a6d5b0ef5,16268,1
C:\SRS(ISIC_2019)\Dataset\NV\ISIC_0028286.jpg,isic_0028286,5,23389374106c31ac3a97a1e23acc1b52fb05d112d1f9d6bb5761ad5b1d638790,16269,1
C:\SRS(ISIC_2019)\Dataset\NV\ISIC_0028296.jpg,isic_0028296,5,74b69fec93bf8f8198857cc94907e7d8e1106a90548e2b74490beadd062e4350,16276,1
C:\SRS(ISIC_2019)\Dataset\NV\ISIC_0028297.jpg,isic_0028297,5,cd74bccf40a1ce9edb16a358e834f4b118ec03bbdb43683dc541c11a767c3b73,16277,1
C:\SRS(ISIC_2019)\Dataset\NV\ISIC_0028300.jpg,isic_0028300,5,3b0f67729399ce322012065409c64290732581cf529befae8620431085b0a3ee,16280,1
C:\SRS(ISIC_2019)\Dataset\NV\ISIC_0028302.jpg,isic_0028302,5,2af351be11525df840bd38f5296aa16bb5d99c18173f3977d3fa9b9497e59c5a,16282,1
C:\SRS(ISIC_2019)\Dataset\NV\ISIC_0028307.jpg,isic_0028307,5,ae540e304913d2e75d4fa958fffc7d083281758833c1d059f302feebe1cf2e2b,16285,1
C:\SRS(ISIC_2019)\Dataset\NV\ISIC_0028310.jpg,isic_0028310,5,88ce3d99e3437ac82ab46e3a7927ffe40f6a1451f9dee722b7130d9fc08d39a8,16286,1
C:\SRS(ISIC_2019)\Dataset\NV\ISIC_0028318.jpg,isic_0028318,5,71e7bb538f127477f8d8fb7a1da7a23f4e7b429ccf3053c1f24851f42c9d3186,16291,1
C:\SRS(ISIC_2019)\Dataset\NV\ISIC_0028339.jpg,isic_0028339,5,bc551a2b4ece86d79fc688756a9f1a201620d10a9b7f31d3deed0d9bb197df3c,16305,1
C:\SRS(ISIC_2019)\Dataset\NV\ISIC_0028348.jpg,isic_0028348,5,5e7b99e4c5d6ca284ae04a6dd7c50593dce1219df0839ece59fbe91cca46b953,16311,1
C:\SRS(ISIC_2019)\Dataset\NV\ISIC_0028359.jpg,isic_0028359,5,ae9eb1770cfad04c94785d22b4ad0f6bd35906b7cc8026f09b10296dc3613ed1,16319,1
C:\SRS(ISIC_2019)\Dataset\NV\ISIC_0028363.jpg,isic_0028363,5,cc929d9906f069749a3d0204ea0b0b1326a04a37a832fd564dcec178d2ed6e0c,16322,1
C:\SRS(ISIC_2019)\Dataset\NV\ISIC_0028374.jpg,isic_0028374,5,4d82e527550c8618867290c4b94fd812021ef987249b376639e09bebdc8b32a1,16331,1
C:\SRS(ISIC_2019)\Dataset\NV\ISIC_0028402.jpg,isic_0028402,5,409fd59eb820bcbd475281d72912dae1004eb4a58ab146195e2b75dd5c62d59b,16353,1
C:\SRS(ISIC_2019)\Dataset\NV\ISIC_0028407.jpg,isic_0028407,5,82f6fc61dbf571e44ff4e960eff471cc0428dfbd112df5488130bfd450fd9ff7,16356,1
C:\SRS(ISIC_2019)\Dataset\NV\ISIC_0028413.jpg,isic_0028413,5,8014f86b57dfb0a1932b0b49f9d4179dbe9c7bef9291f277e4c8f1d2b96fbd65,16359,1
C:\SRS(ISIC_2019)\Dataset\NV\ISIC_0028424.jpg,isic_0028424,5,ba9fe61bebf8d2dd95133a97cee1967ab44daa3c30796bd2afea9c39dd457674,16366,1
C:\SRS(ISIC_2019)\Dataset\NV\ISIC_0028428.jpg,isic_0028428,5,d5452938a09001fed34c3ab73d28418cacdee9c26de163c2b52fa8d8b5e3ed57,16370,1
C:\SRS(ISIC_2019)\Dataset\NV\ISIC_0028436.jpg,isic_0028436,5,96747fdf8b2ab5378ee1b9041e01896ffc33b85454dcf0ab4f682e19cf2dac00,16377,1
C:\SRS(ISIC_2019)\Dataset\NV\ISIC_0028447.jpg,isic_0028447,5,2cb9fe972dcc6a414fdb833ebd3f6f8db443d891da66f75768834beefaf8de3c,16386,1
C:\SRS(ISIC_2019)\Dataset\NV\ISIC_0028452.jpg,isic_0028452,5,39001ff758bec378a516147146512198958a8351b67142bdeb3a6b4530b00488,16388,1
C:\SRS(ISIC_2019)\Dataset\NV\ISIC_0028458.jpg,isic_0028458,5,348cf1e9b6c5cda0418506e57f8e1dfe1314122b6d56306693df92d05a97427a,16393,1
C:\SRS(ISIC_2019)\Dataset\NV\ISIC_0028466.jpg,isic_0028466,5,ba91614629e871a819a5885ca5c073e0d3a465c0f0d91d2647df98f57182e0f4,16398,1
C:\SRS(ISIC_2019)\Dataset\NV\ISIC_0028476.jpg,isic_0028476,5,bcb2c47e8344476e00051570c452f434cc6b19038b7df9e94f0c311ff2cf99f6,16406,1
C:\SRS(ISIC_2019)\Dataset\NV\ISIC_0028478.jpg,isic_0028478,5,b37f98d25a28b047db3cdd2d27f675165b5d30681e88e300d8202b0f95a60c1f,16408,1
C:\SRS(ISIC_2019)\Dataset\NV\ISIC_0028480.jpg,isic_0028480,5,efaddb16424c9612a3cb7fe2016eff45d668bc864ecebe44d57b22dd7cec38bf,16409,1
C:\SRS(ISIC_2019)\Dataset\NV\ISIC_0028482.jpg,isic_0028482,5,500c3337c8c5fdea98672aeb52ee98cd362c67e2dd0a20dc6c5707ea4980a5d9,16410,1
C:\SRS(ISIC_2019)\Dataset\NV\ISIC_0028513.jpg,isic_0028513,5,f277a2017b8586540baba970cc22222e04c19f9ee3fee1021d34f157635b2573,16428,1
C:\SRS(ISIC_2019)\Dataset\NV\ISIC_0028515.jpg,isic_0028515,5,134e1d9f810340f13c95d48d09578c6e3233b9bfdffdb08981cc8d5796852289,16430,1
C:\SRS(ISIC_2019)\Dataset\NV\ISIC_0028523.jpg,isic_0028523,5,88a9e24c0c87fac2958ed8b23d0c6628b10586f661ca738bfe212688e8020029,16435,1
C:\SRS(ISIC_2019)\Dataset\NV\ISIC_0028534.jpg,isic_0028534,5,b95f6686eea41850d1c89a3467840e833de0afca5123aa03cb4b35632c16f23a,16445,1
C:\SRS(ISIC_2019)\Dataset\NV\ISIC_0028551.jpg,isic_0028551,5,555d6ea453072e2bed20b94a8d2fba5755f3660a89e8e2f89784523105b313f3,16457,1
C:\SRS(ISIC_2019)\Dataset\NV\ISIC_0028603.jpg,isic_0028603,5,0953b7361ca29eb699219e7523b1cba798b629a83846ceb8c9e992184f44f411,16494,1
C:\SRS(ISIC_2019)\Dataset\NV\ISIC_0028605.jpg,isic_0028605,5,96941622580df35290f58663eacb8e16b1aa78fbcf3f914babee40c17dfdd24f,16496,1
C:\SRS(ISIC_2019)\Dataset\NV\ISIC_0028613.jpg,isic_0028613,5,7c6dc723aaba59c30934fee7b4042d1cf18115163b24053e49f6590b56457c87,16502,1
C:\SRS(ISIC_2019)\Dataset\NV\ISIC_0028614.jpg,isic_0028614,5,5daf0c60db3242185cea5c167d275f647412f29a3f1a18f7c7a6457112c1b978,16503,1
C:\SRS(ISIC_2019)\Dataset\NV\ISIC_0028616.jpg,isic_0028616,5,a4b7c8873676beb7faa53d25aafe13fbeb8ee250ecae0518530a544a78ea5521,16504,1
C:\SRS(ISIC_2019)\Dataset\NV\ISIC_0028621.jpg,isic_0028621,5,404ef959d68f453f8f817c574c176521f606496be44440ed9d4ae2b8a71cf5c7,16508,1
C:\SRS(ISIC_2019)\Dataset\NV\ISIC_0028658.jpg,isic_0028658,5,685cdef2ec83538fc87e727fd6d4559f3f50171b9ef73de3c04de6efc90dd855,16532,1
C:\SRS(ISIC_2019)\Dataset\NV\ISIC_0028661.jpg,isic_0028661,5,18ba827ca8a3c64bbab8f74a52fcf860881828bf254e43455983e6273a01c02e,16534,1
C:\SRS(ISIC_2019)\Dataset\NV\ISIC_0028667.jpg,isic_0028667,5,3277c4c705efe73df87e4996445e91ab5baffc6bc57654d056496abc7eed658a,16538,1
C:\SRS(ISIC_2019)\Dataset\NV\ISIC_0028668.jpg,isic_0028668,5,9349d930198c8ef2ad563c81e0d3c8d7e8e3ddf246c3ece9f2facd6bf2d2af98,16539,1
C:\SRS(ISIC_2019)\Dataset\NV\ISIC_0028669.jpg,isic_0028669,5,e35899a105c832af4cb07e451b96bb61968e3243fa5be6deb7b605dc01ebafcd,16540,1
C:\SRS(ISIC_2019)\Dataset\NV\ISIC_0028672.jpg,isic_0028672,5,0a4198ccad97a3e61d06ad86d8e19a518f21b3ef805c5121f7ad5ee92be5c3f7,16541,1
C:\SRS(ISIC_2019)\Dataset\NV\ISIC_0028673.jpg,isic_0028673,5,0bd1ac59e97409c427df0b71cc7cff1df253f62c2e0cb47f4e88742c617116db,16542,1
C:\SRS(ISIC_2019)\Dataset\NV\ISIC_0028686.jpg,isic_0028686,5,50ec6e9cd273b22b6c3180a8c5df8f51097487a02c0ba7cf2ec084137f14e25b,16551,1
C:\SRS(ISIC_2019)\Dataset\NV\ISIC_0028690.jpg,isic_0028690,5,68c90389382fbcba438e1af79f215cb96791eaf10f74199756e5897e22666c74,16553,1
C:\SRS(ISIC_2019)\Dataset\NV\ISIC_0028699.jpg,isic_0028699,5,ab28272c6e3dcf64ba082941903e39ae66108732a1632ad73fd30a01a2a5fc07,16560,1
C:\SRS(ISIC_2019)\Dataset\NV\ISIC_0028706.jpg,isic_0028706,5,5f9886faaf59a0781ee447f590c8af594022611e1a04e14c6d7aeaef1237f200,16565,1
C:\SRS(ISIC_2019)\Dataset\NV\ISIC_0028712.jpg,isic_0028712,5,49c5d5bb50ac6168e07231ce4be70b0dc323c19af16d331029578136994b7cb5,16568,1
C:\SRS(ISIC_2019)\Dataset\NV\ISIC_0028729.jpg,isic_0028729,5,c17a436f045d54fb3cac2439d3534102d3b9725299639ba7944267f9b2f94128,16581,1
C:\SRS(ISIC_2019)\Dataset\NV\ISIC_0028742.jpg,isic_0028742,5,42ffcb1c68496bb9ea10fea7e6b3f9b4291316aeef3e0691f090fe0f4c9e9c33,16591,1
C:\SRS(ISIC_2019)\Dataset\NV\ISIC_0028745.jpg,isic_0028745,5,bd562b86d8261cba400824b3c2cb4de59ec743d0bda9df6910e96e6371cefb6f,16594,1
C:\SRS(ISIC_2019)\Dataset\NV\ISIC_0028753.jpg,isic_0028753,5,194efd452d767f5ceafb6ad89954518b38c50127dc663fb38344adbf819a3a63,16598,1
C:\SRS(ISIC_2019)\Dataset\NV\ISIC_0028759.jpg,isic_0028759,5,c95a83a9e59c2852cebd8b52dd16f69082e0a31e1cde20d897b56d9c2c0f03e7,16604,1
C:\SRS(ISIC_2019)\Dataset\NV\ISIC_0028769.jpg,isic_0028769,5,ff5701784d13b80c47771522552ffb6e9f0ecf156e0c90b87343bcf5ce8e5daf,16610,1
C:\SRS(ISIC_2019)\Dataset\NV\ISIC_0028776.jpg,isic_0028776,5,df0e30171fd9537afcc3b70cabb51f316ac9c4ea3f296ec36d77d7faf4fa2983,16615,1
C:\SRS(ISIC_2019)\Dataset\NV\ISIC_0028778.jpg,isic_0028778,5,8e7bb360a4b47560b4372eea6164eddc57677dc092510a7a6062c9eb39751ba7,16616,1
C:\SRS(ISIC_2019)\Dataset\NV\ISIC_0028782.jpg,isic_0028782,5,92a36f7858e8f5ad9fabbba3f7a043e3576bfb05d1bbafd2e6e3d3df9d4b1449,16620,1
C:\SRS(ISIC_2019)\Dataset\NV\ISIC_0028788.jpg,isic_0028788,5,17c6c5c83a2f9eadf6230a47f9efbdc58d0ffc6d673d698dc17da597a916137a,16626,1
C:\SRS(ISIC_2019)\Dataset\NV\ISIC_0028806.jpg,isic_0028806,5,1516e17621faa8b4d924e315116371f32df81637f1615f5f7b889439604bcb2a,16640,1
C:\SRS(ISIC_2019)\Dataset\NV\ISIC_0028809.jpg,isic_0028809,5,a56e80878911258d4fcca88f20fb0ac0590a44cf748a311ab700702525add86f,16642,1
C:\SRS(ISIC_2019)\Dataset\NV\ISIC_0028811.jpg,isic_0028811,5,2495bf2b73a014cb73054d12a05f78738d5f47a5bd57ffb5a284eebddcfaacc2,16644,1
C:\SRS(ISIC_2019)\Dataset\NV\ISIC_0028813.jpg,isic_0028813,5,8070f9b20dab9d10225bc1bd9245d7feefe9cfaf157b87befdd7b532a1fc1b01,16646,1
C:\SRS(ISIC_2019)\Dataset\NV\ISIC_0028819.jpg,isic_0028819,5,62fbb1dcaf1c2c6a78e01b9c9af11638cf49646ccc79da386f7c1b9493a6c1d0,16648,1
C:\SRS(ISIC_2019)\Dataset\NV\ISIC_0028839.jpg,isic_0028839,5,a19a8fc366f1ee119df70d66ab43c824e4ef34e2b33d0f0876e8bcd076c8442d,16664,1
C:\SRS(ISIC_2019)\Dataset\NV\ISIC_0028850.jpg,isic_0028850,5,3467cf88198e545c48bb8596ea07bb88be0a8f0f079e4888210b1ba680c7faaa,16671,1
C:\SRS(ISIC_2019)\Dataset\NV\ISIC_0028851.jpg,isic_0028851,5,ac725fb6664e90fcfbb62c7f38d1a74cd4c755878f72a040de5b09a19ee91f36,16672,1
C:\SRS(ISIC_2019)\Dataset\NV\ISIC_0028853.jpg,isic_0028853,5,0a07617e94af95d919378b1179d8171f7495b77978b3617557735abd0fa5f2f2,16674,1
C:\SRS(ISIC_2019)\Dataset\NV\ISIC_0028855.jpg,isic_0028855,5,52f5986f0042ab21dff854677f6cf795a68c41b5808c6930f362fe2923a619d6,16675,1
C:\SRS(ISIC_2019)\Dataset\NV\ISIC_0028874.jpg,isic_0028874,5,e20d5f0a8f1ca770d99f318243d4fcc2db150d29ddc90be139b85258cbdc652e,16689,1
C:\SRS(ISIC_2019)\Dataset\NV\ISIC_0028882.jpg,isic_0028882,5,b62f90534d81892eeec82febce28526e50950c94d3401078db1c8a9d07020b05,16692,1
C:\SRS(ISIC_2019)\Dataset\NV\ISIC_0028895.jpg,isic_0028895,5,17884d40fa3004f699ee4e7b2d44ff3821e1fab346e600a4231e9b07be4bbed8,16703,1
C:\SRS(ISIC_2019)\Dataset\NV\ISIC_0028896.jpg,isic_0028896,5,37c9aa0ba33dc290a4195453af57709be960e63e023f62b08112058810a33049,16704,1
C:\SRS(ISIC_2019)\Dataset\NV\ISIC_0028907.jpg,isic_0028907,5,f92b2cad99cdd3d0a1a571fb2178817b9b91e682a55af24f43b12492beacb261,16710,1
C:\SRS(ISIC_2019)\Dataset\NV\ISIC_0028908.jpg,isic_0028908,5,4bac199f8a3a649288e71ab6f29da0f46e68c763c53ea4efd6ea1d0bd5b3c2d8,16711,1
C:\SRS(ISIC_2019)\Dataset\NV\ISIC_0028917.jpg,isic_0028917,5,adfbb3e0e68bd44596d66a807016ac81de316b34c5c6e22c3660e7d8beb78e2a,16717,1
C:\SRS(ISIC_2019)\Dataset\NV\ISIC_0028918.jpg,isic_0028918,5,85ab4bd894e6c716cd5974f8cfb1eff5865483669e374fde1ead08d11bc8ab62,16718,1
C:\SRS(ISIC_2019)\Dataset\NV\ISIC_0028923.jpg,isic_0028923,5,afcafb4fcacebdaf2b571323fcda4164970db791e92b0bec09ba94f1a6ed2d3e,16722,1
C:\SRS(ISIC_2019)\Dataset\NV\ISIC_0028936.jpg,isic_0028936,5,0d4b8e140a8601a706b2dc47e6094315bc2ef0a88509f95db8e2ecbfc4d1a8e4,16729,1
C:\SRS(ISIC_2019)\Dataset\NV\ISIC_0028945.jpg,isic_0028945,5,39866b12043f27e5449248d69795110fba779852f4ddd2bed61ab2e866a5462b,16735,1
C:\SRS(ISIC_2019)\Dataset\NV\ISIC_0028962.jpg,isic_0028962,5,ee59137a11161474830cd6c4ff0eec575d400446a8f71605d9a8eabda0fb7c3f,16750,1
C:\SRS(ISIC_2019)\Dataset\NV\ISIC_0028967.jpg,isic_0028967,5,30effa0eb57d3d56eaa77d431b109b98953295670a4915b077d0fde1bcdc510a,16753,1
C:\SRS(ISIC_2019)\Dataset\NV\ISIC_0028976.jpg,isic_0028976,5,b5b3c69b3e05e0c5acf810259ef1bf8648cfa7a7675b2d239ec867026063cc4c,16757,1
C:\SRS(ISIC_2019)\Dataset\NV\ISIC_0028986.jpg,isic_0028986,5,1e21df6db56edc02360535027dc72b63de78f65e666e8380b7d7dbcbb4b6af93,16763,1
C:\SRS(ISIC_2019)\Dataset\NV\ISIC_0028988.jpg,isic_0028988,5,59b437202f574692ec0e239e3deef0f90a956ca361346cc451a62bccb7bc25a1,16765,1
C:\SRS(ISIC_2019)\Dataset\NV\ISIC_0028993.jpg,isic_0028993,5,73512758220491c358bd68810271b0c5d02479ea89f56cf98e3388be0c78994e,16767,1
C:\SRS(ISIC_2019)\Dataset\NV\ISIC_0029004.jpg,isic_0029004,5,7a26d35bc292b7ca81ddf9fa264c653b1bdda1bfd8fac8ada993b14f012a353e,16773,1
C:\SRS(ISIC_2019)\Dataset\NV\ISIC_0029027.jpg,isic_0029027,5,45c5107f4d0b0efea91eca2419dd983e48d0d0d26381ad9045116bda7d7e0926,16787,1
C:\SRS(ISIC_2019)\Dataset\NV\ISIC_0029030.jpg,isic_0029030,5,2dcbec753f1a06c43d836d5a594a318892e07bfe8ce5ab342641ddcd85b1c4dc,16788,1
C:\SRS(ISIC_2019)\Dataset\NV\ISIC_0029042.jpg,isic_0029042,5,0584ee8068b008d59f72517abaef42981eb8204110e567aa50aba35d9b84e4f9,16791,1
C:\SRS(ISIC_2019)\Dataset\NV\ISIC_0029047.jpg,isic_0029047,5,1e2002fe0c1e5313802c51d23af32cdde0bc1e0c5d7fe6df54eae354efa659b5,16795,1
C:\SRS(ISIC_2019)\Dataset\NV\ISIC_0029054.jpg,isic_0029054,5,11f553598ce2d9696bde7ba4d73e6063c381614138ab116aa8f6f12a0b70bbbe,16798,1
C:\SRS(ISIC_2019)\Dataset\NV\ISIC_0029069.jpg,isic_0029069,5,8a6891b20d8fd8ee5b7ad1f7c7a23ef331cfe385b8a3f25ace9b0060f74ea887,16806,1
C:\SRS(ISIC_2019)\Dataset\NV\ISIC_0029075.jpg,isic_0029075,5,1159a749c28edecb5008489d7043e7bc83476ccc347f33f287a3bb50e1cc6759,16811,1
C:\SRS(ISIC_2019)\Dataset\NV\ISIC_0029079.jpg,isic_0029079,5,4e7962af2d64614106cfc9a805fbf6b38ae8dfe9032ee9ba1abca73f1dd7d080,16815,1
C:\SRS(ISIC_2019)\Dataset\NV\ISIC_0029084.jpg,isic_0029084,5,4fcac60792bb141ed5278ff12afb187d21c3cfa60da0ab54642cfc7498bd5884,16816,1
C:\SRS(ISIC_2019)\Dataset\NV\ISIC_0029120.jpg,isic_0029120,5,b4510fb0af8659d7eef6896b0857c184ce9419a29a86e4e398395c1f5af924f7,16841,1
C:\SRS(ISIC_2019)\Dataset\NV\ISIC_0029124.jpg,isic_0029124,5,893ad8907540cf795be5b5d36c0f40d6b83e7048f627df586d6b33647ea88a01,16844,1
C:\SRS(ISIC_2019)\Dataset\NV\ISIC_0029136.jpg,isic_0029136,5,9d3fc03a5a626b992601eb19ae2ba93ebec2f8c80dc3d8ae7ecce7a80ae12b2a,16851,1
C:\SRS(ISIC_2019)\Dataset\NV\ISIC_0029137.jpg,isic_0029137,5,6ce23a3ff53d93235d137b0566d9efd0b05959746081a342bb58beb00f8ae79a,16852,1
C:\SRS(ISIC_2019)\Dataset\NV\ISIC_0029155.jpg,isic_0029155,5,3aef1588a9e14cb5fc15594e49cacb0e39b2952a06dc837aa158e38eb8c07dd8,16866,1
C:\SRS(ISIC_2019)\Dataset\NV\ISIC_0029158.jpg,isic_0029158,5,61dc3a76d54458fcdaa50400a1890f6648c1eaebbc8e2f05f1e612a60c50e366,16868,1
C:\SRS(ISIC_2019)\Dataset\NV\ISIC_0029168.jpg,isic_0029168,5,cf3762f7d9fab3f6d39435372ad7aad1f57daf4d855b17b7d7abda5a0bf816ca,16875,1
C:\SRS(ISIC_2019)\Dataset\NV\ISIC_0029188.jpg,isic_0029188,5,db8b608930e1e6565a5273ec693c24d91b67a9f667c6f1ee4da5b6b03acb3bb3,16891,1
C:\SRS(ISIC_2019)\Dataset\NV\ISIC_0029189.jpg,isic_0029189,5,c921a8795350744aa666ec7ca7fcd5c3f9a1492f4381b83742427b788a962973,16892,1
C:\SRS(ISIC_2019)\Dataset\NV\ISIC_0029190.jpg,isic_0029190,5,2783e7f52e4d68b1ef68c824cee232f35359a485b6a8476abcc2491f52530ec0,16893,1
C:\SRS(ISIC_2019)\Dataset\NV\ISIC_0029196.jpg,isic_0029196,5,ad490549342bf8ec45f0f0aa337fe3c2d10f2b4068890e0fe9340d57038604bd,16896,1
C:\SRS(ISIC_2019)\Dataset\NV\ISIC_0029197.jpg,isic_0029197,5,1a8059bc8c55187c6d618ccd2953632f4405a3adaac65af5c09b791908d808a2,16897,1
C:\SRS(ISIC_2019)\Dataset\NV\ISIC_0029204.jpg,isic_0029204,5,5e72ff8f9ac6cc6d523fc5c2a76b609420c32773b19ada6ee91f52f5d4d43171,16902,1
C:\SRS(ISIC_2019)\Dataset\NV\ISIC_0029211.jpg,isic_0029211,5,28194ddb81b7b990ac27cc3149f9d3d651d670b84c0303e1f89a4d2b5caf4f2d,16906,1
C:\SRS(ISIC_2019)\Dataset\NV\ISIC_0029218.jpg,isic_0029218,5,30972ad3f444b04fd193871e099687c33fcfc237a74e95c46cbc21b303559785,16909,1
C:\SRS(ISIC_2019)\Dataset\NV\ISIC_0029223.jpg,isic_0029223,5,000804591a8e947951cb225bfef4f57051cc9e3953e0669fefb526b753526e25,16913,1
C:\SRS(ISIC_2019)\Dataset\NV\ISIC_0029228.jpg,isic_0029228,5,8827f370498f65f72fff343b3d0ab28dbd9c754dd5e522e4056ea9e58d365b03,16917,1
C:\SRS(ISIC_2019)\Dataset\NV\ISIC_0029239.jpg,isic_0029239,5,90a5a648b4959401297cf9fb48f20542269ee3663827663ddf6c752d10fde087,16923,1
C:\SRS(ISIC_2019)\Dataset\NV\ISIC_0029246.jpg,isic_0029246,5,91804f36484cb8b4e47b2e5b5dfd986f18add39fe2808ad2a9e9eda36cf697dc,16927,1
C:\SRS(ISIC_2019)\Dataset\NV\ISIC_0029267.jpg,isic_0029267,5,ae3e5afb98fcf7a51025cdd546630df0b2761b2f46c0491205c4de376874ad05,16942,1
C:\SRS(ISIC_2019)\Dataset\NV\ISIC_0029269.jpg,isic_0029269,5,7c445762c6a5cd2805e33172867aa49e2e57245c6c3257df3611899fe46a88fb,16943,1
C:\SRS(ISIC_2019)\Dataset\NV\ISIC_0029295.jpg,isic_0029295,5,5a52075f5336931b77ed0374d2c4355e18ce0705dd5bad1706e65891ab78cbb9,16960,1
C:\SRS(ISIC_2019)\Dataset\NV\ISIC_0029296.jpg,isic_0029296,5,7f644be224ee1b8159107ed13c8a34d79b0a79ddf76ac0f94095f9ef65b24701,16961,1
C:\SRS(ISIC_2019)\Dataset\NV\ISIC_0029310.jpg,isic_0029310,5,916cf3c57496e0ecd0dd3278a769489a0ce56155329cb4279b6cb3f2dd1716c8,16970,1
C:\SRS(ISIC_2019)\Dataset\NV\ISIC_0029328.jpg,isic_0029328,5,caaa2b687aab0248ae5d8d426713ce318483ef49726fc2ff464a22c741345e99,16981,1
C:\SRS(ISIC_2019)\Dataset\NV\ISIC_0029330.jpg,isic_0029330,5,cb3a71f7f20a67ce8614cdd1d7b462d7ee56653437af3891af83dc417d891f42,16982,1
C:\SRS(ISIC_2019)\Dataset\NV\ISIC_0029333.jpg,isic_0029333,5,60dc72a406c01004f8c5719f5f0443b5f19e200a1eb71a8ad0db2c2a2cbc0b4a,16984,1
C:\SRS(ISIC_2019)\Dataset\NV\ISIC_0029348.jpg,isic_0029348,5,e278510820bdc38c82602c7f519626788b4c69aec62c19dd225f662fe2ebfb13,16993,1
C:\SRS(ISIC_2019)\Dataset\NV\ISIC_0029364.jpg,isic_0029364,5,dd196083708d38711673233a2c12f09a692037204de71951d3afcd5fe1f3ac62,17003,1
C:\SRS(ISIC_2019)\Dataset\NV\ISIC_0029369.jpg,isic_0029369,5,87424fdc83e397000f468dc8537ebe004d771095025ad5511557558b2cf8bdd0,17008,1
C:\SRS(ISIC_2019)\Dataset\NV\ISIC_0029377.jpg,isic_0029377,5,156644d6ed310e8d1c2160590287013dd028099bf60d1ebf30f4049f63a44fc4,17013,1
C:\SRS(ISIC_2019)\Dataset\NV\ISIC_0029382.jpg,isic_0029382,5,23f8f67cf84eb02449d80795a62a8563756751d5dadffa98c1ca23081230a90e,17018,1
C:\SRS(ISIC_2019)\Dataset\NV\ISIC_0029385.jpg,isic_0029385,5,4afb7129db73e749c070664d2d3511120e0274d1a6cb7b85d1ab2e4cb11beda8,17020,1
C:\SRS(ISIC_2019)\Dataset\NV\ISIC_0029388.jpg,isic_0029388,5,1067ec7232239b724662d060d9ffce9eb902ac96f37a04466f994af9fd1442fb,17023,1
C:\SRS(ISIC_2019)\Dataset\NV\ISIC_0029402.jpg,isic_0029402,5,7b8acf20f52f4f826a1650a04ea6359188046409c1ee9b9bed1bdcf266a2ff9d,17032,1
C:\SRS(ISIC_2019)\Dataset\NV\ISIC_0029407.jpg,isic_0029407,5,d861497bf6df8d80a96c3599ebc6891446ca515b25f122480216d65433db9227,17035,1
C:\SRS(ISIC_2019)\Dataset\NV\ISIC_0029424.jpg,isic_0029424,5,11abf1ab4b0f327971560d05cccbde747c636c26dfd836e76e4a9747257b8277,17047,1
C:\SRS(ISIC_2019)\Dataset\NV\ISIC_0029428.jpg,isic_0029428,5,e6986dc496814a484d50746b49185c8f111a28fa0991c325cb2b88137fb89875,17049,1
C:\SRS(ISIC_2019)\Dataset\NV\ISIC_0029432.jpg,isic_0029432,5,5880f58cef3ca7a01f52c425fd161f155bfbf0fac1e5ff43e741ed0920d2fec3,17053,1
C:\SRS(ISIC_2019)\Dataset\NV\ISIC_0029433.jpg,isic_0029433,5,9434d4fcfac6e119ee54d725141f9a5f0b5951a3aaa2fbaac921087763e226e1,17054,1
C:\SRS(ISIC_2019)\Dataset\NV\ISIC_0029450.jpg,isic_0029450,5,2e201abfb6dffef1cb2851c53f25cd3a3fb107c9cb14962e609cbbb4e44c39f4,17067,1
C:\SRS(ISIC_2019)\Dataset\NV\ISIC_0029452.jpg,isic_0029452,5,979ab5d571739dee98491bac02a3c15b4fe402bb4539f9ccf3f6682dafeeb466,17069,1
C:\SRS(ISIC_2019)\Dataset\NV\ISIC_0029467.jpg,isic_0029467,5,b46ae336443055e358473a9c8175a90f998cf375ab25743840c630319094aa59,17077,1
C:\SRS(ISIC_2019)\Dataset\NV\ISIC_0029469.jpg,isic_0029469,5,336aee6a0c69d496733f839418ec73ed8484cf9ab31d36826aa4e63a5469fe34,17079,1
C:\SRS(ISIC_2019)\Dataset\NV\ISIC_0029478.jpg,isic_0029478,5,09357eec42b9f3b15c8b37db7049a0292f20c69ca22b7f58b8054cbc2bdb6656,17085,1
C:\SRS(ISIC_2019)\Dataset\NV\ISIC_0029509.jpg,isic_0029509,5,6d5464a831bbab8183815c4c1b06408d78ab7a6f6ae0bda57fbadc9be9dbfd43,17108,1
C:\SRS(ISIC_2019)\Dataset\NV\ISIC_0029516.jpg,isic_0029516,5,06e7cd6f40fff2325fb471841ad55313214841ab36af7978438964c182fb7492,17111,1
C:\SRS(ISIC_2019)\Dataset\NV\ISIC_0029554.jpg,isic_0029554,5,01cdedbb65c814c337f7c84cc1b44afe56f190c433fc5365ad64ceb78df195e8,17134,1
C:\SRS(ISIC_2019)\Dataset\NV\ISIC_0029589.jpg,isic_0029589,5,84703c686ea4f46b5373affdf29b1acf59a9af8adb93a834658f16df6470f532,17149,1
C:\SRS(ISIC_2019)\Dataset\NV\ISIC_0029595.jpg,isic_0029595,5,ad84481fb2ad146ddfa0285becc6daf21fa73b569fd70b812f5268ebabc96cd3,17154,1
C:\SRS(ISIC_2019)\Dataset\NV\ISIC_0029609.jpg,isic_0029609,5,0f833ed96b2ca687805b3b4ed15ca7152dc8b6c1958b4ab6423918df67b92417,17161,1
C:\SRS(ISIC_2019)\Dataset\NV\ISIC_0029619.jpg,isic_0029619,5,8781f73f3b38ec8b4b42945478e2c2f081803be1b82267ce47c61c9dfb3905fc,17167,1
C:\SRS(ISIC_2019)\Dataset\NV\ISIC_0029624.jpg,isic_0029624,5,01f4e5e0d4534881f91238e633475af7d391922fadbb92713d12c4a6816cc19d,17172,1
C:\SRS(ISIC_2019)\Dataset\NV\ISIC_0029631.jpg,isic_0029631,5,eefe40d78e01e55a633f9f38105437f85de5bb497a2fc852bcb6408551c0ea53,17177,1
C:\SRS(ISIC_2019)\Dataset\NV\ISIC_0029649.jpg,isic_0029649,5,1b6664ce2d055ffe2ac5dd59efc193854cd905751c1de97a32a9e7ea46f3f7be,17189,1
C:\SRS(ISIC_2019)\Dataset\NV\ISIC_0029657.jpg,isic_0029657,5,49e5215c090810eb7a5df27dccf71fffb3655bdad0ce36e5f8d8c7e2719f7dba,17194,1
C:\SRS(ISIC_2019)\Dataset\NV\ISIC_0029658.jpg,isic_0029658,5,8e277a60ae999a337d5333313d8f39401c197135016d11fed930d75dcf259ced,17195,1
C:\SRS(ISIC_2019)\Dataset\NV\ISIC_0029670.jpg,isic_0029670,5,35491c01d450958b84dd236f9d0c7cb32db8046e4c3f5508c06320e0174527fe,17204,1
C:\SRS(ISIC_2019)\Dataset\NV\ISIC_0029681.jpg,isic_0029681,5,e0a492d51f0854d5074295894bff8c1852d48a48a28a642a76e8eb521412660f,17211,1
C:\SRS(ISIC_2019)\Dataset\NV\ISIC_0029694.jpg,isic_0029694,5,85f23a052b08ada81c6b1197062be526405b7c8adfce82774800cf6f85305fe2,17221,1
C:\SRS(ISIC_2019)\Dataset\NV\ISIC_0029701.jpg,isic_0029701,5,62b958c4291295aa49275de08b0a8ed55b40c9d5b83dbf01bda2268536b1f6c4,17227,1
C:\SRS(ISIC_2019)\Dataset\NV\ISIC_0029709.jpg,isic_0029709,5,c65fe18c5ab4d9f712a6bfc84f6f60d252913f32a278f9c12f93087354d83b73,17234,1
C:\SRS(ISIC_2019)\Dataset\NV\ISIC_0029712.jpg,isic_0029712,5,7856469146101dd80a65c9b2c57ced65025036af9085ca347c87fe77f79293ca,17237,1
C:\SRS(ISIC_2019)\Dataset\NV\ISIC_0029714.jpg,isic_0029714,5,0f9c147c02a0ef1213a0e5cdd5857da520a21153b6e708a0d2f52444c128848e,17238,1
C:\SRS(ISIC_2019)\Dataset\NV\ISIC_0029718.jpg,isic_0029718,5,972d3bc8bdb9af3f70dfb3f8c62ebb981c20261fb7469c52942b198251e828a2,17241,1
C:\SRS(ISIC_2019)\Dataset\NV\ISIC_0029735.jpg,isic_0029735,5,ce34ca2f59ac1f74d25222ec3273d1394a451947bc5eda21904ac7663566d5fe,17256,1
C:\SRS(ISIC_2019)\Dataset\NV\ISIC_0029739.jpg,isic_0029739,5,33845854effad705b91dc628a50cfc6829508b54771a4c8a6af08ecd6989314b,17260,1
C:\SRS(ISIC_2019)\Dataset\NV\ISIC_0029752.jpg,isic_0029752,5,244796304947727897daa115bf7fc7433d5dd8eba4dd10def3969e10d87ea769,17267,1
C:\SRS(ISIC_2019)\Dataset\NV\ISIC_0029757.jpg,isic_0029757,5,bfdd296b488e2745075da0b9154d62ffa45f2704cd712095e54d4fe85ca41063,17271,1
C:\SRS(ISIC_2019)\Dataset\NV\ISIC_0029763.jpg,isic_0029763,5,16037e4aeb9cfcb2eac848ff05006d67c8ad4619b8d1936d3f784e6a6c8fae54,17276,1
C:\SRS(ISIC_2019)\Dataset\NV\ISIC_0029794.jpg,isic_0029794,5,98d2971bee5a8695c4306d852663a6a51a3285fe8eb96ba3eaba50f87bcfe0d2,17296,1
C:\SRS(ISIC_2019)\Dataset\NV\ISIC_0029796.jpg,isic_0029796,5,0f13cf34ddd550df8a309d10191a016f1da8d38465f6b6a376e4e3a22c47c9dc,17298,1
C:\SRS(ISIC_2019)\Dataset\NV\ISIC_0029804.jpg,isic_0029804,5,8735a58436e45478ae0aa701f8217943e84f4554fbebe1a8c0733d6955903eea,17304,1
C:\SRS(ISIC_2019)\Dataset\NV\ISIC_0029806.jpg,isic_0029806,5,1100d1fdbff50a996276a87d2b1b65e4a5222a4485ed6bceb60b403eed8ab47f,17305,1
C:\SRS(ISIC_2019)\Dataset\NV\ISIC_0029815.jpg,isic_0029815,5,21f7e75332cf90738a4dd0ff01dab877bd0cbaadc95b16e6c8de694e197ea7ea,17312,1
C:\SRS(ISIC_2019)\Dataset\NV\ISIC_0029822.jpg,isic_0029822,5,d907a6e6431be4a8c4550a4599e95e3c9d2eea43228a35bd5debc53fda57f40f,17317,1
C:\SRS(ISIC_2019)\Dataset\NV\ISIC_0029848.jpg,isic_0029848,5,9a2681b6984aba419a8a559b978a1aab23602fb14f93e10da673294b73c1a83f,17331,1
C:\SRS(ISIC_2019)\Dataset\NV\ISIC_0029852.jpg,isic_0029852,5,1d0a6454bd1d6f1b6fdbb6dc75c0bde0fc17d3d5646e097a63e2ea6ff4918aea,17333,1
C:\SRS(ISIC_2019)\Dataset\NV\ISIC_0029854.jpg,isic_0029854,5,0439c6354304107ca0454cdc553bd570d84b60f4822b6e9d1bf0572d0a2d6b8c,17335,1
C:\SRS(ISIC_2019)\Dataset\NV\ISIC_0029864.jpg,isic_0029864,5,790ed9c4138ae846e6159b23f2ebb47bb1416922a130cfc76bca68b1bf5ab7d2,17341,1
C:\SRS(ISIC_2019)\Dataset\NV\ISIC_0029871.jpg,isic_0029871,5,2e65d7f7c3b44b52ec992e6dbaf998c2b78f0f02999857d9ae657a1d5e02330c,17348,1
C:\SRS(ISIC_2019)\Dataset\NV\ISIC_0029874.jpg,isic_0029874,5,7483de3bf228c1bef882534090bc1764412f688fd85d6b7fc2c8f5bff43e4985,17350,1
C:\SRS(ISIC_2019)\Dataset\NV\ISIC_0029886.jpg,isic_0029886,5,1b4fbf87bc8824459a4b520350d1aecdeb47ebfb19d0944d4213375570ae8c95,17357,1
C:\SRS(ISIC_2019)\Dataset\NV\ISIC_0029901.jpg,isic_0029901,5,94b33240e5910b511471f5370fb5292a799707bf7e6f68d17d9b46eeda0098b8,17366,1
C:\SRS(ISIC_2019)\Dataset\NV\ISIC_0029904.jpg,isic_0029904,5,8795f3eb3e8f0f1fd273315b28a5b0f4a8072c5d854058d8e4afe12ebc3ab502,17369,1
C:\SRS(ISIC_2019)\Dataset\NV\ISIC_0029934.jpg,isic_0029934,5,9d22774c47592da75428ccadd189aa27aedda01a08962a5d63d27756f63e2fa2,17385,1
C:\SRS(ISIC_2019)\Dataset\NV\ISIC_0029944.jpg,isic_0029944,5,840342a69bf9c9c3b204931b8afa06b26bdb908228efbf0e8b1647b88c28239a,17394,1
C:\SRS(ISIC_2019)\Dataset\NV\ISIC_0029961.jpg,isic_0029961,5,97fa30eacc19c9ba5661f6f78576d7beb556304495a97511ddbce23a7e7e0def,17408,1
C:\SRS(ISIC_2019)\Dataset\NV\ISIC_0029966.jpg,isic_0029966,5,9b669bfe36d9c5f8e9149552585973ef104e5aa09eb618074c7e1d22a29f32c0,17412,1
C:\SRS(ISIC_2019)\Dataset\NV\ISIC_0029968.jpg,isic_0029968,5,8adc8c028a729980eb2b2ef20f43a93abfd101ec9ef00c7375dce80f2e04178f,17413,1
C:\SRS(ISIC_2019)\Dataset\NV\ISIC_0029975.jpg,isic_0029975,5,d30d628b2c1013fd344df0496a53af18a8b1fb632d30b7cbb36cb69b2ba44c2a,17418,1
C:\SRS(ISIC_2019)\Dataset\NV\ISIC_0029980.jpg,isic_0029980,5,cc3df19b900810370b5ee8c02948a8b7d43e47bfd5951eeaae24956a95898fbf,17423,1
C:\SRS(ISIC_2019)\Dataset\NV\ISIC_0029981.jpg,isic_0029981,5,bdfdb2c2844bc90706399c8c6d82b15eb7589316c37d009047bba7b15639f4df,17424,1
C:\SRS(ISIC_2019)\Dataset\NV\ISIC_0029984.jpg,isic_0029984,5,f079dc4ac050f8e200bf65b173ea81ab1b89623124f0e10930274ca381e83d0e,17427,1
C:\SRS(ISIC_2019)\Dataset\NV\ISIC_0029985.jpg,isic_0029985,5,b5ddd942958e41e01b5a0ad5aa40e48ab31660867fb5563f7c3b7d372a634d85,17428,1
C:\SRS(ISIC_2019)\Dataset\NV\ISIC_0029988.jpg,isic_0029988,5,fc8ace7bde5b0553e67f9addfbb179e78e74bccd5f0d1162afeaa760d48e62d6,17431,1
C:\SRS(ISIC_2019)\Dataset\NV\ISIC_0030006.jpg,isic_0030006,5,b03ec56bb213689d7a9562fc86ed08b06a010af777c21e31d00418613d3a80ae,17445,1
C:\SRS(ISIC_2019)\Dataset\NV\ISIC_0030017.jpg,isic_0030017,5,eb1c1a057c2d23893cddb3076f27c3a0e6b1d705d9c0e3ea1ebfb4eebe4fdbc4,17451,1
C:\SRS(ISIC_2019)\Dataset\NV\ISIC_0030033.jpg,isic_0030033,5,7785a47ec4cad569e389e459906d97c4c6d5d20893d5d8ad4a774d9bdc262848,17463,1
C:\SRS(ISIC_2019)\Dataset\NV\ISIC_0030037.jpg,isic_0030037,5,669c185a5f4816d3452293075eb7d8c159c4ce2771656b1a4c5a90bed962ad9b,17465,1
C:\SRS(ISIC_2019)\Dataset\NV\ISIC_0030040.jpg,isic_0030040,5,7b466499b2010091d8aab8c1b9464b2b6b1e0f42e2269a5f6c8602ea8f4daa6d,17468,1
C:\SRS(ISIC_2019)\Dataset\NV\ISIC_0030044.jpg,isic_0030044,5,356e58fc5c3d8c298a6ec2e776533eb1914e85ff09588f49f5b78630df4991cc,17472,1
C:\SRS(ISIC_2019)\Dataset\NV\ISIC_0030057.jpg,isic_0030057,5,3f2dfa566fced404b15aab44aad04ac33f4471eb1b23cef414ff0f474afe5488,17483,1
C:\SRS(ISIC_2019)\Dataset\NV\ISIC_0030065.jpg,isic_0030065,5,8e1671d04c08c959daa784219f0039b4664dafcfacbaae6e403d948d7188a7b2,17490,1
C:\SRS(ISIC_2019)\Dataset\NV\ISIC_0030073.jpg,isic_0030073,5,9816fffc392c4eb3e6d636d2210063bb2c8168b66f4c19e75ce18811fc4d0d5f,17496,1
C:\SRS(ISIC_2019)\Dataset\NV\ISIC_0030087.jpg,isic_0030087,5,ac00f34d5148b7372a6f5ad6ffa218459b073995535660926bd68bea93258cb5,17506,1
C:\SRS(ISIC_2019)\Dataset\NV\ISIC_0030090.jpg,isic_0030090,5,3c4a0eb6e9efd1e346eec3094dcf038a10e7aa2840d9a6025bce3d8fd6b2f5c2,17507,1
C:\SRS(ISIC_2019)\Dataset\NV\ISIC_0030092.jpg,isic_0030092,5,39f83ee255012081fbc6df1a203805ac152da0a2e6f84fc705add81a704938ac,17509,1
C:\SRS(ISIC_2019)\Dataset\NV\ISIC_0030111.jpg,isic_0030111,5,c66a647338c8d77efd6e863ee8ecdf3e82ee6138145ddb91c6ca5a4c33e90298,17520,1
C:\SRS(ISIC_2019)\Dataset\NV\ISIC_0030112.jpg,isic_0030112,5,e44cb0d3bc43c7a1c8a3c2e595b6e1040aad86d6a018e77d20153fbc2f0ab239,17521,1
C:\SRS(ISIC_2019)\Dataset\NV\ISIC_0030125.jpg,isic_0030125,5,8724ac3762c3cc9683b77098e07b0a1ed9df6c21da93f871341da0ce962d2c74,17528,1
C:\SRS(ISIC_2019)\Dataset\NV\ISIC_0030127.jpg,isic_0030127,5,5bcc81962ff95aacfe6a64cf2720f85858f97f28b2c921ac5f8c176e3c9b5c12,17530,1
C:\SRS(ISIC_2019)\Dataset\NV\ISIC_0030136.jpg,isic_0030136,5,e2b9b0de632dcf9e65e035ab7180e8e9f188d2def9df07c63eae21959dcb1c57,17535,1
C:\SRS(ISIC_2019)\Dataset\NV\ISIC_0030148.jpg,isic_0030148,5,554249171643d3211d75b9fd62de354c87e50015ae906fcf85e4ba47a3741ae5,17542,1
C:\SRS(ISIC_2019)\Dataset\NV\ISIC_0030151.jpg,isic_0030151,5,8219bc852462778a614cb50e5508e1107f97abc71d0750154f6ca842d0f731f7,17544,1
C:\SRS(ISIC_2019)\Dataset\NV\ISIC_0030170.jpg,isic_0030170,5,9d1e5965358d74bb14640baefadab674398bb9f1d26d08a130f2dc6c6eb2bdb3,17560,1
C:\SRS(ISIC_2019)\Dataset\NV\ISIC_0030178.jpg,isic_0030178,5,286c8f017f6db22f8de8d83aa8fe62bf4d8f0816a30284540a0be01249fb6640,17563,1
C:\SRS(ISIC_2019)\Dataset\NV\ISIC_0030186.jpg,isic_0030186,5,e23ee8f20993dac9ac4a27518e4ce7e9c2ae978cd3fe6ec7391d6cb01d86b987,17569,1
C:\SRS(ISIC_2019)\Dataset\NV\ISIC_0030190.jpg,isic_0030190,5,0facd1e5d5e4aa1bf5f3109561b85d7233476dfb006cea4075d335863bb1769d,17570,1
C:\SRS(ISIC_2019)\Dataset\NV\ISIC_0030193.jpg,isic_0030193,5,eaa1e58172e8c160b6259dfecbd68fc6833940b69428f97817ead595a7681baf,17571,1
C:\SRS(ISIC_2019)\Dataset\NV\ISIC_0030195.jpg,isic_0030195,5,fbc741c8e9f4593aa3016e286476cc9bddf0cbca1e3bd7417e1f3a9ce7e6239b,17573,1
C:\SRS(ISIC_2019)\Dataset\NV\ISIC_0030196.jpg,isic_0030196,5,5341338baa334d82ea8e3805eee1cbecbbfad31dee49ca7efb4c98e6ada7d3e9,17574,1
C:\SRS(ISIC_2019)\Dataset\NV\ISIC_0030214.jpg,isic_0030214,5,68334c362fd06f8807930f4cbad795a42136f3715d8972818d330c2236e06ec9,17587,1
C:\SRS(ISIC_2019)\Dataset\NV\ISIC_0030216.jpg,isic_0030216,5,086ac97bb63522585f1da1251226df79af70be56d4af8cc0a05cd6be18069ee6,17589,1
C:\SRS(ISIC_2019)\Dataset\NV\ISIC_0030225.jpg,isic_0030225,5,834889345f020b4c51e0ce95ddafb141901ab5cb5d51bd7d4495fd0885cdb17a,17597,1
C:\SRS(ISIC_2019)\Dataset\NV\ISIC_0030228.jpg,isic_0030228,5,ce448924f0fa9b38dcbb5a881dd14dfc1ff01d71d2a211e9a6ea26d139a6e55a,17598,1
C:\SRS(ISIC_2019)\Dataset\NV\ISIC_0030232.jpg,isic_0030232,5,ecd487a5abb7f5f66f5225380ddbe1751d2caf4632f7f9533e77b40fe093a9d6,17600,1
C:\SRS(ISIC_2019)\Dataset\NV\ISIC_0030254.jpg,isic_0030254,5,010464db8d5e58e66fbe710e46549853ef4f498770668a43edeeb3a45f304573,17613,1
C:\SRS(ISIC_2019)\Dataset\NV\ISIC_0030263.jpg,isic_0030263,5,58c13004e2b35cb47372c58ef2a1c80b591125cd9ca28e1275f3da1473ec35c7,17619,1
C:\SRS(ISIC_2019)\Dataset\NV\ISIC_0030264.jpg,isic_0030264,5,3fa81741645cff532e870810578c9740bd0134a55483428dbcc26959b9ca847b,17620,1
C:\SRS(ISIC_2019)\Dataset\NV\ISIC_0030268.jpg,isic_0030268,5,b478f71621632152df3f7f3b8f816a6396081e9028b3116bde2455e72f2cd3ba,17624,1
C:\SRS(ISIC_2019)\Dataset\NV\ISIC_0030284.jpg,isic_0030284,5,0fa08876efc25c10416d9103b4775ed3e6038a3a7cb6ad1a225b4d8ea6fdab89,17632,1
C:\SRS(ISIC_2019)\Dataset\NV\ISIC_0030286.jpg,isic_0030286,5,e9d99e81f3528579ac74a098882f3d3b7c13b815584fe11098d693953343c75e,17634,1
C:\SRS(ISIC_2019)\Dataset\NV\ISIC_0030287.jpg,isic_0030287,5,08c5372a3089ecab763302c0ab873e1cab36ef14087d085ea47b9dc36f4a81f1,17635,1
C:\SRS(ISIC_2019)\Dataset\NV\ISIC_0030288.jpg,isic_0030288,5,ac9e9bef3186f8099922e842684d42556834c397809e15fac8f0470e1039bc57,17636,1
C:\SRS(ISIC_2019)\Dataset\NV\ISIC_0030296.jpg,isic_0030296,5,56c187b4730e97f059daa0de967d2d2f112ed0e123d3b8f038cb40481f37434d,17644,1
C:\SRS(ISIC_2019)\Dataset\NV\ISIC_0030302.jpg,isic_0030302,5,02a0ef73b96bb41f6e791124b5aedcab1d17400b087f77aeade74816aef7245a,17649,1
C:\SRS(ISIC_2019)\Dataset\NV\ISIC_0030304.jpg,isic_0030304,5,193aa686680d54027be5d482dfacbb87345631e288437c3420a057440ebc099d,17651,1
C:\SRS(ISIC_2019)\Dataset\NV\ISIC_0030306.jpg,isic_0030306,5,a1b32fbacf1d634ee244f6c6c09712b84f3d570a28fd4a1c83171b58a43d37f7,17653,1
C:\SRS(ISIC_2019)\Dataset\NV\ISIC_0030308.jpg,isic_0030308,5,09bea6377d910407fa89e7cd404e797a46775709a29d7c22d766f50025532854,17655,1
C:\SRS(ISIC_2019)\Dataset\NV\ISIC_0030309.jpg,isic_0030309,5,b94e0c56e3c6f0b28ca003590340fc9c2777900eebe4edb22ba62d3ef34d33bb,17656,1
C:\SRS(ISIC_2019)\Dataset\NV\ISIC_0030317.jpg,isic_0030317,5,79348eac2f0ed013bf5e0a9c0e3179d6b118cb5fe8b598d0de64f65ad7701fbc,17661,1
C:\SRS(ISIC_2019)\Dataset\NV\ISIC_0030326.jpg,isic_0030326,5,3998adf2f77e95919579e5456f3c0dbe4beb0c33fbc4bf6c7c2b0332038d512b,17665,1
C:\SRS(ISIC_2019)\Dataset\NV\ISIC_0030327.jpg,isic_0030327,5,398d52ffa4b498345d9f3ab808e52ce466b28a9abe2c9d5f9f8c5dc57381f0cb,17666,1
C:\SRS(ISIC_2019)\Dataset\NV\ISIC_0030338.jpg,isic_0030338,5,e5bc77e70f2a3ef6e9ba9ac8ed7b4e7e39a48116f4a8a7d0d780367064738294,17674,1
C:\SRS(ISIC_2019)\Dataset\NV\ISIC_0030343.jpg,isic_0030343,5,8cf36b2a3073911c12b9a3379b0009104786bedbcb77e0404802b772cee170d8,17677,1
C:\SRS(ISIC_2019)\Dataset\NV\ISIC_0030347.jpg,isic_0030347,5,bf44946e5a88cd677647d3a56558d0c1efbf05df91e18246f443cdee20207558,17679,1
C:\SRS(ISIC_2019)\Dataset\NV\ISIC_0030357.jpg,isic_0030357,5,fa43545f7ebd9e31af1d3b4ae1aff1659bc6c82800d73332caffd05435a3c3ba,17686,1
C:\SRS(ISIC_2019)\Dataset\NV\ISIC_0030371.jpg,isic_0030371,5,f6428d98f5a4606a84da015c5ab1057acbe54232c0e748c3f89d343b9efed424,17696,1
C:\SRS(ISIC_2019)\Dataset\NV\ISIC_0030374.jpg,isic_0030374,5,0face4e5854bfdb4b59ef703751659da9d6c418c8395f0972724ff7524ada25f,17698,1
C:\SRS(ISIC_2019)\Dataset\NV\ISIC_0030385.jpg,isic_0030385,5,d812dc5c4f4eb6af8218b2d65a1b6f15e13a11a9ddc17a8a8b3d528bae65d2fa,17705,1
C:\SRS(ISIC_2019)\Dataset\NV\ISIC_0030386.jpg,isic_0030386,5,effa73dba880e37aba17c50b4fd3f5a94f61908b936be31647dfde01e64c8d86,17706,1
C:\SRS(ISIC_2019)\Dataset\NV\ISIC_0030402.jpg,isic_0030402,5,d8ca64a253c19d541aaaf7c09f3a5e280a6e65e8997c975ba451f598c18d03bd,17717,1
C:\SRS(ISIC_2019)\Dataset\NV\ISIC_0030404.jpg,isic_0030404,5,69352378dab6f75d48d28bf8df8e0b4e4e5bd00bf7ebc31f2043fd099fc488c1,17718,1
C:\SRS(ISIC_2019)\Dataset\NV\ISIC_0030406.jpg,isic_0030406,5,af3bb89caaed5992907e58d91632613d6c28daef7dc0cbdf7b8c78d5aecd5976,17720,1
C:\SRS(ISIC_2019)\Dataset\NV\ISIC_0030413.jpg,isic_0030413,5,ec8b4c746b9b2464956235439c8fe1767891dcdbc4a304f546935aed20229f79,17726,1
C:\SRS(ISIC_2019)\Dataset\NV\ISIC_0030418.jpg,isic_0030418,5,62cdc96b2587994f3bc7c205dab49241ccb3298eaf509e3d216f067f2f6152fa,17730,1
C:\SRS(ISIC_2019)\Dataset\NV\ISIC_0030421.jpg,isic_0030421,5,64d6df2a25054a65e693984fffca32cb6a86974b51484ed1a183e80fa8721f1e,17733,1
C:\SRS(ISIC_2019)\Dataset\NV\ISIC_0030424.jpg,isic_0030424,5,54d4c30eeb43eb2a2703cb46ef744b5b2facbe75026085fdb0507ba269d06c57,17735,1
C:\SRS(ISIC_2019)\Dataset\NV\ISIC_0030425.jpg,isic_0030425,5,654856cf75e08f154a3e12ed0697f0cc1a03f98ef7bc5777fe73b029494fea5e,17736,1
C:\SRS(ISIC_2019)\Dataset\NV\ISIC_0030430.jpg,isic_0030430,5,8b4423ba249822bb25b18eba4f106ab75bedad216467a7bed671cc5f198f3dcc,17740,1
C:\SRS(ISIC_2019)\Dataset\NV\ISIC_0030431.jpg,isic_0030431,5,1d629b5114936105726b3a44c5ed26c0a2e84c5659b1289fc7ec65b25d60d520,17741,1
C:\SRS(ISIC_2019)\Dataset\NV\ISIC_0030456.jpg,isic_0030456,5,054573e5de01f49222c99ac3c5a2fe9e55dc32ae65b125d3cf50fff185d7101d,17759,1
C:\SRS(ISIC_2019)\Dataset\NV\ISIC_0030475.jpg,isic_0030475,5,4e21dff8e9506ba109da2b7e24f9130757442fb522656b1d6517c5a362c56035,17774,1
C:\SRS(ISIC_2019)\Dataset\NV\ISIC_0030484.jpg,isic_0030484,5,54765ecaa83e9a5fdf654a06334e54de7c0e143d6c21f8ce907e8a77691b63f4,17783,1
C:\SRS(ISIC_2019)\Dataset\NV\ISIC_0030489.jpg,isic_0030489,5,36517abb6275a02dad335321e2065f28d40de0143e4a4ad4ba8846c8fb842bb8,17785,1
C:\SRS(ISIC_2019)\Dataset\NV\ISIC_0030497.jpg,isic_0030497,5,012d5f0db25858f6e0849aea46bdd1d62c82a236a3cdf22c91174c8c6ecec42c,17792,1
C:\SRS(ISIC_2019)\Dataset\NV\ISIC_0030506.jpg,isic_0030506,5,cbbed26587593de555f9c9dc93201787cd79194bba7b3aeb68b00123b353257c,17800,1
C:\SRS(ISIC_2019)\Dataset\NV\ISIC_0030513.jpg,isic_0030513,5,6bf8a84aff356184f715b996636f71de57e34609ed74fe68a112cc9b3efe379a,17804,1
C:\SRS(ISIC_2019)\Dataset\NV\ISIC_0030516.jpg,isic_0030516,5,88c2aaa38b2f09ebda8371b03cc341d2485dbbd356eae59cd8a2bc2d0152d178,17806,1
C:\SRS(ISIC_2019)\Dataset\NV\ISIC_0030520.jpg,isic_0030520,5,38d1d89ded5470a388bc179d5678c4873f8d18f0d66c6b1554e90975f53b33fd,17810,1
C:\SRS(ISIC_2019)\Dataset\NV\ISIC_0030524.jpg,isic_0030524,5,2dd8c11b92561d7eb86e0a7e95473d9a0e7c1ddbf62a373a3fffad88718f7a68,17812,1
C:\SRS(ISIC_2019)\Dataset\NV\ISIC_0030531.jpg,isic_0030531,5,bd2cc70690432e72cba4608839c8b9052d872416dc54852368302be25ba8fc82,17817,1
C:\SRS(ISIC_2019)\Dataset\NV\ISIC_0030535.jpg,isic_0030535,5,b412e50ecf5e571c38f77558a97c413f8ac47024e1cc93965b1bd26e5c5d667d,17820,1
C:\SRS(ISIC_2019)\Dataset\NV\ISIC_0030536.jpg,isic_0030536,5,f8eb7ad4f763b522e856b47a253c3032c0d4a27b24da4a9f4222ec0c624140a7,17821,1
C:\SRS(ISIC_2019)\Dataset\NV\ISIC_0030543.jpg,isic_0030543,5,f261b0418e0294de1501fdd0e8374059313f01f5f4ef523b4355118ca589ae04,17826,1
C:\SRS(ISIC_2019)\Dataset\NV\ISIC_0030547.jpg,isic_0030547,5,104c4db1dfbadc9038c09dee1dbeb032cf6c940ebf1cf6ef5d1144d5596b7a00,17830,1
C:\SRS(ISIC_2019)\Dataset\NV\ISIC_0030548.jpg,isic_0030548,5,f4e6f7e09ed7a2f99a82e9c63e9fc13a22f1127e7aaaa5d211c4b7e26d716039,17831,1
C:\SRS(ISIC_2019)\Dataset\NV\ISIC_0030553.jpg,isic_0030553,5,8ba9dca79cfed73369052d90a12df69a12872fcee40b0b800249bea627e32c9f,17834,1
C:\SRS(ISIC_2019)\Dataset\NV\ISIC_0030560.jpg,isic_0030560,5,a8e397a7407f2a44b042b2b602ac6864cb658ea344fd16d0fc2ac4e9447872bf,17840,1
C:\SRS(ISIC_2019)\Dataset\NV\ISIC_0030571.jpg,isic_0030571,5,8313738e95ca7b2f99070357a3c1ccd789d17e3addf159dca1e6874daacbde05,17848,1
C:\SRS(ISIC_2019)\Dataset\NV\ISIC_0030573.jpg,isic_0030573,5,8dd40383394fdfe327c9d8dfb39494b6e13b62e2ad48b4bc66134832d9217b5f,17850,1
C:\SRS(ISIC_2019)\Dataset\NV\ISIC_0030576.jpg,isic_0030576,5,3fbf597b4cd0d50b20617d713124c34b184062d1a6ac803779996b35a75c4927,17851,1
C:\SRS(ISIC_2019)\Dataset\NV\ISIC_0030580.jpg,isic_0030580,5,79a58eb3948d9e0e3017370410e8321c304ddc4cfce663791650b4e41f0fbaa5,17854,1
C:\SRS(ISIC_2019)\Dataset\NV\ISIC_0030584.jpg,isic_0030584,5,9d607d8a1793581c48e29ddb735c299a40a8e692c68e0200f029c3008b8dbddc,17857,1
C:\SRS(ISIC_2019)\Dataset\NV\ISIC_0030589.jpg,isic_0030589,5,3a55d1fb206552a43f21e18c08216a76b08f2fa34593957768caa3c9ec5da8ad,17861,1
C:\SRS(ISIC_2019)\Dataset\NV\ISIC_0030598.jpg,isic_0030598,5,16f6b932d87a000de42e778003e90d94939c237f78afab83f093e0867bcfe91c,17868,1
C:\SRS(ISIC_2019)\Dataset\NV\ISIC_0030624.jpg,isic_0030624,5,5969b26c33c06781d9d7d04e6279bc378f078aac6b1d5fda52bba194a7e50c2a,17886,1
C:\SRS(ISIC_2019)\Dataset\NV\ISIC_0030640.jpg,isic_0030640,5,6656ca18512e51bd36da6c707b8daf23fa063059dbaafd8d284233b459b0f468,17900,1
C:\SRS(ISIC_2019)\Dataset\NV\ISIC_0030652.jpg,isic_0030652,5,44b1bcc1bd6627b1c4766aed6c85f43d349ee13b453f1dc3d229a0009a34d3ab,17910,1
C:\SRS(ISIC_2019)\Dataset\NV\ISIC_0030670.jpg,isic_0030670,5,d025610f1217dd5fa8978e4516504582406b3886dd037f66fe9efaa21c57fce9,17923,1
C:\SRS(ISIC_2019)\Dataset\NV\ISIC_0030676.jpg,isic_0030676,5,9a481546248486d7692f485ce948fa4eb443d2f0a9ef5df34d7e568cbeaf7a2a,17929,1
C:\SRS(ISIC_2019)\Dataset\NV\ISIC_0030691.jpg,isic_0030691,5,fcf3e6de09622aff7c38fe219adfd7bef8b3559ebb67c2374c9053d0e86b302d,17938,1
C:\SRS(ISIC_2019)\Dataset\NV\ISIC_0030703.jpg,isic_0030703,5,8a3e8283f738db09e464e267daf26e775b82beca8f97f1738da75347e2e75a72,17947,1
C:\SRS(ISIC_2019)\Dataset\NV\ISIC_0030711.jpg,isic_0030711,5,bbc45ab048f282716c4b12af23efa6c391d70ccd067d77e385935a895d7e815e,17952,1
C:\SRS(ISIC_2019)\Dataset\NV\ISIC_0030713.jpg,isic_0030713,5,aa0557957f0be40d6be9d1fe0499d5d494a948ca9d7ccac9f784126954259c27,17953,1
C:\SRS(ISIC_2019)\Dataset\NV\ISIC_0030718.jpg,isic_0030718,5,41bdc68fd25b3c64a74ff566a132cc153f528201f6b882992bede72fa1453477,17957,1
C:\SRS(ISIC_2019)\Dataset\NV\ISIC_0030720.jpg,isic_0030720,5,292bd934ef247990c7b21cc28e42789f7362b58484fec9d2ae6749405e577574,17959,1
C:\SRS(ISIC_2019)\Dataset\NV\ISIC_0030726.jpg,isic_0030726,5,e421b904057edff473c0c0d49e060a051b5c3675a9c4e74b72a4a75dab0256fb,17962,1
C:\SRS(ISIC_2019)\Dataset\NV\ISIC_0030735.jpg,isic_0030735,5,9cad7661f44baa6cd330671c93985afe94143c3be7af61932eb46916968272d7,17969,1
C:\SRS(ISIC_2019)\Dataset\NV\ISIC_0030736.jpg,isic_0030736,5,41fc8e558ff41812413c6f6490d523b633594eb7ea83bcc4316f55f6aa73e806,17970,1
C:\SRS(ISIC_2019)\Dataset\NV\ISIC_0030739.jpg,isic_0030739,5,a8b6fae6b3c38cab91b5e729f7dd770334146d9ddff277dd209df50d7828df2d,17972,1
C:\SRS(ISIC_2019)\Dataset\NV\ISIC_0030743.jpg,isic_0030743,5,a9d367b031ea76dd9278bed7f8d6f6df28ca7e44ddc22e56dd881d6dfe4fa3ce,17976,1
C:\SRS(ISIC_2019)\Dataset\NV\ISIC_0030751.jpg,isic_0030751,5,36a224cce62cdccafa98e98e101783d1f081adcf9e00da8b93054b0a6a6a9840,17981,1
C:\SRS(ISIC_2019)\Dataset\NV\ISIC_0030752.jpg,isic_0030752,5,a7e175b87fc63c17143fa709d6e65b1f7017ba9a520fb75e1cbf6cafbf251c77,17982,1
C:\SRS(ISIC_2019)\Dataset\NV\ISIC_0030769.jpg,isic_0030769,5,b0e1c564a75af0e0858cd42bb15ec2d26cc21f81ae0f74046ebb17834920e0b5,17989,1
C:\SRS(ISIC_2019)\Dataset\NV\ISIC_0030777.jpg,isic_0030777,5,a859add4336fdceaac58e6b3e243b40e86dac0808897f024831d0285c790f20d,17996,1
C:\SRS(ISIC_2019)\Dataset\NV\ISIC_0030779.jpg,isic_0030779,5,47e8697d029d640da78b0e6a130e4afa0eabe464fbb44b0aedf034d3f43f289d,17997,1
C:\SRS(ISIC_2019)\Dataset\NV\ISIC_0030799.jpg,isic_0030799,5,09666fafc083a3d1c3870133e52c05b9b021439057f588eb45199a9995db9a84,18009,1
C:\SRS(ISIC_2019)\Dataset\NV\ISIC_0030810.jpg,isic_0030810,5,2fd0e435d7063392b2cc66bb31f69c9b25eadf24bfd3c4ec12d828f77c19570d,18016,1
C:\SRS(ISIC_2019)\Dataset\NV\ISIC_0030814.jpg,isic_0030814,5,74f742e6197aa13e881a9191db4147ebaad578809e7d14e52a7872b6e8131f15,18018,1
C:\SRS(ISIC_2019)\Dataset\NV\ISIC_0030837.jpg,isic_0030837,5,41b0ec73b8afeeb3fd1a3b310901ba7bdbe8ad5e7b00dee6a7a16bfe205669b3,18031,1
C:\SRS(ISIC_2019)\Dataset\NV\ISIC_0030856.jpg,isic_0030856,5,6800d2c8d6edd02603b361190f895ee51cf03cc5e8eb63b62c747a44fdd616a4,18047,1
C:\SRS(ISIC_2019)\Dataset\NV\ISIC_0030874.jpg,isic_0030874,5,c82e0386a4c9f59b26d733e79c1b40a20b93cfb7d698ca8539c4fbca66841e66,18063,1
C:\SRS(ISIC_2019)\Dataset\NV\ISIC_0030875.jpg,isic_0030875,5,d35d8d5060c688fe7db86fa4b620e392ef4bda0258cd54ffeb884254ac8be520,18064,1
C:\SRS(ISIC_2019)\Dataset\NV\ISIC_0030880.jpg,isic_0030880,5,1534f098c1ce0a113498e66d6a931d6b5591320b1befa263b3ff0e05b28af466,18067,1
C:\SRS(ISIC_2019)\Dataset\NV\ISIC_0030900.jpg,isic_0030900,5,c30d07a749bd70c292e886b4b7eb657d773396f5fbbfadc1cb22ed50c49c066d,18083,1
C:\SRS(ISIC_2019)\Dataset\NV\ISIC_0030904.jpg,isic_0030904,5,d5ac6fb719d27e43cf57df8ba01475a0d58c0d5123fc1de59ca0274cddd8260c,18086,1
C:\SRS(ISIC_2019)\Dataset\NV\ISIC_0030906.jpg,isic_0030906,5,597ae0a56e19b60a77648537750eb061305891ddc5c86ee41ed322de89e37212,18088,1
C:\SRS(ISIC_2019)\Dataset\NV\ISIC_0030909.jpg,isic_0030909,5,3a8dafa3badfb5dfb528c86fafe3ee3029bcf7a3cce67471b9588c24768c4e79,18091,1
C:\SRS(ISIC_2019)\Dataset\NV\ISIC_0030921.jpg,isic_0030921,5,12358e5669f1a71074c1fb73f8c23774ad18abbf30ec62f0399eeba593e849ed,18101,1
C:\SRS(ISIC_2019)\Dataset\NV\ISIC_0030931.jpg,isic_0030931,5,5e06731a4a2287e18d13181218a8af7009ac4607a811c19c3a5e57e4e1dcf128,18108,1
C:\SRS(ISIC_2019)\Dataset\NV\ISIC_0030942.jpg,isic_0030942,5,06a6362441d61f84e6afd0d91c5c88a562bddb8fda0c0f339a95b066f759bb8e,18117,1
C:\SRS(ISIC_2019)\Dataset\NV\ISIC_0030949.jpg,isic_0030949,5,28fdab6989c3210556fdf1600301f37349486e917f97d16ba31c1eb6c92d8311,18124,1
C:\SRS(ISIC_2019)\Dataset\NV\ISIC_0030960.jpg,isic_0030960,5,3f143f98f9aedb3310084eeac49314baf75cca99997aa6e902a3ca710f671bda,18129,1
C:\SRS(ISIC_2019)\Dataset\NV\ISIC_0030961.jpg,isic_0030961,5,d3d85a298cd090a657934db907f1d53e4b214bdc6c36070cf55616035a0c7636,18130,1
C:\SRS(ISIC_2019)\Dataset\NV\ISIC_0030967.jpg,isic_0030967,5,5b549839a76ab144ba8503246a6120ff2e7d1da79cd5b6e37cf3485bb8b26873,18134,1
C:\SRS(ISIC_2019)\Dataset\NV\ISIC_0030974.jpg,isic_0030974,5,a1717ca23ef76136da0c821ceb32c0350bad45fdd840573fb02a7d4b6845ab17,18140,1
C:\SRS(ISIC_2019)\Dataset\NV\ISIC_0030975.jpg,isic_0030975,5,e4146327682bf83b2ba073434e7f23a2c8f2cedebd76640704f2f7b89935e33e,18141,1
C:\SRS(ISIC_2019)\Dataset\NV\ISIC_0030985.jpg,isic_0030985,5,a5df6d5beb5e112a85c356fa89a4492e2c23c0e31bb9b3045469384f6e141a69,18150,1
C:\SRS(ISIC_2019)\Dataset\NV\ISIC_0030987.jpg,isic_0030987,5,9581b5738b94d3bbe27e0b7a342256e9e0321b38c8a4a6abf299209259c6ae97,18151,1
C:\SRS(ISIC_2019)\Dataset\NV\ISIC_0030994.jpg,isic_0030994,5,adeadea84f4cf23731ded381a6e0d79cc0a456d670dd0500f8528cf2aaa4acbf,18156,1
C:\SRS(ISIC_2019)\Dataset\NV\ISIC_0031004.jpg,isic_0031004,5,d182fea04918885d59672601957d85b08072f2a2ede6b47f88be0d752e5346e5,18162,1
C:\SRS(ISIC_2019)\Dataset\NV\ISIC_0031011.jpg,isic_0031011,5,5bf70978bbf829e4b0b1229c9e32254dbd85b3b902cae7f03e7d995952fe702e,18165,1
C:\SRS(ISIC_2019)\Dataset\NV\ISIC_0031038.jpg,isic_0031038,5,73c134111c732a7009de4bfc6b04904c23df3dc10f6c860993c188ae4222103c,18181,1
C:\SRS(ISIC_2019)\Dataset\NV\ISIC_0031048.jpg,isic_0031048,5,38e8e6d8c74cdf85549b2d15d3a308cbb8ea4b72f5453cd2a31665069b47b840,18187,1
C:\SRS(ISIC_2019)\Dataset\NV\ISIC_0031053.jpg,isic_0031053,5,093aa2d1afc25a7fd4d523b19114d8f6f4d9d30369f73d2eaffa5232830bc1dd,18191,1
C:\SRS(ISIC_2019)\Dataset\NV\ISIC_0031059.jpg,isic_0031059,5,0a7928034efd5aa1d94a0bb56942cd80dcf30a530117a742a5b7f7f8d7205cbf,18195,1
C:\SRS(ISIC_2019)\Dataset\NV\ISIC_0031067.jpg,isic_0031067,5,29b61c9edd5d3beba9b74a10e1c11ee4b13039f9701ef097de3b2de975d365ad,18198,1
C:\SRS(ISIC_2019)\Dataset\NV\ISIC_0031072.jpg,isic_0031072,5,33070c9cdc83865a0bdd505ad94621f9eb1d468b0cc7da31261d6934decfe39c,18203,1
C:\SRS(ISIC_2019)\Dataset\NV\ISIC_0031079.jpg,isic_0031079,5,36978fe4d037d85301abd713f6277514be674c5dcc41b9901f4cd798d037f6fe,18208,1
C:\SRS(ISIC_2019)\Dataset\NV\ISIC_0031086.jpg,isic_0031086,5,8118c5721e2e759c4be05ce68e02bebf31326b760bcaf3bf1c394fe0cb087df0,18215,1
C:\SRS(ISIC_2019)\Dataset\NV\ISIC_0031096.jpg,isic_0031096,5,e622c0c1c23114732d874222f5cfd4471ad44a1ec2fd17071b803aa002d1c9cd,18220,1
C:\SRS(ISIC_2019)\Dataset\NV\ISIC_0031097.jpg,isic_0031097,5,d7af0a21d122dd72bd558a1876aac75b3534b17c2f486742b9b20e5245ede4d8,18221,1
C:\SRS(ISIC_2019)\Dataset\NV\ISIC_0031116.jpg,isic_0031116,5,3962967054493eb34cfa191cd400dadb6a5e794e83d7435176cbd854720b0f30,18238,1
C:\SRS(ISIC_2019)\Dataset\NV\ISIC_0031120.jpg,isic_0031120,5,ea175e307f1a4dff08d8b1939fdd9a1fb48ff44176b195202304db69483f48af,18240,1
C:\SRS(ISIC_2019)\Dataset\NV\ISIC_0031128.jpg,isic_0031128,5,60b94718fbed8a1ec465d87839004522640e4c83e60d3fc5ed639413be2a87d6,18245,1
C:\SRS(ISIC_2019)\Dataset\NV\ISIC_0031131.jpg,isic_0031131,5,5a7870c7bd2d4b0b95153ee59263fcdc8e495d7ff10cda12bd27c88118551f40,18247,1
C:\SRS(ISIC_2019)\Dataset\NV\ISIC_0031134.jpg,isic_0031134,5,43c20d886d6cc659913c34a54f1c780dd75e8f9e8c64dfe8161847d13aaf7ade,18248,1
C:\SRS(ISIC_2019)\Dataset\NV\ISIC_0031193.jpg,isic_0031193,5,a042c2f52eab18c94a4fa2dd2af689a6c9fbc5ed6217e82575d1296d32c3bc94,18290,1
C:\SRS(ISIC_2019)\Dataset\NV\ISIC_0031194.jpg,isic_0031194,5,18772fe5c52e61a5dc1c9e7177a0283806c4deb6d38f2f46c93c423910581068,18291,1
C:\SRS(ISIC_2019)\Dataset\NV\ISIC_0031195.jpg,isic_0031195,5,e3e5f453e0cefd33b47d6a1ea29e8e193be56c10328e126ae453387e59025c53,18292,1
C:\SRS(ISIC_2019)\Dataset\NV\ISIC_0031222.jpg,isic_0031222,5,af9115e1b802b73e6610c57c07a482f959795eed774aa803ecd7f39fce5cd565,18307,1
C:\SRS(ISIC_2019)\Dataset\NV\ISIC_0031237.jpg,isic_0031237,5,f33c2550256fb47be436197413b0f30c943d2fb4a0367ee264e7f79f024dd951,18316,1
C:\SRS(ISIC_2019)\Dataset\NV\ISIC_0031252.jpg,isic_0031252,5,6b53da72b4ae52b6f034064095c8b582064e03ade70cf0f23245d485a804eb10,18328,1
C:\SRS(ISIC_2019)\Dataset\NV\ISIC_0031255.jpg,isic_0031255,5,43d61dd42876c5a52e44afd33ebbf884cb6c3c283863b3e1ad031b95106f8493,18330,1
C:\SRS(ISIC_2019)\Dataset\NV\ISIC_0031256.jpg,isic_0031256,5,c4f5cf72b77d2685b922cb647e8e08ec12e86b785510574cc5d733d085f26895,18331,1
C:\SRS(ISIC_2019)\Dataset\NV\ISIC_0031262.jpg,isic_0031262,5,bb10e3dbea3e40b95059bdf0e85f1b1a05ee5a232b13d04bed7cb4462cce7e7c,18334,1
C:\SRS(ISIC_2019)\Dataset\NV\ISIC_0031275.jpg,isic_0031275,5,813cdef6ed0bcc52857b384d0305ccf131ce72527fb5abaf6ae158e293a46dc3,18342,1
C:\SRS(ISIC_2019)\Dataset\NV\ISIC_0031278.jpg,isic_0031278,5,c309083801dc6e6b260eed9c844a05ee1144c92f525808d11a348f737ebe71c5,18343,1
C:\SRS(ISIC_2019)\Dataset\NV\ISIC_0031301.jpg,isic_0031301,5,f5220ab32b25ee8c5dbc48c1cad98a028d419f962e1a084c594a3a04f5d57ea5,18358,1
C:\SRS(ISIC_2019)\Dataset\NV\ISIC_0031313.jpg,isic_0031313,5,f0b40437f429d759c35c8bc49cb0bd66d692c9e3bb28a67be9140e7ea478dc6e,18367,1
C:\SRS(ISIC_2019)\Dataset\NV\ISIC_0031315.jpg,isic_0031315,5,1abceeb85326fa771343d5eee5d41a108910e32f6f3661a56bab24cb42081cbd,18369,1
C:\SRS(ISIC_2019)\Dataset\NV\ISIC_0031316.jpg,isic_0031316,5,3c17f969e9993dd5ab760db261f5a157691c72ef4ada7f688d9c508cefc5486a,18370,1
C:\SRS(ISIC_2019)\Dataset\NV\ISIC_0031319.jpg,isic_0031319,5,27e4b04bb41f6b295000ff622f51b61676c7973f95e0cc19361b9d71ff35d76e,18372,1
C:\SRS(ISIC_2019)\Dataset\NV\ISIC_0031320.jpg,isic_0031320,5,6cfbb35b50e98c0a1c11870e8424c267b33b5077b98599ed3f3024e47ad5e9fe,18373,1
C:\SRS(ISIC_2019)\Dataset\NV\ISIC_0031327.jpg,isic_0031327,5,eb02590d1cfe0e7c4df8b3207f359453f6fad558821a8d1d332755e61c8e1eda,18378,1
C:\SRS(ISIC_2019)\Dataset\NV\ISIC_0031333.jpg,isic_0031333,5,2ab7b7b06e9f8bbc9bd9916d740c65f7eea67fdf3f57280af6bd2c9c3edb639c,18383,1
C:\SRS(ISIC_2019)\Dataset\NV\ISIC_0031337.jpg,isic_0031337,5,836e7b8e4e34f5f3223edb38a2618198d121a91141a3e11d5deace2902216fbf,18385,1
C:\SRS(ISIC_2019)\Dataset\NV\ISIC_0031354.jpg,isic_0031354,5,473156c726569c935ec4e67508dd4cf673545c9841cb47025fab57db13f385e1,18394,1
C:\SRS(ISIC_2019)\Dataset\NV\ISIC_0031390.jpg,isic_0031390,5,d93f56e1f9db2392418c66276c617afbebe760453f9d804a8361b2c7698d3e41,18418,1
C:\SRS(ISIC_2019)\Dataset\NV\ISIC_0031392.jpg,isic_0031392,5,97a18cba6a25be7956f7bb7db8f34cefb8886293a3929eb7e1f6886c5c9d0e22,18420,1
C:\SRS(ISIC_2019)\Dataset\NV\ISIC_0031398.jpg,isic_0031398,5,a0ae8d34a5ed4627afe8d7eae783ca84a618caf1bb0ccd8f7afb7a37964d16a3,18424,1
C:\SRS(ISIC_2019)\Dataset\NV\ISIC_0031404.jpg,isic_0031404,5,baba48b62ef07d4e1416121c2cbdedcd87b948a1c6c247417aa3c53b447e9043,18428,1
C:\SRS(ISIC_2019)\Dataset\NV\ISIC_0031405.jpg,isic_0031405,5,2e099c38294e74dcd6079af96b75adb6f748cceaf9b1bbdd83409683dfd08d1f,18429,1
C:\SRS(ISIC_2019)\Dataset\NV\ISIC_0031414.jpg,isic_0031414,5,cc1a35454e47ecfe96ff19322895354f14ea33741c81e82f1b960dc09f568744,18433,1
C:\SRS(ISIC_2019)\Dataset\NV\ISIC_0031416.jpg,isic_0031416,5,a302e905e5504404a60825d8dc68adc99ac867c798de7fb027500cd4370c77d2,18435,1
C:\SRS(ISIC_2019)\Dataset\NV\ISIC_0031440.jpg,isic_0031440,5,c5b7e2ce6676af3c5bde415de730ab56ea09d3de1b2485bb39890f4df839771d,18451,1
C:\SRS(ISIC_2019)\Dataset\NV\ISIC_0031447.jpg,isic_0031447,5,b28167a9d9fc174fac787db78daa534ab494d447cd094fa1fccd4a555afa2ff8,18456,1
C:\SRS(ISIC_2019)\Dataset\NV\ISIC_0031452.jpg,isic_0031452,5,4059a09617e118ea7bc52a6e544e866c96807868d69e3195239f3ae8adf5d659,18459,1
C:\SRS(ISIC_2019)\Dataset\NV\ISIC_0031455.jpg,isic_0031455,5,431524f1371738ac3f64ae906f96baa8d73d904e1b6b50bea9116fc576c8957c,18462,1
C:\SRS(ISIC_2019)\Dataset\NV\ISIC_0031456.jpg,isic_0031456,5,a220a00e7d900c9acb56d1d451445d7dcd04929456fc91b2d53da9515086baa4,18463,1
C:\SRS(ISIC_2019)\Dataset\NV\ISIC_0031458.jpg,isic_0031458,5,4f2769c1a83b2034cb2fa0c5590cf0bcc456c852e190c37ec8b32f4282f03f37,18464,1
C:\SRS(ISIC_2019)\Dataset\NV\ISIC_0031460.jpg,isic_0031460,5,4fabf1b60d9fa0f32494a87b0812cb47fc192f51786220735a7ed7a21f8fa32b,18465,1
C:\SRS(ISIC_2019)\Dataset\NV\ISIC_0031476.jpg,isic_0031476,5,1a3d940bb2964d77257f277658b2880c21a68335b413ac9a2c781d2e88b6581c,18477,1
C:\SRS(ISIC_2019)\Dataset\NV\ISIC_0031478.jpg,isic_0031478,5,001cf7f6ef35908471ac7c52b126a7c3376f8ee4d5c2a8efa9606c22e82e8206,18479,1
C:\SRS(ISIC_2019)\Dataset\NV\ISIC_0031482.jpg,isic_0031482,5,65b3f998224e46cf4ee6911873f786632d791e76441935c4cc4d8dc6d3715b9e,18482,1
C:\SRS(ISIC_2019)\Dataset\NV\ISIC_0031487.jpg,isic_0031487,5,458a4758c2e0674fdbbd2443508772d0dc5b219f5ab3c9bfc7350cf2c8852857,18486,1
C:\SRS(ISIC_2019)\Dataset\NV\ISIC_0031538.jpg,isic_0031538,5,75f3fa3b95a00bdff73b4aa620b22665c5e6c4766e5d523ee06ed1e6715735a2,18518,1
C:\SRS(ISIC_2019)\Dataset\NV\ISIC_0031573.jpg,isic_0031573,5,cef956a491c5cbef9e9b9354b92d657d728c8521243f814ba8c220d6acd0f817,18539,1
C:\SRS(ISIC_2019)\Dataset\NV\ISIC_0031574.jpg,isic_0031574,5,90d057832da938af44fae1b4d14bf940dbfefa24b0ae7752d907dcfa75210e32,18540,1
C:\SRS(ISIC_2019)\Dataset\NV\ISIC_0031599.jpg,isic_0031599,5,b0ffd1d6f9e9652e9b57750bef75542499f51e0e24f1302f736d8d417d08b3c3,18555,1
C:\SRS(ISIC_2019)\Dataset\NV\ISIC_0031621.jpg,isic_0031621,5,657193239468212349d74fa7fe746bf3a6c12ccad13ce343790c11e15170688a,18571,1
C:\SRS(ISIC_2019)\Dataset\NV\ISIC_0031628.jpg,isic_0031628,5,0e4086c0e20a2957c1b4b420f8f31d5dcbed57947b3db3599b3ec877c719c74d,18577,1
C:\SRS(ISIC_2019)\Dataset\NV\ISIC_0031629.jpg,isic_0031629,5,d5551ea01104d9d67b698e533cdbc569327467c29fc6d49ad313e9a8ae0f83ac,18578,1
C:\SRS(ISIC_2019)\Dataset\NV\ISIC_0031636.jpg,isic_0031636,5,94eaf08386da37b8c6f469f8b06a389faf0ae78646124792183c189e15d5a595,18583,1
C:\SRS(ISIC_2019)\Dataset\NV\ISIC_0031645.jpg,isic_0031645,5,7deb73cabd9a264696510a4decefeb707a3c95352cb87b5adf954b2b71b8feb8,18588,1
C:\SRS(ISIC_2019)\Dataset\NV\ISIC_0031647.jpg,isic_0031647,5,cd2a7d6540766af72301d99d5feeefc4cd3e97c4f0cdfb9840606dde64570602,18590,1
C:\SRS(ISIC_2019)\Dataset\NV\ISIC_0031660.jpg,isic_0031660,5,6f75608e52586d14e543df8d2ad7ac722efc22397af56850cdb2e1e1c9e8cc6d,18599,1
C:\SRS(ISIC_2019)\Dataset\NV\ISIC_0031673.jpg,isic_0031673,5,2de2cd7f5e9bbab23a1bd4e7bef216e7caeddba0d8e1dfd3efdfa3602a6615ed,18609,1
C:\SRS(ISIC_2019)\Dataset\NV\ISIC_0031678.jpg,isic_0031678,5,cb2dcfc3413269553432102dbf9b99bcefa193d491a1cbc6ff931efea8980a2b,18613,1
C:\SRS(ISIC_2019)\Dataset\NV\ISIC_0031680.jpg,isic_0031680,5,fa784519bc4b6c473247a787aa9851618760f5bdca546b65474a6b3a440ad5a5,18615,1
C:\SRS(ISIC_2019)\Dataset\NV\ISIC_0031682.jpg,isic_0031682,5,c4794e044d80310f64981e0a7e673b6b3160b715db89149391ee08e81bedbfb5,18617,1
C:\SRS(ISIC_2019)\Dataset\NV\ISIC_0031687.jpg,isic_0031687,5,c1f7fee84e762a86316d8164189620513c7c9e1c66a577e35f9d3e0491eee5fa,18621,1
C:\SRS(ISIC_2019)\Dataset\NV\ISIC_0031708.jpg,isic_0031708,5,11d96b6d0413974f0599e00eb311276ab9b8a314748aba577d991068d09e0aba,18635,1
C:\SRS(ISIC_2019)\Dataset\NV\ISIC_0031713.jpg,isic_0031713,5,cc7d057c33ac59c279d948ff8f3d4a2fa0e2229c2e737541025f7a8e68b7a28a,18637,1
C:\SRS(ISIC_2019)\Dataset\NV\ISIC_0031732.jpg,isic_0031732,5,de288830d3fbf019c46eaadf40263a84c22ad11e70c4ea8c7b133e6b458bb512,18651,1
C:\SRS(ISIC_2019)\Dataset\NV\ISIC_0031734.jpg,isic_0031734,5,38037e525342a7dc2d0d4665343bb25ee5549d894799f1a9363bc079e7c63bb0,18653,1
C:\SRS(ISIC_2019)\Dataset\NV\ISIC_0031739.jpg,isic_0031739,5,4e45b558cf225f2be5cab1bfb6255c7b4005e340803175f5a862d88c275cdbd0,18656,1
C:\SRS(ISIC_2019)\Dataset\NV\ISIC_0031744.jpg,isic_0031744,5,ad3ff9807c1b0a13b81bca3e396368f8b73376f89cdc83cf75df39c7d556c827,18659,1
C:\SRS(ISIC_2019)\Dataset\NV\ISIC_0031751.jpg,isic_0031751,5,f66440248a2a59f352f1e7eb165b0d966d2f16e8aab74579b8f2a70f14839084,18663,1
C:\SRS(ISIC_2019)\Dataset\NV\ISIC_0031755.jpg,isic_0031755,5,2cff661a8b6d2f9584767d4a4aa8388717ff0574d00474bce757864d827bd3b2,18666,1
C:\SRS(ISIC_2019)\Dataset\NV\ISIC_0031760.jpg,isic_0031760,5,e5f186154dc0ecb1f74d666b9351329dd98638785dc69fdaf3dc463d1a296787,18670,1
C:\SRS(ISIC_2019)\Dataset\NV\ISIC_0031764.jpg,isic_0031764,5,eb05cf706a98cc88c11bed0a1ff2eeea4e91ae4a2427add686841df4869a8a4c,18672,1
C:\SRS(ISIC_2019)\Dataset\NV\ISIC_0031767.jpg,isic_0031767,5,aee3b6ec14141b3a18cb68b1ed8345509b911656851b957db29e730677d5c80b,18674,1
C:\SRS(ISIC_2019)\Dataset\NV\ISIC_0031769.jpg,isic_0031769,5,da1af7991668edfae15821aebdd172a16622d79401860864821259f968a92de4,18676,1
C:\SRS(ISIC_2019)\Dataset\NV\ISIC_0031773.jpg,isic_0031773,5,7aba9cc25349405661ce8bcf7f36b6d593ebb03fe7bb93abf4f3082801ec11c7,18679,1
C:\SRS(ISIC_2019)\Dataset\NV\ISIC_0031775.jpg,isic_0031775,5,21d1e51158cf233945c699be8f68151c18c49fd04a87f248f3215be7e3aacbdd,18681,1
C:\SRS(ISIC_2019)\Dataset\NV\ISIC_0031776.jpg,isic_0031776,5,34c921a58de3e320aad1a1f4e7c6140c36b0f2db7e8218bffb839b5c04b7ffb9,18682,1
C:\SRS(ISIC_2019)\Dataset\NV\ISIC_0031777.jpg,isic_0031777,5,6e388fa8bbfe7be1a20eda61c8bde669c74df611d55ba1e289ead6455c863400,18683,1
C:\SRS(ISIC_2019)\Dataset\NV\ISIC_0031782.jpg,isic_0031782,5,8cc93769a65570de8e2c81c0c6641c3839df499e5ef232ed23e8640c31d4fd36,18686,1
C:\SRS(ISIC_2019)\Dataset\NV\ISIC_0031788.jpg,isic_0031788,5,63c668392595185c21e09b3f0340503120ad0fd3d0894e20784a112e9be4421a,18690,1
C:\SRS(ISIC_2019)\Dataset\NV\ISIC_0031806.jpg,isic_0031806,5,52db93a8e8e73e79a0fa64458f02e5ab0189dbaf9f8f308fba27ac8c205c928c,18705,1
C:\SRS(ISIC_2019)\Dataset\NV\ISIC_0031810.jpg,isic_0031810,5,68faa3185c55b32725e7979f236274a5382683ff73351b030885cead08997f81,18708,1
C:\SRS(ISIC_2019)\Dataset\NV\ISIC_0031813.jpg,isic_0031813,5,5e8ebf92447e226a2fe7700a78f8b638bc79b9e4640839d0f9aadf6d2dc5dab2,18710,1
C:\SRS(ISIC_2019)\Dataset\NV\ISIC_0031840.jpg,isic_0031840,5,1732f1886b9292bc4901ddd335c7804de23018a64559d832eb2351755adc1090,18729,1
C:\SRS(ISIC_2019)\Dataset\NV\ISIC_0031871.jpg,isic_0031871,5,93b6e1d922e6b24afcfcea44fa91a9edb902692f6f12f478d350c3cbc9468d35,18756,1
C:\SRS(ISIC_2019)\Dataset\NV\ISIC_0031878.jpg,isic_0031878,5,e81c47ce844b87e72f614f4a90d1d7cdf85b2d433ad430bada327cb53cd11a95,18760,1
C:\SRS(ISIC_2019)\Dataset\NV\ISIC_0031879.jpg,isic_0031879,5,30563ada984208035079ecb5acbf60040f7483544e6919db8a9ddea0bba1c30d,18761,1
C:\SRS(ISIC_2019)\Dataset\NV\ISIC_0031886.jpg,isic_0031886,5,85645a1a6389a62f29449500a75783ed38d5a478d65f705337cd5825da9b862a,18768,1
C:\SRS(ISIC_2019)\Dataset\NV\ISIC_0031904.jpg,isic_0031904,5,409ec9a5f4933f244536d308ed48b824307789688f5a615cc7e7f708ce95fef9,18779,1
C:\SRS(ISIC_2019)\Dataset\NV\ISIC_0031909.jpg,isic_0031909,5,54bf95c400b2878bac23c0ef5fdf694e1b65a4677c8b7699dffb649e5ccd287e,18783,1
C:\SRS(ISIC_2019)\Dataset\NV\ISIC_0031938.jpg,isic_0031938,5,0f1fb077cc0ee6d5639521a8869370039635e57ae230aa6a801e37c771195a51,18804,1
C:\SRS(ISIC_2019)\Dataset\NV\ISIC_0031942.jpg,isic_0031942,5,e2230696e6388d984b13b4a85ad50b1acc800820eb14f39419a941714b1ef95d,18806,1
C:\SRS(ISIC_2019)\Dataset\NV\ISIC_0031947.jpg,isic_0031947,5,1d9223798b8fa7fea491e734025f556650ceb24cfc67ff607210e3853ffdaeec,18809,1
C:\SRS(ISIC_2019)\Dataset\NV\ISIC_0031956.jpg,isic_0031956,5,04e791ba5c6ffda7543634f7c5bdc195b1e8baa7bc9310f097981d784a3c20f9,18814,1
C:\SRS(ISIC_2019)\Dataset\NV\ISIC_0031968.jpg,isic_0031968,5,74ed176bd9a7b49810440d35bf01d8e477ec01900f83cc0720a973b47583df94,18822,1
C:\SRS(ISIC_2019)\Dataset\NV\ISIC_0031974.jpg,isic_0031974,5,9045c53a48378af88d446aec6972fb858bccc0af86a612cbd01035ad7a1231ac,18826,1
C:\SRS(ISIC_2019)\Dataset\NV\ISIC_0031983.jpg,isic_0031983,5,51e54eb416668371b3c2275ec1c8b8922f180cf17336a3bc115dac93c3a7aa0a,18832,1
C:\SRS(ISIC_2019)\Dataset\NV\ISIC_0031984.jpg,isic_0031984,5,dbb4bf9c72687ba8d2dd5c1475dbf8a089bd277d393c581be9737e6e3c3c152d,18833,1
C:\SRS(ISIC_2019)\Dataset\NV\ISIC_0031992.jpg,isic_0031992,5,3a7326b5d7c795b27590e8f9cf62648229b11c385d2922c75a5dd201531ae064,18838,1
C:\SRS(ISIC_2019)\Dataset\NV\ISIC_0031997.jpg,isic_0031997,5,574977d6dcdca32b88f51766f877c840fc3d7316cfd51eaa887636d64bc04851,18841,1
C:\SRS(ISIC_2019)\Dataset\NV\ISIC_0032000.jpg,isic_0032000,5,9a7cce6b4faa3094cd302bd5c55d81448a188c7c3cb4328271f41aa000e2c145,18843,1
C:\SRS(ISIC_2019)\Dataset\NV\ISIC_0032003.jpg,isic_0032003,5,f34a3ae993e1dc8b654a7e8a1756784c392c6b39434fcff0c9a82fee2e1b9b39,18846,1
C:\SRS(ISIC_2019)\Dataset\NV\ISIC_0032004.jpg,isic_0032004,5,505dd103d16e0c057f429b4b53e029f779b43a73405d3715b94aaa0d85ce6316,18847,1
C:\SRS(ISIC_2019)\Dataset\NV\ISIC_0032009.jpg,isic_0032009,5,fdc773cb6340dc12967dea384484493f7c1044fa6720a1db575b3cffc6f5d6c5,18851,1
C:\SRS(ISIC_2019)\Dataset\NV\ISIC_0032023.jpg,isic_0032023,5,328162cc9f0b5bc9c487c8c36c4bdf83153699e423551b9b93feb7dcd1469069,18860,1
C:\SRS(ISIC_2019)\Dataset\NV\ISIC_0032033.jpg,isic_0032033,5,7b9075aff1808d280354472f45ef2d12cf23357df263f2efc232338edc735b24,18867,1
C:\SRS(ISIC_2019)\Dataset\NV\ISIC_0032038.jpg,isic_0032038,5,7a23e2a57e28a4e367770a4bb2430384e5057ecf7ec6affa4de622bac6ec9c8a,18871,1
C:\SRS(ISIC_2019)\Dataset\NV\ISIC_0032048.jpg,isic_0032048,5,a01e7d52fd3386bdccb8034d54eb6db9752673e39bf9972db24e110707e607aa,18876,1
C:\SRS(ISIC_2019)\Dataset\NV\ISIC_0032050.jpg,isic_0032050,5,03c8ef4dd20273748262039ee0bac42426070957b0e22638123ed2e604d21f30,18878,1
C:\SRS(ISIC_2019)\Dataset\NV\ISIC_0032062.jpg,isic_0032062,5,e78eada6b06c9e409ede0f1dd896ff4e18994c3e51b2226bece21450924484e9,18887,1
C:\SRS(ISIC_2019)\Dataset\NV\ISIC_0032064.jpg,isic_0032064,5,e6e0948c8b15158bec779db0d7f9766712b874473062ccec472e4ca97c4e24d7,18888,1
C:\SRS(ISIC_2019)\Dataset\NV\ISIC_0032065.jpg,isic_0032065,5,67a3120d57d40dfa4758dc677db7c4a64160edd81c3b92d20c9a4165c154d9ea,18889,1
C:\SRS(ISIC_2019)\Dataset\NV\ISIC_0032068.jpg,isic_0032068,5,c68ffba6f678af6c63051543de0fc0b086c778253b70d9d09d89f678a46d0d18,18892,1
C:\SRS(ISIC_2019)\Dataset\NV\ISIC_0032089.jpg,isic_0032089,5,a1dfcd515d7c0119ebef516aded278de4dcaaa9d259bd629c05f923eb6d76f4a,18908,1
C:\SRS(ISIC_2019)\Dataset\NV\ISIC_0032109.jpg,isic_0032109,5,d8d39bffb14b1891520de008c503f3fa04b5f5d6b35a12fde88784053b53de43,18923,1
C:\SRS(ISIC_2019)\Dataset\NV\ISIC_0032115.jpg,isic_0032115,5,89b29d2ece332dc4affbb235ebd82ad05e7c40287933eee051362e69be5eb83c,18925,1
C:\SRS(ISIC_2019)\Dataset\NV\ISIC_0032120.jpg,isic_0032120,5,3acf388b4657309eb56d9451b2f63f7d577e3b14de28763bc87411653aa0f876,18929,1
C:\SRS(ISIC_2019)\Dataset\NV\ISIC_0032163.jpg,isic_0032163,5,139fab94deb43b46b9aa706a860cd4a25ea67baea93373dea400c6f5264ec5a2,18957,1
C:\SRS(ISIC_2019)\Dataset\NV\ISIC_0032175.jpg,isic_0032175,5,71f4fcb2f8514e5993662dae11cd85bde981131f27f33d15ca7b623ef4fcc72f,18964,1
C:\SRS(ISIC_2019)\Dataset\NV\ISIC_0032178.jpg,isic_0032178,5,5acfa8ab0948fd6f74f81698ce8b6563c651569574b0e4a522e40c61b1e25f07,18967,1
C:\SRS(ISIC_2019)\Dataset\NV\ISIC_0032180.jpg,isic_0032180,5,34be48126db142884f611cad89c92f9d4b70d693af3b3a81635b5d9e8f11d2d8,18968,1
C:\SRS(ISIC_2019)\Dataset\NV\ISIC_0032189.jpg,isic_0032189,5,eb851007c16fddfcbd63a4d79d87dc336281438b81cd81190de116fcc0e2d653,18974,1
C:\SRS(ISIC_2019)\Dataset\NV\ISIC_0032205.jpg,isic_0032205,5,71547c08ca69b074bec6d6ff354309a94da536e2f51d78ea8ac1ee801e6396d0,18982,1
C:\SRS(ISIC_2019)\Dataset\NV\ISIC_0032211.jpg,isic_0032211,5,8c7e79b0975fe4f157147cedeb2062ab7f5cc62c542a05d99d2567674db4f95f,18986,1
C:\SRS(ISIC_2019)\Dataset\NV\ISIC_0032221.jpg,isic_0032221,5,0e2f1e11d0e488f72d6633e4f83df9c108d3e22dae1a33db9c03edba39d3011e,18992,1
C:\SRS(ISIC_2019)\Dataset\NV\ISIC_0032223.jpg,isic_0032223,5,8ff4efcb0aa39719cb8d3ee077f377c055746c7b3ae3a5761ef2462884c44b9c,18993,1
C:\SRS(ISIC_2019)\Dataset\NV\ISIC_0032224.jpg,isic_0032224,5,38a6e589ad03b45b33420da94110abde61d22cb252e6c00728a8ab2b07eaaf8e,18994,1
C:\SRS(ISIC_2019)\Dataset\NV\ISIC_0032226.jpg,isic_0032226,5,b5d9049303b6c5958e7967cef49a92347ebd3294e0a18eb4bf719deed734f614,18995,1
C:\SRS(ISIC_2019)\Dataset\NV\ISIC_0032257.jpg,isic_0032257,5,4d0c03210a94a1ee2991184819244507fb829ecc910328b722946fd96f921167,19015,1
C:\SRS(ISIC_2019)\Dataset\NV\ISIC_0032263.jpg,isic_0032263,5,b1a2df90704534a725d6695d2da1778ec3b21c2af13766fc745644aa0d1afcc1,19020,1
C:\SRS(ISIC_2019)\Dataset\NV\ISIC_0032266.jpg,isic_0032266,5,c641208a33daf432f7ce2feb4153cbcdefa09c82f3b0b79796010d7d095f2408,19022,1
C:\SRS(ISIC_2019)\Dataset\NV\ISIC_0032276.jpg,isic_0032276,5,f58d18e70c171888b8de97fe7d043364d3f17dbfe6fb82087e5450e2e3ae446f,19029,1
C:\SRS(ISIC_2019)\Dataset\NV\ISIC_0032278.jpg,isic_0032278,5,17511ebab4914019e0961eb4707a6304b2f64a64f5b094a0c4d0edac55586498,19030,1
C:\SRS(ISIC_2019)\Dataset\NV\ISIC_0032281.jpg,isic_0032281,5,be5e1ecab728f73f9105a85b9cd82f5dd36df7ec45076515dd60c16c61159f6b,19032,1
C:\SRS(ISIC_2019)\Dataset\NV\ISIC_0032284.jpg,isic_0032284,5,61b194ecec91a56e179ce5f5b11b173ed1483fd710e1a0af3f21d35e752abcc3,19034,1
C:\SRS(ISIC_2019)\Dataset\NV\ISIC_0032309.jpg,isic_0032309,5,2865ee9115a2313afeb4631860f7d4442839183a85152b78949257d7634139ce,19051,1
C:\SRS(ISIC_2019)\Dataset\NV\ISIC_0032320.jpg,isic_0032320,5,473a13c483085b8fd20288166c0bbc6612f4a0ac55c7c1ff26baa7a6c1f814d8,19057,1
C:\SRS(ISIC_2019)\Dataset\NV\ISIC_0032327.jpg,isic_0032327,5,16caf0ad02cbd88bcf7d48390288c45e35207d5d41d71f1b1bf2d26606fe6646,19063,1
C:\SRS(ISIC_2019)\Dataset\NV\ISIC_0032328.jpg,isic_0032328,5,f13a919df53759d9843f2627b9592a188ea92da1757ec726f80463918c3cc95b,19064,1
C:\SRS(ISIC_2019)\Dataset\NV\ISIC_0032339.jpg,isic_0032339,5,8bb26849b1811e18bd2ab888e6899c0e8b00e41ef3103035fb55831bf3c7d3d9,19071,1
C:\SRS(ISIC_2019)\Dataset\NV\ISIC_0032341.jpg,isic_0032341,5,6a4bdb64bdc7fde0a41ef948db1e44c5380c52c8a24a84c1d8556fcf21d9bb1b,19073,1
C:\SRS(ISIC_2019)\Dataset\NV\ISIC_0032350.jpg,isic_0032350,5,8195c98e77e9c66b42892242106131645ae6a29feedd557b89002432390b732a,19079,1
C:\SRS(ISIC_2019)\Dataset\NV\ISIC_0032355.jpg,isic_0032355,5,ae1058e49a60070c9cbd606f84d6d9c0fae07833173e57b8a46fd2899bb44c27,19084,1
C:\SRS(ISIC_2019)\Dataset\NV\ISIC_0032357.jpg,isic_0032357,5,d8eaf8362b373a1a0a85156f34e31231a09808adfdf712adf95d4e04e31ec1f5,19085,1
C:\SRS(ISIC_2019)\Dataset\NV\ISIC_0032363.jpg,isic_0032363,5,7e406cb22e614b01187c1b8e7edea6a9d1a5890b8c492d1605994c55bd0154ca,19089,1
C:\SRS(ISIC_2019)\Dataset\NV\ISIC_0032367.jpg,isic_0032367,5,3d76261c505fdb0f4a041613de2ccda939c27bcd8ce686b92b287b22fd180fbb,19092,1
C:\SRS(ISIC_2019)\Dataset\NV\ISIC_0032375.jpg,isic_0032375,5,a2d36ab747d020532a257ceeb7ebc4107ebb3431c034ec48c3404ba54b293fa8,19097,1
C:\SRS(ISIC_2019)\Dataset\NV\ISIC_0032376.jpg,isic_0032376,5,9ac3e6dc1a02757ef1391dc3ac84328683e470550c41e0ac3ec6cc2b89859366,19098,1
C:\SRS(ISIC_2019)\Dataset\NV\ISIC_0032377.jpg,isic_0032377,5,045cec6fe324b0de862a06337d33eb511ce81947791a23f71bac43ec6e1e92f7,19099,1
C:\SRS(ISIC_2019)\Dataset\NV\ISIC_0032381.jpg,isic_0032381,5,a6c4d0ca6391f551e15a9ab5c64556c6b6fa0ea1253bae21ef1b554d63320f14,19103,1
C:\SRS(ISIC_2019)\Dataset\NV\ISIC_0032394.jpg,isic_0032394,5,3cdea9c8c7f42abbe45203ef1e02200e4c5ac0af4f2b0e42513fbbdfbe515468,19113,1
C:\SRS(ISIC_2019)\Dataset\NV\ISIC_0032398.jpg,isic_0032398,5,056af5d259f191e394d2fba6085d3f50e6f40ec3538f724ed247af5c43184250,19114,1
C:\SRS(ISIC_2019)\Dataset\NV\ISIC_0032402.jpg,isic_0032402,5,894429ae2113a151eb7c93eb02de26132109eaf4ff83ae420eb7f11a430bf97f,19117,1
C:\SRS(ISIC_2019)\Dataset\NV\ISIC_0032405.jpg,isic_0032405,5,1aff46d21b2c3eef2fdc30ee7dd92151dd5db9e4a79ee8358c0ff76ea51aad44,19119,1
C:\SRS(ISIC_2019)\Dataset\NV\ISIC_0032406.jpg,isic_0032406,5,3b0db4441332e5386ccb92d7206147ebe9e85bebd8230de27bfc2267bb47cf78,19120,1
C:\SRS(ISIC_2019)\Dataset\NV\ISIC_0032426.jpg,isic_0032426,5,7369ef103f52a8da28028708cb709c2bd08ac70a5942e9fc5fa44aa4570e35fa,19130,1
C:\SRS(ISIC_2019)\Dataset\NV\ISIC_0032432.jpg,isic_0032432,5,f417d1148c60342a1470eb8eabc61e65cca562f51ba2d3709a399863caf3bab6,19134,1
C:\SRS(ISIC_2019)\Dataset\NV\ISIC_0032435.jpg,isic_0032435,5,f38d5dfad061e98dd48eed22c43dc125a35d0c47afb00df8b764cc16fbc8c7d8,19136,1
C:\SRS(ISIC_2019)\Dataset\NV\ISIC_0032442.jpg,isic_0032442,5,5241587795d7e7f77dcf00a436cb629cffa0641a5557823fc324802e6741d417,19140,1
C:\SRS(ISIC_2019)\Dataset\NV\ISIC_0032472.jpg,isic_0032472,5,d944a26f86e715fb381daaf97ef741a9dd60851bdbcb2d62b5bf0e718564b6e4,19159,1
C:\SRS(ISIC_2019)\Dataset\NV\ISIC_0032473.jpg,isic_0032473,5,c6ea3e6b948b15026a211cfa64557473769cb1c30cd95f30cf33d7adeaa2c31d,19160,1
C:\SRS(ISIC_2019)\Dataset\NV\ISIC_0032475.jpg,isic_0032475,5,ebe3411e18d45e5a3394e81969b5a572362c9adf9b8fa8364d4638d4f10f91e9,19162,1
C:\SRS(ISIC_2019)\Dataset\NV\ISIC_0032483.jpg,isic_0032483,5,5b07dedefd0560492de0c43a778937fb6d90e0ea4cd7bc3f39516b1a7e8e5782,19167,1
C:\SRS(ISIC_2019)\Dataset\NV\ISIC_0032495.jpg,isic_0032495,5,102cb8fbdea71d2e8489b008f1eb72d1726feae22dd66c4959415d34a0e8d982,19178,1
C:\SRS(ISIC_2019)\Dataset\NV\ISIC_0032500.jpg,isic_0032500,5,879eeaf96eccae847b462907ca8646bcb60f36d93a501c77b63a290ab3cee4a9,19181,1
C:\SRS(ISIC_2019)\Dataset\NV\ISIC_0032506.jpg,isic_0032506,5,b150497f47e6ec55e65baa1cc960cddf49927afad45d20eacadf0ad7c4cf5540,19186,1
C:\SRS(ISIC_2019)\Dataset\NV\ISIC_0032520.jpg,isic_0032520,5,ffe774643c288f3a1b99c887a37b8395aebe0705e6c2c6136fde42a262397463,19194,1
C:\SRS(ISIC_2019)\Dataset\NV\ISIC_0032543.jpg,isic_0032543,5,9c98f48ef82ca174f1db0682699daf40104e212be4292e5c3320c3c8da1a607b,19207,1
C:\SRS(ISIC_2019)\Dataset\NV\ISIC_0032549.jpg,isic_0032549,5,3aa1c8301376fe98e34ac48fa98b699a7cf4d4e1373d361fae6d9fe4588b2f06,19210,1
C:\SRS(ISIC_2019)\Dataset\NV\ISIC_0032560.jpg,isic_0032560,5,d677fe52f4bfb99959e237acdf8768fa3763cdb840977b3c0654cbb2791ae77d,19215,1
C:\SRS(ISIC_2019)\Dataset\NV\ISIC_0032566.jpg,isic_0032566,5,4631a3e2db61bf6d60c6ac3ccc592ac75d71e60da9c992206b908cb75fbbe45d,19220,1
C:\SRS(ISIC_2019)\Dataset\NV\ISIC_0032571.jpg,isic_0032571,5,5edce9bc71a3aa76555f1cd4027a384b874da8a6d0442d0c70ded07940e4dc0f,19222,1
C:\SRS(ISIC_2019)\Dataset\NV\ISIC_0032577.jpg,isic_0032577,5,92babf52597380404b61983870915637d0d1035fcd14a9d3741354ee08e82ee8,19227,1
C:\SRS(ISIC_2019)\Dataset\NV\ISIC_0032578.jpg,isic_0032578,5,8db6918ddb2854abe9b7acdb759e7f5db8b161a77c47d91f281eec81e6d89f67,19228,1
C:\SRS(ISIC_2019)\Dataset\NV\ISIC_0032580.jpg,isic_0032580,5,9db9196576f02fdd358a3f0091bd00c98b964ae5a5e70650f4f9a268d3bea545,19230,1
C:\SRS(ISIC_2019)\Dataset\NV\ISIC_0032585.jpg,isic_0032585,5,78b3d916ff5389c3dec6636ae05798483511a986347c3964d906edd86528f799,19234,1
C:\SRS(ISIC_2019)\Dataset\NV\ISIC_0032591.jpg,isic_0032591,5,4c2c2dc00093214b1ff5bbb06679e2cca8e82c5e60a58e68e07c65cc69644da9,19239,1
C:\SRS(ISIC_2019)\Dataset\NV\ISIC_0032605.jpg,isic_0032605,5,79b43ce56962073a42f20167f6fdf0e753e28210d27701abc3dd4c2387612af5,19246,1
C:\SRS(ISIC_2019)\Dataset\NV\ISIC_0032612.jpg,isic_0032612,5,1950f6c6fa9ed9be6af153d0b16ec555578f9fcc5d41f57794449df7b75b6d56,19251,1
C:\SRS(ISIC_2019)\Dataset\NV\ISIC_0032615.jpg,isic_0032615,5,50c8fbda29e4732d422fdec1bd609f19c7e8371c751e39e3bbca54dc94ce51cd,19252,1
C:\SRS(ISIC_2019)\Dataset\NV\ISIC_0032628.jpg,isic_0032628,5,d326b64f2826be342a48b712db2b8face75a5b60a33517292f963fda00c227cc,19260,1
C:\SRS(ISIC_2019)\Dataset\NV\ISIC_0032631.jpg,isic_0032631,5,65faea1e4605f89573dbdab6473732991ebe92b2048353bc3f0aa02a0cfa125b,19261,1
C:\SRS(ISIC_2019)\Dataset\NV\ISIC_0032634.jpg,isic_0032634,5,342724444d5fe9269e478b3b41589611e5ad6229e78919563b4e2bff1133240d,19264,1
C:\SRS(ISIC_2019)\Dataset\NV\ISIC_0032657.jpg,isic_0032657,5,5e66ae03f5013f6611ab6708c6d982cea4c669b449e0ebd38a3f63b00efef435,19276,1
C:\SRS(ISIC_2019)\Dataset\NV\ISIC_0032661.jpg,isic_0032661,5,35a76931e7b98bc64ac8c244ed21757d0ab4b96fc6b8da7ead9acd59a194a6b2,19279,1
C:\SRS(ISIC_2019)\Dataset\NV\ISIC_0032679.jpg,isic_0032679,5,cc54dd5ade92e3ae90c344c21bed0dd40ee7025b2bbd6008387322f081894589,19293,1
C:\SRS(ISIC_2019)\Dataset\NV\ISIC_0032686.jpg,isic_0032686,5,a36531bb0a6361354fbdc1392a19d3c83d76396acc924d279c815f702bf3c923,19297,1
C:\SRS(ISIC_2019)\Dataset\NV\ISIC_0032704.jpg,isic_0032704,5,b8dcc2a763da16015a56147562cd4e3206480b45dd551880492119a359d8a6aa,19306,1
C:\SRS(ISIC_2019)\Dataset\NV\ISIC_0032711.jpg,isic_0032711,5,c37a0bf9f489f5d04237bc58db2006f86ce41cf135fa447811ed5077a5efd78b,19312,1
C:\SRS(ISIC_2019)\Dataset\NV\ISIC_0032720.jpg,isic_0032720,5,27a30b1a19f6b637ec1ff2c9a0db7dea71f14f0f1b8cfce2e2c7ff63a7807858,19317,1
C:\SRS(ISIC_2019)\Dataset\NV\ISIC_0032739.jpg,isic_0032739,5,e35b5184fb77cdea46480051259b5369c4bcce549a58625a83c7063c9f03e485,19326,1
C:\SRS(ISIC_2019)\Dataset\NV\ISIC_0032744.jpg,isic_0032744,5,467a0ec8df3b5c694d344aa654c29849052008add149eb4b8da80436a826a1a0,19329,1
C:\SRS(ISIC_2019)\Dataset\NV\ISIC_0032747.jpg,isic_0032747,5,5714dd19ce4de000a865fa128555df9c764d7c5abf944e6e9b3fafe9a2abdba6,19331,1
C:\SRS(ISIC_2019)\Dataset\NV\ISIC_0032758.jpg,isic_0032758,5,09f151f8f4c884548e8d10eb3a9c5a00d23769ff78e815baff639b83f7cf1847,19338,1
C:\SRS(ISIC_2019)\Dataset\NV\ISIC_0032764.jpg,isic_0032764,5,647f069525bd80f8b8e69f2be8614bdc751ad4eae7d1ea1939cfd94a1213345f,19343,1
C:\SRS(ISIC_2019)\Dataset\NV\ISIC_0032769.jpg,isic_0032769,5,f313823573d267bf1b1f3557e6ce1ce86fe9a2d5325b80e122592cd77f8b1fc8,19346,1
C:\SRS(ISIC_2019)\Dataset\NV\ISIC_0032786.jpg,isic_0032786,5,efbb66cdf0cc61416e612c2c98f5358c0543ee72abec11f628e216b4eb7bb6c8,19356,1
C:\SRS(ISIC_2019)\Dataset\NV\ISIC_0032789.jpg,isic_0032789,5,54b5abc6b5f7beddc47d437948399dea9bd6271a1390c94be2ac9f672c554785,19359,1
C:\SRS(ISIC_2019)\Dataset\NV\ISIC_0032795.jpg,isic_0032795,5,689043143f9a1b5b240e989ae8a85fb844c37ab37f078749f3b446e51c861c4c,19364,1
C:\SRS(ISIC_2019)\Dataset\NV\ISIC_0032798.jpg,isic_0032798,5,125c3cc8e181c428658edcf60b0e12b5053f6e2accd9fc37894614c9abdda8bb,19366,1
C:\SRS(ISIC_2019)\Dataset\NV\ISIC_0032811.jpg,isic_0032811,5,41851c3fbf92728a69281e0dcc68d163a4a2e12ddfa3a3a9615a2c6be9d1b150,19373,1
C:\SRS(ISIC_2019)\Dataset\NV\ISIC_0032824.jpg,isic_0032824,5,9a1968bc7528c98f70f7ed635837e4555abbf7108d9cdcc56b29b0885bcb9768,19383,1
C:\SRS(ISIC_2019)\Dataset\NV\ISIC_0032874.jpg,isic_0032874,5,a3ad27d98078fbd53d83bb1aca693907eae18e15b4e9c5c6e4567053704c1f9b,19406,1
C:\SRS(ISIC_2019)\Dataset\NV\ISIC_0032880.jpg,isic_0032880,5,651277fca460417ff479499a08617cf75ad0951cd57950936a0fa8ab761587a2,19408,1
C:\SRS(ISIC_2019)\Dataset\NV\ISIC_0032882.jpg,isic_0032882,5,10c42c42e10d50833e626f5f63952b4692129917ecf0d1dbe77c760e6a850b73,19410,1
C:\SRS(ISIC_2019)\Dataset\NV\ISIC_0032895.jpg,isic_0032895,5,895aa7e71b7fb6ebbef253b3c2e15ce789f2d95aa5ef3183da2d1d7d92abced1,19417,1
C:\SRS(ISIC_2019)\Dataset\NV\ISIC_0032900.jpg,isic_0032900,5,354f61968882eff8d540dc251d39c973bdd368fc0d16baac222b965b678f9f71,19420,1
C:\SRS(ISIC_2019)\Dataset\NV\ISIC_0032905.jpg,isic_0032905,5,a8da05cbc6eeae4d2ebdf80c9e13b24a7c4f7d874394de74638bf235431aa192,19424,1
C:\SRS(ISIC_2019)\Dataset\NV\ISIC_0032916.jpg,isic_0032916,5,eabfaa0e61b74092e46fb1e09ec620e2f3b1307093a956b74055cf6c5d74c7f3,19432,1
C:\SRS(ISIC_2019)\Dataset\NV\ISIC_0032920.jpg,isic_0032920,5,8be7d41ea98fcb00af2e517a5e787c1b920b6406d2788604f31bcc927f6ae869,19433,1
C:\SRS(ISIC_2019)\Dataset\NV\ISIC_0032928.jpg,isic_0032928,5,9bd08a0a7c1e301d928d1136eff2cf70e1721a0239bdd6c142ac569954faa98d,19437,1
C:\SRS(ISIC_2019)\Dataset\NV\ISIC_0032930.jpg,isic_0032930,5,2e88b8e15a7cfd2fafed7cfd6395dad530eb9f2b76e9f091982f25e83c563550,19438,1
C:\SRS(ISIC_2019)\Dataset\NV\ISIC_0032934.jpg,isic_0032934,5,30f232f064b0fd6345e07ba65b5fb5259e5565f891f37849b814f022e16650b2,19441,1
C:\SRS(ISIC_2019)\Dataset\NV\ISIC_0032942.jpg,isic_0032942,5,9cd8202357eadf5f20deda1be4ffae4364fa75de1cbe44db8b9845398005189b,19445,1
C:\SRS(ISIC_2019)\Dataset\NV\ISIC_0032944.jpg,isic_0032944,5,122c0e74279a4bd4397630fdef5cf874f5ebf0cde1622407c7e9823a47253182,19447,1
C:\SRS(ISIC_2019)\Dataset\NV\ISIC_0032956.jpg,isic_0032956,5,7ec28fb776c33dd2b3359b79c9ada26cf10b59117fb2d82845d405685986f513,19456,1
C:\SRS(ISIC_2019)\Dataset\NV\ISIC_0032957.jpg,isic_0032957,5,540b993ab6e07b4a098270cb8278297807873899db36bef85d13d644ef9daff6,19457,1
C:\SRS(ISIC_2019)\Dataset\NV\ISIC_0032973.jpg,isic_0032973,5,95a45d62948829fe219267437782e4fa396f09b1eb383b1a64612716d9ec8d77,19464,1
C:\SRS(ISIC_2019)\Dataset\NV\ISIC_0032990.jpg,isic_0032990,5,31df37956368b24921247833ea7c6759a3650306bcca4ffefc7182f3aecffd86,19471,1
C:\SRS(ISIC_2019)\Dataset\NV\ISIC_0032992.jpg,isic_0032992,5,63bbce569d8cd974e6ac57ea1d5838afce28bd681604172c1e521a996f622b20,19472,1
C:\SRS(ISIC_2019)\Dataset\NV\ISIC_0033006.jpg,isic_0033006,5,c03887e7247f34d80abbbfc8656cc34135008c504123e1a1cd730f8a3f4d118e,19480,1
C:\SRS(ISIC_2019)\Dataset\NV\ISIC_0033013.jpg,isic_0033013,5,11331a1bdbc22aea27c850787f172e49886f2dbb2e884ade8803d323aaa2df3d,19486,1
C:\SRS(ISIC_2019)\Dataset\NV\ISIC_0033016.jpg,isic_0033016,5,2a62b591f357d2a9ecd05d8bc2ed3059a6d6b7b9321600cf7dea7cf7eb5792bf,19489,1
C:\SRS(ISIC_2019)\Dataset\NV\ISIC_0033039.jpg,isic_0033039,5,ea30082893654d59b5fd958f1cf75bdb84e2563de6cf8e774440c06e29e42938,19500,1
C:\SRS(ISIC_2019)\Dataset\NV\ISIC_0033043.jpg,isic_0033043,5,470f2d965112d901acce41ed2ee3a071c07ff976f07d701a4a777ecca13428d9,19502,1
C:\SRS(ISIC_2019)\Dataset\NV\ISIC_0033044.jpg,isic_0033044,5,64d81a213bd0bbe81a819d05b3196ff1c6b5fe9dc081ca472bd430e3dd198013,19503,1
C:\SRS(ISIC_2019)\Dataset\NV\ISIC_0033048.jpg,isic_0033048,5,bb79ea2befc41e7e776ab2ebf80a8b19327ffb16523384c523d56a808db2d671,19506,1
C:\SRS(ISIC_2019)\Dataset\NV\ISIC_0033059.jpg,isic_0033059,5,b465384bff8e08e107b3344f7dbf25a371e76ba321ff222e3967703cce45b26e,19512,1
C:\SRS(ISIC_2019)\Dataset\NV\ISIC_0033062.jpg,isic_0033062,5,512759bab9f5235adc159fef579918a44654062b7b9be9862b9bd0feb552850d,19513,1
C:\SRS(ISIC_2019)\Dataset\NV\ISIC_0033065.jpg,isic_0033065,5,8d237847e8a1ab6a79a39b91b348bc81be438e26e4346225c28b443a785b0ee9,19515,1
C:\SRS(ISIC_2019)\Dataset\NV\ISIC_0033082.jpg,isic_0033082,5,316e306187a85dcbb3c116de040dd5008881e7803e735ee8174d024d3182ad55,19527,1
C:\SRS(ISIC_2019)\Dataset\NV\ISIC_0033083.jpg,isic_0033083,5,792201d96caa50d2e6f8f659b0df952a305521963d3e343bfa2a520a2b6fcc49,19528,1
C:\SRS(ISIC_2019)\Dataset\NV\ISIC_0033095.jpg,isic_0033095,5,6e9e085ff80322187ad277f7bfd47a74b60261b4022fe99ec698007b00417899,19536,1
C:\SRS(ISIC_2019)\Dataset\NV\ISIC_0033100.jpg,isic_0033100,5,edc6a1743c566bb54ab579fe444a28bfb9acf02c3dd76d3f6f84e3316f08b46a,19540,1
C:\SRS(ISIC_2019)\Dataset\NV\ISIC_0033110.jpg,isic_0033110,5,74749eea96de7e9aa38bb3eda0225c8f0b3d2f30a719184fa1077f5177391dc0,19549,1
C:\SRS(ISIC_2019)\Dataset\NV\ISIC_0033118.jpg,isic_0033118,5,1b1c74b76e896cb276972677c1d609d8d3b9dea04f6bb238ab535d6c15539ca6,19555,1
C:\SRS(ISIC_2019)\Dataset\NV\ISIC_0033128.jpg,isic_0033128,5,a5c51eda932b6a488d9b48388b4174063a05d2e7edbdfbf0cbbd54ea23bf1e1d,19559,1
C:\SRS(ISIC_2019)\Dataset\NV\ISIC_0033134.jpg,isic_0033134,5,6f718c94e4871135e856ceccb4b30678276132fb43b687e2e797ec500ce429bb,19563,1
C:\SRS(ISIC_2019)\Dataset\NV\ISIC_0033140.jpg,isic_0033140,5,3da9db1c98dc78546b6d8ef6391c0c77142692031ab9144bd162685120bb141c,19568,1
C:\SRS(ISIC_2019)\Dataset\NV\ISIC_0033149.jpg,isic_0033149,5,68067052b3ad83af8bca6a17c2fbc4baea02b5262c1157fbee7d5097ac3f5999,19575,1
C:\SRS(ISIC_2019)\Dataset\NV\ISIC_0033150.jpg,isic_0033150,5,a45c19541b8d932af048e9f1c8ef7f92926f0743c6a9dad26206eaecc3a10920,19576,1
C:\SRS(ISIC_2019)\Dataset\NV\ISIC_0033167.jpg,isic_0033167,5,81f587ca7740b85eb4e97e7763fcd811cd4bf0b13adc5f999e5c755b5e8d1704,19587,1
C:\SRS(ISIC_2019)\Dataset\NV\ISIC_0033168.jpg,isic_0033168,5,bc4bd8ca873d1f199189e7ca87457d5390de223aaba7cffad4e9d5a6747737ed,19588,1
C:\SRS(ISIC_2019)\Dataset\NV\ISIC_0033176.jpg,isic_0033176,5,5c7a7cbd838e21044e7ff3466610670a4879b024bf346934a8276c1f1d7f4d74,19592,1
C:\SRS(ISIC_2019)\Dataset\NV\ISIC_0033179.jpg,isic_0033179,5,fcc03b110003985887015386fbd953d848f06adc6803b46b09c8c2d1e9089213,19594,1
C:\SRS(ISIC_2019)\Dataset\NV\ISIC_0033181.jpg,isic_0033181,5,eafcd9732ae8ac46abaa4d7879d68f54c8fc4e5e447bd3ea7a32b46019dae609,19595,1
C:\SRS(ISIC_2019)\Dataset\NV\ISIC_0033182.jpg,isic_0033182,5,a08baae9a2ca5670ed55ca4ca4d552adc0c9c25a593932e4c93c2dcef82e7392,19596,1
C:\SRS(ISIC_2019)\Dataset\NV\ISIC_0033187.jpg,isic_0033187,5,d07daea43c6f52b4be0cbe92af5eee847a1818b9bd6b68d63841445b71350e70,19597,1
C:\SRS(ISIC_2019)\Dataset\NV\ISIC_0033188.jpg,isic_0033188,5,0f62749febe811d9465e15ff48e630396aca816f5f598e22483647282db7d4de,19598,1
C:\SRS(ISIC_2019)\Dataset\NV\ISIC_0033189.jpg,isic_0033189,5,dd7914d8f5d166e3ea12779a334f535fae8004aa7db1b5a30c67191a4b86834f,19599,1
C:\SRS(ISIC_2019)\Dataset\NV\ISIC_0033202.jpg,isic_0033202,5,9eb84a15809b704402bc41fea7fa19b451e86ba61bc68862515d1afbb73aca2f,19604,1
C:\SRS(ISIC_2019)\Dataset\NV\ISIC_0033207.jpg,isic_0033207,5,fc8f89fd4daee453d8013ba3f751507a6185adb08f0614dd07c007435899ea36,19605,1
C:\SRS(ISIC_2019)\Dataset\NV\ISIC_0033213.jpg,isic_0033213,5,9bfe801f5695d6706e8f2eca1e3ddd17be36fad9ff8d2fe91bb4b030fca23792,19609,1
C:\SRS(ISIC_2019)\Dataset\NV\ISIC_0033214.jpg,isic_0033214,5,6fc253b77dc43e2cefe49b2a42c7ccf47878dc55a246cdc3d3924267a796749a,19610,1
C:\SRS(ISIC_2019)\Dataset\NV\ISIC_0033231.jpg,isic_0033231,5,508a7c9b4bb817385ed1216eac48afaa974ceb3059a4c61d55bcff0373b399ef,19622,1
C:\SRS(ISIC_2019)\Dataset\NV\ISIC_0033233.jpg,isic_0033233,5,3761eef35e2aa297b2e326bb9f0e3008889d62cd991bad1183ca7f97f3affebc,19623,1
C:\SRS(ISIC_2019)\Dataset\NV\ISIC_0033234.jpg,isic_0033234,5,0403e1a13c9601ffce5538dffa8111a78526386c436e5cfa5a539b4debd81a19,19624,1
C:\SRS(ISIC_2019)\Dataset\NV\ISIC_0033243.jpg,isic_0033243,5,42655abcf7eabde2122a274ad3cd7414909f65b753aa71b6a6ee7721f55ae22e,19628,1
C:\SRS(ISIC_2019)\Dataset\NV\ISIC_0033244.jpg,isic_0033244,5,d31b148e99146fe1a05f9043c46ff18b903848bbe37bfcf7d65c01f29b0c6317,19629,1
C:\SRS(ISIC_2019)\Dataset\NV\ISIC_0033276.jpg,isic_0033276,5,0895fe94be7babea728b1f92252c91721586df0384950221d0ea9be32ecab021,19641,1
C:\SRS(ISIC_2019)\Dataset\NV\ISIC_0033283.jpg,isic_0033283,5,baf1061a1c7245eec474bc1eecaf456cfa79ae135b22e5108e8ea59190a9b382,19645,1
C:\SRS(ISIC_2019)\Dataset\NV\ISIC_0033290.jpg,isic_0033290,5,cc3e76031cdc83e0b53c6518e14faeeb06ac623d98d5ca75dad8d6fc373c4eb9,19649,1
C:\SRS(ISIC_2019)\Dataset\NV\ISIC_0033291.jpg,isic_0033291,5,70caff953f6dcfcd68c0a206bbf0daac073449103586eb045137871afad50047,19650,1
C:\SRS(ISIC_2019)\Dataset\NV\ISIC_0033292.jpg,isic_0033292,5,0bfb453cf009b3795433d51cdc3d4138b9dcc114e62c9aa87657681c1b501aa8,19651,1
C:\SRS(ISIC_2019)\Dataset\NV\ISIC_0033298.jpg,isic_0033298,5,afd11f83bfc6a6b0ce60d2bb5c1a0ed33e33896ea640492c9b975f61f5a665fb,19656,1
C:\SRS(ISIC_2019)\Dataset\NV\ISIC_0033316.jpg,isic_0033316,5,4e286d43e8d13371aecfd7d5beb5688f9f2d62c8baa63d2e49774aebbc539375,19664,1
C:\SRS(ISIC_2019)\Dataset\NV\ISIC_0033328.jpg,isic_0033328,5,6eaef316835638d9c0eeea823fd80c7e7ce92e12154bdc32b925b623e78bfaeb,19669,1
C:\SRS(ISIC_2019)\Dataset\NV\ISIC_0033332.jpg,isic_0033332,5,1487ea1c2b2da7d1fb1e1ecde523ed9be87e8185ed33216461ea580f29719ebb,19673,1
C:\SRS(ISIC_2019)\Dataset\NV\ISIC_0033340.jpg,isic_0033340,5,f251b52c7381f0360c7cd1556bbf36bb981b039fd1a63c6c7bf26c3b0d7f44e1,19678,1
C:\SRS(ISIC_2019)\Dataset\NV\ISIC_0033345.jpg,isic_0033345,5,6df6e2c86cda874bcc537c3c09f92d23e5f911e0969167b776e4b5aabc22d3b5,19682,1
C:\SRS(ISIC_2019)\Dataset\NV\ISIC_0033351.jpg,isic_0033351,5,c5ea605bdcd341c60f9f997bd6f07a4c7cf9958a0ce4369f9b8d04cbf193539a,19687,1
C:\SRS(ISIC_2019)\Dataset\NV\ISIC_0033356.jpg,isic_0033356,5,39a2887c155223ea3bc918328bbcba86cb5c78c326077dcc9bc9ca68d50bed92,19691,1
C:\SRS(ISIC_2019)\Dataset\NV\ISIC_0033363.jpg,isic_0033363,5,4f43cf742ee0605c085bcf1419a37b81cacdf0012a3bbccc7aa3a82c4f7669a5,19695,1
C:\SRS(ISIC_2019)\Dataset\NV\ISIC_0033380.jpg,isic_0033380,5,1de2003a814ca5dca726a16ab96628c50bc8ec430e336ea58d1733e3fb42ac3a,19705,1
C:\SRS(ISIC_2019)\Dataset\NV\ISIC_0033382.jpg,isic_0033382,5,60b4a08cf4ac77c22528e2ba66d9a472b00ca80943b016380b0e5a6c9370a0ee,19707,1
C:\SRS(ISIC_2019)\Dataset\NV\ISIC_0033386.jpg,isic_0033386,5,c3c0d9eb4a9a64926e94f9cd189204461541e6c74cb79645452a1cf2b8845a0e,19711,1
C:\SRS(ISIC_2019)\Dataset\NV\ISIC_0033388.jpg,isic_0033388,5,a121cbfc8fdc7c9c822d175391d989c255f56d04d8ed80bf4daf3446d27b1372,19712,1
C:\SRS(ISIC_2019)\Dataset\NV\ISIC_0033389.jpg,isic_0033389,5,4da7c3ae572ae315214acb94a9e689a07497187081a443e6e34bfe3d6e5da7b6,19713,1
C:\SRS(ISIC_2019)\Dataset\NV\ISIC_0033404.jpg,isic_0033404,5,014c0d3bb51794f77a3821daf457574173ca76186cf85333676389b639063f57,19720,1
C:\SRS(ISIC_2019)\Dataset\NV\ISIC_0033411.jpg,isic_0033411,5,1cf3633e54c4298dd9d0647f80a3266b0f767cb41f1eb2a7342b29d96fc7805f,19725,1
C:\SRS(ISIC_2019)\Dataset\NV\ISIC_0033418.jpg,isic_0033418,5,d2bc01d7932d050f2a28345c1419d69eb32c47293bfc913ec8be49e389e3e668,19728,1
C:\SRS(ISIC_2019)\Dataset\NV\ISIC_0033433.jpg,isic_0033433,5,818b98494dc8627ec0d50bc425fc2133e191d8429be61f7b1e76123ab280141c,19736,1
C:\SRS(ISIC_2019)\Dataset\NV\ISIC_0033442.jpg,isic_0033442,5,61c7909c9dd851f3dfd52d56559e2ce58821341f18c84f937a5ae9d324fdc08c,19742,1
C:\SRS(ISIC_2019)\Dataset\NV\ISIC_0033455.jpg,isic_0033455,5,5bf058397f0666e64b981acc02ee25f563d462da60c551e982847df7ba9867ad,19748,1
C:\SRS(ISIC_2019)\Dataset\NV\ISIC_0033464.jpg,isic_0033464,5,2b75e67cc8db7ae3881eed6993ac7a7eea446f6062be32af7ff6663b9d76744e,19754,1
C:\SRS(ISIC_2019)\Dataset\NV\ISIC_0033467.jpg,isic_0033467,5,a2b118315df5aa300be86157abd4633605cc589b6d297b1583afe6e71af9656a,19755,1
C:\SRS(ISIC_2019)\Dataset\NV\ISIC_0033484.jpg,isic_0033484,5,4552aaa06ba83f3b6e2642f9d5765ad2281d2e376de8126f0ef9fcee74856294,19762,1
C:\SRS(ISIC_2019)\Dataset\NV\ISIC_0033493.jpg,isic_0033493,5,8a2de0c8bf8be5edff66defa26014a5bd48d6fe15167f505666c97bde286cc65,19765,1
C:\SRS(ISIC_2019)\Dataset\NV\ISIC_0033512.jpg,isic_0033512,5,9c85483d21a34b08f38e026c4c6257788ae7a2be9c327b3729b1ef2e4fc4c6e3,19775,1
C:\SRS(ISIC_2019)\Dataset\NV\ISIC_0033532.jpg,isic_0033532,5,04fee8714c7f98a88ab322e6b32e945c6326a0d063db66d8e7909ba896f39bed,19786,1
C:\SRS(ISIC_2019)\Dataset\NV\ISIC_0033557.jpg,isic_0033557,5,754c33cda86eb4d2be14cdba5c795ebf81f2e503d35835e93dd2082018e8ecb1,19800,1
C:\SRS(ISIC_2019)\Dataset\NV\ISIC_0033577.jpg,isic_0033577,5,9bf329c7bb8a43d3f351496d478006dd2675944211afde7e879f7f456c029a9f,19809,1
C:\SRS(ISIC_2019)\Dataset\NV\ISIC_0033599.jpg,isic_0033599,5,b78bbbe09a8d5fc9dbd3a5a17f2a3a6649a387f95b0c303496174dd59074327c,19819,1
C:\SRS(ISIC_2019)\Dataset\NV\ISIC_0033615.jpg,isic_0033615,5,101b5a868d57a57ebda14d0c29a98ba5a5e17f456445a5567043e8cd9da2b9fe,19826,1
C:\SRS(ISIC_2019)\Dataset\NV\ISIC_0033625.jpg,isic_0033625,5,90a86d6c9291f9296dc1b11a0af83aaa0e74fec21b11aba9dea17fb08a5aad40,19832,1
C:\SRS(ISIC_2019)\Dataset\NV\ISIC_0033633.jpg,isic_0033633,5,9adddd4ded3a372291c287fb468c1aa506d7d4ad14989b17658874f1d8204661,19836,1
C:\SRS(ISIC_2019)\Dataset\NV\ISIC_0033637.jpg,isic_0033637,5,2336698969f5bf2ac95b5ca8b6cb6fdfb54bb088c92f8f0ffc44387725244a3b,19838,1
C:\SRS(ISIC_2019)\Dataset\NV\ISIC_0033649.jpg,isic_0033649,5,6d0171897a40b049ef8eb277f01c327c1e214b591bb260b29c0286b507cc2017,19845,1
C:\SRS(ISIC_2019)\Dataset\NV\ISIC_0033652.jpg,isic_0033652,5,d8d24ab2cd1816710c03dca84cce896d181c67f2719f207f66775680078b851f,19847,1
C:\SRS(ISIC_2019)\Dataset\NV\ISIC_0033667.jpg,isic_0033667,5,208091a979fadb2ee978685b14ec75f063aef951bec7a22e93673d69d74ccbe0,19854,1
C:\SRS(ISIC_2019)\Dataset\NV\ISIC_0033669.jpg,isic_0033669,5,8e6c5a18e3a443db2c72d59247b6b42ac30f611e732ac1de3801d9a7a8fb31d7,19855,1
C:\SRS(ISIC_2019)\Dataset\NV\ISIC_0033673.jpg,isic_0033673,5,27ed08cf8ce62d5f3b8d2e17646053e90539191e544e1f1428e91c273ae4bc5d,19858,1
C:\SRS(ISIC_2019)\Dataset\NV\ISIC_0033682.jpg,isic_0033682,5,99e1750b931346539beeabdbf1a0e0633d3b77e0caede6143480d650aadf879b,19862,1
C:\SRS(ISIC_2019)\Dataset\NV\ISIC_0033721.jpg,isic_0033721,5,5496f10c93d1c194e5e49b69aad41e15c9e96c401faa9cde343c0738fb42281a,19884,1
C:\SRS(ISIC_2019)\Dataset\NV\ISIC_0033724.jpg,isic_0033724,5,c05796a3aeaf0f2a832893c71d31a5fd41cfb6f5834949dd68389fdbbc7f561e,19886,1
C:\SRS(ISIC_2019)\Dataset\NV\ISIC_0033727.jpg,isic_0033727,5,29f46222c5c8ae93ebab48297b18f78b3ada370f28a9de790d77f436921f5fa8,19888,1
C:\SRS(ISIC_2019)\Dataset\NV\ISIC_0033729.jpg,isic_0033729,5,4812ab1fedad6a6e0d90c8b8766923428e691c87c81e168ad2825ff38805c40a,19889,1
C:\SRS(ISIC_2019)\Dataset\NV\ISIC_0033733.jpg,isic_0033733,5,b2c8239892528a4259e1f31cfa152718a6acf1d730560e57ad8f9f5a215808a4,19891,1
C:\SRS(ISIC_2019)\Dataset\NV\ISIC_0033737.jpg,isic_0033737,5,404509ed92969de115aed2ef5d3a4f07a6c0eac6d55618b1583a3787772a601d,19894,1
C:\SRS(ISIC_2019)\Dataset\NV\ISIC_0033740.jpg,isic_0033740,5,336cd111aa770ac08ada79c558edfcdd503df92a9dd904ac247bf7678782ed75,19897,1
C:\SRS(ISIC_2019)\Dataset\NV\ISIC_0033743.jpg,isic_0033743,5,c8f43b7241c389e09cbc944c6fca6704fbff97745da2edbfcac8522653103247,19900,1
C:\SRS(ISIC_2019)\Dataset\NV\ISIC_0033757.jpg,isic_0033757,5,26c9d61b47bcea94abfcdfe92728b07c83b739bf5b519540adede374d79c1ba0,19908,1
C:\SRS(ISIC_2019)\Dataset\NV\ISIC_0033786.jpg,isic_0033786,5,bfa7ada189f56646ef6da0072bb933136bfe3e44b3d0e303a1d0d4bf00a83317,19925,1
C:\SRS(ISIC_2019)\Dataset\NV\ISIC_0033787.jpg,isic_0033787,5,4f40afa49dee9a311fab08c4bef2a3154a622d395c0de24fa4eb5338a33eccbb,19926,1
C:\SRS(ISIC_2019)\Dataset\NV\ISIC_0033798.jpg,isic_0033798,5,65d158c3196128efc76ccb036c49e978b10ade8db30518b65f7518882eab33eb,19935,1
C:\SRS(ISIC_2019)\Dataset\NV\ISIC_0033826.jpg,isic_0033826,5,ee2e9fb04b8b693bb45c37f8c65f18fbe881442fd5114ba381bcc0e8dd732710,19948,1
C:\SRS(ISIC_2019)\Dataset\NV\ISIC_0033832.jpg,isic_0033832,5,39cb9a4557e5dcb56f8540251e9e47a2e9d18e8f9196f7b3603250fc716f3d0b,19951,1
C:\SRS(ISIC_2019)\Dataset\NV\ISIC_0033838.jpg,isic_0033838,5,b8db72c547e3e6a768f7aa4e8980a61803f45019e33069301ff6d2b08f68d34d,19956,1
C:\SRS(ISIC_2019)\Dataset\NV\ISIC_0033841.jpg,isic_0033841,5,57d948b5079cc56ef5d3d57de751b869ad27054762e73ec0a2688fcf7a0857cf,19959,1
C:\SRS(ISIC_2019)\Dataset\NV\ISIC_0033849.jpg,isic_0033849,5,ba7d0d035ae3c4bd0bfa0d937acba9db66b3816d04af67d13e6e6ecf5fa64a83,19963,1
C:\SRS(ISIC_2019)\Dataset\NV\ISIC_0033864.jpg,isic_0033864,5,47b5f11498f0b491c1fa281eb0b4c5b12ce8bd4d534b6c47a89653787836b6f0,19972,1
C:\SRS(ISIC_2019)\Dataset\NV\ISIC_0033873.jpg,isic_0033873,5,7a38650925eab2999f4fdb7f99da32e7b3c5fdfd3d8cb24423e8e98b60808bb7,19975,1
C:\SRS(ISIC_2019)\Dataset\NV\ISIC_0033887.jpg,isic_0033887,5,dbc7db4ee3f0cdd83f90e20969c462fba30efce06a09d4844480a996fc5406a4,19982,1
C:\SRS(ISIC_2019)\Dataset\NV\ISIC_0033892.jpg,isic_0033892,5,b2ecede3100bab31fc641f55d7781159305fb7988fbba877a73fe497b02413f8,19986,1
C:\SRS(ISIC_2019)\Dataset\NV\ISIC_0033898.jpg,isic_0033898,5,9b3c4d3f12dffd26a8344220646a7ea28ccf2ef8cff94209aecd3f09816cc490,19991,1
C:\SRS(ISIC_2019)\Dataset\NV\ISIC_0033907.jpg,isic_0033907,5,d498510447e05b666e56806fa7b1495cda4da6bc38c6c7c5a84711bb87bf6b57,19995,1
C:\SRS(ISIC_2019)\Dataset\NV\ISIC_0033917.jpg,isic_0033917,5,7f46585249bd9a865e180be2d67636650595e3e0f7142bd90567f339b21c3fb4,20001,1
C:\SRS(ISIC_2019)\Dataset\NV\ISIC_0033921.jpg,isic_0033921,5,4192c07ce1dad4145c5a6a35c98bba4256915bab4800aac80a14f0df8552229f,20005,1
C:\SRS(ISIC_2019)\Dataset\NV\ISIC_0033926.jpg,isic_0033926,5,143f316cf28256c8b05f405e7796b4d25556e9f02ab2e787f4807d05af7ba1a4,20008,1
C:\SRS(ISIC_2019)\Dataset\NV\ISIC_0033928.jpg,isic_0033928,5,589375be02e053c8db3668de77d0ea5ac6294f8173930e39f467f9220ad9e9da,20010,1
C:\SRS(ISIC_2019)\Dataset\NV\ISIC_0033936.jpg,isic_0033936,5,05ec0971e2a05a4f10d486cfdfb132305d620db036cb49da17377cc591a51034,20017,1
C:\SRS(ISIC_2019)\Dataset\NV\ISIC_0033941.jpg,isic_0033941,5,71d58e321d85a28bbe09dca2444016031e2cab53c7d2dd58cd0204776835932e,20021,1
C:\SRS(ISIC_2019)\Dataset\NV\ISIC_0033974.jpg,isic_0033974,5,582f538c3d2c537f96594ae5f86b0a9f9f47e422032f782a68338d27df186df0,20040,1
C:\SRS(ISIC_2019)\Dataset\NV\ISIC_0033983.jpg,isic_0033983,5,4af6a352827d86deaeb9d7accd4300a3af035606be320c3fec66313486dcc114,20044,1
C:\SRS(ISIC_2019)\Dataset\NV\ISIC_0033984.jpg,isic_0033984,5,9478bd2258563dc76b119467a9041713e508fce81803384fcbbf0ac07b42b9b4,20045,1
C:\SRS(ISIC_2019)\Dataset\NV\ISIC_0033990.jpg,isic_0033990,5,d106e5616707ac7aca6615f7bb57fc51ccb29f4e6499848432e7f9c15f78b2e9,20048,1
C:\SRS(ISIC_2019)\Dataset\NV\ISIC_0034008.jpg,isic_0034008,5,cb2b2535dbd9d5c4f9287c8cd5e988c1743faf8ea8e79a996a54b0e22c53b37f,20057,1
C:\SRS(ISIC_2019)\Dataset\NV\ISIC_0034009.jpg,isic_0034009,5,79113d03fd2d202cc56be25c3d089b5d48750a58039e7bf85451cf40b1e00ee5,20058,1
C:\SRS(ISIC_2019)\Dataset\NV\ISIC_0034014.jpg,isic_0034014,5,72e5d8d1dcd7ab2dbb53ecae04940a42bb4d18583bcf0c489b6f7ae619957f83,20061,1
C:\SRS(ISIC_2019)\Dataset\NV\ISIC_0034023.jpg,isic_0034023,5,587f99ac2fd560bb124cc32a273d6132fdc4fa066fb0684790dce02b5810157f,20068,1
C:\SRS(ISIC_2019)\Dataset\NV\ISIC_0034055.jpg,isic_0034055,5,0af2de9402afbc0439b0da9f3df3bbb7b79a35c4cdfc96eb2a59ad1007c0bb68,20085,1
C:\SRS(ISIC_2019)\Dataset\NV\ISIC_0034075.jpg,isic_0034075,5,3a225b8ed3729308caab4a16feb2c6d96713766c088495a5f74b7911a488bf40,20093,1
C:\SRS(ISIC_2019)\Dataset\NV\ISIC_0034097.jpg,isic_0034097,5,4e82eba052a52efe4b66f8ed1577f49df5aed9ab70b48d71c82ac2c0438ebc44,20107,1
C:\SRS(ISIC_2019)\Dataset\NV\ISIC_0034110.jpg,isic_0034110,5,ad3ebeac6ecf0edc494216619fd9cf7e1616dfe84ae6ef5365d7885bf1c31cad,20114,1
C:\SRS(ISIC_2019)\Dataset\NV\ISIC_0034114.jpg,isic_0034114,5,4a6123160053bec27fd28710952aaa6ae490da824dd6d742f3bb3acdfe62389b,20117,1
C:\SRS(ISIC_2019)\Dataset\NV\ISIC_0034121.jpg,isic_0034121,5,558b8517d0f2036a339b9f996f52183eddcc310b2a0537a2c422927b4ce1de43,20119,1
C:\SRS(ISIC_2019)\Dataset\NV\ISIC_0034127.jpg,isic_0034127,5,f132fd8dbb3f91bc9b25338cca4e35b0ef5bbc73db1615d09ec243387c9da7f2,20122,1
C:\SRS(ISIC_2019)\Dataset\NV\ISIC_0034129.jpg,isic_0034129,5,89ec7ca52133505a07db8934409d9e8459df61bd6ec0a7abfec37a60943961bd,20124,1
C:\SRS(ISIC_2019)\Dataset\NV\ISIC_0034144.jpg,isic_0034144,5,54f0bddec1f63e3aeca2e153870ece8dee8c05c187f337e13132ebbd8fa1d907,20132,1
C:\SRS(ISIC_2019)\Dataset\NV\ISIC_0034163.jpg,isic_0034163,5,8849da7a1348059722bed43212152530188f39c4e8f256a265024891f3fe07a3,20143,1
C:\SRS(ISIC_2019)\Dataset\NV\ISIC_0034176.jpg,isic_0034176,5,d61883e8387f20ddc9e70b918324ad7dfa3a932461ac5ea5b14c4cb1c448ef9e,20148,1
C:\SRS(ISIC_2019)\Dataset\NV\ISIC_0034177.jpg,isic_0034177,5,110111094bd1e631f7d0f1016bf2579b551869b64a7bde624a57ef699b2e5363,20149,1
C:\SRS(ISIC_2019)\Dataset\NV\ISIC_0034178.jpg,isic_0034178,5,4161b280fad8241d47f318434de213ea7ed8ff59b75cf0dbe8de72668a87927a,20150,1
C:\SRS(ISIC_2019)\Dataset\NV\ISIC_0034185.jpg,isic_0034185,5,0fb3a1679124053325c702963c53d7a0bcc729a3d96fe36eec2b419f4e536024,20155,1
C:\SRS(ISIC_2019)\Dataset\NV\ISIC_0034207.jpg,isic_0034207,5,0f55305cc276fc09546579724809b87d286102bfdbf7b12466810d5f26cdf9f1,20169,1
C:\SRS(ISIC_2019)\Dataset\NV\ISIC_0034213.jpg,isic_0034213,5,7615291a54127321760af4c4880d2ee702c400fb286606a1b5d296983e18a31f,20173,1
C:\SRS(ISIC_2019)\Dataset\NV\ISIC_0034226.jpg,isic_0034226,5,f1559bf2fc4b826d91c252dfb8811356e45d5f6017e89f32ee2b988cde5dacea,20180,1
C:\SRS(ISIC_2019)\Dataset\NV\ISIC_0034228.jpg,isic_0034228,5,edc6bfa6d027f7bbf22f2cfebd437f2fc59b62ebf8ab78935c34eadb7442a6c5,20182,1
C:\SRS(ISIC_2019)\Dataset\NV\ISIC_0034229.jpg,isic_0034229,5,b41b7add9d1b4e61951ab1c041d51349474184717b60c1208a91b12fc43f287e,20183,1
C:\SRS(ISIC_2019)\Dataset\NV\ISIC_0034230.jpg,isic_0034230,5,cdc7943af18f55c8deedec486ffcf5547cdb6e3ce35e3b98701855cdfd4adece,20184,1
C:\SRS(ISIC_2019)\Dataset\NV\ISIC_0034240.jpg,isic_0034240,5,d2ec481c4906040de6772d958eab34eff6e56ba14031e4e0d1e7b6c0f1dc2f86,20190,1
C:\SRS(ISIC_2019)\Dataset\NV\ISIC_0034270.jpg,isic_0034270,5,fff87c305ab540aca6f5788137cea97bd408f244bbcfd80d58ff56263a69cbdd,20209,1
C:\SRS(ISIC_2019)\Dataset\NV\ISIC_0034271.jpg,isic_0034271,5,eb1a962d87861802882f13f2f03a5853558187f0e6a7357af61a81266c09d6ac,20210,1
C:\SRS(ISIC_2019)\Dataset\NV\ISIC_0034278.jpg,isic_0034278,5,44ea377e0960c662753ef5c4908c5c46acb11eecdcfc559f3d819b019ca6a8a6,20215,1
C:\SRS(ISIC_2019)\Dataset\NV\ISIC_0034279.jpg,isic_0034279,5,8857a5b348dca7528b35c33fc3193fc110f2687e19fd7a879dad13df584be0c8,20216,1
C:\SRS(ISIC_2019)\Dataset\NV\ISIC_0034292.jpg,isic_0034292,5,22b701629d3753d9b91039c75e1bafb89771654bc9e8cdbdaccce5875fcbeb5d,20223,1
C:\SRS(ISIC_2019)\Dataset\NV\ISIC_0034301.jpg,isic_0034301,5,26c14ee73535dc293e0ff25590d8b5795fb7df3ccb44ce005b27d17c1fbca3d4,20229,1
C:\SRS(ISIC_2019)\Dataset\NV\ISIC_0034304.jpg,isic_0034304,5,1d2ce777aba27c9df9571ced2b511bcd32c517e42448c839ebadac6a2d5b0628,20231,1
C:\SRS(ISIC_2019)\Dataset\NV\ISIC_0034308.jpg,isic_0034308,5,3f6a2382a600099aa761fbcf97803818f05d4a80253188e98ec9df1b18782d1c,20234,1
C:\SRS(ISIC_2019)\Dataset\NV\ISIC_0034309.jpg,isic_0034309,5,abf694b997081b8452c9b6055c293ec496d4ded119a3ecbbb151fe39acec8cfd,20235,1
C:\SRS(ISIC_2019)\Dataset\NV\ISIC_0034311.jpg,isic_0034311,5,f5476885458fc23ad432c797c60d7e23c04e9baeda8137da07e785a85939630f,20237,1
C:\SRS(ISIC_2019)\Dataset\NV\ISIC_0034314.jpg,isic_0034314,5,2ed56e1800de09ecae529a067f16f11ff0c1565e72b46206825ab61a410188bb,20239,1
C:\SRS(ISIC_2019)\Dataset\NV\ISIC_0053459.jpg,isic_0053459,5,484afe9fa473ffd177da00b4332dae53ff7a4bc135ead25ca4776d7fe9176816,20242,1
C:\SRS(ISIC_2019)\Dataset\NV\ISIC_0053557.jpg,isic_0053557,5,64af13e3f176378e3f45fbcb40acb6580c65524893fdc606914e6aa14ee19ed6,20259,1
C:\SRS(ISIC_2019)\Dataset\NV\ISIC_0053577.jpg,isic_0053577,5,a7542887e93613b6c9a10d4a34a19ce3d3261525ec435fb6dadbc0fb431c4896,20263,1
C:\SRS(ISIC_2019)\Dataset\NV\ISIC_0053579.jpg,isic_0053579,5,2b824e6ce3e0b29081ca5af92dea5ce808a0845c484a6592a56a27bfff649508,20264,1
C:\SRS(ISIC_2019)\Dataset\NV\ISIC_0053584.jpg,isic_0053584,5,24117f8703aaa84ffa6ed263767c63215c38a4d0383c79c931377753e0aa6c0d,20265,1
C:\SRS(ISIC_2019)\Dataset\NV\ISIC_0053609.jpg,isic_0053609,5,8be2d1a89bb9132d40ca95925f0bf5816d6ab072261c164cecf6e4c2a93a5fab,20268,1
C:\SRS(ISIC_2019)\Dataset\NV\ISIC_0053642.jpg,isic_0053642,5,aac4500a679db6d03fa114754d772ce59527daba9ce852b56f3b0e585449522c,20277,1
C:\SRS(ISIC_2019)\Dataset\NV\ISIC_0053668.jpg,isic_0053668,5,14b8354e053318698a59c2a0f34e91ed2020cccd6d89fc54f93df68d5ff98e1a,20284,1
C:\SRS(ISIC_2019)\Dataset\NV\ISIC_0053673.jpg,isic_0053673,5,53cfc78cc2e1f4ba076c57dd076c70c59d9ee879d6b3211e3c4d87d72ed50e3d,20285,1
C:\SRS(ISIC_2019)\Dataset\NV\ISIC_0053690.jpg,isic_0053690,5,f75b1da68e42ad8ba3c5f3173dcf3f1920bf95648c9a3bba2ef5876f0f72db18,20289,1
C:\SRS(ISIC_2019)\Dataset\NV\ISIC_0053694.jpg,isic_0053694,5,cf61fc84ec99290f3d5dc118a54dbc105bc8f6b3eb26f1434c0221b9bd0df282,20290,1
C:\SRS(ISIC_2019)\Dataset\NV\ISIC_0053739.jpg,isic_0053739,5,ea51b7081b7837a733d6624d299ebbdd61d95ec423806e480e94a2f1fd20e9c6,20300,1
C:\SRS(ISIC_2019)\Dataset\NV\ISIC_0053758.jpg,isic_0053758,5,68dc27a3f1d4d1ad1801da514866c70393b49b5ae4f3514ee4094e7d0e2b68a5,20305,1
C:\SRS(ISIC_2019)\Dataset\NV\ISIC_0053760.jpg,isic_0053760,5,6e1533acd5d88f7369c1e76b65c783a4d7b7d05fa257c3eed7dd01c332cfb915,20307,1
C:\SRS(ISIC_2019)\Dataset\NV\ISIC_0053842.jpg,isic_0053842,5,ecd2a9acebd8fedfb764c8c338458ecd57ae742a09ad6bed69d01a769e5dab8c,20320,1
C:\SRS(ISIC_2019)\Dataset\NV\ISIC_0053845.jpg,isic_0053845,5,56575b2069370488983b71aecfed64aa215a32f0756d651b69573c047d5a9ff8,20321,1
C:\SRS(ISIC_2019)\Dataset\NV\ISIC_0053883.jpg,isic_0053883,5,0cdc28c243bdc4e6582058f6e741d4c8781e6089e6f79ae878279f0d3119b395,20330,1
C:\SRS(ISIC_2019)\Dataset\NV\ISIC_0053890.jpg,isic_0053890,5,a56905921b43df0b804f8c226f39f36f1ebb916af24e0f36214a8ec33266e9ca,20332,1
C:\SRS(ISIC_2019)\Dataset\NV\ISIC_0053931.jpg,isic_0053931,5,6e359d5fa5a13010c05f7de53a3592916ec7bafcecb072b1bf4ca343b456b4fe,20340,1
C:\SRS(ISIC_2019)\Dataset\NV\ISIC_0053959.jpg,isic_0053959,5,c8a6e3594d59a89843bb1c4c764d1ed21ed4cff2012cfbb26d09324ab03c0d03,20345,1
C:\SRS(ISIC_2019)\Dataset\NV\ISIC_0053970.jpg,isic_0053970,5,fbb6181711f2fa26410764e46948f667043cb3d0dbefb8c828367e04b4266273,20346,1
C:\SRS(ISIC_2019)\Dataset\NV\ISIC_0054008.jpg,isic_0054008,5,22af1ce3deca7482d5e52999b1f452779a887fc125b5d7112298b557e2c83e80,20352,1
C:\SRS(ISIC_2019)\Dataset\NV\ISIC_0054012.jpg,isic_0054012,5,ee237d18f800147a171b7c237e3e0684cbe24b87db26c3598be49995e11c974f,20353,1
C:\SRS(ISIC_2019)\Dataset\NV\ISIC_0054023.jpg,isic_0054023,5,c65ac4aa969e2d2372eac7e6a09a828632337ee7dfad443977b77f731b327281,22569,1
C:\SRS(ISIC_2019)\Dataset\NV\ISIC_0054069.jpg,isic_0054069,5,e80e0b2a4340c69b54e74479367ca1e25dc1e3b7f199ea9f21d161b14dee1f58,20365,1
C:\SRS(ISIC_2019)\Dataset\NV\ISIC_0054077.jpg,isic_0054077,5,ac9886dea2eb5654acd3e7681d6961c6f4a90563f66ec1295729988570e4275a,20367,1
C:\SRS(ISIC_2019)\Dataset\NV\ISIC_0054105.jpg,isic_0054105,5,7fef175a441373451b057336c3e0d1dcd50220a3324d7f9f842b2787763dda51,20371,1
C:\SRS(ISIC_2019)\Dataset\NV\ISIC_0054145.jpg,isic_0054145,5,16e6266085d36aee4a6f2dc0c1e52540a92ac466aab4a11b30a79e7ecad095c1,20378,1
C:\SRS(ISIC_2019)\Dataset\NV\ISIC_0054162.jpg,isic_0054162,5,70f64994c18b97fc4bf411f1544719f58ff6998633a93e342744c0b0cd25eaef,20382,1
C:\SRS(ISIC_2019)\Dataset\NV\ISIC_0054168.jpg,isic_0054168,5,4c3ddba95a8b9376a8e4bba37a052a7d087312957b9cd6a91eb974b9f9f8c2dd,20384,1
C:\SRS(ISIC_2019)\Dataset\NV\ISIC_0054184.jpg,isic_0054184,5,f842bb2f5cf1e1b3003eda853a086d1f8378b1e3ceefe2f75b950ce4d1932e70,20386,1
C:\SRS(ISIC_2019)\Dataset\NV\ISIC_0054238.jpg,isic_0054238,5,8e1fee98c83300930585a43e1aeb667670062f655d02d70a8a1da6a8554ff7c6,20392,1
C:\SRS(ISIC_2019)\Dataset\NV\ISIC_0054270.jpg,isic_0054270,5,2517d83c877081dfbab875bb3279a96884b44f589ce48926062286003942ebf1,20398,1
C:\SRS(ISIC_2019)\Dataset\NV\ISIC_0054318.jpg,isic_0054318,5,0be5879dd86fd218a55e00894ff3fdd583c2715e78f53a2478d2bb46771c019c,20412,1
C:\SRS(ISIC_2019)\Dataset\NV\ISIC_0054356.jpg,isic_0054356,5,9cce1497c581b9e9676d84bc0343f7ffbb24b7dd34525ac98446c8f760b07734,20418,1
C:\SRS(ISIC_2019)\Dataset\NV\ISIC_0054357.jpg,isic_0054357,5,ca9ac9e727be152ccb64da3a630741be5455923bb62828cce57e1f31e5fc4873,20419,1
C:\SRS(ISIC_2019)\Dataset\NV\ISIC_0054393.jpg,isic_0054393,5,9a49e8c6f7a69ff360dafd9f1cc7488032e20a5976ee0320ba55763b80971f25,20425,1
C:\SRS(ISIC_2019)\Dataset\NV\ISIC_0054404.jpg,isic_0054404,5,bcf31a6f9c9702f38700b6c990dca43c1723cbe49c7c6bd6a5e9366e01e3c8d2,20429,1
C:\SRS(ISIC_2019)\Dataset\NV\ISIC_0054406.jpg,isic_0054406,5,cd3b95981e45bb7f7c848d2a47539d8e8d2f4b39f9fbd06d20704198e1ffc030,20430,1
C:\SRS(ISIC_2019)\Dataset\NV\ISIC_0054417.jpg,isic_0054417,5,41b8926813a7a59dc99f6d0ed46f03ab7a0dbaa0ab01e902c7092642da36d226,20433,1
C:\SRS(ISIC_2019)\Dataset\NV\ISIC_0054478.jpg,isic_0054478,5,ce1fbd975b78c1a1d1f68412a60bf2c88bb9fc245ccad893baf1d06a22764759,20444,1
C:\SRS(ISIC_2019)\Dataset\NV\ISIC_0054486.jpg,isic_0054486,5,7fc7fb73299d3682539e546aa709697687668ae11af98a78511e96cb32ec2686,20447,1
C:\SRS(ISIC_2019)\Dataset\NV\ISIC_0054494.jpg,isic_0054494,5,9be8a86793339836b4ce0daa1f55559fd5eda652b890eebd16d3a4c04426d667,20448,1
C:\SRS(ISIC_2019)\Dataset\NV\ISIC_0054545.jpg,isic_0054545,5,8876d61b9cb18502791384bb60ed3376dbc4cfc6752581ca4920a6b7b3c7e324,20460,1
C:\SRS(ISIC_2019)\Dataset\NV\ISIC_0054554.jpg,isic_0054554,5,161db227419d6781491e9aa27949c6e9d09dae38db3069e6eae9766ef4b39ac4,20461,1
C:\SRS(ISIC_2019)\Dataset\NV\ISIC_0054586.jpg,isic_0054586,5,bf054f3018cb9735ff04f8b84f9513498cef5edd6e09c56cde729723de50c051,20471,1
C:\SRS(ISIC_2019)\Dataset\NV\ISIC_0054588.jpg,isic_0054588,5,f4c052b610a7efa51b0e83074eccee97954c4080f9e9159bf8d75d72747a2072,20473,1
C:\SRS(ISIC_2019)\Dataset\NV\ISIC_0054591.jpg,isic_0054591,5,6172909f862e618118606d8b2e58eaba7c5c42ee7e680a42cbec1fdeaf4bd4b1,20474,1
C:\SRS(ISIC_2019)\Dataset\NV\ISIC_0054643.jpg,isic_0054643,5,b575fe03b79fd3a999e9208bd4876386b6e4719ec6295ab1c7c6965d40d63ef1,20484,1
C:\SRS(ISIC_2019)\Dataset\NV\ISIC_0054652.jpg,isic_0054652,5,de3851d03455a02130d013384ec9b5e4c891590b7eb34b5bec97b45e4590a2e5,20486,1
C:\SRS(ISIC_2019)\Dataset\NV\ISIC_0054672.jpg,isic_0054672,5,217aa291101f5f17e9a47afe6c2f59747e2469061de0be704110704ef1b896e6,20490,1
C:\SRS(ISIC_2019)\Dataset\NV\ISIC_0054695.jpg,isic_0054695,5,e29c099f7d75aa48433ec95a7d7b578eedef7ce4e68bf62a9f1b51bdb96fccb8,20496,1
C:\SRS(ISIC_2019)\Dataset\NV\ISIC_0054716.jpg,isic_0054716,5,fa9a88eeffd2be460827b28f7cd1500f959c142853f869d8613d135af65986c6,20504,1
C:\SRS(ISIC_2019)\Dataset\NV\ISIC_0054727.jpg,isic_0054727,5,bb055caf7e382594a60983ae8f68c73828e6c3dbe4446b86f01f826cd4989a69,20505,1
C:\SRS(ISIC_2019)\Dataset\NV\ISIC_0054738.jpg,isic_0054738,5,7ed1d2fab4d408e45f945875eae872659b3c28f628f78c21ca27ddc828db4ae1,20509,1
C:\SRS(ISIC_2019)\Dataset\NV\ISIC_0054766.jpg,isic_0054766,5,c91871db9be94f399add64d2f98dcaf7a8bfa5d8725068c7dfb264f1460fdb79,20515,1
C:\SRS(ISIC_2019)\Dataset\NV\ISIC_0054814.jpg,isic_0054814,5,91bf2b7cc9e8d1564ef05810779914388a2071582d459b7f3a07b3b925ecba1c,20524,1
C:\SRS(ISIC_2019)\Dataset\NV\ISIC_0054826.jpg,isic_0054826,5,e6aab3adb0f7cb7ccfc1ca0d450b901bb84d45d4080b1bf6924d34044aa58cdd,20526,1
C:\SRS(ISIC_2019)\Dataset\NV\ISIC_0054856.jpg,isic_0054856,5,26ef353a4e92482ffb5bec286e007ecc9557d7daabe078890e1e4d9a0ab15a69,20531,1
C:\SRS(ISIC_2019)\Dataset\NV\ISIC_0054887.jpg,isic_0054887,5,4a43df348ba0b8c3a19c9d15757dad89821807c9645b95c3777e7150f60698a7,20537,1
C:\SRS(ISIC_2019)\Dataset\NV\ISIC_0054937.jpg,isic_0054937,5,7c3a9bb8931b54ff67537ff4d2c2f944f670b988d462360f5cd4bc14aef2f75c,20546,1
C:\SRS(ISIC_2019)\Dataset\NV\ISIC_0054944.jpg,isic_0054944,5,3bd36052f6ce6164f4f61ccbf56f864536c0b6134a7243b1ada88a0c69ccefbf,20548,1
C:\SRS(ISIC_2019)\Dataset\NV\ISIC_0054962.jpg,isic_0054962,5,82b2155b6adfe9466766202d80147bf6d3f1c9c7a7a64368ab1c04d654a4be5c,20554,1
C:\SRS(ISIC_2019)\Dataset\NV\ISIC_0054996.jpg,isic_0054996,5,ed491ffb3388b5e44d83efd59126402a249fae7f4f2561350a33c0ece9c3df57,20556,1
C:\SRS(ISIC_2019)\Dataset\NV\ISIC_0055006.jpg,isic_0055006,5,dff9b57eefa89da5139a775be03f3c391827237bbefbee5c6a52539972fba6ce,20559,1
C:\SRS(ISIC_2019)\Dataset\NV\ISIC_0055035.jpg,isic_0055035,5,79db4070100044af24d6f51719a4cd5f6ba2e77abbe8a5792e2784e8ee910040,20562,1
C:\SRS(ISIC_2019)\Dataset\NV\ISIC_0055069.jpg,isic_0055069,5,f8a690eff59e6b6d7e2ce1e5da1a33d60d7d3a8e5879bd21ba92eac4bb33c6c7,20571,1
C:\SRS(ISIC_2019)\Dataset\NV\ISIC_0055073.jpg,isic_0055073,5,b54151be60e8a0ffefbc67c4b96c5ee4a28315033f217627af19c0bbb2515c6f,20572,1
C:\SRS(ISIC_2019)\Dataset\NV\ISIC_0055114.jpg,isic_0055114,5,295dd64a9d3bea141baa3247c944c9630c8135ff3d06fc79b4d7cb2afa407977,20577,1
C:\SRS(ISIC_2019)\Dataset\NV\ISIC_0055122.jpg,isic_0055122,5,3f1e2bbd59237f96eaef5d59ea31540f78477a427bd3dfddf872f95680807d1e,20580,1
C:\SRS(ISIC_2019)\Dataset\NV\ISIC_0055129.jpg,isic_0055129,5,e4c2f26d8be9bb32a05d36383fee5405ceb01a1e2de2e18552e2b4f72f8bcbe5,20582,1
C:\SRS(ISIC_2019)\Dataset\NV\ISIC_0055187.jpg,isic_0055187,5,e32d3d1b561234ac4dad7bfe3c9c548fb29a68318487fecd5277dd1246d1aec8,20591,1
C:\SRS(ISIC_2019)\Dataset\NV\ISIC_0055251.jpg,isic_0055251,5,372256d0e5a59d79f120d0658da96b2a70e2e668334b37a331f4188836867018,20603,1
C:\SRS(ISIC_2019)\Dataset\NV\ISIC_0055277.jpg,isic_0055277,5,cc0d47962fb7058f005c8516b5bfbc5cee261d51db58d2921944ac85e7ee0fa3,20606,1
C:\SRS(ISIC_2019)\Dataset\NV\ISIC_0055278.jpg,isic_0055278,5,3ea6468b4b71f6e5627ba5092957eaddcc20adaa112a9798c859de1360be3169,20607,1
C:\SRS(ISIC_2019)\Dataset\NV\ISIC_0055283.jpg,isic_0055283,5,9694ef618362ea175ce9c17b9126d2f8a9b7ff7aa2729a365af8f0a7d4008dab,20608,1
C:\SRS(ISIC_2019)\Dataset\NV\ISIC_0055285.jpg,isic_0055285,5,2326880238108f354bd2007ff0cfd6909839cf31d2777d12312c5790961b7bd9,20609,1
C:\SRS(ISIC_2019)\Dataset\NV\ISIC_0055335.jpg,isic_0055335,5,18ebbd395920523246eccdc67017f39153b13ce49d4315923a86af1ac1ab613c,20623,1
C:\SRS(ISIC_2019)\Dataset\NV\ISIC_0055385.jpg,isic_0055385,5,9c959b6fc127785725ec8525fd4d389f6fa96aaefa85e53bca03943d50dd857e,20631,1
C:\SRS(ISIC_2019)\Dataset\NV\ISIC_0055435.jpg,isic_0055435,5,97389847014fc361c48637bd479ac2bf56c4459fb8518f96f9440fff8fa2a4bb,20642,1
C:\SRS(ISIC_2019)\Dataset\NV\ISIC_0055484.jpg,isic_0055484,5,550b5ac9d35117be0ab6cb681e903daa6fb866644d3ce903b1ea5a9bdae4465e,20650,1
C:\SRS(ISIC_2019)\Dataset\NV\ISIC_0055581.jpg,isic_0055581,5,07f210f74acc0a685e2c9e68c6bbe4eefc37e5c58cd70665a4de4ce8d3668862,20672,1
C:\SRS(ISIC_2019)\Dataset\NV\ISIC_0055612.jpg,isic_0055612,5,4cabf5f32321c7ff60f3dabcf42361b0b75da3b50567797f9e727970174c800e,20681,1
C:\SRS(ISIC_2019)\Dataset\NV\ISIC_0055621.jpg,isic_0055621,5,58e78efb5442b11f930f62a78292cf4b5d746c15041767b23d67a298802b49c4,20683,1
C:\SRS(ISIC_2019)\Dataset\NV\ISIC_0055633.jpg,isic_0055633,5,7038d02f5f39f84ead99c31f1b8a04638f71a79834728f93c8a83d2eebe8bfba,20686,1
C:\SRS(ISIC_2019)\Dataset\NV\ISIC_0055657.jpg,isic_0055657,5,937bf919f9b0a3cbb542b57b59a62a227906eb73273de16ba611de8555e80c8d,20690,1
C:\SRS(ISIC_2019)\Dataset\NV\ISIC_0055695.jpg,isic_0055695,5,84696bd7740f64e98702a163042e61ef070f0f49a409bf567fb3ed79db406df6,20697,1
C:\SRS(ISIC_2019)\Dataset\NV\ISIC_0055702.jpg,isic_0055702,5,16fe3c7c618b2a269795fc9db29a75d0b1878e7559a34f4dc04da0746312fbe5,20700,1
C:\SRS(ISIC_2019)\Dataset\NV\ISIC_0055711.jpg,isic_0055711,5,bd4a0632f7564ab301ae7507929c7eb2ab0d56d6a0fd71b0bb6035f118b34d23,20702,1
C:\SRS(ISIC_2019)\Dataset\NV\ISIC_0055726.jpg,isic_0055726,5,aba3ac34fee6f13d18959403bbd60871b0a3c64863253aa5101dcbe5c9b28a47,20706,1
C:\SRS(ISIC_2019)\Dataset\NV\ISIC_0055740.jpg,isic_0055740,5,81ea44cccd22364a2dcd233d9ab314b7bdbc67ef52fd6c7c947cd4f8739b3465,20710,1
C:\SRS(ISIC_2019)\Dataset\NV\ISIC_0055769.jpg,isic_0055769,5,c6771bc7b680ab7b814f842807fd8990dca26ce678920ac27c41251ea6564061,20714,1
C:\SRS(ISIC_2019)\Dataset\NV\ISIC_0055774.jpg,isic_0055774,5,7f005d82332f3bc2308bf6e0f7054ce7ef905675491c10d4d0c7f432a75a200e,20715,1
C:\SRS(ISIC_2019)\Dataset\NV\ISIC_0055866.jpg,isic_0055866,5,a1f29f760522f30a710cd41160d6f5e16d989e5925fe39db515720b1200c5947,20731,1
C:\SRS(ISIC_2019)\Dataset\NV\ISIC_0055941.jpg,isic_0055941,5,f34f928967931406569007a5a6954dffc904271140f587f2e7af54a186ee06ac,20749,1
C:\SRS(ISIC_2019)\Dataset\NV\ISIC_0055966.jpg,isic_0055966,5,a573acdf3fc8e511f7a6d7cee3b3f0b49c602a08d69ae84683ef99acde5dce7c,20753,1
C:\SRS(ISIC_2019)\Dataset\NV\ISIC_0055987.jpg,isic_0055987,5,bbae5a89e6246af38d248bc5bc20ba4d3830aedd07ee02050db07b9d1b1320c5,20757,1
C:\SRS(ISIC_2019)\Dataset\NV\ISIC_0055995.jpg,isic_0055995,5,000ba5e0502304bd13b5ae2c028522d8ad25e93e271080814b23bc3b23949339,20759,1
C:\SRS(ISIC_2019)\Dataset\NV\ISIC_0056000.jpg,isic_0056000,5,b76fc933e08fd46ebd813b99bac20d0a8d72b06c17f38d645d7ecd2142baab63,20761,1
C:\SRS(ISIC_2019)\Dataset\NV\ISIC_0056026.jpg,isic_0056026,5,7dba20c5a4dd73bb1144843fec8445451746cca32a310778e1a40d71dd135f78,20766,1
C:\SRS(ISIC_2019)\Dataset\NV\ISIC_0056038.jpg,isic_0056038,5,f2de6fdec55b40fd9d7d16118b56fdf40a7e21a253cc1a6f271f294b8de8bf93,20770,1
C:\SRS(ISIC_2019)\Dataset\NV\ISIC_0056040.jpg,isic_0056040,5,ffa453dc10cca833438fd8133da40f3d45f5b71880c608310eb5cd44915089a6,20771,1
C:\SRS(ISIC_2019)\Dataset\NV\ISIC_0056078.jpg,isic_0056078,5,e47be6922b70c2946e5c1bc169251c62307fbb0221e70b103925e59b100eb15b,20777,1
C:\SRS(ISIC_2019)\Dataset\NV\ISIC_0056129.jpg,isic_0056129,5,bb68ea147fa67a123014619300d400131d359613ee602911b9c24a262f612e21,20786,1
C:\SRS(ISIC_2019)\Dataset\NV\ISIC_0056178.jpg,isic_0056178,5,d6dfe5bb667e8d3bf5efa508fcaa23e085b6dd1a9abbe0847ace621eec823b32,20792,1
C:\SRS(ISIC_2019)\Dataset\NV\ISIC_0056304.jpg,isic_0056304,5,bf34cd6992a665c7f33e429e7c4ccb8590595d284aec7aefed97f72a60791ad3,20817,1
C:\SRS(ISIC_2019)\Dataset\NV\ISIC_0056342.jpg,isic_0056342,5,5c4d2bcc7538827eb07c974b7dbba759cf3668d92b3ef293b535c83e2ec6ba35,20829,1
C:\SRS(ISIC_2019)\Dataset\NV\ISIC_0056348.jpg,isic_0056348,5,9d7fccca824019e5fd8027a5c3c0a5604f6df62472a35f499764eae80be6cd3b,20831,1
C:\SRS(ISIC_2019)\Dataset\NV\ISIC_0056490.jpg,isic_0056490,5,4a3504c588107fa6005684e05f4234c53755687649acca1d16bf2d98c10f030b,20869,1
C:\SRS(ISIC_2019)\Dataset\NV\ISIC_0056533.jpg,isic_0056533,5,d09b09cce9f153bad661396db0ee4eae954656fd43c6880cf1f0d6372a5b4d0c,20877,1
C:\SRS(ISIC_2019)\Dataset\NV\ISIC_0056541.jpg,isic_0056541,5,08d1b9aa1229cd77a8e57b896bf3ff24772142caa669f1342b29f6849f2bc5c6,20880,1
C:\SRS(ISIC_2019)\Dataset\NV\ISIC_0056543.jpg,isic_0056543,5,e69a669a01c17383e25f34e029829caf816bbf1a32db702b9847dbc08b734fd1,20881,1
C:\SRS(ISIC_2019)\Dataset\NV\ISIC_0056570.jpg,isic_0056570,5,d2af9243e7a415face0f49345e2e3354b1167a2d8b7ecb179e815750d20739c6,20888,1
C:\SRS(ISIC_2019)\Dataset\NV\ISIC_0056649.jpg,isic_0056649,5,dcb487c014ba5956eee5eda3f3265e4d0943c8fcf4019abef2366185d2ac9186,20904,1
C:\SRS(ISIC_2019)\Dataset\NV\ISIC_0056651.jpg,isic_0056651,5,df66b2df9eae0db747be69355c3ee23920c3a9090c27fd2e93f0fa090e7375bc,20905,1
C:\SRS(ISIC_2019)\Dataset\NV\ISIC_0056712.jpg,isic_0056712,5,4739ce4b956c70246d7c539f673bb1b6f9f1a2bc2df158f1cff2927b150ed9ad,20920,1
C:\SRS(ISIC_2019)\Dataset\NV\ISIC_0056736.jpg,isic_0056736,5,f521b2c1f248d5c25d1048d0330340d6731327e90538c3eaa95eefd2c3d2cc42,20923,1
C:\SRS(ISIC_2019)\Dataset\NV\ISIC_0056771.jpg,isic_0056771,5,bcb743935fb4061e8fe421dfaba5fc3d6fa14b835c460cee0c97a7898e39e745,20929,1
C:\SRS(ISIC_2019)\Dataset\NV\ISIC_0056784.jpg,isic_0056784,5,3976743da65befd3eb12e2a4337de2d8ca03142aaab60bc915e0f1ff8d80d7ed,20934,1
C:\SRS(ISIC_2019)\Dataset\NV\ISIC_0056812.jpg,isic_0056812,5,9558d5e147e59e13b9896ecc733281ab8eb4a1bb38517ccf4a393f670eeba7a3,20941,1
C:\SRS(ISIC_2019)\Dataset\NV\ISIC_0056836.jpg,isic_0056836,5,5b2bff0a14d70ae71fe84fe13e013ec8ca2f33022e0c31f7a890af70af0d2c36,20948,1
C:\SRS(ISIC_2019)\Dataset\NV\ISIC_0056869.jpg,isic_0056869,5,3a4c855b1adb3d3d3d50f0a63232f772adecdcf3eedf12112853e68452f56439,20956,1
C:\SRS(ISIC_2019)\Dataset\NV\ISIC_0056924.jpg,isic_0056924,5,8ac814685d9c652a112b58631d15e2eaecf769e022e49dd49d7f5d895dbd26c0,20967,1
C:\SRS(ISIC_2019)\Dataset\NV\ISIC_0056939.jpg,isic_0056939,5,32dfe4e5d9b9ee4428dd67610cb307df1df0bbe4ea36c0d283530af5c6f33394,20969,1
C:\SRS(ISIC_2019)\Dataset\NV\ISIC_0056949.jpg,isic_0056949,5,aff42d4fcd844fbb8384d4c5b241ce1c9136d578a4e6b3ff26de1b572309ee63,20972,1
C:\SRS(ISIC_2019)\Dataset\NV\ISIC_0056966.jpg,isic_0056966,5,52fab5151833fda55e85e8eb8fd0b9eebe59d34107012fb3df02c00c5bb844dd,20975,1
C:\SRS(ISIC_2019)\Dataset\NV\ISIC_0056980.jpg,isic_0056980,5,57e977c22138dfa2d91a1c3321ea5aca532fc8787969a5ba28c781b8894d2031,20977,1
C:\SRS(ISIC_2019)\Dataset\NV\ISIC_0056982.jpg,isic_0056982,5,4af3292fb5eb8b0e1b8a4390438354f6ca5f75d4034bf9e90275e87afe01832c,20978,1
C:\SRS(ISIC_2019)\Dataset\NV\ISIC_0057028.jpg,isic_0057028,5,ef296910e9119cd53ed4b74fccf6e8bed279252f6e5092159c698207ca6c20d2,20991,1
C:\SRS(ISIC_2019)\Dataset\NV\ISIC_0057035.jpg,isic_0057035,5,4778898e87362483a6cdb43b64abe5422c197f001ddaace9cdc8768e6deb4eda,20992,1
C:\SRS(ISIC_2019)\Dataset\NV\ISIC_0057066.jpg,isic_0057066,5,c04a04b1fc5dbdbd0cb1c760df730f68ed87f3db04715a384e3b218883aa1212,20997,1
C:\SRS(ISIC_2019)\Dataset\NV\ISIC_0057094.jpg,isic_0057094,5,8581b6dccc16f0f0bda1bbb7e49593c23f4fea35b93f7a703110c45ac6effda9,21003,1
C:\SRS(ISIC_2019)\Dataset\NV\ISIC_0057138.jpg,isic_0057138,5,45517aa49dd51c1f1127b01d10f991a5f3abf8be714d980520b799f58d764f06,21012,1
C:\SRS(ISIC_2019)\Dataset\NV\ISIC_0057166.jpg,isic_0057166,5,c21fde10ebc312f18caf1b77fac1c30d05547072ce62ad87dbf392eea8291275,21019,1
C:\SRS(ISIC_2019)\Dataset\NV\ISIC_0057167.jpg,isic_0057167,5,d00a67c93b7a9ce0ca2c7cecbde6ae5af75d7320d20d40f927ca51862ea48ef8,21020,1
C:\SRS(ISIC_2019)\Dataset\NV\ISIC_0057184.jpg,isic_0057184,5,ed9a9ea1c5dc6df155bebeb4a20b2867a6ce4870a1a4ba36a9c2c3eb23b0cdfe,21024,1
C:\SRS(ISIC_2019)\Dataset\NV\ISIC_0057185.jpg,isic_0057185,5,6a0b9920b88988f5a18a250b22b731483781646e0bfc1e3a39de6279a72a10e2,21025,1
C:\SRS(ISIC_2019)\Dataset\NV\ISIC_0057193.jpg,isic_0057193,5,ea8a11d19260562a0990f1bc9fc05a7a4df962b9b4b1a3c02e284d4265de1648,21028,1
C:\SRS(ISIC_2019)\Dataset\NV\ISIC_0057260.jpg,isic_0057260,5,6e72d599ec319a1875c7e50c6fa62b6fa929ba0068fd40bcfa358e8f4f095d5e,21041,1
C:\SRS(ISIC_2019)\Dataset\NV\ISIC_0057304.jpg,isic_0057304,5,b8168fc6b0daf586be012d4d1bfd039bc2f91f01971a6587904d44f8e035c90f,21047,1
C:\SRS(ISIC_2019)\Dataset\NV\ISIC_0057340.jpg,isic_0057340,5,51c7308dbf09905a2a7cbf59c60cac43f9b57730e618b906b9df9870ce790736,21053,1
C:\SRS(ISIC_2019)\Dataset\NV\ISIC_0057391.jpg,isic_0057391,5,5940483195499ef835e356b70d73a96aea21f95f4c3aba0b56862b87483289ff,21064,1
C:\SRS(ISIC_2019)\Dataset\NV\ISIC_0057433.jpg,isic_0057433,5,24e3c9a301aa35310d6d122e9cff78d4be5f8240f48cf9e403d7a18430ebd2b8,21071,1
C:\SRS(ISIC_2019)\Dataset\NV\ISIC_0057441.jpg,isic_0057441,5,74246f61b7e8b1b60a96dc443822db68f2078176b63df74b2fd1993d2883ffbf,21074,1
C:\SRS(ISIC_2019)\Dataset\NV\ISIC_0057480.jpg,isic_0057480,5,2bc739eecf2f5f0889e22ee2c08695c1db0de7f69073686f554f61791c3530bc,21082,1
C:\SRS(ISIC_2019)\Dataset\NV\ISIC_0057489.jpg,isic_0057489,5,9f72c4989a2d1aca90b3d879e58a76d12297d5cabf4b8ea0344d02da98951ec4,21086,1
C:\SRS(ISIC_2019)\Dataset\NV\ISIC_0057540.jpg,isic_0057540,5,8023cee6996214404ef54e7cbe2ffb7fbc874c327f9c10866e863e7302b93f18,21096,1
C:\SRS(ISIC_2019)\Dataset\NV\ISIC_0057600.jpg,isic_0057600,5,61c96726b5e4491d9412f887e58ab7b568826ed6e54e244a8552332e4c646ff1,21103,1
C:\SRS(ISIC_2019)\Dataset\NV\ISIC_0057625.jpg,isic_0057625,5,6b426458c37048772f9c14fbb9f4b1e1c634ee8ce062180fbf59f386bb1a0c0e,21106,1
C:\SRS(ISIC_2019)\Dataset\NV\ISIC_0057651.jpg,isic_0057651,5,830db35b505786d48b458dfc6bc36e759e64657630f896b7cc33fe69e5ade440,21112,1
C:\SRS(ISIC_2019)\Dataset\NV\ISIC_0057652.jpg,isic_0057652,5,08fc31c3e09adee707dea7ede4a0595991445376d4229a498250f0c73f42eb5c,21113,1
C:\SRS(ISIC_2019)\Dataset\NV\ISIC_0057718.jpg,isic_0057718,5,5fb64144fbdbc325bf61bbbd9fdcb254ec5b221303bed7cc2acb4af64b7833a8,21127,1
C:\SRS(ISIC_2019)\Dataset\NV\ISIC_0057749.jpg,isic_0057749,5,812c3a5651179e147b0f2c06b4beab8078a7d505a68e400a7776058c8d56037e,21131,1
C:\SRS(ISIC_2019)\Dataset\NV\ISIC_0057754.jpg,isic_0057754,5,8668019000f4a0c881ee2005699b61999bf30aa21ef6de232c4cddc4a7b73647,21132,1
C:\SRS(ISIC_2019)\Dataset\NV\ISIC_0057784.jpg,isic_0057784,5,e99011e27c799a2375f7abcf87183230613733b9ebc78760308bba24b55513ba,21137,1
C:\SRS(ISIC_2019)\Dataset\NV\ISIC_0057793.jpg,isic_0057793,5,8da42fba3d1dc5ddf894144b5fff28700cf7d768bfc93ae60065e8eeaa560651,21141,1
C:\SRS(ISIC_2019)\Dataset\NV\ISIC_0057803.jpg,isic_0057803,5,ba5d7575e733e4fdc95bf13d7f7f7f2153855bec3aebc9e4cefefa6e8e64ea17,21143,1
C:\SRS(ISIC_2019)\Dataset\NV\ISIC_0057817.jpg,isic_0057817,5,b79096616b145b1dbab3e0d3863c81bc551434b081f54980a23a4318d7127184,21148,1
C:\SRS(ISIC_2019)\Dataset\NV\ISIC_0057829.jpg,isic_0057829,5,381e29c9b15a8ae6c0b8f39e2404edc6820cb541ed88c0397904aeec18b977f3,21150,1
C:\SRS(ISIC_2019)\Dataset\NV\ISIC_0057840.jpg,isic_0057840,5,958acf195fa989fe54a7d9090461dcb77628f6749c9e498dea3d52a58d0bea28,21152,1
C:\SRS(ISIC_2019)\Dataset\NV\ISIC_0057857.jpg,isic_0057857,5,42f16e133a3b1d49a3593570e05ccea7bb5ebf0e28b9529ccef451d4f8e6e9d1,21154,1
C:\SRS(ISIC_2019)\Dataset\NV\ISIC_0057924.jpg,isic_0057924,5,e934d96450ee87922b228d4cd14ffb20c5016b30f1c52b123b5e12f391ef9b1c,21171,1
C:\SRS(ISIC_2019)\Dataset\NV\ISIC_0057932.jpg,isic_0057932,5,863d053d3a6c3563f9f4edc40ce201d15b1319671c8cbb5bd971924220b26f0b,21175,1
C:\SRS(ISIC_2019)\Dataset\NV\ISIC_0057935.jpg,isic_0057935,5,77e5b2ae0a478d90ee2b36c09f0218bd6ef871c100a51e84eded80fd40e02f9e,21176,1
C:\SRS(ISIC_2019)\Dataset\NV\ISIC_0057964.jpg,isic_0057964,5,38c704741e64f59c605235f7454741737225204b78437d452f7013b22f5104ec,21181,1
C:\SRS(ISIC_2019)\Dataset\NV\ISIC_0057966.jpg,isic_0057966,5,93bdf6d45f242e2f05dc3e6b5fc558213e8cb0cd35c6215abd280c8930801d81,21182,1
C:\SRS(ISIC_2019)\Dataset\NV\ISIC_0058018.jpg,isic_0058018,5,b3060033a452dcf5e62cda99584102181f9287e677818c1daecbda9ccbd207de,21189,1
C:\SRS(ISIC_2019)\Dataset\NV\ISIC_0058023.jpg,isic_0058023,5,c0f3e76f2968716141cce4e593c244d707e2ecf58a3e6014c5bc6b0a838dc636,21190,1
C:\SRS(ISIC_2019)\Dataset\NV\ISIC_0058057.jpg,isic_0058057,5,8798a991d8c579d3a515148dbf20cdc3e1a015001886ce47a113ed50ac2c794e,21197,1
C:\SRS(ISIC_2019)\Dataset\NV\ISIC_0058085.jpg,isic_0058085,5,a162ae7b6c4ac0eef9dd917a01961ff8319d54d5b1c4dc3ca9877a82c66011c2,21204,1
C:\SRS(ISIC_2019)\Dataset\NV\ISIC_0058090.jpg,isic_0058090,5,f4b133dcc6371cb3abb8d40dac440add72f75a5bd457e740a649b7bdb10b3717,21205,1
C:\SRS(ISIC_2019)\Dataset\NV\ISIC_0058099.jpg,isic_0058099,5,0f626f9cd9702ff11d582b1d7fc84cb341b29b498aa8bf0ad4d98018522d52dd,21207,1
C:\SRS(ISIC_2019)\Dataset\NV\ISIC_0058108.jpg,isic_0058108,5,535c77bffb0816cae41220ae981a73c53778c43dde153bf17e3c3f04bd7a9a33,21210,1
C:\SRS(ISIC_2019)\Dataset\NV\ISIC_0058132.jpg,isic_0058132,5,cfb2fb83ca078e6e4cf8ce0eccd7039a14ad335f8ef6d63b2d117748381734c2,21213,1
C:\SRS(ISIC_2019)\Dataset\NV\ISIC_0058187.jpg,isic_0058187,5,6ead1cb0994c77dee07ab40b74031471d8a625a93c0e67ec1f03a3858227570e,21230,1
C:\SRS(ISIC_2019)\Dataset\NV\ISIC_0058197.jpg,isic_0058197,5,f2e51384ef4f40baa87f2b7482cf6cadef4c20013d1ea0e34d2c7a1c04eed621,21232,1
C:\SRS(ISIC_2019)\Dataset\NV\ISIC_0058221.jpg,isic_0058221,5,7434a1500a7d11c555229d4bcdd72a433e33b08959056190a1dd022395132532,21238,1
C:\SRS(ISIC_2019)\Dataset\NV\ISIC_0058272.jpg,isic_0058272,5,718aac05ffb11f17ad6390584dd63610b202d223bd04e08b570934d8b4608cba,21246,1
C:\SRS(ISIC_2019)\Dataset\NV\ISIC_0058333.jpg,isic_0058333,5,224eba13472bf51500a1b79dc4f2bb9cfb215dc8983f17ef7a2b834911a472e5,21250,1
C:\SRS(ISIC_2019)\Dataset\NV\ISIC_0058338.jpg,isic_0058338,5,793e7b0d5131a0a58e1b6adf4e2f52fad2b05f3e330f59aea55d813278045c23,21251,1
C:\SRS(ISIC_2019)\Dataset\NV\ISIC_0058350.jpg,isic_0058350,5,e7ec04d11b4fc9aee1a46db94db560643de8c1a739889c23960abaedca79fe2e,21253,1
C:\SRS(ISIC_2019)\Dataset\NV\ISIC_0058353.jpg,isic_0058353,5,456b0cc7b3fe9d1b9a72d3dabae2c03d5414433577c80ac79ebda114aca3c962,21256,1
C:\SRS(ISIC_2019)\Dataset\NV\ISIC_0058374.jpg,isic_0058374,5,dd49bf1e9a0d3168586b6d11244f238c5303692eb49555dde850b283ee81fe0d,21261,1
C:\SRS(ISIC_2019)\Dataset\NV\ISIC_0058405.jpg,isic_0058405,5,3dac332c8fedba9bdd04880b65093f8c4142f2a9fbd155a5c738399787990772,21266,1
C:\SRS(ISIC_2019)\Dataset\NV\ISIC_0058417.jpg,isic_0058417,5,97abd52cf461ec8cd6bd4d0f23b075b5e260255ef90025100cf23a61904b42bc,21267,1
C:\SRS(ISIC_2019)\Dataset\NV\ISIC_0058423.jpg,isic_0058423,5,3fa3088b0527a95bbbb9d88b477b987715be3d8c8feeb5ec3639992989ecb745,21268,1
C:\SRS(ISIC_2019)\Dataset\NV\ISIC_0058444.jpg,isic_0058444,5,17d66f81fcaca23adb331768a9f79f6998fcf2eb825d1a76cc104107a17a0f6b,21272,1
C:\SRS(ISIC_2019)\Dataset\NV\ISIC_0058446.jpg,isic_0058446,5,7d07d02511ad6f88b02a847d93b80b1c2b9299f7071abccdb8ad68ff328b76c1,21273,1
C:\SRS(ISIC_2019)\Dataset\NV\ISIC_0058470.jpg,isic_0058470,5,df85b77ddbd37683f297edc1b6902bdb7e779b2e0acc599def0ce13e44f1a804,21275,1
C:\SRS(ISIC_2019)\Dataset\NV\ISIC_0058493.jpg,isic_0058493,5,16faecdd6d0caca8a6e7a4c638b77da79f605ca832e22d69eed80c7e16a3f399,21280,1
C:\SRS(ISIC_2019)\Dataset\NV\ISIC_0058517.jpg,isic_0058517,5,3b5bc4688af3e43c01dd2d553f82d94ce52cc99616b242811d7963be61b41e09,21285,1
C:\SRS(ISIC_2019)\Dataset\NV\ISIC_0058534.jpg,isic_0058534,5,1692f64e652c903995dd687700b41dcf88e53b39a3625f9fe504fcf2a55251e4,21291,1
C:\SRS(ISIC_2019)\Dataset\NV\ISIC_0058561.jpg,isic_0058561,5,e26a044f5dc813ae7a0776241e71ff0be6a72ff0cb5fcc193f4daa8e3220d7af,21295,1
C:\SRS(ISIC_2019)\Dataset\NV\ISIC_0058586.jpg,isic_0058586,5,f21d789c7eb1cfef7364739528e0768336a7c0a7a8ab8250fdcb2963d4f2d830,21300,1
C:\SRS(ISIC_2019)\Dataset\NV\ISIC_0058652.jpg,isic_0058652,5,cd7e29c7f27ae93c2e8ac52648701fb4b682ce0838c469725aa334f6d32199d8,21316,1
C:\SRS(ISIC_2019)\Dataset\NV\ISIC_0058679.jpg,isic_0058679,5,b78258047df535309ee6182d0b3efdf7f0fba4359eefaf632c1f1da0c3246e68,21321,1
C:\SRS(ISIC_2019)\Dataset\NV\ISIC_0058683.jpg,isic_0058683,5,3eaae8aec1d54a187f2043166ac43a6aaacc639de3da1f0c507f31e443e6d0f3,21323,1
C:\SRS(ISIC_2019)\Dataset\NV\ISIC_0058691.jpg,isic_0058691,5,14d9aea1720274a35d4926871c94281c16cb832b78e632e4b463002eb9451074,21325,1
C:\SRS(ISIC_2019)\Dataset\NV\ISIC_0058701.jpg,isic_0058701,5,e0a65b5d8f5eaef71b81fbe92adc65dc7860e3ca27015f73c482dde9e804c558,21328,1
C:\SRS(ISIC_2019)\Dataset\NV\ISIC_0058729.jpg,isic_0058729,5,5644793dfe9804748ae8a926a2061ef244ee33c7b738fe2828deccdbbdc40f3d,21333,1
C:\SRS(ISIC_2019)\Dataset\NV\ISIC_0058746.jpg,isic_0058746,5,7177f1143b05f04290a10d3a3821b97d3cc4f594b87d15b62112d0fa0b4bad35,21338,1
C:\SRS(ISIC_2019)\Dataset\NV\ISIC_0058795.jpg,isic_0058795,5,d33954dfc9f9d59f5972359c5dd081c83ab4a3041494b1d1f3d6535b3303cc19,21347,1
C:\SRS(ISIC_2019)\Dataset\NV\ISIC_0058802.jpg,isic_0058802,5,3c712118ddb68f0141e802f4a32754cfeb4c2f9857ce58065f04b6601d6404d7,21350,1
C:\SRS(ISIC_2019)\Dataset\NV\ISIC_0058804.jpg,isic_0058804,5,6b1214d7099ae5f2110a911ac8eec0c5a73be8a76681d7b70531b7c7dfd9c0c1,21352,1
C:\SRS(ISIC_2019)\Dataset\NV\ISIC_0058824.jpg,isic_0058824,5,af73c432a85faa100daec8b207c66353aee1f90c885673d5f9a4b408f6a509bb,21360,1
C:\SRS(ISIC_2019)\Dataset\NV\ISIC_0058882.jpg,isic_0058882,5,aaa96e615941f4c876055cc0aee63a7312a702724ea898e6b1ac4c7ec521a9b9,21372,1
C:\SRS(ISIC_2019)\Dataset\NV\ISIC_0058956.jpg,isic_0058956,5,04d203e7ce63a018eebbfc322890bd10d252a67f63712e1d53ea6437b5ac3521,21389,1
C:\SRS(ISIC_2019)\Dataset\NV\ISIC_0058980.jpg,isic_0058980,5,93d21f2de4c6176b81a5fbabc017b40c124796c02133b71a2255a3e480d901a8,21393,1
C:\SRS(ISIC_2019)\Dataset\NV\ISIC_0059000.jpg,isic_0059000,5,1293b8a8e8d841fd3e09110ad8a31171a8caf0e90c0e2c61f5a883e4c7769d56,21397,1
C:\SRS(ISIC_2019)\Dataset\NV\ISIC_0059067.jpg,isic_0059067,5,95cf2df944f52e8f6bbeb98f65c1ac88c139264dffd0daba64b59853a92101d0,21411,1
C:\SRS(ISIC_2019)\Dataset\NV\ISIC_0059114.jpg,isic_0059114,5,7f485d5cd9dfc6e02ebad2663b4d6f7f935972ca971acb16de7cfec5ba0d5f2b,21418,1
C:\SRS(ISIC_2019)\Dataset\NV\ISIC_0059143.jpg,isic_0059143,5,17769abc9cc9af5ba77414490da81481a410c72be9cde060d29ad38e2d0929ac,21422,1
C:\SRS(ISIC_2019)\Dataset\NV\ISIC_0059153.jpg,isic_0059153,5,25bcad3cd33a0d568271e31a4850c77ed7e42d8d385ad5b9254910fc5ba431e9,21424,1
C:\SRS(ISIC_2019)\Dataset\NV\ISIC_0059245.jpg,isic_0059245,5,fa1873fb849001deccce6d1e4527ef037815168bb598aeb4f5f1193fbe812238,21443,1
C:\SRS(ISIC_2019)\Dataset\NV\ISIC_0059289.jpg,isic_0059289,5,f6f5dbd962de6b3ac38e9d52b0a2e5e4c62919d56f4eec6415b63c32077440ba,21453,1
C:\SRS(ISIC_2019)\Dataset\NV\ISIC_0059321.jpg,isic_0059321,5,5e75d0177fc3cb6e3b195751652244cb33ba10ef774d0ebc08c204d6950dc4c1,21460,1
C:\SRS(ISIC_2019)\Dataset\NV\ISIC_0059368.jpg,isic_0059368,5,399038b48306134507c61a6e42d10e2e5376f241009cc96c26e747295ee47038,21471,1
C:\SRS(ISIC_2019)\Dataset\NV\ISIC_0059370.jpg,isic_0059370,5,ad3b515e0fe0378c69a56b5e0f4930603f28e89e8ce009989e46b966a0f80e98,21472,1
C:\SRS(ISIC_2019)\Dataset\NV\ISIC_0059384.jpg,isic_0059384,5,01777191b965644b0285b1f38a943b18f7000a875cdef295eede0ef6dfce35bd,21477,1
C:\SRS(ISIC_2019)\Dataset\NV\ISIC_0059385.jpg,isic_0059385,5,0da1eabdbdcd37258d72b1bd2b771c7df8f90a8c552b15e30412e5c04219de2b,21478,1
C:\SRS(ISIC_2019)\Dataset\NV\ISIC_0059404.jpg,isic_0059404,5,3d0cff20d1b070749f9c8aa2c6464c80ff62b54541c92525f6b9a8256cbc74ed,21482,1
C:\SRS(ISIC_2019)\Dataset\NV\ISIC_0059419.jpg,isic_0059419,5,e7cc1931a5fd21dca2012a754070c5da3bd0aef84beb16abb94831c49c81a060,21486,1
C:\SRS(ISIC_2019)\Dataset\NV\ISIC_0059441.jpg,isic_0059441,5,576ed3d5e2bc24d8fb1f56668ab0f65cc484b5c1600e9071a2dd89241da46aaf,21494,1
C:\SRS(ISIC_2019)\Dataset\NV\ISIC_0059465.jpg,isic_0059465,5,43f3d958d41c0aefb364ab369660afc6fdaaf3eb4dba78c650d295165ed8bec9,21497,1
C:\SRS(ISIC_2019)\Dataset\NV\ISIC_0059533.jpg,isic_0059533,5,1388a1af7bffcdcb7236a16a23281abf81d21479e68974df586b5576526c93c9,21513,1
C:\SRS(ISIC_2019)\Dataset\NV\ISIC_0059543.jpg,isic_0059543,5,bd6ddebaf394c074d1d6244d4d939cbc92a345a5befc3aea089399aefb4425eb,21516,1
C:\SRS(ISIC_2019)\Dataset\NV\ISIC_0059604.jpg,isic_0059604,5,9dd770d01294687903a3224abfcfb0c69fd8815eaa0c866bfac4a9c490edaa32,21525,1
C:\SRS(ISIC_2019)\Dataset\NV\ISIC_0059619.jpg,isic_0059619,5,eb2625d3abc44da68f6df36112597b026a680f87d5a5da2963de49c4d178ef5e,21529,1
C:\SRS(ISIC_2019)\Dataset\NV\ISIC_0059621.jpg,isic_0059621,5,b71a0a4ca9e3a38efe23061d112706be5ed17600910b2ef1cb390ac82bdca3dd,21530,1
C:\SRS(ISIC_2019)\Dataset\NV\ISIC_0059648.jpg,isic_0059648,5,80065b993d83fdff9af489dade7366db14ea98797bd30639d4dea614237abae6,21536,1
C:\SRS(ISIC_2019)\Dataset\NV\ISIC_0059649.jpg,isic_0059649,5,040ecfbbd489be0d1ec9796ec226b24a5aa3bde1f46d7ed042424144d41d6bf5,21537,1
C:\SRS(ISIC_2019)\Dataset\NV\ISIC_0059696.jpg,isic_0059696,5,867c39e5f578aed4118fe90f29a5a4831a15323af0062ad8efffbfde9e1cff39,21547,1
C:\SRS(ISIC_2019)\Dataset\NV\ISIC_0059726.jpg,isic_0059726,5,2af5dc89cc80955f8cd979ab56ae1ff21daa216e72fdbab443b553691e68863d,21560,1
C:\SRS(ISIC_2019)\Dataset\NV\ISIC_0059743.jpg,isic_0059743,5,f53219c36ee3e90959469de22f20471ab70a983fd9802a927e9f4964cafa866a,21563,1
C:\SRS(ISIC_2019)\Dataset\NV\ISIC_0059761.jpg,isic_0059761,5,abd75865505b90bc21ea6e06bd3f59a3d7f5b23f9ca2b4a4a64d9d615309d4ec,21568,1
C:\SRS(ISIC_2019)\Dataset\NV\ISIC_0059762.jpg,isic_0059762,5,2a375b6ddb3af05d8cd1c9ddecb5b2aaa4dec666fb09161d552efbcb3bd46d56,21569,1
C:\SRS(ISIC_2019)\Dataset\NV\ISIC_0059807.jpg,isic_0059807,5,9bb7b09d5f041463100919ad16e2ddc1db34c12f4cd67704d8217b0f99d430f7,21579,1
C:\SRS(ISIC_2019)\Dataset\NV\ISIC_0059828.jpg,isic_0059828,5,90e536bb4e8172855058e6e5012357bd61a51e203fcea4bc6c0bd34c6b92f493,21584,1
C:\SRS(ISIC_2019)\Dataset\NV\ISIC_0059870.jpg,isic_0059870,5,22e21d29d4207d959b9c271087552b4b723f33416b5d06ca57e943e261d10255,21590,1
C:\SRS(ISIC_2019)\Dataset\NV\ISIC_0059916.jpg,isic_0059916,5,e0c6acd9327651badb645335289edbc45ad8d8004ae3fba48ddc7c9efb6b6b99,21596,1
C:\SRS(ISIC_2019)\Dataset\NV\ISIC_0060026.jpg,isic_0060026,5,d97c4790e509772841ac7d0979d000d74617d300ac33e47cc3aab2b1698f0c42,21618,1
C:\SRS(ISIC_2019)\Dataset\NV\ISIC_0060066.jpg,isic_0060066,5,8b496905b60b463089040692671c0b44b0958827f1ef878abaeb16bd30434416,21632,1
C:\SRS(ISIC_2019)\Dataset\NV\ISIC_0060171.jpg,isic_0060171,5,9ab405e780729aa1f97131d55e7d2d8d22e5970db8c6f824330e2ad72f1c7286,21650,1
C:\SRS(ISIC_2019)\Dataset\NV\ISIC_0060178.jpg,isic_0060178,5,9ff85b07569c65eb346164b85a1fddc6f28aae5e90bd3b840c1cca91281e6331,21651,1
C:\SRS(ISIC_2019)\Dataset\NV\ISIC_0060243.jpg,isic_0060243,5,7e739f34304bf46d57c0b3bd2f3a225b2c7215e164425b38023e97d66296adb0,21658,1
C:\SRS(ISIC_2019)\Dataset\NV\ISIC_0060253.jpg,isic_0060253,5,5023cc845bf3e291960e6c5c8ddab1dece8222924591bee46be116a968086285,21662,1
C:\SRS(ISIC_2019)\Dataset\NV\ISIC_0060263.jpg,isic_0060263,5,9096cf5e63b4c5141cdf5f2fea36b2e0e8af23c0cddc923e77d561f2b025ec9b,21666,1
C:\SRS(ISIC_2019)\Dataset\NV\ISIC_0060268.jpg,isic_0060268,5,51d76decee0412a5608a9826ddeef5eacce192b2eaa992ffb5fb6511214c98a0,21668,1
C:\SRS(ISIC_2019)\Dataset\NV\ISIC_0060286.jpg,isic_0060286,5,d57ea38ddd1023f999463a1ab644d311a5c278c819e9c105cf242aca54b5f167,21671,1
C:\SRS(ISIC_2019)\Dataset\NV\ISIC_0060311.jpg,isic_0060311,5,8023f24e65336ea6ae8f9d7b2ca568104bf93efd41c8fbe43b0e0cf4da0d70cb,21677,1
C:\SRS(ISIC_2019)\Dataset\NV\ISIC_0060324.jpg,isic_0060324,5,12d0d50ea4215fd28ebfeb1d12cf072f0e3ea779a0afeabac02e66ef63b2fd83,21681,1
C:\SRS(ISIC_2019)\Dataset\NV\ISIC_0060435.jpg,isic_0060435,5,458e6ec6a00c8aa8ca147cbcf232a54df23e7288f04379bad72a15e497ade642,21698,1
C:\SRS(ISIC_2019)\Dataset\NV\ISIC_0060461.jpg,isic_0060461,5,82569c7cdcb9061f5e037f5e1a3f7e22e7f482d00d28e1ee99d008168ffacdaf,21709,1
C:\SRS(ISIC_2019)\Dataset\NV\ISIC_0060468.jpg,isic_0060468,5,76d0baddc8c6328e018c423b9bfa765b05b704d5f70f2a87b8ee6ad7b9dd5ea1,21710,1
C:\SRS(ISIC_2019)\Dataset\NV\ISIC_0060505.jpg,isic_0060505,5,566de5b7b1c65e55d25ef05355ebc47c0b913fa690676d898862f65fba318574,21722,1
C:\SRS(ISIC_2019)\Dataset\NV\ISIC_0060517.jpg,isic_0060517,5,c4c13675bbe425f914ed21e1c4c65d1c9e65d33a14d6c48bd2bd5358202908cb,21725,1
C:\SRS(ISIC_2019)\Dataset\NV\ISIC_0060520.jpg,isic_0060520,5,5e0c9e440070c77fbcfc5c4e00d918b106164b8fd8fa4fe80c7c160dccd522cd,21727,1
C:\SRS(ISIC_2019)\Dataset\NV\ISIC_0060535.jpg,isic_0060535,5,972392193f8bf2f543419b7889b618184647a9af079d91ea3fed1a70201eda5c,21729,1
C:\SRS(ISIC_2019)\Dataset\NV\ISIC_0060552.jpg,isic_0060552,5,917e47a83a9e9f749c41639e4e7c964c0b89d5648fedf60b60ae3cd283603ca9,21735,1
C:\SRS(ISIC_2019)\Dataset\NV\ISIC_0060619.jpg,isic_0060619,5,6ab39a0e8b00510a2672fe654bf8e9a583df3e571ee7340ddd2f1ae892d9bdcc,21746,1
C:\SRS(ISIC_2019)\Dataset\NV\ISIC_0060641.jpg,isic_0060641,5,3ccec5a836a409527f27ea8d69b76f002ac6591492a27198848595a186a6da36,21752,1
C:\SRS(ISIC_2019)\Dataset\NV\ISIC_0060646.jpg,isic_0060646,5,2f73fec77800246ab78d586386798325fcbe34f98cd33aeee42adc51097e1b77,21753,1
C:\SRS(ISIC_2019)\Dataset\NV\ISIC_0060649.jpg,isic_0060649,5,b24c397914d7df46c2b81e533867c2e4efc19145280bda3c1f835e6dbf5ad88e,21754,1
C:\SRS(ISIC_2019)\Dataset\NV\ISIC_0060730.jpg,isic_0060730,5,c6d198611ae8e5c9b4b4d3c2c214982817f9618c2d4f9fcacc1e64c8fe7a7155,21767,1
C:\SRS(ISIC_2019)\Dataset\NV\ISIC_0060794.jpg,isic_0060794,5,f6817927ec6f680937a74e8e15a0c7d508615d1f3f2392582bd805c4485558e2,21781,1
C:\SRS(ISIC_2019)\Dataset\NV\ISIC_0060835.jpg,isic_0060835,5,03b8c6afa65cfa57aa28031b7385f3c865f3c6f26b354074d5fd3edc95bda64c,21784,1
C:\SRS(ISIC_2019)\Dataset\NV\ISIC_0060855.jpg,isic_0060855,5,cb6772f51eaf56931c5e2c9c8459f33fc05a26e0cee7fa43007bbb8759a432c9,21790,1
C:\SRS(ISIC_2019)\Dataset\NV\ISIC_0060869.jpg,isic_0060869,5,bbe75a93463427a81ccfe007b48afa21c1bec39af311382ac62289fae54000cb,21795,1
C:\SRS(ISIC_2019)\Dataset\NV\ISIC_0060882.jpg,isic_0060882,5,b758e3a6441314404f38b5c8b48952167997c2b119e95c99a2e07ff21aba8fdb,21798,1
C:\SRS(ISIC_2019)\Dataset\NV\ISIC_0060907.jpg,isic_0060907,5,19c378c2de659813790ba735e0abf31deba0951c3bffb409088f383014a31c1b,21801,1
C:\SRS(ISIC_2019)\Dataset\NV\ISIC_0060910.jpg,isic_0060910,5,87a0680a9946fb75b1c8fc57611691c96757c124eda910a60a5ef34c8688ad74,21802,1
C:\SRS(ISIC_2019)\Dataset\NV\ISIC_0060997.jpg,isic_0060997,5,452fa99d942ec7196cc9f93e51d824aa857a300a03898ac20ce9f7ce10aa7dd8,24204,1
C:\SRS(ISIC_2019)\Dataset\NV\ISIC_0061014.jpg,isic_0061014,5,2957fb1d4d5148f4c4964b1b1464402a62f5469b8f2c910d67637abce7536759,21824,1
C:\SRS(ISIC_2019)\Dataset\NV\ISIC_0061018.jpg,isic_0061018,5,5b76a21a41baae46da449325c70d5ead3e38e7a80bdc46d4d790e18e304ea933,21826,1
C:\SRS(ISIC_2019)\Dataset\NV\ISIC_0061037.jpg,isic_0061037,5,a4dadee40c31357cb188ed720f78d18035305806f07c630291a50eb8b20ce086,21827,1
C:\SRS(ISIC_2019)\Dataset\NV\ISIC_0061040.jpg,isic_0061040,5,5ff93387c1de92cfbe3e38a77c0ee36d4459b3ab2198317fafcec3a11deb4529,21828,1
C:\SRS(ISIC_2019)\Dataset\NV\ISIC_0061072.jpg,isic_0061072,5,33b5c66506996be23edc66c64573fb9407b568f71aed7958e7f22e17b65c3d83,21831,1
C:\SRS(ISIC_2019)\Dataset\NV\ISIC_0061111.jpg,isic_0061111,5,7a94f7c9155c554fd4c442e2b3676fa7cddc32387b0204803806c45c5798f94b,21836,1
C:\SRS(ISIC_2019)\Dataset\NV\ISIC_0061199.jpg,isic_0061199,5,1e303d3d19e0563f95dc6e5f3dae7ac91afe5a0b1afa8c94a6d9b4a9936dbdfd,21848,1
C:\SRS(ISIC_2019)\Dataset\NV\ISIC_0061292.jpg,isic_0061292,5,6aa8630b6be932e26abe6677d9067d4dc4ee085b0b468c1906d2d8650591931b,21864,1
C:\SRS(ISIC_2019)\Dataset\NV\ISIC_0061372.jpg,isic_0061372,5,19dd0b685b3ebbeb0f389ff9bcc52a31ab19d91f943a56b2e9875ccf2c855c1e,21878,1
C:\SRS(ISIC_2019)\Dataset\NV\ISIC_0061398.jpg,isic_0061398,5,565568b3a13169a261263fbbeba15bedb03e233473dc80e790241a133ba73e85,21881,1
C:\SRS(ISIC_2019)\Dataset\NV\ISIC_0061525.jpg,isic_0061525,5,88c967a8b2bdb5f31ce4c604224ad4fe048f93267655660d23b374bf2690d5cc,21899,1
C:\SRS(ISIC_2019)\Dataset\NV\ISIC_0061563.jpg,isic_0061563,5,1b42aaf14e770a9d31ce272f24f130661383d9c0c026c6311d7ce4431879bef7,21910,1
C:\SRS(ISIC_2019)\Dataset\NV\ISIC_0061564.jpg,isic_0061564,5,3abc8f242f0027fce614572f2ceb609ddad9d33fc5cdbf3ec3058792ff8f1fe6,21911,1
C:\SRS(ISIC_2019)\Dataset\NV\ISIC_0061574.jpg,isic_0061574,5,847ec9051b58306d0950791345d084a07bbb3b306adccb0a7fc3e9f3dfce46ee,21914,1
C:\SRS(ISIC_2019)\Dataset\NV\ISIC_0061601.jpg,isic_0061601,5,8a895eed4c5ce7280fe5597e78daa6eac2e1c82a7f18d0b199b929600fdd59cd,21918,1
C:\SRS(ISIC_2019)\Dataset\NV\ISIC_0061641.jpg,isic_0061641,5,e6749ab4719e6ad76eeacdcf80edae50360b3d5dbdeeed7d01d3ce620e3a8ae3,21928,1
C:\SRS(ISIC_2019)\Dataset\NV\ISIC_0061650.jpg,isic_0061650,5,909daf1568ea35b03da1318b70243586c4a96c8a3ce886d874c0525782a5df6e,21931,1
C:\SRS(ISIC_2019)\Dataset\NV\ISIC_0061673.jpg,isic_0061673,5,462d612c1f280b3afc1931e41775d26d24ad7933273144f90fd096bf78be74ec,21935,1
C:\SRS(ISIC_2019)\Dataset\NV\ISIC_0061675.jpg,isic_0061675,5,fb23ff66e90c707c19afb4125cd685942d78fb9e91440bda15496c13f610fd01,21936,1
C:\SRS(ISIC_2019)\Dataset\NV\ISIC_0061784.jpg,isic_0061784,5,c8ad4959067f3da7168155514ae450115452052e3644e96dc95ba320b11af78d,21955,1
C:\SRS(ISIC_2019)\Dataset\NV\ISIC_0061792.jpg,isic_0061792,5,35049c57602f37ff49ebf09182d67ebdb3d595e3b2e618de15a54bf1cfca522f,21956,1
C:\SRS(ISIC_2019)\Dataset\NV\ISIC_0061837.jpg,isic_0061837,5,d9fed0f437f1793401902605e4bbbe3f921e24a8b160ff60ac036c79e23d73c2,21966,1
C:\SRS(ISIC_2019)\Dataset\NV\ISIC_0061839.jpg,isic_0061839,5,f08d6f99e9e64746db85e2912a71954ae702f2cc9b8ca5d9074f00abfc8b570a,21968,1
C:\SRS(ISIC_2019)\Dataset\NV\ISIC_0061843.jpg,isic_0061843,5,f4a16344762069ae3194b75016cfd3f689dd5a81aa99c7ecb5e5e1a5a121fea1,21971,1
C:\SRS(ISIC_2019)\Dataset\NV\ISIC_0061905.jpg,isic_0061905,5,119ea87a852fe111cd0a70bd77b7b28cffae91474f77267aa7286558fee15acf,21985,1
C:\SRS(ISIC_2019)\Dataset\NV\ISIC_0061913.jpg,isic_0061913,5,d23dcfd05b9bab7220bf4a1b25bfb3be33d2f5a81a9025b19b8abbbc2c138f81,21986,1
C:\SRS(ISIC_2019)\Dataset\NV\ISIC_0061961.jpg,isic_0061961,5,42b92ff16c8db19a1b895cad5c321027f08f3a29de09bbd033209c3e5803125a,21992,1
C:\SRS(ISIC_2019)\Dataset\NV\ISIC_0061972.jpg,isic_0061972,5,1ce6122c321c04c0dc1c98da618b89f7c857c67c2db9feb96a228c8b6e30af36,21997,1
C:\SRS(ISIC_2019)\Dataset\NV\ISIC_0062027.jpg,isic_0062027,5,bcfe8bd51784d5a8662828ae84f981f9143e027f70e4048b5a20a43ab79f66d0,22006,1
C:\SRS(ISIC_2019)\Dataset\NV\ISIC_0062057.jpg,isic_0062057,5,f3a2a549de09ccf38bca2e405a3db51a0c80a559ccf017c9d945e06daa5eef40,22015,1
C:\SRS(ISIC_2019)\Dataset\NV\ISIC_0062076.jpg,isic_0062076,5,c74a204bb4f2e110f0cb8350f5f84b993351f08a558c0d3290403a8e78e6f3a2,22019,1
C:\SRS(ISIC_2019)\Dataset\NV\ISIC_0062132.jpg,isic_0062132,5,49d36446c48feb4c24cc48decae7b78cb8be064791712490d18b90f8f1b056f2,22030,1
C:\SRS(ISIC_2019)\Dataset\NV\ISIC_0062151.jpg,isic_0062151,5,85ff23857a90dea84be58eb4277be321edd7e54fe1ddba67011934aad27e9d58,22036,1
C:\SRS(ISIC_2019)\Dataset\NV\ISIC_0062153.jpg,isic_0062153,5,641348876eb93ca5a7b86b302dace0e1592ceddd5cb5a6a318bc217b4b8332b7,22037,1
C:\SRS(ISIC_2019)\Dataset\NV\ISIC_0062198.jpg,isic_0062198,5,2947c97c53b889728807a4c5fa65ddf88d0b4fd1b83768db76e95bf715015a8c,22046,1
C:\SRS(ISIC_2019)\Dataset\NV\ISIC_0062254.jpg,isic_0062254,5,cec4f06c6fefd6cda3d29c1182081ba1f8e86b5ef64c907c3a765638b928e3cc,22057,1
C:\SRS(ISIC_2019)\Dataset\NV\ISIC_0062337.jpg,isic_0062337,5,e4d21a6f25e33c567a23d20e2108a641e527a30bfe70b84b4fc72022fdd10093,22080,1
C:\SRS(ISIC_2019)\Dataset\NV\ISIC_0062352.jpg,isic_0062352,5,139c61bf1fd85f9532c57111a538cfc8ffaa1875a896ab547fb92cb89af800f0,22081,1
C:\SRS(ISIC_2019)\Dataset\NV\ISIC_0062375.jpg,isic_0062375,5,67a49d33fac30f5802fc2cff6a116647ec43b1944c81b8d40601cce11d52f7b6,22087,1
C:\SRS(ISIC_2019)\Dataset\NV\ISIC_0062430.jpg,isic_0062430,5,26bec0a53348ac494ed89525d27a38835487c111ec5c447a2c255bec70478483,22102,1
C:\SRS(ISIC_2019)\Dataset\NV\ISIC_0062440.jpg,isic_0062440,5,850dd5c62b9588aef6dca054db84442667f27fbf8d15f10633b3fb0518f7f97f,22105,1
C:\SRS(ISIC_2019)\Dataset\NV\ISIC_0062485.jpg,isic_0062485,5,a260243ec08d9b823b6edb9d0a2abbdb8953e0c52e5fbd59d3d1110de4f1dd08,22116,1
C:\SRS(ISIC_2019)\Dataset\NV\ISIC_0062516.jpg,isic_0062516,5,9ed96966944337b616f1b1f0869d940a0dab6a00e010870cffefe31dca1d6c3b,22127,1
C:\SRS(ISIC_2019)\Dataset\NV\ISIC_0062635.jpg,isic_0062635,5,55458b4bb72055132c4b44acebff5e2ff7ac6734d2d8cb9be86e1b10771784fd,22149,1
C:\SRS(ISIC_2019)\Dataset\NV\ISIC_0062693.jpg,isic_0062693,5,124126ab46a19d6b972422c73cf7673082b6eeb1b099730ee59febf434396307,22157,1
C:\SRS(ISIC_2019)\Dataset\NV\ISIC_0062714.jpg,isic_0062714,5,5ef18c7231ad73cfe35af2c412a97727927b0ba5ff1ddfbee23e73575e6b40d4,22163,1
C:\SRS(ISIC_2019)\Dataset\NV\ISIC_0062744.jpg,isic_0062744,5,709a5b38ea94a7ba8e6560ba9e4a130ab1eab7d01272a7c196ee35b9df56653d,22170,1
C:\SRS(ISIC_2019)\Dataset\NV\ISIC_0062755.jpg,isic_0062755,5,7def1e7d8ee87c0ce30f0d08195e5b255667245d2bf122fd361f116ada919433,22173,1
C:\SRS(ISIC_2019)\Dataset\NV\ISIC_0062777.jpg,isic_0062777,5,156fb04e02bea4b25ee5cec1f708aa36e3768bd8fe5905171eac65cfce851aa5,22176,1
C:\SRS(ISIC_2019)\Dataset\NV\ISIC_0062779.jpg,isic_0062779,5,ad7844f8cc62780e2d5d4f7290e67fa40ab1e925874eedd23fd9fd0a2192df41,22178,1
C:\SRS(ISIC_2019)\Dataset\NV\ISIC_0062795.jpg,isic_0062795,5,318d2672a15e74ad864edb14ee608faa1b41ff0dc2fefe575cdad451c1198d0a,22184,1
C:\SRS(ISIC_2019)\Dataset\NV\ISIC_0062828.jpg,isic_0062828,5,71277e52d3108300e57b2598f8cc36e2719c754333e51c0cc84abd94c8ef5591,22194,1
C:\SRS(ISIC_2019)\Dataset\NV\ISIC_0062839.jpg,isic_0062839,5,40a1b4b04e52eea87a178600ff936a0673bc62b5999b0ed8965b6aecadd73bf5,22195,1
C:\SRS(ISIC_2019)\Dataset\NV\ISIC_0062840.jpg,isic_0062840,5,82c9c9a9842c68c6416144cb51e269569b484197db5c7bb40d31f10199714b8f,22196,1
C:\SRS(ISIC_2019)\Dataset\NV\ISIC_0062847.jpg,isic_0062847,5,88970226447c500ed123c1667886e44155cbf9f4652d72bf6ac8f4e2ca915676,22198,1
C:\SRS(ISIC_2019)\Dataset\NV\ISIC_0062892.jpg,isic_0062892,5,7da41b288e795f697ad38e3289d923a87eac20bb9b8ccfc3029e6fd1e94a19fa,22210,1
C:\SRS(ISIC_2019)\Dataset\NV\ISIC_0062898.jpg,isic_0062898,5,12c0acdba2aa250a65895f3eb58f32367c649da776f6cd1c18e720e526e15707,22212,1
C:\SRS(ISIC_2019)\Dataset\NV\ISIC_0062973.jpg,isic_0062973,5,2b1d8c27dc0a505458e72bddc55de0b817953fec629d6e7998c6d8c40014a3ce,22228,1
C:\SRS(ISIC_2019)\Dataset\NV\ISIC_0062989.jpg,isic_0062989,5,bb8981cfff12a4bfe824ff5016c1151781c8070bfe120019b13f800db18b9384,22231,1
C:\SRS(ISIC_2019)\Dataset\NV\ISIC_0063013.jpg,isic_0063013,5,1f07b1761166703d53c5fe369bc5b30ced9d51c259478b0a5f136ccabc5a2232,22236,1
C:\SRS(ISIC_2019)\Dataset\NV\ISIC_0063021.jpg,isic_0063021,5,e5bdfa0a96f4847430c166fd93d56088bf006a1be942de83f92bc662ab206bec,22239,1
C:\SRS(ISIC_2019)\Dataset\NV\ISIC_0063028.jpg,isic_0063028,5,c6133c01e7a6dadbeebea35b48f059ec1a3e13b833b2013c627b6f232ba6ea33,22240,1
C:\SRS(ISIC_2019)\Dataset\NV\ISIC_0063030.jpg,isic_0063030,5,a2a7820f8202188fc6752457e1ab3b2380d723ae633e11e2af3482e56f7faec2,22241,1
C:\SRS(ISIC_2019)\Dataset\NV\ISIC_0063053.jpg,isic_0063053,5,fa50b617e942ef5bf41766aa9a4c219260e0dfafe9ff609d381e4599e21d3cf5,22246,1
C:\SRS(ISIC_2019)\Dataset\NV\ISIC_0063197.jpg,isic_0063197,5,645793ff4532c65b4482e2db2e5f26a004cc8f2b3b45b8632d0315a653abdee0,22267,1
C:\SRS(ISIC_2019)\Dataset\NV\ISIC_0063221.jpg,isic_0063221,5,de575abb50e29c85eaabf4b423bb2e5e9dbd362282f8c2d516a534f0bd728c15,22272,1
C:\SRS(ISIC_2019)\Dataset\NV\ISIC_0063232.jpg,isic_0063232,5,2b3dc430c944502f7e45fe6235f14a6dad15596c8b9f2fa4de116befe7ca362f,22274,1
C:\SRS(ISIC_2019)\Dataset\NV\ISIC_0063353.jpg,isic_0063353,5,15988319c0dd29055c079c87b64b4e69a1d8560c2a7b43b947d5804eed97f5fa,22298,1
C:\SRS(ISIC_2019)\Dataset\NV\ISIC_0063365.jpg,isic_0063365,5,47d1979c9461c24b8b1da3327238390b5bd4b0177f0a8c6e8157bc97ed2b6bd1,22300,1
C:\SRS(ISIC_2019)\Dataset\NV\ISIC_0063377.jpg,isic_0063377,5,991b50b51d9daf19048d4d481743e062be42b062c4931969558d583bc80d518c,22302,1
C:\SRS(ISIC_2019)\Dataset\NV\ISIC_0063391.jpg,isic_0063391,5,4fd1a9ad882c3549e21aa27f7f8570582a27b90c352863199574a5b8ceff7def,22309,1
C:\SRS(ISIC_2019)\Dataset\NV\ISIC_0063434.jpg,isic_0063434,5,ae2e10948d97c1798cb16803581dafbdc1275b037924d46850e28426bde0f5a5,22317,1
C:\SRS(ISIC_2019)\Dataset\NV\ISIC_0063472.jpg,isic_0063472,5,10e7f81ecb7fbacb872b9a2c05fa527653536173989b5e110d3327fa9ade0deb,22325,1
C:\SRS(ISIC_2019)\Dataset\NV\ISIC_0063476.jpg,isic_0063476,5,baff0cf0b213ae3115d5ba55f57daa44f5ea8387581ca5b0d26640e12e48708a,22327,1
C:\SRS(ISIC_2019)\Dataset\NV\ISIC_0063477.jpg,isic_0063477,5,2c163318b6e6b6cbc78b346a2d7c80d2bf0e4d19086c10058633ea12efa91b5e,22328,1
C:\SRS(ISIC_2019)\Dataset\NV\ISIC_0063486.jpg,isic_0063486,5,705b4167ec48d17a0696886c41d1d217b94f6188e8afcdaddbabf98440c85435,22330,1
C:\SRS(ISIC_2019)\Dataset\NV\ISIC_0063495.jpg,isic_0063495,5,08390918fdf19fcd2e4894fe5a6a10b2e697d28c4c65c263f3460ee32a4eb3ff,22332,1
C:\SRS(ISIC_2019)\Dataset\NV\ISIC_0063497.jpg,isic_0063497,5,8b54f9b92dcff3fd284750a6024d8bb9ebaf4f2ab71f35dc1aa481fc80495007,22333,1
C:\SRS(ISIC_2019)\Dataset\NV\ISIC_0063583.jpg,isic_0063583,5,9b03560181ebc14cca84a719957ce4146c07d266fbef5b662173cd965b51c942,22349,1
C:\SRS(ISIC_2019)\Dataset\NV\ISIC_0063590.jpg,isic_0063590,5,e8d090a84844573a382c1e9e08fd39f0e522597dbd2b0a75145c0b5010150c5c,22352,1
C:\SRS(ISIC_2019)\Dataset\NV\ISIC_0063592.jpg,isic_0063592,5,adf525e7cc1abbef84e6e4838ee83b22a707c3dd40bf3856b39e861c78a483aa,22353,1
C:\SRS(ISIC_2019)\Dataset\NV\ISIC_0063594.jpg,isic_0063594,5,0d77488427952db536fab0a7634ef85e055fa5d9dcfa9b701da906a54beabd3c,22354,1
C:\SRS(ISIC_2019)\Dataset\NV\ISIC_0063607.jpg,isic_0063607,5,55e578c4819f3be6e2304254622ff199eb5766fffa5a7cbb22bd8e737837eeb5,22358,1
C:\SRS(ISIC_2019)\Dataset\NV\ISIC_0063611.jpg,isic_0063611,5,689c796632c1f38b054eb5465be185a86f40f6e6bd974326883fa0faef1d972b,22361,1
C:\SRS(ISIC_2019)\Dataset\NV\ISIC_0063626.jpg,isic_0063626,5,5d6e1ec96da3fad38aeeefb948df3f5fab763d5a74dae90c0712808373a7ec45,22365,1
C:\SRS(ISIC_2019)\Dataset\NV\ISIC_0063628.jpg,isic_0063628,5,1286c2a3e492322dd7a326b8e80c736c2dd8dda3d0910e723338b5d82e88e649,22366,1
C:\SRS(ISIC_2019)\Dataset\NV\ISIC_0063663.jpg,isic_0063663,5,e439f2ab9606230b19d62abfa8311e8c02c353ec388d738ecec531191695c531,22373,1
C:\SRS(ISIC_2019)\Dataset\NV\ISIC_0063672.jpg,isic_0063672,5,8723efac2dfa9e8f1814db5d0a19482e25f9ffbc573c3bbed60b5743ac13711b,22375,1
C:\SRS(ISIC_2019)\Dataset\NV\ISIC_0063683.jpg,isic_0063683,5,6063ba10a1981dffd9a62c972400f5cfbc782053412bf2a552e2e1561de9c498,22379,1
C:\SRS(ISIC_2019)\Dataset\NV\ISIC_0063700.jpg,isic_0063700,5,853849972ea8841bd89bab76302f9f0befbd729a344c2b48a03e9eba85e34196,22382,1
C:\SRS(ISIC_2019)\Dataset\NV\ISIC_0063761.jpg,isic_0063761,5,dc749b11b0162ee6d6e722c5069bf02dc1a83a58cdfad8862d6051031029ecde,22392,1
C:\SRS(ISIC_2019)\Dataset\NV\ISIC_0063786.jpg,isic_0063786,5,f7f7eb3cdbda93b150d6a532c4b354e4542dba462329ccd63e2191662414d8f5,22399,1
C:\SRS(ISIC_2019)\Dataset\NV\ISIC_0063848.jpg,isic_0063848,5,efaf440ea0c8ac752f8f1e29a6661f6201af196898b3dabaf2af3915cb88c197,22411,1
C:\SRS(ISIC_2019)\Dataset\NV\ISIC_0063875.jpg,isic_0063875,5,2d591d6630a7c216aeec2aa406405131e0ab9217ba8d8b1c82be7a24aa9895a9,22416,1
C:\SRS(ISIC_2019)\Dataset\NV\ISIC_0063876.jpg,isic_0063876,5,12ac6c661f40c57564e290c99378ce34d35a8aa140cebb5d9b9be686713fbe45,22417,1
C:\SRS(ISIC_2019)\Dataset\NV\ISIC_0063899.jpg,isic_0063899,5,bd4f16bb91736d801097493a72839ef9d1c475fa4ffdb5a37d85dc91adc90a3c,22422,1
C:\SRS(ISIC_2019)\Dataset\NV\ISIC_0063932.jpg,isic_0063932,5,7a4fc34a4e492ca7c7b4adeafcc6b1d660e1fa37ebbf8036997b856a5684d4ce,22431,1
C:\SRS(ISIC_2019)\Dataset\NV\ISIC_0063935.jpg,isic_0063935,5,d9ce53598e13507df9016e51884c3852db52f0d802bd22ece9c6f9485147daa3,22433,1
C:\SRS(ISIC_2019)\Dataset\NV\ISIC_0063976.jpg,isic_0063976,5,25742a0900988ca5963bcc40cb255c1871ed44d6bfeda884d2fe150b875fceaf,22444,1
C:\SRS(ISIC_2019)\Dataset\NV\ISIC_0063977.jpg,isic_0063977,5,b0ecf99235daa8fd394b648e3bbff7d5413e965cfe42040591540b342b16f656,22445,1
C:\SRS(ISIC_2019)\Dataset\NV\ISIC_0063997.jpg,isic_0063997,5,804d038f5ed367d7f1d30e35f01f1da21007bb9d71f6ecd3df7c3dc121617aa2,22448,1
C:\SRS(ISIC_2019)\Dataset\NV\ISIC_0064052.jpg,isic_0064052,5,f3dfc32c2275f9bafd9a9bb28ca7b09da5917546e77c26dbb6cad70c49ddf0a4,22465,1
C:\SRS(ISIC_2019)\Dataset\NV\ISIC_0064095.jpg,isic_0064095,5,cd02e02128be546550e3391aa19e0a3e6fb40e675d41ce0e1e3b403c677f3e6e,22471,1
C:\SRS(ISIC_2019)\Dataset\NV\ISIC_0064112.jpg,isic_0064112,5,dcfeff21e969bef579038b4c83e5efdd02457c762358eafb996ecc929768c63a,22474,1
C:\SRS(ISIC_2019)\Dataset\NV\ISIC_0064193.jpg,isic_0064193,5,008cd467c8d6b5e9ea99aeefd38c8de75888fff10374a7ff77868e4d65bd9d87,22491,1
C:\SRS(ISIC_2019)\Dataset\NV\ISIC_0064216.jpg,isic_0064216,5,9afb01b8bee8842594733c2f0dc1fb4332327a7c8646baaa873f50108f0f0727,22495,1
C:\SRS(ISIC_2019)\Dataset\NV\ISIC_0064249.jpg,isic_0064249,5,197fc9e25f61f7c16dc369c224623ed69f8bc0316ef1df190217db20dc0a5384,22501,1
C:\SRS(ISIC_2019)\Dataset\NV\ISIC_0064277.jpg,isic_0064277,5,433f7a242715ac744c925ce4eb9f1c6655097abfcc9f19c71dc772d231023f6a,22509,1
C:\SRS(ISIC_2019)\Dataset\NV\ISIC_0064284.jpg,isic_0064284,5,44def04302f4885761e961c3094f1eeae6abd46cff83419f1bac8922df140839,22510,1
C:\SRS(ISIC_2019)\Dataset\NV\ISIC_0064312.jpg,isic_0064312,5,7bf00cc104cb6212a3b2a85c07cdb2f6b90b5d6fb2b474f4f911199ef5e3572a,22516,1
C:\SRS(ISIC_2019)\Dataset\NV\ISIC_0064313.jpg,isic_0064313,5,f626b7f27eed7949606ad0dc70b721899927032ccae2bf15111210c6a03a2e4b,22517,1
C:\SRS(ISIC_2019)\Dataset\NV\ISIC_0064326.jpg,isic_0064326,5,e3c6ef04f845750369c0c8a53e4fca8a0b6d7467eab9805d98c68d6eb65c5628,22521,1
C:\SRS(ISIC_2019)\Dataset\NV\ISIC_0064329.jpg,isic_0064329,5,98dc8bce0005336b8be8704c64f8e81a6169cbacd8cee2d11deb83ec067f1ecd,22522,1
C:\SRS(ISIC_2019)\Dataset\NV\ISIC_0064384.jpg,isic_0064384,5,1ee3e6bd69a009e13032deacacb00c94d5e94c0cffe1ef7f19c24c3f1891ae22,22532,1
C:\SRS(ISIC_2019)\Dataset\NV\ISIC_0064385.jpg,isic_0064385,5,8f5867a2e3745b9c9ba921088ffffccb5cd9e39054cc692a594dbcc6de7168e1,22533,1
C:\SRS(ISIC_2019)\Dataset\NV\ISIC_0064414.jpg,isic_0064414,5,5900586c32ec8191bed693eed0519c16a47816d6631214398206b806f2eab4a1,22540,1
C:\SRS(ISIC_2019)\Dataset\NV\ISIC_0064435.jpg,isic_0064435,5,8432fc6e858cc483e7cc4873888189e0e85f5e78d8cd95357742f42027c81655,22543,1
C:\SRS(ISIC_2019)\Dataset\NV\ISIC_0064446.jpg,isic_0064446,5,a0de926c7f10e3e3c77f4f59c71111d294ddbf353aa6d1e44ac37fdb26dd6bef,22545,1
C:\SRS(ISIC_2019)\Dataset\NV\ISIC_0064461.jpg,isic_0064461,5,80cb155f2384d775b1e2f981a7d62949815955ac8ecc8c81bad5c492b80636a0,22547,1
C:\SRS(ISIC_2019)\Dataset\NV\ISIC_0064545.jpg,isic_0064545,5,c65ac4aa969e2d2372eac7e6a09a828632337ee7dfad443977b77f731b327281,22569,1
C:\SRS(ISIC_2019)\Dataset\NV\ISIC_0064548.jpg,isic_0064548,5,d01932c74a34326dcbd045a7f86a7f7557c87403bfb840f13f6ac77538b0aae1,22570,1
C:\SRS(ISIC_2019)\Dataset\NV\ISIC_0064602.jpg,isic_0064602,5,191fb4067ebde4b8a7b112737bfdfa63d16479f0f465a2de6b0bc59c43b7ade8,22578,1
C:\SRS(ISIC_2019)\Dataset\NV\ISIC_0064659.jpg,isic_0064659,5,1f9e6dd3b775683d8bc1125d53f01ff278660f6ccf23056b99675fd0eab018b8,22590,1
C:\SRS(ISIC_2019)\Dataset\NV\ISIC_0064664.jpg,isic_0064664,5,c23dd6e8ca2beed735c2934e4d53ea6a1cf881d960a6bc72a7401a56f0dcf2ac,22592,1
C:\SRS(ISIC_2019)\Dataset\NV\ISIC_0064665.jpg,isic_0064665,5,d9f8e77ec7f731270d9a4252b511447ec813fe7212af98e3a91d77e985f1485e,22593,1
C:\SRS(ISIC_2019)\Dataset\NV\ISIC_0064697.jpg,isic_0064697,5,ea6b6faec2b9aff6e4b304e2ac44479825292ccbf5cfe72b3b380178d2075f1e,22600,1
C:\SRS(ISIC_2019)\Dataset\NV\ISIC_0064727.jpg,isic_0064727,5,41feb524c3e23b5a9fec0958f2fa67e157dd9d790e962e3d57018589a271d4a7,22610,1
C:\SRS(ISIC_2019)\Dataset\NV\ISIC_0064767.jpg,isic_0064767,5,deeb1b0bb54e24ed2842d5621853ab0b0fc9775c07b936773538f9f02643b3e4,22615,1
C:\SRS(ISIC_2019)\Dataset\NV\ISIC_0064771.jpg,isic_0064771,5,3ddc2df2f8ef304fd4e0cabf460f4d1bc7a02258092d7eb49ee7d406b802d3f1,22617,1
C:\SRS(ISIC_2019)\Dataset\NV\ISIC_0064773.jpg,isic_0064773,5,cd57e734df676c5ac922399535c1a84f117136690c59064ddd64a04835781aeb,22619,1
C:\SRS(ISIC_2019)\Dataset\NV\ISIC_0064802.jpg,isic_0064802,5,47629421d0b02fa4e4f04d0110cf1f0cb78f5ecbb0053395b082c941f7d25672,22627,1
C:\SRS(ISIC_2019)\Dataset\NV\ISIC_0064806.jpg,isic_0064806,5,11fe60174106d10bab8077257df3ae81ce7fb202e66b54f6fa481e80d2cbd54c,22628,1
C:\SRS(ISIC_2019)\Dataset\NV\ISIC_0064831.jpg,isic_0064831,5,9aedee443cd242ca81cfe208551a9fff206eb06b1e719a7a7e498c2c2c9b46f8,22632,1
C:\SRS(ISIC_2019)\Dataset\NV\ISIC_0064845.jpg,isic_0064845,5,0d8c28d8a4787fe70b835eb2a9f345c9f3801d4505ea41bcd9feac44e3ab7d74,22634,1
C:\SRS(ISIC_2019)\Dataset\NV\ISIC_0064854.jpg,isic_0064854,5,7e4270ff4e5535dc91d3be464bae04e2ebb2ed95bdc06ba0ecb3d8c079c3fc04,22639,1
C:\SRS(ISIC_2019)\Dataset\NV\ISIC_0064882.jpg,isic_0064882,5,75c1b3eb61a7e08b9484488a15e4da83ce54fb7e1dd514320d599b2bca854418,22646,1
C:\SRS(ISIC_2019)\Dataset\NV\ISIC_0064922.jpg,isic_0064922,5,e147b02f59ed2b489a07cf6209bfb9af4a86249b18bf4e2fb16f1e5ae9b1c3b3,22654,1
C:\SRS(ISIC_2019)\Dataset\NV\ISIC_0064948.jpg,isic_0064948,5,54988d2628afed6318a37fd302a7c0dd873249775e3772f8f427cdc0d70b660d,22657,1
C:\SRS(ISIC_2019)\Dataset\NV\ISIC_0064952.jpg,isic_0064952,5,b822dda9c21ca2e9a5334fcabd0f4eaff266ab99a4c11aca46636a44e6ca62eb,22658,1
C:\SRS(ISIC_2019)\Dataset\NV\ISIC_0064979.jpg,isic_0064979,5,ebf951885eefc59fdadc1365af05bdf3d0faf63bc2fc7532a80f07842042525a,22665,1
C:\SRS(ISIC_2019)\Dataset\NV\ISIC_0064994.jpg,isic_0064994,5,6e7c42c08c5ade9a48c79129e4ef7a5fc86b5fc421a0729995b621051502173c,22667,1
C:\SRS(ISIC_2019)\Dataset\NV\ISIC_0065009.jpg,isic_0065009,5,1dfc01abd1f8c15af3bb991ad77a56cadf84bc48830a64b41cebdef73d7e4036,22668,1
C:\SRS(ISIC_2019)\Dataset\NV\ISIC_0065090.jpg,isic_0065090,5,c51014607b12a07e9bd28fff819a342cdcd9fad01d5a94d80008796589d11eff,22680,1
C:\SRS(ISIC_2019)\Dataset\NV\ISIC_0065111.jpg,isic_0065111,5,c29409c1afdb64c8c6c5056edcccb1166a2ebcc0fed96c2390e47456db3e79af,22683,1
C:\SRS(ISIC_2019)\Dataset\NV\ISIC_0065117.jpg,isic_0065117,5,6c4592d1da66f7da972ba793237fc9970a96cdf7cc3319ab8f21bc2b278c1573,22684,1
C:\SRS(ISIC_2019)\Dataset\NV\ISIC_0065134.jpg,isic_0065134,5,d3cf0edac24af4f876ffcba3b14b66aef8d9009be938ff7697bfeeb83f109bef,22685,1
C:\SRS(ISIC_2019)\Dataset\NV\ISIC_0065136.jpg,isic_0065136,5,78b221fe35e7785eee530cb25e5ddcde541bb1cd26551bb897c136c9035f361f,22686,1
C:\SRS(ISIC_2019)\Dataset\NV\ISIC_0065184.jpg,isic_0065184,5,4115b0ff5666fc6dc426512b354657b8066c3a776daf8aec8f0f19f227678b34,22696,1
C:\SRS(ISIC_2019)\Dataset\NV\ISIC_0065204.jpg,isic_0065204,5,1e3722432ca210cc05c24d808426a82218333a182f3d7e93743b7d2278cd82d5,22700,1
C:\SRS(ISIC_2019)\Dataset\NV\ISIC_0065208.jpg,isic_0065208,5,a657497c43e7d94f4b2cb221e28128b4cd804c71dcc0358b85383ed352d58a68,22701,1
C:\SRS(ISIC_2019)\Dataset\NV\ISIC_0065258.jpg,isic_0065258,5,04d874249c329bb761b66083e27c7bbd1c2a4ee87e4500e497aa147e844ecadb,22711,1
C:\SRS(ISIC_2019)\Dataset\NV\ISIC_0065264.jpg,isic_0065264,5,1d99553a0fea71f8df6e07612a9ec17924bbaae8303c66a7d3c7d6f75b398657,22714,1
C:\SRS(ISIC_2019)\Dataset\NV\ISIC_0065269.jpg,isic_0065269,5,a76729b630735f912dc3da4d00bc628136a003baed73604d196ec2bf75fde7c0,22715,1
C:\SRS(ISIC_2019)\Dataset\NV\ISIC_0065270.jpg,isic_0065270,5,957d6a2b6e189e2cb37e6a0968fdbb72bf57a61d0711bcadacf8a2454955c240,22716,1
C:\SRS(ISIC_2019)\Dataset\NV\ISIC_0065277.jpg,isic_0065277,5,5cb0571ea1f2e46805a7ec82edf970fa305aff59d05d21fa06836236f2a4b2ba,22721,1
C:\SRS(ISIC_2019)\Dataset\NV\ISIC_0065319.jpg,isic_0065319,5,2835129b202dededb4b45b5eb0cd50eb5834bd2e8f045296448c8fe0297f4ca1,22731,1
C:\SRS(ISIC_2019)\Dataset\NV\ISIC_0065322.jpg,isic_0065322,5,42011d8ef6e1bbbfe38e87c5bebdd9fabd8cfa10aa7730733f91a5b0b045c9ed,22733,1
C:\SRS(ISIC_2019)\Dataset\NV\ISIC_0065372.jpg,isic_0065372,5,069476160124231cf6dfd34d86d9b02c06f13cbb86e15b52feef18fb07032527,22747,1
C:\SRS(ISIC_2019)\Dataset\NV\ISIC_0065405.jpg,isic_0065405,5,59b4234cd7640639fd64a089184596b60c90cf820188ac445f2923ef70420fc0,22758,1
C:\SRS(ISIC_2019)\Dataset\NV\ISIC_0065412.jpg,isic_0065412,5,d580cf7f2e21a2140f8f1cc2302f1064700c0e25d8fce25701f21211e6de2f28,22760,1
C:\SRS(ISIC_2019)\Dataset\NV\ISIC_0065441.jpg,isic_0065441,5,b62e43eef252249627cba1897bb082220ac2d71caf6da2e718eadf577bc3d58c,22764,1
C:\SRS(ISIC_2019)\Dataset\NV\ISIC_0065461.jpg,isic_0065461,5,e544f32d5ea4276887e300f0d901f4610fea09ca7d5a724fa3423e15e8fd030a,22767,1
C:\SRS(ISIC_2019)\Dataset\NV\ISIC_0065465.jpg,isic_0065465,5,bd8e99b8f397564c1e50f1f1b6d71f0869b58a5296c9ce010a0b3678b1c80734,22768,1
C:\SRS(ISIC_2019)\Dataset\NV\ISIC_0065510.jpg,isic_0065510,5,5c83d6255f4b8b24f18c62e22c1f485410f02b1ae16edcddf1b74c7b0b2d6cfd,22779,1
C:\SRS(ISIC_2019)\Dataset\NV\ISIC_0065529.jpg,isic_0065529,5,29a2e05b7748e3884b513eb99a7bbd6274f5589497ca6909b4513af64833399b,22783,1
C:\SRS(ISIC_2019)\Dataset\NV\ISIC_0065541.jpg,isic_0065541,5,dd8cbd86fd96106c7ba7bbc819b6eeaae0f0895c22a82e1388c96d265de35a96,22785,1
C:\SRS(ISIC_2019)\Dataset\NV\ISIC_0065545.jpg,isic_0065545,5,a0005228983f57e0c0ff05df83032009450366bbccd87ea943bfe09f980690c9,22787,1
C:\SRS(ISIC_2019)\Dataset\NV\ISIC_0065580.jpg,isic_0065580,5,1acb4d0cccc466e859b7a6041bdc03ebe1577210f6fa8a2fadb4b356fd633cb5,22793,1
C:\SRS(ISIC_2019)\Dataset\NV\ISIC_0065586.jpg,isic_0065586,5,b046601acd2451203aa09764afd680cc9c247634323ee259569282934e6c3ba9,22794,1
C:\SRS(ISIC_2019)\Dataset\NV\ISIC_0065616.jpg,isic_0065616,5,9a976bdc51f1a5466436f1905e2684f2531620522f9f71c3ad163a6f24867d09,22805,1
C:\SRS(ISIC_2019)\Dataset\NV\ISIC_0065773.jpg,isic_0065773,5,1a93c06055e485573a8ff4cc0cbf70159b95aca8ee9444ba9119db1e880fa5a7,22829,1
C:\SRS(ISIC_2019)\Dataset\NV\ISIC_0065791.jpg,isic_0065791,5,8e5964f37752482793cab3c6825aad79c0ebe0b6f19b424c259adcb70dbc87cd,22833,1
C:\SRS(ISIC_2019)\Dataset\NV\ISIC_0065792.jpg,isic_0065792,5,1cca6463053583a1c18b1621d7b98bf5e1a1d876b7decc6d76f318453cf26c91,22834,1
C:\SRS(ISIC_2019)\Dataset\NV\ISIC_0065795.jpg,isic_0065795,5,1616faa555021d656c35acc56ca98734caeb8452225164f919fc3f919d820290,22836,1
C:\SRS(ISIC_2019)\Dataset\NV\ISIC_0065820.jpg,isic_0065820,5,1d6563e23f951c17e81819dc9e3897da4527f1a7e63eafff736ee207a2398d9d,22843,1
C:\SRS(ISIC_2019)\Dataset\NV\ISIC_0065845.jpg,isic_0065845,5,d28cbc8d1d9f33d628f5dd000c18ffcdd7498fc93ea379ff79fc09f68caa45b7,22848,1
C:\SRS(ISIC_2019)\Dataset\NV\ISIC_0065917.jpg,isic_0065917,5,f4b8c80150e42a80055a535e2f99f2e54e67c4411efdfc92b45b99579dde35c7,22859,1
C:\SRS(ISIC_2019)\Dataset\NV\ISIC_0065931.jpg,isic_0065931,5,719e6cd2ca130bd60ffd1763c74201756aa71eb5ceb2b15c4533dfd762273b03,22862,1
C:\SRS(ISIC_2019)\Dataset\NV\ISIC_0065937.jpg,isic_0065937,5,888ee3f0d3608b10b48c5ac6f7370574326d2efca938553ee88ec2cce969006f,22863,1
C:\SRS(ISIC_2019)\Dataset\NV\ISIC_0065962.jpg,isic_0065962,5,93e6d9e8d869b7be281d84d69bac7629c49cdb8226d6e2177c90e3ffd8f4c94f,22866,1
C:\SRS(ISIC_2019)\Dataset\NV\ISIC_0065977.jpg,isic_0065977,5,d896945141e6b678d6b7067615c35aac89e549495c2b0d451690faf3dfd2c700,22870,1
C:\SRS(ISIC_2019)\Dataset\NV\ISIC_0065996.jpg,isic_0065996,5,eb64b0202232fd173ef242b9ba259e65c534dfa690bee369236849dda00788a2,22875,1
C:\SRS(ISIC_2019)\Dataset\NV\ISIC_0066004.jpg,isic_0066004,5,697e102ab1e7b9e5026e4869f39b23976f7f78b9abcd09eb043da4affd7e5962,22878,1
C:\SRS(ISIC_2019)\Dataset\NV\ISIC_0066017.jpg,isic_0066017,5,9513af90e2c271294947f8c985f9f1d17a29967cffa80c15c4164b9e7a371927,22880,1
C:\SRS(ISIC_2019)\Dataset\NV\ISIC_0066064.jpg,isic_0066064,5,ad03717837c22f5c357eecd8769276f0e484c593578598ab26c30c8e1c439cbd,22891,1
C:\SRS(ISIC_2019)\Dataset\NV\ISIC_0066215.jpg,isic_0066215,5,3a7750b011719c76232028569ccf45b29c4137266fb14601a6935331ad7385f5,22913,1
C:\SRS(ISIC_2019)\Dataset\NV\ISIC_0066223.jpg,isic_0066223,5,a1d78bb274d55fa8d48cc1c443027f0551d7684340ee0fc1bca4ca7a41ffcd47,22915,1
C:\SRS(ISIC_2019)\Dataset\NV\ISIC_0066230.jpg,isic_0066230,5,24fb54a95e2c9b07643bbd2f57ba61e3890247d79d39d48205740bc997961124,22917,1
C:\SRS(ISIC_2019)\Dataset\NV\ISIC_0066236.jpg,isic_0066236,5,191753fbea314bd4f1d472f532df6388feed8b396f02d0131aa371ab7e53c6bf,22919,1
C:\SRS(ISIC_2019)\Dataset\NV\ISIC_0066251.jpg,isic_0066251,5,7892ad071bad08bb72f80ae804855bf299768e3ec9b4cff53ca5522756d952ef,22922,1
C:\SRS(ISIC_2019)\Dataset\NV\ISIC_0066254.jpg,isic_0066254,5,2fa3b4fb349bc9f1d7d76c83743a6b7ccacf792a159df5707c97deb2c0715e8c,22924,1
C:\SRS(ISIC_2019)\Dataset\NV\ISIC_0066277.jpg,isic_0066277,5,722269f1bd2234888aa65840af554059246757e8046fa1c46b9723379465f985,22928,1
C:\SRS(ISIC_2019)\Dataset\NV\ISIC_0066279.jpg,isic_0066279,5,1dc76114734ab2dcd6c2c30fae32937d8716bb3a18025071d9efd03895e37001,22929,1
C:\SRS(ISIC_2019)\Dataset\NV\ISIC_0066299.jpg,isic_0066299,5,c026d6b89669676b328b95950589d3c2f71a4b469418bfc943f0242cb13904b2,22934,1
C:\SRS(ISIC_2019)\Dataset\NV\ISIC_0066312.jpg,isic_0066312,5,eba7d092470c0f4a13dc797dcfaf7b1fb12d089361f0d703d313401c9cb0110f,22936,1
C:\SRS(ISIC_2019)\Dataset\NV\ISIC_0066321.jpg,isic_0066321,5,2e70832c8f14cd5c55adbfbcab1c85e81a6010ffe4b13efdbc935d20663009f3,22938,1
C:\SRS(ISIC_2019)\Dataset\NV\ISIC_0066346.jpg,isic_0066346,5,8f4a59173a849e17495260d20d8b0f98b7f4721532baf9e47258c733c0805245,22945,1
C:\SRS(ISIC_2019)\Dataset\NV\ISIC_0066348.jpg,isic_0066348,5,19f7825b921837c4e4924d3c366c32995aa4e4d18e651022046d9d12306aec3d,22946,1
C:\SRS(ISIC_2019)\Dataset\NV\ISIC_0066462.jpg,isic_0066462,5,c1331e98e7dcf33b01e1dc4d78d6be6f6af910ca30d9e077b4278d8f62c0a581,22969,1
C:\SRS(ISIC_2019)\Dataset\NV\ISIC_0066607.jpg,isic_0066607,5,6e799a92e578581f05baf192a328c841f72e5f4d755e76b36aa8a419421cd868,22994,1
C:\SRS(ISIC_2019)\Dataset\NV\ISIC_0066635.jpg,isic_0066635,5,400a824eb9da6dac3fc9037a5c1310d73f9e9853a244d8860210396809b9cb68,22999,1
C:\SRS(ISIC_2019)\Dataset\NV\ISIC_0066660.jpg,isic_0066660,5,903ff5f25200d8890b3ed901e5e212ca070191cbe9f600123a0df0a7f608a87d,23006,1
C:\SRS(ISIC_2019)\Dataset\NV\ISIC_0066674.jpg,isic_0066674,5,ae749d65187fc2cb3ecbd7fd0227460bd939844ce53d0bcab59b07c19beff1f1,23010,1
C:\SRS(ISIC_2019)\Dataset\NV\ISIC_0066709.jpg,isic_0066709,5,f95ace801e37b088bc091a7dc9b881fd74b394bd481a6c6a29a4f4af6267059f,23014,1
C:\SRS(ISIC_2019)\Dataset\NV\ISIC_0066719.jpg,isic_0066719,5,1481fd68e190af753096c43d0d9d229e44bf80ddaad2403377f7b6a2f6654a81,23019,1
C:\SRS(ISIC_2019)\Dataset\NV\ISIC_0066724.jpg,isic_0066724,5,c95e20b929a6d1071d667fdc9ea7e7a86c3822b056c23d8a56f3bfd097349a7f,23020,1
C:\SRS(ISIC_2019)\Dataset\NV\ISIC_0066862.jpg,isic_0066862,5,3f869497d0674ad317f75bd37e60e96a5c462f286c1cfab5fe64a9dcdf83d3d6,23046,1
C:\SRS(ISIC_2019)\Dataset\NV\ISIC_0066871.jpg,isic_0066871,5,786973f169f905af326f357a37d3e9f153eadb2f5770c17b679a6a33a120413d,23049,1
C:\SRS(ISIC_2019)\Dataset\NV\ISIC_0066980.jpg,isic_0066980,5,b7a755e44b72974a6796dc7a85e171c20c4255987ccfb49cf15378b1344154da,23066,1
C:\SRS(ISIC_2019)\Dataset\NV\ISIC_0067002.jpg,isic_0067002,5,95a578ed75aae665ec771ba075793e9ccde686c5c3f9523fb1b065f5137d0401,23070,1
C:\SRS(ISIC_2019)\Dataset\NV\ISIC_0067010.jpg,isic_0067010,5,b4d7dc93ad4ac7643af16861a2ba357f05e5cbfbe309a869a49bade01edf369b,23072,1
C:\SRS(ISIC_2019)\Dataset\NV\ISIC_0067026.jpg,isic_0067026,5,2b239fb15dc8877e2f5af8848caeace18acd83477a2aa3dfe2f03677161d7446,23078,1
C:\SRS(ISIC_2019)\Dataset\NV\ISIC_0067041.jpg,isic_0067041,5,7bfaf2d43b8239c2a5e02d5ccb000d99ca505b666b45c01da11fa75baf9fb308,23085,1
C:\SRS(ISIC_2019)\Dataset\NV\ISIC_0067074.jpg,isic_0067074,5,0721d937dd273d201138e4744cf133f10d8b9e7bfaed17bda9063a048be9e05b,23092,1
C:\SRS(ISIC_2019)\Dataset\NV\ISIC_0067086.jpg,isic_0067086,5,de35c05b2d1ebd99d0f49bd8f4c1d22e6dd70c51ae3f7a4e4370d32106d5eb39,23094,1
C:\SRS(ISIC_2019)\Dataset\NV\ISIC_0067124.jpg,isic_0067124,5,0a57bb475e9ace40f2d45197417a7551eb626f4a47527d372e31d346b54903af,23099,1
C:\SRS(ISIC_2019)\Dataset\NV\ISIC_0067161.jpg,isic_0067161,5,257c425ab14b062bc41c0393f62a11a29d6c222574b2f46b798111c5f8e0f4f2,23105,1
C:\SRS(ISIC_2019)\Dataset\NV\ISIC_0067168.jpg,isic_0067168,5,76d321f9fc1a0ca9907ffbda6dda2f2779b8a745097b98b00e61261f774e4789,23108,1
C:\SRS(ISIC_2019)\Dataset\NV\ISIC_0067176.jpg,isic_0067176,5,81eee17a8ed7a367cd610dd9d229b9f43f8d5275196ebd969d1638f26a2c5060,23111,1
C:\SRS(ISIC_2019)\Dataset\NV\ISIC_0067220.jpg,isic_0067220,5,14b7cce1cd830d2b5333f6187a47daa5ec2261fe8653adf52a6adb4b8c6cdb36,23120,1
C:\SRS(ISIC_2019)\Dataset\NV\ISIC_0067227.jpg,isic_0067227,5,d6d48e49042ae23677567ad2192353d7d4af62e4abe3fc3c4f5aa49ec15e7cde,23123,1
C:\SRS(ISIC_2019)\Dataset\NV\ISIC_0067234.jpg,isic_0067234,5,e1daabf0d70a72f192ce16cd6e5d3ae75185cb56996991cb8f2fb5543b6930c8,23124,1
C:\SRS(ISIC_2019)\Dataset\NV\ISIC_0067236.jpg,isic_0067236,5,12397161bd55e73e95338e85f2ede0ad17baee683640c5aa0266c05977e1bc2c,23125,1
C:\SRS(ISIC_2019)\Dataset\NV\ISIC_0067299.jpg,isic_0067299,5,3a50d1d2c4bd24397d1f1b40e2e20be3c224d917429db734eec22cac94774d35,23138,1
C:\SRS(ISIC_2019)\Dataset\NV\ISIC_0067319.jpg,isic_0067319,5,7446a593d9b70b8b557b08a2ee773e61bad7cca436c4425b0b1624c81f664499,23142,1
C:\SRS(ISIC_2019)\Dataset\NV\ISIC_0067321.jpg,isic_0067321,5,b54356018da74bbfb3116610f1eaf5e7fbfee5e56758a439f57753f2d844eb70,23144,1
C:\SRS(ISIC_2019)\Dataset\NV\ISIC_0067366.jpg,isic_0067366,5,171e01d02cd867bbbc9a3d205d04408d1f8cff87e35ff44900e70eeb5c1a5cb8,23155,1
C:\SRS(ISIC_2019)\Dataset\NV\ISIC_0067448.jpg,isic_0067448,5,99a8f40aecd50dfc65c1a931f6f66a26a19784f64d9c7512b10833975358c81b,23175,1
C:\SRS(ISIC_2019)\Dataset\NV\ISIC_0067467.jpg,isic_0067467,5,9f2417f8aa4f8bd4ce8a4687bea1c5e09e40b4c960d72467c35c38b7b1543937,23182,1
C:\SRS(ISIC_2019)\Dataset\NV\ISIC_0067469.jpg,isic_0067469,5,568b4939db563984db1a42ae044a91f39f02fd2fd1ee332bdb3b974cdeabc017,23183,1
C:\SRS(ISIC_2019)\Dataset\NV\ISIC_0067470.jpg,isic_0067470,5,4c1202d1ea52c94908c738ea649c57f0a58af49fec794a0df58195fe6ef27e5b,23184,1
C:\SRS(ISIC_2019)\Dataset\NV\ISIC_0067483.jpg,isic_0067483,5,98728e5013426745668c6c5078c3afd254b91e196ca790e02351f00801b4a75d,23189,1
C:\SRS(ISIC_2019)\Dataset\NV\ISIC_0067507.jpg,isic_0067507,5,590218759c5e8c5c269090f657b14153e9156438fe4996cc1b5f6f9d7c9747b5,23193,1
C:\SRS(ISIC_2019)\Dataset\NV\ISIC_0067551.jpg,isic_0067551,5,4f6f3e6361af1e4a48a247e7738422666840165da70abdef5bc3464b3551296b,23200,1
C:\SRS(ISIC_2019)\Dataset\NV\ISIC_0067590.jpg,isic_0067590,5,ff96e8be9ce568eda8744165b83545d6a548de5125b04005e0d3bcb4edb13f1e,23205,1
C:\SRS(ISIC_2019)\Dataset\NV\ISIC_0067609.jpg,isic_0067609,5,99f2d844533982ff7afbe01cb9a709d4df2947299853021447e4ad1f4bd7a63d,23208,1
C:\SRS(ISIC_2019)\Dataset\NV\ISIC_0067613.jpg,isic_0067613,5,9002db75207754e08b46c70dceb228e0f80825fbeba3537d84c8e40c297014df,23210,1
C:\SRS(ISIC_2019)\Dataset\NV\ISIC_0067631.jpg,isic_0067631,5,51c797985cd00ece7e454e51c0981d304c197ced909c704628cd3b3f0381c820,23211,1
C:\SRS(ISIC_2019)\Dataset\NV\ISIC_0067648.jpg,isic_0067648,5,e7b3acf61602dfdec389882e76935edcc1ed66719614590bf8e5469818e47744,23215,1
C:\SRS(ISIC_2019)\Dataset\NV\ISIC_0067649.jpg,isic_0067649,5,a6ee065eb559ea370bf2c0c771353558622546dea7aaa32698829fd9c68b6323,23216,1
C:\SRS(ISIC_2019)\Dataset\NV\ISIC_0067656.jpg,isic_0067656,5,4acf91b2f7abe1472fa17427f75885bf14f6291382cd5dde9efb145bfab13830,23219,1
C:\SRS(ISIC_2019)\Dataset\NV\ISIC_0067661.jpg,isic_0067661,5,b54362e777ceed469db29d7064cf14646f37c85271d8bb20c6ef075682934a43,23220,1
C:\SRS(ISIC_2019)\Dataset\NV\ISIC_0067684.jpg,isic_0067684,5,509488001154af179eb9d482e3ed7c902030352105802050794d5799471e4b04,23226,1
C:\SRS(ISIC_2019)\Dataset\NV\ISIC_0067723.jpg,isic_0067723,5,e7e37f87a8038fe080baf59fad944f6f5e0bd00ce7e79a3e52d32760853b4cf9,23237,1
C:\SRS(ISIC_2019)\Dataset\NV\ISIC_0067727.jpg,isic_0067727,5,267d90b608033c82ae68d9302907c7c5b85a0cda8813647f9286a8859e6541d0,23238,1
C:\SRS(ISIC_2019)\Dataset\NV\ISIC_0067735.jpg,isic_0067735,5,fb773112cec2e9c27d6b5b109dca3b8cbd247d2736ed277f9334a830d03b67c4,23240,1
C:\SRS(ISIC_2019)\Dataset\NV\ISIC_0067763.jpg,isic_0067763,5,c5273265a910c7f54b4192681cd2fd30be3a535e00a11b85265709606ec1cbbc,23248,1
C:\SRS(ISIC_2019)\Dataset\NV\ISIC_0067773.jpg,isic_0067773,5,1284ed5b72baae8daa88bbb61f5185d53cf0438be5afcbd1de42dc84a6e2fe61,23250,1
C:\SRS(ISIC_2019)\Dataset\NV\ISIC_0067854.jpg,isic_0067854,5,edf79726714fb09379cebe4e7ff8e781cb184fecaf5f674b5dadddac525e7d15,23266,1
C:\SRS(ISIC_2019)\Dataset\NV\ISIC_0067859.jpg,isic_0067859,5,eadbd509c4ee78fc6514502ac127b3d9f28de5bfa27a81698702e7c97234dbfd,23268,1
C:\SRS(ISIC_2019)\Dataset\NV\ISIC_0067874.jpg,isic_0067874,5,a9c11bc8471b94eedcfc2023a89c1c49dd6ab5eb288ea40aafc4335a82d62086,23273,1
C:\SRS(ISIC_2019)\Dataset\NV\ISIC_0067875.jpg,isic_0067875,5,82138b5cb1d29b0a23141a58fb96cad55c1136c99a95e434490b48cc792a3958,23274,1
C:\SRS(ISIC_2019)\Dataset\NV\ISIC_0067964.jpg,isic_0067964,5,be0cedfb97928d5f96e3ea5db46807ceb1725521864d07aadcd30fc4cde12881,23294,1
C:\SRS(ISIC_2019)\Dataset\NV\ISIC_0067974.jpg,isic_0067974,5,d55fd968918b181a2f10cb0f794078aeaf3b40706379407c7a4d9f1059e58b3a,23298,1
C:\SRS(ISIC_2019)\Dataset\NV\ISIC_0067976.jpg,isic_0067976,5,90935ea9b024a299d52e44bb7ef57c9f939a7c528591f5e3af44124a32de9926,23299,1
C:\SRS(ISIC_2019)\Dataset\NV\ISIC_0067995.jpg,isic_0067995,5,30092be632920df57bafdcf53b5b9a79d1651050039ee0a37860d97b8456aba1,23302,1
C:\SRS(ISIC_2019)\Dataset\NV\ISIC_0068056.jpg,isic_0068056,5,2393335b3d329b13e23522342f7bc78feef3b126bf749766ea9269d7830e4c1d,23311,1
C:\SRS(ISIC_2019)\Dataset\NV\ISIC_0068076.jpg,isic_0068076,5,8c341cfb6b686f0d49573709db7737fc8c5e7ebd57645683e8f9c1783868c531,23315,1
C:\SRS(ISIC_2019)\Dataset\NV\ISIC_0068082.jpg,isic_0068082,5,7aa42d332e30ad4c341ea43cf36a959df3cda6d02d7e43143bff6071de4c1b87,23317,1
C:\SRS(ISIC_2019)\Dataset\NV\ISIC_0068090.jpg,isic_0068090,5,f5ab78fc5144c719fecf3e249ee0161e8e825faca3a84bbbb96e9d0e5631d111,23321,1
C:\SRS(ISIC_2019)\Dataset\NV\ISIC_0068091.jpg,isic_0068091,5,cf06941d3f6efe1e867dc0f82c4df7a137ca34155e87dc96bab89536d4408ce1,23322,1
C:\SRS(ISIC_2019)\Dataset\NV\ISIC_0068105.jpg,isic_0068105,5,c205e77cd4189bd381e92b06498578f42ebb5622d66b2e19f8ddcbb505e29b58,23325,1
C:\SRS(ISIC_2019)\Dataset\NV\ISIC_0068111.jpg,isic_0068111,5,26d9594ba4ee3e5dfdd9b0fde3d5218ad46a5157c2d5ea6ee529c52412fdfdc4,23326,1
C:\SRS(ISIC_2019)\Dataset\NV\ISIC_0068131.jpg,isic_0068131,5,a417d18a34866f3f418cfa0258f027720738497b2a5a9c2847e41df6664fe55c,23330,1
C:\SRS(ISIC_2019)\Dataset\NV\ISIC_0068134.jpg,isic_0068134,5,9d9872b3acfeb6710751f5fbf39a8784b17767fc9fe0024fb890a2d09eab2cd4,23331,1
C:\SRS(ISIC_2019)\Dataset\NV\ISIC_0068163.jpg,isic_0068163,5,8dd75ddb2d6aefcfd5e81e98a6284d72b66fdadced9f2bb8a27475c4ae86dfa6,23339,1
C:\SRS(ISIC_2019)\Dataset\NV\ISIC_0068184.jpg,isic_0068184,5,96ddd0124258293d88670e9bdc0d4a9fd577335a84c63ac2c6b29b21e7134209,23347,1
C:\SRS(ISIC_2019)\Dataset\NV\ISIC_0068217.jpg,isic_0068217,5,7f134251987ecf98636881cbf64c580cdf204bf49ec92eca050acf520058e9f4,23359,1
C:\SRS(ISIC_2019)\Dataset\NV\ISIC_0068326.jpg,isic_0068326,5,8cd0a4e45511806c5dffb909991e97a63e8b49cab95c27ca2403108b203ad978,23379,1
C:\SRS(ISIC_2019)\Dataset\NV\ISIC_0068344.jpg,isic_0068344,5,19dc625f1fe2b81993c22f510b21868bfd381953847d53afab93e90bae70f276,23386,1
C:\SRS(ISIC_2019)\Dataset\NV\ISIC_0068351.jpg,isic_0068351,5,479fd72d1235818ed47a183bef3a0aa47c207c919ca3b006eddfe12a0f09df62,23387,1
C:\SRS(ISIC_2019)\Dataset\NV\ISIC_0068357.jpg,isic_0068357,5,399f3dfdd781d125d9c9ee44d970e3e0173a1072aec937fccf3803f26ed4155e,23388,1
C:\SRS(ISIC_2019)\Dataset\NV\ISIC_0068372.jpg,isic_0068372,5,7386dc83d1aa24ecf29d2774b5e91fc633460491cff0b524fd604866f1141fba,23390,1
C:\SRS(ISIC_2019)\Dataset\NV\ISIC_0068397.jpg,isic_0068397,5,ef78768839e83121660a37334384c9e258cf713546c763ef28fe59f826bc349a,23397,1
C:\SRS(ISIC_2019)\Dataset\NV\ISIC_0068414.jpg,isic_0068414,5,7f1fcb8fc95c34f75fad690b5aaff0d2d295cd108d656bde33cb6ed734da1655,23400,1
C:\SRS(ISIC_2019)\Dataset\NV\ISIC_0068432.jpg,isic_0068432,5,1168713e9bd068bac2641e8563c1c45bc435a94a3872277b6ae5f0263afcb825,23405,1
C:\SRS(ISIC_2019)\Dataset\NV\ISIC_0068434.jpg,isic_0068434,5,1a78046a618d7df63cda0f9dc6bca18425d3e1b4d05d7b9510328460649f5fab,23406,1
C:\SRS(ISIC_2019)\Dataset\NV\ISIC_0068462.jpg,isic_0068462,5,3d212c14d02061865f211dc4d713314be5ee7c0c866bde7bfefcdfed834d93e5,23417,1
C:\SRS(ISIC_2019)\Dataset\NV\ISIC_0068471.jpg,isic_0068471,5,b762a4c70e329167fc6a39c7b9ee58891b7f4c2abb51d1ea9a5fcabba37e4563,23420,1
C:\SRS(ISIC_2019)\Dataset\NV\ISIC_0068478.jpg,isic_0068478,5,0c706cff8a339fc87cb40ff4e0d829d853d026100a72d702fe214b462e6b36bf,23423,1
C:\SRS(ISIC_2019)\Dataset\NV\ISIC_0068487.jpg,isic_0068487,5,2fbb491e89381bceb9e88caa97429be2634e3b8aea3a5c8b0c16c851f050e576,23424,1
C:\SRS(ISIC_2019)\Dataset\NV\ISIC_0068497.jpg,isic_0068497,5,33bef7d9c5eba63078067cd1ad0e576659bf0633a4758d2b5c1e3162e39e8cc8,23427,1
C:\SRS(ISIC_2019)\Dataset\NV\ISIC_0068511.jpg,isic_0068511,5,c21b45bd0efd889eabfc14a371b85ffa1a5a97ab44301cc098dbaab23561bcaf,23430,1
C:\SRS(ISIC_2019)\Dataset\NV\ISIC_0068553.jpg,isic_0068553,5,db2c37796bd2d884551138412556dc80eb30bfef106983bceee99bcc938824df,23441,1
C:\SRS(ISIC_2019)\Dataset\NV\ISIC_0068566.jpg,isic_0068566,5,45bc94023c8ff4166ac5d3651d9542c5e6522bb740bd5d489ee96025b360fe84,23443,1
C:\SRS(ISIC_2019)\Dataset\NV\ISIC_0068569.jpg,isic_0068569,5,7313743e7d2c1cbf461dc83cdaa60d62ccec4ad202f23bd0782eaef22972bea0,23444,1
C:\SRS(ISIC_2019)\Dataset\NV\ISIC_0068595.jpg,isic_0068595,5,e9357a53360fa7d3036d706c22c102d29a08034392be384422fdfe6f4ea6872d,23449,1
C:\SRS(ISIC_2019)\Dataset\NV\ISIC_0068601.jpg,isic_0068601,5,3a5d9c5a237f07a0f4a2f2d9bf93c22d98de30a8b74e7a62681422467c8481e0,23450,1
C:\SRS(ISIC_2019)\Dataset\NV\ISIC_0068661.jpg,isic_0068661,5,ad6390e7a3fd6843dd44b393022fb516f12235dd29d947b9021de2f7117bd253,23467,1
C:\SRS(ISIC_2019)\Dataset\NV\ISIC_0068703.jpg,isic_0068703,5,bf9fe9b49939159c24a4becfef605b566df6c851ebbf25c8f7867d58273469c4,23477,1
C:\SRS(ISIC_2019)\Dataset\NV\ISIC_0068709.jpg,isic_0068709,5,37f16cafdc116280b6e9c6ec72517256e3f19e3795d16fd88abb6e95fff7fba4,23479,1
C:\SRS(ISIC_2019)\Dataset\NV\ISIC_0068734.jpg,isic_0068734,5,1b23f0862baae23b671b19b761ebb57423e4f60ea91b205e428c4112595ad203,23486,1
C:\SRS(ISIC_2019)\Dataset\NV\ISIC_0068736.jpg,isic_0068736,5,faf9bb0aece653122063924e220ce9aaefb1b14064511e4a8e943ef5bf90e758,23488,1
C:\SRS(ISIC_2019)\Dataset\NV\ISIC_0068740.jpg,isic_0068740,5,7a2a11b8d238568793e6ac8b2f5e05207246c9487b48522251bca290a3bde457,23490,1
C:\SRS(ISIC_2019)\Dataset\NV\ISIC_0068864.jpg,isic_0068864,5,6ccd1e333d3557280c44acf4d50f9937869a67bf8bec90e0f1cedfa808dab768,23511,1
C:\SRS(ISIC_2019)\Dataset\NV\ISIC_0068865.jpg,isic_0068865,5,906c1f0e7c53d152221c69792f132c7262ae77337c9d7a8dc1a32465140fe0c9,23512,1
C:\SRS(ISIC_2019)\Dataset\NV\ISIC_0068875.jpg,isic_0068875,5,caabbbbebbdeb69dc43f53443a812b2b6d19d255b66a94c05d64ec8fb8883b78,23516,1
C:\SRS(ISIC_2019)\Dataset\NV\ISIC_0068883.jpg,isic_0068883,5,9c6b4c188ec9fd6f3e9968985e3796e5f3dd1a5130a10fb80f289fb9b26d4da6,23517,1
C:\SRS(ISIC_2019)\Dataset\NV\ISIC_0068902.jpg,isic_0068902,5,0717ff14081d46ea86f818f04f89c514184a19c7d53a0003bb5f384b953b015a,23524,1
C:\SRS(ISIC_2019)\Dataset\NV\ISIC_0068948.jpg,isic_0068948,5,3f2a0ab66eef85987e537ce477951a3dc62ace74ab383cc3d240861c9f8961b5,23535,1
C:\SRS(ISIC_2019)\Dataset\NV\ISIC_0068982.jpg,isic_0068982,5,77c94a0fcc973d42614e2857b7e829ea0350468dcfe635455677d9b164110e8c,23540,1
C:\SRS(ISIC_2019)\Dataset\NV\ISIC_0068988.jpg,isic_0068988,5,b7215aaedb3d3b67e5fe293b5f76d26396e1a97ad701d9c3edbb9de1ce573b1b,23542,1
C:\SRS(ISIC_2019)\Dataset\NV\ISIC_0068994.jpg,isic_0068994,5,c7b749e4572f480efd03cffa742ddcc3aefb0a3b79d9d4b90c853510b7f2b6c0,23544,1
C:\SRS(ISIC_2019)\Dataset\NV\ISIC_0069040.jpg,isic_0069040,5,c57fd18f8e8b3da5fc1fbf068a359beb0db0ca891a7083421863ad06bce67d7a,23553,1
C:\SRS(ISIC_2019)\Dataset\NV\ISIC_0069050.jpg,isic_0069050,5,924d2f4b079e82a0ad61ecc55f024adcbf61c8dc7142a76b7ec37a215af21c88,23554,1
C:\SRS(ISIC_2019)\Dataset\NV\ISIC_0069067.jpg,isic_0069067,5,e0de9da404d16625b809a814e10fdf698b96905089652c07712309a2adc7fb7f,23557,1
C:\SRS(ISIC_2019)\Dataset\NV\ISIC_0069073.jpg,isic_0069073,5,cb259a7f63c68572bea2c25dcff413b0dc2368f58454530bd9455ae9e9b67b60,23559,1
C:\SRS(ISIC_2019)\Dataset\NV\ISIC_0069080.jpg,isic_0069080,5,4dc804c798951b8dcd7a7eb7625f5c9417b19a0c6adebd401019a09b41554599,23561,1
C:\SRS(ISIC_2019)\Dataset\NV\ISIC_0069106.jpg,isic_0069106,5,10611ac251e7ad9d2a10b7d01a3342e0c71a352ef14d7c9dd88b01414b30929d,23567,1
C:\SRS(ISIC_2019)\Dataset\NV\ISIC_0069136.jpg,isic_0069136,5,0cc7447218e95ccf36e8d3b775bec30ba519258708d0a74cc2b0470e934913a0,23575,1
C:\SRS(ISIC_2019)\Dataset\NV\ISIC_0069142.jpg,isic_0069142,5,01f9bfa416a53ec87a891d2348b258b4498280c9dfac9789ad2d84cb3e397e79,23578,1
C:\SRS(ISIC_2019)\Dataset\NV\ISIC_0069178.jpg,isic_0069178,5,b75251940035058125e6e572df45a7cdd20aa24eb68b307dcbfaa790e8fde7f9,23586,1
C:\SRS(ISIC_2019)\Dataset\NV\ISIC_0069207.jpg,isic_0069207,5,b5689eb625208c6abc06982d1e2cc5f62f6476e91c998c8d7a00edd1d35e7533,23592,1
C:\SRS(ISIC_2019)\Dataset\NV\ISIC_0069225.jpg,isic_0069225,5,1d625183d204444d424122af808be1d97112a998ae160c5840534a2f5168fe3f,23597,1
C:\SRS(ISIC_2019)\Dataset\NV\ISIC_0069227.jpg,isic_0069227,5,53035dc2185dda69da3d9d62e007300204c7f8a6ffd7f35c304556d0c46df382,23599,1
C:\SRS(ISIC_2019)\Dataset\NV\ISIC_0069240.jpg,isic_0069240,5,0dfd41f21ba56da1f873e693a7f6419ee4e9311648eee759ab4268de140a6166,23603,1
C:\SRS(ISIC_2019)\Dataset\NV\ISIC_0069278.jpg,isic_0069278,5,6bae491062a96e29e64edbabf39ce9295d75351b361d66a3dac70da2976366f9,23607,1
C:\SRS(ISIC_2019)\Dataset\NV\ISIC_0069351.jpg,isic_0069351,5,4223ee7e329082aa561258204f9010b36d0aae160df7440731e446818c798a25,23628,1
C:\SRS(ISIC_2019)\Dataset\NV\ISIC_0069371.jpg,isic_0069371,5,1a87d9a1282f7044c33737149c41cc1e39d1ce1b06f42e1d13be810166477798,23634,1
C:\SRS(ISIC_2019)\Dataset\NV\ISIC_0069374.jpg,isic_0069374,5,d5917c0116374fef908aa3417e191f495b87000cc234f9162524a3a4e4fe6ef0,23635,1
C:\SRS(ISIC_2019)\Dataset\NV\ISIC_0069377.jpg,isic_0069377,5,40dc94240dbd2524095c4916906edea012266062484358bf822a7033694dbcae,23636,1
C:\SRS(ISIC_2019)\Dataset\NV\ISIC_0069394.jpg,isic_0069394,5,cb47a34c5b7a4fec1b41a7846f494cffbe7ac85ab3d9478b4c49ffb6ea6048f9,23640,1
C:\SRS(ISIC_2019)\Dataset\NV\ISIC_0069439.jpg,isic_0069439,5,a9d8fd8028789477619451455f50b817d3871d7cf95f38f28fbfc4644ca52026,23648,1
C:\SRS(ISIC_2019)\Dataset\NV\ISIC_0069441.jpg,isic_0069441,5,803fe1a47e3d5cd6d2fcff70ae4bec05851de30879d832a7765f5dcaede90373,23650,1
C:\SRS(ISIC_2019)\Dataset\NV\ISIC_0069447.jpg,isic_0069447,5,f433eac66c96a6b097c7f6ef35414655c82c7f3c94918c58413aa762f8f051b4,23651,1
C:\SRS(ISIC_2019)\Dataset\NV\ISIC_0069455.jpg,isic_0069455,5,c44a064d1d849a33f4fb0431265b3dc8f3e3dccf74ae1ac8b799b1a1bcbf50b6,23655,1
C:\SRS(ISIC_2019)\Dataset\NV\ISIC_0069471.jpg,isic_0069471,5,0ef61bbdacdce3ceef54490473905a80f60640b712cc5238e76b6b0a6f136a25,23658,1
C:\SRS(ISIC_2019)\Dataset\NV\ISIC_0069510.jpg,isic_0069510,5,5f8e53055b859874a391225776ff8e707e3a70a62c4c373f4e51a8b1ca5593ab,23665,1
C:\SRS(ISIC_2019)\Dataset\NV\ISIC_0069530.jpg,isic_0069530,5,3c88d863024cec668018e012820517f311df8418b3ff6ab3148e715121a88213,23669,1
C:\SRS(ISIC_2019)\Dataset\NV\ISIC_0069562.jpg,isic_0069562,5,bbec33104eecb7893071fb9e7fa09af9a0f6e2ec211b4d43f66590536a207245,23678,1
C:\SRS(ISIC_2019)\Dataset\NV\ISIC_0069610.jpg,isic_0069610,5,90192629adeea3f2a4fdf2bdc0c40340ee6ed7961695c06f5ed4cb9720694235,23690,1
C:\SRS(ISIC_2019)\Dataset\NV\ISIC_0069661.jpg,isic_0069661,5,216b2c4c3c84d707709e5e563cd4aa3c831cd57a2daf695cff287355ccb305bd,23700,1
C:\SRS(ISIC_2019)\Dataset\NV\ISIC_0069684.jpg,isic_0069684,5,f34aae4fa1739c7c4ed8ad32f9840de88d848dfffdaa35c3f286389a0377b84e,23705,1
C:\SRS(ISIC_2019)\Dataset\NV\ISIC_0069698.jpg,isic_0069698,5,ea52c9fb2fe71a03e6e53214182a1413ac1c32f8ac9c46f5976b7f9a87b94459,23710,1
C:\SRS(ISIC_2019)\Dataset\NV\ISIC_0069728.jpg,isic_0069728,5,eb1b0dc69af2ded0109b92b1e4d517353e7219d78748d18cbc137fe295c741a7,23713,1
C:\SRS(ISIC_2019)\Dataset\NV\ISIC_0069756.jpg,isic_0069756,5,8b6fb37eafe58a2780c6938da827bdd33839871156e9477045ca3ca6eda97cc4,23718,1
C:\SRS(ISIC_2019)\Dataset\NV\ISIC_0069767.jpg,isic_0069767,5,0c4369f5fe35ce2e08c3a498f0d4489b7975693a2e2c5e4355c6d74713b0e469,23721,1
C:\SRS(ISIC_2019)\Dataset\NV\ISIC_0069800.jpg,isic_0069800,5,f2e87d3b030ad4c133bc50d3bea9687a928aaadac9badac9624bbd40a50f80dc,23727,1
C:\SRS(ISIC_2019)\Dataset\NV\ISIC_0069947.jpg,isic_0069947,5,3a19310ff2d1705721a91d11d5d69686bf9336c1582fad9bde3412683fb04b69,23762,1
C:\SRS(ISIC_2019)\Dataset\NV\ISIC_0069952.jpg,isic_0069952,5,29c8c2d53278e0537f7b96af9fbd92377a440d021fe1e0666d452d8ab06d5f62,23763,1
C:\SRS(ISIC_2019)\Dataset\NV\ISIC_0070024.jpg,isic_0070024,5,a4fb2eeebaab19ab881d9f2d0fadf58e1e45e84918ff8102f1b53db4d7020203,23776,1
C:\SRS(ISIC_2019)\Dataset\NV\ISIC_0070042.jpg,isic_0070042,5,66d4dd922bbafa96448db5be3f7661c7d6441c71c4150dcf84e2bcf0fdd20b31,23781,1
C:\SRS(ISIC_2019)\Dataset\NV\ISIC_0070047.jpg,isic_0070047,5,9878c6da1b8b077e7eb861e402d9bc2297f7c1adc7e6380895b3064451c6cb66,23784,1
C:\SRS(ISIC_2019)\Dataset\NV\ISIC_0070079.jpg,isic_0070079,5,a01f67e6c1a3a5591c6b4a3ce13dccd1cce1a4583f054593ee56c3769d40e32b,23790,1
C:\SRS(ISIC_2019)\Dataset\NV\ISIC_0070130.jpg,isic_0070130,5,59bfa83b95160fa6378d45104ea9ebe6124841e388458421059aad6d4b6d4130,23797,1
C:\SRS(ISIC_2019)\Dataset\NV\ISIC_0070136.jpg,isic_0070136,5,ab3afb5b5cef6ad6f1ae7621cde0d9a0bda38f1b8e2a692968f5b206540cf9c9,23800,1
C:\SRS(ISIC_2019)\Dataset\NV\ISIC_0070208.jpg,isic_0070208,5,9d48e76a10530e4add96eecaa5c11cd76386e30cc7d8b89462c7597960ab9ad4,23811,1
C:\SRS(ISIC_2019)\Dataset\NV\ISIC_0070216.jpg,isic_0070216,5,fdbac1d6d10a7aa4a044c9b111294706cce10967f38a9ea900962df5e7df54a4,23813,1
C:\SRS(ISIC_2019)\Dataset\NV\ISIC_0070226.jpg,isic_0070226,5,7e5817db3e3acf164df92db4c57cedeeb2159e7cc63e2401755d5aac9b633be6,23815,1
C:\SRS(ISIC_2019)\Dataset\NV\ISIC_0070251.jpg,isic_0070251,5,1a09bb0c2d88ff7fc1037a3f40ec9ac6550aee427ca2ffe04b068ba55a5968a0,23820,1
C:\SRS(ISIC_2019)\Dataset\NV\ISIC_0070254.jpg,isic_0070254,5,2d5946e184a18291cc48b09b5fc5cef8a8bf49e5ba5995736ee344b8553062e0,23822,1
C:\SRS(ISIC_2019)\Dataset\NV\ISIC_0070304.jpg,isic_0070304,5,74527586ba178e397f245882e63f8aeb044580585066bdb60ab2747f3febf461,23834,1
C:\SRS(ISIC_2019)\Dataset\NV\ISIC_0070451.jpg,isic_0070451,5,34aeea74c89f3b472ac08aa8146945c1cdca16b6571b7c20acd107af59876b63,23855,1
C:\SRS(ISIC_2019)\Dataset\NV\ISIC_0070528.jpg,isic_0070528,5,e0f4f495e561449550c7d3cf5992635d6f7ea46442842cf52347ec10d6a8b46c,23866,1
C:\SRS(ISIC_2019)\Dataset\NV\ISIC_0070554.jpg,isic_0070554,5,65b1aded6d1a94a854a49a5620473089d88f428ffb6ee73342e8f57d7e31be04,23872,1
C:\SRS(ISIC_2019)\Dataset\NV\ISIC_0070598.jpg,isic_0070598,5,69b91f97707112e936242e01d41d79bc3021f7667aa34fda521db1f4b743d87d,23881,1
C:\SRS(ISIC_2019)\Dataset\NV\ISIC_0070600.jpg,isic_0070600,5,fefdddacb90f770f4a95e80bb041774ecdfe1f8fb6584a58b9758c2a0ebed9ec,23882,1
C:\SRS(ISIC_2019)\Dataset\NV\ISIC_0070635.jpg,isic_0070635,5,409691c82a076322010a2607c8811494735a771bb50b6ae23d4f28c7ba6506f9,23891,1
C:\SRS(ISIC_2019)\Dataset\NV\ISIC_0070685.jpg,isic_0070685,5,9cb80899183466cb03641ca85e693c0ffe8a3b267f41720bec0ef59bf8df6188,23904,1
C:\SRS(ISIC_2019)\Dataset\NV\ISIC_0070715.jpg,isic_0070715,5,c2778ada54b60064d4b4f9f53011a07f41f9b491d52a39be13fb256197395176,23913,1
C:\SRS(ISIC_2019)\Dataset\NV\ISIC_0070722.jpg,isic_0070722,5,dfff205e8b0de39da076a874feb77340c8e664a8114115812cb483f2497e43ea,23915,1
C:\SRS(ISIC_2019)\Dataset\NV\ISIC_0070749.jpg,isic_0070749,5,85e8604bdd40949354fe59f559c530dec14aad9a98d724ac672147d5718bec0a,23922,1
C:\SRS(ISIC_2019)\Dataset\NV\ISIC_0070808.jpg,isic_0070808,5,a266e0d428938afc22f8f290034baf357719db642bf54e209c083358f47f7272,23934,1
C:\SRS(ISIC_2019)\Dataset\NV\ISIC_0070862.jpg,isic_0070862,5,c07dd7d72fee8103ef5240ef5bba34b3d40fd0d67aaadf770e6acd96c1f1cc6a,23944,1
C:\SRS(ISIC_2019)\Dataset\NV\ISIC_0070887.jpg,isic_0070887,5,61662b1000efb0ad665cc410efe28d4adb517af0cabb1c3611e1133e2bd68383,23949,1
C:\SRS(ISIC_2019)\Dataset\NV\ISIC_0070893.jpg,isic_0070893,5,3c5b05bc7c3dc5c9648b6a1db8c355d59a9438b54ea094a09dc56c75a402573b,23951,1
C:\SRS(ISIC_2019)\Dataset\NV\ISIC_0070898.jpg,isic_0070898,5,6f710714fe8a2eff7cac18d05cdcc9599e4349e616b6df1d52b803dd60fd816d,23953,1
C:\SRS(ISIC_2019)\Dataset\NV\ISIC_0071022.jpg,isic_0071022,5,e305d8a2f0c406880b1228506c92b812912b34c3ae19bfde825912f4ef944f6e,23973,1
C:\SRS(ISIC_2019)\Dataset\NV\ISIC_0071026.jpg,isic_0071026,5,e0ad984dad84fe2a5787306a184881340b73664276f6acc713b2e003aafe1961,23974,1
C:\SRS(ISIC_2019)\Dataset\NV\ISIC_0071032.jpg,isic_0071032,5,51a9125ddcbd216f3102eeef1740e779830476166b0bc860fc2ef01f89960b63,23976,1
C:\SRS(ISIC_2019)\Dataset\NV\ISIC_0071117.jpg,isic_0071117,5,0b4bf28900e1417b8c4d7cde1ab6614fc35909c38e87e90cc49483ca4f416492,23993,1
C:\SRS(ISIC_2019)\Dataset\NV\ISIC_0071121.jpg,isic_0071121,5,e3edb30fe9e1349dcca8f0e188cd3fc56073bac3ff1e18854571eaa4233e79cd,23995,1
C:\SRS(ISIC_2019)\Dataset\NV\ISIC_0071126.jpg,isic_0071126,5,d5359de31b8831b33405facad6b701f99fe4d8ad8d13178565ca1ace9a1e4243,23996,1
C:\SRS(ISIC_2019)\Dataset\NV\ISIC_0071127.jpg,isic_0071127,5,609e49c31a99bf2c2b69ac03f7d266c2e5494a39169adfa61e4b4034c396cc3f,23997,1
C:\SRS(ISIC_2019)\Dataset\NV\ISIC_0071159.jpg,isic_0071159,5,89693121d4ef913252ee0e603dfb29d0e62a19a4ec7157c76b13b7b31ae710eb,24003,1
C:\SRS(ISIC_2019)\Dataset\NV\ISIC_0071168.jpg,isic_0071168,5,967be7ddecc5ea45fa34d905c996373b3966e2385c038826b41bc9a4dfb278da,24006,1
C:\SRS(ISIC_2019)\Dataset\NV\ISIC_0071189.jpg,isic_0071189,5,a20224fe7591dd73ede7a87fe5073c5f14f38eb5e8d0115748a9fe72951c94c2,24013,1
C:\SRS(ISIC_2019)\Dataset\NV\ISIC_0071195.jpg,isic_0071195,5,c29e0b61a15a936a63bab041f65502111c1125128585b4ad4032fdc9bdd486d0,24015,1
C:\SRS(ISIC_2019)\Dataset\NV\ISIC_0071207.jpg,isic_0071207,5,409abbdb5e59b2544d1e676fe32509983dccf1520cebf70bef9ad6d111ae782f,24017,1
C:\SRS(ISIC_2019)\Dataset\NV\ISIC_0071261.jpg,isic_0071261,5,d92542dc246723bbbc027be37346a4d58e17cc681df6b37c84e0cf611e6cb78e,24023,1
C:\SRS(ISIC_2019)\Dataset\NV\ISIC_0071285.jpg,isic_0071285,5,b1232474b1284fcbe46190376eff50db0bdc087692d5a3bd34dd30e75ed8d69b,24027,1
C:\SRS(ISIC_2019)\Dataset\NV\ISIC_0071286.jpg,isic_0071286,5,52aa817ce5c472901b29b00e8ceef67619396e45592da3535d4eae2e70c548d4,24028,1
C:\SRS(ISIC_2019)\Dataset\NV\ISIC_0071300.jpg,isic_0071300,5,ebe13e46aa01d98fb760ff73ffbafaf2edba91b7094e7d7fa3eeac70fcbe5158,24030,1
C:\SRS(ISIC_2019)\Dataset\NV\ISIC_0071327.jpg,isic_0071327,5,9f90425b7b2933aec90689b14e7c2ccd899420b87e3784d216f8c91adbce08cf,24035,1
C:\SRS(ISIC_2019)\Dataset\NV\ISIC_0071354.jpg,isic_0071354,5,a26644f80052c957e8dd58ddcb8c78df4202fd9bfcf1acdc5251bef83129fb02,24044,1
C:\SRS(ISIC_2019)\Dataset\NV\ISIC_0071360.jpg,isic_0071360,5,4a4df93d18716be386704a83d0f8ab2b168042cd020089a02bb077ba94df5baa,24047,1
C:\SRS(ISIC_2019)\Dataset\NV\ISIC_0071368.jpg,isic_0071368,5,dfcbd5bd6ba26dceca868f1dbb9eaafb5923d2b85c701176bba1004448d64be1,24049,1
C:\SRS(ISIC_2019)\Dataset\NV\ISIC_0071376.jpg,isic_0071376,5,f7af80229a84af710ce9b2be008f9cc77255a47cd54b7519683f6f2bab1d0b95,24052,1
C:\SRS(ISIC_2019)\Dataset\NV\ISIC_0071436.jpg,isic_0071436,5,383fc23c3e024aab6e0e774b72edbb2f3bc39e372c80eb98b1c344b9a3c7fab7,24061,1
C:\SRS(ISIC_2019)\Dataset\NV\ISIC_0071468.jpg,isic_0071468,5,5755ecec163d6673f0c5f1dc78a53b9a54e85ff6550e60a2527f57ed7589a962,24068,1
C:\SRS(ISIC_2019)\Dataset\NV\ISIC_0071481.jpg,isic_0071481,5,50da9c1d58906361bdeb7743ee9ab589cc3cd76346f7901afd71d7ca367a17a6,24071,1
C:\SRS(ISIC_2019)\Dataset\NV\ISIC_0071485.jpg,isic_0071485,5,d6b58ccbab8c7110a02d8d1b6b350344942df7d83d9f859dd67e77706b4467a4,24072,1
C:\SRS(ISIC_2019)\Dataset\NV\ISIC_0071486.jpg,isic_0071486,5,89308be94d6228ea0aece29a080b0c58a0f2dc39b5b3306c72454f34cf58edda,24073,1
C:\SRS(ISIC_2019)\Dataset\NV\ISIC_0071488.jpg,isic_0071488,5,b0c257157ad7bb798781f41716d306b7ddc45395df4a9b200b783f2a2820b38b,24074,1
C:\SRS(ISIC_2019)\Dataset\NV\ISIC_0071491.jpg,isic_0071491,5,5b9638817a4f2805f3f9cb0eaf6f3d1fb14af0103495ad2092ad99f77012967f,24076,1
C:\SRS(ISIC_2019)\Dataset\NV\ISIC_0071507.jpg,isic_0071507,5,f725bbe1343d41ca152ecca3984dac52c81dfe5487e4290b84d42ed7df2e359e,24084,1
C:\SRS(ISIC_2019)\Dataset\NV\ISIC_0071516.jpg,isic_0071516,5,b18eeccf5017963791aa1619926da32e3617dba3f5369e64f1196e8b3992ab7d,24086,1
C:\SRS(ISIC_2019)\Dataset\NV\ISIC_0071546.jpg,isic_0071546,5,18bd5290199a0193999573676cd3425e111ef9445634cb10a1ddabd2007dc9ed,24091,1
C:\SRS(ISIC_2019)\Dataset\NV\ISIC_0071547.jpg,isic_0071547,5,90a5da4f0b5bb48227761ebcfa82d4327421879a9b6b23ea4704265628a62535,24092,1
C:\SRS(ISIC_2019)\Dataset\NV\ISIC_0071564.jpg,isic_0071564,5,b532b60788405329c562b41b9e0b2177011000bb7c574686329a3033dd0bece6,24097,1
C:\SRS(ISIC_2019)\Dataset\NV\ISIC_0071616.jpg,isic_0071616,5,700c59d11412dc3708a2df095949d31edcc2688ecc203b15468bb95a8fd8958f,24106,1
C:\SRS(ISIC_2019)\Dataset\NV\ISIC_0071622.jpg,isic_0071622,5,8bc5504b062297887fedcf45e3c83e450927f42970e6722acf12e1f7b04a8103,24108,1
C:\SRS(ISIC_2019)\Dataset\NV\ISIC_0071641.jpg,isic_0071641,5,5baed9ab0e9b8e073988899c4e29883b2ded5bd946d1eddd8bbd9b0b1bc95149,24113,1
C:\SRS(ISIC_2019)\Dataset\NV\ISIC_0071664.jpg,isic_0071664,5,1031b5946148d7953e9b603aace932d342f7dd5935ebda4609cc23f15a4de04c,24120,1
C:\SRS(ISIC_2019)\Dataset\NV\ISIC_0071738.jpg,isic_0071738,5,b3921cfd8f447cdf01df8dabb59b723403972c3f112094fb9672edde57d15179,24131,1
C:\SRS(ISIC_2019)\Dataset\NV\ISIC_0071754.jpg,isic_0071754,5,09941b82abfbb3c25340c47ed3dfbc7051b4b3cc85f6fb47db486019ece508b5,24135,1
C:\SRS(ISIC_2019)\Dataset\NV\ISIC_0071759.jpg,isic_0071759,5,8b74d8e01a7bb1ae513182fe1b723ba37c64602ef4fe67a70905333cb9a32401,24137,1
C:\SRS(ISIC_2019)\Dataset\NV\ISIC_0071807.jpg,isic_0071807,5,20646dd97089e58ab5caf36bfd3e2f4036a8017db19cb8c23ba8a074283e118f,24140,1
C:\SRS(ISIC_2019)\Dataset\NV\ISIC_0071814.jpg,isic_0071814,5,04478a45766a06ac57862733d61f4c7bf3e91a1297e9ab98388217ab7b9263e1,24142,1
C:\SRS(ISIC_2019)\Dataset\NV\ISIC_0071816.jpg,isic_0071816,5,ea2b9d12903a2ee2ba1c870c631bf4f9129d59bf50e1f731e8dbba773b5a1f49,24143,1
C:\SRS(ISIC_2019)\Dataset\NV\ISIC_0071821.jpg,isic_0071821,5,19d25b326ceb0f56328ecb1d55b6139294fb3f10079a42f5918f57a3c02681d6,24145,1
C:\SRS(ISIC_2019)\Dataset\NV\ISIC_0071835.jpg,isic_0071835,5,bcf5b476d96d5cb8f2d7d13f8a66c1680d686054eebee832eb922eda03c22adf,24150,1
C:\SRS(ISIC_2019)\Dataset\NV\ISIC_0071848.jpg,isic_0071848,5,b41b7657b7a161f897bf09ac1f3a351e4e63224a124bee69b69148f230d511a3,24155,1
C:\SRS(ISIC_2019)\Dataset\NV\ISIC_0071874.jpg,isic_0071874,5,98bb17f69a17ae4ae00cdad1d08bb6b7920914169d265ff6cbf7d87835f2fac0,24163,1
C:\SRS(ISIC_2019)\Dataset\NV\ISIC_0071880.jpg,isic_0071880,5,58077500166e973493afc25993470c711d621ecee883dbade33fc9cfdce1d1bf,24165,1
C:\SRS(ISIC_2019)\Dataset\NV\ISIC_0071886.jpg,isic_0071886,5,a7932ad06a192701a27d2e79067c32668cea28877dc52f9287a87d9c36b0ef95,24169,1
C:\SRS(ISIC_2019)\Dataset\NV\ISIC_0071935.jpg,isic_0071935,5,16cd55788ce90db20458c248dd654f153443ef9a39337e5bdb959168a591ae98,24178,1
C:\SRS(ISIC_2019)\Dataset\NV\ISIC_0072016.jpg,isic_0072016,5,f27519fc50d91c0e9093d3850fad4adafeebbc88be770d83c0c07c5ffb108004,24193,1
C:\SRS(ISIC_2019)\Dataset\NV\ISIC_0072046.jpg,isic_0072046,5,151e098ceebf333c7cd55a1340cd0f7389cd17f3b98429e5b235e3f9914b78f7,24199,1
C:\SRS(ISIC_2019)\Dataset\NV\ISIC_0072076.jpg,isic_0072076,5,452fa99d942ec7196cc9f93e51d824aa857a300a03898ac20ce9f7ce10aa7dd8,24204,1
C:\SRS(ISIC_2019)\Dataset\NV\ISIC_0072083.jpg,isic_0072083,5,8dfd620b0b8e493aa7614267ce61e7387205cb46fff0e69546a5c502c3ba7979,24207,1
C:\SRS(ISIC_2019)\Dataset\NV\ISIC_0072097.jpg,isic_0072097,5,734dc3410324a488c1efa0c088d069a5b618f739047dfe624af496a414906b10,24214,1
C:\SRS(ISIC_2019)\Dataset\NV\ISIC_0072102.jpg,isic_0072102,5,a3d1f8c2404e109a95e1ef39f25945556fc2d04b6b4ed2a3ee1888d3866fb020,24216,1
C:\SRS(ISIC_2019)\Dataset\NV\ISIC_0072147.jpg,isic_0072147,5,86b933fd142ebebf48e35c8fbbc77d9d19c80b7ab1d3f9d11347acebe1dd85d4,24224,1
C:\SRS(ISIC_2019)\Dataset\NV\ISIC_0072159.jpg,isic_0072159,5,33d311a602c14b257abc2c40943bda3a4441d18bcf7c555d7a982858d997c96f,24225,1
C:\SRS(ISIC_2019)\Dataset\NV\ISIC_0072164.jpg,isic_0072164,5,e6a86230c8c70d77fdf251a90eb0510f5a9bfcf86b389a355f78426911a257ca,24226,1
C:\SRS(ISIC_2019)\Dataset\NV\ISIC_0072207.jpg,isic_0072207,5,d80473c0b9d1375639daa9caa0ea75caf1933848440041f7edf942e918db6639,24238,1
C:\SRS(ISIC_2019)\Dataset\NV\ISIC_0072213.jpg,isic_0072213,5,e841801696db393eb023687a861e6219bd2a01ea1de3fc0cb1ed901b4442cb23,24241,1
C:\SRS(ISIC_2019)\Dataset\NV\ISIC_0072214.jpg,isic_0072214,5,bb1177d3d57723f74e6d10faed360208adce8007f709d532ab5f2f2d040e908f,24242,1
C:\SRS(ISIC_2019)\Dataset\NV\ISIC_0072282.jpg,isic_0072282,5,880b81666e461f83decedf72269885da3dee9cafa6a046ac290e3142690b16d5,24250,1
C:\SRS(ISIC_2019)\Dataset\NV\ISIC_0072284.jpg,isic_0072284,5,a88e19b4ebaecd0c2393c1c310353059eae97b50f82b8a385aafae3157646cae,24252,1
C:\SRS(ISIC_2019)\Dataset\NV\ISIC_0072388.jpg,isic_0072388,5,fdf2b0d9a9157e2a0cb90561b45174f234504be937de4d32f41fa1a0a1e7d80d,24272,1
C:\SRS(ISIC_2019)\Dataset\NV\ISIC_0072408.jpg,isic_0072408,5,1c7228ef23a0fe02f3700696dc90f44c8727edd6b8946e5fae4b9af18a1501e3,24276,1
C:\SRS(ISIC_2019)\Dataset\NV\ISIC_0072444.jpg,isic_0072444,5,61ef3d34bc912aaef4066820facf50e0614c1efcb7285dcc6695454ccea4c4b1,24283,1
C:\SRS(ISIC_2019)\Dataset\NV\ISIC_0072452.jpg,isic_0072452,5,27668083a7bd54fcc3b4c68a57606ff17c9dce03a25779037a992c8787cb3814,24287,1
C:\SRS(ISIC_2019)\Dataset\NV\ISIC_0072537.jpg,isic_0072537,5,e9daadc789fb2aad6378123ef89c7b879bb46f3f26c84dc29c07bf99186a7ed0,24303,1
C:\SRS(ISIC_2019)\Dataset\NV\ISIC_0072575.jpg,isic_0072575,5,0c78117cfb2f2169f9aef17533235b03f1afa682d8a56adb5f9e734a88c9e472,24307,1
C:\SRS(ISIC_2019)\Dataset\NV\ISIC_0072608.jpg,isic_0072608,5,9ea81dad7a867d4ec49f521cb452aef30bee932ceb037aebbd0741e55254a67a,24314,1
C:\SRS(ISIC_2019)\Dataset\NV\ISIC_0072627.jpg,isic_0072627,5,1840506d5a099ae1a088c080d37eaa1b4172607195bac4f00c6264aa94423973,24317,1
C:\SRS(ISIC_2019)\Dataset\NV\ISIC_0072632.jpg,isic_0072632,5,3d78af9265b3c9d3d86a48f114671a81cdb08d836fecca3154013dfabcdaa845,24318,1
C:\SRS(ISIC_2019)\Dataset\NV\ISIC_0072639.jpg,isic_0072639,5,2b16618730d26d34a715f139ab3240e4c6a1de07a4234d07707eef60d45e5f98,24322,1
C:\SRS(ISIC_2019)\Dataset\NV\ISIC_0072679.jpg,isic_0072679,5,2b981ce96d1115c1736313eb2e3d725312280bcba57fcc506cef4a3d43856305,24331,1
C:\SRS(ISIC_2019)\Dataset\NV\ISIC_0072715.jpg,isic_0072715,5,e911fb30a07dcc0f78c218ad75ffbeeff406e022e7c1337ecb9bd86512903893,24337,1
C:\SRS(ISIC_2019)\Dataset\NV\ISIC_0072723.jpg,isic_0072723,5,f669d83e7cc98fd6c2ef356d16ddc67b9c9bcd0e6c43996878a2faddd0f0d0d3,24339,1
C:\SRS(ISIC_2019)\Dataset\NV\ISIC_0072749.jpg,isic_0072749,5,14afb7ed67977cec1aa4fa7e4a19831e56159a5ad35f50ea41f28458d66d4a3a,24345,1
C:\SRS(ISIC_2019)\Dataset\NV\ISIC_0072760.jpg,isic_0072760,5,513c52e1683db05f4ce6fa2be9288257a0d0b38b998585fe43b65c7ea1a83dba,24346,1
C:\SRS(ISIC_2019)\Dataset\NV\ISIC_0072774.jpg,isic_0072774,5,31a18762cf32e6b372b212d7558bea63c8456697c1c45e7864f028055a63098b,24351,1
C:\SRS(ISIC_2019)\Dataset\NV\ISIC_0072866.jpg,isic_0072866,5,d049050327db7f8ff39ccdf472d8852c9c6f30f0633fff813c9f43e86ce414a2,24372,1
C:\SRS(ISIC_2019)\Dataset\NV\ISIC_0072878.jpg,isic_0072878,5,450b00895e7f258a69c2007d2b806f55df3516edccb9df8fe02f5e3b0ac84ab1,24375,1
C:\SRS(ISIC_2019)\Dataset\NV\ISIC_0072881.jpg,isic_0072881,5,dcfac86dd6d3b9dcb1fff6ae0d931b3742b9c7fac3900cd0f55a0af22d8129d4,24376,1
C:\SRS(ISIC_2019)\Dataset\NV\ISIC_0072902.jpg,isic_0072902,5,ce5233fbac29a45291aa7af575f3ca2976d5d8af1e47a5bdf35db581f51968e8,24382,1
C:\SRS(ISIC_2019)\Dataset\NV\ISIC_0072926.jpg,isic_0072926,5,d4498fe703c67511cf33d9b187857660854ca29ffecfac7a0cf5ad0a1e43ed95,24384,1
C:\SRS(ISIC_2019)\Dataset\NV\ISIC_0072929.jpg,isic_0072929,5,e63f54ea5bb72390bfa20b762e01bc2f149b2c8b00a71ba5f11c26745d14009f,24385,1
C:\SRS(ISIC_2019)\Dataset\NV\ISIC_0072938.jpg,isic_0072938,5,1ea6fe8df31f721a4f32c35e20cc62fbbf78aa8b2a3537d6e78c0e29a0c9fdd4,24386,1
C:\SRS(ISIC_2019)\Dataset\NV\ISIC_0072941.jpg,isic_0072941,5,c529160d1ba419225d86644b33884aa09101fd471e6a074ac044551846334a23,24387,1
C:\SRS(ISIC_2019)\Dataset\NV\ISIC_0072962.jpg,isic_0072962,5,46f6080fa0bb405f299ac8628b3d1ace70fd15cc5d2819085841588620275892,24391,1
C:\SRS(ISIC_2019)\Dataset\NV\ISIC_0072965.jpg,isic_0072965,5,8916d92442d20b120f4b9f228c0959bb46a25a389ea5913008606fef64781b3b,24392,1
C:\SRS(ISIC_2019)\Dataset\NV\ISIC_0073133.jpg,isic_0073133,5,738e8a3f39a18683d2d8c8474a79971f813400ac57e8e0eb53c1edd36bd2e432,24416,1
C:\SRS(ISIC_2019)\Dataset\NV\ISIC_0073150.jpg,isic_0073150,5,edb4346ba79475c1a0ea4ba4e06b327fefe1d2e0f71f3d1e4206cb157adc4836,24421,1
C:\SRS(ISIC_2019)\Dataset\NV\ISIC_0073159.jpg,isic_0073159,5,e35181907805f5d30e1364ccd5067cb1d61f527994b7a1075ff45abf0ef26472,24422,1
C:\SRS(ISIC_2019)\Dataset\NV\ISIC_0073182.jpg,isic_0073182,5,300458e8ff4ba3f13727f53c5c33e1fbbb1232bcf2f06b38d3bb998a3b9e19b9,24427,1
C:\SRS(ISIC_2019)\Dataset\NV\ISIC_0073209.jpg,isic_0073209,5,240b1e9f2e86614aa72568938747e0983b8e1bb2b27824d38c1e8ceb3723f416,24436,1
C:\SRS(ISIC_2019)\Dataset\NV\ISIC_0073240.jpg,isic_0073240,5,29ff40fb7456292084e633f8dd34a8f43c213e769763be467ec8c6dfd7e3ec3b,24442,1
C:\SRS(ISIC_2019)\Dataset\SCC\ISIC_0024562.jpg,isic_0024562,6,05fed58372fc98dc71655d7d4afe65e1ac5e6a5b829fe94de69418048f19c40b,24454,1
C:\SRS(ISIC_2019)\Dataset\SCC\ISIC_0024710.jpg,isic_0024710,6,d3a1906e1507e58afeb6466525e4fed21534aeceaaea8f44e8043562adfff4ff,24457,1
C:\SRS(ISIC_2019)\Dataset\SCC\ISIC_0024843.jpg,isic_0024843,6,1f6e4caea6b18e85bf1269626053c095e3cd56a12d9e94ad376a2fe09c3464c2,24458,1
C:\SRS(ISIC_2019)\Dataset\SCC\ISIC_0025069.jpg,isic_0025069,6,67c942e1705de0ba76eeda67c29e061c9e28a9efa49e66e4ee12c1445e1a0324,24463,1
C:\SRS(ISIC_2019)\Dataset\SCC\ISIC_0025182.jpg,isic_0025182,6,0c500c81ad9a3150e173ee782f47201ae7c87a86ed71d3b731e858e3424abf62,24467,1
C:\SRS(ISIC_2019)\Dataset\SCC\ISIC_0026083.jpg,isic_0026083,6,e1d906d745ed1f7f6911e9b306a4faac43b79da8f7232f1fc293e3aa585eef9f,24488,1
C:\SRS(ISIC_2019)\Dataset\SCC\ISIC_0026132.jpg,isic_0026132,6,42597db942df99cd597b27629a34922697f3ae07ab0d051c44603b4bb02eaf4c,24490,1
C:\SRS(ISIC_2019)\Dataset\SCC\ISIC_0026178.jpg,isic_0026178,6,eedf7952343de748d14e1c3746d87d921ce450f0c5d5aeb36c8b9f21ebfc671f,24493,1
C:\SRS(ISIC_2019)\Dataset\SCC\ISIC_0026203.jpg,isic_0026203,6,65150c7c8793a10ad74910adfe883fce1a3d1c9b9c0caa9fdd6985f65293303e,24494,1
C:\SRS(ISIC_2019)\Dataset\SCC\ISIC_0026319.jpg,isic_0026319,6,cf3fdeced535f885b4587b9acd8fe710bb86e7771cb994540b17a97b505234ba,24496,1
C:\SRS(ISIC_2019)\Dataset\SCC\ISIC_0026327.jpg,isic_0026327,6,2c63baf5bbe234cae98cc2752b5d409fc5020d8c23d038fc01c40b87e0986174,24497,1
C:\SRS(ISIC_2019)\Dataset\SCC\ISIC_0026549.jpg,isic_0026549,6,83142a9f1eeee587d7e44165b7c0d075fed7197dc1f9065790a2f06f0bfbf356,24504,1
C:\SRS(ISIC_2019)\Dataset\SCC\ISIC_0027294.jpg,isic_0027294,6,5bf34bab38604ee1c48a3c10e119ed990dbf01757ed644286f1ef6812ba50d6b,24516,1
C:\SRS(ISIC_2019)\Dataset\SCC\ISIC_0027529.jpg,isic_0027529,6,3de4991adad03a40d8656008166bdca55da53a821137cd9c98be6eb9453ddf03,24520,1
C:\SRS(ISIC_2019)\Dataset\SCC\ISIC_0027700.jpg,isic_0027700,6,0723a0481d4610c56f73f2ccc86327974a09cac1f1f9518deef1cd3be5291fdd,24524,1
C:\SRS(ISIC_2019)\Dataset\SCC\ISIC_0028232.jpg,isic_0028232,6,841c91253b357bac86c1f7e6e871bf5732d11ee53dd6edc6786007cc892c186d,24535,1
C:\SRS(ISIC_2019)\Dataset\SCC\ISIC_0028381.jpg,isic_0028381,6,ee829d4b94b2a0fb0f044e08d0d48c4aff57da73d838f0b9980f3dc2b74f7035,24538,1
C:\SRS(ISIC_2019)\Dataset\SCC\ISIC_0028499.jpg,isic_0028499,6,18abaf3d705c1e026237414cb274b389466c908b868e2d4b6260aa6dd7d36973,24539,1
C:\SRS(ISIC_2019)\Dataset\SCC\ISIC_0028763.jpg,isic_0028763,6,18b376d6ef91af23d1a59feb6d7be0b13394c72c7558404628e0a46fdb02b6ad,24543,1
C:\SRS(ISIC_2019)\Dataset\SCC\ISIC_0029002.jpg,isic_0029002,6,ee3fb5d7fef0750e5c9f4585fb421ad84894260bd485381de8ec5e61920a81fa,24547,1
C:\SRS(ISIC_2019)\Dataset\SCC\ISIC_0029059.jpg,isic_0029059,6,f26bce084c1a6f4515e1e349c9f7c2e6f4ef48aea5f32388c9d981e8840d1d9e,24549,1
C:\SRS(ISIC_2019)\Dataset\SCC\ISIC_0029362.jpg,isic_0029362,6,2df77e52ad7654ddef4702fb42c179794ae0074b1cd5dbbdbb4b66075465dc69,24555,1
C:\SRS(ISIC_2019)\Dataset\SCC\ISIC_0029371.jpg,isic_0029371,6,ba68277cb2e5266ba7b020844edc0758fc3f333199a4618147a0d1d848e71fde,24556,1
C:\SRS(ISIC_2019)\Dataset\SCC\ISIC_0029533.jpg,isic_0029533,6,9e18ba1d67516bbdf0b6c1e4ffdbca1619bbc5927494b29c487aa1e82cd1aebe,24559,1
C:\SRS(ISIC_2019)\Dataset\SCC\ISIC_0029549.jpg,isic_0029549,6,f28f474f5c2bf93d82de6a21015a04fab7f1f7c633fe9c3991063d2abd46fd4f,24561,1
C:\SRS(ISIC_2019)\Dataset\SCC\ISIC_0029582.jpg,isic_0029582,6,f715e93cd8fa1f1e29c87e299715c6ec508beb77ff027d3077fc95773688fda8,24565,1
C:\SRS(ISIC_2019)\Dataset\SCC\ISIC_0030487.jpg,isic_0030487,6,844424dc9678d002f2336cba265542470a99a5dbf5668483a2d6b568acd4291d,24585,1
C:\SRS(ISIC_2019)\Dataset\SCC\ISIC_0030827.jpg,isic_0030827,6,57158111ceaf137bfa7282dd5bf4d8a24f6656b1737eaa874a2dff8623436265,24595,1
C:\SRS(ISIC_2019)\Dataset\SCC\ISIC_0031012.jpg,isic_0031012,6,7e9cb7dcc03dda901b0aaa1f8d4621a7671e8e2aedef93f639873d0aba4e5444,24600,1
C:\SRS(ISIC_2019)\Dataset\SCC\ISIC_0031044.jpg,isic_0031044,6,0a9cbb742cc7fe6ba6849408f514abf6dd22a12afde81f5ec3551339cf56ac04,24602,1
C:\SRS(ISIC_2019)\Dataset\SCC\ISIC_0031431.jpg,isic_0031431,6,3953b60c04f46506a88c34160a496dd7f827e3e77eb05da8044d734c60245e4e,24609,1
C:\SRS(ISIC_2019)\Dataset\SCC\ISIC_0031743.jpg,isic_0031743,6,8d01d48b36fb2410ae64264c8f4d09aad9817087343d82e87ffbe32de7dbc3f3,24616,1
C:\SRS(ISIC_2019)\Dataset\SCC\ISIC_0032329.jpg,isic_0032329,6,0ed6a56c2be92f69b6a3edaef914315022a710c3e49288ab62bc0b3eb6bf4b48,24629,1
C:\SRS(ISIC_2019)\Dataset\SCC\ISIC_0032455.jpg,isic_0032455,6,7a9b6fab9685ce5e8aa2e3437cc0d4381a1ea1b671fd81acc00ca82213e82f7a,24634,1
C:\SRS(ISIC_2019)\Dataset\SCC\ISIC_0032947.jpg,isic_0032947,6,8fb74f18e22639b022b75b7ec6e138ef33dd9e267961f870dfe00bd24df5c3b0,24636,1
C:\SRS(ISIC_2019)\Dataset\SCC\ISIC_0033536.jpg,isic_0033536,6,ad24b36c2f928b5dadab93eae1bd472d6ae24ff94d4ddd19f815deadec45f6ac,24640,1
C:\SRS(ISIC_2019)\Dataset\SCC\ISIC_0053457.jpg,isic_0053457,6,5630357e3cf123f2ce114e0984b131c89890a592b07c212208f607a90906a079,24643,1
C:\SRS(ISIC_2019)\Dataset\SCC\ISIC_0053475.jpg,isic_0053475,6,5744a63464bcb9a9ea465adc842a464b206f757f5e11775a32ce6c9c406cb552,24644,1
C:\SRS(ISIC_2019)\Dataset\SCC\ISIC_0053573.jpg,isic_0053573,6,5ff086ef7590ff86de4b25bc1bc00034cce8162b2640382a774f5def5c6da22d,24646,1
C:\SRS(ISIC_2019)\Dataset\SCC\ISIC_0053593.jpg,isic_0053593,6,8a8023151b9b5ba5f4fa910cbf58d6419c013acac6aa96e5bf7aea9baf7b4c1f,24647,1
C:\SRS(ISIC_2019)\Dataset\SCC\ISIC_0053685.jpg,isic_0053685,6,2e63a82a8a9f43da2896beb41a663af932fa58f9be8f42eefbd2794156f7b860,24651,1
C:\SRS(ISIC_2019)\Dataset\SCC\ISIC_0054052.jpg,isic_0054052,6,f2958c4c817c6611593be4ffb158454548fbc53038501f43c79c8361a93bea64,24657,1
C:\SRS(ISIC_2019)\Dataset\SCC\ISIC_0054893.jpg,isic_0054893,6,054c1a5b079f07fe77953e664671af9d786fc8c1fd36858cb4464f16501281f2,24672,1
C:\SRS(ISIC_2019)\Dataset\SCC\ISIC_0055064.jpg,isic_0055064,6,d070800974921f310515c7f22ccae84834a38229e5743c11b005c2a0ee95cb69,24675,1
C:\SRS(ISIC_2019)\Dataset\SCC\ISIC_0056295.jpg,isic_0056295,6,07a1b3d7084b9c418c8126f8c482ab8a298d2f7cdbf2c958c1bca59f2a95e8e6,24705,1
C:\SRS(ISIC_2019)\Dataset\SCC\ISIC_0056665.jpg,isic_0056665,6,3112f6cdbd92c9fcc20b167cd66f1d0742a5c4c54dbbdca750afc6278e7ddef7,24711,1
C:\SRS(ISIC_2019)\Dataset\SCC\ISIC_0057046.jpg,isic_0057046,6,860c276c4abf4af7e2460b52fc65c0f58d73a31bd8cb186d0e9d878f3879e39b,24721,1
C:\SRS(ISIC_2019)\Dataset\SCC\ISIC_0057198.jpg,isic_0057198,6,1cccfc9adc442dd482b6b39f88185a6753baeb36f92b2c7fb20c17f5c87e54d5,24725,1
C:\SRS(ISIC_2019)\Dataset\SCC\ISIC_0057224.jpg,isic_0057224,6,93896df390d9a6034672e4af947cdbf0cb6f96541f513fa5f890b1472b451365,24726,1
C:\SRS(ISIC_2019)\Dataset\SCC\ISIC_0057294.jpg,isic_0057294,6,5dc9a344a4bc69f5343223a704f24f8591c70a74247eb693916d55d62cd441f3,24727,1
C:\SRS(ISIC_2019)\Dataset\SCC\ISIC_0057314.jpg,isic_0057314,6,867ad05de192f9d1921bec35b9869c6b6e34cd4b6cd77f1de0a09359e052ceaa,24728,1
C:\SRS(ISIC_2019)\Dataset\SCC\ISIC_0057426.jpg,isic_0057426,6,7ef8ee8453ec431f43825b03154735f031a685af1feb9fdd9a0a43061b3787a1,24733,1
C:\SRS(ISIC_2019)\Dataset\SCC\ISIC_0057590.jpg,isic_0057590,6,d4a8f7f2b612bdca58941686580ee66d020a5d7633f7486d42503367ac9ffd18,24737,1
C:\SRS(ISIC_2019)\Dataset\SCC\ISIC_0057610.jpg,isic_0057610,6,1c548287815dbf61a8ba08362402a16174ffc11393045e18e95ba3dee24ea21c,24738,1
C:\SRS(ISIC_2019)\Dataset\SCC\ISIC_0057770.jpg,isic_0057770,6,5a411a09970e911400c2b8080f4964ca5609666fa69fb2f87deb3a9238e876a1,24741,1
C:\SRS(ISIC_2019)\Dataset\SCC\ISIC_0058026.jpg,isic_0058026,6,5394e5e2ac80b3febbd6070f092d36fade2d9f9a96096fb301754852dabfa85d,24748,1
C:\SRS(ISIC_2019)\Dataset\SCC\ISIC_0058120.jpg,isic_0058120,6,9f6ae49dfc9da1bfaec76e5767ce5c317e8f6d14515d62481792f44dc8b79280,24752,1
C:\SRS(ISIC_2019)\Dataset\SCC\ISIC_0058636.jpg,isic_0058636,6,61302990c21aabb00c5bdccda43d5c567a7ddcfa213de240d8879632707b2fda,24764,1
C:\SRS(ISIC_2019)\Dataset\SCC\ISIC_0058904.jpg,isic_0058904,6,7adf248f850e9f62dc220fa98314cca5e4801c26fb9d7a345cb9313d72a6aed8,24768,1
C:\SRS(ISIC_2019)\Dataset\SCC\ISIC_0058949.jpg,isic_0058949,6,1a3f8abc96a09f68454049ee134f1c10b791d8f2ad7cbec718bee2759db24b33,24771,1
C:\SRS(ISIC_2019)\Dataset\SCC\ISIC_0059451.jpg,isic_0059451,6,38bced5ddd8531ec49896e3ab6511fafb9eba6bcbaf6e7f243a97fa2a257d5c8,24782,1
C:\SRS(ISIC_2019)\Dataset\SCC\ISIC_0060131.jpg,isic_0060131,6,55c4e3ef1084ce5a8396702f1316c5cb48e2432dc4c724624403ac8bef1d3d13,24794,1
C:\SRS(ISIC_2019)\Dataset\SCC\ISIC_0060663.jpg,isic_0060663,6,540c70eb09c63bcd77bb822787020636984693a6239cc5066448ee342ae8c745,24806,1
C:\SRS(ISIC_2019)\Dataset\SCC\ISIC_0060800.jpg,isic_0060800,6,28464ea1cd9d8d531b64ee05b19f7f6683eb176c83fd00068b326eb53fa3efcf,24809,1
C:\SRS(ISIC_2019)\Dataset\SCC\ISIC_0060850.jpg,isic_0060850,6,845d7b7c1783b4182535cad0225a6744237bceba1648b4a6d56e6cd9129f934a,24811,1
C:\SRS(ISIC_2019)\Dataset\SCC\ISIC_0061148.jpg,isic_0061148,6,04c2750811fdbae84d4f43a8fdc3f4cdda935012d1751b4c01d46b33c80f99d7,24819,1
C:\SRS(ISIC_2019)\Dataset\SCC\ISIC_0061197.jpg,isic_0061197,6,49a41f8324250ca70572c06cfd939d7031effcfc7d5068b703e3c6399bfb8741,24822,1
C:\SRS(ISIC_2019)\Dataset\SCC\ISIC_0061451.jpg,isic_0061451,6,761010a052751e84b5834c59715ce6d6672108e81843af404ca07e834417ed63,24829,1
C:\SRS(ISIC_2019)\Dataset\SCC\ISIC_0061599.jpg,isic_0061599,6,42ce89c3fd91933bbbcd4fb0deb568de42f8cc281435f9616c191d4f64ebb036,24830,1
C:\SRS(ISIC_2019)\Dataset\SCC\ISIC_0061690.jpg,isic_0061690,6,4d8ea5361cfce233bbfd3984b77d4c19a798e93f691a13a2ff60814a6f0abd9e,24831,1
C:\SRS(ISIC_2019)\Dataset\SCC\ISIC_0062903.jpg,isic_0062903,6,fea563c4f186af6470190e563538456936dfa8ee2d2850ac6ee6feeaf35be9d6,24853,1
C:\SRS(ISIC_2019)\Dataset\SCC\ISIC_0063144.jpg,isic_0063144,6,d56c281bdf1d39b3f58dd50b07952a66c0b42fea5772919c445aa4df03825a62,24857,1
C:\SRS(ISIC_2019)\Dataset\SCC\ISIC_0063206.jpg,isic_0063206,6,443b05fb446a30f668e5247f89e729d9aa2edde4d1c279c5be4c99db480167f7,24858,1
C:\SRS(ISIC_2019)\Dataset\SCC\ISIC_0063278.jpg,isic_0063278,6,2cf84ea5339bcd9aaeb9aaf93cb89db89f7b13cc4551014f1d2de30edfe4ee92,24861,1
C:\SRS(ISIC_2019)\Dataset\SCC\ISIC_0063297.jpg,isic_0063297,6,dda6194597ced55943c43d23aebafaa0dd2704d14ebb765115aa258bff955553,24862,1
C:\SRS(ISIC_2019)\Dataset\SCC\ISIC_0063363.jpg,isic_0063363,6,2c937d6ad9dcbc3cb362ea3dec22e8ab5b56b7a0e89d64862597a3db0c27d551,24863,1
C:\SRS(ISIC_2019)\Dataset\SCC\ISIC_0064347.jpg,isic_0064347,6,890a2fab409ccaf5efad3354b533cca702b2eb5a9fc1baddfddf152b10c0960a,24883,1
C:\SRS(ISIC_2019)\Dataset\SCC\ISIC_0064522.jpg,isic_0064522,6,4b27d40a4ed519720f95f3bdfc8f62ffa4320ecccc83a18e6dc378ccc836fbc8,24887,1
C:\SRS(ISIC_2019)\Dataset\SCC\ISIC_0064584.jpg,isic_0064584,6,653949454476cd73a8b8aa410de96f75387419aa6e47fecd6253a8bf15ca4722,24892,1
C:\SRS(ISIC_2019)\Dataset\SCC\ISIC_0064593.jpg,isic_0064593,6,174cb2aeef2150319e7d09409febbffe40ba054306e69d97ddd48c46da477642,24893,1
C:\SRS(ISIC_2019)\Dataset\SCC\ISIC_0064985.jpg,isic_0064985,6,fa4e6828e08fede9441e0152c054d6b6656a8411c012028262bc30c011c89c6c,24897,1
C:\SRS(ISIC_2019)\Dataset\SCC\ISIC_0065101.jpg,isic_0065101,6,b46c19cfde4c3c00288f1e88ba8560fbabb2701ffe90af9bdc4797357e3b1a1a,24899,1
C:\SRS(ISIC_2019)\Dataset\SCC\ISIC_0065472.jpg,isic_0065472,6,aca11ba6d44a2f6ab6a627a51f8cd26374748f6a4014204d0cb9c0a33ce53db2,24904,1
C:\SRS(ISIC_2019)\Dataset\SCC\ISIC_0065484.jpg,isic_0065484,6,14d8bfb7e471d521eed15b029aa975ab654b3bddd56aaf8ac046f6a7c3f979d4,24905,1
C:\SRS(ISIC_2019)\Dataset\SCC\ISIC_0066259.jpg,isic_0066259,6,dfc8dbc265aceec3cf8e0107f912f481bdccedeee9b185272bd519579372e330,24915,1
C:\SRS(ISIC_2019)\Dataset\SCC\ISIC_0066491.jpg,isic_0066491,6,579e2ef2066afccc5d9d30c00c07dbb1055bc525341b09e858a7fe4d786c9915,24920,1
C:\SRS(ISIC_2019)\Dataset\SCC\ISIC_0066625.jpg,isic_0066625,6,b40eefcbf303f073aa21da24760b6a4c5af6eb841d44cb73ecb4ae64fdfd9787,24921,1
C:\SRS(ISIC_2019)\Dataset\SCC\ISIC_0066664.jpg,isic_0066664,6,18a1c4ebd89ffe706aed0556023b01345dfcab19cc70a24043cea0bcc4f32e10,24923,1
C:\SRS(ISIC_2019)\Dataset\SCC\ISIC_0066908.jpg,isic_0066908,6,01a99a1c2dfff91ca44e7a997d6b267aab74d055cffdaca24c918eb246d59102,24930,1
C:\SRS(ISIC_2019)\Dataset\SCC\ISIC_0066936.jpg,isic_0066936,6,5f69893a9011ba2727efee3464c3645065873b7a02f99fbe88cc663c9ce3ed66,24931,1
C:\SRS(ISIC_2019)\Dataset\SCC\ISIC_0066951.jpg,isic_0066951,6,126e64b16493a292c4aac0a69f68a23d75b4ebde32d5b7876f78966f7ead6855,24933,1
C:\SRS(ISIC_2019)\Dataset\SCC\ISIC_0067081.jpg,isic_0067081,6,fea1862cdb3a0913dc638fe2d47ee83160a6fad53e2428de225e4e289952978a,24937,1
C:\SRS(ISIC_2019)\Dataset\SCC\ISIC_0067643.jpg,isic_0067643,6,820ef8861d4b1676a11b88a73da59c65fc30b782f4d8d398c2df7187d56ac041,24947,1
C:\SRS(ISIC_2019)\Dataset\SCC\ISIC_0068380.jpg,isic_0068380,6,bffa94765c2af308b8440eceba9ca8b3945a98817cd3c0fdab3f9bd2f7856bb9,24966,1
C:\SRS(ISIC_2019)\Dataset\SCC\ISIC_0068615.jpg,isic_0068615,6,8b5a301937b9a8d82384af909a0ed4e7830035abc8823f8b730ca24523d274a6,24975,1
C:\SRS(ISIC_2019)\Dataset\SCC\ISIC_0068955.jpg,isic_0068955,6,2d9647b971a2a55514e65ece4f779b317bf792227ec9c4aa77e4a12872035597,24984,1
C:\SRS(ISIC_2019)\Dataset\SCC\ISIC_0069551.jpg,isic_0069551,6,0f7fdf09529bb9f834f901c9a79fce2cf8197b806caa73220460343a7118e6d2,24998,1
C:\SRS(ISIC_2019)\Dataset\SCC\ISIC_0069636.jpg,isic_0069636,6,29f382b7b2feef27099fbef77944028924b4f3543fef6e4dce0ea82f6f9cceb2,24999,1
C:\SRS(ISIC_2019)\Dataset\SCC\ISIC_0069949.jpg,isic_0069949,6,35f3f04efeb6225a3a05236beb274f4be316bbfc3d01d85f89068112b8db98fe,25005,1
C:\SRS(ISIC_2019)\Dataset\SCC\ISIC_0070411.jpg,isic_0070411,6,d5b6a6f61e2722d2143011b300840c0b099a50b273b2d4c220aae3abb735af03,25017,1
C:\SRS(ISIC_2019)\Dataset\SCC\ISIC_0070858.jpg,isic_0070858,6,26fd7c07e17538f12872d7b1b8a42992561e60f3565433fec7b279ceae70bce6,25024,1
C:\SRS(ISIC_2019)\Dataset\SCC\ISIC_0070863.jpg,isic_0070863,6,d1c2a756dbad81580f5d6a815af4d650c15422754d4926118da95fd252aee7af,25025,1
C:\SRS(ISIC_2019)\Dataset\SCC\ISIC_0071222.jpg,isic_0071222,6,b3a81766b284f7439d96e8461acf704d374ef871bed6cb2a9b53a9d393516d20,25033,1
C:\SRS(ISIC_2019)\Dataset\SCC\ISIC_0071393.jpg,isic_0071393,6,f39480fe9bcfea03baa6daf4f6f5bdde99b5c709c19a1394d1b218850e91034f,25036,1
C:\SRS(ISIC_2019)\Dataset\SCC\ISIC_0071631.jpg,isic_0071631,6,da8b84672f534e579b2098c9f765f0ae3f211ef2cef1b56ec74d0f277131eaa8,25038,1
C:\SRS(ISIC_2019)\Dataset\SCC\ISIC_0071887.jpg,isic_0071887,6,95b85b37e9326e4176148c43d42a1e500c95f2aafd0a81e1a5eaf0bac9348998,25044,1
C:\SRS(ISIC_2019)\Dataset\SCC\ISIC_0071969.jpg,isic_0071969,6,f8cee85472f10d875a51baa200f0c289351de3950a0eb5ccc8f4b64d04928c6e,25047,1
C:\SRS(ISIC_2019)\Dataset\SCC\ISIC_0072795.jpg,isic_0072795,6,9b71959ee7feb8cd3aa8b4db5d7cf926cf747b10197e814fa0951d9e31c31038,25062,1
C:\SRS(ISIC_2019)\Dataset\SCC\ISIC_0072829.jpg,isic_0072829,6,eda77feab7b217beca8713a79afe6ad212f1229fce90239ad1ac9877720a69c8,25063,1
C:\SRS(ISIC_2019)\Dataset\SCC\ISIC_0073030.jpg,isic_0073030,6,c1e80d83d27a9e6879f84f5b462f2a6519fa8635d749b31311a97afedcecc835,25070,1
C:\SRS(ISIC_2019)\Dataset\VASC\ISIC_0024370.jpg,isic_0024370,7,6f450c8a117c4d9db7d9a12b3ccdd688795d944fb159df9b40f9574feb874801,25074,1
C:\SRS(ISIC_2019)\Dataset\VASC\ISIC_0024662.jpg,isic_0024662,7,f7db784ccaec84a4b552e43fef1785f09a7ce84da9af0062a5ca25d74286fbc3,25078,1
C:\SRS(ISIC_2019)\Dataset\VASC\ISIC_0025599.jpg,isic_0025599,7,58c6b9e487a2e337b4552adff2c5217eae53fd9e47e889e854e432b59c40780f,25093,1
C:\SRS(ISIC_2019)\Dataset\VASC\ISIC_0025612.jpg,isic_0025612,7,385c8ae0109a7256b8e68733ffff24092afad6996cb33302e5a46452be30bfef,25095,1
C:\SRS(ISIC_2019)\Dataset\VASC\ISIC_0026490.jpg,isic_0026490,7,1f9391f8cd49e1518e48e493a00169df2721b2d0dd2090db58f33842d71a08c3,25111,1
C:\SRS(ISIC_2019)\Dataset\VASC\ISIC_0026713.jpg,isic_0026713,7,485923dc9e484b2f392f8ae01e078532b4d42ca01ac4b28fbfd0f02cc95f78f3,25113,1
C:\SRS(ISIC_2019)\Dataset\VASC\ISIC_0027269.jpg,isic_0027269,7,cee5c0d2d3a80187c55442bc67e793657081a6f03e9cea95b7a54ae24fcace47,25118,1
C:\SRS(ISIC_2019)\Dataset\VASC\ISIC_0027385.jpg,isic_0027385,7,7c064472988dd42f27ff7c287d53a122e21cffb068186588e291e2774b27a191,25119,1
C:\SRS(ISIC_2019)\Dataset\VASC\ISIC_0028714.jpg,isic_0028714,7,19b5b3ddfcc12dc3b8d907ad2aefebe8e0b6e17572e0944bed927b4f5bf2e530,25136,1
C:\SRS(ISIC_2019)\Dataset\VASC\ISIC_0029448.jpg,isic_0029448,7,b4b3eabb02b42bd36c39855fb9c511e060277e9052c93340e3b3569702df455f,25141,1
C:\SRS(ISIC_2019)\Dataset\VASC\ISIC_0029486.jpg,isic_0029486,7,354c6c257eb080d3345e038f5d2057a571b406db0fc58dbea282d9f64d2b3980,25142,1
C:\SRS(ISIC_2019)\Dataset\VASC\ISIC_0029514.jpg,isic_0029514,7,b0c8a6129a418fa88355ddc82feb4e1f998056f34ccff02cd414c06a32ab133d,25143,1
C:\SRS(ISIC_2019)\Dataset\VASC\ISIC_0029877.jpg,isic_0029877,7,8a52ca080a4cdefbdd1274296e63f9b5f781f5d7713437221c2c1c978bee8901,25146,1
C:\SRS(ISIC_2019)\Dataset\VASC\ISIC_0030770.jpg,isic_0030770,7,a8d2d65a59273bd1c967197f886c834adcae459d79501288b9536d8a583bed3d,25154,1
C:\SRS(ISIC_2019)\Dataset\VASC\ISIC_0031197.jpg,isic_0031197,7,2b094d9aa76ec8bad50ce86a6783f6c3dfd306a85311f89440f9718afc9f2b05,25161,1
C:\SRS(ISIC_2019)\Dataset\VASC\ISIC_0031215.jpg,isic_0031215,7,fda157e56a20826b74a7cabf6820697348148a7e528e81e12b40383fde62f018,25163,1
C:\SRS(ISIC_2019)\Dataset\VASC\ISIC_0031759.jpg,isic_0031759,7,01fb717c93d6e1947f3fb50f824d56b062fa1f062c97e358a72f7396a618eab4,25171,1
C:\SRS(ISIC_2019)\Dataset\VASC\ISIC_0032057.jpg,isic_0032057,7,e7606f359bbb53741cb5b6b6f5c5974263143dbe3185d3f52fe811c7bc72cfdf,25176,1
C:\SRS(ISIC_2019)\Dataset\VASC\ISIC_0032076.jpg,isic_0032076,7,29af05b54e0a4d8b8ffb0355f7f92b04e9d57e2e22ba64e6376a0837a0bb9206,25177,1
C:\SRS(ISIC_2019)\Dataset\VASC\ISIC_0032270.jpg,isic_0032270,7,96a81e48d7209be165780c01a87bb945e3b503e1f51138f9afa483367cd31529,25179,1
C:\SRS(ISIC_2019)\Dataset\VASC\ISIC_0032538.jpg,isic_0032538,7,e47f3abc775b7c2024590aba1992f51dda67e37ed73bc3deae47cc3da7677ae7,25181,1
C:\SRS(ISIC_2019)\Dataset\VASC\ISIC_0033349.jpg,isic_0033349,7,b7cc7be79605c0fb567b14d994bc8a1e0f59767686810da08f0a8a315cf57d61,25202,1
C:\SRS(ISIC_2019)\Dataset\VASC\ISIC_0033591.jpg,isic_0033591,7,211c049f5b62d26700de0c6f8720c493e828f6dc3e4ae8d08bb0187ca463ea92,25206,1
C:\SRS(ISIC_2019)\Dataset\VASC\ISIC_0033844.jpg,isic_0033844,7,e7f7e06c66ecc49ffbcfd619eb8b040522ebdbbb956945f96dba588a3e411c80,25211,1
C:\SRS(ISIC_2019)\Dataset\VASC\ISIC_0033991.jpg,isic_0033991,7,f5dbcadf6f7f4f6bea4a577c9c33a964dcf2ce53d2a85ad338cfd3645f026f33,25213,1
C:\SRS(ISIC_2019)\Dataset\VASC\ISIC_0054463.jpg,isic_0054463,7,074ecef806f000904ebb6abfbfb243550d2c1578b4b0b9fdf1d1ae5754988b06,25219,1
C:\SRS(ISIC_2019)\Dataset\VASC\ISIC_0054903.jpg,isic_0054903,7,9ed0b49947a04c26a1d89b3d84bff3b5fbbe834d8a048471326f6f8428e44c1d,25222,1
C:\SRS(ISIC_2019)\Dataset\VASC\ISIC_0056928.jpg,isic_0056928,7,e74284a754c1a41a9d1653b38164592fc43be70fac9c94fa5784e0906fe38406,25231,1
C:\SRS(ISIC_2019)\Dataset\VASC\ISIC_0058302.jpg,isic_0058302,7,24d1928fc261e4d21e2df4efb8c6090669b6db4b6ea2de4cd646fe2d98cfb80f,25235,1
C:\SRS(ISIC_2019)\Dataset\VASC\ISIC_0058394.jpg,isic_0058394,7,9c1c0d742c428a852f8f53603a21de27a8fb49a4cee1462725529008b410487e,25237,1
C:\SRS(ISIC_2019)\Dataset\VASC\ISIC_0058542.jpg,isic_0058542,7,3b5595f97e38ab2a3f1a07e5aed46a1c3354da6e8cbbeeff61a8040700bee6ea,25238,1
C:\SRS(ISIC_2019)\Dataset\VASC\ISIC_0059260.jpg,isic_0059260,7,a7eae5fe9a32e386374f84683ce9182af4b92403fa107336ef10a3eee75090f0,25240,1
C:\SRS(ISIC_2019)\Dataset\VASC\ISIC_0059442.jpg,isic_0059442,7,ea631ce9ea324bef68774b12b23a286f6b59a9141e0bd2b750118c6d7e4ebdd1,25243,1
C:\SRS(ISIC_2019)\Dataset\VASC\ISIC_0061611.jpg,isic_0061611,7,17c99f2f5439ceaea2ab78c333a37bae3a71385430ed215916603429114c2818,25254,1
C:\SRS(ISIC_2019)\Dataset\VASC\ISIC_0061878.jpg,isic_0061878,7,be5de27d5a1cf7fff0ce4471746b772958cb4684fca6d84e051f3c830f87e156,25256,1
C:\SRS(ISIC_2019)\Dataset\VASC\ISIC_0062584.jpg,isic_0062584,7,8f2e1af7e6a8c859b569dab45dfb2b5856070d99da1e4ef54e8f734f65c6e17d,25258,1
C:\SRS(ISIC_2019)\Dataset\VASC\ISIC_0063701.jpg,isic_0063701,7,d59da3ddae733351293b87603ef61ca6879bf7c0a7379c50ba7ec3dbb4e5c53b,25260,1
C:\SRS(ISIC_2019)\Dataset\VASC\ISIC_0065439.jpg,isic_0065439,7,fa03fc324a11b8308ec1985326957a85988c06ef44395fab84f35cc1fb4afcbd,25272,1
C:\SRS(ISIC_2019)\Dataset\VASC\ISIC_0066897.jpg,isic_0066897,7,178f9affa0e7c9113808a9bf28271661a856212fd3136758c3ca15ae072ab5b1,25282,1
C:\SRS(ISIC_2019)\Dataset\VASC\ISIC_0070103.jpg,isic_0070103,7,efaa2eba0f1c8fdc4584b2c8aaecdf619e1f470964dcfcc88b0a1a1812ee9a72,25296,1
C:\SRS(ISIC_2019)\Dataset\VASC\ISIC_0070113.jpg,isic_0070113,7,1fb7d2daeb292f21a1d98b5b22e67293a4ea6f0fa803988c03209092da192ef3,25297,1
C:\SRS(ISIC_2019)\Dataset\VASC\ISIC_0070703.jpg,isic_0070703,7,7c2160539c1a6e034fe04dfe072d91b76c471e9b3a065a3627d73204da1817bc,25301,1
C:\SRS(ISIC_2019)\Dataset\VASC\ISIC_0071155.jpg,isic_0071155,7,7da4502570e246ee3ebc31a90608759b8383a250e4eb429ace6aecf6d37d10c3,25308,1
C:\SRS(ISIC_2019)\Dataset\VASC\ISIC_0072919.jpg,isic_0072919,7,dbf19d8b024cc4795dfc9effc20e71794206ce0fb4171b25d1e08161cc1ba74a,25321,1
