image_path,image_id,label,sha256,group_id,client_id
C:\SRS(ISIC_2019)\Dataset\AK\ISIC_0024646.jpg,isic_0024646,0,5772a1b511bd7f5d103b2b96dab77f8cf6f58844d1be4e03ead2a5c4f13ae7a3,3,0
C:\SRS(ISIC_2019)\Dataset\AK\ISIC_0024771.jpg,isic_0024771,0,bc15bf782bd82423da740c151f75c6dbceb67d617b1563e13021e327ff3ecc44,7,0
C:\SRS(ISIC_2019)\Dataset\AK\ISIC_0026457.jpg,isic_0026457,0,8d3ca243b73aab7726bdfea5621a4873770840ece49be2bdfcc084e76b579d39,25,0
C:\SRS(ISIC_2019)\Dataset\AK\ISIC_0026625.jpg,isic_0026625,0,925f8c81ceb5fc5ca23c82435f4c0bfb3ac50e3c40caa3e4fe78c388ddbeebe3,29,0
C:\SRS(ISIC_2019)\Dataset\AK\ISIC_0026626.jpg,isic_0026626,0,d326b5ae70ef649680c7160a775589afe0b59018a7a40abf5a8cd8ccde5b077e,30,0
C:\SRS(ISIC_2019)\Dataset\AK\ISIC_0026650.jpg,isic_0026650,0,02444192dd87df253b96711a027f8a7c1e9db82249ccdbdbac2c9d2789093241,31,0
C:\SRS(ISIC_2019)\Dataset\AK\ISIC_0026765.jpg,isic_0026765,0,615234ba687d6a22f36b07d725e937a59e3cdbfaeedda4931240dc5e657b9abd,35,0
C:\SRS(ISIC_2019)\Dataset\AK\ISIC_0027447.jpg,isic_0027447,0,67de56c63fc1613b4af59ffb39b24f57c961fc763c392d64fabef2df8b2a9628,43,0
C:\SRS(ISIC_2019)\Dataset\AK\ISIC_0027958.jpg,isic_0027958,0,b7bfcd1c2f4f1b9fd1bdc51bfc817e218a4bf1a6f93ac81a14e3402d489c2f28,57,0
C:\SRS(ISIC_2019)\Dataset\AK\ISIC_0028558.jpg,isic_0028558,0,3f7ce724f5a75a4b515d4fb54dde471c31ed6760a1b90afbf3a585987b23b0dd,65,0
C:\SRS(ISIC_2019)\Dataset\AK\ISIC_0029659.jpg,isic_0029659,0,3631236cd9c8e32ae8e717f362c8b57d7eaf43b6319117b442865f1bf4ce82b8,79,0
C:\SRS(ISIC_2019)\Dataset\AK\ISIC_0030586.jpg,isic_0030586,0,d55d6112d1bdcdc5e95b8c336fcdf7e1d5cf62e393f0842f3053623ed23ad390,97,0
C:\SRS(ISIC_2019)\Dataset\AK\ISIC_0031335.jpg,isic_0031335,0,cb5ec26c8a668aa970b1330b73fb8b8916785397aa9f52b4cad9da77284370a8,107,0
C:\SRS(ISIC_2019)\Dataset\AK\ISIC_0031430.jpg,isic_0031430,0,e748ddac86a8d18fd9ee96ad4a1321871113dc9fa92c4ec319f3a86a2da3df1f,109,0
C:\SRS(ISIC_2019)\Dataset\AK\ISIC_0053478.jpg,isic_0053478,0,cdcbc189adc8b4963b69330a4c891e53d54fa5ebe87a43814accee1e05bf9820,130,0
C:\SRS(ISIC_2019)\Dataset\AK\ISIC_0053595.jpg,isic_0053595,0,92ec90f88ab32871ce9ac571627f3385d83ddfaf9ecd031b4cafde6b0cd6d444,135,0
C:\SRS(ISIC_2019)\Dataset\AK\ISIC_0053657.jpg,isic_0053657,0,a0285c19d04aaa12d96eb7b75cf45618fca5f3048b7a72c2844eb2cea531af6c,137,0
C:\SRS(ISIC_2019)\Dataset\AK\ISIC_0053664.jpg,isic_0053664,0,f28e369685bee369af15ed00b6fd8f729d3e80e8595a2c9a66cd83e78fde39cc,138,0
C:\SRS(ISIC_2019)\Dataset\AK\ISIC_0053679.jpg,isic_0053679,0,984403ab328cba6ccd1845eddc6da8a0b52a30248adf76a8838a1e1b48f33005,140,0
C:\SRS(ISIC_2019)\Dataset\AK\ISIC_0053799.jpg,isic_0053799,0,17b003d4fdf1405b2c655651b5a8d5c855969158369549b27461d0a06ccd3773,147,0
C:\SRS(ISIC_2019)\Dataset\AK\ISIC_0054259.jpg,isic_0054259,0,df392bf0b333bd1e63e869d527845302c92d55796890ac5057596612f924335e,161,0
C:\SRS(ISIC_2019)\Dataset\AK\ISIC_0054594.jpg,isic_0054594,0,cbafc2f79cc447f9bd871bed0d56e220b9550c77ca754447a70c37ddb428b1f7,173,0
C:\SRS(ISIC_2019)\Dataset\AK\ISIC_0054666.jpg,isic_0054666,0,a0a6fd24b93bb8a6be8b2fc298762893201dcff86f72dcf4f5e3ef0974a98396,177,0
C:\SRS(ISIC_2019)\Dataset\AK\ISIC_0054687.jpg,isic_0054687,0,c4acf84b28220dea6a47d3853aa5453010bd940909af6453cd4a32bc20fadd59,178,0
C:\SRS(ISIC_2019)\Dataset\AK\ISIC_0055260.jpg,isic_0055260,0,c46c603929612657acd4dbd87299d02ca8aacad0b67abcc7d0904c4371b894a8,190,0
C:\SRS(ISIC_2019)\Dataset\AK\ISIC_0055400.jpg,isic_0055400,0,0ed8d081fbd3e63047e14fe27c1fd8ccc166f8dfdc410c9b81ec7dc9ba6b3faf,194,0
C:\SRS(ISIC_2019)\Dataset\AK\ISIC_0055609.jpg,isic_0055609,0,20058e0c6a0c5a7119b5d9677213a20bbaf2c981b00a5ad1c7bad6cce34f88ac,198,0
C:\SRS(ISIC_2019)\Dataset\AK\ISIC_0055724.jpg,isic_0055724,0,e619f6f9d2818fcca4ab8d9c8243974a059b759b152a5994de15a1aa205c9e42,202,0
C:\SRS(ISIC_2019)\Dataset\AK\ISIC_0055809.jpg,isic_0055809,0,53ca62584c792775273ba47c248a3207d42808a2bb44f1cbb6a47132e9b7c78c,204,0
C:\SRS(ISIC_2019)\Dataset\AK\ISIC_0055989.jpg,isic_0055989,0,83cca936f03d413427b26d466fbe478703d5c86c73db04e0f748303dabad6116,210,0
C:\SRS(ISIC_2019)\Dataset\AK\ISIC_0056016.jpg,isic_0056016,0,dde4fb5e5f8b015d28f1c7bfbb33c02b602d04438e06fb4bc3af5e8fc2004c45,214,0
C:\SRS(ISIC_2019)\Dataset\AK\ISIC_0056071.jpg,isic_0056071,0,090b8e781583c476fac395ed465462b7f9fc4f032dd47c774fce24ae215f5400,217,0
C:\SRS(ISIC_2019)\Dataset\AK\ISIC_0056176.jpg,isic_0056176,0,82bb25e0ceae708ca8da2db47d758d7d6549adcdd7bd6241d35d633329ffa12c,224,0
C:\SRS(ISIC_2019)\Dataset\AK\ISIC_0056302.jpg,isic_0056302,0,2bf5e6133ac74004d24a66d883d213fe0b33fd48520ea40183bd2448f2f41042,227,0
C:\SRS(ISIC_2019)\Dataset\AK\ISIC_0056343.jpg,isic_0056343,0,e885dadef2111edba953008e0708f7e049a701b1daeef0bbce42c8d1c5300b8e,228,0
C:\SRS(ISIC_2019)\Dataset\AK\ISIC_0056421.jpg,isic_0056421,0,5930ad7b820eb555b00703a72e6eda6990d3dd5fb2f56c4bce42fbbf4a98492a,230,0
C:\SRS(ISIC_2019)\Dataset\AK\ISIC_0056582.jpg,isic_0056582,0,9979d1862526c201dffaea8f123424f68e43bbb6dde77f32d51e20fc4aac434b,235,0
C:\SRS(ISIC_2019)\Dataset\AK\ISIC_0056643.jpg,isic_0056643,0,22d869cee35d1d084ebc25a71065f79b945a54dd0567efd926616727ff2481dd,238,0
C:\SRS(ISIC_2019)\Dataset\AK\ISIC_0057040.jpg,isic_0057040,0,a2c3528882d559b5f5d35aa05c9ac317a6fd0adb38ededaf4dd7cc3440d66178,251,0
C:\SRS(ISIC_2019)\Dataset\AK\ISIC_0057052.jpg,isic_0057052,0,5244a22d30b0f27cf163e49fc168c9081bdb32fb6c6e80237d11aaadf2a5ae41,254,0
C:\SRS(ISIC_2019)\Dataset\AK\ISIC_0057110.jpg,isic_0057110,0,641694b7609d462441260efa7fe97cc4b637d4580ddbad5e4d56d9a8ede0d43e,257,0
C:\SRS(ISIC_2019)\Dataset\AK\ISIC_0057280.jpg,isic_0057280,0,3df20f88233381387d93ba4c41847091e0ddbdf08026b57e0d319ceef106b39d,263,0
C:\SRS(ISIC_2019)\Dataset\AK\ISIC_0057455.jpg,isic_0057455,0,7bba6a21ae478fa72c0057a63eda947eb70aef42e6510ed8a65f87dc1b1976b8,270,0
C:\SRS(ISIC_2019)\Dataset\AK\ISIC_0057477.jpg,isic_0057477,0,30463fb3bc7f2f04903f6a26bf97a1987090a19a105730dd0cf3bf2966c63c20,414,0
C:\SRS(ISIC_2019)\Dataset\AK\ISIC_0057517.jpg,isic_0057517,0,3a71db6ef36d6ff4e39980f14a2f2733d379baab52a0d1d96c9a17eb896f1470,273,0
C:\SRS(ISIC_2019)\Dataset\AK\ISIC_0057638.jpg,isic_0057638,0,9ac62aa6e6b7de9264fb07325da7a74506a94cdb6bff47c750ceaf2d480d0b45,279,0
C:\SRS(ISIC_2019)\Dataset\AK\ISIC_0057739.jpg,isic_0057739,0,5a2b311718323298b4233290da0cd224fb7ce4606531f261b477e119978ef9d1,282,0
C:\SRS(ISIC_2019)\Dataset\AK\ISIC_0057778.jpg,isic_0057778,0,8645fc45bbbcf572379bff4f4465e50ab364bedb41f47b9935792898d1f9f969,284,0
C:\SRS(ISIC_2019)\Dataset\AK\ISIC_0058273.jpg,isic_0058273,0,746a103317e1855e98c6f9d8c7aa3b7f86da5a719dae3ed1311cfef9763b5689,297,0
C:\SRS(ISIC_2019)\Dataset\AK\ISIC_0058324.jpg,isic_0058324,0,c72653fef309e9896e92ac7904134ac61068de68b88739a845ab317bf1931d05,299,0
C:\SRS(ISIC_2019)\Dataset\AK\ISIC_0058404.jpg,isic_0058404,0,eb0afd312ebf7d17335bce157d55cc8b2c9a50f9ec2edf9190375cb2d2c92eb4,302,0
C:\SRS(ISIC_2019)\Dataset\AK\ISIC_0058431.jpg,isic_0058431,0,0529965b208ce5d4a692edbab853761fe3f72211f650c0bccb81afa1c64e88c4,304,0
C:\SRS(ISIC_2019)\Dataset\AK\ISIC_0058452.jpg,isic_0058452,0,b96b4c5022cc361203ee94807a5b0dd3eb7be7f97ad4949dbab0924b841abefa,306,0
C:\SRS(ISIC_2019)\Dataset\AK\ISIC_0058640.jpg,isic_0058640,0,63f59ec9d1ac2f9c1934969084d54b1671ff01e2165e0a5f4eb9228f297a4327,316,0
C:\SRS(ISIC_2019)\Dataset\AK\ISIC_0058653.jpg,isic_0058653,0,3b6f00fac065b32d164384d24acd6de91726696c9a1c6881b422de544ba79c87,317,0
C:\SRS(ISIC_2019)\Dataset\AK\ISIC_0058924.jpg,isic_0058924,0,40e2345fc9fd4da874c836e69cad4f59be7856f595b7be0a3683ab84883a966e,326,0
C:\SRS(ISIC_2019)\Dataset\AK\ISIC_0058939.jpg,isic_0058939,0,98ad90986178b182f50f6f84a75752a060a05568c392dfaf5b129f236b8b842e,327,0
C:\SRS(ISIC_2019)\Dataset\AK\ISIC_0058951.jpg,isic_0058951,0,c1cb2dedd67ad2ed73c200a398f9e073567d010898c27960a0f04ae086235db9,329,0
C:\SRS(ISIC_2019)\Dataset\AK\ISIC_0059058.jpg,isic_0059058,0,5e20e1f570cb162cfd757f021070168f7d343732238bf4239c27f67c29d8faff,337,0
C:\SRS(ISIC_2019)\Dataset\AK\ISIC_0059408.jpg,isic_0059408,0,fe3118b49faac1d2aea7cb91953223fa8558175a6c53905329e10c540b854158,349,0
C:\SRS(ISIC_2019)\Dataset\AK\ISIC_0059588.jpg,isic_0059588,0,806123be40fc69a724816250167b0609fbb7f19f040ae57aae7111cd09547bdd,353,0
C:\SRS(ISIC_2019)\Dataset\AK\ISIC_0059874.jpg,isic_0059874,0,99e0310643cac41f3f5fe6527078fdf2b3fa0f03e262334f25c57e956c296c67,364,0
C:\SRS(ISIC_2019)\Dataset\AK\ISIC_0060480.jpg,isic_0060480,0,9f239a2a10baec6d3407b1b08e9a0295e9d6bd3b987fbc831a8b94d69afec73d,386,0
C:\SRS(ISIC_2019)\Dataset\AK\ISIC_0060509.jpg,isic_0060509,0,d765098fc47846749f3606e78c76c993680df6a7fcb1240b05370d432eaf160a,387,0
C:\SRS(ISIC_2019)\Dataset\AK\ISIC_0060775.jpg,isic_0060775,0,80b27eee71371285fbd4a122f8b52a721a50607b9d49949e42d473e907edc417,396,0
C:\SRS(ISIC_2019)\Dataset\AK\ISIC_0060814.jpg,isic_0060814,0,11264caf32de24c6047aea25ca36ca8175dbf5d3d52f5bfd42d9bab3b33fc79c,400,0
C:\SRS(ISIC_2019)\Dataset\AK\ISIC_0061247.jpg,isic_0061247,0,527bc6d36a4bd84124ab8a4c8b7878f7673a255c7dae1798782d0d22fbbfff68,410,0
C:\SRS(ISIC_2019)\Dataset\AK\ISIC_0061307.jpg,isic_0061307,0,30463fb3bc7f2f04903f6a26bf97a1987090a19a105730dd0cf3bf2966c63c20,414,0
C:\SRS(ISIC_2019)\Dataset\AK\ISIC_0061331.jpg,isic_0061331,0,0f9508af7c1319fe110cf29bb81ee0c92e55f300813a865678098dd06c20651b,415,0
C:\SRS(ISIC_2019)\Dataset\AK\ISIC_0061410.jpg,isic_0061410,0,d6eb9f4e978b96b7137d4f4bda1768e33ffca54b4da08405a2d602282c03e95e,419,0
C:\SRS(ISIC_2019)\Dataset\AK\ISIC_0061967.jpg,isic_0061967,0,9af5342bff9ef66eaed2f2770b10f326170388ab9230f376e9b59ee4bca8f290,435,0
C:\SRS(ISIC_2019)\Dataset\AK\ISIC_0062043.jpg,isic_0062043,0,979d9f0fa1046b8953476e1a8db0b0b7c770743155d9a8c648049ab214c02eec,439,0
C:\SRS(ISIC_2019)\Dataset\AK\ISIC_0062116.jpg,isic_0062116,0,100c8591277bad19d4a87d2b7ab1166c0baf70ea932778e9d13aceabf862488d,441,0
C:\SRS(ISIC_2019)\Dataset\AK\ISIC_0062159.jpg,isic_0062159,0,282349077b4c715f5ab9a8d88badbdf8b12ce58023d87c100485738a62ba5338,443,0
C:\SRS(ISIC_2019)\Dataset\AK\ISIC_0062238.jpg,isic_0062238,0,69341461724e794d50ce1f170c05569a961b46ae3ac3c075d12768fc8ac47889,446,0
C:\SRS(ISIC_2019)\Dataset\AK\ISIC_0062245.jpg,isic_0062245,0,b32175aa7689799bba048ad809249c718e729345c9dd10ac3dbba6b161b0fc01,447,0
C:\SRS(ISIC_2019)\Dataset\AK\ISIC_0062593.jpg,isic_0062593,0,211188545c9ce450b25ee71e1652fc2d80d646a1f9c2322c483ef3a5e3d3690e,458,0
C:\SRS(ISIC_2019)\Dataset\AK\ISIC_0062608.jpg,isic_0062608,0,cbb9eb98a2a95adb1ffd20d4a3f66b5e9b24401840fdb2cf1e7573a889800e00,459,0
C:\SRS(ISIC_2019)\Dataset\AK\ISIC_0062611.jpg,isic_0062611,0,c8e7a550c923c6189fe67028a03f36069d197278a10f68a194afdc061929e4b7,461,0
C:\SRS(ISIC_2019)\Dataset\AK\ISIC_0062622.jpg,isic_0062622,0,1f84cc366201cd83d7e08ba9f1a5a8f9a2eb7f82a9700abe793c10b0a950383c,462,0
C:\SRS(ISIC_2019)\Dataset\AK\ISIC_0062877.jpg,isic_0062877,0,a81ce81940277a0db5f0c33254f93b967014ff9f0850498904a36cdcfc97dc95,475,0
C:\SRS(ISIC_2019)\Dataset\AK\ISIC_0062878.jpg,isic_0062878,0,51ff2ac15a985480507fa95cbff60152aa141b56747e6a362774bca1f6eb735b,476,0
C:\SRS(ISIC_2019)\Dataset\AK\ISIC_0062953.jpg,isic_0062953,0,97cbc70d16fce6bc6dbce946a7acfefb83a275c3507bfa1426c3a3ea328fc993,478,0
C:\SRS(ISIC_2019)\Dataset\AK\ISIC_0063045.jpg,isic_0063045,0,8431a192fb11307d3e97503323e54bb0432309889770f2e57fa7244201c14360,483,0
C:\SRS(ISIC_2019)\Dataset\AK\ISIC_0063122.jpg,isic_0063122,0,b531dbff85825940789687d9ee0e5e1bf6970a12ac212cf573e3c04f8d63ceed,488,0
C:\SRS(ISIC_2019)\Dataset\AK\ISIC_0063287.jpg,isic_0063287,0,2194017e94e3765be413d482566c0fe1d60a803739ecee8739254c2311a2738e,495,0
C:\SRS(ISIC_2019)\Dataset\AK\ISIC_0063320.jpg,isic_0063320,0,bff4d777950f7c9aaea939467817927a2e7e5c94d9503682b7ed6b62ecd7ef07,497,0
C:\SRS(ISIC_2019)\Dataset\AK\ISIC_0063331.jpg,isic_0063331,0,12e2aeb185c2c114369e59b5b1d54e2bd583b10fcd79a9c4be3c859f221e872f,499,0
C:\SRS(ISIC_2019)\Dataset\AK\ISIC_0063536.jpg,isic_0063536,0,db2b7d28b0cdc572eca6b9a0bfbb7bc33ba98bbef1355700cf7babf338bfb614,505,0
C:\SRS(ISIC_2019)\Dataset\AK\ISIC_0063588.jpg,isic_0063588,0,3bce13bde788bac20669f2035ddf96568208a47f0301699c97b4104fe6c59af8,508,0
C:\SRS(ISIC_2019)\Dataset\AK\ISIC_0063878.jpg,isic_0063878,0,4f846f888f3adcaaf449bc2c686118e9aaf468a818f570aa348e48439174864d,513,0
C:\SRS(ISIC_2019)\Dataset\AK\ISIC_0063956.jpg,isic_0063956,0,9a5160942fd777acf8613eff47783f165af973f55983925cb6faf9f0fb12d5fe,517,0
C:\SRS(ISIC_2019)\Dataset\AK\ISIC_0064222.jpg,isic_0064222,0,c6ca59d2781310e3d69148af7d2e8f9a4e3ef94f6fc8e11df55f8b766f3fd2b1,524,0
C:\SRS(ISIC_2019)\Dataset\AK\ISIC_0064638.jpg,isic_0064638,0,220d4f856fbbbc239066cf3e2eed4c3f1e6bf74adf9d546750b43e8064427404,536,0
C:\SRS(ISIC_2019)\Dataset\AK\ISIC_0064789.jpg,isic_0064789,0,876ac56e0cd3c5131a857c4ecba756ff86dc11f462d81d99fb3dd715d4bb0f6d,539,0
C:\SRS(ISIC_2019)\Dataset\AK\ISIC_0064969.jpg,isic_0064969,0,747c74120d7f8d107beba1282d8b9689734225f32b7214dea74d1e6228d7fc7a,544,0
C:\SRS(ISIC_2019)\Dataset\AK\ISIC_0065150.jpg,isic_0065150,0,078001c73da174f1067d360f7592bec8d65df91545b3eb0a8db27392b54c28cf,552,0
C:\SRS(ISIC_2019)\Dataset\AK\ISIC_0065306.jpg,isic_0065306,0,4be9a513933d2b1d39ae8a42e15b3354cfcb3bb3335f918e79a9c21a4e0e9606,558,0
C:\SRS(ISIC_2019)\Dataset\AK\ISIC_0065404.jpg,isic_0065404,0,0700dad726ca310e900c5ce8b629604f3aaa896df1fd22e487fb4165560ebfe4,561,0
C:\SRS(ISIC_2019)\Dataset\AK\ISIC_0065413.jpg,isic_0065413,0,653b28afafd141910eb48367d3b928b97e3409b1a6b2c4490d7513d647848e9d,562,0
C:\SRS(ISIC_2019)\Dataset\AK\ISIC_0065476.jpg,isic_0065476,0,4054cd72a83b09a953445c7eb7d49ed855361aeb03458576e93aa5a7c4ced28a,566,0
C:\SRS(ISIC_2019)\Dataset\AK\ISIC_0065724.jpg,isic_0065724,0,80f7c3e1f3c0d4104804fa469c09e1664605f37b0e5221d97e7315e9a6a08c20,577,0
C:\SRS(ISIC_2019)\Dataset\AK\ISIC_0066360.jpg,isic_0066360,0,8b5271a5311be1a933d987e1d9f1b5367379fd96100ca6d3f738e347d929041c,601,0
C:\SRS(ISIC_2019)\Dataset\AK\ISIC_0066395.jpg,isic_0066395,0,8da15ee1bdc078d12108245b82bc59d1b1ef5d44ddbde745fc4fec85a3b4da22,605,0
C:\SRS(ISIC_2019)\Dataset\AK\ISIC_0066699.jpg,isic_0066699,0,9e76bb60e34a528bc4c8eab9f4070507092297fd6c0a38a81a3e6d3e4ca031d7,616,0
C:\SRS(ISIC_2019)\Dataset\AK\ISIC_0066785.jpg,isic_0066785,0,d4dd57ed3d169323492637a0d32e874f69511e1ec15438d642ba96bfefbce615,618,0
C:\SRS(ISIC_2019)\Dataset\AK\ISIC_0067061.jpg,isic_0067061,0,7b21314dc090fcc64fe17944672d4274fcf511f820842297ca8b436be261c9b6,632,0
C:\SRS(ISIC_2019)\Dataset\AK\ISIC_0067177.jpg,isic_0067177,0,60be00cadffb6419f67821b4fcf780c0f0f02feca41f4b8fdb1064fd3038edd6,638,0
C:\SRS(ISIC_2019)\Dataset\AK\ISIC_0067204.jpg,isic_0067204,0,11a1357c62c8e581e278ba4937a2698be718e3fb75096a3ecd51178acd34d454,640,0
C:\SRS(ISIC_2019)\Dataset\AK\ISIC_0067297.jpg,isic_0067297,0,e729ac71c0ad87a10c5b5cbd0d2dd2e774e51e67aa56d1ec85656d3f542ff74d,644,0
C:\SRS(ISIC_2019)\Dataset\AK\ISIC_0067468.jpg,isic_0067468,0,4caa15fe3540275cec632c3ce317046657f7a56fb549765ab26bfccd5f7cd73c,653,0
C:\SRS(ISIC_2019)\Dataset\AK\ISIC_0067490.jpg,isic_0067490,0,60a462ba9b28ee8e94efe185d2b262f6a525e3b17ca5153f6f82d8ced9bd6f1b,654,0
C:\SRS(ISIC_2019)\Dataset\AK\ISIC_0067500.jpg,isic_0067500,0,80165609e44a1c9f19798534b3bd08ad41b4719dafba2baf49b2bb2003806c45,655,0
C:\SRS(ISIC_2019)\Dataset\AK\ISIC_0067519.jpg,isic_0067519,0,11319d60ebc1fabade596a3d64a9e1135ab0092ee01db371daba648ae34357a7,656,0
C:\SRS(ISIC_2019)\Dataset\AK\ISIC_0067592.jpg,isic_0067592,0,5f37d3c6323d0c9d24875e71cad8fafb3c882b86764c58e704eed3dcbde4d553,658,0
C:\SRS(ISIC_2019)\Dataset\AK\ISIC_0067759.jpg,isic_0067759,0,ebf92bcdc3e006c6d34b8f5b5619b315b50da906e35fdbb39c3ada31b216891c,666,0
C:\SRS(ISIC_2019)\Dataset\AK\ISIC_0067783.jpg,isic_0067783,0,95b526019d4220ad2ba8982f41ece582d3d7dc00b5c4a0b8fe84bc094445871e,667,0
C:\SRS(ISIC_2019)\Dataset\AK\ISIC_0068092.jpg,isic_0068092,0,126c8410b15826290a01e8534f64adc4a78e66b2b64b189501d64dc6709934c2,675,0
C:\SRS(ISIC_2019)\Dataset\AK\ISIC_0068232.jpg,isic_0068232,0,0320b7d17ddc51ca308b80b276502e9aa16cbedafb5e7236619f2c80a8c42c2c,677,0
C:\SRS(ISIC_2019)\Dataset\AK\ISIC_0068370.jpg,isic_0068370,0,ced6a9158ffdea1aca6a1ba3194bb44f5a20b8ff331a35d306f00c0e278a6b8d,681,0
C:\SRS(ISIC_2019)\Dataset\AK\ISIC_0068571.jpg,isic_0068571,0,ba098e28bf68f3561931e2991d7d70836ebd7d9106cd1a864ca7288c1cf2d95b,688,0
C:\SRS(ISIC_2019)\Dataset\AK\ISIC_0068843.jpg,isic_0068843,0,e70837ae71cc5a1f2f26764d2bf04d472959b6d62a5f88c9ffebea153daa4eb8,698,0
C:\SRS(ISIC_2019)\Dataset\AK\ISIC_0068879.jpg,isic_0068879,0,99346c0b27e0cfb364f959c3999c46be81650ecea1e392cb0d4be3078b08de6e,700,0
C:\SRS(ISIC_2019)\Dataset\AK\ISIC_0068977.jpg,isic_0068977,0,8c3fee48bf7930c6c36eeaf9dbcd142065da40ae846c19ccd607f281b4e9a11d,704,0
C:\SRS(ISIC_2019)\Dataset\AK\ISIC_0069043.jpg,isic_0069043,0,700f5eb03707ee8844e26f05d24c1e0ea799aaf6d57e89df55934f6fde83a2aa,708,0
C:\SRS(ISIC_2019)\Dataset\AK\ISIC_0069125.jpg,isic_0069125,0,8b6318a40d7092a273700770d6dd9e0b8cd2d906c70a2caf1f02510c2070cbcb,710,0
C:\SRS(ISIC_2019)\Dataset\AK\ISIC_0069283.jpg,isic_0069283,0,6c64bc42ea495e90861cbf09fb3e3f3275f83c2754dff86383f08c148f19c4da,717,0
C:\SRS(ISIC_2019)\Dataset\AK\ISIC_0069384.jpg,isic_0069384,0,8117e425dcb40f1836331c265ce02d6cc89cf6e1d58ce869eb3525a69cd14448,720,0
C:\SRS(ISIC_2019)\Dataset\AK\ISIC_0069460.jpg,isic_0069460,0,3a0d7a5a2108395c6771b08fed3b3e09f7912aa27dbd69b6fe53dc7315348e4c,721,0
C:\SRS(ISIC_2019)\Dataset\AK\ISIC_0069818.jpg,isic_0069818,0,ebc1a30cd74fa6f10846f8fdbc79f030e39bd757f66730c667d231f37a749656,737,0
C:\SRS(ISIC_2019)\Dataset\AK\ISIC_0069916.jpg,isic_0069916,0,fb98415f212db4ce0ba4acbf510e56238c9ddf500c84bd56235132fbc17a1065,743,0
C:\SRS(ISIC_2019)\Dataset\AK\ISIC_0070056.jpg,isic_0070056,0,d3421388ccb1631de2f56e00cd64d275e6bde77502b36e9e8efefb13f6748721,751,0
C:\SRS(ISIC_2019)\Dataset\AK\ISIC_0070305.jpg,isic_0070305,0,c0207bf9b35df5ef4b66ae20765ac35dbad4b023f5f55200a4fe1eb8d4276c77,765,0
C:\SRS(ISIC_2019)\Dataset\AK\ISIC_0070311.jpg,isic_0070311,0,53b51450dd57a433f8a7d0f679809b32eb2130dbf035a5fa91b4fff731c210f7,766,0
C:\SRS(ISIC_2019)\Dataset\AK\ISIC_0070486.jpg,isic_0070486,0,8bff8de91dfef74d34f74e32ae4557fb0af77d04ff573cd064efc5a5f21209e1,771,0
C:\SRS(ISIC_2019)\Dataset\AK\ISIC_0070505.jpg,isic_0070505,0,556020ae8ee10880cda33ad41118a26ffa9962b0523267034e689c48a04ee5df,773,0
C:\SRS(ISIC_2019)\Dataset\AK\ISIC_0070507.jpg,isic_0070507,0,856e10b1a32487b9ddd0174182ff13ca8c420394c5d4b713caaf60777c5bad8f,774,0
C:\SRS(ISIC_2019)\Dataset\AK\ISIC_0070545.jpg,isic_0070545,0,63d9f3b54016260ac826eb72be9082f0b1275faf916d6ea43977e42b8218b17f,776,0
C:\SRS(ISIC_2019)\Dataset\AK\ISIC_0070737.jpg,isic_0070737,0,7af3276b1e9a158f0e71c2a5ce87ea58d28017203de947036b5d44ef25ec38e8,781,0
C:\SRS(ISIC_2019)\Dataset\AK\ISIC_0071213.jpg,isic_0071213,0,60b9442e184475f73792315490d0de6d8bccaf6da6d8a8a45196c911a6509025,796,0
C:\SRS(ISIC_2019)\Dataset\AK\ISIC_0071313.jpg,isic_0071313,0,b54da7d807e04bd1f8d76cc309d56a1f90b271bafed3629567cc9152817f029a,798,0
C:\SRS(ISIC_2019)\Dataset\AK\ISIC_0071417.jpg,isic_0071417,0,b0ff5b8270bcd66df7bb01bf649cbf1b4f9baf304504d5f7ac478acf1a5e2de6,801,0
C:\SRS(ISIC_2019)\Dataset\AK\ISIC_0071500.jpg,isic_0071500,0,7048f440befde7800d6336eb08c4c2748665a98d94d9faf0d7e11b86d61ed2fe,807,0
C:\SRS(ISIC_2019)\Dataset\AK\ISIC_0071524.jpg,isic_0071524,0,9148103bb53a684f598a543867fba51f1126910b4999f3e3bfbaa907a785e642,808,0
C:\SRS(ISIC_2019)\Dataset\AK\ISIC_0071671.jpg,isic_0071671,0,b190e6b986fc85954051e9f88256a61474c4b1bfab8a37097fcbfb595a99798b,815,0
C:\SRS(ISIC_2019)\Dataset\AK\ISIC_0071830.jpg,isic_0071830,0,42eb36b854a38e03eeb90c50f2dad548c63e3972bd2b10b578b46f93780a6817,821,0
C:\SRS(ISIC_2019)\Dataset\AK\ISIC_0071982.jpg,isic_0071982,0,f5151a770f54e3f727a8ce0710b618b2a64c22bdeb78980a721954d184858525,826,0
C:\SRS(ISIC_2019)\Dataset\AK\ISIC_0072152.jpg,isic_0072152,0,2a9ad1df1c89c5cc03fb740f2539a6addde7e171b9b1abf8e8ecf2268c2542f5,831,0
C:\SRS(ISIC_2019)\Dataset\AK\ISIC_0072169.jpg,isic_0072169,0,89cae6a7f7be372c9d64dc232d094110def6b59b86c1e2a4f051c07a43776145,832,0
C:\SRS(ISIC_2019)\Dataset\AK\ISIC_0072180.jpg,isic_0072180,0,b70b39bd7f031395f7ff0735f068615ba01123353d1262516b97ea348f0a4ada,833,0
C:\SRS(ISIC_2019)\Dataset\AK\ISIC_0072830.jpg,isic_0072830,0,fd98c1aeec123a4a36742dae38020dbbcb8658b12bd575e07f99b9bab87a0f7c,850,0
C:\SRS(ISIC_2019)\Dataset\AK\ISIC_0072992.jpg,isic_0072992,0,79c022701fd8f793bd4f61cee4e8e1e5f757bd3e0049d686ec63de43984b3afb,857,0
C:\SRS(ISIC_2019)\Dataset\AK\ISIC_0073224.jpg,isic_0073224,0,a4ce1bbd3a72161ee19a2158c6fabe23537546ef6fef38d6ec6786c7825e988a,866,0
C:\SRS(ISIC_2019)\Dataset\BCC\ISIC_0024457.jpg,isic_0024457,1,c7ebf9c476b399a63a235a5bc35e39f54dcddd1998f7b33698cf081bf9a416a3,880,0
C:\SRS(ISIC_2019)\Dataset\BCC\ISIC_0024461.jpg,isic_0024461,1,82373505f53f9b1629256ed881b3f7349ba9005f593d26f2c517476c668fca54,881,0
C:\SRS(ISIC_2019)\Dataset\BCC\ISIC_0024590.jpg,isic_0024590,1,eabc5bafb0be5222f9e7796d1e2f662100875ad3b6d2b2eb4a62d5eb38241fe7,890,0
C:\SRS(ISIC_2019)\Dataset\BCC\ISIC_0024595.jpg,isic_0024595,1,59ca6f5249a0af92ddf6e3e0b4b7bbb69e2255443540fa6e187325fe63491bfd,891,0
C:\SRS(ISIC_2019)\Dataset\BCC\ISIC_0024931.jpg,isic_0024931,1,2e3c0463bda3600a12004028e229a927141c5a4ab70a8c325910a3d0cd6701aa,906,0
C:\SRS(ISIC_2019)\Dataset\BCC\ISIC_0025019.jpg,isic_0025019,1,2d8fc2a301ee79026504a57fa8b4be8bc5db83b1cc585320f4948af16de47417,909,0
C:\SRS(ISIC_2019)\Dataset\BCC\ISIC_0025260.jpg,isic_0025260,1,a00cde61fbc7ff0d05d088121234f3be2bd27c6ccd8fd4bff6fdb03f23b1b47b,914,0
C:\SRS(ISIC_2019)\Dataset\BCC\ISIC_0025266.jpg,isic_0025266,1,09fe759d62aaff21866d2cb8f9b5843ed78c91b2fce933407b19bebeaa4baa05,915,0
C:\SRS(ISIC_2019)\Dataset\BCC\ISIC_0025513.jpg,isic_0025513,1,105001d66699d4642f95c073a73ee67c9ad45ae153e735c6359a1fa254f25949,926,0
C:\SRS(ISIC_2019)\Dataset\BCC\ISIC_0025576.jpg,isic_0025576,1,18b5e36047df691b3be359a989b79e15532df214dd4565371bbf3899c263c5f5,930,0
C:\SRS(ISIC_2019)\Dataset\BCC\ISIC_0025601.jpg,isic_0025601,1,9c9af07ada01f8d4f90634a9ab68fa0d839bf1bef2369f44e20fa0d6d8ebf03d,933,0
C:\SRS(ISIC_2019)\Dataset\BCC\ISIC_0025630.jpg,isic_0025630,1,6e3b09c213888c6c5eed9e561009b7ca50b621349d7bb5860f89dcfd9925e673,935,0
C:\SRS(ISIC_2019)\Dataset\BCC\ISIC_0025711.jpg,isic_0025711,1,c322d64eb9cf115acf7932344f731b9725e4c0b5b79241f391f98b36c75cd25f,940,0
C:\SRS(ISIC_2019)\Dataset\BCC\ISIC_0025752.jpg,isic_0025752,1,7e5097acd22646c4efac6c03c03276600f67bd54e8ff92494e9aa16c0d494dd2,943,0
C:\SRS(ISIC_2019)\Dataset\BCC\ISIC_0025824.jpg,isic_0025824,1,c1549d8c1f48c997795a45a15e3b8b15d7421c1b2c813ce411d9924ee5d8da25,946,0
C:\SRS(ISIC_2019)\Dataset\BCC\ISIC_0026090.jpg,isic_0026090,1,485d7ac9058802456822f283541e304b5e68338538d6a66be112a91af31118c0,954,0
C:\SRS(ISIC_2019)\Dataset\BCC\ISIC_0026337.jpg,isic_0026337,1,09608eabe3e2f5e587e5abe19b8283ce0ebb67a36c17f4804723debb4d423644,967,0
C:\SRS(ISIC_2019)\Dataset\BCC\ISIC_0026343.jpg,isic_0026343,1,1cdc1afd414b82fafb2771632d0aa5d60c97f92e9a2a10a29b44e202f188b0d1,968,0
C:\SRS(ISIC_2019)\Dataset\BCC\ISIC_0026668.jpg,isic_0026668,1,a6aae3f74a44d1e76e6b8a8325e2e82f8cc42715dda028553ad5731d377602fa,981,0
C:\SRS(ISIC_2019)\Dataset\BCC\ISIC_0026845.jpg,isic_0026845,1,da2605649c73532e04fc1c910a262f0f5f562248a6546090ed44c0dc3046cfb9,989,0
C:\SRS(ISIC_2019)\Dataset\BCC\ISIC_0026957.jpg,isic_0026957,1,e77cb980cfa8bab1bf3b05658e06ae58bb61c4f72b3eda70daca014939ebe3a9,995,0
C:\SRS(ISIC_2019)\Dataset\BCC\ISIC_0027038.jpg,isic_0027038,1,71a60df25723225803c06db3b08ce6baa19175031f88a946eec907e1757afe32,1002,0
C:\SRS(ISIC_2019)\Dataset\BCC\ISIC_0027057.jpg,isic_0027057,1,76daafce5854355c42ca8c222818bd79d72fda7c0ab3df88941f08dd9a8189e0,1004,0
C:\SRS(ISIC_2019)\Dataset\BCC\ISIC_0027058.jpg,isic_0027058,1,a7a65d154cdce72f097a329f5688cdfc98e897f7c5eab462b13770a50fb212c2,1005,0
C:\SRS(ISIC_2019)\Dataset\BCC\ISIC_0027093.jpg,isic_0027093,1,fea3bd53bbd1f87ec2400adc9793b0d8d5b710903219e91f09ac6136811fb817,1007,0
C:\SRS(ISIC_2019)\Dataset\BCC\ISIC_0027135.jpg,isic_0027135,1,e87b3287a0988eccacb6df6d8ce7f85141f9992535b8817a6df7cc83a2c584e4,1010,0
C:\SRS(ISIC_2019)\Dataset\BCC\ISIC_0027291.jpg,isic_0027291,1,a3f9772661479c6ac0526743854f3f3237e5c4fe1f6bcb00ad7b1a65fce0e81f,1016,0
C:\SRS(ISIC_2019)\Dataset\BCC\ISIC_0027371.jpg,isic_0027371,1,90836779cddb173a01d749d73b9a44668daed25041a1d6fece076f74d08dc44b,1020,0
C:\SRS(ISIC_2019)\Dataset\BCC\ISIC_0027545.jpg,isic_0027545,1,da9cc7a82f12c4618fa22f88a2467bf67d3dba2f64210ff8b27e068fa672d88d,1029,0
C:\SRS(ISIC_2019)\Dataset\BCC\ISIC_0027546.jpg,isic_0027546,1,d90844647bf2e1cde2156c87569d3d5a94ad1e173669f96248f8f427fb83e08f,1030,0
C:\SRS(ISIC_2019)\Dataset\BCC\ISIC_0027631.jpg,isic_0027631,1,ba55d6a99cde8412c0199ad770a1c544eb8c1e8962b32d66efa5a2fe688bc666,1035,0
C:\SRS(ISIC_2019)\Dataset\BCC\ISIC_0027819.jpg,isic_0027819,1,dec0d34b5d8d89dca6d4dc70f85587c5a3047eee7f7d3c7aa8e2426135144557,1046,0
C:\SRS(ISIC_2019)\Dataset\BCC\ISIC_0027825.jpg,isic_0027825,1,7879519db29805ea013dfbe898d58b721fe1836636be931f505641ed3569a83d,1047,0
C:\SRS(ISIC_2019)\Dataset\BCC\ISIC_0028035.jpg,isic_0028035,1,bc53da168624cfd60b4ec29c5d9ee5e48e2bb6b6cc866350dae4abecc666e708,1057,0
C:\SRS(ISIC_2019)\Dataset\BCC\ISIC_0028059.jpg,isic_0028059,1,2302dfa7899d421886a026fcf100d4ff3e6b139ab70a0dc65ee9a84f790024f3,1059,0
C:\SRS(ISIC_2019)\Dataset\BCC\ISIC_0028303.jpg,isic_0028303,1,f421079ba53ed996dd3b0d388c4fabfb743531a11ba0e874d33ac365027339e4,1074,0
C:\SRS(ISIC_2019)\Dataset\BCC\ISIC_0028329.jpg,isic_0028329,1,b99d5b560d9293d132c04847ddeb50c6d5f7dca7bf71147d4f9e0bb9a714a2a6,1077,0
C:\SRS(ISIC_2019)\Dataset\BCC\ISIC_0028350.jpg,isic_0028350,1,f727440498c750f4222779dacbb19ff4438d794203ad4c9c83744c578de0cb6d,1078,0
C:\SRS(ISIC_2019)\Dataset\BCC\ISIC_0028495.jpg,isic_0028495,1,9c3911af976ae640cd546edd4dd0d5f9a0339173e858a553c7393515584ec28c,1082,0
C:\SRS(ISIC_2019)\Dataset\BCC\ISIC_0028568.jpg,isic_0028568,1,5cd592a45ec4b494248ec2932761f82f7c9e090a9dcb7523e97862fbda67cfd5,1085,0
C:\SRS(ISIC_2019)\Dataset\BCC\ISIC_0028719.jpg,isic_0028719,1,6ec62aeef06261eacfd030586fa5e86176c2ac3d3cf1cf84310dc1e73cb23f37,1097,0
C:\SRS(ISIC_2019)\Dataset\BCC\ISIC_0028739.jpg,isic_0028739,1,09e828e9a7fd77fdedb596c110afdb5910083567582a41f5af536851416235a5,1099,0
C:\SRS(ISIC_2019)\Dataset\BCC\ISIC_0028818.jpg,isic_0028818,1,ebb9e84ef3ee54f670f746f8fbf6507dcec8707d620227dbca4643ba6d45fbd7,1105,0
C:\SRS(ISIC_2019)\Dataset\BCC\ISIC_0028858.jpg,isic_0028858,1,a3952217c1bdcdc78be606e97c81e12d4bf6cfa203ea820aa7647a20e79aac70,1106,0
C:\SRS(ISIC_2019)\Dataset\BCC\ISIC_0028973.jpg,isic_0028973,1,fa9894a1fd2e1e089f189f7faf14202d52ff08b9f3a580e059a7fb0d7bcdbda0,1113,0
C:\SRS(ISIC_2019)\Dataset\BCC\ISIC_0029129.jpg,isic_0029129,1,1e700b7d623b9bdbbe5bd14c1294761468f1e3b11a1f293ab9b1af3bd20aa1a2,1125,0
C:\SRS(ISIC_2019)\Dataset\BCC\ISIC_0029341.jpg,isic_0029341,1,d76349898a8700e261a640e96a3c713001c586ffaecf3bfadb710ad00916f9f9,1136,0
C:\SRS(ISIC_2019)\Dataset\BCC\ISIC_0029342.jpg,isic_0029342,1,577b36361aa6e94d27452439090d16f375bbcc58f9801babd7a7c9455b56c833,1137,0
C:\SRS(ISIC_2019)\Dataset\BCC\ISIC_0029412.jpg,isic_0029412,1,466850b9b4232cc2de02137ee000172ee0bb09dd4a0ff6478c96098b464c1eda,1142,0
C:\SRS(ISIC_2019)\Dataset\BCC\ISIC_0029545.jpg,isic_0029545,1,d5ccdcc862ce6edea2ef0e06a430c1df105c8f12e1e665d8e3b3be2d5df1a548,1149,0
C:\SRS(ISIC_2019)\Dataset\BCC\ISIC_0030010.jpg,isic_0030010,1,f6905b1e8e9437f4f41e2803f9b45b86b12b489e1d32564f429fe29819e10179,1173,0
C:\SRS(ISIC_2019)\Dataset\BCC\ISIC_0030249.jpg,isic_0030249,1,d54fde174acee3af1395256496fd1cbc958e4659626ff43e1a786a9d795fef4f,1184,0
C:\SRS(ISIC_2019)\Dataset\BCC\ISIC_0030314.jpg,isic_0030314,1,0dc5b55418cb7dc69d24d1e4e4fb35199269ef315f0ebecc5c5d4c5d86273598,1187,0
C:\SRS(ISIC_2019)\Dataset\BCC\ISIC_0030339.jpg,isic_0030339,1,d244bfa5f7b5fb8a9ae2e5f34087db935eb4122b1a0925e34df1eb4e96722f38,1189,0
C:\SRS(ISIC_2019)\Dataset\BCC\ISIC_0030511.jpg,isic_0030511,1,b37ab6d26e99b669799e2958f51c0c5dd4663971bf6e3a8d085f32e3a875591f,1195,0
C:\SRS(ISIC_2019)\Dataset\BCC\ISIC_0030594.jpg,isic_0030594,1,ea33c350778f53f4dc523e953182ccab3ebf3258f8632891f92e2dcf4c8b0f17,1200,0
C:\SRS(ISIC_2019)\Dataset\BCC\ISIC_0030659.jpg,isic_0030659,1,3feed510a98cbf907309508190de97a2e2b521457e7f583c0d57d9b4d74eed0a,1202,0
C:\SRS(ISIC_2019)\Dataset\BCC\ISIC_0030778.jpg,isic_0030778,1,6f47ddc77b81847164c779773741a48264036be6f6fbdefabe708114210aac18,1211,0
C:\SRS(ISIC_2019)\Dataset\BCC\ISIC_0030813.jpg,isic_0030813,1,608cdcd7d8182b1683993b19cc4304253cc7d0d633881e0e4948fd7cfd65a2f0,1214,0
C:\SRS(ISIC_2019)\Dataset\BCC\ISIC_0030893.jpg,isic_0030893,1,c393ba3161d7da266d46ee81798f98c488e49d66734b2c404b287edd99137097,1216,0
C:\SRS(ISIC_2019)\Dataset\BCC\ISIC_0031041.jpg,isic_0031041,1,d0469e301f21e654e31a8a883583dbeaaa299dd7de818276f6d66e3ade6c4d77,1223,0
C:\SRS(ISIC_2019)\Dataset\BCC\ISIC_0031095.jpg,isic_0031095,1,e59199d8c458fde69a57bbf76d1a07f040ea61874848fefa60de0e52109f6f29,1228,0
C:\SRS(ISIC_2019)\Dataset\BCC\ISIC_0031284.jpg,isic_0031284,1,35e9a552073960f1d7dab84b5f42c40f9085b5ad56895388f43eaae7e7159efe,1244,0
C:\SRS(ISIC_2019)\Dataset\BCC\ISIC_0031413.jpg,isic_0031413,1,97e820577413ccfb6b29207b27b49469034ece909a147c44e1174b63987d8215,1253,0
C:\SRS(ISIC_2019)\Dataset\BCC\ISIC_0031470.jpg,isic_0031470,1,f71e1d2083c523a97d49ab6b65a27e36e67cd3aa253d94df3d641303eeedd900,1256,0
C:\SRS(ISIC_2019)\Dataset\BCC\ISIC_0031640.jpg,isic_0031640,1,253260ddf319f372c5135e8e6db582f31d2687f11520f207a3c298c824c19b96,1269,0
C:\SRS(ISIC_2019)\Dataset\BCC\ISIC_0031698.jpg,isic_0031698,1,342b183ed1eab0829f560ba8aae1c577d01b77080aca83f403906da1670b5c65,1273,0
C:\SRS(ISIC_2019)\Dataset\BCC\ISIC_0031721.jpg,isic_0031721,1,325cba1dae176ff46517a4451966045d97d73f6dc0966bf2854ab4022457d49f,1275,0
C:\SRS(ISIC_2019)\Dataset\BCC\ISIC_0031824.jpg,isic_0031824,1,33d2df88e508f79c0bfaf3b54f650ba83b630f6ae618c70e40424491c59c863e,1280,0
C:\SRS(ISIC_2019)\Dataset\BCC\ISIC_0031986.jpg,isic_0031986,1,ef5b364f3c402637836872e756a06827db37b72b02326978e748632baf79e2b4,1286,0
C:\SRS(ISIC_2019)\Dataset\BCC\ISIC_0032061.jpg,isic_0032061,1,444029eb27fcb88406902c5d7bd6f2d2413a1a200bd12775c9241a04058c3bc7,1289,0
C:\SRS(ISIC_2019)\Dataset\BCC\ISIC_0032222.jpg,isic_0032222,1,24e4dae4ebceae4c0350b3885b0ba4a4315b1d128cd42826a462cba78f15253a,1298,0
C:\SRS(ISIC_2019)\Dataset\BCC\ISIC_0032314.jpg,isic_0032314,1,d2dc058a6fa1295f05635d3bab7496067248d6e37d0eaff3fc78138039138cd1,1304,0
C:\SRS(ISIC_2019)\Dataset\BCC\ISIC_0032727.jpg,isic_0032727,1,5e117d3c83dbd9da87b8e14c6c7190fd2b30b000faaf5f1ccc491eceb57e39cb,1320,0
C:\SRS(ISIC_2019)\Dataset\BCC\ISIC_0032816.jpg,isic_0032816,1,943021f465639d4cf27b1a8e316fd90d3f21df176ff002db56cf71d761ebb5a7,1326,0
C:\SRS(ISIC_2019)\Dataset\BCC\ISIC_0032959.jpg,isic_0032959,1,7342a9d26cb0a38bba59bc25eacf66f77f54059262df647553b35269923ff199,1332,0
C:\SRS(ISIC_2019)\Dataset\BCC\ISIC_0033146.jpg,isic_0033146,1,8b2db18cb55714d3ef518ffe8d095b124bd0a6ae4ba0c8857a3fc1113bab8ae0,1339,0
C:\SRS(ISIC_2019)\Dataset\BCC\ISIC_0033248.jpg,isic_0033248,1,a7758af97b312a038af9872daa9181abf33f9cf4076c0d4f852898809f81aa71,1343,0
C:\SRS(ISIC_2019)\Dataset\BCC\ISIC_0034047.jpg,isic_0034047,1,4d53ea6dd58d6264946a8132ff36843f6bf15ed547ff98e842ac6453236f6829,1365,0
C:\SRS(ISIC_2019)\Dataset\BCC\ISIC_0034058.jpg,isic_0034058,1,0855645b375211b5833f12689b3ea92ff4c5589a670afb02204cd46ab6e23d10,1366,0
C:\SRS(ISIC_2019)\Dataset\BCC\ISIC_0034161.jpg,isic_0034161,1,a21aa2aa62388d4d38923762d40b72d91febe390d36f310912ba8bf33baeed21,1375,0
C:\SRS(ISIC_2019)\Dataset\BCC\ISIC_0053511.jpg,isic_0053511,1,af515e337a5be5a8e9fb541bbc9c2cd40fd3101b17a66470839ad43b11a24ade,1389,0
C:\SRS(ISIC_2019)\Dataset\BCC\ISIC_0053534.jpg,isic_0053534,1,f5dde0e6170f7894efdd41bd8cb2074cc8b806cb68373f9078488302f149a962,1392,0
C:\SRS(ISIC_2019)\Dataset\BCC\ISIC_0053537.jpg,isic_0053537,1,16e2270971721893389dab88514737d164f0ec59d7e504e2d6e8a2968a67927d,1394,0
C:\SRS(ISIC_2019)\Dataset\BCC\ISIC_0053546.jpg,isic_0053546,1,4befffc41da822bbc71ab5a2d0a43532381041a5a7cda0abd2bcb6edd209dadf,1396,0
C:\SRS(ISIC_2019)\Dataset\BCC\ISIC_0053583.jpg,isic_0053583,1,d33a1cc037e6d9f54aac07ff229787aa1bc98aa4440f5088fa9b29b99e1f3da3,1402,0
C:\SRS(ISIC_2019)\Dataset\BCC\ISIC_0053626.jpg,isic_0053626,1,19a6d6c9520b81e6063c41f74160b5c50ed62d4c30f88a10a4a58dac3bd461e3,1407,0
C:\SRS(ISIC_2019)\Dataset\BCC\ISIC_0053714.jpg,isic_0053714,1,f28a551e0e2a2f6ba11512b89cf23596f17bfc8124bb0cdaa483f77f76d47405,1416,0
C:\SRS(ISIC_2019)\Dataset\BCC\ISIC_0053762.jpg,isic_0053762,1,aaa68e08b99b50e7cf50a15f2ffc9a58ab7cc9b9125d652618e2dd0de3763636,1423,0
C:\SRS(ISIC_2019)\Dataset\BCC\ISIC_0053813.jpg,isic_0053813,1,026cbbf1964f02a17bc4439ea11868cca013a47cecefc8da57ee89a2b297db8f,1428,0
C:\SRS(ISIC_2019)\Dataset\BCC\ISIC_0053840.jpg,isic_0053840,1,9381c8d34c46d2a45d447f04cbede3421eac7444459db206d0c85d9e75c76764,1432,0
C:\SRS(ISIC_2019)\Dataset\BCC\ISIC_0053935.jpg,isic_0053935,1,42e8cea3b97244329a3751e3d8d729c1cccd6542ca6c5a968ffd2861ede29f53,1444,0
C:\SRS(ISIC_2019)\Dataset\BCC\ISIC_0054055.jpg,isic_0054055,1,d876768a56ca4af911c5237e65998861099a8dbbdcc24f622827f41b5280ba88,1454,0
C:\SRS(ISIC_2019)\Dataset\BCC\ISIC_0054075.jpg,isic_0054075,1,da1e10a8e4b724e0841e486c485df08a4e1f06b6b46e4f51238321de02586a39,2567,0
C:\SRS(ISIC_2019)\Dataset\BCC\ISIC_0054202.jpg,isic_0054202,1,d0e21322c90ebd4c2cd651b8940a75624ab6706ee769dc8b10a7a95971203f89,1479,0
C:\SRS(ISIC_2019)\Dataset\BCC\ISIC_0054243.jpg,isic_0054243,1,117742d72f17867522dedbd5e4b3021a6059dcd2592df851de3684957310fe78,1485,0
C:\SRS(ISIC_2019)\Dataset\BCC\ISIC_0054340.jpg,isic_0054340,1,e0e5a1550997638c20f45b57e2770e03fbc1176f68ea28d293152935ea2f1e82,1494,0
C:\SRS(ISIC_2019)\Dataset\BCC\ISIC_0054344.jpg,isic_0054344,1,75809cae8fb3588fd5c365e2441cd8a01ff1e52620d378d46ae9f740873d401c,1496,0
C:\SRS(ISIC_2019)\Dataset\BCC\ISIC_0054346.jpg,isic_0054346,1,585771721943f16b152a585b20fbf30ed7db2abd92a47812e030e50ee89bd2d7,1497,0
C:\SRS(ISIC_2019)\Dataset\BCC\ISIC_0054362.jpg,isic_0054362,1,72e169c7d10b0a7e7022b35bb01911422944fa412b2b22b456e6cf086997c584,1500,0
C:\SRS(ISIC_2019)\Dataset\BCC\ISIC_0054390.jpg,isic_0054390,1,b93449aed8af050dfc8cfec62919f11967fce3d5ba371648edb584db93334a01,1503,0
C:\SRS(ISIC_2019)\Dataset\BCC\ISIC_0054443.jpg,isic_0054443,1,3fadd408f8fb0d1a1cb60ccf8975a9f9e04b2117a7feef16be91dc14a5d69869,1510,0
C:\SRS(ISIC_2019)\Dataset\BCC\ISIC_0054593.jpg,isic_0054593,1,c2d2ebdec8d97443e47d906f8d454b4e89b28c5c35a4929ba5e773225db1c05e,1531,0
C:\SRS(ISIC_2019)\Dataset\BCC\ISIC_0054602.jpg,isic_0054602,1,168bfa5bc73e4df7eb5f9404bffb1bdf8cbb41e2a014f18bc2551126e81acd91,1533,0
C:\SRS(ISIC_2019)\Dataset\BCC\ISIC_0054615.jpg,isic_0054615,1,079ce0d830c70582dacdf590fc660f9f3baa520acfe6734297f47cb461d3222a,1536,0
C:\SRS(ISIC_2019)\Dataset\BCC\ISIC_0054668.jpg,isic_0054668,1,520d8373ea36ee4bf245f592a5f4970398b679c88f0bf4d73cf2c5d1f21e69b6,1548,0
C:\SRS(ISIC_2019)\Dataset\BCC\ISIC_0054722.jpg,isic_0054722,1,06126f8816650557fff559dc1eab5970dd9efe88c3cf369ce713b7ced9f8c657,1554,0
C:\SRS(ISIC_2019)\Dataset\BCC\ISIC_0054782.jpg,isic_0054782,1,36ff407556034a0955021207509cd8bc3b2b66b196da32ce278808ac7bc900ee,1564,0
C:\SRS(ISIC_2019)\Dataset\BCC\ISIC_0054799.jpg,isic_0054799,1,1e35a4acc1c7e90c7bedc8b8b421b2971c651e4e426c6b252b043b409d19ca7f,1566,0
C:\SRS(ISIC_2019)\Dataset\BCC\ISIC_0054817.jpg,isic_0054817,1,695af090fa329f3f57b5bf8fffd59dbfe5f2378a050f5d917be2873d17095ab8,1567,0
C:\SRS(ISIC_2019)\Dataset\BCC\ISIC_0054854.jpg,isic_0054854,1,06603ed9f92bf1bc8b8a1d052f34ceb5943abb14b361ad4f39c8d8370ba22030,1574,0
C:\SRS(ISIC_2019)\Dataset\BCC\ISIC_0054861.jpg,isic_0054861,1,68bdcbd361a420d2c20d3f2ff033c00b06a50d1c0a5b10832c954235cc4ebde9,1575,0
C:\SRS(ISIC_2019)\Dataset\BCC\ISIC_0054972.jpg,isic_0054972,1,036d378aa25d4396c793e01ea33923a5793919b129f5b86b809f4bc54e06207e,1589,0
C:\SRS(ISIC_2019)\Dataset\BCC\ISIC_0054986.jpg,isic_0054986,1,655ca6a8abb8b3c9d9d99d9f57dc699b4646e9e48a5ea43232a9932551086d67,3344,0
C:\SRS(ISIC_2019)\Dataset\BCC\ISIC_0055010.jpg,isic_0055010,1,0594ce8bc196e30b3029b3c40fe8e0fc0f4f21198651acc307aab3ee2bc40567,1596,0
C:\SRS(ISIC_2019)\Dataset\BCC\ISIC_0055059.jpg,isic_0055059,1,61604887131f3267de3b6763d42cabad296c43c6dcee06b8eb9ccbda4ff2e2bd,1603,0
C:\SRS(ISIC_2019)\Dataset\BCC\ISIC_0055135.jpg,isic_0055135,1,01e5299278bc4294dff5a67941e1c7ee472600de0aac0518d5428b1fa4f68c65,1616,0
C:\SRS(ISIC_2019)\Dataset\BCC\ISIC_0055201.jpg,isic_0055201,1,3b69b9605dff6cf61d1b7d2909fb0fe5e0a148b6f43b91aa88ce6f28dc9177f2,1621,0
C:\SRS(ISIC_2019)\Dataset\BCC\ISIC_0055223.jpg,isic_0055223,1,6131781879199f898d493d4ad090809add1a858e1e00eef69f09dc7fcc607520,1625,0
C:\SRS(ISIC_2019)\Dataset\BCC\ISIC_0055225.jpg,isic_0055225,1,4e5c69eb32af636fa3343f5cf6979aac5d38ea034425062639842b42513c2b3e,1626,0
C:\SRS(ISIC_2019)\Dataset\BCC\ISIC_0055245.jpg,isic_0055245,1,fa99e1231eb8f4648f08c9b68c1a98ddc3bfbe0d92fa10594e444bfe049a8e5b,1628,0
C:\SRS(ISIC_2019)\Dataset\BCC\ISIC_0055271.jpg,isic_0055271,1,fe24b532b3e11bbc86f3c666771ddacc0a4e70e5807abe3cbec6aa5ca89714f3,1631,0
C:\SRS(ISIC_2019)\Dataset\BCC\ISIC_0055303.jpg,isic_0055303,1,43664b2986ad0cd157acf39cba493432682f3730fc00cfcf045b20ebef4724a6,1635,0
C:\SRS(ISIC_2019)\Dataset\BCC\ISIC_0055347.jpg,isic_0055347,1,b10aeae5df07233a15ef72ac6cfb41a453007407935b5ec00dac42adebeae5c3,1642,0
C:\SRS(ISIC_2019)\Dataset\BCC\ISIC_0055375.jpg,isic_0055375,1,e5f159a533fd322f38bf68f7494b77d56f7602d0204539a22fc9c55e11657c02,1648,0
C:\SRS(ISIC_2019)\Dataset\BCC\ISIC_0055483.jpg,isic_0055483,1,bbf2b9f01113b864d2a03c7bc649bce1aedd3b579223a6685ec3890353fdbe50,1661,0
C:\SRS(ISIC_2019)\Dataset\BCC\ISIC_0055493.jpg,isic_0055493,1,ab6f0c19cfb6fe19f48f516b1155af637973bf73b77065a66a8ea4ffa30ba997,1663,0
C:\SRS(ISIC_2019)\Dataset\BCC\ISIC_0055529.jpg,isic_0055529,1,1b55aadaa46f6d48dd753707b4083c70c44fcd5974621b11a028651dbd0d87b3,1667,0
C:\SRS(ISIC_2019)\Dataset\BCC\ISIC_0055539.jpg,isic_0055539,1,57e62632494d426d84696253345aadcb7881ef7bf6f0ccb5f589521d4e771d27,1668,0
C:\SRS(ISIC_2019)\Dataset\BCC\ISIC_0055567.jpg,isic_0055567,1,d2f5e2461d9423089c43cea9e7bf9164763c4bf45d966ee22cf7b0a7d7b3fcf4,1671,0
C:\SRS(ISIC_2019)\Dataset\BCC\ISIC_0055600.jpg,isic_0055600,1,11d6e8780b9dd0a520ee93638ffe39ad2ec51c3e58c606361011104cc32c744b,1673,0
C:\SRS(ISIC_2019)\Dataset\BCC\ISIC_0055606.jpg,isic_0055606,1,89d50f28cb533c485ce66473aaf889013142ea0b74ae142bbda387dd5b4331ee,1675,0
C:\SRS(ISIC_2019)\Dataset\BCC\ISIC_0055638.jpg,isic_0055638,1,5ac21e60c9285e87e0f818106365b616baee0e0c6e5707e03c76c022aad0f61c,1678,0
C:\SRS(ISIC_2019)\Dataset\BCC\ISIC_0055641.jpg,isic_0055641,1,34d43b04c3bc3eb51221195ed44b5f70b56a9a41ff11578371cecfb7f075cbab,1679,0
C:\SRS(ISIC_2019)\Dataset\BCC\ISIC_0055681.jpg,isic_0055681,1,2ce26c7d40ad700296c27b35633ab0fa2b69004effd4ce7e0ea99ff125022806,1685,0
C:\SRS(ISIC_2019)\Dataset\BCC\ISIC_0055693.jpg,isic_0055693,1,9c7fe4ca71c5dd837cc5160e25423af0dbcc03f54909f7d3668c6a1691cfded4,1686,0
C:\SRS(ISIC_2019)\Dataset\BCC\ISIC_0055716.jpg,isic_0055716,1,3b070822dfa0099c818d0d8806c00fb3d24f794b41dabbff3bcdcbdd1759754b,1689,0
C:\SRS(ISIC_2019)\Dataset\BCC\ISIC_0055736.jpg,isic_0055736,1,06929c65ea51a050c389f92b8ed781d6d7232f79ca0cfe5afdab4ce6c937ee28,1695,0
C:\SRS(ISIC_2019)\Dataset\BCC\ISIC_0055748.jpg,isic_0055748,1,a9f2f45bdf4a55a21dd5eacbdf5e942fb47443d4e57151ba16069069ca69fddd,1697,0
C:\SRS(ISIC_2019)\Dataset\BCC\ISIC_0055766.jpg,isic_0055766,1,977cd0471698457f935be79cbae7773ef6ef3aa9d8dbb20a7d18707cffa2f436,1703,0
C:\SRS(ISIC_2019)\Dataset\BCC\ISIC_0055792.jpg,isic_0055792,1,7f467be3db39eaf7995a7e509271f87ae853262289f13c85514bc42c7fa70d93,1710,0
C:\SRS(ISIC_2019)\Dataset\BCC\ISIC_0055861.jpg,isic_0055861,1,6d55d9c3f02ec7df1597b10b5cc40e665aece4d1454bbc4f9ab71832c1254ecd,1717,0
C:\SRS(ISIC_2019)\Dataset\BCC\ISIC_0055898.jpg,isic_0055898,1,ef5917387a0882bec4ade2feabdee1fda1d071357b948e2782e53de56eca1596,1726,0
C:\SRS(ISIC_2019)\Dataset\BCC\ISIC_0055913.jpg,isic_0055913,1,821e91fe3d0b241c6f3a3d27cffde9593a0cdb452a66bbafeecf500d080c763f,1728,0
C:\SRS(ISIC_2019)\Dataset\BCC\ISIC_0055916.jpg,isic_0055916,1,56e0d0231a2d7ceced83c6b94a9a71e63fd5323537e70e04592e03489763464c,1730,0
C:\SRS(ISIC_2019)\Dataset\BCC\ISIC_0055993.jpg,isic_0055993,1,bb22c37e497019909eeaac1d7d1f37f6854c8f08eea7dc58849497876831795c,1741,0
C:\SRS(ISIC_2019)\Dataset\BCC\ISIC_0056014.jpg,isic_0056014,1,80963b2a8a77a92d1c5fc6c63887a345b4f205bedb974e477c47eb635d65ef50,1742,0
C:\SRS(ISIC_2019)\Dataset\BCC\ISIC_0056030.jpg,isic_0056030,1,1dab4c3297f500cfad52a9ce7b5db40502d2e48aa8b70af054a62c6f72442092,1746,0
C:\SRS(ISIC_2019)\Dataset\BCC\ISIC_0056106.jpg,isic_0056106,1,7b516523acb62f5f2c6ded8eb18623cdcb04f25671fc7885d1d44daa05784dd8,1755,0
C:\SRS(ISIC_2019)\Dataset\BCC\ISIC_0056139.jpg,isic_0056139,1,43877755e38855d2931c004bac3c5873f28b848f36bbab0abde7472bdcdbca28,1758,0
C:\SRS(ISIC_2019)\Dataset\BCC\ISIC_0056157.jpg,isic_0056157,1,0eb110e5f8633491d7eef3a47737ccf060d18f6ff7a573a1033f16fa705b975f,1763,0
C:\SRS(ISIC_2019)\Dataset\BCC\ISIC_0056205.jpg,isic_0056205,1,1715c741de4aafbfe67bc5f09558dd605d4e2dad50bcbcae3bbd323030bcd466,1768,0
C:\SRS(ISIC_2019)\Dataset\BCC\ISIC_0056265.jpg,isic_0056265,1,a204b8b466453f8595b1e615029bcc5e0cdb6ff8374ddf310d96cb3727a69ad8,1780,0
C:\SRS(ISIC_2019)\Dataset\BCC\ISIC_0056293.jpg,isic_0056293,1,582f79586700e7b16989eb11273d8707b7fd03dbe225c603b1ed38f236ebec73,1784,0
C:\SRS(ISIC_2019)\Dataset\BCC\ISIC_0056306.jpg,isic_0056306,1,725849e66554913f68e64dd0eefc7f0cb0178cde64029dc0e65a5b462291f5a3,1787,0
C:\SRS(ISIC_2019)\Dataset\BCC\ISIC_0056317.jpg,isic_0056317,1,0de918d7126e2f82479a09c958f02401e6f091d95bbcc961f3d507e389cf63a7,1789,0
C:\SRS(ISIC_2019)\Dataset\BCC\ISIC_0056503.jpg,isic_0056503,1,76f4973f03440333e5fc56e55f2c7dee5e8ffd67926d1d14fcf713110b29a2a4,1804,0
C:\SRS(ISIC_2019)\Dataset\BCC\ISIC_0056560.jpg,isic_0056560,1,ee261b2991e07d18ee60237bcd940d8a89878105ea36f5f0fa08571d94087b71,1811,0
C:\SRS(ISIC_2019)\Dataset\BCC\ISIC_0056631.jpg,isic_0056631,1,de622c3830a233c5f34a1262325eb790ffcdebf0b45281aff283e1602cb36780,1819,0
C:\SRS(ISIC_2019)\Dataset\BCC\ISIC_0056661.jpg,isic_0056661,1,f47dfe3e960294bf6acd9e8cd6a0fcf6b6bed2274f168b41b1873d2c3b4fce7f,1821,0
C:\SRS(ISIC_2019)\Dataset\BCC\ISIC_0056671.jpg,isic_0056671,1,376dea839f5dac5e70292676eb58965efc8e441b84ee16b52765f73f1cdae549,1823,0
C:\SRS(ISIC_2019)\Dataset\BCC\ISIC_0056685.jpg,isic_0056685,1,ff6aa4192ed15731daf9cec9b9635a2a0c63f79d7da97740436fc98586aa6e54,1825,0
C:\SRS(ISIC_2019)\Dataset\BCC\ISIC_0056696.jpg,isic_0056696,1,fc0e15c4d814a5a86d0eb90234d24eca9f122aa70f21dbe178aa97f902dcc5ae,1828,0
C:\SRS(ISIC_2019)\Dataset\BCC\ISIC_0056730.jpg,isic_0056730,1,2c3a2596b1d319555b79999f4953f887eb43504c2a15c8825ff179e8cdcc1cc8,1832,0
C:\SRS(ISIC_2019)\Dataset\BCC\ISIC_0056737.jpg,isic_0056737,1,9225a3f809f9cd448d07982b40dc4b20509c0cec41524ea0da4f10e9d391d088,1834,0
C:\SRS(ISIC_2019)\Dataset\BCC\ISIC_0056742.jpg,isic_0056742,1,78761c1b9a01579fb45efc1cd495898205f52982b8681f3d1855de7ef3000d67,1835,0
C:\SRS(ISIC_2019)\Dataset\BCC\ISIC_0056780.jpg,isic_0056780,1,7beab8ef157955c7c35be791713a5bd5169b5c2c135d7c1937cb1c0ea998de43,1840,0
C:\SRS(ISIC_2019)\Dataset\BCC\ISIC_0056843.jpg,isic_0056843,1,f31a9dc4e2595e9a5acbda02508724591f25753c1690c268a028de0d754815c3,1846,0
C:\SRS(ISIC_2019)\Dataset\BCC\ISIC_0056887.jpg,isic_0056887,1,731f2455c4ce871c4d2706a378754b1cf3f1808685c24e9cb94bb80819830596,1851,0
C:\SRS(ISIC_2019)\Dataset\BCC\ISIC_0056899.jpg,isic_0056899,1,deaf4ecdc57848cb3ee66cb2799b907e059e12bf5aa7109a62cf1f2dfb5d1cfd,1854,0
C:\SRS(ISIC_2019)\Dataset\BCC\ISIC_0056916.jpg,isic_0056916,1,d153b7bc4378968f06d005165debdd34e3ea543dd7a93e3a84f39844cc1efdb2,1855,0
C:\SRS(ISIC_2019)\Dataset\BCC\ISIC_0056929.jpg,isic_0056929,1,f0df263903c131cb37af355bc8bb24554f9d9ff5405b0fd68e5237030c621e34,1858,0
C:\SRS(ISIC_2019)\Dataset\BCC\ISIC_0056963.jpg,isic_0056963,1,d4b4134dd555f7582621280f6d4a8c59386d6138bbad2cc8744519e66ae0dff4,1865,0
C:\SRS(ISIC_2019)\Dataset\BCC\ISIC_0057020.jpg,isic_0057020,1,1f9bb6b35fabbe390ec404b19f274bdb615da2831274ea03aea38e0605bbb788,1871,0
C:\SRS(ISIC_2019)\Dataset\BCC\ISIC_0057069.jpg,isic_0057069,1,52ff3399762a24b84f1d500fbd737473d41d47ab06dae54d3bc3705c326fdf58,1878,0
C:\SRS(ISIC_2019)\Dataset\BCC\ISIC_0057075.jpg,isic_0057075,1,c48105bdf837119d501f5d457ff8beb445225603d1387832ac4be2d681697b45,1879,0
C:\SRS(ISIC_2019)\Dataset\BCC\ISIC_0057114.jpg,isic_0057114,1,4204b6939cddae7dc5fc561d5da6f03a7f1803f5fbf84681322f7fefa72cf4e1,1887,0
C:\SRS(ISIC_2019)\Dataset\BCC\ISIC_0057132.jpg,isic_0057132,1,c0940455d3e19c3e5e84ccf93c3eaf6075a4f067bd53568b426ae84c1e7ee6a5,1889,0
C:\SRS(ISIC_2019)\Dataset\BCC\ISIC_0057195.jpg,isic_0057195,1,cb552dff93cb5d5694576d10c3fdd67f3b2dbcea7aaf2b44ea31f232cd069da9,1897,0
C:\SRS(ISIC_2019)\Dataset\BCC\ISIC_0057233.jpg,isic_0057233,1,a21b73b60dba73a91e2b11c1aa8b5e5120b634e5f649b92a69a9a17178243f0d,1900,0
C:\SRS(ISIC_2019)\Dataset\BCC\ISIC_0057308.jpg,isic_0057308,1,579e276132746195caf7a5dc65c1e11d7b78e343ed1aef05ef5edf2656fa518c,1912,0
C:\SRS(ISIC_2019)\Dataset\BCC\ISIC_0057318.jpg,isic_0057318,1,8adfc2c8d5cc906491d349a3603292098efe81cc9506b5f8d19d4db5b12ff804,1913,0
C:\SRS(ISIC_2019)\Dataset\BCC\ISIC_0057349.jpg,isic_0057349,1,be74dc924826c11f4411661467cf01f90f6d1ab8e4e728081e379a61a3f849fa,1918,0
C:\SRS(ISIC_2019)\Dataset\BCC\ISIC_0057424.jpg,isic_0057424,1,183ec1ef75e40ba86134371644d02e7d683aefcd9fe3769aea49a976496977b1,1932,0
C:\SRS(ISIC_2019)\Dataset\BCC\ISIC_0057439.jpg,isic_0057439,1,17d0ccc4a62ed007998a2e52eeb51aaf5e6abf7f8441dd159a21ed14fc6d2dd8,1934,0
C:\SRS(ISIC_2019)\Dataset\BCC\ISIC_0057445.jpg,isic_0057445,1,adcf5e76b35d0c8a87293f336528d7d9f6779b62c52aaddb7697909b1dac751e,1936,0
C:\SRS(ISIC_2019)\Dataset\BCC\ISIC_0057503.jpg,isic_0057503,1,2e45b72f73cffa818d1d96a3282acb94fa3da0b674c891766b3519a5ee596dcb,1942,0
C:\SRS(ISIC_2019)\Dataset\BCC\ISIC_0057504.jpg,isic_0057504,1,94d815368d6404a445beec9df8ad2c4f02b97a089c62be870af5b8575500a5bb,1943,0
C:\SRS(ISIC_2019)\Dataset\BCC\ISIC_0057592.jpg,isic_0057592,1,de98953732928a9a9bc9e52fb8611bc8a6391dcbaf9236c4375bd4bd9688f866,1954,0
C:\SRS(ISIC_2019)\Dataset\BCC\ISIC_0057604.jpg,isic_0057604,1,ae335b8c1dd20b971d14bd52fedfec7659cbaf829c4b3bad4a6667b0a8b9f0c6,1956,0
C:\SRS(ISIC_2019)\Dataset\BCC\ISIC_0057627.jpg,isic_0057627,1,47203f406f8e4b555508a7e96fe3766b51055098d925d8b7001b892d7de8a3e7,1957,0
C:\SRS(ISIC_2019)\Dataset\BCC\ISIC_0057642.jpg,isic_0057642,1,a1e821985f588b249be3d8cd10f8eafba9e1397be99532440f039ea61c8943e0,1959,0
C:\SRS(ISIC_2019)\Dataset\BCC\ISIC_0057666.jpg,isic_0057666,1,dcfcc35d50df07aef0fdb0b6ecb5fe2c43ebff1a542145a4a8b59436f216fb1f,1964,0
C:\SRS(ISIC_2019)\Dataset\BCC\ISIC_0057755.jpg,isic_0057755,1,09feea96cb7482445b64659e418f5c36679b5aef6961080ca2f84e57f5d7fb4c,1971,0
C:\SRS(ISIC_2019)\Dataset\BCC\ISIC_0057804.jpg,isic_0057804,1,efd3ac65e32e8d44053c14c8d74b691d92cba19fba7c479ccd219a55a5bf457e,1974,0
C:\SRS(ISIC_2019)\Dataset\BCC\ISIC_0057853.jpg,isic_0057853,1,a65b03f144c77ff2096a8f58cf02915f289d02a1557278beae7a43c03c453188,1981,0
C:\SRS(ISIC_2019)\Dataset\BCC\ISIC_0058038.jpg,isic_0058038,1,c0afab3cd3b8e34fb3fdb389cbf586b0c90e9cc2cab7eeec6db63ede55bdad5c,2006,0
C:\SRS(ISIC_2019)\Dataset\BCC\ISIC_0058084.jpg,isic_0058084,1,d17d8c45767d950627381c593e9ad2f284a3e107516c54c824fc0c472412765c,2016,0
C:\SRS(ISIC_2019)\Dataset\BCC\ISIC_0058128.jpg,isic_0058128,1,f2da438dd376dc814804e9a8719f731d4e9d224ad78249cb62486c266a853ce4,2021,0
C:\SRS(ISIC_2019)\Dataset\BCC\ISIC_0058309.jpg,isic_0058309,1,de0154cde90af9969198486b31b36545b2bd2a497b058953cb761180dcf40775,2045,0
C:\SRS(ISIC_2019)\Dataset\BCC\ISIC_0058339.jpg,isic_0058339,1,b9de11b6df3b6ddbbf2e55a5f8eb064c3ced8140f49059855c8519517ff8f471,2049,0
C:\SRS(ISIC_2019)\Dataset\BCC\ISIC_0058555.jpg,isic_0058555,1,5893cf56810c5318671e9512b9c416087228e22ffc49b8a063d4e10d2843f15f,2081,0
C:\SRS(ISIC_2019)\Dataset\BCC\ISIC_0058573.jpg,isic_0058573,1,ea873a76546606b941a6d377f2921a692c4a71bba5642733d9b933809dd94640,2084,0
C:\SRS(ISIC_2019)\Dataset\BCC\ISIC_0058602.jpg,isic_0058602,1,83a182c0d76bf0420d1118199523dde91a47e2eec1d2cc1bbdf88011ff5dcf23,2089,0
C:\SRS(ISIC_2019)\Dataset\BCC\ISIC_0058654.jpg,isic_0058654,1,bec9037614610c0493bdfe1d1b9d7025528ebd863a418d540f5ca552607b9246,2093,0
C:\SRS(ISIC_2019)\Dataset\BCC\ISIC_0058670.jpg,isic_0058670,1,7456de0ce8d2da2fa7c249302894606d9c5181777c532fa5c201ffd320c26b5c,2095,0
C:\SRS(ISIC_2019)\Dataset\BCC\ISIC_0058680.jpg,isic_0058680,1,e59f7e7491a278b688fd383b8b34860f0b6502fce65c12912dc4de55eefcd2a7,2097,0
C:\SRS(ISIC_2019)\Dataset\BCC\ISIC_0058698.jpg,isic_0058698,1,1f7d9deae03accd659a038a66196b194501dd0107f4b7f252807da530e948c1e,2101,0
C:\SRS(ISIC_2019)\Dataset\BCC\ISIC_0058699.jpg,isic_0058699,1,3adbffe3e111d4ed09a086b5eeb02af5ade8debf861614449b97f7965d59fabf,2102,0
C:\SRS(ISIC_2019)\Dataset\BCC\ISIC_0058735.jpg,isic_0058735,1,50569d6e0ae1263d88d573a69588ec08fc3b5d11e5113f01f46a2259232c4af6,2108,0
C:\SRS(ISIC_2019)\Dataset\BCC\ISIC_0058744.jpg,isic_0058744,1,802a2fd6cb32c82cb8645a2eaf6b594b4312f91f9d6c5344b540bd42fa093d74,2109,0
C:\SRS(ISIC_2019)\Dataset\BCC\ISIC_0058745.jpg,isic_0058745,1,df28aaaab9e7367e5538fa4069383c028aaab9c660bb0f95f9b043ea59f62a6c,2110,0
C:\SRS(ISIC_2019)\Dataset\BCC\ISIC_0058784.jpg,isic_0058784,1,d50636aaed2e33f3da223b0205a9358c45395a579457555d4ad4429d1df6c60c,2119,0
C:\SRS(ISIC_2019)\Dataset\BCC\ISIC_0058787.jpg,isic_0058787,1,8d8036a7b8e5f756f622a39629aa5672dc0a1f4e2a99442ee8751f9541a56317,2120,0
C:\SRS(ISIC_2019)\Dataset\BCC\ISIC_0058797.jpg,isic_0058797,1,fda8a5926b9f6aa65b9bb0456edbd81ee059799c41143691fe0bbc69abcc0328,2121,0
C:\SRS(ISIC_2019)\Dataset\BCC\ISIC_0058826.jpg,isic_0058826,1,44a4c9cfb82ad34bba5b3eb5fa2515343622de94bee61de90057a7a622daa901,2125,0
C:\SRS(ISIC_2019)\Dataset\BCC\ISIC_0058832.jpg,isic_0058832,1,c17f9a2aba3a3dd67c52916ec4c0853b56ec2689e949d7939f00f45ba40fdfe0,2126,0
C:\SRS(ISIC_2019)\Dataset\BCC\ISIC_0058842.jpg,isic_0058842,1,c10ce39322d8abeebcf313386fd5fae1add88deb2ead7c68c24995c21ebf4a65,2128,0
C:\SRS(ISIC_2019)\Dataset\BCC\ISIC_0058860.jpg,isic_0058860,1,1c22264a6c7c60f63008ee3ab3d9cf473b7d68be561f72bb71511b0d9527a059,2131,0
C:\SRS(ISIC_2019)\Dataset\BCC\ISIC_0058883.jpg,isic_0058883,1,4230d7e1c873fe622d16bd249cb6412c447158c0a591e4bdfba626d823eddc3a,2135,0
C:\SRS(ISIC_2019)\Dataset\BCC\ISIC_0058898.jpg,isic_0058898,1,91d0594b7d8baa2ae55a3b01b0a0d4adc1b95615ee6992adbc28eb901486f46e,2137,0
C:\SRS(ISIC_2019)\Dataset\BCC\ISIC_0058905.jpg,isic_0058905,1,78b2c484d6c3160173262ceedb56e175aa9533732cfd3986ae050a5274b46f61,2140,0
C:\SRS(ISIC_2019)\Dataset\BCC\ISIC_0058997.jpg,isic_0058997,1,cac78ff0a5be7c1b038010c43a56be27ef08e73fb4bbde250005e23b4d53e655,2152,0
C:\SRS(ISIC_2019)\Dataset\BCC\ISIC_0059009.jpg,isic_0059009,1,a973843f6fa841ff78a1e433a6d1d0e764c509c1e3023895eb3f80fb8f4ab59d,2154,0
C:\SRS(ISIC_2019)\Dataset\BCC\ISIC_0059070.jpg,isic_0059070,1,8cec5b800a0a0f2d84b5bc3a82034abd08866b0b13ac2f2a2088b7eae7c21aaa,2163,0
C:\SRS(ISIC_2019)\Dataset\BCC\ISIC_0059105.jpg,isic_0059105,1,dd9dc3ab57f6f90ffac99fa0aaa11bb77630f4d971d018ebca259f7a3be1833b,2168,0
C:\SRS(ISIC_2019)\Dataset\BCC\ISIC_0059113.jpg,isic_0059113,1,6eb316922a1d05285f0b40f77bf8604295fae75c2bee4f6d437df8ce05f80fa9,2171,0
C:\SRS(ISIC_2019)\Dataset\BCC\ISIC_0059162.jpg,isic_0059162,1,42721267959072654a8fa25e9af79bb34d1fdf196b07c538a2b4fee1d3579e46,2181,0
C:\SRS(ISIC_2019)\Dataset\BCC\ISIC_0059201.jpg,isic_0059201,1,78cf937210a885774c8759b93be83392a372c174df382efdd687253c6fc0449e,2185,0
C:\SRS(ISIC_2019)\Dataset\BCC\ISIC_0059210.jpg,isic_0059210,1,62154372c38e060fb16b3b9b7a1e4355996a28cd45072656b78f320df764f8f3,2186,0
C:\SRS(ISIC_2019)\Dataset\BCC\ISIC_0059212.jpg,isic_0059212,1,cab5eaa73af15ae806bcd65628d5b0e6a76b91f0545a8733f5fb7d07d4787542,2187,0
C:\SRS(ISIC_2019)\Dataset\BCC\ISIC_0059307.jpg,isic_0059307,1,a2bdf5a7c4e17f07454e5f64fdf20fa1b998d99bb0ce09b6efbd369d052b5978,2201,0
C:\SRS(ISIC_2019)\Dataset\BCC\ISIC_0059396.jpg,isic_0059396,1,5752d04bf4258cf57c78243d1841333e13534d507d09337df3457c5ad80edc6a,2212,0
C:\SRS(ISIC_2019)\Dataset\BCC\ISIC_0059400.jpg,isic_0059400,1,774019e9c35baca43c16c4705791c7602903ab8c05aa24325c313bef9ca9a446,2213,0
C:\SRS(ISIC_2019)\Dataset\BCC\ISIC_0059670.jpg,isic_0059670,1,2d3e463d688d038fd456a32504ff65ace9448e136b06078ffd096e4381a1886b,2244,0
C:\SRS(ISIC_2019)\Dataset\BCC\ISIC_0059689.jpg,isic_0059689,1,0f78599d06c36a687d158244da50ad9e4a38707982e6f8eec01ce31a029cfa9c,2250,0
C:\SRS(ISIC_2019)\Dataset\BCC\ISIC_0059692.jpg,isic_0059692,1,de951907d4822dc5829be215218321accfa5b5cfd0a61d0936ac81f990782711,2252,0
C:\SRS(ISIC_2019)\Dataset\BCC\ISIC_0059717.jpg,isic_0059717,1,dfc207a863f199079a2dd901d469a94ba9258b5814eedddb7ecaa881c706c53b,2253,0
C:\SRS(ISIC_2019)\Dataset\BCC\ISIC_0059914.jpg,isic_0059914,1,7ca4735089891496b906fc8c2d6d7c4a817d7ff45cfe00c9047f1a9fb0f71ed9,2285,0
C:\SRS(ISIC_2019)\Dataset\BCC\ISIC_0059946.jpg,isic_0059946,1,52ba1c9379ea88a365e5096730bcc2f911ebf9c9550963c85eefccb04e51c43d,2290,0
C:\SRS(ISIC_2019)\Dataset\BCC\ISIC_0060011.jpg,isic_0060011,1,c097a483af5f44c213a300ae9ed2ddf7392f1a91837d1373e1fd4e787cc8f179,2308,0
C:\SRS(ISIC_2019)\Dataset\BCC\ISIC_0060028.jpg,isic_0060028,1,5cb6603ed326bf92125079d1403549a018340d1cd614f2dc6ee6bd0e556e508c,2311,0
C:\SRS(ISIC_2019)\Dataset\BCC\ISIC_0060053.jpg,isic_0060053,1,4ec423ef421d7c8021ac0a69b314e21f2c581b595741e31219a0fec1aa4411ad,2315,0
C:\SRS(ISIC_2019)\Dataset\BCC\ISIC_0060079.jpg,isic_0060079,1,c97c2fc6d90ff9bf2a4496fd1f4f59dc2e90908a0c81091052f915e410290c2c,2318,0
C:\SRS(ISIC_2019)\Dataset\BCC\ISIC_0060120.jpg,isic_0060120,1,5cf695e1c0bfea277877c20b8a08a74d641c80da3491b0d009f5b4ef06a56e0e,2328,0
C:\SRS(ISIC_2019)\Dataset\BCC\ISIC_0060139.jpg,isic_0060139,1,fe9a3e273703c079a8c64682bee73e7613ef8d08f394bae2b5fcf1e3be358109,2333,0
C:\SRS(ISIC_2019)\Dataset\BCC\ISIC_0060149.jpg,isic_0060149,1,509a8fbc6da5a3ac182bf5fe552d1511b86d481a1530440338b5e7c607f5afeb,2336,0
C:\SRS(ISIC_2019)\Dataset\BCC\ISIC_0060180.jpg,isic_0060180,1,1eaa18cbcc3822d614f495df6125c013d462dbaaec5c6cbbed6852d43a9b0558,2341,0
C:\SRS(ISIC_2019)\Dataset\BCC\ISIC_0060400.jpg,isic_0060400,1,e78cd607811bd991ba774974d806aeadd15628eccab6fe49e1a578f47b581018,2371,0
C:\SRS(ISIC_2019)\Dataset\BCC\ISIC_0060401.jpg,isic_0060401,1,1de13a732869da7de63471685bb3f40ff00a4d73a34d6611ffc527488b5fc163,2372,0
C:\SRS(ISIC_2019)\Dataset\BCC\ISIC_0060514.jpg,isic_0060514,1,5836dfc2ba01c67a458311de612ade912a9a64f6a49ce4374a7ec6cab4237588,2382,0
C:\SRS(ISIC_2019)\Dataset\BCC\ISIC_0060551.jpg,isic_0060551,1,55a30c55592112f400dd295e48cd5b3dad538768615752d9ab42d9dab382ffea,2386,0
C:\SRS(ISIC_2019)\Dataset\BCC\ISIC_0060588.jpg,isic_0060588,1,84898b1e5f8acd4bd89f5da95de9dc774bf8922b7372f5e5cfb17e47af441542,2389,0
C:\SRS(ISIC_2019)\Dataset\BCC\ISIC_0060590.jpg,isic_0060590,1,f67fc1a638f1cda75865bf76cbff667a1d2140f93151f2e21756d8fd977851bb,2390,0
C:\SRS(ISIC_2019)\Dataset\BCC\ISIC_0060614.jpg,isic_0060614,1,1a3813fcdce300253fcad98d261dddacdea592d590ccb7056dc2ab66f393bc00,2396,0
C:\SRS(ISIC_2019)\Dataset\BCC\ISIC_0060637.jpg,isic_0060637,1,1b5efd8fe8d9b854f73f6652d35f04cd9d36757fa48a217b31a32102c8cf9861,2400,0
C:\SRS(ISIC_2019)\Dataset\BCC\ISIC_0060683.jpg,isic_0060683,1,3ecd533b719f4472319ca599b3fe391681a484055cb7b0ed9e22f1bdfddc7c92,2410,0
C:\SRS(ISIC_2019)\Dataset\BCC\ISIC_0060780.jpg,isic_0060780,1,d91280e5c9b1de4cd88f37d28aa08a2369247474eab5d001628c0a14c0f8d910,2418,0
C:\SRS(ISIC_2019)\Dataset\BCC\ISIC_0060825.jpg,isic_0060825,1,bb2ed7150b2e53cee371527a9ce5c9eebcb3ff9922521cabe05bda20d723a486,2424,0
C:\SRS(ISIC_2019)\Dataset\BCC\ISIC_0060880.jpg,isic_0060880,1,01cf57b3f1d450b58047d821fdc19c49b25888bf946e32b49eef5c37493966cf,2432,0
C:\SRS(ISIC_2019)\Dataset\BCC\ISIC_0060927.jpg,isic_0060927,1,622c65bbaed57dae2a26c769d56ffc1e41450c8e69763e746633dde439ef0f52,2439,0
C:\SRS(ISIC_2019)\Dataset\BCC\ISIC_0060931.jpg,isic_0060931,1,f3c1497f315709650745f293f88236bbd1dc1ae390169d29705c604f78e0a4ca,2441,0
C:\SRS(ISIC_2019)\Dataset\BCC\ISIC_0060947.jpg,isic_0060947,1,e99cfa70b000d0fa3f84805cef71bfc4cc1301e0f4ec9082a664ee86c1461d43,2443,0
C:\SRS(ISIC_2019)\Dataset\BCC\ISIC_0060973.jpg,isic_0060973,1,5a3bed9465d6e437fa489d4347901f91db0410bf0b501ea1c8f7463fa608a507,2445,0
C:\SRS(ISIC_2019)\Dataset\BCC\ISIC_0061026.jpg,isic_0061026,1,310b3e7873169dbcc5df148f7d078415cc9ba6c06f5e91f9d6faf21078c6e15e,2453,0
C:\SRS(ISIC_2019)\Dataset\BCC\ISIC_0061096.jpg,isic_0061096,1,f84a7fc25f0fb71d8ab2eb6a71c7415294828c7aa007b0b3f8a6bf2f1a2cb97a,2463,0
C:\SRS(ISIC_2019)\Dataset\BCC\ISIC_0061100.jpg,isic_0061100,1,7c54289435afb7ac13f443d786fddef0744437e05af95cc2f8939e0072964bb2,2465,0
C:\SRS(ISIC_2019)\Dataset\BCC\ISIC_0061135.jpg,isic_0061135,1,57ae434a24c7f069b94744199834fc1123f2d80f285adb2065a4c92376b92b03,2470,0
C:\SRS(ISIC_2019)\Dataset\BCC\ISIC_0061174.jpg,isic_0061174,1,c91a60d0d2e55bf9755345b06102f421d003195d56fcedf61e9edbe5db47d597,2474,0
C:\SRS(ISIC_2019)\Dataset\BCC\ISIC_0061175.jpg,isic_0061175,1,732d4f21d43f48b6f88ea07769053d4fe982ddb70854e40a82d2e412b56f84d2,2475,0
C:\SRS(ISIC_2019)\Dataset\BCC\ISIC_0061205.jpg,isic_0061205,1,2254651b9bdf11d56312fa06c48b61f3db27c0af667b7603844d975a536c611e,2480,0
C:\SRS(ISIC_2019)\Dataset\BCC\ISIC_0061207.jpg,isic_0061207,1,fdc2065e379a94cb69a60fe414e7c117d41671bdb032ae9f0a93b221fc4b0409,2482,0
C:\SRS(ISIC_2019)\Dataset\BCC\ISIC_0061282.jpg,isic_0061282,1,cc505c3768891e62dd76cd7fd3226c35affc1079639f003d18017e50eacab56f,2492,0
C:\SRS(ISIC_2019)\Dataset\BCC\ISIC_0061284.jpg,isic_0061284,1,6b6007f0800d5128769d784c3e035342baed39bf5e0ad7af46002e03e26eb081,2493,0
C:\SRS(ISIC_2019)\Dataset\BCC\ISIC_0061311.jpg,isic_0061311,1,447c599db93cdf10e228176ecb2f32cfe1a075b1c460f67779d0c577e41c8d93,2498,0
C:\SRS(ISIC_2019)\Dataset\BCC\ISIC_0061313.jpg,isic_0061313,1,6fa3534a09e632b052d2334dfbae879ffa0b492a20493edbb7b3627dc08cd4a3,2499,0
C:\SRS(ISIC_2019)\Dataset\BCC\ISIC_0061324.jpg,isic_0061324,1,c4d9eeb5dcc0596022c3de4c47e7c2dd5f95a9d58ea3be6e2b0a56038aefb186,2501,0
C:\SRS(ISIC_2019)\Dataset\BCC\ISIC_0061341.jpg,isic_0061341,1,dcc65b151a9d73998045f3f69f963a7aa39c837139b6bba6b10e6ac170941896,2504,0
C:\SRS(ISIC_2019)\Dataset\BCC\ISIC_0061386.jpg,isic_0061386,1,082b8a406b1984fea237881a2921d6a7e2d5f83b0e5c8d5ef5ae865068549450,2510,0
C:\SRS(ISIC_2019)\Dataset\BCC\ISIC_0061400.jpg,isic_0061400,1,caeed7fcc986c2cc4671c5a3dad819d5e5f8beff21020960b04ebb00a559af29,2512,0
C:\SRS(ISIC_2019)\Dataset\BCC\ISIC_0061450.jpg,isic_0061450,1,60fda6a92da007140ae11fe8a4cbb483b537b26d6e290462dcaa583dd435bc2e,2520,0
C:\SRS(ISIC_2019)\Dataset\BCC\ISIC_0061456.jpg,isic_0061456,1,d95fd103e66244c0b58a4187301d69a257025a083a4d29036470c497a8382460,2521,0
C:\SRS(ISIC_2019)\Dataset\BCC\ISIC_0061484.jpg,isic_0061484,1,a88f5a1f2ac6629e88bc3bfccb67a4ca0d984fccdedcd38cec5e7135533f4296,2528,0
C:\SRS(ISIC_2019)\Dataset\BCC\ISIC_0061541.jpg,isic_0061541,1,0f61e042a198d94891c1e961fe4ffad715deebc877e4fda6248bd0e1ec024ac0,2535,0
C:\SRS(ISIC_2019)\Dataset\BCC\ISIC_0061548.jpg,isic_0061548,1,3f196faa2d9cd3ab932bd4eb0fad28d32032157984192333319796457e71e3e0,2537,0
C:\SRS(ISIC_2019)\Dataset\BCC\ISIC_0061555.jpg,isic_0061555,1,26cc0c4533952c56cb368db1ad84ca72bfcfe844b97040ac0bc0294dd00d94d7,2538,0
C:\SRS(ISIC_2019)\Dataset\BCC\ISIC_0061621.jpg,isic_0061621,1,23b490a60941a0649d3dd9d28c3bdbd309348d9ef1c185c0746cab82dde695f9,2548,0
C:\SRS(ISIC_2019)\Dataset\BCC\ISIC_0061671.jpg,isic_0061671,1,733892b25cb68ede050fc407c3a393c8bc864394c73af98718f5abcf22ec43cb,2551,0
C:\SRS(ISIC_2019)\Dataset\BCC\ISIC_0061704.jpg,isic_0061704,1,c2ed036dd0e431f0683bb3708c7dd6e2107bc9592e3bed27bfa6ad398fe7f82f,2557,0
C:\SRS(ISIC_2019)\Dataset\BCC\ISIC_0061819.jpg,isic_0061819,1,860c85cb366ff8affeab4024f078a3ad208ae2094623885e8a7074c92a36c5af,2564,0
C:\SRS(ISIC_2019)\Dataset\BCC\ISIC_0061861.jpg,isic_0061861,1,da1e10a8e4b724e0841e486c485df08a4e1f06b6b46e4f51238321de02586a39,2567,0
C:\SRS(ISIC_2019)\Dataset\BCC\ISIC_0061864.jpg,isic_0061864,1,d0f2213b78fcd32545152f15c9d38db218ead53563c8ad5dce2659b79fe51171,2569,0
C:\SRS(ISIC_2019)\Dataset\BCC\ISIC_0061908.jpg,isic_0061908,1,2a5ca1f73a425778e0fa955197de0a7e7175a9add4a9e025cf15eacb0a23561c,2579,0
C:\SRS(ISIC_2019)\Dataset\BCC\ISIC_0061934.jpg,isic_0061934,1,43cdf43bfa0e135889a634047b6c70aad77cf0b3ffad4d7c629f02f74d33274c,2582,0
C:\SRS(ISIC_2019)\Dataset\BCC\ISIC_0061979.jpg,isic_0061979,1,219d45e639c7f55b13923bc70a0197747b55b8307b159f7b8e3f3779746fe230,2585,0
C:\SRS(ISIC_2019)\Dataset\BCC\ISIC_0062015.jpg,isic_0062015,1,d60afb76b82195848407ee42e098e1388caf4ae25fdb1a0fe23b56a3a2037c82,2589,0
C:\SRS(ISIC_2019)\Dataset\BCC\ISIC_0062096.jpg,isic_0062096,1,a4475b044908357aa49cc96d9db99a40d5ad383eb760fc3c6c9bb328db3ed321,2597,0
C:\SRS(ISIC_2019)\Dataset\BCC\ISIC_0062194.jpg,isic_0062194,1,e6a8a95ff4459784996485363ea4c27fea0ca0ce83d1fc21249bfa107b4e4e3d,2607,0
C:\SRS(ISIC_2019)\Dataset\BCC\ISIC_0062236.jpg,isic_0062236,1,88d642abcaa94958528f7d797e2ec0f184e5ec68879fcd2d4c1b2784417c5eec,2615,0
C:\SRS(ISIC_2019)\Dataset\BCC\ISIC_0062240.jpg,isic_0062240,1,0dfe667c911e5447cba2ff17e2b07beb952113ef481b9b71ad0ffc2476a8e12b,2616,0
C:\SRS(ISIC_2019)\Dataset\BCC\ISIC_0062288.jpg,isic_0062288,1,283e30371f991fea90aeaaac138008e7bd51ba53780b49e25f65dc83cbf0dd91,2625,0
C:\SRS(ISIC_2019)\Dataset\BCC\ISIC_0062303.jpg,isic_0062303,1,489718364f9c98eef933314afd4ac2e6c961483682115428458f7ba138ad2cf8,2627,0
C:\SRS(ISIC_2019)\Dataset\BCC\ISIC_0062439.jpg,isic_0062439,1,39c2d061407b6bf1cddb814146bb9e484587ec2ddc2673c93cb61bf880a754d6,2639,0
C:\SRS(ISIC_2019)\Dataset\BCC\ISIC_0062473.jpg,isic_0062473,1,d4f96dfd9fd782bc4f84a8f79572dd1342dcced36a2bbc0aa1429d58d7966fae,2643,0
C:\SRS(ISIC_2019)\Dataset\BCC\ISIC_0062480.jpg,isic_0062480,1,ece2aac57bcb2019a26dbe6b068e47c7bf94ecc67108742c531c13c70dc30415,2644,0
C:\SRS(ISIC_2019)\Dataset\BCC\ISIC_0062583.jpg,isic_0062583,1,6e703c8442570a47a72d017d8409bc0922d75751e1bac9bdbc443d16b8f78f8b,2653,0
C:\SRS(ISIC_2019)\Dataset\BCC\ISIC_0062657.jpg,isic_0062657,1,6f325a19ba4e49045c6c1fc7e828bc6a20b261e24c3090236e79d226d593b6ea,2662,0
C:\SRS(ISIC_2019)\Dataset\BCC\ISIC_0062685.jpg,isic_0062685,1,54203bf7093bda462253a344b088a76712479cce0ccca73b0197b1a485fc2ee9,2668,0
C:\SRS(ISIC_2019)\Dataset\BCC\ISIC_0062722.jpg,isic_0062722,1,9b875368b0474bd31480873033669dad22f4c968eb6c64948b95689bd86a2aba,2670,0
C:\SRS(ISIC_2019)\Dataset\BCC\ISIC_0062752.jpg,isic_0062752,1,c7e5576d80b89d2d367901301f4421eb36e9f3d96e216f93e00ab3705a66a7bf,2674,0
C:\SRS(ISIC_2019)\Dataset\BCC\ISIC_0062799.jpg,isic_0062799,1,ef970b22f34138d8e9cbf95204ffafe1ff6316272034d2327cc959457e391697,2679,0
C:\SRS(ISIC_2019)\Dataset\BCC\ISIC_0062923.jpg,isic_0062923,1,59eb21db9613677806b81c4307ba0924c0fd8824e7b1c1e7eae289fb22a6cdca,2697,0
C:\SRS(ISIC_2019)\Dataset\BCC\ISIC_0063007.jpg,isic_0063007,1,115b9a5240847ac63963f9b62048073df98a0dc0327db1adf5e33593a19d0d92,2711,0
C:\SRS(ISIC_2019)\Dataset\BCC\ISIC_0063025.jpg,isic_0063025,1,8e6bb6962f84b9063a20ab957d119742b1f6b24969a7653596f039dcd3de13c5,2712,0
C:\SRS(ISIC_2019)\Dataset\BCC\ISIC_0063031.jpg,isic_0063031,1,53ea08388002fed26263188fec6ee7f2633780503153be8939d7ddcb79456d35,2713,0
C:\SRS(ISIC_2019)\Dataset\BCC\ISIC_0063101.jpg,isic_0063101,1,209d3a0c84c831d35a5d292b011dd910e9c78dee77305b23d0faf2e2669a8318,2724,0
C:\SRS(ISIC_2019)\Dataset\BCC\ISIC_0063149.jpg,isic_0063149,1,ad35712915b5a02d88b31b8dedb43326a5a079b793e056b5254148b13eeacc97,2727,0
C:\SRS(ISIC_2019)\Dataset\BCC\ISIC_0063227.jpg,isic_0063227,1,7471a67ee5006cb4c16fb15a578fd2d90f3f25ff86aff1c428f928bc23f45d1a,2740,0
C:\SRS(ISIC_2019)\Dataset\BCC\ISIC_0063279.jpg,isic_0063279,1,e54a7a88d914489ecf54c15ce4213d2f9f3040cf2bc56a8cfe1ee563da4eddae,2748,0
C:\SRS(ISIC_2019)\Dataset\BCC\ISIC_0063462.jpg,isic_0063462,1,51f7e99c5e1c3118b6700e839ef0371832d88ce5a29bf4a6476bc32206fdb6c3,2772,0
C:\SRS(ISIC_2019)\Dataset\BCC\ISIC_0063530.jpg,isic_0063530,1,74c02404416f7470c3304cf8441a822c3332674a2b6356448115005f9d3ea971,2782,0
C:\SRS(ISIC_2019)\Dataset\BCC\ISIC_0063586.jpg,isic_0063586,1,8143296fe124f91360f330caa22e5df06b6275ce0077a28b89c7ef8dee99aaae,2791,0
C:\SRS(ISIC_2019)\Dataset\BCC\ISIC_0063587.jpg,isic_0063587,1,3369591cd43b871df5a56d8e35bddfa76e9ec5e2a081c3a3110eb9fea3da58c1,2792,0
C:\SRS(ISIC_2019)\Dataset\BCC\ISIC_0063610.jpg,isic_0063610,1,72225728e96cac0443b56f7abeb08445fac82cf41d3fe38f3e19678173abe0d3,2795,0
C:\SRS(ISIC_2019)\Dataset\BCC\ISIC_0063640.jpg,isic_0063640,1,c7752bda5dc095685470dd684b6f9d7cf1604084b790ab79e30031cecd12c919,2799,0
C:\SRS(ISIC_2019)\Dataset\BCC\ISIC_0063649.jpg,isic_0063649,1,6768b67d08b040ec727e62f17a5667b08621e29a7047ecc51d41af401dd60e08,2800,0
C:\SRS(ISIC_2019)\Dataset\BCC\ISIC_0063673.jpg,isic_0063673,1,9922c7cdbe19a6683dbd0443c8adefd37ef113afbfd1b194ca48a6a7b7824176,2806,0
C:\SRS(ISIC_2019)\Dataset\BCC\ISIC_0063803.jpg,isic_0063803,1,6b947b5c0df223fcf87b44708931b411c2aaa7cb40a1dff1fff001d37e1b8da6,2822,0
C:\SRS(ISIC_2019)\Dataset\BCC\ISIC_0063822.jpg,isic_0063822,1,21c8890cd17a5dbe3213cf443892038ace6a5549752663202f67283e6b5cd895,2826,0
C:\SRS(ISIC_2019)\Dataset\BCC\ISIC_0063827.jpg,isic_0063827,1,d5f06b9ee5600f15bf9223cc458d1dbb8c3ba6a01c851f50722df57da5207f02,2828,0
C:\SRS(ISIC_2019)\Dataset\BCC\ISIC_0063860.jpg,isic_0063860,1,ca06d944899089b6c50f4a5b61f1943ace7d293729e70bdc738003230832edf5,2830,0
C:\SRS(ISIC_2019)\Dataset\BCC\ISIC_0063865.jpg,isic_0063865,1,90c021d91bb54f09ca1c2b19185ae550c1cb58d8a81114dc2d24bf227f192a91,2831,0
C:\SRS(ISIC_2019)\Dataset\BCC\ISIC_0063985.jpg,isic_0063985,1,d9a1bd76b96c1276c063da668679785471ab609bd8ad1e382639a8e4a6e5253b,2847,0
C:\SRS(ISIC_2019)\Dataset\BCC\ISIC_0064030.jpg,isic_0064030,1,ea07c6efe636846e8c4e7b7875ec63474b55fdebfaafb7afef2727fe9bd0d313,2855,0
C:\SRS(ISIC_2019)\Dataset\BCC\ISIC_0064038.jpg,isic_0064038,1,020ece8b0f9df549c15fb0e694bea779d85c5b496e528765a3d8be215e90ecf4,2856,0
C:\SRS(ISIC_2019)\Dataset\BCC\ISIC_0064057.jpg,isic_0064057,1,afd5e3f5bad07408d8041f672b621f820db68490147378ba01596c0f9390d7ee,2858,0
C:\SRS(ISIC_2019)\Dataset\BCC\ISIC_0064101.jpg,isic_0064101,1,117f8e0c4090973368ae7088b918d5aa4aca4cced14de749c7316bb18c5c4e2a,2863,0
C:\SRS(ISIC_2019)\Dataset\BCC\ISIC_0064148.jpg,isic_0064148,1,5a8a9b459f83fa31f0c60a765c64bfff855fe2f1d250f007a2dda6ffd3eb4dee,2866,0
C:\SRS(ISIC_2019)\Dataset\BCC\ISIC_0064156.jpg,isic_0064156,1,f7d9283fe1cd9af49a86094552183ed0d103a95e8cfdac6491844df962b0a015,2869,0
C:\SRS(ISIC_2019)\Dataset\BCC\ISIC_0064183.jpg,isic_0064183,1,d0c154b25038c18d16a25474855ca4c7aa493dd987034414a09fd3444dc1442f,2873,0
C:\SRS(ISIC_2019)\Dataset\BCC\ISIC_0064210.jpg,isic_0064210,1,61c36ba767a7234f8c45a2a0e9412322e1dccfe66116d9b14269649f13e1f51f,2875,0
C:\SRS(ISIC_2019)\Dataset\BCC\ISIC_0064236.jpg,isic_0064236,1,85f0f8c905ea0389560ac81722e69950a3264ca6b7cf8dc27e9cb0d537616ef7,2880,0
C:\SRS(ISIC_2019)\Dataset\BCC\ISIC_0064258.jpg,isic_0064258,1,d4aa88d23b4fea9dfdc72378cefd588f38652e5121f3a57bbc7ab6f216e0900f,2884,0
C:\SRS(ISIC_2019)\Dataset\BCC\ISIC_0064293.jpg,isic_0064293,1,afb34c40c823acbdd93710cedce86bbe5d9b86b414dd1d4ac8a9e239e4aad325,2890,0
C:\SRS(ISIC_2019)\Dataset\BCC\ISIC_0064399.jpg,isic_0064399,1,5f73a50c623b8a648cb478bf65a63cb90c2ad70c650a5a74f5da10d82815bd32,2901,0
C:\SRS(ISIC_2019)\Dataset\BCC\ISIC_0064420.jpg,isic_0064420,1,c0e2e9adfd369187fe5e071752ff40174d490beafb7a301d3ed1dd0e9c84637d,2902,0
C:\SRS(ISIC_2019)\Dataset\BCC\ISIC_0064439.jpg,isic_0064439,1,73dc2c29b0731be72ebfaf9210c7579ce18b925eb115672d1f9f306f196e0090,2906,0
C:\SRS(ISIC_2019)\Dataset\BCC\ISIC_0064450.jpg,isic_0064450,1,a50a39f55030293bbe12d11b5cb4e5d84fd6c1da66eca148fc48465f161a023f,2908,0
C:\SRS(ISIC_2019)\Dataset\BCC\ISIC_0064451.jpg,isic_0064451,1,c299dc997064a63c271ea81c71daf8f846606aace23d2c5ee4b75ecaebe6f675,2909,0
C:\SRS(ISIC_2019)\Dataset\BCC\ISIC_0064622.jpg,isic_0064622,1,ce6ac0c2024699318b882223c18b9bace4ad7d2639a60141fd783cbaf25a0316,2931,0
C:\SRS(ISIC_2019)\Dataset\BCC\ISIC_0064655.jpg,isic_0064655,1,90c8a32f63e19be78e3e70dbf42a7eddb811c9a44741ef66fcb7dfb832a49c1b,2939,0
C:\SRS(ISIC_2019)\Dataset\BCC\ISIC_0064711.jpg,isic_0064711,1,1e6dc4534b6715735f1003213ae1e2113a80ab49c395396b95f2db5edfeafc0e,2947,0
C:\SRS(ISIC_2019)\Dataset\BCC\ISIC_0064751.jpg,isic_0064751,1,cad35b15ad14c4838dbc06b354ce5fa3940b0d5abdad8aeff2359db527f3fc5e,2954,0
C:\SRS(ISIC_2019)\Dataset\BCC\ISIC_0064864.jpg,isic_0064864,1,edf4dd32a96deeae13496afbbec49623f6df95b77df561f3173a98cc00d82336,2966,0
C:\SRS(ISIC_2019)\Dataset\BCC\ISIC_0064885.jpg,isic_0064885,1,b699e1397cccca43941c9d7693ef304f18e67bfc95a2aa1cf0c221685a3994e8,2969,0
C:\SRS(ISIC_2019)\Dataset\BCC\ISIC_0064898.jpg,isic_0064898,1,a6709b17768b8d664f4a85064fd25665dafba28204cbbb040c24c14cae9959a7,2970,0
C:\SRS(ISIC_2019)\Dataset\BCC\ISIC_0064968.jpg,isic_0064968,1,b23d40059515dcc51ae317b35100aecbb9ba79834c26bc9f097981fc06b311ae,2975,0
C:\SRS(ISIC_2019)\Dataset\BCC\ISIC_0064981.jpg,isic_0064981,1,25a356274a6280801b031beb579c62b972c36d9f0ee0619fbff8a1d565728237,2978,0
C:\SRS(ISIC_2019)\Dataset\BCC\ISIC_0065044.jpg,isic_0065044,1,0e5202415473026bbc049752a9ca96b59d72c8b38c86b6cf09cd2cbfdbe6b9b0,2986,0
C:\SRS(ISIC_2019)\Dataset\BCC\ISIC_0065047.jpg,isic_0065047,1,460c7f8b80fa471679a890fcf54128228f506c034eedb2f5c58b528559d1720f,2987,0
C:\SRS(ISIC_2019)\Dataset\BCC\ISIC_0065051.jpg,isic_0065051,1,3f6e12139d3514e9adefb2555e7dfe63c59a6db8418e9a72e5171d33e4d63f47,2990,0
C:\SRS(ISIC_2019)\Dataset\BCC\ISIC_0065075.jpg,isic_0065075,1,7546ba748ac7a15b9ac352b6a13a0c246ecb7387b4f5ea4779885073d2995b60,2994,0
C:\SRS(ISIC_2019)\Dataset\BCC\ISIC_0065098.jpg,isic_0065098,1,75cefb89d9dc66fd2761aac1fe3304f304626c6f7c44f95c83436263e46c12de,3000,0
C:\SRS(ISIC_2019)\Dataset\BCC\ISIC_0065141.jpg,isic_0065141,1,19485d4b6092fe4fc7d2cc5a7d10685f9a6569c671efbb590e23a4709524c380,3005,0
C:\SRS(ISIC_2019)\Dataset\BCC\ISIC_0065143.jpg,isic_0065143,1,1f515f24267d4bd24872d48662bb9f7ce9022c72d0e6cd7c1ca218b5fcc31d09,3006,0
C:\SRS(ISIC_2019)\Dataset\BCC\ISIC_0065179.jpg,isic_0065179,1,c78ffc356811a32ba6d55c7a2bda5c00215786f6e44c5d37e0866c3094d3c047,3014,0
C:\SRS(ISIC_2019)\Dataset\BCC\ISIC_0065221.jpg,isic_0065221,1,17bac2e9b2c578a0dbc3458d9deb37b807580fb61b0da1355f60b9a9b647c4de,3018,0
C:\SRS(ISIC_2019)\Dataset\BCC\ISIC_0065249.jpg,isic_0065249,1,6f72203a4477a960c23908c50faebc95837829ecab4b918460244bfcce226630,3022,0
C:\SRS(ISIC_2019)\Dataset\BCC\ISIC_0065279.jpg,isic_0065279,1,2dcaab36657d503de6fca8c8f1d60e2632d254f31412e73f26b2eff522d77581,3024,0
C:\SRS(ISIC_2019)\Dataset\BCC\ISIC_0065298.jpg,isic_0065298,1,f1be9eed0c389733f6e619d61376339a99e6e05348c0f2a1f34084663a2c84df,3027,0
C:\SRS(ISIC_2019)\Dataset\BCC\ISIC_0065368.jpg,isic_0065368,1,61c3e605d9533e9e76c0cdc001789301231df40509800d21de2d2f855236a686,3038,0
C:\SRS(ISIC_2019)\Dataset\BCC\ISIC_0065385.jpg,isic_0065385,1,e67a61e8f73b54d1d905de734e373a6bfc3fbacffe24c1f33a7187f2564cda0a,3041,0
C:\SRS(ISIC_2019)\Dataset\BCC\ISIC_0065428.jpg,isic_0065428,1,dae404b605fb4224ecf80bad13a59f82bff52e524ac59f3f326cf307679d1612,3047,0
C:\SRS(ISIC_2019)\Dataset\BCC\ISIC_0065483.jpg,isic_0065483,1,f495fcd35ebb12a0223db67a06a04e6428c85ba36885f3fb140554479a1c86c7,3055,0
C:\SRS(ISIC_2019)\Dataset\BCC\ISIC_0065490.jpg,isic_0065490,1,76b5f0d3d4ff3b894983bc79d6271b4f9200c3aad0b60807ee6eeb31985db183,3057,0
C:\SRS(ISIC_2019)\Dataset\BCC\ISIC_0065548.jpg,isic_0065548,1,350b53990e1d35fd8f8a1a4b26c9e0335e4186285c622ab26830d813389cda92,3062,0
C:\SRS(ISIC_2019)\Dataset\BCC\ISIC_0065549.jpg,isic_0065549,1,5edb3aaea25168f134a8b8f739d35f4a9d92f529fef3654937bf070ede22d500,3063,0
C:\SRS(ISIC_2019)\Dataset\BCC\ISIC_0065649.jpg,isic_0065649,1,c198e199e31a7a03a696e5f5ca9a1a5c8b3ab82061a9c7908e19ee9cb16a0119,3081,0
C:\SRS(ISIC_2019)\Dataset\BCC\ISIC_0065670.jpg,isic_0065670,1,67dae4b875c1b11cb2428fd8c2d4a1f3a7d82ac3af13d8bc1ab068dc0fb4f511,3086,0
C:\SRS(ISIC_2019)\Dataset\BCC\ISIC_0065684.jpg,isic_0065684,1,ec63f5d0f89553b05e88b947a9be7489947f201efe8a83a0dc00b82732e2941d,3087,0
C:\SRS(ISIC_2019)\Dataset\BCC\ISIC_0065703.jpg,isic_0065703,1,1a07e557a5e30e6cd15c5d2372d898cfe4fb5e1feca752586dfa8d6dbc70576d,3090,0
C:\SRS(ISIC_2019)\Dataset\BCC\ISIC_0065780.jpg,isic_0065780,1,20ef6ea8fa9689cc6299d200169fc88ede7ce567e190c0c1b8595f3236955116,3098,0
C:\SRS(ISIC_2019)\Dataset\BCC\ISIC_0065876.jpg,isic_0065876,1,4030126a56e4f43d0eb3e038db1bb9522b943d82cbc686a25a5da44e0843bfdf,3115,0
C:\SRS(ISIC_2019)\Dataset\BCC\ISIC_0065922.jpg,isic_0065922,1,16e83f46ee9896279728238df73f43310d16272208529bfe9b4f153e0a0db6b4,3122,0
C:\SRS(ISIC_2019)\Dataset\BCC\ISIC_0066009.jpg,isic_0066009,1,ddf74026dd97e67108e2b9bda81d46bd22a746cdea0694fa87f8488d3435303d,3131,0
C:\SRS(ISIC_2019)\Dataset\BCC\ISIC_0066010.jpg,isic_0066010,1,6d3b8bb9d64e04038bcbb4c00feede4e29861b884db45968db0db24a2921ac17,3132,0
C:\SRS(ISIC_2019)\Dataset\BCC\ISIC_0066155.jpg,isic_0066155,1,2bd1ce2a8cae27309315c423b6cd7591833a9afb3d64bdd17de4a33f174f06db,3156,0
C:\SRS(ISIC_2019)\Dataset\BCC\ISIC_0066157.jpg,isic_0066157,1,4b88536531bc72b859c1e096660eb2f190c43d2bb6eb10600f0757cfd766d408,3157,0
C:\SRS(ISIC_2019)\Dataset\BCC\ISIC_0066224.jpg,isic_0066224,1,8a2b50a9187b15562122a5903c5a527ba94dc987e530a26f5e7f7e56f4f19d93,3168,0
C:\SRS(ISIC_2019)\Dataset\BCC\ISIC_0066301.jpg,isic_0066301,1,c1ac6142b1cbf67fea7363307fc608c9d2491ca547c3509d09591d8f7c128c89,3179,0
C:\SRS(ISIC_2019)\Dataset\BCC\ISIC_0066344.jpg,isic_0066344,1,a8e01d79eaaaf293b8c610bcc5a4282d385a75e6dc9c76a94b717bd5aecdd1e0,3187,0
C:\SRS(ISIC_2019)\Dataset\BCC\ISIC_0066363.jpg,isic_0066363,1,eae4ec2594168f6ffab8086b262cae5459c8f070d9ac69307ed1bc5731286b43,3188,0
C:\SRS(ISIC_2019)\Dataset\BCC\ISIC_0066541.jpg,isic_0066541,1,dd402b59f3897833a90b79219a25bc1c9f9a403f2177cae90525a93cdbdacf2d,3214,0
C:\SRS(ISIC_2019)\Dataset\BCC\ISIC_0066575.jpg,isic_0066575,1,e89418561147fcda4585c78ec875e176552687ed15cf5c9417e4934c5c58aa2c,3224,0
C:\SRS(ISIC_2019)\Dataset\BCC\ISIC_0066697.jpg,isic_0066697,1,bb3460457270451f9dbc0c07ca302e1119517a852a4e0b0d4257e24463ae4e3b,3238,0
C:\SRS(ISIC_2019)\Dataset\BCC\ISIC_0066701.jpg,isic_0066701,1,da59c5ac4a97067a3e778e326c651329132965f0e802f9281c78bd4be13458a7,3240,0
C:\SRS(ISIC_2019)\Dataset\BCC\ISIC_0066707.jpg,isic_0066707,1,86e8fe9413ccd0ffca2a3db3c05b11aa8b9d19184c9db7c1000209f8aec39c9f,3242,0
C:\SRS(ISIC_2019)\Dataset\BCC\ISIC_0066759.jpg,isic_0066759,1,da5d35281a01909585868d5941bdb67c80184632f48d8a0c3e51c02efd097d83,3251,0
C:\SRS(ISIC_2019)\Dataset\BCC\ISIC_0066760.jpg,isic_0066760,1,f0b0f39af333335abcdae9c6051055655b28a12ecd63930bbd235472777c16b2,3252,0
C:\SRS(ISIC_2019)\Dataset\BCC\ISIC_0066837.jpg,isic_0066837,1,53c70510fc93727321c0578def40b46babacfe5226a1a4a512e6014f22c14303,3267,0
C:\SRS(ISIC_2019)\Dataset\BCC\ISIC_0066852.jpg,isic_0066852,1,c9d599dab1fac2d6811995d7fa7aefbd9d9602720840e896068344c5d2d701ac,3271,0
C:\SRS(ISIC_2019)\Dataset\BCC\ISIC_0066894.jpg,isic_0066894,1,4648b102a48c0cdb758080a1802695f836bbed81d79bf1f620e9c7238e1afd8e,3274,0
C:\SRS(ISIC_2019)\Dataset\BCC\ISIC_0066922.jpg,isic_0066922,1,dd5dcafcdec8419ea10efda3bc9812fc129a9e90fc9cb6b8a87188befd871a3a,3276,0
C:\SRS(ISIC_2019)\Dataset\BCC\ISIC_0066929.jpg,isic_0066929,1,f3ce971bb57711a6b9100d28241f219ce970e124c0640d501356eba0903b0893,3278,0
C:\SRS(ISIC_2019)\Dataset\BCC\ISIC_0066939.jpg,isic_0066939,1,f8066643e16be477f451b39c0ba17422bb6e0f485dac7e7beb93038a31c1922d,3280,0
C:\SRS(ISIC_2019)\Dataset\BCC\ISIC_0067051.jpg,isic_0067051,1,1ae330360c9556eb6a20fe2191575a299203d4009119d251b55132c6cbe5adf7,3293,0
C:\SRS(ISIC_2019)\Dataset\BCC\ISIC_0067063.jpg,isic_0067063,1,09545c4084a7e7a762a57c42afba8eeeed7e559c0f066637422475ab865e4dab,3296,0
C:\SRS(ISIC_2019)\Dataset\BCC\ISIC_0067088.jpg,isic_0067088,1,fb5d3d191363001e08a3db6b65cbebcbe9f79f417016b36cfa52ebeae552e13f,3303,0
C:\SRS(ISIC_2019)\Dataset\BCC\ISIC_0067106.jpg,isic_0067106,1,23752bac087b75eae4871f4cd9834f81c86001210427377fd1770ced7b37be47,3307,0
C:\SRS(ISIC_2019)\Dataset\BCC\ISIC_0067182.jpg,isic_0067182,1,aed693425ae89cc97e8244980f5eed73fc5f921cff93cd262357636d4de27389,3318,0
C:\SRS(ISIC_2019)\Dataset\BCC\ISIC_0067249.jpg,isic_0067249,1,31a18c364049738219f7b1a5985c1d64f4530ceb31d2d4ed2fe20b8c7278166a,3323,0
C:\SRS(ISIC_2019)\Dataset\BCC\ISIC_0067272.jpg,isic_0067272,1,827bfb78607ec970ed74e295e89098f7ae1d9293e4afd708d281cd4b0eb2784f,3328,0
C:\SRS(ISIC_2019)\Dataset\BCC\ISIC_0067291.jpg,isic_0067291,1,91e1ca8ca36046ce91070b3884d2e61f6356ae53d1dbc560b6f1678e17ff1f53,3334,0
C:\SRS(ISIC_2019)\Dataset\BCC\ISIC_0067313.jpg,isic_0067313,1,0c537213d19e7618367291cee30dff12feab97b487dd10155db6c1f01ead0969,3341,0
C:\SRS(ISIC_2019)\Dataset\BCC\ISIC_0067337.jpg,isic_0067337,1,ac654258ff6eb540378dab667154a3808c4f501cb9440e5f0f67fcd7b782edc7,3343,0
C:\SRS(ISIC_2019)\Dataset\BCC\ISIC_0067341.jpg,isic_0067341,1,655ca6a8abb8b3c9d9d99d9f57dc699b4646e9e48a5ea43232a9932551086d67,3344,0
C:\SRS(ISIC_2019)\Dataset\BCC\ISIC_0067380.jpg,isic_0067380,1,193216d84d23456bc6c5b846170c609ca8de0e50c337a3a1c657f458e12b90d8,3350,0
C:\SRS(ISIC_2019)\Dataset\BCC\ISIC_0067409.jpg,isic_0067409,1,58ea35a84871aa20c730ea41d46a8d31eedb6bf1b3c5d065a32efdc763996713,3354,0
C:\SRS(ISIC_2019)\Dataset\BCC\ISIC_0067464.jpg,isic_0067464,1,8d93ee2bb1163bda8a185c60250db1596a90a5694b554833300b3896d54fbfac,3360,0
C:\SRS(ISIC_2019)\Dataset\BCC\ISIC_0067508.jpg,isic_0067508,1,3bbaab095ccd9b301281d365353d8348da5a1779da3c193cfbb6b0e5fd8f30d3,3365,0
C:\SRS(ISIC_2019)\Dataset\BCC\ISIC_0067572.jpg,isic_0067572,1,40a6b9415ffbad7572a8e4e00ca1920b5899085fd5f1bc8bda2b80c95083b7ee,3371,0
C:\SRS(ISIC_2019)\Dataset\BCC\ISIC_0067642.jpg,isic_0067642,1,8cf643ae8d44b719710ce563579aafbe3a80f2756a03790230e9717134828f39,3378,0
C:\SRS(ISIC_2019)\Dataset\BCC\ISIC_0067707.jpg,isic_0067707,1,531f5fde2ca3e8e09497ded83092c630487e06b31a45cb68af2f15263f2525e9,3389,0
C:\SRS(ISIC_2019)\Dataset\BCC\ISIC_0067714.jpg,isic_0067714,1,d0a2e43e9c50545508fbbad8d2387a23e3e0a5ad84a22ddb056193451dac4fed,3390,0
C:\SRS(ISIC_2019)\Dataset\BCC\ISIC_0067753.jpg,isic_0067753,1,936979fb040c2a3f34ab99e76136a4e3cf868289d16a285f90a62ae26da380a1,3396,0
C:\SRS(ISIC_2019)\Dataset\BCC\ISIC_0067780.jpg,isic_0067780,1,a5c2102909f1c3f549d1c7e28e97dafd07f876ab10c6e09b5d7f71f6eaed8e1a,3402,0
C:\SRS(ISIC_2019)\Dataset\BCC\ISIC_0067784.jpg,isic_0067784,1,cf77002cf55b8642d1f9fac4ad7d70ff6138bbfff614f67b13802f14a608afb8,3403,0
C:\SRS(ISIC_2019)\Dataset\BCC\ISIC_0067814.jpg,isic_0067814,1,3a6961db9d8e2e7395a2c6b8ef64592d3f851f8edf3e39ea76c5c43bbabc300d,3405,0
C:\SRS(ISIC_2019)\Dataset\BCC\ISIC_0067833.jpg,isic_0067833,1,d54278f9c3a2a9228f79446cd7203505e6bae35f1138fecbcc13aff877c77fc4,3410,0
C:\SRS(ISIC_2019)\Dataset\BCC\ISIC_0067967.jpg,isic_0067967,1,acbad757285088e9c06b4fe9febd4628db0e4a74d2339e9b525ba80d8243c652,3421,0
C:\SRS(ISIC_2019)\Dataset\BCC\ISIC_0067993.jpg,isic_0067993,1,dc79f967bfaccf48671498dc51b11cfa228f515685b4d25f0ba2912b020525c2,3425,0
C:\SRS(ISIC_2019)\Dataset\BCC\ISIC_0068005.jpg,isic_0068005,1,1e402f5940cde1f355418955d2f05037f40e6f50017d1b42f8e4d77c1ac8c065,3430,0
C:\SRS(ISIC_2019)\Dataset\BCC\ISIC_0068025.jpg,isic_0068025,1,586ac6cee8f12b42c0a2be41c9fae0624ed4558142291ace8a63a111050524ad,3433,0
C:\SRS(ISIC_2019)\Dataset\BCC\ISIC_0068052.jpg,isic_0068052,1,7dc9cb34eb0e45fb873c11c02c0365d6fc609cb12587e236b811aa9c435fdd47,3442,0
C:\SRS(ISIC_2019)\Dataset\BCC\ISIC_0068133.jpg,isic_0068133,1,ef4806533b3c6d5a978c06d155969cf015ed724803759336467477d00fce20fb,3450,0
C:\SRS(ISIC_2019)\Dataset\BCC\ISIC_0068236.jpg,isic_0068236,1,3df9c868f5c3d79d5d3f26e923109438d261238fc5ad52ac55862210de6d8032,3461,0
C:\SRS(ISIC_2019)\Dataset\BCC\ISIC_0068250.jpg,isic_0068250,1,d2d46489cbeff18ecaab19f8478cb2a7548c1b996a40835039e9ad83c1a833b0,3464,0
C:\SRS(ISIC_2019)\Dataset\BCC\ISIC_0068302.jpg,isic_0068302,1,b927d54d86a93e3765f039ec7215946c97f005e21eff4e20f692adbd10be74b3,3470,0
C:\SRS(ISIC_2019)\Dataset\BCC\ISIC_0068313.jpg,isic_0068313,1,ee90eedb177dea3be4721a84691bd69bcc3b2cce83e8e28ad6e3adda3c6b073c,3472,0
C:\SRS(ISIC_2019)\Dataset\BCC\ISIC_0068322.jpg,isic_0068322,1,2e0612615d6dd375db10a3b4aca6d952eae5259c286a2cb3be9816279f3cdcdb,3473,0
C:\SRS(ISIC_2019)\Dataset\BCC\ISIC_0068346.jpg,isic_0068346,1,40f0d4d50960cc3af8059a7c1c7d5652f97afab0036d3cdc941dc8c41a0218d8,3478,0
C:\SRS(ISIC_2019)\Dataset\BCC\ISIC_0068353.jpg,isic_0068353,1,3ca07d4a7216db7d9d0f1e3d708d78b51ada23e00bcc9c4d9dc37e753babe405,3480,0
C:\SRS(ISIC_2019)\Dataset\BCC\ISIC_0068415.jpg,isic_0068415,1,ba38d9b369fee3443ed6dbb73f8f26c59bfaab3e92e0af3eb938863f13394c7b,3491,0
C:\SRS(ISIC_2019)\Dataset\BCC\ISIC_0068489.jpg,isic_0068489,1,9dafdba1c9915052602ed4e954f5133805410f280c8d82d350d012e26732e279,3497,0
C:\SRS(ISIC_2019)\Dataset\BCC\ISIC_0068590.jpg,isic_0068590,1,20c388e3c13e84fc484104874d6f3ea64727cd0fb60a59dc90d749cc8756be1d,3504,0
C:\SRS(ISIC_2019)\Dataset\BCC\ISIC_0068644.jpg,isic_0068644,1,fc99f22d2dec542b057a1cf55ac0a33b43f3e4f03fcc23e7470bd849c06a5fe1,3513,0
C:\SRS(ISIC_2019)\Dataset\BCC\ISIC_0068659.jpg,isic_0068659,1,c7cfc4b7fc5b3519a7d75c50394bb142437db4306cd8599b8b0f92c29d7c7821,3514,0
C:\SRS(ISIC_2019)\Dataset\BCC\ISIC_0068680.jpg,isic_0068680,1,80cc7bd45fa497cd392ec93c2a0194bfd9b0686c95153f2c2e10a8ea70718256,3518,0
C:\SRS(ISIC_2019)\Dataset\BCC\ISIC_0068708.jpg,isic_0068708,1,976b3e72ead3da67b51d9df71ff440b8e74e526eaaa0bdc3943fc2ed9eaf989b,3522,0
C:\SRS(ISIC_2019)\Dataset\BCC\ISIC_0068731.jpg,isic_0068731,1,3b4c031f8688972c5062d68d4b01953018c4384747115f6b242160d95f62dbb2,3525,0
C:\SRS(ISIC_2019)\Dataset\BCC\ISIC_0068742.jpg,isic_0068742,1,e55984b98143f6a9e0098759086b28f4ac5bf6669cd3491a58c5c1e62fa45ab4,3526,0
C:\SRS(ISIC_2019)\Dataset\BCC\ISIC_0068758.jpg,isic_0068758,1,fa20c2e9ddb0cc313390565f6496ac90a256944f5d2d8e9f817f53e620b42715,3529,0
C:\SRS(ISIC_2019)\Dataset\BCC\ISIC_0068777.jpg,isic_0068777,1,feb63730dd198cd7bfd9c0846b01d2a741eace68c459e2be5bcf39c47c89c128,3531,0
C:\SRS(ISIC_2019)\Dataset\BCC\ISIC_0068791.jpg,isic_0068791,1,e69c5858e08db647edf27edbf401674538124ed7a24282f81d884e028878f4f2,3535,0
C:\SRS(ISIC_2019)\Dataset\BCC\ISIC_0068792.jpg,isic_0068792,1,901894cd2f414e258a2038921bc8e77653a9a01f1dd1c68e3b8e8aea0d4bab91,3536,0
C:\SRS(ISIC_2019)\Dataset\BCC\ISIC_0068898.jpg,isic_0068898,1,51cd24a61e8f5775dcaf2a1c1eed1c4d8e9d844b9596bf80ae4d06f5be1b6542,3546,0
C:\SRS(ISIC_2019)\Dataset\BCC\ISIC_0068987.jpg,isic_0068987,1,20f5f035a72b4e438fdd52c404d1df5374b5eead90a34f02fe460f088ff77f04,3560,0
C:\SRS(ISIC_2019)\Dataset\BCC\ISIC_0069002.jpg,isic_0069002,1,d9773f15bc3af6ca4075b6b3cfc676a1636aee9f064ba56493b89f8361cb6213,3563,0
C:\SRS(ISIC_2019)\Dataset\BCC\ISIC_0069014.jpg,isic_0069014,1,18294a8aa39c0dce9abc6bea97c16cecf8fbee5143e615687e4aec36aa2ab4fe,3565,0
C:\SRS(ISIC_2019)\Dataset\BCC\ISIC_0069082.jpg,isic_0069082,1,e6ec09707e0a425539499732af6fdc4fb8a20c00e551c419ad30b6d0faca2768,3574,0
C:\SRS(ISIC_2019)\Dataset\BCC\ISIC_0069088.jpg,isic_0069088,1,e1bc26e78e92d8f3b7523dcf67fb03ad1d3ede552cb63d9b9e4f8803f7459d3b,3575,0
C:\SRS(ISIC_2019)\Dataset\BCC\ISIC_0069144.jpg,isic_0069144,1,8440c0ad61e11693a74f73397f27c1fe6286097f2edf487cd97f5cafd960d3c1,3582,0
C:\SRS(ISIC_2019)\Dataset\BCC\ISIC_0069163.jpg,isic_0069163,1,645bd60550af56f402c721124016c8d21e24a80085b43c6c21c0a58ae953486c,3585,0
C:\SRS(ISIC_2019)\Dataset\BCC\ISIC_0069168.jpg,isic_0069168,1,f137150f2db534fbe90e6c682b9f342100742d6bcc04171bac9aeeea0d6bc7c3,3586,0
C:\SRS(ISIC_2019)\Dataset\BCC\ISIC_0069235.jpg,isic_0069235,1,97b8ba56e4b25214a11255f03e00aaf62a5e5a828499f2ebbb3e7d6261c13acd,3597,0
C:\SRS(ISIC_2019)\Dataset\BCC\ISIC_0069272.jpg,isic_0069272,1,8fad860be074bfc7c359df8cfc4138fcc8d3177969dfbaaf9e3237c47a54560a,3603,0
C:\SRS(ISIC_2019)\Dataset\BCC\ISIC_0069362.jpg,isic_0069362,1,d50f797402178edf9766800ac1a116ab02f8a08fc8bfe92aaf70412409537493,3618,0
C:\SRS(ISIC_2019)\Dataset\BCC\ISIC_0069382.jpg,isic_0069382,1,5d8dffce6ed4510aa910c99ab2bbfc9953ffd0bfb61fb79fe747ddc1a7707944,3620,0
C:\SRS(ISIC_2019)\Dataset\BCC\ISIC_0069423.jpg,isic_0069423,1,c810d3b6088e9310e04851021e162a21b9adb73e98c50778c86329953d1248cc,3624,0
C:\SRS(ISIC_2019)\Dataset\BCC\ISIC_0069474.jpg,isic_0069474,1,82462d96a317d4944e5621b441d7ecbd7de1596bc54614bf178ebc5be796efe6,3632,0
C:\SRS(ISIC_2019)\Dataset\BCC\ISIC_0069503.jpg,isic_0069503,1,1f44c5ace86d462c45f0076515fd01043d9bc683412ee1c68b58b1d83376ac47,3638,0
C:\SRS(ISIC_2019)\Dataset\BCC\ISIC_0069533.jpg,isic_0069533,1,3aa5753f0409dcd3eb169bb8ef5f54668b6acd4b6bf5335566e8396882d10efd,3644,0
C:\SRS(ISIC_2019)\Dataset\BCC\ISIC_0069589.jpg,isic_0069589,1,2843fb4ba1bef1dc87a230a19803db27e755e59f767bf073ed495bcdef00de7f,3654,0
C:\SRS(ISIC_2019)\Dataset\BCC\ISIC_0069646.jpg,isic_0069646,1,655ea7aa09a0a7a2991150ac936715d87cbb4ab8ae1ac02afbbf46862609814a,3659,0
C:\SRS(ISIC_2019)\Dataset\BCC\ISIC_0069649.jpg,isic_0069649,1,b3f9112c5f7e789edde470ca9711b2912c9bf9553d0621212e82cf67d295dd3b,3660,0
C:\SRS(ISIC_2019)\Dataset\BCC\ISIC_0069650.jpg,isic_0069650,1,1438a8919313f3193b1e258774a960641600acfcd266a8243c783069369f8d06,3661,0
C:\SRS(ISIC_2019)\Dataset\BCC\ISIC_0069696.jpg,isic_0069696,1,24242f34e143a6e4543adfda37ef24db471014ee1bda69365e27b71663dc6f9d,3665,0
C:\SRS(ISIC_2019)\Dataset\BCC\ISIC_0069732.jpg,isic_0069732,1,e62509ac9710ced2f34a55ae4ff44f336989263e6563f828d7383526f43d23b0,3674,0
C:\SRS(ISIC_2019)\Dataset\BCC\ISIC_0069754.jpg,isic_0069754,1,e5c9d74565631812acc4be761b361cf69ecba0d982b80db35aebec85d0bf5f42,3679,0
C:\SRS(ISIC_2019)\Dataset\BCC\ISIC_0069804.jpg,isic_0069804,1,f356306873aa1a43e7cadd01cac3a3fcb2c6bce0c400edf8219148eb94414371,3686,0
C:\SRS(ISIC_2019)\Dataset\BCC\ISIC_0069840.jpg,isic_0069840,1,8fd54989ad0f53f7448142238f118fff219e231d6d25ddd0d98d7fe4cd480f87,3693,0
C:\SRS(ISIC_2019)\Dataset\BCC\ISIC_0069856.jpg,isic_0069856,1,d409f3967930fc470c25935994bfb0a2ec75062a654dccab78191c4af656d46d,3695,0
C:\SRS(ISIC_2019)\Dataset\BCC\ISIC_0069926.jpg,isic_0069926,1,320e54389982c8348e0b4a04027b50b3ce7a3fccd0fa273d511bd5b70f153e0c,3703,0
C:\SRS(ISIC_2019)\Dataset\BCC\ISIC_0069934.jpg,isic_0069934,1,dbf5a22bdd78c948b17a1df1caee411f0593c2058f56f77fb3b34b6b13094ce3,3704,0
C:\SRS(ISIC_2019)\Dataset\BCC\ISIC_0069966.jpg,isic_0069966,1,4078e95a6414c35c9ce28595f45a8b637c9a87aa2fbb39a31417be17f512036e,3707,0
C:\SRS(ISIC_2019)\Dataset\BCC\ISIC_0069971.jpg,isic_0069971,1,c72c0e41cb06a53fefadfadb5adac270d266ef038cbf4c44a84ffe3c4e1048a3,3708,0
C:\SRS(ISIC_2019)\Dataset\BCC\ISIC_0069975.jpg,isic_0069975,1,7d627d23d2b73fd87a07ce56f98a2fdce15afafe6c62992cc65342c0ffd58a02,3710,0
C:\SRS(ISIC_2019)\Dataset\BCC\ISIC_0070011.jpg,isic_0070011,1,64e06d000584f9c9c75dd4fbf7fe350304ee52b7d0b4b77b5a02dec4ef3a6556,3712,0
C:\SRS(ISIC_2019)\Dataset\BCC\ISIC_0070027.jpg,isic_0070027,1,749f0820b819e8179cd8a5b47e75a66e726aa1a7ac43c44e3df15aea7f9b3fdc,3715,0
C:\SRS(ISIC_2019)\Dataset\BCC\ISIC_0070072.jpg,isic_0070072,1,b28b4e9572e2505efec5d392b663d65ac3c70ff709490e4021c19681568047fb,3722,0
C:\SRS(ISIC_2019)\Dataset\BCC\ISIC_0070096.jpg,isic_0070096,1,bc919c2e0672720b572ff97a3e77b0489f733f3e68ba528ae3184f925237dfff,3726,0
C:\SRS(ISIC_2019)\Dataset\BCC\ISIC_0070138.jpg,isic_0070138,1,fd670623aa727e058beeac43864cb71c7e54f2a631e4589ab5be8858e407e697,3731,0
C:\SRS(ISIC_2019)\Dataset\BCC\ISIC_0070154.jpg,isic_0070154,1,5434812f0b097d2ddda0b7f43ba54543b25dcf03b83ccf2219e563a368c4eef6,3736,0
C:\SRS(ISIC_2019)\Dataset\BCC\ISIC_0070190.jpg,isic_0070190,1,930af877937727c6ad8ce76dd5370441923f140cfbac92927b0ea4447c8f3425,3741,0
C:\SRS(ISIC_2019)\Dataset\BCC\ISIC_0070204.jpg,isic_0070204,1,f2a4d8e2172c103226362d92211214b182f54618e87b1dddc2847f2e2907538f,3745,0
C:\SRS(ISIC_2019)\Dataset\BCC\ISIC_0070209.jpg,isic_0070209,1,bffe7e8affe10dfb0ec1555c66a55209ce92bc2c0fd37bfd9a4d576888085db8,3746,0
C:\SRS(ISIC_2019)\Dataset\BCC\ISIC_0070315.jpg,isic_0070315,1,44e8be0ec7519c3418aadf52c9d75525a010e5d89352b7cabcb1e5025321bb5c,3760,0
C:\SRS(ISIC_2019)\Dataset\BCC\ISIC_0070461.jpg,isic_0070461,1,fafed525d39ecd385ceec65d664770aa17abfe832ee0d15ce6d85fa6ebee86ed,3775,0
C:\SRS(ISIC_2019)\Dataset\BCC\ISIC_0070491.jpg,isic_0070491,1,79ce85b28a2be10d78d997da487174af879e8f055e505c0e283c5f6613dd2a3a,3780,0
C:\SRS(ISIC_2019)\Dataset\BCC\ISIC_0070511.jpg,isic_0070511,1,71ed13a404665f5588f4d8e765e4d8bb999e409866d4ade4393a17ba59ac7bbc,3782,0
C:\SRS(ISIC_2019)\Dataset\BCC\ISIC_0070529.jpg,isic_0070529,1,f1f5b8707af59305f95ef1863a8d5c1ed73c12547390aeff52bf7896885affa1,3785,0
C:\SRS(ISIC_2019)\Dataset\BCC\ISIC_0070652.jpg,isic_0070652,1,d947332d5928e7fce9f55d230264f78f0dcbcb8e6b0264c5d88520173f3e91d3,3800,0
C:\SRS(ISIC_2019)\Dataset\BCC\ISIC_0070661.jpg,isic_0070661,1,2fbc288b663b3c4c73e0e45b34b1d0a5212bc47861204dbeea8d6bf02f7cd470,3802,0
C:\SRS(ISIC_2019)\Dataset\BCC\ISIC_0070682.jpg,isic_0070682,1,74b5385af3ee7fe1ea8f0b17312d5a8fe301c5df8abea5ce8b2b9bb561388ce0,3807,0
C:\SRS(ISIC_2019)\Dataset\BCC\ISIC_0070714.jpg,isic_0070714,1,ee1213fdc6732bd3cd19e260641ed0b7c0c036ef113e1a7ae10333d7971e108f,3813,0
C:\SRS(ISIC_2019)\Dataset\BCC\ISIC_0070717.jpg,isic_0070717,1,18f811d167371833119b9f4cbaf8347976a2b9190cde10560ee90db15391b419,3814,0
C:\SRS(ISIC_2019)\Dataset\BCC\ISIC_0070751.jpg,isic_0070751,1,1f060eeee27730572b8c762b18e011d8b3453b84840fa02f679cdf186b0da1cc,3822,0
C:\SRS(ISIC_2019)\Dataset\BCC\ISIC_0070761.jpg,isic_0070761,1,595ea96b5e243801c8cce51e5ee376fbbe7a8edf9dfe39f1611b8f939d162c46,3823,0
C:\SRS(ISIC_2019)\Dataset\BCC\ISIC_0070817.jpg,isic_0070817,1,ba06076b66342c262479964ba9f800ef02407466e799a562f7d8e6629db72b66,3829,0
C:\SRS(ISIC_2019)\Dataset\BCC\ISIC_0070825.jpg,isic_0070825,1,e3bc0ab9c664ae4b59a1c5f8e84c5fbc1c96900d79f5826282c7566665c97aba,3831,0
C:\SRS(ISIC_2019)\Dataset\BCC\ISIC_0070833.jpg,isic_0070833,1,fa578d84fdeeb1c7535f6a54ed5c7e7fbb83a73f866b80c49f15163f1f41522c,3834,0
C:\SRS(ISIC_2019)\Dataset\BCC\ISIC_0070873.jpg,isic_0070873,1,e288b54a81f5c2e83365f98a411e3ac80bf8839c5413d32bcabab0e248072053,3839,0
C:\SRS(ISIC_2019)\Dataset\BCC\ISIC_0070883.jpg,isic_0070883,1,0b61546e324a0a99b98ed31a8708b5cbd4c7e744ee17920f1f95765fdcb8fe47,3841,0
C:\SRS(ISIC_2019)\Dataset\BCC\ISIC_0070901.jpg,isic_0070901,1,091e0fb9fca6b862cae1bea254842dde115eec924fdaa9ccfba37a3bd08add76,3844,0
C:\SRS(ISIC_2019)\Dataset\BCC\ISIC_0070932.jpg,isic_0070932,1,c6e3323a0f5072843c45f0df481e89d4937a8c1bdc8645ce39e997b8e8f4caf5,3848,0
C:\SRS(ISIC_2019)\Dataset\BCC\ISIC_0070942.jpg,isic_0070942,1,8693d2ea7c99ca3bcbd642b92f6e59a35182b4bc6aef1f1d0422843e61c3a8f5,3850,0
C:\SRS(ISIC_2019)\Dataset\BCC\ISIC_0070953.jpg,isic_0070953,1,de37267aa960f6504a741b4cb42fe6f1c784bdcbb5aa6fed3f240278eec80e7d,3854,0
C:\SRS(ISIC_2019)\Dataset\BCC\ISIC_0070975.jpg,isic_0070975,1,9efe1306cf7187b24e1aa370fedf0a01ae175206737470883eed034a76d4c326,3857,0
C:\SRS(ISIC_2019)\Dataset\BCC\ISIC_0071102.jpg,isic_0071102,1,10e7b270441b6ebec8a7ce5150a6d2366ad477750305870eb00438a6a4701117,3869,0
C:\SRS(ISIC_2019)\Dataset\BCC\ISIC_0071114.jpg,isic_0071114,1,c2e039a683a62ecb4b0a7857f486ad8a7baa1307386271e3daad76aff8e0f7ac,3872,0
C:\SRS(ISIC_2019)\Dataset\BCC\ISIC_0071198.jpg,isic_0071198,1,1904196917bfd01a8cd3baf4cd4c644b768704c1bc9f3016a02feb5aea541cf6,3882,0
C:\SRS(ISIC_2019)\Dataset\BCC\ISIC_0071214.jpg,isic_0071214,1,87afcdc77b0becea8234159390346a01e7d0c3ae293b9adbf220a0065b2b97ab,3884,0
C:\SRS(ISIC_2019)\Dataset\BCC\ISIC_0071255.jpg,isic_0071255,1,39309b4e1e65a6d0d33f429202b7ef078a9b09332dacf3287b33274079eb5858,3890,0
C:\SRS(ISIC_2019)\Dataset\BCC\ISIC_0071287.jpg,isic_0071287,1,2bc6b0bda4f19bd1e46d2cb2d9f2e2f850cfdd94a3d3b19fc9b99f8841b1a5aa,3892,0
C:\SRS(ISIC_2019)\Dataset\BCC\ISIC_0071331.jpg,isic_0071331,1,e97e5475fb2abfe0869de927976022bece432e94709fcf306bd115097fd8bdba,3897,0
C:\SRS(ISIC_2019)\Dataset\BCC\ISIC_0071347.jpg,isic_0071347,1,086830bc0ead0123331c7d354a521174f2f0f588ccd99fe8935609f673e7e230,3899,0
C:\SRS(ISIC_2019)\Dataset\BCC\ISIC_0071398.jpg,isic_0071398,1,e34c23a1cebbf7da368a96fadc0f40a981bbb39bc0009288985fc1833a2b8195,3908,0
C:\SRS(ISIC_2019)\Dataset\BCC\ISIC_0071441.jpg,isic_0071441,1,6dae706acd1e451b55a25813d3a36e65213958dd141cae905c3441f96b023241,3915,0
C:\SRS(ISIC_2019)\Dataset\BCC\ISIC_0071480.jpg,isic_0071480,1,fa54c9e1bd069a851fdc463716e3106a17e71536b5b61f8ab69b8ece3d1e930f,3922,0
C:\SRS(ISIC_2019)\Dataset\BCC\ISIC_0071482.jpg,isic_0071482,1,2dafb8adf20554bff91b99f1ec62e878cf913dab04fc44606e116901f274a83b,3923,0
C:\SRS(ISIC_2019)\Dataset\BCC\ISIC_0071483.jpg,isic_0071483,1,96498c9795a465d5b48f7a4547337776d56a3012e662556cfbbba794a9e3d060,3924,0
C:\SRS(ISIC_2019)\Dataset\BCC\ISIC_0071565.jpg,isic_0071565,1,e13c5c14f30965d1ecb5a4c2e7a3144dbbaba23ff4d0cd7da82bb74e349ece21,3931,0
C:\SRS(ISIC_2019)\Dataset\BCC\ISIC_0071597.jpg,isic_0071597,1,21b7ba97795099cfec9fccd1eb9f41126601a08dd39944983088fdce3ce97f91,3934,0
C:\SRS(ISIC_2019)\Dataset\BCC\ISIC_0071603.jpg,isic_0071603,1,e17b6bc132b4215ce67ebbe3877d98c0aa715665fabe95285a49f235d7f1c185,3937,0
C:\SRS(ISIC_2019)\Dataset\BCC\ISIC_0071607.jpg,isic_0071607,1,76956d9bc4354a6bfabe3c546029bc01fcddbe9c1251a09414b0a0ca1b8c06c4,3939,0
C:\SRS(ISIC_2019)\Dataset\BCC\ISIC_0071676.jpg,isic_0071676,1,84ec37006eed31249411ba9f71d01670f0f01d7f53a5d3a2cbf69a6172ed3c68,3946,0
C:\SRS(ISIC_2019)\Dataset\BCC\ISIC_0071794.jpg,isic_0071794,1,91fe251cb8d911feae7cc2e9a42e2e859e005278ea04c161dcf561764fdec038,3960,0
C:\SRS(ISIC_2019)\Dataset\BCC\ISIC_0071878.jpg,isic_0071878,1,fb30c6be4156b932261eb5c1216a158413d609d06f225a9d5a2a4d1e7d1bea1e,3967,0
C:\SRS(ISIC_2019)\Dataset\BCC\ISIC_0071893.jpg,isic_0071893,1,ff1c9d8547fac60d73984d49d673810a337d241c66f42ca3c677d41162bcaedd,3971,0
C:\SRS(ISIC_2019)\Dataset\BCC\ISIC_0071920.jpg,isic_0071920,1,ece1ec345de78097f60989e9aaca5c8dafd8cbc8a4ccd6954da7ea1cfbc73ef0,3976,0
C:\SRS(ISIC_2019)\Dataset\BCC\ISIC_0071923.jpg,isic_0071923,1,025ff97ad3eecf4ac931d60f1f4617d8281e86e9c35122907a6983ad5e68a27b,3977,0
C:\SRS(ISIC_2019)\Dataset\BCC\ISIC_0071960.jpg,isic_0071960,1,a0e389ecd72dbec641e011048bd1e312c79bdc121dd5e5633ccbce50802912ba,3980,0
C:\SRS(ISIC_2019)\Dataset\BCC\ISIC_0072066.jpg,isic_0072066,1,7b0b58db97d8acd0935cb1b9ed595badb8c31f48a952db6ec8b7d21547fdf72b,3996,0
C:\SRS(ISIC_2019)\Dataset\BCC\ISIC_0072084.jpg,isic_0072084,1,2a9479cc097c5ee1335f75bfd1653abd5f3178374da23bd900e9cec8bf67850e,3998,0
C:\SRS(ISIC_2019)\Dataset\BCC\ISIC_0072112.jpg,isic_0072112,1,0d31ee2c59006af5fafcfa3b8f22d0fffb82a2b40c60de390acb9d0807b23fba,4003,0
C:\SRS(ISIC_2019)\Dataset\BCC\ISIC_0072127.jpg,isic_0072127,1,561088aa49d57d424cfdfe1592478859be8f48dfc300d3e477cc64c475e8251b,4006,0
C:\SRS(ISIC_2019)\Dataset\BCC\ISIC_0072134.jpg,isic_0072134,1,7248c9c16f3715048cd011ec5be00ef02a98ff4c2daf82b1bee3874a49124049,4009,0
C:\SRS(ISIC_2019)\Dataset\BCC\ISIC_0072138.jpg,isic_0072138,1,99efc1d432046339af1a891fa12ee2abe5a99ae12e3893bca820b18613490805,4010,0
C:\SRS(ISIC_2019)\Dataset\BCC\ISIC_0072201.jpg,isic_0072201,1,b3891809d7e5343a396910cecab7fcc06be00b9471073a02fde31d769196fc43,4016,0
C:\SRS(ISIC_2019)\Dataset\BCC\ISIC_0072247.jpg,isic_0072247,1,69a3ffbe78f6176de45c98400449d8b3fd8ba1e72f211522bedfad8c8620b678,4024,0
C:\SRS(ISIC_2019)\Dataset\BCC\ISIC_0072267.jpg,isic_0072267,1,9266736488c42300a46f0b5e2598b428df9ba55f8aae27f687650b17d82d31c2,4028,0
C:\SRS(ISIC_2019)\Dataset\BCC\ISIC_0072270.jpg,isic_0072270,1,0fb21aa91d557ebac016ddee20ed5def8d3c579107e70bfd508ea6b79333002c,4030,0
C:\SRS(ISIC_2019)\Dataset\BCC\ISIC_0072345.jpg,isic_0072345,1,ac07a8a8a0feffec6a9f29ae0b5a088d1351e7a5b5315ce305f9ff9f64b591c4,4036,0
C:\SRS(ISIC_2019)\Dataset\BCC\ISIC_0072356.jpg,isic_0072356,1,ccae47f41485aa4a2d1575fa35c30278b6e2db91031dce2964d9afb5e32b59e5,4037,0
C:\SRS(ISIC_2019)\Dataset\BCC\ISIC_0072477.jpg,isic_0072477,1,17d339136275b55575c6366e2e37fd741156794b86745afd8b7214670885e5c2,4057,0
C:\SRS(ISIC_2019)\Dataset\BCC\ISIC_0072480.jpg,isic_0072480,1,f7b80a829050de24509a485841ce061f77023cbe00b74258c7f73082256981b9,4058,0
C:\SRS(ISIC_2019)\Dataset\BCC\ISIC_0072487.jpg,isic_0072487,1,2a80c117cdda6e780d57b124a86222ecae786876914057be4b3ddc3bac8116b8,4059,0
C:\SRS(ISIC_2019)\Dataset\BCC\ISIC_0072491.jpg,isic_0072491,1,2ffa83e0209a5a283152a29f6df36f315bca4f0ebda6755d7b5eb696945dc0c1,4060,0
C:\SRS(ISIC_2019)\Dataset\BCC\ISIC_0072505.jpg,isic_0072505,1,d618c85e1361fee7785808952a3f737e009abef577cffd53f5b552087e1900cd,4062,0
C:\SRS(ISIC_2019)\Dataset\BCC\ISIC_0072549.jpg,isic_0072549,1,6f4ca14cbacbbc89a824fa99cfa4f3d534d9d8f056211d4bbfb6313a8beef428,4071,0
C:\SRS(ISIC_2019)\Dataset\BCC\ISIC_0072581.jpg,isic_0072581,1,381569ae1095ae3e086e86b179699ea5d36cb7cd4b27875cb6b27504cdd9cf2d,4074,0
C:\SRS(ISIC_2019)\Dataset\BCC\ISIC_0072602.jpg,isic_0072602,1,3cdde579426d1933293d8908b4390a868c613518bbdf123923901e26f07af893,4077,0
C:\SRS(ISIC_2019)\Dataset\BCC\ISIC_0072616.jpg,isic_0072616,1,a7bd594528f899c82aae1980bd319e743a14a5acce0132d85d30b102e889e4d2,4081,0
C:\SRS(ISIC_2019)\Dataset\BCC\ISIC_0072735.jpg,isic_0072735,1,86feb131773c26c82403aee5aa13c78e973464c70beb9fd5708fa95c6104ddaa,4104,0
C:\SRS(ISIC_2019)\Dataset\BCC\ISIC_0072772.jpg,isic_0072772,1,1ab1dea8111fc74663739b09fd6cecd54d3db271981d24cd9e8b06b8670b7b9c,4109,0
C:\SRS(ISIC_2019)\Dataset\BCC\ISIC_0072810.jpg,isic_0072810,1,b00d986b0c345551b5316e83f9b91b80ae477416eb7cbc02da528bea1151cfcf,4116,0
C:\SRS(ISIC_2019)\Dataset\BCC\ISIC_0072839.jpg,isic_0072839,1,47a2c5bd4ddfd83576ffa4df3b596f713989f09d832e782cbf843f204f8b9c42,4120,0
C:\SRS(ISIC_2019)\Dataset\BCC\ISIC_0072877.jpg,isic_0072877,1,44892fa49263f000167622bd3df92edf12d35b9bd0d3c36855ec848ecc68924d,4129,0
C:\SRS(ISIC_2019)\Dataset\BCC\ISIC_0072897.jpg,isic_0072897,1,fb58859ae42bc9351bc7d97f4df36d0d3a9da184420901727afea813e06f4bd2,4132,0
C:\SRS(ISIC_2019)\Dataset\BCC\ISIC_0072935.jpg,isic_0072935,1,39b3075d0581bd3c02c76ec80117ddc425bb897295d53dc0f4bfd434d5548d1d,4138,0
C:\SRS(ISIC_2019)\Dataset\BCC\ISIC_0072942.jpg,isic_0072942,1,c1635ac4b651c73b4012059a3e6ca2512bfebcfdc9df4e81e810148436cd441e,4139,0
C:\SRS(ISIC_2019)\Dataset\BCC\ISIC_0073033.jpg,isic_0073033,1,60515696b0e959b391aa7f4cdd8d91e7b7f9a75af03c3a7c3d1b6763abb79398,4152,0
C:\SRS(ISIC_2019)\Dataset\BCC\ISIC_0073037.jpg,isic_0073037,1,037f01fd2f335e5d40edf8cbf669c04db84e390f61f1dafa32144b4f2a4169a2,4153,0
C:\SRS(ISIC_2019)\Dataset\BCC\ISIC_0073049.jpg,isic_0073049,1,3cad2bc916b7cd73c0a06863cf026d93e3c22293ca0f5909c67ee87512aab9cf,4155,0
C:\SRS(ISIC_2019)\Dataset\BCC\ISIC_0073055.jpg,isic_0073055,1,f5aa5143553f56613dbadcec3b887e867e014964e2c0fd4772d6af06d60881d8,4156,0
C:\SRS(ISIC_2019)\Dataset\BCC\ISIC_0073079.jpg,isic_0073079,1,c98b2d71b2c8aa213bedb75b1e022ca344ef67a1ef6f7bd45f7cc5a6b53e97b6,4162,0
C:\SRS(ISIC_2019)\Dataset\BCC\ISIC_0073113.jpg,isic_0073113,1,4cf97e301a9e73379c01546c4cfd0dc6da80274a626b55d0d42b76ee2a534f63,4168,0
C:\SRS(ISIC_2019)\Dataset\BCC\ISIC_0073148.jpg,isic_0073148,1,38051d0fb87de6eb180ce70da16e72209444e1d733b5cf56417c6285c3fbff32,4174,0
C:\SRS(ISIC_2019)\Dataset\BCC\ISIC_0073161.jpg,isic_0073161,1,a315643c72964fb6b18fbac80c3e4272a62bc684f73ae6b2a82a0bcb852b7ade,4179,0
C:\SRS(ISIC_2019)\Dataset\BCC\ISIC_0073215.jpg,isic_0073215,1,857f34435ae1fb2754030ef231f02887578492f76acaf43c09d7008cf216a94d,4184,0
C:\SRS(ISIC_2019)\Dataset\BCC\ISIC_0073221.jpg,isic_0073221,1,a3980c931a08a87fb624f9ca3393309869c7a8c536df0fd23034195afc2290d3,4185,0
C:\SRS(ISIC_2019)\Dataset\BCC\ISIC_0073246.jpg,isic_0073246,1,823504a0def5c047d5440907cab486d7064ddeb653159657cf8d8afb5591ba89,4188,0
C:\SRS(ISIC_2019)\Dataset\BKL\ISIC_0012117_downsampled.jpg,isic_0012117_downsampled,2,f0029c26452241dc565e6333f1404442d9d89e962e81c74a67d177c64d0310ae,4194,0
C:\SRS(ISIC_2019)\Dataset\BKL\ISIC_0012155_downsampled.jpg,isic_0012155_downsampled,2,988a3b12453ffb7cd0ff5d5d0e004025735dd8ba62194a57990219af832b44b6,4198,0
C:\SRS(ISIC_2019)\Dataset\BKL\ISIC_0012210_downsampled.jpg,isic_0012210_downsampled,2,66f99102428ccd5300d4791715750d1d6b980e0b7e8eca6e70a2141dad74ca37,4207,0
C:\SRS(ISIC_2019)\Dataset\BKL\ISIC_0012245_downsampled.jpg,isic_0012245_downsampled,2,253203c7b60baff09d38221208199708c500713e0e26324a8eb2a40d36648d55,4217,0
C:\SRS(ISIC_2019)\Dataset\BKL\ISIC_0012272_downsampled.jpg,isic_0012272_downsampled,2,8fc5cfd475b10ff5147cc74e53796bb0a510ed33e4463ffbd4e3fe638506138f,4222,0
C:\SRS(ISIC_2019)\Dataset\BKL\ISIC_0012375_downsampled.jpg,isic_0012375_downsampled,2,f52fe548566d656648e0f17489ff9015c305c27a0e9a8b1fc03274f08c76dbd3,4237,0
C:\SRS(ISIC_2019)\Dataset\BKL\ISIC_0012455_downsampled.jpg,isic_0012455_downsampled,2,bc32a48a35298d1bb2f0904577079f524b822fe5ba0b20600a6ce35f1ab91274,4257,0
C:\SRS(ISIC_2019)\Dataset\BKL\ISIC_0012469_downsampled.jpg,isic_0012469_downsampled,2,a5ef8806d357d023465aa22d95d0119a707a543c22bdab768f7212ac5ffb8180,4259,0
C:\SRS(ISIC_2019)\Dataset\BKL\ISIC_0012513_downsampled.jpg,isic_0012513_downsampled,2,25cdfd80a1d4c75cbd2bc3d759961467fa5ed7bc63292f8cdb44144491f9c75b,4266,0
C:\SRS(ISIC_2019)\Dataset\BKL\ISIC_0012661_downsampled.jpg,isic_0012661_downsampled,2,7dd709eb2a78aacae6da6a74339bc9a5f81876b3c85f1d4fd8274cd790a5b0b2,4274,0
C:\SRS(ISIC_2019)\Dataset\BKL\ISIC_0012851_downsampled.jpg,isic_0012851_downsampled,2,cedc7fcfe40aeddb35d8e7a2cb3e7f20ddaf32d584b2fe690a7da15cf8415c78,4299,0
C:\SRS(ISIC_2019)\Dataset\BKL\ISIC_0012902_downsampled.jpg,isic_0012902_downsampled,2,bef74cbcd2b3d9f29d9594e5c6e266128833a1b4924c0ea70f8bcec822b19114,4307,0
C:\SRS(ISIC_2019)\Dataset\BKL\ISIC_0012928_downsampled.jpg,isic_0012928_downsampled,2,5be1e2618a8e5be67bb303b69c1483beb5efad6a8aea046cf9ab2981637bd7ca,4309,0
C:\SRS(ISIC_2019)\Dataset\BKL\ISIC_0013085_downsampled.jpg,isic_0013085_downsampled,2,19825eb5d897b0684d5e959c9af5ef73196071b0f03ed9c7a4951aadf45c05bd,4330,0
C:\SRS(ISIC_2019)\Dataset\BKL\ISIC_0013146_downsampled.jpg,isic_0013146_downsampled,2,aa5fe87f717684e70ccae2c3a9cfef63458d70bfb56818695bf7d25dbecd5ce8,4337,0
C:\SRS(ISIC_2019)\Dataset\BKL\ISIC_0013174_downsampled.jpg,isic_0013174_downsampled,2,fa70d427a3818950ef7ab68a630be0f8b8779b9c6c60a0b3f0c53eb8f602b34f,4345,0
C:\SRS(ISIC_2019)\Dataset\BKL\ISIC_0013200_downsampled.jpg,isic_0013200_downsampled,2,77d85e1b976eb2902be3b87008efde482b18a4077aec5f05be5b4561b3b1a2be,4349,0
C:\SRS(ISIC_2019)\Dataset\BKL\ISIC_0013335_downsampled.jpg,isic_0013335_downsampled,2,332b8e31141ce333cbd370498f21258858638f2871332e21c99c96920e6907bf,4361,0
C:\SRS(ISIC_2019)\Dataset\BKL\ISIC_0013364_downsampled.jpg,isic_0013364_downsampled,2,3e92ab13d0e4f41bc36d6602505bc7a004dbd03f5d32d1ba8877544a6b8be494,4364,0
C:\SRS(ISIC_2019)\Dataset\BKL\ISIC_0013400_downsampled.jpg,isic_0013400_downsampled,2,9d6472855ce82043b5a333ee186295005ec2372811afb5d2d7a5eaa3d05b7dd6,4369,0
C:\SRS(ISIC_2019)\Dataset\BKL\ISIC_0013409_downsampled.jpg,isic_0013409_downsampled,2,fd89ed9cbfd04e83019bcf03d00f40d73e675c0e745002dc054a1ea41996ad36,4370,0
C:\SRS(ISIC_2019)\Dataset\BKL\ISIC_0013443_downsampled.jpg,isic_0013443_downsampled,2,016573d065cfafe5f1d93e4ac77f13ea6ef76dca3bd77c53e04f9b00086aff55,4372,0
C:\SRS(ISIC_2019)\Dataset\BKL\ISIC_0013621_downsampled.jpg,isic_0013621_downsampled,2,9b9c3f536d917d02c561f49829a34cd2aececcbcfaba6b86f1ff0d132ea83e3e,4380,0
C:\SRS(ISIC_2019)\Dataset\BKL\ISIC_0013635_downsampled.jpg,isic_0013635_downsampled,2,abf827a014fe760ae3ef388153d6b8f7741a40c1cbbe479441b7ee8a7ba8244f,4383,0
C:\SRS(ISIC_2019)\Dataset\BKL\ISIC_0013684_downsampled.jpg,isic_0013684_downsampled,2,8066fa1a752a4d15ecf7c92c2f8f299e063504a203b0208de232e6f054485ea7,4389,0
C:\SRS(ISIC_2019)\Dataset\BKL\ISIC_0013707_downsampled.jpg,isic_0013707_downsampled,2,fe01a7c29e06ff3315b9f59adccd74432a71a6017f58edb80a9db213454ee754,4394,0
C:\SRS(ISIC_2019)\Dataset\BKL\ISIC_0013742_downsampled.jpg,isic_0013742_downsampled,2,f46f88af7111ccc14b7e3d302607265a4801a1374564ec4b0317726068183007,4399,0
C:\SRS(ISIC_2019)\Dataset\BKL\ISIC_0013764_downsampled.jpg,isic_0013764_downsampled,2,531d0da2fe27b70a02b70a56a6419cb3e0670c5f9c1cf2775107e0c70b113ddc,4400,0
C:\SRS(ISIC_2019)\Dataset\BKL\ISIC_0013782_downsampled.jpg,isic_0013782_downsampled,2,9c7c968afab431a4d30cf47d5937ff70239294c763edfdd8667d1b8f948e9098,4402,0
C:\SRS(ISIC_2019)\Dataset\BKL\ISIC_0013929_downsampled.jpg,isic_0013929_downsampled,2,9764c961dd40f5984912cdcb265c2972c318c0ba8f26cf4c75e7e9c8057c4d8d,4412,0
C:\SRS(ISIC_2019)\Dataset\BKL\ISIC_0013933_downsampled.jpg,isic_0013933_downsampled,2,fa44e1a1edd3ae2680a8b05fd8e58f09308e73d53b3fb672787f882118b5c0d7,4413,0
C:\SRS(ISIC_2019)\Dataset\BKL\ISIC_0014006_downsampled.jpg,isic_0014006_downsampled,2,45e357534703a9d964be5938dc1ebf616903022183b1abe3252422ebb2e4f644,4419,0
C:\SRS(ISIC_2019)\Dataset\BKL\ISIC_0014074_downsampled.jpg,isic_0014074_downsampled,2,28bd35962c5d931c168834ac2fc88b2ecf025de0f177b233a12b80f541838d16,4426,0
C:\SRS(ISIC_2019)\Dataset\BKL\ISIC_0014139_downsampled.jpg,isic_0014139_downsampled,2,6d54107ffce4eab79076c9f47e3cb9de08def2e74398ab0814457ff8fc654eed,4429,0
C:\SRS(ISIC_2019)\Dataset\BKL\ISIC_0014177_downsampled.jpg,isic_0014177_downsampled,2,7a7543229995f0cc1cc274c75e9e3f651b9c533c9ad29e02f991ea08f006b230,4431,0
C:\SRS(ISIC_2019)\Dataset\BKL\ISIC_0014278_downsampled.jpg,isic_0014278_downsampled,2,43b767e486c58633280357646b3891e9bea97b5652e19a70c65e8f769201a94b,4440,0
C:\SRS(ISIC_2019)\Dataset\BKL\ISIC_0014409_downsampled.jpg,isic_0014409_downsampled,2,c69603f78f0c566e3c1e788a7da6a50aad7efa8096c08104346d7e14e4bda851,4449,0
C:\SRS(ISIC_2019)\Dataset\BKL\ISIC_0014419_downsampled.jpg,isic_0014419_downsampled,2,444d7bc104ecfbda62b0b9b73e4052548f3a9c94400769434afa9baf6cc9c6f6,4451,0
C:\SRS(ISIC_2019)\Dataset\BKL\ISIC_0014457_downsampled.jpg,isic_0014457_downsampled,2,e019a85bd3848ed73dde589a6f41caaeda5b8026b5f87693141c6ae751c1e2a5,4453,0
C:\SRS(ISIC_2019)\Dataset\BKL\ISIC_0014500_downsampled.jpg,isic_0014500_downsampled,2,ecf3fe384e5d8a70e8a6f23493df63eb95104f474fbb24b0b9f3f8586f9fb564,4455,0
C:\SRS(ISIC_2019)\Dataset\BKL\ISIC_0014537_downsampled.jpg,isic_0014537_downsampled,2,cc3e709f77b5cfe719aa4dc318c94c8b8cb4b63848426f072b37103fb699ba1f,4461,0
C:\SRS(ISIC_2019)\Dataset\BKL\ISIC_0014569_downsampled.jpg,isic_0014569_downsampled,2,e31620ff1aa872dd97621378551d25c346ef8ecbfc7e069ff9c2d8ded7b2ad4f,4465,0
C:\SRS(ISIC_2019)\Dataset\BKL\ISIC_0014570_downsampled.jpg,isic_0014570_downsampled,2,2e1994b268c1201c48e7b74fcaa662553018d5a67227f8dcb9d4725644815c33,4466,0
C:\SRS(ISIC_2019)\Dataset\BKL\ISIC_0014574_downsampled.jpg,isic_0014574_downsampled,2,928ce7e898294f83b98a7be8cf8250002d38f66b4e8fc291527ffc1aa47fb1dd,4470,0
C:\SRS(ISIC_2019)\Dataset\BKL\ISIC_0014577_downsampled.jpg,isic_0014577_downsampled,2,0816d7c65d63c87ec2f1526ab0cc4bc202fb737124bc3463b7b393390a300e73,4473,0
C:\SRS(ISIC_2019)\Dataset\BKL\ISIC_0014580_downsampled.jpg,isic_0014580_downsampled,2,a15de2d53a55f18111181029a218eaafcbf3da29edde0f8df6e193351f893436,4476,0
C:\SRS(ISIC_2019)\Dataset\BKL\ISIC_0014583_downsampled.jpg,isic_0014583_downsampled,2,b34ef37e3e06c30e1036547c07725aafb0f4726a027c5f4bb029751ecfbe536d,4479,0
C:\SRS(ISIC_2019)\Dataset\BKL\ISIC_0014591_downsampled.jpg,isic_0014591_downsampled,2,20632326c4b27e06fd481fd1aae1e55348d688b97bd3ec5415aedc1b2580cc7f,4486,0
C:\SRS(ISIC_2019)\Dataset\BKL\ISIC_0014593_downsampled.jpg,isic_0014593_downsampled,2,6080589bc5659c5fb69584728c1ecff7a48a4117b2b4f82f8e9790259b0dd1b0,4488,0
C:\SRS(ISIC_2019)\Dataset\BKL\ISIC_0014596_downsampled.jpg,isic_0014596_downsampled,2,64e34daaf588b9431d988a3fe3d415dba1253c3e188b3fdd74afa0e755b7ec98,4491,0
C:\SRS(ISIC_2019)\Dataset\BKL\ISIC_0014599_downsampled.jpg,isic_0014599_downsampled,2,2af0e1904194b2dc69f6b5ce2f6b390f371e866e897da6f79c039c6ca929951a,4494,0
C:\SRS(ISIC_2019)\Dataset\BKL\ISIC_0014600_downsampled.jpg,isic_0014600_downsampled,2,10f92a4fac298bc3cf158e51c11ee1ee0b13cc855eb83cdba8ec712dc1901628,4495,0
C:\SRS(ISIC_2019)\Dataset\BKL\ISIC_0014610_downsampled.jpg,isic_0014610_downsampled,2,97058996e853976096b008d1e567921c1306833575755f0c66e01dfcc6bfd2cc,4504,0
C:\SRS(ISIC_2019)\Dataset\BKL\ISIC_0014620_downsampled.jpg,isic_0014620_downsampled,2,4c30db1483a043d999f66140125c5538f1721b34572604b42b4f32cf03f5904f,4513,0
C:\SRS(ISIC_2019)\Dataset\BKL\ISIC_0014623_downsampled.jpg,isic_0014623_downsampled,2,8452871e3858c98fa0747fde9a90cc586239ad902b50ab8a0f9634cdff203169,4516,0
C:\SRS(ISIC_2019)\Dataset\BKL\ISIC_0014631_downsampled.jpg,isic_0014631_downsampled,2,661b63be3653c2808a7cefe333aee920d9bb3318aba7fcb5ff40eec7b3f2042d,4524,0
C:\SRS(ISIC_2019)\Dataset\BKL\ISIC_0014645_downsampled.jpg,isic_0014645_downsampled,2,a20a5000e672021d229ddf06f2a5fe315198d6c04971df04963610e957624d7f,4538,0
C:\SRS(ISIC_2019)\Dataset\BKL\ISIC_0014649_downsampled.jpg,isic_0014649_downsampled,2,6e1547598f2d189acb0b89efe069eedf5f5273dc00f3736ecd22868a214907c9,4542,0
C:\SRS(ISIC_2019)\Dataset\BKL\ISIC_0014653_downsampled.jpg,isic_0014653_downsampled,2,8aa6dfae3288df0f5b39cbd62fdb757fa9bd3852562febdc77f8cedb7b9288ea,4546,0
C:\SRS(ISIC_2019)\Dataset\BKL\ISIC_0014831_downsampled.jpg,isic_0014831_downsampled,2,08136a074893bd8679bea8ed85985e427065f64e08bfa3e59decda02882ff9d4,4558,0
C:\SRS(ISIC_2019)\Dataset\BKL\ISIC_0015032_downsampled.jpg,isic_0015032_downsampled,2,df37578e834a37e11981c8436f4ab90fa5bbdc9cedc49219466e28484364f657,4560,0
C:\SRS(ISIC_2019)\Dataset\BKL\ISIC_0015038_downsampled.jpg,isic_0015038_downsampled,2,faa701af750b2e562a979dd44d329e835cec6fbf2daec03b4e459aeccf6273b3,4561,0
C:\SRS(ISIC_2019)\Dataset\BKL\ISIC_0015182_downsampled.jpg,isic_0015182_downsampled,2,efbfa7923e2a3e405ead091a81a868eef54e799f764c690fcfe5447a4862386b,4572,0
C:\SRS(ISIC_2019)\Dataset\BKL\ISIC_0024371.jpg,isic_0024371,2,1c599537fd22186fbeb8cda2270757135f0899231402aa68e432a1e4aa30f769,4583,0
C:\SRS(ISIC_2019)\Dataset\BKL\ISIC_0024477.jpg,isic_0024477,2,b8c5dcefccc15fa07c99d1919b10fc7f8f62a945946d5f3784f28a2ed5d9c475,4598,0
C:\SRS(ISIC_2019)\Dataset\BKL\ISIC_0024612.jpg,isic_0024612,2,a0f2b4b459586c74c47085c28de433a7cf05daf2dd9b0a7b39f067c92e814ff5,4609,0
C:\SRS(ISIC_2019)\Dataset\BKL\ISIC_0024676.jpg,isic_0024676,2,fb2a5386d3dddfc362790d277f3f21e286c61e1c3cbdd634b7a82658412bb853,4615,0
C:\SRS(ISIC_2019)\Dataset\BKL\ISIC_0024708.jpg,isic_0024708,2,62be2b593e01169b46b7a54c9863fe84f6416f1a4847604ef521f48cd5840e36,4618,0
C:\SRS(ISIC_2019)\Dataset\BKL\ISIC_0024741.jpg,isic_0024741,2,4098a482096cff8dd0eac535f15b2769704a3cb5344765df14fd23b65a465910,4623,0
C:\SRS(ISIC_2019)\Dataset\BKL\ISIC_0024761.jpg,isic_0024761,2,af12cd20b44299226d9cd1b4487083529546244527506de714a1c1742b1f1324,4627,0
C:\SRS(ISIC_2019)\Dataset\BKL\ISIC_0024832.jpg,isic_0024832,2,85c8fe3f313654bfe57ce2c98d47e471ad6b882917b309b96b740a35c68e844e,4636,0
C:\SRS(ISIC_2019)\Dataset\BKL\ISIC_0024851.jpg,isic_0024851,2,7fae42be7ebaa9f370fe520c1841474c26a8cb932084e0dfbd973c7dd6baad00,4639,0
C:\SRS(ISIC_2019)\Dataset\BKL\ISIC_0024881.jpg,isic_0024881,2,cfd2d4e9982113042a729ddeefdc832fdea79c7be2a1097ddda5be384270f05c,4643,0
C:\SRS(ISIC_2019)\Dataset\BKL\ISIC_0024890.jpg,isic_0024890,2,b0f2b4d8a554478f06cfc308a157552ef4b6de0c978a61b8ff1ee171aa2eabc8,4645,0
C:\SRS(ISIC_2019)\Dataset\BKL\ISIC_0024909.jpg,isic_0024909,2,a798f59bef072ad1f5f80d464da6fb1314607c3bcff350fee1bc79771668f6c2,4647,0
C:\SRS(ISIC_2019)\Dataset\BKL\ISIC_0024970.jpg,isic_0024970,2,b939eaa073acc34a437fc61dbc8c4e2b07835c48e8e881cf27c931ee8ca6c8d6,4652,0
C:\SRS(ISIC_2019)\Dataset\BKL\ISIC_0025040.jpg,isic_0025040,2,579bdbb35460ffaa1cf613f099ea845f388d5895c839edf56c2f11642a9f4d54,4663,0
C:\SRS(ISIC_2019)\Dataset\BKL\ISIC_0025063.jpg,isic_0025063,2,856f5a965ceade166df5fe803e5cd9ffcb8dd9de8fd2810279e0353e7f64c726,4664,0
C:\SRS(ISIC_2019)\Dataset\BKL\ISIC_0025064.jpg,isic_0025064,2,d992d6ade675d94d011fd12b88a1d70f9523fce51fdfd23aae0dbf473bdb431d,4665,0
C:\SRS(ISIC_2019)\Dataset\BKL\ISIC_0025099.jpg,isic_0025099,2,9ec50c1034a19af33d3a50076e26a1f22cf5d41db9a0ed57a3985bb3e5317d13,4672,0
C:\SRS(ISIC_2019)\Dataset\BKL\ISIC_0025136.jpg,isic_0025136,2,d4a0c438618ec8b3ea1bab6ae5a0c52cd9e7751989aac7d1819097395df081cf,4676,0
C:\SRS(ISIC_2019)\Dataset\BKL\ISIC_0025157.jpg,isic_0025157,2,acc09e59802760175329b19009afe7fec6b0ec05d182257e3379918b10242f95,4678,0
C:\SRS(ISIC_2019)\Dataset\BKL\ISIC_0025209.jpg,isic_0025209,2,16f959f804aa0a877c8ce308b4d9cc9f4a2bf06ba803a32e167e6411ae3ce1f2,4681,0
C:\SRS(ISIC_2019)\Dataset\BKL\ISIC_0025222.jpg,isic_0025222,2,6d23fefde935842ddd42d51e863a98b6569338149ddce51df6fe5dccacd42dd7,4682,0
C:\SRS(ISIC_2019)\Dataset\BKL\ISIC_0025297.jpg,isic_0025297,2,0d7798f92ed60acbaddcb49c0262776fb5e95b4f8e102e34f094404869cd4640,4687,0
C:\SRS(ISIC_2019)\Dataset\BKL\ISIC_0025378.jpg,isic_0025378,2,90c85c6125b05337163238e3d652925008d2e78284d9d7dc031176f0922f8a4a,4698,0
C:\SRS(ISIC_2019)\Dataset\BKL\ISIC_0025388.jpg,isic_0025388,2,2c2a1e6d42f06032bd6c021e8fdfb5e6e60d9f4c54a990e17c5d1e903e23b26b,4700,0
C:\SRS(ISIC_2019)\Dataset\BKL\ISIC_0025419.jpg,isic_0025419,2,45e564d3e723ca11564391723860b5d61b17bb98071ad382ce410bc0beae3702,4703,0
C:\SRS(ISIC_2019)\Dataset\BKL\ISIC_0025465.jpg,isic_0025465,2,488ff6f6231799f7b0408eb4d3bf167c1dd54ba9af5beb4929ef47c69ff40c58,4707,0
C:\SRS(ISIC_2019)\Dataset\BKL\ISIC_0025510.jpg,isic_0025510,2,10f450f8c393dac3926de7f35efcd13193fa82da4096abfdd178afd40d279956,4713,0
C:\SRS(ISIC_2019)\Dataset\BKL\ISIC_0025529.jpg,isic_0025529,2,8e1e50d8540eb7686523531f0345479b4f07ab019177ac7d08bc02552cab08b9,4717,0
C:\SRS(ISIC_2019)\Dataset\BKL\ISIC_0025554.jpg,isic_0025554,2,60608662237326b3899b10c1f04b7de80e5ee173593c3df39c5b28eb08874b1b,4719,0
C:\SRS(ISIC_2019)\Dataset\BKL\ISIC_0025623.jpg,isic_0025623,2,9e66db782deac4dca7665d524db64df6f075f7603c3d81e156a196f312c323f3,4723,0
C:\SRS(ISIC_2019)\Dataset\BKL\ISIC_0025627.jpg,isic_0025627,2,ca267ee4a423b379d3da6dac5da7682c806031ae98b2ca53f24fcc7a27dee966,4724,0
C:\SRS(ISIC_2019)\Dataset\BKL\ISIC_0025693.jpg,isic_0025693,2,1d95aee8f50e9a04e858b427313122534003f63b7945173d6c9a0b24661c8ec8,4730,0
C:\SRS(ISIC_2019)\Dataset\BKL\ISIC_0025746.jpg,isic_0025746,2,28a613287b4ffa7c29fdf0f8ae5cf9a5cbba812ab4cfe5f989cfe0c6cbc11f69,4737,0
C:\SRS(ISIC_2019)\Dataset\BKL\ISIC_0025781.jpg,isic_0025781,2,bb275c1d580f6b8366a15210e54a3d4cef6881992fb1a827d68a8e230cf68411,4742,0
C:\SRS(ISIC_2019)\Dataset\BKL\ISIC_0025885.jpg,isic_0025885,2,d236f0310ffce271d2627a95538786f21b794c7c617f661ec840933b87622683,4759,0
C:\SRS(ISIC_2019)\Dataset\BKL\ISIC_0025928.jpg,isic_0025928,2,b5485fe47c62b04fc05bdf9170a23a5b0e8bb666d247223928176c55dbb07cb5,4762,0
C:\SRS(ISIC_2019)\Dataset\BKL\ISIC_0025973.jpg,isic_0025973,2,daabfebc41c2cdab0e46e7352b78908c3c2c5509be95fb778399f4ad76b7b18a,4765,0
C:\SRS(ISIC_2019)\Dataset\BKL\ISIC_0025984.jpg,isic_0025984,2,41ef5bd171981d744f12d576a90fe5e5aec7f9e7f83acdd08e42f41f550cf38f,4767,0
C:\SRS(ISIC_2019)\Dataset\BKL\ISIC_0025985.jpg,isic_0025985,2,a1803943fc2d317dd12e8a6285c5e3aa0e87bce33f19921a9d0e1d2cbe3aeaa0,4768,0
C:\SRS(ISIC_2019)\Dataset\BKL\ISIC_0026042.jpg,isic_0026042,2,f0b83b57df480f3810965ff60c8ac6ba6f65a18a06d5ab7c85a6f25534f12aac,4773,0
C:\SRS(ISIC_2019)\Dataset\BKL\ISIC_0026046.jpg,isic_0026046,2,faab0f625d50dbde2b35afbf1e1b453408960beb242a8de57de0fd24f966c986,4775,0
C:\SRS(ISIC_2019)\Dataset\BKL\ISIC_0026135.jpg,isic_0026135,2,be03302d7b987d1e7e548609ac2c677b1c28180a558da000cedf3dde49cce05d,4783,0
C:\SRS(ISIC_2019)\Dataset\BKL\ISIC_0026174.jpg,isic_0026174,2,9e6ddc4d9c070c816e19539acfd7765a035e6f2872f943a171ef755afc40210a,4788,0
C:\SRS(ISIC_2019)\Dataset\BKL\ISIC_0026290.jpg,isic_0026290,2,c50d7c3df244d00364a145b404a05ffb86c90a4a9cea4bb6c897841dce376bec,4802,0
C:\SRS(ISIC_2019)\Dataset\BKL\ISIC_0026291.jpg,isic_0026291,2,cc08b8d03df400f3e54f1511a6d6bae6f4dcdacdc73422ce1ea182966d8f2464,4803,0
C:\SRS(ISIC_2019)\Dataset\BKL\ISIC_0026335.jpg,isic_0026335,2,687dd867aaa9a1f2fe32f41041b9920fe4c5eeefadd6103d7173d47ffeffbaf6,4808,0
C:\SRS(ISIC_2019)\Dataset\BKL\ISIC_0026416.jpg,isic_0026416,2,ca6c0010f9272bb0f92b856ed987373456f463ec9c00aa7689bb46b4d28e7625,4813,0
C:\SRS(ISIC_2019)\Dataset\BKL\ISIC_0026422.jpg,isic_0026422,2,e82d6dd7821fb573711197fb55daac15218d72e1cebe1c7a8b698dcb752d68bf,4814,0
C:\SRS(ISIC_2019)\Dataset\BKL\ISIC_0026444.jpg,isic_0026444,2,b2ed50850d4d5ea5b5e2b83d315a32e58866e4dc017909b213bbe289559c3abc,4817,0
C:\SRS(ISIC_2019)\Dataset\BKL\ISIC_0026493.jpg,isic_0026493,2,0cb4d70321d047465640e5ad8edb2b09d6a58b8bcb0df6e4294ce291383cb019,4821,0
C:\SRS(ISIC_2019)\Dataset\BKL\ISIC_0026526.jpg,isic_0026526,2,d6f3dd6aa119e351ef4192628aec24a7575f67952c2a77ce5bd7a2da01e06294,4826,0
C:\SRS(ISIC_2019)\Dataset\BKL\ISIC_0026539.jpg,isic_0026539,2,9bd38cadbabcee7ebba399bc7ab0a207c40e340bde8b2cc4fbf8a5e1960d7d1f,4830,0
C:\SRS(ISIC_2019)\Dataset\BKL\ISIC_0026576.jpg,isic_0026576,2,40ed5aa06998014ef8975ce4eac24e0b6cac3665affefff178671584a3477eff,4835,0
C:\SRS(ISIC_2019)\Dataset\BKL\ISIC_0026607.jpg,isic_0026607,2,e2f253463c221b09d338c024a6db25282ea1f2b1eac386d9ed2c4931d7443160,4838,0
C:\SRS(ISIC_2019)\Dataset\BKL\ISIC_0026634.jpg,isic_0026634,2,0c23d1b2feb8493606ec51239d48f91bc67f72308213d02570313048dc49c344,4842,0
C:\SRS(ISIC_2019)\Dataset\BKL\ISIC_0026644.jpg,isic_0026644,2,69f6a90e08463225c5b891ed3f8eb16232b30de6278417eb84803a41f2323b41,4844,0
C:\SRS(ISIC_2019)\Dataset\BKL\ISIC_0026663.jpg,isic_0026663,2,9fdbcd488a185d84d9e9b0d159e00084ca3da5b6b50a198bd92ee0735bec1eb9,4846,0
C:\SRS(ISIC_2019)\Dataset\BKL\ISIC_0026842.jpg,isic_0026842,2,7cbb43604f277aa24e6cd04973e0941cf0ba3b57681dcec558691db22678866b,4864,0
C:\SRS(ISIC_2019)\Dataset\BKL\ISIC_0026843.jpg,isic_0026843,2,42dbd38492af13db04df88169c7670510cb7ca7181cb4967acb14f5d5eb06fa8,4865,0
C:\SRS(ISIC_2019)\Dataset\BKL\ISIC_0026907.jpg,isic_0026907,2,dee7556ae4d73a6d956d214b7df948c9cda1356061afcd3cba9546f81292eddd,4874,0
C:\SRS(ISIC_2019)\Dataset\BKL\ISIC_0026941.jpg,isic_0026941,2,f8680e3a2cc38da23680b2f130565a59da2c549b3f33814c97c80bedef2b3041,4877,0
C:\SRS(ISIC_2019)\Dataset\BKL\ISIC_0027027.jpg,isic_0027027,2,1130f71254346ad63856b127ead2de157c67d9f6f2a26366198485c165bc5871,4890,0
C:\SRS(ISIC_2019)\Dataset\BKL\ISIC_0027064.jpg,isic_0027064,2,95595fb19eed0b1ee8c1a44574169ffd0b402148356426fa0752e79cb02e43d2,4895,0
C:\SRS(ISIC_2019)\Dataset\BKL\ISIC_0027068.jpg,isic_0027068,2,4938578e5d15909358b5d542d01e325dc30c2192b2197b71f21c0419e1f887d9,4896,0
C:\SRS(ISIC_2019)\Dataset\BKL\ISIC_0027151.jpg,isic_0027151,2,8a855fdc85c2c85761f3cf76611d3f3fb1d2ea257e435a224443cc5bb9fe0f17,4901,0
C:\SRS(ISIC_2019)\Dataset\BKL\ISIC_0027167.jpg,isic_0027167,2,9c9937d7e770471e27aec9c9dfe77cbbbc9b8c956463cf9324afcb2da43b7a4a,4904,0
C:\SRS(ISIC_2019)\Dataset\BKL\ISIC_0027239.jpg,isic_0027239,2,1d4cfc3fdfb04718a4911a5da935863b97e105493c8e2a277fc67459c300f751,4910,0
C:\SRS(ISIC_2019)\Dataset\BKL\ISIC_0027326.jpg,isic_0027326,2,208ebc4e376b03f35cc98e3384b18187571dab6869aeed5c05fa2587cd299bce,4918,0
C:\SRS(ISIC_2019)\Dataset\BKL\ISIC_0027335.jpg,isic_0027335,2,3684fb28ba3d0b252bbf77cdd0040ef24de9170ffddb5bd8f23c2074bc8f731a,4920,0
C:\SRS(ISIC_2019)\Dataset\BKL\ISIC_0027374.jpg,isic_0027374,2,c14598e30a98459e1384b9ce23e6bb06e5111dc255227acbf87ed918bcff041b,4926,0
C:\SRS(ISIC_2019)\Dataset\BKL\ISIC_0027392.jpg,isic_0027392,2,19e4e79fcf7c5da5e32bb96fd0238ed75fece24f26d42c03ee199a3f65d08b86,4928,0
C:\SRS(ISIC_2019)\Dataset\BKL\ISIC_0027419.jpg,isic_0027419,2,b1476cf07c4b4040aeb0146b16d747f1aaaf7fff12418b735b3a6c7ed9ffb37f,4930,0
C:\SRS(ISIC_2019)\Dataset\BKL\ISIC_0027454.jpg,isic_0027454,2,f3c5cc1e7221e1f3fc4571c284af004524100c51d35c3807a6985bf28337240d,4935,0
C:\SRS(ISIC_2019)\Dataset\BKL\ISIC_0027533.jpg,isic_0027533,2,7692bc822b2dad2312d1a9f3875179115ee977a42e8a3b1a6ecb804b0ddd5d58,4943,0
C:\SRS(ISIC_2019)\Dataset\BKL\ISIC_0027681.jpg,isic_0027681,2,c6da05ebcbc234d58f2a4ac28e79d7f3ee78b74f307e290177899dce4f60853c,4952,0
C:\SRS(ISIC_2019)\Dataset\BKL\ISIC_0027770.jpg,isic_0027770,2,5725f77655c1de8e066af8eb01e2fc49bba5d83356cf60f2ffb88056fe5b6c90,4962,0
C:\SRS(ISIC_2019)\Dataset\BKL\ISIC_0027826.jpg,isic_0027826,2,20be63addbe587140fcea16bc6d18e15f70162145b36b50d4673182651a436b8,4972,0
C:\SRS(ISIC_2019)\Dataset\BKL\ISIC_0027831.jpg,isic_0027831,2,b1cabea7efc3142adab57a9d8dd7859c9dfefc9aae68bf763102e0b878da0eca,4974,0
C:\SRS(ISIC_2019)\Dataset\BKL\ISIC_0027850.jpg,isic_0027850,2,90a84dd7fe226cb4cede903f2aa36a12f3c2a8eea89ac5a2be71d3978316b5ca,4975,0
C:\SRS(ISIC_2019)\Dataset\BKL\ISIC_0027859.jpg,isic_0027859,2,a99cc44a3cf37fac4be7dd990a1a928e8639685092ece6a507ccdea68f6b6796,4976,0
C:\SRS(ISIC_2019)\Dataset\BKL\ISIC_0028100.jpg,isic_0028100,2,d8903dc8d50add355b92f7c1cd2c462e33c9a316ab7ace6aec6cbed5d06cb249,4998,0
C:\SRS(ISIC_2019)\Dataset\BKL\ISIC_0028254.jpg,isic_0028254,2,7dfb116ce9e941bdbf942e1fcd4a785878f92fb78d148273361cba3a48a410b2,5014,0
C:\SRS(ISIC_2019)\Dataset\BKL\ISIC_0028331.jpg,isic_0028331,2,0801c56e002fe0f6ce3c28f9b2037f0e28bb027764c68f204408f688c2e10928,5020,0
C:\SRS(ISIC_2019)\Dataset\BKL\ISIC_0028336.jpg,isic_0028336,2,5587b3e5f4ff6149f843a4bb34a7d0d98f863adc2945626c8606bf152c9db4c2,5021,0
C:\SRS(ISIC_2019)\Dataset\BKL\ISIC_0028343.jpg,isic_0028343,2,1dc0f822d01133f2b70a48970b46b195aea4e9f585d7efbc60df875059f3705e,5022,0
C:\SRS(ISIC_2019)\Dataset\BKL\ISIC_0028411.jpg,isic_0028411,2,253c129cde4bd56913ed1f1e69cc0c23e8983ae5c9f31d23a6f65c504f2555a4,5030,0
C:\SRS(ISIC_2019)\Dataset\BKL\ISIC_0028414.jpg,isic_0028414,2,9e4feda6bbcb7047403467c70879c46f9281f06c29668c788947a138d2b22038,5031,0
C:\SRS(ISIC_2019)\Dataset\BKL\ISIC_0028451.jpg,isic_0028451,2,d4906a38a8373b8682e27e49f3d68d5f3e66e9d377604c70de26a5dc91549122,5034,0
C:\SRS(ISIC_2019)\Dataset\BKL\ISIC_0028560.jpg,isic_0028560,2,7b2032b4cbaf66c273b380820110d1887484312a883fc831138f0d5fcf07f1d8,5045,0
C:\SRS(ISIC_2019)\Dataset\BKL\ISIC_0028611.jpg,isic_0028611,2,7ec430c07bf0d33c4b98e4c4889831440ce81925452b453b231e431f7495d70d,5049,0
C:\SRS(ISIC_2019)\Dataset\BKL\ISIC_0028628.jpg,isic_0028628,2,81639f80bc45c522ad968a938152b8da47962d31a5a49832701451ef0aa9391a,5053,0
C:\SRS(ISIC_2019)\Dataset\BKL\ISIC_0028681.jpg,isic_0028681,2,b178eb703163249f04f94674b2c6b2f0474cc98f23066f3f3a93d0acfc10826a,5059,0
C:\SRS(ISIC_2019)\Dataset\BKL\ISIC_0028707.jpg,isic_0028707,2,bb831636d02a876363af66833a494c661553de88a89d34036f96d7387dcfc5d5,5062,0
C:\SRS(ISIC_2019)\Dataset\BKL\ISIC_0028797.jpg,isic_0028797,2,481fbccf3b0fcb92f1b0d9bc0e120e48eefaebeacb2fbdb10a6638a9b433d38e,5068,0
C:\SRS(ISIC_2019)\Dataset\BKL\ISIC_0028840.jpg,isic_0028840,2,70b69f7b4ead903a1cfb350b41e93654746e4986453e677b2ae1cc3064e49f10,5072,0
C:\SRS(ISIC_2019)\Dataset\BKL\ISIC_0028925.jpg,isic_0028925,2,7a946846c31afeaaf5bbcddedb70fcd8e998c6315e9b84d1b47fcc35930a5554,5080,0
C:\SRS(ISIC_2019)\Dataset\BKL\ISIC_0028952.jpg,isic_0028952,2,d36dcc18ec2919575beb8abc0020696cc3c7e0186799584d12cda8135bb017cc,5083,0
C:\SRS(ISIC_2019)\Dataset\BKL\ISIC_0028977.jpg,isic_0028977,2,4473d112f7b4d8f4082b27e3177cc95063fd489091bf5c449f1fab10c6b8885c,5087,0
C:\SRS(ISIC_2019)\Dataset\BKL\ISIC_0029040.jpg,isic_0029040,2,cb53836e197ee2381a320e96aadbf6dcf168b7f2c5a223a3ba0454640205af6e,5099,0
C:\SRS(ISIC_2019)\Dataset\BKL\ISIC_0029060.jpg,isic_0029060,2,688002618de8c9354c72162d460317010e29c341ff6c3816345b8e63ca33e9ca,5102,0
C:\SRS(ISIC_2019)\Dataset\BKL\ISIC_0029062.jpg,isic_0029062,2,7357ba187242fda03c188d444380b1ac661f075a2d2124440fa510a8a9281dec,5104,0
C:\SRS(ISIC_2019)\Dataset\BKL\ISIC_0029068.jpg,isic_0029068,2,c9894a8a57f1013b745db3d022b223411ef6911508b454ef8389dd5bcaadcf00,5105,0
C:\SRS(ISIC_2019)\Dataset\BKL\ISIC_0029108.jpg,isic_0029108,2,172d4f7e9e8ddbc2d84d6a78f2f5a65fad34797b2fb31a255227871702f9905a,5112,0
C:\SRS(ISIC_2019)\Dataset\BKL\ISIC_0029126.jpg,isic_0029126,2,67421835f50f34d52011b23a336b0c227a02a8e5a44d57850d749c7e62bb3a71,5115,0
C:\SRS(ISIC_2019)\Dataset\BKL\ISIC_0029135.jpg,isic_0029135,2,fa9ac175ae2e5ba23bd84349a86230e863c502c8c7a519ac31d89a1e994fecea,5116,0
C:\SRS(ISIC_2019)\Dataset\BKL\ISIC_0029139.jpg,isic_0029139,2,d8461dcc4944b6350a66f88884173aced50410f991616d18e8fc25694a0da243,5117,0
C:\SRS(ISIC_2019)\Dataset\BKL\ISIC_0029176.jpg,isic_0029176,2,dcf0eff8456f9dc582748dbfb31b167b6b3ae7005672387c13d13bec2d6d8507,5121,0
C:\SRS(ISIC_2019)\Dataset\BKL\ISIC_0029195.jpg,isic_0029195,2,030761e57127bbc3f35b5c3e89c9c746cb1a933ddfc8cc2891aa6d01a6749384,5122,0
C:\SRS(ISIC_2019)\Dataset\BKL\ISIC_0029206.jpg,isic_0029206,2,a2d43c2f931bbd5143df8c06f708485182df24fb28034f50d9d3bfdf8df9cf3c,5124,0
C:\SRS(ISIC_2019)\Dataset\BKL\ISIC_0029213.jpg,isic_0029213,2,84c2e617d90eed71d6ebb5b853e930c5de4f6419f0746bbe89958c402a433a38,5125,0
C:\SRS(ISIC_2019)\Dataset\BKL\ISIC_0029235.jpg,isic_0029235,2,72104e999dd848ce4df7116a8eb0aa5620b87adffcb6b566bc11d1109edd9db1,5130,0
C:\SRS(ISIC_2019)\Dataset\BKL\ISIC_0029340.jpg,isic_0029340,2,732d8af5708687fca4a53cd300b0ed999d625a81d804a235d7d8bd647b512e74,5145,0
C:\SRS(ISIC_2019)\Dataset\BKL\ISIC_0029413.jpg,isic_0029413,2,734b259e650f2ccfe0af203528937f3c7c603ee9fe0b9eae97f96bc8630830ab,5152,0
C:\SRS(ISIC_2019)\Dataset\BKL\ISIC_0029443.jpg,isic_0029443,2,7ed60336251d67e4b86606915316bb07f9c215f83187ab4ac1e3d221c756ff08,5157,0
C:\SRS(ISIC_2019)\Dataset\BKL\ISIC_0029548.jpg,isic_0029548,2,c5a36dc81e578fbdf701ef6c89542ff7f70abacae42870a5b6e65f48ad836f0d,5168,0
C:\SRS(ISIC_2019)\Dataset\BKL\ISIC_0029555.jpg,isic_0029555,2,ce441b78da74c99843cc0af16696ab43a3571be80eda43629e436193e924aaeb,5169,0
C:\SRS(ISIC_2019)\Dataset\BKL\ISIC_0029576.jpg,isic_0029576,2,2edec1b9bc51f144230584e88d41c1ca506d302ded91d345bfc0d96359a3c00e,5173,0
C:\SRS(ISIC_2019)\Dataset\BKL\ISIC_0029585.jpg,isic_0029585,2,a54da59eb7151c4ea93e7a61a93358b840920bba84a49b257ad7ee2c738876f4,5175,0
C:\SRS(ISIC_2019)\Dataset\BKL\ISIC_0029612.jpg,isic_0029612,2,e09b0b3205bff48e1b5d5552a529fb7cdbbe3e979c18765585362921cd5c33bb,5180,0
C:\SRS(ISIC_2019)\Dataset\BKL\ISIC_0029617.jpg,isic_0029617,2,378f03a62d49666eb344e6da197432deb1dc194c8554aeadeb039be03fde216b,5182,0
C:\SRS(ISIC_2019)\Dataset\BKL\ISIC_0029627.jpg,isic_0029627,2,11aecb10015e8447f8199f8377777e746a05300cf91532ec24d416f88aa91002,5183,0
C:\SRS(ISIC_2019)\Dataset\BKL\ISIC_0029823.jpg,isic_0029823,2,fa99f74d37634254bb8aeef1649826dd72ad9836550c43da1de3291bf76cdd41,5202,0
C:\SRS(ISIC_2019)\Dataset\BKL\ISIC_0029837.jpg,isic_0029837,2,c36b6ad6c8bc5052ae0cea8de40b466c283526efdb5bafc9ebe5c359f90703ac,5204,0
C:\SRS(ISIC_2019)\Dataset\BKL\ISIC_0029841.jpg,isic_0029841,2,d1dd7c9d61e4d1cb18a7f3764d40deae199c7f61850a425709e495c7f85ccc71,5205,0
C:\SRS(ISIC_2019)\Dataset\BKL\ISIC_0029929.jpg,isic_0029929,2,e1767cbb6a6a908cbccc5466662c3b5836b35c1ce5c2b738d69696408b8162a5,5214,0
C:\SRS(ISIC_2019)\Dataset\BKL\ISIC_0030056.jpg,isic_0030056,2,f3baffa3f9c2c1c612b7b5d2bfc6d884ac1f121f271745f96180abfbaf41ad09,5221,0
C:\SRS(ISIC_2019)\Dataset\BKL\ISIC_0030207.jpg,isic_0030207,2,065a6b60e21261567ae42e327a2c587da61d49afa1f879e0e26eda5743ecaeee,5238,0
C:\SRS(ISIC_2019)\Dataset\BKL\ISIC_0030276.jpg,isic_0030276,2,1826fd9b6110911b3a258e93d9d823da919cfa7bf94782ae31e1b91ab0fe8bcf,5247,0
C:\SRS(ISIC_2019)\Dataset\BKL\ISIC_0030318.jpg,isic_0030318,2,073ac9477153ebaaa217cd7de99d6d5f3fc79abe118296d6585199ae873926d9,5250,0
C:\SRS(ISIC_2019)\Dataset\BKL\ISIC_0030608.jpg,isic_0030608,2,fb1ae895ab1d6eb03e5a2bac9f25fe160e9896d656f019f44930179779a1f9cd,5275,0
C:\SRS(ISIC_2019)\Dataset\BKL\ISIC_0030649.jpg,isic_0030649,2,3a595ab53a1641fadb8f27fdf735292d1770f98f3d9f9b127480798ea9e9569b,5278,0
C:\SRS(ISIC_2019)\Dataset\BKL\ISIC_0030677.jpg,isic_0030677,2,f027c92dd9701fd209e7c61121b78bd8a3fbed1693db038fbbe8153674886a18,5280,0
C:\SRS(ISIC_2019)\Dataset\BKL\ISIC_0030698.jpg,isic_0030698,2,2be6a02ed2994d56688f2a7771b88835b8ec350f7eac750a1fa527ab2cd86a18,5282,0
C:\SRS(ISIC_2019)\Dataset\BKL\ISIC_0030731.jpg,isic_0030731,2,f67ec411065913f90291e8c696885ff457519797c25240214b25ecd036190d66,5288,0
C:\SRS(ISIC_2019)\Dataset\BKL\ISIC_0030758.jpg,isic_0030758,2,54535e4dd74e08b4c3c118b4647a8a03ee8cc9e2848ea3ec7b0ed973f43ece03,5290,0
C:\SRS(ISIC_2019)\Dataset\BKL\ISIC_0030801.jpg,isic_0030801,2,599bd0670ee0281971dda34ae3ddb06023b710d2aae29ec845ad32ef26e74ced,5294,0
C:\SRS(ISIC_2019)\Dataset\BKL\ISIC_0030806.jpg,isic_0030806,2,bd488f72e6e6fc71d396b3680d328f27e05f5c5a41d68173dcfdcc58770c5c1b,5295,0
C:\SRS(ISIC_2019)\Dataset\BKL\ISIC_0030835.jpg,isic_0030835,2,a1a53231a79d4196a96c61ae478dcfe46fb500a6ee0648b463ec28090565c94d,5298,0
C:\SRS(ISIC_2019)\Dataset\BKL\ISIC_0030965.jpg,isic_0030965,2,f1ad8113c334ef74140991bb150bf99adccd0e23a2235833bb629d50dcee9553,5304,0
C:\SRS(ISIC_2019)\Dataset\BKL\ISIC_0030976.jpg,isic_0030976,2,a701c0c33cf48891c42c11d745306218f590772834c299eb9964141b3cf78762,5305,0
C:\SRS(ISIC_2019)\Dataset\BKL\ISIC_0031061.jpg,isic_0031061,2,837df9ead18e3fbcaaf2e98a06c6b6c5b2e99bb7ca9a3d420a33af54092e63e9,5317,0
C:\SRS(ISIC_2019)\Dataset\BKL\ISIC_0031130.jpg,isic_0031130,2,c4d7cad8bce384d77c7fb94ad9d8bc82ba9b694b2d090655cd3ab94983e76a01,5321,0
C:\SRS(ISIC_2019)\Dataset\BKL\ISIC_0031181.jpg,isic_0031181,2,4466332d6c1793aca8f502bd5d1f9d6485f298ac680ef5e56b93a7ce51e2d6b8,5328,0
C:\SRS(ISIC_2019)\Dataset\BKL\ISIC_0031218.jpg,isic_0031218,2,4d055f22088a6f088623d4e6a05f10365f88ea83029123df2bb560af73ae766d,5332,0
C:\SRS(ISIC_2019)\Dataset\BKL\ISIC_0031223.jpg,isic_0031223,2,862986b7ec00592c73e9321d71ee14ae939fabf1196cfc1c55cacfe59214f5fa,5333,0
C:\SRS(ISIC_2019)\Dataset\BKL\ISIC_0031226.jpg,isic_0031226,2,5eb7e730dd5a825c979bd68dcea3411906b555c002b02d05033eac32848569cb,5334,0
C:\SRS(ISIC_2019)\Dataset\BKL\ISIC_0031287.jpg,isic_0031287,2,ffc20de0e6fc37b90407b8d2cc122c5eca7eadc8b881b5f3c97d915216da609b,5338,0
C:\SRS(ISIC_2019)\Dataset\BKL\ISIC_0031334.jpg,isic_0031334,2,bd75379cee64343053e8d5c0d34804fbaad6f714c0d9092c47f2b45d33497acd,5343,0
C:\SRS(ISIC_2019)\Dataset\BKL\ISIC_0031345.jpg,isic_0031345,2,23bb4a4384e7853da8a77370ac04f6c44e6bf965c6101bdc200b1a92d02cbb64,5344,0
C:\SRS(ISIC_2019)\Dataset\BKL\ISIC_0031352.jpg,isic_0031352,2,550057f829845caa30585a7342a47d3a7728352f6a812140d2576790ac4011c4,5346,0
C:\SRS(ISIC_2019)\Dataset\BKL\ISIC_0031465.jpg,isic_0031465,2,7df44eb456fe3bcd312cec11004dcb3f3f3cd9c3128bf2efb937600b1462562b,5357,0
C:\SRS(ISIC_2019)\Dataset\BKL\ISIC_0031496.jpg,isic_0031496,2,7eb8b5c430bf5cae660f841efd4ee32b8cb87ff38d361c643ef9603c39ddb62a,5361,0
C:\SRS(ISIC_2019)\Dataset\BKL\ISIC_0031511.jpg,isic_0031511,2,8c73fac86ff0977a0169a21f99d3774704a0759c1ff6fc09f0fcb094f2577918,5362,0
C:\SRS(ISIC_2019)\Dataset\BKL\ISIC_0031522.jpg,isic_0031522,2,06aa07180aa168ffd0034680519a98343cd264b2503835628718a1e3ab7a9d21,5364,0
C:\SRS(ISIC_2019)\Dataset\BKL\ISIC_0031542.jpg,isic_0031542,2,c052be20655be98308a04b9a09abe61ef54dba390a1eb72e99265af40efe0b73,5367,0
C:\SRS(ISIC_2019)\Dataset\BKL\ISIC_0031619.jpg,isic_0031619,2,411c5cec5f5508bd80b4672cd58b5d3f3ce2359922f24fa98875054097c66bd3,5377,0
C:\SRS(ISIC_2019)\Dataset\BKL\ISIC_0031702.jpg,isic_0031702,2,06be010b53bf390a8eb20d165a3edc33be3cd106267fbe61d76d39c6cb5a12da,5387,0
C:\SRS(ISIC_2019)\Dataset\BKL\ISIC_0031707.jpg,isic_0031707,2,75476858ba519aa0783313ca7ccd8d617eacefc0dd6df34759e733ea156baa80,5388,0
C:\SRS(ISIC_2019)\Dataset\BKL\ISIC_0031808.jpg,isic_0031808,2,2baec7421df4871f5625be0c88b53b4144b2351787ded934996b8147756ff8e8,5395,0
C:\SRS(ISIC_2019)\Dataset\BKL\ISIC_0031831.jpg,isic_0031831,2,fd7e0be9bd0a02d34b8c212a337f316161fba6c63a832a160db92300b278ab1f,5399,0
C:\SRS(ISIC_2019)\Dataset\BKL\ISIC_0032031.jpg,isic_0032031,2,da145885693f1715c8fa7aaaa4f5e45ee9ff4d65929c7f91572cc23fb5ab6da5,5419,0
C:\SRS(ISIC_2019)\Dataset\BKL\ISIC_0032040.jpg,isic_0032040,2,ca8d64679db93a05fb83f1f65eb3af01e9b820a08ac9a36565eb5f10540ebb13,5420,0
C:\SRS(ISIC_2019)\Dataset\BKL\ISIC_0032113.jpg,isic_0032113,2,40109a3b1979d0060f98bedffb7a30daed62658b41bc977e5456d185c51d67e5,5428,0
C:\SRS(ISIC_2019)\Dataset\BKL\ISIC_0032159.jpg,isic_0032159,2,99c6e67bcd72bef2c64c7a9cf7810baee39f9253f5836c8dfd9e01de9d4806ce,5435,0
C:\SRS(ISIC_2019)\Dataset\BKL\ISIC_0032200.jpg,isic_0032200,2,5c043bdf2d4b5d4ccb09258383a22cb19a2c6c3bafe092bed48f43e3120b174c,5439,0
C:\SRS(ISIC_2019)\Dataset\BKL\ISIC_0032230.jpg,isic_0032230,2,267e3d5a3d1c335ca92d5c3d6dec07368b64d23c0caca5bed0e2707b11da6f0e,5441,0
C:\SRS(ISIC_2019)\Dataset\BKL\ISIC_0032303.jpg,isic_0032303,2,bacf093de6016a2de573426aa8db32f5e91f6dcc5249e3acfa9f6f2e9f4d9cf4,5447,0
C:\SRS(ISIC_2019)\Dataset\BKL\ISIC_0032315.jpg,isic_0032315,2,ef350fd0b5154b94606535118559d9b4aa3b01497fc7256a3aa0629510a84859,5450,0
C:\SRS(ISIC_2019)\Dataset\BKL\ISIC_0032325.jpg,isic_0032325,2,a16c1117fe7caf3d2f6a3f2a1c88cc75c80fb0d46cd188a97c873bd526a8fc0c,5451,0
C:\SRS(ISIC_2019)\Dataset\BKL\ISIC_0032373.jpg,isic_0032373,2,edcee7ff2780b0d67cb0bda836f3710737121574c692323879d07d6218836f40,5459,0
C:\SRS(ISIC_2019)\Dataset\BKL\ISIC_0032643.jpg,isic_0032643,2,3f09a74e176f122b0ea4b6ce39b94334f97c127a84782faaad6cdb98cc9b6e4b,5481,0
C:\SRS(ISIC_2019)\Dataset\BKL\ISIC_0032694.jpg,isic_0032694,2,8384f92b341504c7b30be10ae877213e307de83d60503a8f116f64c65b6c11e0,5488,0
C:\SRS(ISIC_2019)\Dataset\BKL\ISIC_0032740.jpg,isic_0032740,2,8909ddb8b838b46d2313aee32e48e2efd46475af3b1ebeb2526979bbd25a8911,5492,0
C:\SRS(ISIC_2019)\Dataset\BKL\ISIC_0032863.jpg,isic_0032863,2,dc5c55866a1fd2cbc1eaf1d77255535ad714b03442ce6c1d11d765a5b92c4eef,5506,0
C:\SRS(ISIC_2019)\Dataset\BKL\ISIC_0032877.jpg,isic_0032877,2,369c32a2c7f35365a0aca76267b2b8de498cbaa2979ab4e37c7eff33b7742f0d,5508,0
C:\SRS(ISIC_2019)\Dataset\BKL\ISIC_0032963.jpg,isic_0032963,2,dfa5cc46946ca8a3ea89b9e6fcf952800e20aaf1e9e19fabd45df1c09f68e651,5513,0
C:\SRS(ISIC_2019)\Dataset\BKL\ISIC_0032972.jpg,isic_0032972,2,12628c4e179015bfe8231be8284a428e78aed45c3816b3a0cb5c93838e895e34,5515,0
C:\SRS(ISIC_2019)\Dataset\BKL\ISIC_0033022.jpg,isic_0033022,2,58c3a089fab77a5a200fca19e5bdc1bfff1622d61ca6da441eb782c645517af2,5519,0
C:\SRS(ISIC_2019)\Dataset\BKL\ISIC_0033056.jpg,isic_0033056,2,ae46037ba50743193e9b0fec95df88183e8db4f51024d603f0897c67a85688ea,5521,0
C:\SRS(ISIC_2019)\Dataset\BKL\ISIC_0033246.jpg,isic_0033246,2,ca4689d95e8bb11f56e55fbc4e292538339d2308eafed26d6c064e638212c7f2,5538,0
C:\SRS(ISIC_2019)\Dataset\BKL\ISIC_0033270.jpg,isic_0033270,2,4693e56b4cba610eeaa73c81cf43b08bebea1c7327f9214acb44e3baf1fecb41,5543,0
C:\SRS(ISIC_2019)\Dataset\BKL\ISIC_0033284.jpg,isic_0033284,2,6b68b3240f72cfc06d1eea3a7a9880f3aa44af933894217d03d8afb9019850bf,5545,0
C:\SRS(ISIC_2019)\Dataset\BKL\ISIC_0033361.jpg,isic_0033361,2,2949ce525443ed96ec68cc91d7e7117928568573ed76b9b229a37ce933399266,5551,0
C:\SRS(ISIC_2019)\Dataset\BKL\ISIC_0033490.jpg,isic_0033490,2,2f21518732c82ee69aada63513a12d59cb0e7c1e45c09a6e10f63903a481acc1,5572,0
C:\SRS(ISIC_2019)\Dataset\BKL\ISIC_0033509.jpg,isic_0033509,2,89825d2d4ada64907f1750b0f1302f1c1f938684447b442877c34f6342b6760d,5576,0
C:\SRS(ISIC_2019)\Dataset\BKL\ISIC_0033576.jpg,isic_0033576,2,654002d14a54d39613bbbd95052b3439dbb514c4994a39609d7570c9ed16dc5d,5583,0
C:\SRS(ISIC_2019)\Dataset\BKL\ISIC_0033613.jpg,isic_0033613,2,31af0dab0f340ff95d7ebe740b4c61057247024d939785868c3cf486acb2d9ab,5591,0
C:\SRS(ISIC_2019)\Dataset\BKL\ISIC_0033629.jpg,isic_0033629,2,e6149b4f0f4d5a9178c884c78bd9f0aa301a7abae7ffe6cec2d70a5b563b4e04,5593,0
C:\SRS(ISIC_2019)\Dataset\BKL\ISIC_0033642.jpg,isic_0033642,2,dcdf108e895d63ec56c4b0b9e3e6d7c080eb79ed206771413de2bc9d18a4dc5c,5596,0
C:\SRS(ISIC_2019)\Dataset\BKL\ISIC_0033646.jpg,isic_0033646,2,efebeb0ede15bf93763df8d5772cf8c652e23ad7f4210e187e15782a50e1d03a,5597,0
C:\SRS(ISIC_2019)\Dataset\BKL\ISIC_0033659.jpg,isic_0033659,2,43d587040e83bb131104630bb5260d605e611d40114fd8344324d98e468cd081,5598,0
C:\SRS(ISIC_2019)\Dataset\BKL\ISIC_0033677.jpg,isic_0033677,2,917a2c4f0c470680b0b827e6f66c715b01f570e80f07100ba70f7b7cd7cdee4e,5601,0
C:\SRS(ISIC_2019)\Dataset\BKL\ISIC_0033758.jpg,isic_0033758,2,a488176d445db07f1fa6027ded5453cdf7fa9c207bc497bc855d76b99d0b2191,5613,0
C:\SRS(ISIC_2019)\Dataset\BKL\ISIC_0033778.jpg,isic_0033778,2,18dd67426324918798a1042b052304d79157365747f11cbc179faad3f2fc39af,5617,0
C:\SRS(ISIC_2019)\Dataset\BKL\ISIC_0033784.jpg,isic_0033784,2,dfcea6d600b15b3ed507453f9750a509ced827f18b7a6147bd66c2caec79458b,5619,0
C:\SRS(ISIC_2019)\Dataset\BKL\ISIC_0033855.jpg,isic_0033855,2,dc0bb6796674193a7d8f4f17a205374a7b0cf7edf0c026ccd36f314aa7f923ed,5626,0
C:\SRS(ISIC_2019)\Dataset\BKL\ISIC_0034003.jpg,isic_0034003,2,9f084a0d761d6a5e4108b079ad4348625c7da08ddb029324b9d0244d6e84b8b3,5641,0
C:\SRS(ISIC_2019)\Dataset\BKL\ISIC_0034011.jpg,isic_0034011,2,91b9cec145861d6f43dc9fb4230afe26d6516412a8757da9fff98a66cc9f7336,5643,0
C:\SRS(ISIC_2019)\Dataset\BKL\ISIC_0034024.jpg,isic_0034024,2,9ae3826f81332f3b0cb3f9bbef508dfa77f54a50271daa7145baf6facb08725e,5644,0
C:\SRS(ISIC_2019)\Dataset\BKL\ISIC_0034115.jpg,isic_0034115,2,185bab0ed72eb2dd9330a4ffd133edbeab8575cc3796b17bf4a1111c89a608e7,5652,0
C:\SRS(ISIC_2019)\Dataset\BKL\ISIC_0034168.jpg,isic_0034168,2,17097b38384b4ace72cbc3c32eb4f8973d6fb8ff6328f019f29d9fa6eed01c79,5659,0
C:\SRS(ISIC_2019)\Dataset\BKL\ISIC_0034189.jpg,isic_0034189,2,a9fcaed4471a72d70c4d419195a6be304d5144b9f0b079105b0eddec734eb916,5662,0
C:\SRS(ISIC_2019)\Dataset\BKL\ISIC_0034280.jpg,isic_0034280,2,2067c76c399318a15a41486c92488b43adb158e336269c9ce52d197da918e624,5669,0
C:\SRS(ISIC_2019)\Dataset\BKL\ISIC_0034296.jpg,isic_0034296,2,e0dedbcc38f3158cb1fe8534168be927a6824f3233976ca94c21d96ba9575832,5672,0
C:\SRS(ISIC_2019)\Dataset\BKL\ISIC_0034303.jpg,isic_0034303,2,1b6e171dd8147bb172016e0327dead1fe9701129a22b61b5eeee2f69c00a85a3,5673,0
C:\SRS(ISIC_2019)\Dataset\BKL\ISIC_0034318.jpg,isic_0034318,2,b2726384929d1ad63925ad68edbe5d0e346aafb4d21e7632f1ac116ad1a6038d,5675,0
C:\SRS(ISIC_2019)\Dataset\BKL\ISIC_0053661.jpg,isic_0053661,2,98761939ccaab03832e49524ff219f726a79b641602057b49a9b369ecec26603,5686,0
C:\SRS(ISIC_2019)\Dataset\BKL\ISIC_0054300.jpg,isic_0054300,2,b506509dd840946d27a7c3f1d73246c0af73537cb5cb393bf400d3b5c08d06c7,5714,0
C:\SRS(ISIC_2019)\Dataset\BKL\ISIC_0054690.jpg,isic_0054690,2,2d7dbc61d1f4906b28d637cc8d582e37d82672d9bf6786918d8e25749a51c60c,5728,0
C:\SRS(ISIC_2019)\Dataset\BKL\ISIC_0054779.jpg,isic_0054779,2,6bc93a25c87b7067a99c20c560cbfb20dd8005c12c8b78adb278bb5a3dc6b917,5736,0
C:\SRS(ISIC_2019)\Dataset\BKL\ISIC_0054833.jpg,isic_0054833,2,d5eee1aea577dda3a924caba7495bc4929765b406edd55e13224d680023edb29,5740,0
C:\SRS(ISIC_2019)\Dataset\BKL\ISIC_0054931.jpg,isic_0054931,2,37dbcefbdca0cc5e2056787e16327941e9c1b8d1ddb40c3902f8dc0b9a32dcd3,5749,0
C:\SRS(ISIC_2019)\Dataset\BKL\ISIC_0055000.jpg,isic_0055000,2,e7375a8e328cb0b8a10dd6557bb3594228beb944ccf581e1fdbbc973065da2b2,5753,0
C:\SRS(ISIC_2019)\Dataset\BKL\ISIC_0055085.jpg,isic_0055085,2,0e97a1d02d57ef41d2db3d6af18d3c14016c342d525330a7d770bd977b95d4a2,5756,0
C:\SRS(ISIC_2019)\Dataset\BKL\ISIC_0055146.jpg,isic_0055146,2,a2648f7c5e7b28594dd6018e3c4629d7d773c4a2a16333fef81b7aae9e3172ac,5759,0
C:\SRS(ISIC_2019)\Dataset\BKL\ISIC_0055215.jpg,isic_0055215,2,5c85a40ec2cfecbe9e8a58ad531fd8c52347dad5a963d9dcaa10e73762223b56,5765,0
C:\SRS(ISIC_2019)\Dataset\BKL\ISIC_0055234.jpg,isic_0055234,2,88d0dc4e7ce9d3a677ec852d7698e93bc216bfe4b812a3b0df8a5089f3367162,5767,0
C:\SRS(ISIC_2019)\Dataset\BKL\ISIC_0055261.jpg,isic_0055261,2,673a669b95bfe903a62133357411d2486091002ed6b4a54fc1e86bb15851b998,5770,0
C:\SRS(ISIC_2019)\Dataset\BKL\ISIC_0055381.jpg,isic_0055381,2,d58486259dfbeb9317e548e5eb7af793a9c1f8954812563e9d9ea0cd5eec3666,5774,0
C:\SRS(ISIC_2019)\Dataset\BKL\ISIC_0055447.jpg,isic_0055447,2,532478c9504e9ea69cc7c2339d5d4d4a74d8c8661701a2cc2e151239f2515b5d,5778,0
C:\SRS(ISIC_2019)\Dataset\BKL\ISIC_0055560.jpg,isic_0055560,2,72c51d754304e70648fdb6dffd45dbbf7e2d626bd3fc5af7bd7f770a74ac726e,5784,0
C:\SRS(ISIC_2019)\Dataset\BKL\ISIC_0055708.jpg,isic_0055708,2,6446836b17c1fdc3d7800b974c8814079b1ca985c5c145fe3a8cd4f66485b9a7,5792,0
C:\SRS(ISIC_2019)\Dataset\BKL\ISIC_0055800.jpg,isic_0055800,2,82b559d9d44e040eaf63a1034323776fba6be6b0ff9c0c0c6cd3fb3b5dc549f8,5795,0
C:\SRS(ISIC_2019)\Dataset\BKL\ISIC_0055955.jpg,isic_0055955,2,b22709bb269cf99e3b1e7bb3f3eba1f2b9dfcfbbec7f50386179d31858eca7d2,5800,0
C:\SRS(ISIC_2019)\Dataset\BKL\ISIC_0056231.jpg,isic_0056231,2,381f15d034d7c4510c7d74b9ffdb5279dfea59a3230e7799a9fbb301c7c7001d,5815,0
C:\SRS(ISIC_2019)\Dataset\BKL\ISIC_0056521.jpg,isic_0056521,2,c05e3260aadbc4e9e8dcb0037a4c3c6cec88fa005d3ab5fcca211d85cc7b7a30,5831,0
C:\SRS(ISIC_2019)\Dataset\BKL\ISIC_0056586.jpg,isic_0056586,2,8275cee1a5d3631c7bae12af7059563bd7c460ae282af12968e6e991c7d26261,5836,0
C:\SRS(ISIC_2019)\Dataset\BKL\ISIC_0056620.jpg,isic_0056620,2,d9bbb4e750f182203c1bffb955aacdcdd160beebdcb418779bd864eef2119996,5837,0
C:\SRS(ISIC_2019)\Dataset\BKL\ISIC_0056622.jpg,isic_0056622,2,cad19b7238b9de15b1a6414b1e9849c7ede9a43ca9e92b29ba50d5513b93a101,5838,0
C:\SRS(ISIC_2019)\Dataset\BKL\ISIC_0056650.jpg,isic_0056650,2,38da72f005fc0b32f87f661a39fd1411cacd69913d56d2d2d1f2a44b16bebb78,5840,0
C:\SRS(ISIC_2019)\Dataset\BKL\ISIC_0056654.jpg,isic_0056654,2,e3e8a9f1d976628785451c9c6391d43ddb72c7ed82fd379f88d32e5620738f84,5841,0
C:\SRS(ISIC_2019)\Dataset\BKL\ISIC_0056732.jpg,isic_0056732,2,340de4c33a61936495c48032707ba9c91d102d9c4205906f48d82fae230fa625,5848,0
C:\SRS(ISIC_2019)\Dataset\BKL\ISIC_0056759.jpg,isic_0056759,2,cd3a29a2d1ce1ad0fa82c589512a7c93a59cb2441241cc2a308b233b35aff6ab,5849,0
C:\SRS(ISIC_2019)\Dataset\BKL\ISIC_0056768.jpg,isic_0056768,2,b671cdddcc699e4302e967ab1548844615ca8c78cec8c78ceedbd602c3a0b565,5851,0
C:\SRS(ISIC_2019)\Dataset\BKL\ISIC_0056829.jpg,isic_0056829,2,0d323eab11b5a4b27c0217865bdf17c997f5d53fac539bb3763aa74b78c039a4,5855,0
C:\SRS(ISIC_2019)\Dataset\BKL\ISIC_0056888.jpg,isic_0056888,2,e25a84513ba41cc6af3f42ac90623c103356a7138a8e5f98ca28589c88e53f82,5858,0
C:\SRS(ISIC_2019)\Dataset\BKL\ISIC_0056934.jpg,isic_0056934,2,79eef868fcf2418063e41e9e9f1a30a747bf615f0dbc186d3292c794eb84bd0d,5862,0
C:\SRS(ISIC_2019)\Dataset\BKL\ISIC_0057062.jpg,isic_0057062,2,6148ba0ef2276a7e5176313328f4a19165b6e8b42bdf532d1eff94384803ae1e,5865,0
C:\SRS(ISIC_2019)\Dataset\BKL\ISIC_0057080.jpg,isic_0057080,2,f0a86077494e2759ef48b28078ec9a782fc63db51481c15458fb33c250113c25,5868,0
C:\SRS(ISIC_2019)\Dataset\BKL\ISIC_0057245.jpg,isic_0057245,2,e248a96a4c0d033ceb5bf1e0411c719a9cc60712ffb3de0da6ecaaa7eb4c560d,5875,0
C:\SRS(ISIC_2019)\Dataset\BKL\ISIC_0057346.jpg,isic_0057346,2,13ba924ac3e88a053d79c6c7372eb27ceb95921bdd737bd3af540662969e9909,5885,0
C:\SRS(ISIC_2019)\Dataset\BKL\ISIC_0057463.jpg,isic_0057463,2,76d1069b46fbc016f7e700cc93272a2e1cdebf03e74671791e8d618c425cb0b6,5889,0
C:\SRS(ISIC_2019)\Dataset\BKL\ISIC_0057552.jpg,isic_0057552,2,2f404a1eb159c771400f097dd708edb1bbcba2208fb49b91b62b8e8c69a8f82e,5892,0
C:\SRS(ISIC_2019)\Dataset\BKL\ISIC_0057580.jpg,isic_0057580,2,660922e813e8afe170e83de4857f15f3eeb608c40cdd715d385fb6237a26d412,5895,0
C:\SRS(ISIC_2019)\Dataset\BKL\ISIC_0057738.jpg,isic_0057738,2,74902bcc5bc02163c20f333683adb0b73ec812f25a5ffcc73eda83ac2f423835,5901,0
C:\SRS(ISIC_2019)\Dataset\BKL\ISIC_0057746.jpg,isic_0057746,2,a4f57b2c27d41f9c549c2c6293851791e30638a69b5a911915a700a3b97bddf5,5902,0
C:\SRS(ISIC_2019)\Dataset\BKL\ISIC_0057863.jpg,isic_0057863,2,f754040313651bd49674b58787bfd5417b10d760f300f5a65bdd1f7804d3d984,5908,0
C:\SRS(ISIC_2019)\Dataset\BKL\ISIC_0057880.jpg,isic_0057880,2,1976a8626f162b06318c05ce60ed99c8cb9083b24ccddd5631a9a766e5ac02b4,5910,0
C:\SRS(ISIC_2019)\Dataset\BKL\ISIC_0057984.jpg,isic_0057984,2,62d4430156524c05b90625f74a2fc388912ba98a0b2b85ca1747ed2dc26e1473,5913,0
C:\SRS(ISIC_2019)\Dataset\BKL\ISIC_0058195.jpg,isic_0058195,2,e9b7bebb06bcd17c9c2ad581906623b3fac9ea92098e34b954a4699b43be5b9c,5927,0
C:\SRS(ISIC_2019)\Dataset\BKL\ISIC_0058293.jpg,isic_0058293,2,bc1c8c3d8a955675f52d939708fae9b06f3c583bb90a23b89e97e1ca8dddd181,5938,0
C:\SRS(ISIC_2019)\Dataset\BKL\ISIC_0058317.jpg,isic_0058317,2,f33856724511854a204d23f139bdb441621bdc452e48af64d4171ecee6ad9a4c,5940,0
C:\SRS(ISIC_2019)\Dataset\BKL\ISIC_0058507.jpg,isic_0058507,2,2dfd9161737a1843c1027d4792d20075ab4491de3c10a82496392e41f159fa7a,5948,0
C:\SRS(ISIC_2019)\Dataset\BKL\ISIC_0058524.jpg,isic_0058524,2,15b5e0fc15eb3f156c9c0a4998d98d81adabfeb5044cba7519b0a1481f53adc1,5950,0
C:\SRS(ISIC_2019)\Dataset\BKL\ISIC_0058664.jpg,isic_0058664,2,945fce1892dbb4f143067a51f2a430ee78282e242a774820e78bed9fb16eb90f,5956,0
C:\SRS(ISIC_2019)\Dataset\BKL\ISIC_0058825.jpg,isic_0058825,2,0da6993a45de9fe5a0bf08de71e13895a2b2f8dbad81c11615416b86d7d870da,5965,0
C:\SRS(ISIC_2019)\Dataset\BKL\ISIC_0058872.jpg,isic_0058872,2,fd36c4257648d5ba5758b378a5ae5723bd67c8e995d372955db6dd85b126824e,5968,0
C:\SRS(ISIC_2019)\Dataset\BKL\ISIC_0058873.jpg,isic_0058873,2,58ba1d72ab708e6044bac2ba5c8fd596dfd9b9194f013b08b331d78655c42141,5969,0
C:\SRS(ISIC_2019)\Dataset\BKL\ISIC_0058888.jpg,isic_0058888,2,00809fea724e6e1b7cccf0461513fd49a47163104bd1ff406ac80e54e9557c18,5970,0
C:\SRS(ISIC_2019)\Dataset\BKL\ISIC_0058932.jpg,isic_0058932,2,fe6fa285ccbe6c64e29faf0d9389ea8264ced5731f09672c58846bf1b8fd63c2,5972,0
C:\SRS(ISIC_2019)\Dataset\BKL\ISIC_0059110.jpg,isic_0059110,2,2b10a31f4d142197f0ea2e8f8bfb1c65e1346394c6c3ef8a6db3479553f6abda,5987,0
C:\SRS(ISIC_2019)\Dataset\BKL\ISIC_0059242.jpg,isic_0059242,2,7f807f1886f216c5a47f3b8e3084db39c71cdb24123025a56ff91e6642b61b55,5994,0
C:\SRS(ISIC_2019)\Dataset\BKL\ISIC_0059480.jpg,isic_0059480,2,a905a4a7337999f31f73cd59659bcd1312a961acea33fc025490b02aabbb3f5c,6004,0
C:\SRS(ISIC_2019)\Dataset\BKL\ISIC_0059678.jpg,isic_0059678,2,499c7da79fd5f2b7a41c6a021b139cffb0fef9266fec0b16e4d1087071340b6f,6017,0
C:\SRS(ISIC_2019)\Dataset\BKL\ISIC_0059693.jpg,isic_0059693,2,1282269fcdce34e7c6914145e946e4d001c9a0648b0069cc2a12e4a3b2f86862,6018,0
C:\SRS(ISIC_2019)\Dataset\BKL\ISIC_0059706.jpg,isic_0059706,2,4aea4f65addc8dc7c6b2ff7f94e71557e4c16fc74ff943a63816068e338bc244,6020,0
C:\SRS(ISIC_2019)\Dataset\BKL\ISIC_0059932.jpg,isic_0059932,2,c8d09c588790faa44908abc1da643457fa7619c9f27d70cb55386f59fb31316c,6028,0
C:\SRS(ISIC_2019)\Dataset\BKL\ISIC_0060004.jpg,isic_0060004,2,94abed71ae96f721c8aaf23e281e927edfadf824d016afe8a85a6ebd448e220b,6033,0
C:\SRS(ISIC_2019)\Dataset\BKL\ISIC_0060260.jpg,isic_0060260,2,08b6c0558230b9704a20e35e90392a630eb7bdfe4dc13b0c74b338e68c060c5a,6043,0
C:\SRS(ISIC_2019)\Dataset\BKL\ISIC_0060271.jpg,isic_0060271,2,77bf1d6ed6bded2d6a2d0439ab733821baebfe986cc349839c956d766d09ca86,6044,0
C:\SRS(ISIC_2019)\Dataset\BKL\ISIC_0060345.jpg,isic_0060345,2,0fe7467ab57875f8e700a3f5f7eb6cb8d9997d63222b2449e239753599322626,6047,0
C:\SRS(ISIC_2019)\Dataset\BKL\ISIC_0060440.jpg,isic_0060440,2,0bb123b3b609afc9646dd2d3fde20b936c3cb507f14bbdaeb182cd26ac8ab087,6051,0
C:\SRS(ISIC_2019)\Dataset\BKL\ISIC_0060470.jpg,isic_0060470,2,a555e027716c11d28a7d34f18e13e2dedc0b2897b534662db55e90ab56535882,6053,0
C:\SRS(ISIC_2019)\Dataset\BKL\ISIC_0060493.jpg,isic_0060493,2,be4d283cf4bd97cc08cc8b67b531c9c64259ae120364e75e4abb6cecd09e8cf7,6058,0
C:\SRS(ISIC_2019)\Dataset\BKL\ISIC_0060567.jpg,isic_0060567,2,c1d37549501fea6712c0aae6aa6c9e54c3a5229bb2c4c60dc520bd625b2e4faa,6062,0
C:\SRS(ISIC_2019)\Dataset\BKL\ISIC_0060639.jpg,isic_0060639,2,a5d7c9df603b75b6b66d47184abf67d736926b6d64bf2933954e953b51bf01c6,6068,0
C:\SRS(ISIC_2019)\Dataset\BKL\ISIC_0060808.jpg,isic_0060808,2,5d1cda3eddb6e67fb1c98540592ad86067f37d56c064ac867f3e66fa47777a07,6077,0
C:\SRS(ISIC_2019)\Dataset\BKL\ISIC_0060847.jpg,isic_0060847,2,0e21ceabc0272a33f9b4e705e2157cc266cc4b086e96dfae538ea7b5b247cc5b,6081,0
C:\SRS(ISIC_2019)\Dataset\BKL\ISIC_0061030.jpg,isic_0061030,2,9142f311dd5a272be8032e42dab775a33c0b4e1e13d81ffe31c0a9a7de239c6c,6094,0
C:\SRS(ISIC_2019)\Dataset\BKL\ISIC_0061089.jpg,isic_0061089,2,36f35fae249e17705cae0c1307151eb3805739b5809cf6ab05a9e8b2e78ed545,6509,0
C:\SRS(ISIC_2019)\Dataset\BKL\ISIC_0061098.jpg,isic_0061098,2,d8e23779c8361f98ba81e6985234b435b06c1c45de456ecffa6be321c842e686,6098,0
C:\SRS(ISIC_2019)\Dataset\BKL\ISIC_0061149.jpg,isic_0061149,2,ed91121825068ef989899a8f0ec98a18fa89206745ba23c52b6e3915392e95dc,6100,0
C:\SRS(ISIC_2019)\Dataset\BKL\ISIC_0061335.jpg,isic_0061335,2,e6548127a27ba6ca46278f6c629af15055f05e4106992dce322d65255d993455,6110,0
C:\SRS(ISIC_2019)\Dataset\BKL\ISIC_0061416.jpg,isic_0061416,2,651a2d621147da4ddcf4deb4823c3fea00060e6d7c3a0d5f9dc15985541bb871,6116,0
C:\SRS(ISIC_2019)\Dataset\BKL\ISIC_0061652.jpg,isic_0061652,2,a5a6d46ae7e9df5854878a1f4f63118de38967efe5d634df63a64f38821a3eab,6129,0
C:\SRS(ISIC_2019)\Dataset\BKL\ISIC_0061658.jpg,isic_0061658,2,bffc307036d498af25d77943592ec00c671c43aad32a8b89bec8b3ccc0e86e81,6130,0
C:\SRS(ISIC_2019)\Dataset\BKL\ISIC_0061708.jpg,isic_0061708,2,8099f0de4261014fe01c7891b86cc05f52dd55996bf9656456ee72b43092b147,6136,0
C:\SRS(ISIC_2019)\Dataset\BKL\ISIC_0061785.jpg,isic_0061785,2,4addd2dac8d44481369676656f5c6bee75d1d5efe44728f26e88a97136eade50,6142,0
C:\SRS(ISIC_2019)\Dataset\BKL\ISIC_0061789.jpg,isic_0061789,2,69e4a0a57da604be4a8f3b13c6eab698dacb303e534512b50d22795d311261a3,6143,0
C:\SRS(ISIC_2019)\Dataset\BKL\ISIC_0061871.jpg,isic_0061871,2,054d2fad7bcf688c0825996e6535d8f9cc0a63d0e6c34f99a8814c44d010a920,6148,0
C:\SRS(ISIC_2019)\Dataset\BKL\ISIC_0061879.jpg,isic_0061879,2,ba71df1e2580a5afb3734fc573df579cd92d90fd48e7d431f0d5d9be33657d97,6149,0
C:\SRS(ISIC_2019)\Dataset\BKL\ISIC_0061902.jpg,isic_0061902,2,bb3c2f71997ec9fb6184f491082edd6eef678aa216cbab566499175085fb32bd,6589,0
C:\SRS(ISIC_2019)\Dataset\BKL\ISIC_0062013.jpg,isic_0062013,2,87fba28e51c75295b2c6a0d42e7d616f375c0bafa0ac80eee744a9bcc697732f,6161,0
C:\SRS(ISIC_2019)\Dataset\BKL\ISIC_0062126.jpg,isic_0062126,2,28e6aea20f40b7844f7c0453442f78ad1f1acd3999f908fc9f515d7e9ffc2b19,6170,0
C:\SRS(ISIC_2019)\Dataset\BKL\ISIC_0062258.jpg,isic_0062258,2,7b1f1f7c45432b5654eba09b939028a8aab727707bf72ac211b2b64660dd91d8,6178,0
C:\SRS(ISIC_2019)\Dataset\BKL\ISIC_0062411.jpg,isic_0062411,2,5b9f11b87b28c5524d1d60c0a0d752d3f2be51cacf7f2de03e171149259a8799,6188,0
C:\SRS(ISIC_2019)\Dataset\BKL\ISIC_0062421.jpg,isic_0062421,2,aa12d68a4d9a14df5eee317385e9bde517509b966feb8848c73d60f4c66f3395,6189,0
C:\SRS(ISIC_2019)\Dataset\BKL\ISIC_0062424.jpg,isic_0062424,2,147cab2c92bed629eb3b9aac0276f3ba2428f395b822ba06d4d9d33d0d47c19e,6190,0
C:\SRS(ISIC_2019)\Dataset\BKL\ISIC_0062571.jpg,isic_0062571,2,6669fdd05412566a27bf9613d27651505d79d169940ec4dd4fe4aecb657ac71a,6195,0
C:\SRS(ISIC_2019)\Dataset\BKL\ISIC_0062672.jpg,isic_0062672,2,818e169988ee663f3d7a8307bdb4c05e24fde0efba184a26cf78c1f9a7e0dde0,6202,0
C:\SRS(ISIC_2019)\Dataset\BKL\ISIC_0062717.jpg,isic_0062717,2,ed1cd5486d1bcfca68c92aa2b6e4c96eeb79febcee951bba8f89c5577ecb8b9d,6206,0
C:\SRS(ISIC_2019)\Dataset\BKL\ISIC_0062753.jpg,isic_0062753,2,1931e8770ddc1017add9094d93850aa651b2a0fd6ce3e325cc305d3de4f12407,6207,0
C:\SRS(ISIC_2019)\Dataset\BKL\ISIC_0062805.jpg,isic_0062805,2,e4570fa939010529189e3d28e46a55221da0a1124da92887e0da51d4e3d80a6f,6210,0
C:\SRS(ISIC_2019)\Dataset\BKL\ISIC_0063408.jpg,isic_0063408,2,c5197c9cd0c501ec356746b2705ce90114d5c76251ba2f57d9ce1004e4bcefef,6245,0
C:\SRS(ISIC_2019)\Dataset\BKL\ISIC_0063718.jpg,isic_0063718,2,d06ce7c34674a1fe4ae642cb51d6205b2f3ac314538a658dc469627a75938dd4,6255,0
C:\SRS(ISIC_2019)\Dataset\BKL\ISIC_0063728.jpg,isic_0063728,2,3b2f8ea71b2633298c4ac1fe181bb8881eb81e562078165d5308f40a0b7d6019,6256,0
C:\SRS(ISIC_2019)\Dataset\BKL\ISIC_0063810.jpg,isic_0063810,2,84729bff1ddda71c3c93b4b2b954bade7a67bb779630085f72897aa4e8a2a2da,6267,0
C:\SRS(ISIC_2019)\Dataset\BKL\ISIC_0063911.jpg,isic_0063911,2,27ee9dd5df662d807c3615c7a930bbe3102d35c79314cbae0a835122102d3812,6273,0
C:\SRS(ISIC_2019)\Dataset\BKL\ISIC_0064041.jpg,isic_0064041,2,f66a03f9e4b47f7258999af9e7292f2e0f8983fb8f56e8d5398597d88aca1ff8,6277,0
C:\SRS(ISIC_2019)\Dataset\BKL\ISIC_0064383.jpg,isic_0064383,2,a5bb61ee6581e3dab03aafc8d862d2f60e46a6927648ae838a670187aa5a0fd1,6290,0
C:\SRS(ISIC_2019)\Dataset\BKL\ISIC_0064457.jpg,isic_0064457,2,6212b8e5d9ca2bd2500b6c8824398a8dd4eab25de1dd78c8e37a996b228b34b9,6294,0
C:\SRS(ISIC_2019)\Dataset\BKL\ISIC_0064495.jpg,isic_0064495,2,cc8015882d0b17837088ba10aae4f5beb6c9364c3250ec6fffa0c7ff2edde867,6297,0
C:\SRS(ISIC_2019)\Dataset\BKL\ISIC_0064511.jpg,isic_0064511,2,a8db311c7084a5650850b4b27a1c9e35acfca7a30f8febea39dfe85f5060d411,6298,0
C:\SRS(ISIC_2019)\Dataset\BKL\ISIC_0064654.jpg,isic_0064654,2,5e0cacdc45d9064e73d6fd707fbe1400dbad7e380c87489d7ffd24b0fd92609d,6303,0
C:\SRS(ISIC_2019)\Dataset\BKL\ISIC_0064670.jpg,isic_0064670,2,c85c75aadc0a8d0231e8d101648258b3f844c1ff49a219920781eecc1a66ba2a,6759,0
C:\SRS(ISIC_2019)\Dataset\BKL\ISIC_0064678.jpg,isic_0064678,2,8736fab77d3156fea64cba9817c3c8ea6d4b4f6c2a5e3e1568f8c96b0d8e0f01,6305,0
C:\SRS(ISIC_2019)\Dataset\BKL\ISIC_0064748.jpg,isic_0064748,2,f186176b49b67d352331a8258bf32e1c45da3d47219a12c6a6515bb7f5b3d20c,6312,0
C:\SRS(ISIC_2019)\Dataset\BKL\ISIC_0064786.jpg,isic_0064786,2,15d40e89af014d12e369ecaeb3448f63d40ed1981262c079a4ed31a9964b9692,6315,0
C:\SRS(ISIC_2019)\Dataset\BKL\ISIC_0064976.jpg,isic_0064976,2,90966f38eb5ef43a259fba35913e08ed4f3d7bb6d8192986964748c0f91b7ab5,6328,0
C:\SRS(ISIC_2019)\Dataset\BKL\ISIC_0065259.jpg,isic_0065259,2,39be25a6cf8ca436069e5337081d67e3836fa8aa001419c77d51c712ffb83841,6339,0
C:\SRS(ISIC_2019)\Dataset\BKL\ISIC_0065302.jpg,isic_0065302,2,7169f53a74ef41d7eb920543c669853b5dc10398f114b92168f17edaeb26a98f,6342,0
C:\SRS(ISIC_2019)\Dataset\BKL\ISIC_0065344.jpg,isic_0065344,2,151f12f55828041f35d7768035f1dd06dd20a01f326080fa79f7da099ea41ba5,6345,0
C:\SRS(ISIC_2019)\Dataset\BKL\ISIC_0065359.jpg,isic_0065359,2,948bf1d522b088efc34233a726c2cbdbbb1260e4389cf3dea088fcc1145acc63,6347,0
C:\SRS(ISIC_2019)\Dataset\BKL\ISIC_0065387.jpg,isic_0065387,2,52cc9ab0ff0e634f7fad256e1f223408e99f8339119ab89fd5632691a0e99f03,6349,0
C:\SRS(ISIC_2019)\Dataset\BKL\ISIC_0065498.jpg,isic_0065498,2,86478e3774682176e66a922eeb1349554c902da3d95604fcfb5384e3f3906817,6353,0
C:\SRS(ISIC_2019)\Dataset\BKL\ISIC_0065514.jpg,isic_0065514,2,8b10f35218129e8cae01e7433c6f29b28226417782a6256291b3e28f66a91751,6354,0
C:\SRS(ISIC_2019)\Dataset\BKL\ISIC_0065554.jpg,isic_0065554,2,c2260a7f06164780f2b83178e677f1ddec50ea38fe809e3a626ae8b7d4cfc23e,6355,0
C:\SRS(ISIC_2019)\Dataset\BKL\ISIC_0065688.jpg,isic_0065688,2,9e9765fd4f1c1466bbcbbb7d14a6f5255200d8494439e70416ef8e987fbb6272,6365,0
C:\SRS(ISIC_2019)\Dataset\BKL\ISIC_0066021.jpg,isic_0066021,2,eea0049bdfcaf0775ddc77bb8e4c7c52ae0960d3bf8a594f9d8d2fd64ab3088c,6392,0
C:\SRS(ISIC_2019)\Dataset\BKL\ISIC_0066126.jpg,isic_0066126,2,d0d7aae967feb84439276bbc2c406a4e6f843324fa80613add331beba2541c5a,6397,0
C:\SRS(ISIC_2019)\Dataset\BKL\ISIC_0066132.jpg,isic_0066132,2,4ed8a5295994a5018a36311a8a06fe79bf34411959a933fb62b619e42110ac49,6399,0
C:\SRS(ISIC_2019)\Dataset\BKL\ISIC_0066218.jpg,isic_0066218,2,6d95bcf4a36d5d0cd8812bc71541edcb8d87b8c299d3af97788eb7fad5330f63,6404,0
C:\SRS(ISIC_2019)\Dataset\BKL\ISIC_0066256.jpg,isic_0066256,2,7510a9bd887d3a5f3d6d978aa8d07e9b422bd6a0e124b4e5973125c612a33192,6405,0
C:\SRS(ISIC_2019)\Dataset\BKL\ISIC_0066313.jpg,isic_0066313,2,cddb0896576b82e810eefb6529b7a111fd4cfd917849aaf81f7217e18d74c946,6409,0
C:\SRS(ISIC_2019)\Dataset\BKL\ISIC_0066385.jpg,isic_0066385,2,05680c461e59c3284cfa21fbbdd0e949cdc6893108c45d66c85b8a8fba9f9da0,6411,0
C:\SRS(ISIC_2019)\Dataset\BKL\ISIC_0066474.jpg,isic_0066474,2,9b019da7177cf67b8ee764013b775d8f5361fc165740e9f55835e44bbc5c722c,6416,0
C:\SRS(ISIC_2019)\Dataset\BKL\ISIC_0066680.jpg,isic_0066680,2,73cf51e900a40f7288bd0f3240dd3f53d15f83586f5951bbe7413a6310ccb268,6427,0
C:\SRS(ISIC_2019)\Dataset\BKL\ISIC_0066731.jpg,isic_0066731,2,b1eae2ecf5c0c97a56e2a71cedc55214d39e081e0cf38a8ced66231f70df53ab,6430,0
C:\SRS(ISIC_2019)\Dataset\BKL\ISIC_0066925.jpg,isic_0066925,2,b151cbfa7a49ae0313e77a113f27972e1ed7c25d9ec9378d114e7ef2f02d1e26,6445,0
C:\SRS(ISIC_2019)\Dataset\BKL\ISIC_0067039.jpg,isic_0067039,2,6f140b7e0fb4cf669d7b03270735b3487a27f1d11942bb0ac795e521f3619b5e,6453,0
C:\SRS(ISIC_2019)\Dataset\BKL\ISIC_0067136.jpg,isic_0067136,2,07985e447c270196efcb80135c9bdbf33a75b673552d8b3cf60cc23aa06c9c00,6459,0
C:\SRS(ISIC_2019)\Dataset\BKL\ISIC_0067273.jpg,isic_0067273,2,a6e5328b452eb3c0821bf68f6d68fbc04bf765481c84a3b6f76a6b9c3c97fbce,6461,0
C:\SRS(ISIC_2019)\Dataset\BKL\ISIC_0067557.jpg,isic_0067557,2,b7aa9a755cdd5b396dd1b0cae3dc5a9b6078bc26c9dac4051ccbc19a8e61a4dc,6471,0
C:\SRS(ISIC_2019)\Dataset\BKL\ISIC_0067582.jpg,isic_0067582,2,cbb6fd735deae2fdc0fb522c8992debbac14d7408cdbccb9250da54d914fa636,6473,0
C:\SRS(ISIC_2019)\Dataset\BKL\ISIC_0067863.jpg,isic_0067863,2,b86de10052953ee9a5c46b0f00347f1bfccd80890e80dc263e6d722c7ad52332,6492,0
C:\SRS(ISIC_2019)\Dataset\BKL\ISIC_0067912.jpg,isic_0067912,2,3ba32439b22b4aecad9491de89feb1bd6eaa2fb8df92dd40a895279c06a11c26,6494,0
C:\SRS(ISIC_2019)\Dataset\BKL\ISIC_0067992.jpg,isic_0067992,2,92c66ee4ef8c498b14108b0b0d77d254fd58778b94b43f7220a5f60f78d13316,6497,0
C:\SRS(ISIC_2019)\Dataset\BKL\ISIC_0068219.jpg,isic_0068219,2,154ea469f40cb859fc27ec3513ba781e97d08d16a78360d992ed89f12de9145f,6507,0
C:\SRS(ISIC_2019)\Dataset\BKL\ISIC_0068249.jpg,isic_0068249,2,36f35fae249e17705cae0c1307151eb3805739b5809cf6ab05a9e8b2e78ed545,6509,0
C:\SRS(ISIC_2019)\Dataset\BKL\ISIC_0068263.jpg,isic_0068263,2,add7a9861138e8fdfa5cc5d125607a83cc968e37f2d072523e6d6e4e1e506e3c,6510,0
C:\SRS(ISIC_2019)\Dataset\BKL\ISIC_0068366.jpg,isic_0068366,2,fb853f52b72183782f8d05032ecdf84b8aa20a2e493ea20a519b6be8bb4bd4d6,6518,0
C:\SRS(ISIC_2019)\Dataset\BKL\ISIC_0068422.jpg,isic_0068422,2,090acaed004e9ca305d9462c05630d0949833f1b074415445ec41eb6560897b5,6520,0
C:\SRS(ISIC_2019)\Dataset\BKL\ISIC_0068467.jpg,isic_0068467,2,7f59211f72be6c1340dcd815db9c6d0488d5569ae8b535f6f5670e9cfd79c271,6523,0
C:\SRS(ISIC_2019)\Dataset\BKL\ISIC_0068687.jpg,isic_0068687,2,6e6b102ee885e9592302adfdfded680035cf3b880e3af3a71491334eb7ba5d36,6535,0
C:\SRS(ISIC_2019)\Dataset\BKL\ISIC_0069016.jpg,isic_0069016,2,8cbdb7cf787b7b2754d2584cff3f26836474f294268822af356f74dad622e38a,6546,0
C:\SRS(ISIC_2019)\Dataset\BKL\ISIC_0069057.jpg,isic_0069057,2,0d721b9d2d9d0aa5a30f92eeff8ec9a80008c793bb5417dff327692e4ef9b32d,6548,0
C:\SRS(ISIC_2019)\Dataset\BKL\ISIC_0069069.jpg,isic_0069069,2,f5fef263b5791668b9e2632e5850a6cfdfa07fe28f878b132a33858a26509f5e,6549,0
C:\SRS(ISIC_2019)\Dataset\BKL\ISIC_0069079.jpg,isic_0069079,2,36de275a4dee40aaeb7c4dbcd3138147a417e58c6258f7051083cacfb457d91f,6550,0
C:\SRS(ISIC_2019)\Dataset\BKL\ISIC_0069232.jpg,isic_0069232,2,742334bb15ad8b3ea3bd40050f901b3628e0c0f122176e29f6f719cbb2868e57,6561,0
C:\SRS(ISIC_2019)\Dataset\BKL\ISIC_0069276.jpg,isic_0069276,2,6762869df59787e3a31cac16b8b53fbc1665a6dc468c4156989106e01c6246a8,6565,0
C:\SRS(ISIC_2019)\Dataset\BKL\ISIC_0069291.jpg,isic_0069291,2,1411070cfd3a7c620f5f7ea4844a8a3f524048126683135f47adcb942b814753,6567,0
C:\SRS(ISIC_2019)\Dataset\BKL\ISIC_0069588.jpg,isic_0069588,2,bb3c2f71997ec9fb6184f491082edd6eef678aa216cbab566499175085fb32bd,6589,0
C:\SRS(ISIC_2019)\Dataset\BKL\ISIC_0069606.jpg,isic_0069606,2,4c6e6409d973a6c9e4dac69661528005b344bece8fe03110c5a83332e3b5f67f,6591,0
C:\SRS(ISIC_2019)\Dataset\BKL\ISIC_0069877.jpg,isic_0069877,2,48cbd1829bfb20f927a7c36085ef011b5092c1fcd20e518697bf1efb1899754f,6613,0
C:\SRS(ISIC_2019)\Dataset\BKL\ISIC_0069982.jpg,isic_0069982,2,df3649a582eccaf6491736de9df723c4ffe4d16884826de8c0083902a3b279a4,6619,0
C:\SRS(ISIC_2019)\Dataset\BKL\ISIC_0069998.jpg,isic_0069998,2,0108e3e718faeb10187d77c33970096b168fe4f1543074f791b62d03f4b13688,6620,0
C:\SRS(ISIC_2019)\Dataset\BKL\ISIC_0070187.jpg,isic_0070187,2,0b2a35210b6e64536b42d31e9078fbd40aac5a946105471f3535291e7b7d2d02,6627,0
C:\SRS(ISIC_2019)\Dataset\BKL\ISIC_0070219.jpg,isic_0070219,2,d81e8800cebf794fa658a346fa2a28033169b62773c3a04ed73d98339d6799ff,6628,0
C:\SRS(ISIC_2019)\Dataset\BKL\ISIC_0070230.jpg,isic_0070230,2,ad10ada89917a4588b706deed3774d3524c2f8b4afcb5fa270868220cf04d203,6629,0
C:\SRS(ISIC_2019)\Dataset\BKL\ISIC_0070245.jpg,isic_0070245,2,7537416c09bd8940abc9e67cf44439c571b2d554c13bc255dd06938c69ca51cf,6632,0
C:\SRS(ISIC_2019)\Dataset\BKL\ISIC_0070310.jpg,isic_0070310,2,e24075f5e79612ec73d5c6c7263ef3d40910d4fd149eeda5ba9a2dc5f9a16ee7,6637,0
C:\SRS(ISIC_2019)\Dataset\BKL\ISIC_0070622.jpg,isic_0070622,2,f410093d9e1461e447998269957f95fff985ad904fcb6cebb17aeed0427d7986,6654,0
C:\SRS(ISIC_2019)\Dataset\BKL\ISIC_0070693.jpg,isic_0070693,2,65a4d389e1317d814a4935811665d94a7c89c949494db4fc4f20118358bf7132,6660,0
C:\SRS(ISIC_2019)\Dataset\BKL\ISIC_0070859.jpg,isic_0070859,2,b40d5f18362adb964f140d21d830e60893cdcae2155393e8f19eb2c74a41908e,6667,0
C:\SRS(ISIC_2019)\Dataset\BKL\ISIC_0070925.jpg,isic_0070925,2,47facc89bf945c4657bbc6be57854578dfafd421a2090ccf8cfb7676fcda3b38,6670,0
C:\SRS(ISIC_2019)\Dataset\BKL\ISIC_0070963.jpg,isic_0070963,2,422a49cf43b2ac6f497ab5d5d86585e5b8909d1e428c9c09e72633950c11b594,6673,0
C:\SRS(ISIC_2019)\Dataset\BKL\ISIC_0070995.jpg,isic_0070995,2,543e40815627cf0460c3ae9751ccf29d9ca408f9a2049b19606353a4dce997b7,6677,0
C:\SRS(ISIC_2019)\Dataset\BKL\ISIC_0071041.jpg,isic_0071041,2,61b2cf177e3969ceee6d69bbcfedba3f852c7f22cc368b4fab4302315c87e328,6680,0
C:\SRS(ISIC_2019)\Dataset\BKL\ISIC_0071241.jpg,isic_0071241,2,085614c38f9a3983c520c2de69dd2a8d0dde2549431b759a59b3aba24f48cbb1,6694,0
C:\SRS(ISIC_2019)\Dataset\BKL\ISIC_0071268.jpg,isic_0071268,2,b5d5c6396865c92f358d495ada21488ea95fbe0ff43fa98a6d37d0d8ea3ba223,6695,0
C:\SRS(ISIC_2019)\Dataset\BKL\ISIC_0071276.jpg,isic_0071276,2,ab0b2e0328584579d472e4fe669e7ea6fb0b0ca7101d941be5db1478eed88b38,6697,0
C:\SRS(ISIC_2019)\Dataset\BKL\ISIC_0071326.jpg,isic_0071326,2,7f2f158fb062c50bc31e9e6fd0090e773c4f4eeeff44d21c9904c86c0aa0f66e,6699,0
C:\SRS(ISIC_2019)\Dataset\BKL\ISIC_0071753.jpg,isic_0071753,2,8562cfbe082290f4fd23692d7d61e4173f932f2c3e97e559bbc9a4e1eede986d,6721,0
C:\SRS(ISIC_2019)\Dataset\BKL\ISIC_0071793.jpg,isic_0071793,2,92077edcd66366013adee002b1ed6267df755dc8e07e86d64ac178a8f0ace0b6,6722,0
C:\SRS(ISIC_2019)\Dataset\BKL\ISIC_0072054.jpg,isic_0072054,2,5b45041207b87323033b2211c47cbdf550d0b8fd2b080d9e73c8104e8a07b10d,6738,0
C:\SRS(ISIC_2019)\Dataset\BKL\ISIC_0072075.jpg,isic_0072075,2,b2012470ec5167fda435a340d734aa975dc1b3c786573c23f2785c9e7705e638,6743,0
C:\SRS(ISIC_2019)\Dataset\BKL\ISIC_0072098.jpg,isic_0072098,2,8c933f0bf394b07175fe258e83bbbd4c5f87e8f7de5cd2b43473b333567a70be,6744,0
C:\SRS(ISIC_2019)\Dataset\BKL\ISIC_0072296.jpg,isic_0072296,2,378a71106b880effe902dfe18d4b4f3874bb941e67bf06d0ff673ab8d29e27f0,6753,0
C:\SRS(ISIC_2019)\Dataset\BKL\ISIC_0072410.jpg,isic_0072410,2,c85c75aadc0a8d0231e8d101648258b3f844c1ff49a219920781eecc1a66ba2a,6759,0
C:\SRS(ISIC_2019)\Dataset\BKL\ISIC_0072451.jpg,isic_0072451,2,b9411d9d2d593116312947ac3979c758e09aa3f6480f82a935760aa2cb831f29,6762,0
C:\SRS(ISIC_2019)\Dataset\BKL\ISIC_0072501.jpg,isic_0072501,2,f1f413f91af5441123a8db4c2a4c781c2d10cc9c8258328188bb75f5dd82c26c,6765,0
C:\SRS(ISIC_2019)\Dataset\BKL\ISIC_0072782.jpg,isic_0072782,2,c5a0c9bb9a993a11e1fb81fe55a6b8772802fee03a4c2e7980d276f37f4a8b0a,6777,0
C:\SRS(ISIC_2019)\Dataset\BKL\ISIC_0072898.jpg,isic_0072898,2,f198e8ce6f717590c2b58e278f699d02a43a19f5d49adc170b037a2c8f241199,6784,0
C:\SRS(ISIC_2019)\Dataset\BKL\ISIC_0073048.jpg,isic_0073048,2,4fe551c12cd26ca6ee319ea37af8bf307ad5450e7c6f6965c7a78f792fc75813,6796,0
C:\SRS(ISIC_2019)\Dataset\BKL\ISIC_0073060.jpg,isic_0073060,2,4bd5ed62421147364cd696358edf2909c9ab6b4f5d5f9c3404e62a3e3f2fe7d5,6798,0
C:\SRS(ISIC_2019)\Dataset\BKL\ISIC_0073140.jpg,isic_0073140,2,f80d0514be2ad3412809911269ea2db68a0b071b38f52c3d35d12ab2935d8f82,6806,0
C:\SRS(ISIC_2019)\Dataset\DF\ISIC_0024386.jpg,isic_0024386,3,04624578d5f7c62a7108c694b1ce9cc6771bd164d2a6c5f1563faff8fd6ae243,6816,0
C:\SRS(ISIC_2019)\Dataset\DF\ISIC_0025154.jpg,isic_0025154,3,70da163ab49eb3f9b4855e37cd423e8d29531cac160f2f9e6142bbfb84781317,6822,0
C:\SRS(ISIC_2019)\Dataset\DF\ISIC_0025223.jpg,isic_0025223,3,b47774d0c69ea0f0375619e26b0526295a82ed4298b9cc2cdf82d99c19e2f8f0,6823,0
C:\SRS(ISIC_2019)\Dataset\DF\ISIC_0025314.jpg,isic_0025314,3,538e9122277c6691e5b50c1713642cdfc49a2ae75007fa3d6747fb25169a3b46,6825,0
C:\SRS(ISIC_2019)\Dataset\DF\ISIC_0025771.jpg,isic_0025771,3,eb99f25c95c8c39aaa0a83080970ff04f382c286b2e4ae867a788947e890f62d,6831,0
C:\SRS(ISIC_2019)\Dataset\DF\ISIC_0025954.jpg,isic_0025954,3,26268cd1eb4ce0a9226ccb57cdefa9a9f0dd062cb3010e72c04f22677d6ffa87,6834,0
C:\SRS(ISIC_2019)\Dataset\DF\ISIC_0026417.jpg,isic_0026417,3,cff594381a4f505b64adace16bb081fd0539e3195fa4604f72c0f648e58d4008,6838,0
C:\SRS(ISIC_2019)\Dataset\DF\ISIC_0027626.jpg,isic_0027626,3,bf1055a7f3a4a19040eb0b089ac296d3140bcc1cfadc3a97f6891a47673d5d3e,6853,0
C:\SRS(ISIC_2019)\Dataset\DF\ISIC_0028926.jpg,isic_0028926,3,4077552f9df27c1a8cc500cb113a6ccf52fca48ba44cc59e8e794d992adc4f53,6863,0
C:\SRS(ISIC_2019)\Dataset\DF\ISIC_0029760.jpg,isic_0029760,3,4d077f2bd59a1d73f6586a888cae481775b926f79649c9b579aa1b1f2c910d09,6871,0
C:\SRS(ISIC_2019)\Dataset\DF\ISIC_0029973.jpg,isic_0029973,3,ca345673cb2b277fef79bb80018059f10b04f68cc0f01d32f7d417acc59d4601,6877,0
C:\SRS(ISIC_2019)\Dataset\DF\ISIC_0030244.jpg,isic_0030244,3,be717e903896c7728b1636a6a7dbd8a0711de3a8ca7d347afcfcc11d7d7ef19d,6881,0
C:\SRS(ISIC_2019)\Dataset\DF\ISIC_0030442.jpg,isic_0030442,3,451434b3080817d56ca048cf05696dc29c58c7045f369c75a5a6c4003fde8a32,6884,0
C:\SRS(ISIC_2019)\Dataset\DF\ISIC_0031309.jpg,isic_0031309,3,d6f12ecc9fd4ba7a291c334b7b1ada05774dce2196e1cea4d52e15409fd71982,6895,0
C:\SRS(ISIC_2019)\Dataset\DF\ISIC_0031457.jpg,isic_0031457,3,68a290696c64e57720e090473c06a3a19b7996e5848a66b072d2fbc6669b1fc9,6901,0
C:\SRS(ISIC_2019)\Dataset\DF\ISIC_0032468.jpg,isic_0032468,3,9fca2d5036ce83ba06b88be551f716f4857d846a82800d821c4fbab0d956004b,6909,0
C:\SRS(ISIC_2019)\Dataset\DF\ISIC_0032941.jpg,isic_0032941,3,7dcd5e38eb81dcb0d5e5a192c39968a89f33ff969d7d5e6534f5eff7694b6a74,6912,0
C:\SRS(ISIC_2019)\Dataset\DF\ISIC_0033005.jpg,isic_0033005,3,e117c0fd7f2d64092774eab7e0673807710eca7985f213a577366e18bfdf914c,6913,0
C:\SRS(ISIC_2019)\Dataset\DF\ISIC_0033860.jpg,isic_0033860,3,229ec75bda3585498fccae3a479343335505006d93bc823de0fca09fd213620d,6925,0
C:\SRS(ISIC_2019)\Dataset\DF\ISIC_0034135.jpg,isic_0034135,3,94b59801036f04feb50446704af77d30a8048c03ee03db257814f2b8a78ef1d4,6927,0
C:\SRS(ISIC_2019)\Dataset\DF\ISIC_0054247.jpg,isic_0054247,3,28c873baf183017eea65b6e0e1a397789d7c2bff6f44a34008be83953d95a67d,6934,0
C:\SRS(ISIC_2019)\Dataset\DF\ISIC_0054555.jpg,isic_0054555,3,498d7df7525a8c353c310fdb7b455a2848068413af04225f2c8c304361c46834,6936,0
C:\SRS(ISIC_2019)\Dataset\DF\ISIC_0054978.jpg,isic_0054978,3,c5c5858fd72d553329ec93f5b132a07810c6d5339b018a51a83022ec46161b3a,6942,0
C:\SRS(ISIC_2019)\Dataset\DF\ISIC_0055121.jpg,isic_0055121,3,686908297e87d914b4874f51c389d42f963460835efb09c720530b22f49b03bb,6943,0
C:\SRS(ISIC_2019)\Dataset\DF\ISIC_0058565.jpg,isic_0058565,3,6cecd7322e15903cbc8436469d953e0cf2802e8e75560c52e2f7f5e0e73116b2,6963,0
C:\SRS(ISIC_2019)\Dataset\DF\ISIC_0059028.jpg,isic_0059028,3,fdee6076c44ca1e8e6e30066c253536f2329c0937bb724e7af3430de2fa10710,6965,0
C:\SRS(ISIC_2019)\Dataset\DF\ISIC_0060890.jpg,isic_0060890,3,70b3c2df07d6ba1af1837ce8ba93da8e9ba0d62fa6216fe24000e99039d52a6f,6976,0
C:\SRS(ISIC_2019)\Dataset\DF\ISIC_0061305.jpg,isic_0061305,3,4c62d9548e9463f97b3fd29a04ecfcd0d8d9786c578e49207285f25a3129c6a5,6978,0
C:\SRS(ISIC_2019)\Dataset\DF\ISIC_0061605.jpg,isic_0061605,3,8be79b6bf1d0ac9af8ff680ea3e057f2e9f9d35d09bc75f8deef9db433392df8,6980,0
C:\SRS(ISIC_2019)\Dataset\DF\ISIC_0061959.jpg,isic_0061959,3,65e96359844f82915a54ecfb51e5f3141e4d969db9a6018672e6869ca561a92d,6982,0
C:\SRS(ISIC_2019)\Dataset\DF\ISIC_0063039.jpg,isic_0063039,3,2d3392ad2b08e1310597f050b791a55cef9e071b3d52fe8153e18b87b3c0718a,6986,0
C:\SRS(ISIC_2019)\Dataset\DF\ISIC_0065239.jpg,isic_0065239,3,2a2557eab5434a2816f4db23d27c188811710149e4ebb274b522e2b8f6fb4940,6997,0
C:\SRS(ISIC_2019)\Dataset\DF\ISIC_0065502.jpg,isic_0065502,3,c699a9145cb35487f02a899c138ff37ee232af578ae1aebcb2e59832482ba5a4,6998,0
C:\SRS(ISIC_2019)\Dataset\DF\ISIC_0066002.jpg,isic_0066002,3,7bb946ddbf84337cf82e8946bf8bd93f96f6e78b93916ceb6ffee832a10f003b,7000,0
C:\SRS(ISIC_2019)\Dataset\DF\ISIC_0066400.jpg,isic_0066400,3,5966efab8efdc4213eedd4a5e520a4e10fd34073b8cdfc3d8e98780c53cc6a76,7003,0
C:\SRS(ISIC_2019)\Dataset\DF\ISIC_0066917.jpg,isic_0066917,3,41d32a33a3dca4a415ac2f546129298e817539e3657b14755a24dd087f1c5417,7008,0
C:\SRS(ISIC_2019)\Dataset\DF\ISIC_0067060.jpg,isic_0067060,3,e760feaacfcd4d7551b484e2327fa24c672247abe88f28d5c376a74734d67589,7010,0
C:\SRS(ISIC_2019)\Dataset\DF\ISIC_0067362.jpg,isic_0067362,3,9caf3dc962033a43cfb08add773b4ce152f09accc721604f33a5611d0f391ba1,7014,0
C:\SRS(ISIC_2019)\Dataset\DF\ISIC_0068078.jpg,isic_0068078,3,e9793f0ce1829b1cbe91a6257f5bf5d5be88ea4d146752129fd8413c80e329c4,7021,0
C:\SRS(ISIC_2019)\Dataset\DF\ISIC_0068991.jpg,isic_0068991,3,bbf73b2fcfcb472aef7dacde89e33b7e3100f09efc9506a0809cb6df19aa64db,7025,0
C:\SRS(ISIC_2019)\Dataset\DF\ISIC_0070460.jpg,isic_0070460,3,4d02c752e35ada7b7b9cb1e2a7038c5f4b8ffcaf8209c5eb4ef61241a359edbf,7031,0
C:\SRS(ISIC_2019)\Dataset\DF\ISIC_0071425.jpg,isic_0071425,3,e497d46f797212f8d1a6257dac98e43ae500e024ec206a7d94627ca00eef0047,7039,0
C:\SRS(ISIC_2019)\Dataset\MEL\ISIC_0000035_downsampled.jpg,isic_0000035_downsampled,4,f902094c9531e92431f56a6be58f8746e766f1e3e6c15d2068328a9beb65d488,7061,0
C:\SRS(ISIC_2019)\Dataset\MEL\ISIC_0000036_downsampled.jpg,isic_0000036_downsampled,4,b86fe44f1b760005386242aaf9eb9c953bc7f0ed0de42c76ed0dd5e793f2bdd6,7062,0
C:\SRS(ISIC_2019)\Dataset\MEL\ISIC_0000054_downsampled.jpg,isic_0000054_downsampled,4,19094dedc829d3cded5ea9b4a24c1aba7e7bcdb9e085d0a2fd247fc0feeb7326,7067,0
C:\SRS(ISIC_2019)\Dataset\MEL\ISIC_0000151_downsampled.jpg,isic_0000151_downsampled,4,4e8fa9d4f91a504caa2e2908baffd51af185b3a3c484339f30e0b7e1757d01c9,7083,0
C:\SRS(ISIC_2019)\Dataset\MEL\ISIC_0000164.jpg,isic_0000164,4,2f48ed7510d5572b15902e2157ac948a8f9d2fc6b13f89ca2dc6e480193fd716,7095,0
C:\SRS(ISIC_2019)\Dataset\MEL\ISIC_0000166.jpg,isic_0000166,4,d3e38c6790c5dc7c91d2371e972de07e12d8784aa44a220b8e331d657a555dc7,7097,0
C:\SRS(ISIC_2019)\Dataset\MEL\ISIC_0000169.jpg,isic_0000169,4,d56988be65b2146d5be0ff20ab20822d58615d3b636129d763b07a2476d8367c,7099,0
C:\SRS(ISIC_2019)\Dataset\MEL\ISIC_0000174.jpg,isic_0000174,4,1bc8350b441bc5e50108437bda3a060a3f4e39275aeac1852888e03d37bb522d,7104,0
C:\SRS(ISIC_2019)\Dataset\MEL\ISIC_0000281.jpg,isic_0000281,4,ba7a0b389c10fd38345643947f084fe6020f2c254d7973682b8a202db6552d8c,7111,0
C:\SRS(ISIC_2019)\Dataset\MEL\ISIC_0000283.jpg,isic_0000283,4,146a09834827a5f571449144827ebb639deb5ee9f68371c41a45b536f41499fc,7113,0
C:\SRS(ISIC_2019)\Dataset\MEL\ISIC_0000293.jpg,isic_0000293,4,8794a8e9d8f0f0ba648583ee3d19e1f324c714f96a0ff56287f63cf3c43f3d02,7120,0
C:\SRS(ISIC_2019)\Dataset\MEL\ISIC_0000295.jpg,isic_0000295,4,37dcd21622fc65c1a185483a34cacda0b1580faacc82532462968fafe6ce3633,7122,0
C:\SRS(ISIC_2019)\Dataset\MEL\ISIC_0000298.jpg,isic_0000298,4,e983b9e339a1cef7a9512a50f387b6dee2d6f046e00e8ba1cd9cd6457b5baee4,7124,0
C:\SRS(ISIC_2019)\Dataset\MEL\ISIC_0000300.jpg,isic_0000300,4,6e25045680756f6c9dd4427be8980e0bc815bc5b5b0c3560dcbdb6f11c44d01f,7126,0
C:\SRS(ISIC_2019)\Dataset\MEL\ISIC_0000303.jpg,isic_0000303,4,54b6516d7604a1d29e8807b33bcfa72cb4fd96bca8d57bbafb4aec5cc201dff0,7129,0
C:\SRS(ISIC_2019)\Dataset\MEL\ISIC_0000307.jpg,isic_0000307,4,05cf7c78d6b8ca57cf906a243b9c60d3f4fe275df5d74f8f35ade32085e65bd6,7131,0
C:\SRS(ISIC_2019)\Dataset\MEL\ISIC_0000310.jpg,isic_0000310,4,1505644dbed27d64fb5146c5ea72e6adaa72f7fcb83eb47e562b359ad23463b8,7132,0
C:\SRS(ISIC_2019)\Dataset\MEL\ISIC_0000393_downsampled.jpg,isic_0000393_downsampled,4,d612b881b73d3c996adc32311b436dd2e13adc3eb8adcde3e6d1990dcac69016,7137,0
C:\SRS(ISIC_2019)\Dataset\MEL\ISIC_0000395_downsampled.jpg,isic_0000395_downsampled,4,a54ea11f55b070f6dee8348839e2459d123742e34dfa8781920be1ad8c4e349d,7138,0
C:\SRS(ISIC_2019)\Dataset\MEL\ISIC_0000415_downsampled.jpg,isic_0000415_downsampled,4,654f81030a6e91852e6deccac92fa759e8feff0e196326d2d641b288e2fb28f7,7142,0
C:\SRS(ISIC_2019)\Dataset\MEL\ISIC_0000463_downsampled.jpg,isic_0000463_downsampled,4,11259b6c74e5808c78506b23d03e56c8f8650e6f1ce42be9b22ab266b09b1cb2,7147,0
C:\SRS(ISIC_2019)\Dataset\MEL\ISIC_0000469.jpg,isic_0000469,4,ce7ae467f307fcef9d11f9f7598dbfc2e68abee06fd154c0e30fe0c35d41f672,7149,0
C:\SRS(ISIC_2019)\Dataset\MEL\ISIC_0000511.jpg,isic_0000511,4,21923a738a01c3c1e21c90738deb3a56845629ff9e056d8970c1bdfd0ea1857d,7153,0
C:\SRS(ISIC_2019)\Dataset\MEL\ISIC_0000517.jpg,isic_0000517,4,c2e2dc3a1208e00c1b4db5e4935b0f264d696e455d2ba09ed651adc2f3d35810,7156,0
C:\SRS(ISIC_2019)\Dataset\MEL\ISIC_0000520_downsampled.jpg,isic_0000520_downsampled,4,1e5b0d0a6623ef4ec9c14fe6f1016c96354b95ed6f5d5a94c73064a8c30f577f,7159,0
C:\SRS(ISIC_2019)\Dataset\MEL\ISIC_0000548.jpg,isic_0000548,4,06fdb74ed76dc3ae03a8136a947432371af7f7922e78919eab37e7023b086ecd,7165,0
C:\SRS(ISIC_2019)\Dataset\MEL\ISIC_0000552.jpg,isic_0000552,4,093a1193f8730cd403fb9ff6a88ccd9ae223979b2c1cc9e7a3bab512046e456c,7169,0
C:\SRS(ISIC_2019)\Dataset\MEL\ISIC_0000555.jpg,isic_0000555,4,bb23d54ee9762cb1ae0f8a3ae522821f9108535453f8c3dc93ca6c6f590df80b,7171,0
C:\SRS(ISIC_2019)\Dataset\MEL\ISIC_0001133_downsampled.jpg,isic_0001133_downsampled,4,6b185a076a7f1668b17dca697bbe253cd2df2f817b2a3aa03c2f8b0e2c193f53,7182,0
C:\SRS(ISIC_2019)\Dataset\MEL\ISIC_0001140_downsampled.jpg,isic_0001140_downsampled,4,f31ab7452c313d49247cbdb0bde8a25bd4d27c0a402f1a0bdee136cf4a0c4518,7184,0
C:\SRS(ISIC_2019)\Dataset\MEL\ISIC_0001142_downsampled.jpg,isic_0001142_downsampled,4,77828bf3043b0e0895ae5b9e72e3e8f0164dcf526829418e99c49a4240b89d67,7185,0
C:\SRS(ISIC_2019)\Dataset\MEL\ISIC_0009910.jpg,isic_0009910,4,18c044084b8052995fc3c5c09a17cc827db459f21285e6acfa32b234e683d29e,7193,0
C:\SRS(ISIC_2019)\Dataset\MEL\ISIC_0009934.jpg,isic_0009934,4,43ac87907646ee4b803ea52809312d66bbe970430075eeaecad853ebf3b94a2e,7196,0
C:\SRS(ISIC_2019)\Dataset\MEL\ISIC_0010000.jpg,isic_0010000,4,45a12e39438b3b7ddf24462d43d1fdfdecae27cd0a3b1a4ed495f7551d366b8f,7203,0
C:\SRS(ISIC_2019)\Dataset\MEL\ISIC_0010016.jpg,isic_0010016,4,409f7ce13b230a7cd4b33f4465e524aa0703c07dc4d320be6ad37089ebcb866c,7205,0
C:\SRS(ISIC_2019)\Dataset\MEL\ISIC_0010067.jpg,isic_0010067,4,54ea32b145774a962bf14da6072b1d5f28dd786374ef02de6e9b6e925a827ee0,7213,0
C:\SRS(ISIC_2019)\Dataset\MEL\ISIC_0010171.jpg,isic_0010171,4,350c65b4879b94b121fb27f3418adfcc3da092d36615f489218b4420bdbbd88a,7218,0
C:\SRS(ISIC_2019)\Dataset\MEL\ISIC_0010350.jpg,isic_0010350,4,63671f8a017678cdbf189e0a38af76ad409e4ac43e694b0aa70ab64ca2aa548b,7237,0
C:\SRS(ISIC_2019)\Dataset\MEL\ISIC_0010372.jpg,isic_0010372,4,3da04f9f5514a5ebbbb6af413f010d6410366aff3d4283aa58f4e89a08a3c983,7241,0
C:\SRS(ISIC_2019)\Dataset\MEL\ISIC_0010380.jpg,isic_0010380,4,4f5ff524baf17be40766944e80f84b61ef534b119ce392d599a80dafe9665a41,7243,0
C:\SRS(ISIC_2019)\Dataset\MEL\ISIC_0010576.jpg,isic_0010576,4,d4299043e653da3d58bbbade3cbaa7cfe95653e1bf951181d6fab52929603621,7248,0
C:\SRS(ISIC_2019)\Dataset\MEL\ISIC_0011121.jpg,isic_0011121,4,6a4bcf0abc5dff508004c0bc101bc258f8cc98a2415446e8b2355ceced947560,7261,0
C:\SRS(ISIC_2019)\Dataset\MEL\ISIC_0011130.jpg,isic_0011130,4,fe1316491ce1bcdc72b83fe2f569d80efddf2d6f811b5306eb81b796d7ecf560,7265,0
C:\SRS(ISIC_2019)\Dataset\MEL\ISIC_0011163.jpg,isic_0011163,4,51308dc2f0e2e76f3cfae103322ab7dfb3993e3d95f6240dfe05e81cd90190c3,7275,0
C:\SRS(ISIC_2019)\Dataset\MEL\ISIC_0011166.jpg,isic_0011166,4,1473ebf6b939395c68951c434e5e067fd76cb5f1a577ec61c1b756276c01580c,7276,0
C:\SRS(ISIC_2019)\Dataset\MEL\ISIC_0011210.jpg,isic_0011210,4,c54e1e54c14842f099c5315e843da0ec93d3d46ab71819336b1d864a58550a18,7279,0
C:\SRS(ISIC_2019)\Dataset\MEL\ISIC_0011329.jpg,isic_0011329,4,8950fa1cdc5e44e4a833cc78c3622b86c3e755b88544b919c0b2fe1110036d7d,7283,0
C:\SRS(ISIC_2019)\Dataset\MEL\ISIC_0012099_downsampled.jpg,isic_0012099_downsampled,4,daf1bda971e041db3d0231ef86fa1f664e0bd28eff0ce53cf0fd16127bb1e8f9,7294,0
C:\SRS(ISIC_2019)\Dataset\MEL\ISIC_0012151_downsampled.jpg,isic_0012151_downsampled,4,0dd9b719309c5e910f97383d8f12915293cf489fb944cf1db2fe66945c5393db,7296,0
C:\SRS(ISIC_2019)\Dataset\MEL\ISIC_0012290_downsampled.jpg,isic_0012290_downsampled,4,4718a3a126cad68d0163f2f42d35f9daf11d8917f3720211517d5527092b2368,7300,0
C:\SRS(ISIC_2019)\Dataset\MEL\ISIC_0012298_downsampled.jpg,isic_0012298_downsampled,4,4df566f8223c8a03d0e911b89df2479583bb90146fa188f842ee90abeb5cad96,7301,0
C:\SRS(ISIC_2019)\Dataset\MEL\ISIC_0012369_downsampled.jpg,isic_0012369_downsampled,4,6c5112b6462e7dd6ec432a6bc4272f6dcfa16839a534577bacaa660fa0b70372,7304,0
C:\SRS(ISIC_2019)\Dataset\MEL\ISIC_0012450_downsampled.jpg,isic_0012450_downsampled,4,c1aed69d03a790501d3d149165dfe6d4bf810da9bca7b1bd0f9dbee7cfb63dab,7311,0
C:\SRS(ISIC_2019)\Dataset\MEL\ISIC_0012678_downsampled.jpg,isic_0012678_downsampled,4,ac80bff2e9e948f538106291686d6e7d407424b01b599a867d541018ab26bc05,7313,0
C:\SRS(ISIC_2019)\Dataset\MEL\ISIC_0012758.jpg,isic_0012758,4,c794f37d94f1706648921c4ed5179809a1dbb93ff87e13016359e7b4abb28bd1,7318,0
C:\SRS(ISIC_2019)\Dataset\MEL\ISIC_0013232_downsampled.jpg,isic_0013232_downsampled,4,e24dfb59a4fdfeabee039ece642b2abddb35d0186067c25eadce3bfb1c14b876,7330,0
C:\SRS(ISIC_2019)\Dataset\MEL\ISIC_0013334_downsampled.jpg,isic_0013334_downsampled,4,d0d134d32bd04709f3aae54a282daba27fce84bbda65bfe5f2749e9693d3a196,7335,0
C:\SRS(ISIC_2019)\Dataset\MEL\ISIC_0013472_downsampled.jpg,isic_0013472_downsampled,4,129f131c7bb57330eb77f9a3aa2267436576bb6a38d7506f47b9fa93eaee0133,7346,0
C:\SRS(ISIC_2019)\Dataset\MEL\ISIC_0013473_downsampled.jpg,isic_0013473_downsampled,4,0c2874a6eeaf264af7a3c45661e155b41082103f9ab0a1b23169b9e99df0137e,7347,0
C:\SRS(ISIC_2019)\Dataset\MEL\ISIC_0013491_downsampled.jpg,isic_0013491_downsampled,4,40165fac4a059cb25ff600ebc42e966eab72dbd2761f4b36bb7fa51627ed659f,7349,0
C:\SRS(ISIC_2019)\Dataset\MEL\ISIC_0013549_downsampled.jpg,isic_0013549_downsampled,4,b98a8b3cccd34d647524073fc7a9ec53b3cb1ed5fdbc60ffe091706085a18bac,7357,0
C:\SRS(ISIC_2019)\Dataset\MEL\ISIC_0013565_downsampled.jpg,isic_0013565_downsampled,4,7fae917cc4d65b9f5c36036f9fd00195948c1b7cbd6d46810c9dcc8755f5ed11,7358,0
C:\SRS(ISIC_2019)\Dataset\MEL\ISIC_0013573_downsampled.jpg,isic_0013573_downsampled,4,f3677663fdfe69e8422f3b5352e29917a150539044700e8fdccb97c2137c3016,7361,0
C:\SRS(ISIC_2019)\Dataset\MEL\ISIC_0013588_downsampled.jpg,isic_0013588_downsampled,4,32445ee31ec075516810e1df2b050d29a5564dd61e735973eebda36423d68804,7366,0
C:\SRS(ISIC_2019)\Dataset\MEL\ISIC_0013594_downsampled.jpg,isic_0013594_downsampled,4,fb6b685ca83a0cc06135e57b47477b9c8c3ba942e407f76bc0c3de41ddcd3252,7367,0
C:\SRS(ISIC_2019)\Dataset\MEL\ISIC_0013606_downsampled.jpg,isic_0013606_downsampled,4,38da85b0853265fadde543a2e36cacedc884d4216aa0b11360738ee68520a9a1,7368,0
C:\SRS(ISIC_2019)\Dataset\MEL\ISIC_0013636_downsampled.jpg,isic_0013636_downsampled,4,e0fa75fb853d03df5f2853c0dbaa1c0aafc650253e1ae8cbd77d0a92798bfacb,7375,0
C:\SRS(ISIC_2019)\Dataset\MEL\ISIC_0013651_downsampled.jpg,isic_0013651_downsampled,4,c0ac06899e13f8ab5efd7960b569376136dff73ff1db77cce9b191f10141e403,7378,0
C:\SRS(ISIC_2019)\Dataset\MEL\ISIC_0013663_downsampled.jpg,isic_0013663_downsampled,4,ef6669f15fd86c67900beac605477ebac298fa87f7808b9f5f52ceb3815e08a6,7380,0
C:\SRS(ISIC_2019)\Dataset\MEL\ISIC_0013674_downsampled.jpg,isic_0013674_downsampled,4,b883c3177d027c874124e2f77055d7ebbee04c69fda0063bd9e526578fb563a4,7383,0
C:\SRS(ISIC_2019)\Dataset\MEL\ISIC_0013678_downsampled.jpg,isic_0013678_downsampled,4,a89d7f29a830ac6a0ffd58307b2b98f65de71f674888bb4df4c36575ab600576,7384,0
C:\SRS(ISIC_2019)\Dataset\MEL\ISIC_0013740_downsampled.jpg,isic_0013740_downsampled,4,e2dd0ee2ecdb6247d7f69c705543083ef2c84ce276264cfb11b617beec8bb64e,7390,0
C:\SRS(ISIC_2019)\Dataset\MEL\ISIC_0013813_downsampled.jpg,isic_0013813_downsampled,4,9de717beda7ac7e6ec76b6c40adb44cb58d2037f4a931c1dd91fb9027a2c9010,7397,0
C:\SRS(ISIC_2019)\Dataset\MEL\ISIC_0013814_downsampled.jpg,isic_0013814_downsampled,4,b140f2f6bee0fe495c350e5cc9681789954c7048eb21e4608585e57052dba592,7398,0
C:\SRS(ISIC_2019)\Dataset\MEL\ISIC_0013845_downsampled.jpg,isic_0013845_downsampled,4,3a79f456ec23ee3ddb8add24baf131891dd6d08942c915cf2feb2af1012d0d66,7408,0
C:\SRS(ISIC_2019)\Dataset\MEL\ISIC_0013948_downsampled.jpg,isic_0013948_downsampled,4,bcc7348fcb861df8aa056ffaede5bd85b2405193f873d265620a4524a98db570,7417,0
C:\SRS(ISIC_2019)\Dataset\MEL\ISIC_0013986_downsampled.jpg,isic_0013986_downsampled,4,06136864861ceffb3ac17b48e8464dfd63d4ceedfce7af46b7a5f5fbeb51c755,7423,0
C:\SRS(ISIC_2019)\Dataset\MEL\ISIC_0014044_downsampled.jpg,isic_0014044_downsampled,4,db68506e47953215be3af9bd1e773cb06ee21de2dda3220b04165bd6b4152900,7431,0
C:\SRS(ISIC_2019)\Dataset\MEL\ISIC_0014072_downsampled.jpg,isic_0014072_downsampled,4,b00a483ea9856380a4a58c1acc88a082fa6d5b6b8fb559964869f77d4bf7602e,7436,0
C:\SRS(ISIC_2019)\Dataset\MEL\ISIC_0014088_downsampled.jpg,isic_0014088_downsampled,4,0567062b169cf0fada7de8c86082fa8cb3bbc7196ef0f6c7d88c05a9ee8b4e37,7441,0
C:\SRS(ISIC_2019)\Dataset\MEL\ISIC_0014132_downsampled.jpg,isic_0014132_downsampled,4,10335a665cc01a08bcc470b0a6f8bb1659af1529a6ea77b7e045569be0529b5b,7449,0
C:\SRS(ISIC_2019)\Dataset\MEL\ISIC_0014151_downsampled.jpg,isic_0014151_downsampled,4,86a1f237cbf10a007f5e6a4ad72be020bb71223388c757a4dc9d14cdb96e1ca3,7454,0
C:\SRS(ISIC_2019)\Dataset\MEL\ISIC_0014157_downsampled.jpg,isic_0014157_downsampled,4,c85703b74d93a9700b99cf561a9bc820d7115c19b84f1dd5ade58a234d79e58c,7456,0
C:\SRS(ISIC_2019)\Dataset\MEL\ISIC_0014163_downsampled.jpg,isic_0014163_downsampled,4,56998e07736fbb583c8d1ef5b4f16348f74a8a0dd4664d1c1876d0faa218920b,7458,0
C:\SRS(ISIC_2019)\Dataset\MEL\ISIC_0014173_downsampled.jpg,isic_0014173_downsampled,4,8b60718e3e01ca5fa2e59a735e5a6863a09ea0f0b94b2ac8c45b81ba102fbebe,7460,0
C:\SRS(ISIC_2019)\Dataset\MEL\ISIC_0014181_downsampled.jpg,isic_0014181_downsampled,4,773794ee925e7d96c17e4c3f0bde4c80e22bc0d09fe451161cafe8b00b938bd0,7461,0
C:\SRS(ISIC_2019)\Dataset\MEL\ISIC_0014189_downsampled.jpg,isic_0014189_downsampled,4,8074a1295e7915d4205f76722a984d053fc2909b6511cb44a6479c80d284171d,7465,0
C:\SRS(ISIC_2019)\Dataset\MEL\ISIC_0014219_downsampled.jpg,isic_0014219_downsampled,4,c0a17e0c103b3a708bbadd1c74b04056c5154c8cfe0c555b9cb174be8cd65af6,7468,0
C:\SRS(ISIC_2019)\Dataset\MEL\ISIC_0014255_downsampled.jpg,isic_0014255_downsampled,4,cdbc9c6930cd713611419e01c2b0d834bb3808ae0a00150131fe15bf11303b26,7475,0
C:\SRS(ISIC_2019)\Dataset\MEL\ISIC_0014308_downsampled.jpg,isic_0014308_downsampled,4,39b877a6485795fbc7d6b136408a270c73c7b4760c75999f39ee223cd7d86c56,7483,0
C:\SRS(ISIC_2019)\Dataset\MEL\ISIC_0014325_downsampled.jpg,isic_0014325_downsampled,4,364eaabf4e4cb20d4c8296d150d32efc8c3685c69a1b902c9eccb67fcc4a4798,7487,0
C:\SRS(ISIC_2019)\Dataset\MEL\ISIC_0014347_downsampled.jpg,isic_0014347_downsampled,4,c8ff22a5d0af0dffa7654c8d03adbaccefe362defd99d7eb9360d01e7bf47049,7492,0
C:\SRS(ISIC_2019)\Dataset\MEL\ISIC_0014349_downsampled.jpg,isic_0014349_downsampled,4,c47f402666b0534dc5d102dc48ec97a4a8e2b508c9e068d20bbd728176ceadc5,7493,0
C:\SRS(ISIC_2019)\Dataset\MEL\ISIC_0014369_downsampled.jpg,isic_0014369_downsampled,4,79dbeceef85109e76fc691c4d1ab0849d3d262c55e2e6feefbb5f556e0f9c8bc,7498,0
C:\SRS(ISIC_2019)\Dataset\MEL\ISIC_0014422_downsampled.jpg,isic_0014422_downsampled,4,b35f939777da2bc3c793043bbfa9900efcb4a1c4ad383f1d19c25250b9a1328d,7502,0
C:\SRS(ISIC_2019)\Dataset\MEL\ISIC_0014454_downsampled.jpg,isic_0014454_downsampled,4,221cef374ba80c164725c77ec4722f5244076916f420e09fa58e5ed227235856,7506,0
C:\SRS(ISIC_2019)\Dataset\MEL\ISIC_0014501_downsampled.jpg,isic_0014501_downsampled,4,a3c5b64bb4dadc73e8685837ce6c026e0dc697f7d84e8544cc7602518ff54308,7512,0
C:\SRS(ISIC_2019)\Dataset\MEL\ISIC_0014506_downsampled.jpg,isic_0014506_downsampled,4,7c9753230f95105d4aa6399a6f1e5df529e09dffd4b826c5da1dd0df807a971e,7513,0
C:\SRS(ISIC_2019)\Dataset\MEL\ISIC_0014513_downsampled.jpg,isic_0014513_downsampled,4,0bef169c06b92c009bd38f54db1984c8df5b991c082ff75d8b4c55c59072ace7,7515,0
C:\SRS(ISIC_2019)\Dataset\MEL\ISIC_0014541_downsampled.jpg,isic_0014541_downsampled,4,0efc343abb61538150c1eb203413e76d95800627493072e2563dea9ee833ec36,7519,0
C:\SRS(ISIC_2019)\Dataset\MEL\ISIC_0014663_downsampled.jpg,isic_0014663_downsampled,4,ccfce06af8fb5d92e2be144ddfd08d60145de794451e2dc5386a9c75ba1f2887,7528,0
C:\SRS(ISIC_2019)\Dataset\MEL\ISIC_0014784_downsampled.jpg,isic_0014784_downsampled,4,d39fc059e6dd75fb8016038585588b1483848f13756ab0a5eaf948f134c1cd5d,7538,0
C:\SRS(ISIC_2019)\Dataset\MEL\ISIC_0014790_downsampled.jpg,isic_0014790_downsampled,4,8861893a2df4ff07d0f7b99d5aa5eed3c6604ccebc5874dee29a787c77149525,7540,0
C:\SRS(ISIC_2019)\Dataset\MEL\ISIC_0014809_downsampled.jpg,isic_0014809_downsampled,4,e64f544ceeceda66161a579689f25602112d43809c844da036dcbe1a4dbb8920,7543,0
C:\SRS(ISIC_2019)\Dataset\MEL\ISIC_0014891_downsampled.jpg,isic_0014891_downsampled,4,c3c0b66a09bdaf088ba8f482eb71d07b9f26ef07b4db64f18a2aa84227228039,7550,0
C:\SRS(ISIC_2019)\Dataset\MEL\ISIC_0014946_downsampled.jpg,isic_0014946_downsampled,4,6285ed2bc9bed499ea500538ec88897c72a763403a9e53bbe45547c2e89ba0ee,7559,0
C:\SRS(ISIC_2019)\Dataset\MEL\ISIC_0014951_downsampled.jpg,isic_0014951_downsampled,4,3ba290b60924bd10b4dfcea5f5b5e8649b359d2b0ece03414f5bc3cf296f49f2,7560,0
C:\SRS(ISIC_2019)\Dataset\MEL\ISIC_0014963_downsampled.jpg,isic_0014963_downsampled,4,80d7a4025b3dae77c3fc74cb1997219b3141eb463a7535fef96e130cb2b62b39,7561,0
C:\SRS(ISIC_2019)\Dataset\MEL\ISIC_0014983_downsampled.jpg,isic_0014983_downsampled,4,dfc50b71f746e8bd458cb5962d252f498bf8858d27a6a44aea10afd4366cca2e,7565,0
C:\SRS(ISIC_2019)\Dataset\MEL\ISIC_0015046_downsampled.jpg,isic_0015046_downsampled,4,ccd31610e1ce91b465cc3af523b4c9f14a2e43915fc26796dcd35c4892320bad,7572,0
C:\SRS(ISIC_2019)\Dataset\MEL\ISIC_0015071_downsampled.jpg,isic_0015071_downsampled,4,28c6efa0264e0d9385b7e17a59222936c7a67a565d55c3d69b26cf73a8b272ac,7574,0
C:\SRS(ISIC_2019)\Dataset\MEL\ISIC_0015109_downsampled.jpg,isic_0015109_downsampled,4,5320a1e42833443cfe4552df0f7b768c3717578d9cdcd717a353643ed5c4f218,7577,0
C:\SRS(ISIC_2019)\Dataset\MEL\ISIC_0015166_downsampled.jpg,isic_0015166_downsampled,4,a18ba7417ea1b87bba1f26544456a32d951920603d0c9bdfd953f23e5b16ee9f,7589,0
C:\SRS(ISIC_2019)\Dataset\MEL\ISIC_0015204_downsampled.jpg,isic_0015204_downsampled,4,a29c11a3f0b6bfdbd8b509e52d1d6068b10c6aee0ad15fe37c6e79050ef44106,7597,0
C:\SRS(ISIC_2019)\Dataset\MEL\ISIC_0015206_downsampled.jpg,isic_0015206_downsampled,4,7ca6f6127688cf9798987dc808f0813265cc30342b86e8005c83c71cc2e33577,7598,0
C:\SRS(ISIC_2019)\Dataset\MEL\ISIC_0024525.jpg,isic_0024525,4,e530dcce2eb49ca398225d9648a2379dff8551a7b62235ec2478126b70d19aba,7620,0
C:\SRS(ISIC_2019)\Dataset\MEL\ISIC_0024546.jpg,isic_0024546,4,8692f633b8d2801e953711c5e5067d32064c81c98303128ae884a45464121b84,7623,0
C:\SRS(ISIC_2019)\Dataset\MEL\ISIC_0024586.jpg,isic_0024586,4,6ce3d487cff26f690cb87b5ddfdb352814d9c366ce142da904cf05c1102d4a2a,7627,0
C:\SRS(ISIC_2019)\Dataset\MEL\ISIC_0024624.jpg,isic_0024624,4,b454ecd0ad397a8909dfafe69c8bedd51bb2cc68d584b586cf0b4f500753b6c2,7628,0
C:\SRS(ISIC_2019)\Dataset\MEL\ISIC_0024652.jpg,isic_0024652,4,433ddecc2981cd945edb7362e85bdd54bd5cd31bac748c90a80c302f3d4afcca,7633,0
C:\SRS(ISIC_2019)\Dataset\MEL\ISIC_0024729.jpg,isic_0024729,4,afd4d38a37909a45daa4998109a93b588f33b62bcdb0418be6aedb8973d7f489,7640,0
C:\SRS(ISIC_2019)\Dataset\MEL\ISIC_0024865.jpg,isic_0024865,4,1e5eb12e43d5d4d45c8d0d063312307d2506bfda13cb83681138bf52dfc93dd5,7652,0
C:\SRS(ISIC_2019)\Dataset\MEL\ISIC_0024918.jpg,isic_0024918,4,1c1b3ea10bc9fb93eaf70f2a1ef9651d49aae00b540ddd3f19675c25c5b850ac,7658,0
C:\SRS(ISIC_2019)\Dataset\MEL\ISIC_0024932.jpg,isic_0024932,4,276663d6975c946555f989f91686e01649cd486d03e5beca8f4f337dd2f1aa7d,7661,0
C:\SRS(ISIC_2019)\Dataset\MEL\ISIC_0025035.jpg,isic_0025035,4,2081fb3ef8cf381ad4d342f95e716e9c704883b8eb16bb272f9f6d5a058ac05d,7673,0
C:\SRS(ISIC_2019)\Dataset\MEL\ISIC_0025085.jpg,isic_0025085,4,fe2e936f71d90440c90ed514edc7120844a5a7d590dfe81b266ff33a02f9dff5,7675,0
C:\SRS(ISIC_2019)\Dataset\MEL\ISIC_0025097.jpg,isic_0025097,4,55b4d629368578aed47b02df079c46b921c40120d2189de4573c33efb1b1cd0d,7676,0
C:\SRS(ISIC_2019)\Dataset\MEL\ISIC_0025153.jpg,isic_0025153,4,ce08bfde0d71fc96b40299c710f30f6bf4fef232c42de0c3557a3cfce0d383cd,7683,0
C:\SRS(ISIC_2019)\Dataset\MEL\ISIC_0025313.jpg,isic_0025313,4,731f33f25feb181a001f42e5ab30ab8c1ef5e8de2a771bd2c7fa3e4ee6906488,7696,0
C:\SRS(ISIC_2019)\Dataset\MEL\ISIC_0025394.jpg,isic_0025394,4,32869851167dcb68d197564ab1b69976143054499186d3afd7052e182d53d374,7702,0
C:\SRS(ISIC_2019)\Dataset\MEL\ISIC_0025489.jpg,isic_0025489,4,c8eedf3759e295eee2985baad422f61169434b48dfa05fc322b84079cf9906c7,7710,0
C:\SRS(ISIC_2019)\Dataset\MEL\ISIC_0025500.jpg,isic_0025500,4,298f173560ad1bd64d31829ebbcc9a36c3a6c0a1affadeefff17c9c9df48d986,7711,0
C:\SRS(ISIC_2019)\Dataset\MEL\ISIC_0025611.jpg,isic_0025611,4,a42999c5a09a17e0d799e397aa374238b25636959f05bbd09ec84bfca5ce176b,7723,0
C:\SRS(ISIC_2019)\Dataset\MEL\ISIC_0025744.jpg,isic_0025744,4,825695ee8f9bd407a1893ee8041eb6930409786ea484e15f4e173a4461a96f72,7732,0
C:\SRS(ISIC_2019)\Dataset\MEL\ISIC_0025791.jpg,isic_0025791,4,515321d0248455a6f5d3448cbb07f171b13b54f1e8ff31da607dcf6cd272fddb,7738,0
C:\SRS(ISIC_2019)\Dataset\MEL\ISIC_0025814.jpg,isic_0025814,4,01cb07b0f7ae05454692b7a9b2bac56a2ed7a10f97aad987bffc75d8bfcf2721,7740,0
C:\SRS(ISIC_2019)\Dataset\MEL\ISIC_0025891.jpg,isic_0025891,4,3acf322b8aabb8148019457cfa1a2c50b28c1bcff9b6c782be22b8caa6c610c6,7743,0
C:\SRS(ISIC_2019)\Dataset\MEL\ISIC_0026081.jpg,isic_0026081,4,e4ff084f2d1fd306fe76ca656731e7072718e2ef8fd794bfe0da485c1740d3d0,7754,0
C:\SRS(ISIC_2019)\Dataset\MEL\ISIC_0026113.jpg,isic_0026113,4,ffe8c6dbb653622eabcaa1c052ccbaee2570f96b21df1c147b81dbe22317356f,7759,0
C:\SRS(ISIC_2019)\Dataset\MEL\ISIC_0026239.jpg,isic_0026239,4,656a3a6d62e6a90d1f1e26fcffad2d1be580a4d7c5b7d97cfdfbcdd4ea27d544,7770,0
C:\SRS(ISIC_2019)\Dataset\MEL\ISIC_0026458.jpg,isic_0026458,4,9317c6ebf1b7f47d48dae204a34ccb13e4fbc947726a5a81f51a3f41e4b81496,7784,0
C:\SRS(ISIC_2019)\Dataset\MEL\ISIC_0026475.jpg,isic_0026475,4,0ba0262c7357ccc887acd407e37841ef0d62d1620e703eb15fbabcdf6f2d2e2c,7785,0
C:\SRS(ISIC_2019)\Dataset\MEL\ISIC_0026571.jpg,isic_0026571,4,b7338268022a893d4ff4ec7c5dfe6d695aab0ed327f6908a8cc0dd3003c50c05,7793,0
C:\SRS(ISIC_2019)\Dataset\MEL\ISIC_0026596.jpg,isic_0026596,4,8d17b4b4ef62a90720b11ce732414713e7595af3d2d8d4c3b18c4197656988c1,7795,0
C:\SRS(ISIC_2019)\Dataset\MEL\ISIC_0026604.jpg,isic_0026604,4,f1cf2cd00b0a8639d2dc71571df81808859cc29147443e4266c309f17821bffc,7796,0
C:\SRS(ISIC_2019)\Dataset\MEL\ISIC_0026652.jpg,isic_0026652,4,72d215cdcd897e49a1ab3dbe6a994319cc1085605464c52cf30479f662a3ab18,7799,0
C:\SRS(ISIC_2019)\Dataset\MEL\ISIC_0026697.jpg,isic_0026697,4,9d70e26692063d3a529f888f0bebbed7b6e4883fe57051264c384454e598507b,7803,0
C:\SRS(ISIC_2019)\Dataset\MEL\ISIC_0026811.jpg,isic_0026811,4,5aecbcd04669bd9e1782b9aa70500895d8c141cd8dfc91a45496feac793d760b,7813,0
C:\SRS(ISIC_2019)\Dataset\MEL\ISIC_0026868.jpg,isic_0026868,4,956a0c0ec2b8ef30da4cc167cc3571203e69d88901cdfa7979d651db912d6ddf,7817,0
C:\SRS(ISIC_2019)\Dataset\MEL\ISIC_0026950.jpg,isic_0026950,4,80b7e9bb959a8257b4c84a2f6b7182545ac36b65147bb7b08d9d95380f10927d,7825,0
C:\SRS(ISIC_2019)\Dataset\MEL\ISIC_0026954.jpg,isic_0026954,4,c2b74236c1377085802cb6e4de631ec8a45aad3b15f74d62afe7589f9143bb7d,7826,0
C:\SRS(ISIC_2019)\Dataset\MEL\ISIC_0026993.jpg,isic_0026993,4,757b2e1a7b0bcea1d9d37e54915a930fab043230f155f8d1167c04acef6dc263,7830,0
C:\SRS(ISIC_2019)\Dataset\MEL\ISIC_0027071.jpg,isic_0027071,4,27bc7143fbc7476285c9212463fa9edfcad59efa196d71d1ee345dbd3b8acc37,7841,0
C:\SRS(ISIC_2019)\Dataset\MEL\ISIC_0027101.jpg,isic_0027101,4,ed2cec4ccd05d48139acaee421d63b1f0fa8e92da22b705dc68a647efe2f1e70,7845,0
C:\SRS(ISIC_2019)\Dataset\MEL\ISIC_0027130.jpg,isic_0027130,4,4646cbbe63f1d0eaf1b32a19d0c24f3b50b506af8920c38f51ea05cdfb5925ff,7850,0
C:\SRS(ISIC_2019)\Dataset\MEL\ISIC_0027171.jpg,isic_0027171,4,5fc4c462272dcd83f5ebbecbb64d7012b27f02c551643e96f536e0007420a99b,7855,0
C:\SRS(ISIC_2019)\Dataset\MEL\ISIC_0027238.jpg,isic_0027238,4,44538c6df917857af5edb7ed98479e6a94ebe5a85a926c3a69a2d44b5fa1833d,7862,0
C:\SRS(ISIC_2019)\Dataset\MEL\ISIC_0027282.jpg,isic_0027282,4,7f4353bfe4be286b46b3082b234d2dedb51f841da1af0263e1d53bd20d6b5679,7868,0
C:\SRS(ISIC_2019)\Dataset\MEL\ISIC_0027327.jpg,isic_0027327,4,ba88c305a977df8473979c612bf48429c249c682efb957bcc5f779ab98c4cb54,7872,0
C:\SRS(ISIC_2019)\Dataset\MEL\ISIC_0027436.jpg,isic_0027436,4,0e0271efb32421098c8ffe9a15c45da65f6676dbd972440c6f3cb2780e6b81c7,7881,0
C:\SRS(ISIC_2019)\Dataset\MEL\ISIC_0027793.jpg,isic_0027793,4,16bef05221bd0c37d84114ea7daa42b20499fe041cf44bc0d180d79cacd54dcc,7908,0
C:\SRS(ISIC_2019)\Dataset\MEL\ISIC_0027863.jpg,isic_0027863,4,ee22dbde07e8d9e6d638eff4e9c70657efc54173c0b9f30b9765c9b68244a79f,7913,0
C:\SRS(ISIC_2019)\Dataset\MEL\ISIC_0028022.jpg,isic_0028022,4,bc65452e6a7ca8899d7a542205b87e34aed87eb8169598721d55d6b5fe6ecafd,7921,0
C:\SRS(ISIC_2019)\Dataset\MEL\ISIC_0028103.jpg,isic_0028103,4,28550b682aa44bc3306eabfb604903449a5c6d7c343b3a569c45c04236b906f0,7934,0
C:\SRS(ISIC_2019)\Dataset\MEL\ISIC_0028198.jpg,isic_0028198,4,6f293e4339414bcbe7d49b5866fd820eb48ec34257aa9b2558f13cf885ac4396,7942,0
C:\SRS(ISIC_2019)\Dataset\MEL\ISIC_0028220.jpg,isic_0028220,4,c7264dcbbcd0003257191b9b680965b5b0e95d51a86a5fce8169918281c8a4ce,7947,0
C:\SRS(ISIC_2019)\Dataset\MEL\ISIC_0028291.jpg,isic_0028291,4,887a0ea3bb9e04a1453953ce1f9789d11c8713daa47aa815495a4c99627e2ac2,7953,0
C:\SRS(ISIC_2019)\Dataset\MEL\ISIC_0028326.jpg,isic_0028326,4,371f8ef861129b593794316a4657fd50d8c68c05779a8d55a68646d2db15dc4e,7957,0
C:\SRS(ISIC_2019)\Dataset\MEL\ISIC_0028361.jpg,isic_0028361,4,c3e190d3ece71b537a6151b089956d1d00bb4b416a34c9a4751083292406abef,7959,0
C:\SRS(ISIC_2019)\Dataset\MEL\ISIC_0028519.jpg,isic_0028519,4,1326ea84e3ce0c55167c5bdf3f48298f34f45c3d8cdc299f41168db298c43159,7976,0
C:\SRS(ISIC_2019)\Dataset\MEL\ISIC_0028543.jpg,isic_0028543,4,6b1b54905da9fa03eefa13db8b4229f4fc847f75990c01f00ec2c3508be64ed8,7979,0
C:\SRS(ISIC_2019)\Dataset\MEL\ISIC_0028709.jpg,isic_0028709,4,d72fbe797ccca118e6061d5a78c08e593fe7c8c3a555f951ab48ef1630acfe03,7991,0
C:\SRS(ISIC_2019)\Dataset\MEL\ISIC_0028718.jpg,isic_0028718,4,610df4000373213fc1e4a725af882c448a157d014bcc6fcd35d5d64e8427aefc,7992,0
C:\SRS(ISIC_2019)\Dataset\MEL\ISIC_0028773.jpg,isic_0028773,4,646aaee43f010a3c46b80d8412858439772209059fb3fb324fa2d2381f99f8ff,7996,0
C:\SRS(ISIC_2019)\Dataset\MEL\ISIC_0028898.jpg,isic_0028898,4,f9824ff5197838c54c66b554f3be7deb4831dd301a0f7de061d05a72d6cee570,8002,0
C:\SRS(ISIC_2019)\Dataset\MEL\ISIC_0029033.jpg,isic_0029033,4,c00647a524315a0a0ec9e2f8ef584dc18c7eae6f9e32df79060f13462b4c9c2d,8019,0
C:\SRS(ISIC_2019)\Dataset\MEL\ISIC_0029146.jpg,isic_0029146,4,a103a6acced40b4f5bcc2fdf02765bbadf1ab8cfdaad714d4961ba0ca845101f,8025,0
C:\SRS(ISIC_2019)\Dataset\MEL\ISIC_0029241.jpg,isic_0029241,4,8f7563358972d202738d9afe6661224e8efa11fd006bfade9101d760db792cde,8034,0
C:\SRS(ISIC_2019)\Dataset\MEL\ISIC_0029363.jpg,isic_0029363,4,9ef0f897257effda0308bc537d2bb3b3bc68c07ddf4d1ccf9d1c8b2685a43c6f,8045,0
C:\SRS(ISIC_2019)\Dataset\MEL\ISIC_0029434.jpg,isic_0029434,4,266dc4266844b6ae82a6aabab6ea57ca3838fa78f59f112c59d1ad8fc82918dc,8048,0
C:\SRS(ISIC_2019)\Dataset\MEL\ISIC_0029473.jpg,isic_0029473,4,41048bc923404f67d5e5719cf0f10257e3dd0e41a107ffc6a3a2478806be44a0,8051,0
C:\SRS(ISIC_2019)\Dataset\MEL\ISIC_0029558.jpg,isic_0029558,4,bead79b1ba53a579cbadbcf2aba381120cd676741869ffe37b005b4b30dc2012,8059,0
C:\SRS(ISIC_2019)\Dataset\MEL\ISIC_0029562.jpg,isic_0029562,4,140212cc76a1d662cf0f6f6e988675ae33dcc9bbdf41cb2c91f2d71332598e51,8060,0
C:\SRS(ISIC_2019)\Dataset\MEL\ISIC_0029780.jpg,isic_0029780,4,502f3f39fb5e7e7e3152f3b651ebeea1d03b91f32ad44347e5d2c2b37a74d810,8078,0
C:\SRS(ISIC_2019)\Dataset\MEL\ISIC_0029914.jpg,isic_0029914,4,a82278d3ee4ecb2e06b5e7438b458d55d6466681535e340c440e1f66b06250db,8088,0
C:\SRS(ISIC_2019)\Dataset\MEL\ISIC_0029933.jpg,isic_0029933,4,071bce54bdc9ad089c0a20331fbf2bbf482c092afa6ff23f95ece5876958bb1d,8089,0
C:\SRS(ISIC_2019)\Dataset\MEL\ISIC_0029958.jpg,isic_0029958,4,eecdac6a3e053d0e743d66f44f56eeca749a098902458043dd34650c7dcae81f,8091,0
C:\SRS(ISIC_2019)\Dataset\MEL\ISIC_0030002.jpg,isic_0030002,4,f2b7036a28fcfdfe6b9fca754e038a18487a04899ee5246744a15b6751505fa4,8093,0
C:\SRS(ISIC_2019)\Dataset\MEL\ISIC_0030060.jpg,isic_0030060,4,b3be4462162ed26c7fc10b1ed99651790ff47da2cdd12fda6596aae1ddfe250e,8099,0
C:\SRS(ISIC_2019)\Dataset\MEL\ISIC_0030106.jpg,isic_0030106,4,bff1edb09ca5d8579a9e2b46eedf34f062ed5486b61836bb9943827be72a6a5e,8103,0
C:\SRS(ISIC_2019)\Dataset\MEL\ISIC_0030107.jpg,isic_0030107,4,923ce79c2b24d6af4f1b533baba253f1157c1a2e626f77d3befac30c907d23a9,8104,0
C:\SRS(ISIC_2019)\Dataset\MEL\ISIC_0030122.jpg,isic_0030122,4,5f54b0dbb2fcdd1af274e1803b8a5f0533bd58c078e25f1fd8771f8a47596bba,8107,0
C:\SRS(ISIC_2019)\Dataset\MEL\ISIC_0030187.jpg,isic_0030187,4,c3c3f4fe560be0e6932fa57092b888d44d762118711e9325c55256b09c6998c1,8114,0
C:\SRS(ISIC_2019)\Dataset\MEL\ISIC_0030255.jpg,isic_0030255,4,7e0b737664d5f54e4ae491267c4c4cb597e8166c39b044e34efb401a3e8e4f3e,8120,0
C:\SRS(ISIC_2019)\Dataset\MEL\ISIC_0030366.jpg,isic_0030366,4,14d02308c4cddc7584d4f9252e0b5420f8a54e4cf09e20099291d00b2b7a1447,8127,0
C:\SRS(ISIC_2019)\Dataset\MEL\ISIC_0030747.jpg,isic_0030747,4,09e246544fb65f898bf37fd2245ab11af751ea2e79750afcebb44b7490917741,8152,0
C:\SRS(ISIC_2019)\Dataset\MEL\ISIC_0030754.jpg,isic_0030754,4,5845cb2987b8caf3df5e117993c683262e6184ce55dd40de029ef8c365444c6f,8153,0
C:\SRS(ISIC_2019)\Dataset\MEL\ISIC_0030756.jpg,isic_0030756,4,6bfb7d52ac9f3157683605040010ddfa77ea0f6200f5273c1c995836d9966868,8154,0
C:\SRS(ISIC_2019)\Dataset\MEL\ISIC_0030932.jpg,isic_0030932,4,79666b41d07189f30d4b71e6e033bf8bc6874ea396c6fb91ebae8d0bf5708b52,8170,0
C:\SRS(ISIC_2019)\Dataset\MEL\ISIC_0030950.jpg,isic_0030950,4,66c18e2af796d544bc25074e625e399487a09c236ac0f6ca5ac8d1b025790260,8171,0
C:\SRS(ISIC_2019)\Dataset\MEL\ISIC_0030970.jpg,isic_0030970,4,882e73d8d56fcbb2c7e105815e6d26e85177cd0db8e4003f1360a465f912cc6c,8173,0
C:\SRS(ISIC_2019)\Dataset\MEL\ISIC_0031034.jpg,isic_0031034,4,2d153b2ddfc0b0b270cd6246e5134a5ba15b96024e015ee431d318f71b7bf211,8179,0
C:\SRS(ISIC_2019)\Dataset\MEL\ISIC_0031118.jpg,isic_0031118,4,74364bb5b9a1d46fd93d38489930dc7af95368db9b105491afd4ec99beafde35,8182,0
C:\SRS(ISIC_2019)\Dataset\MEL\ISIC_0031170.jpg,isic_0031170,4,7dca3a81cae1a47767c29c0ae117ced30ba8c3066e0754de2466290669d99950,8184,0
C:\SRS(ISIC_2019)\Dataset\MEL\ISIC_0031177.jpg,isic_0031177,4,3562a9d1f5ef87a579447662e78ce19d91e78f2066c363cb00f3730425c7479f,8185,0
C:\SRS(ISIC_2019)\Dataset\MEL\ISIC_0031350.jpg,isic_0031350,4,cbe7fb6e24f8802e13ffc9603285635cf7222e7ecf4329b3ae0307f9ce9577b2,8196,0
C:\SRS(ISIC_2019)\Dataset\MEL\ISIC_0031386.jpg,isic_0031386,4,f9c2d2fe116517de249e6fb4c9f7f29162ed8c0dc3ba6da858ab30f0ab29b187,8200,0
C:\SRS(ISIC_2019)\Dataset\MEL\ISIC_0031586.jpg,isic_0031586,4,94f2fa41aae10bdb28553527ecb5816fbc226e92705219afd109e1f54928a8e3,8220,0
C:\SRS(ISIC_2019)\Dataset\MEL\ISIC_0031745.jpg,isic_0031745,4,27f47f74273cfcb2d94c1d9cbc66e8c2a6b3d809a96aa3d6919e98ede8eadfc8,8229,0
C:\SRS(ISIC_2019)\Dataset\MEL\ISIC_0031784.jpg,isic_0031784,4,f0d043195545d839fb9cc48c5f22cb1bc90b1488c9618f0e2e8c541b35560165,8233,0
C:\SRS(ISIC_2019)\Dataset\MEL\ISIC_0031890.jpg,isic_0031890,4,389bcc0bd247ac908bcecc009259b24eee4418985447b1c203424564870122f0,8237,0
C:\SRS(ISIC_2019)\Dataset\MEL\ISIC_0031900.jpg,isic_0031900,4,136e4b17027ed640f905996343a342a7f88d5f929db4bbe427fd7354838497e5,8238,0
C:\SRS(ISIC_2019)\Dataset\MEL\ISIC_0031957.jpg,isic_0031957,4,b4ec105234319f4bdc573ceae2352510c67325ba3fc75571c8ed51d58aca6197,8244,0
C:\SRS(ISIC_2019)\Dataset\MEL\ISIC_0031958.jpg,isic_0031958,4,55eaf24d4ea132728c74e8da135ac07baacdf36c740de9b54b2204342514730d,8245,0
C:\SRS(ISIC_2019)\Dataset\MEL\ISIC_0031972.jpg,isic_0031972,4,8aea1b913731d298e8e1dcde7374b5b039b65bba64d8286d35f0d1ff288be02c,8246,0
C:\SRS(ISIC_2019)\Dataset\MEL\ISIC_0032072.jpg,isic_0032072,4,dda98144b60ad10086541276b14b6cf35d14d30da0885a1f4263ee68bbf3a24a,8255,0
C:\SRS(ISIC_2019)\Dataset\MEL\ISIC_0032182.jpg,isic_0032182,4,be453979289907321bafc909b6bf15902b1cec7167928c2aa9514ce517830756,8264,0
C:\SRS(ISIC_2019)\Dataset\MEL\ISIC_0032190.jpg,isic_0032190,4,7a0a8ba42581a73b01594d0ca4807d3718c70de668ba6fceea9beba4c5b2d5d9,8266,0
C:\SRS(ISIC_2019)\Dataset\MEL\ISIC_0032219.jpg,isic_0032219,4,ba2282bd9d762b670afd1abd378a7f9bd42f4a3c6fd99408a7d154a988f71c32,8272,0
C:\SRS(ISIC_2019)\Dataset\MEL\ISIC_0032389.jpg,isic_0032389,4,7ebc78511a638d2c55a2bb931b0470c5a550db26642c969e72626acc164fcf04,8286,0
C:\SRS(ISIC_2019)\Dataset\MEL\ISIC_0032430.jpg,isic_0032430,4,6b2f3ac94526846f22e905af2888c24a0146222db1059eb75600b8f859471bb9,8293,0
C:\SRS(ISIC_2019)\Dataset\MEL\ISIC_0032450.jpg,isic_0032450,4,94a4240bfdd2fc5fd87d39a1d407b094c400b1d62450e4befb0ec55f9f05e64d,8297,0
C:\SRS(ISIC_2019)\Dataset\MEL\ISIC_0032511.jpg,isic_0032511,4,3e95d8f6a4c5abe4e9d1389d76b98cd687937457400f63315fb2f4772b9a73d0,8303,0
C:\SRS(ISIC_2019)\Dataset\MEL\ISIC_0032550.jpg,isic_0032550,4,8b835d84cd9e1447adfa8124cbbc82e30b999efd83740423676b9c297c3ca956,8314,0
C:\SRS(ISIC_2019)\Dataset\MEL\ISIC_0032586.jpg,isic_0032586,4,21cd662798c535f51925317d2ddc25a2b10f4e095e0788fc643d1f41707e77d9,8320,0
C:\SRS(ISIC_2019)\Dataset\MEL\ISIC_0032602.jpg,isic_0032602,4,f5277f80777d0ab51947a9f5b23041af303c67b5f44120853c180fef2a825840,8325,0
C:\SRS(ISIC_2019)\Dataset\MEL\ISIC_0032617.jpg,isic_0032617,4,d29b27b5274a331bfe82c84bff974db91af62e24c55c96e34dbae55b23a8f69e,8329,0
C:\SRS(ISIC_2019)\Dataset\MEL\ISIC_0032626.jpg,isic_0032626,4,ff678d1b9da2a69fcf9cce5ad38021a2065b2ca572a6e505a140eb65b4d8ffc6,8332,0
C:\SRS(ISIC_2019)\Dataset\MEL\ISIC_0032656.jpg,isic_0032656,4,a8d6bccef3bd7f7b98832e7ccf72be33cdce8108445df1013d2b080108eb33ad,8339,0
C:\SRS(ISIC_2019)\Dataset\MEL\ISIC_0032672.jpg,isic_0032672,4,5ae2fa7a6ffb096a5ed54473bd908b5a11878a861087f0f9cd0e015df703d151,8341,0
C:\SRS(ISIC_2019)\Dataset\MEL\ISIC_0032730.jpg,isic_0032730,4,0efe35335aab1a723a3e7a0dac584bb3e67e619b4a90e4a2ff000f0abdce1723,8356,0
C:\SRS(ISIC_2019)\Dataset\MEL\ISIC_0032736.jpg,isic_0032736,4,ea9f8a05b886c4fbd06e9a1b7d2b2849901580f59e4e3753e6b0a691b37ba5e7,8358,0
C:\SRS(ISIC_2019)\Dataset\MEL\ISIC_0032766.jpg,isic_0032766,4,221782b1e285892bc674c1b6c0da98dc1d0c6808ee67189f1099b29f640719a9,8361,0
C:\SRS(ISIC_2019)\Dataset\MEL\ISIC_0032833.jpg,isic_0032833,4,77e0f70f17434fe15f78dd96d8760de0269a110883b187c853ec5ea70615d402,8371,0
C:\SRS(ISIC_2019)\Dataset\MEL\ISIC_0032892.jpg,isic_0032892,4,d909f876499b5e228f963ace6dbe4d2724909de26e4b6090ffc02ac20af7f5e8,8388,0
C:\SRS(ISIC_2019)\Dataset\MEL\ISIC_0032918.jpg,isic_0032918,4,121caf428e18dfaae744ffb7c84f300c649faae09c9322242e3152c330c329a2,8393,0
C:\SRS(ISIC_2019)\Dataset\MEL\ISIC_0032921.jpg,isic_0032921,4,69f8367b9fa36ead42a4e9e2adf5bdb2af822c35d72bcfc8291b6da57ed60f3b,8394,0
C:\SRS(ISIC_2019)\Dataset\MEL\ISIC_0032968.jpg,isic_0032968,4,5ec6dcc8083153a0045e1428e9502bda507a7305f6555959615418dcaaf17b96,8405,0
C:\SRS(ISIC_2019)\Dataset\MEL\ISIC_0032970.jpg,isic_0032970,4,1c825bae3ffe05afa764314972503b339201d44851027b0eeb5455c030ec5d6e,8406,0
C:\SRS(ISIC_2019)\Dataset\MEL\ISIC_0032984.jpg,isic_0032984,4,3b08d159ca4e15384a4374c5866ca03e9b5949abe4a92a7703d805481f069fad,8411,0
C:\SRS(ISIC_2019)\Dataset\MEL\ISIC_0033027.jpg,isic_0033027,4,e0b9da44e9c882f6970ab2aae2046bb06a5f863fa5a1c2b47f768e52bf678e2d,8420,0
C:\SRS(ISIC_2019)\Dataset\MEL\ISIC_0033029.jpg,isic_0033029,4,4f10b2fbafc0d177c55c6c10aabe30e8414737074847b0c8764d993093b99ca4,8421,0
C:\SRS(ISIC_2019)\Dataset\MEL\ISIC_0033037.jpg,isic_0033037,4,76261e705ccda7904fdf93f88effabca678042b3e0c4db90789f257e305b60d5,8423,0
C:\SRS(ISIC_2019)\Dataset\MEL\ISIC_0033055.jpg,isic_0033055,4,a0ba6acbb229dbb943dcb973032f7813b23a5c06a40221b6f6ddcbf016acc50e,8429,0
C:\SRS(ISIC_2019)\Dataset\MEL\ISIC_0033068.jpg,isic_0033068,4,5a0236c52526abed078fc106c8ab39105646a5dc7d1e6fe49678c41f53e1cc28,8432,0
C:\SRS(ISIC_2019)\Dataset\MEL\ISIC_0033074.jpg,isic_0033074,4,c0b54195b256ca198f6aa1720e574251a11f1fa93ebe22de6faef9cd9e25fddc,8434,0
C:\SRS(ISIC_2019)\Dataset\MEL\ISIC_0033125.jpg,isic_0033125,4,1f9d2e0256403f2a58b946d614df5999708ddb9420a17f31416f2e38bf2a662f,8443,0
C:\SRS(ISIC_2019)\Dataset\MEL\ISIC_0033186.jpg,isic_0033186,4,1f4bd50a42993e20961ed8120685a9d4903f68e8351707c88a7e3d8ae3eb5e34,8455,0
C:\SRS(ISIC_2019)\Dataset\MEL\ISIC_0033193.jpg,isic_0033193,4,653230cfdb638739e505b86e4bc36e22e22749840821b932ce18f7d0f4dc9058,8457,0
C:\SRS(ISIC_2019)\Dataset\MEL\ISIC_0033196.jpg,isic_0033196,4,dfadeb2734537fd974e953de5f10acd52b8d88ee45f424af6afe3a7b5212605d,8458,0
C:\SRS(ISIC_2019)\Dataset\MEL\ISIC_0033226.jpg,isic_0033226,4,072b2360c3c68342e7c9b980d7c473aedc3b39630892f2f67562dfb93eae01e6,8465,0
C:\SRS(ISIC_2019)\Dataset\MEL\ISIC_0033239.jpg,isic_0033239,4,3a352a9a884a5df38d7e74f73dce6614acc918027cafeb95779e5a09caaf8e86,8468,0
C:\SRS(ISIC_2019)\Dataset\MEL\ISIC_0033240.jpg,isic_0033240,4,807414f955852670542d85a89fd6ec482d8ec54327feafda33fd6f2a154c92fb,8469,0
C:\SRS(ISIC_2019)\Dataset\MEL\ISIC_0033275.jpg,isic_0033275,4,ceb7b4dd8ccdaa3e4d679d19a311ee07b7aba6c148d5fed6be5fdfd2fd16df57,8479,0
C:\SRS(ISIC_2019)\Dataset\MEL\ISIC_0033336.jpg,isic_0033336,4,b8fc9e1d28f71824cc03e4a89418f44ff24b6b889a0d5d843094dcebbe01e49d,8496,0
C:\SRS(ISIC_2019)\Dataset\MEL\ISIC_0033377.jpg,isic_0033377,4,bb745d3acfdebed18080d42a1675f5616041ac747985121290652d73b48d8d4f,8502,0
C:\SRS(ISIC_2019)\Dataset\MEL\ISIC_0033394.jpg,isic_0033394,4,81512caa3af2b5ccddb02b365108481b81660238835ecd876b6e211f0e08804d,8506,0
C:\SRS(ISIC_2019)\Dataset\MEL\ISIC_0033426.jpg,isic_0033426,4,7896da69643a18b3b6a99135b9d737645155521409b16b42f4234f29a9feddc5,8512,0
C:\SRS(ISIC_2019)\Dataset\MEL\ISIC_0033429.jpg,isic_0033429,4,12f70c1272b76a828eaba2c84c2f7ccad0998715550d563201815a21fb238260,8514,0
C:\SRS(ISIC_2019)\Dataset\MEL\ISIC_0033432.jpg,isic_0033432,4,6f6520f7b8ae375cd5626c1cb4c6b970bbe2e8b27f6bfbcfaae48d5e09f2cd29,8516,0
C:\SRS(ISIC_2019)\Dataset\MEL\ISIC_0033469.jpg,isic_0033469,4,f40db9a64c22a8aefbdad8f9d038f158e1c2416ad2d331ae42d9d8e67619cce4,8521,0
C:\SRS(ISIC_2019)\Dataset\MEL\ISIC_0033518.jpg,isic_0033518,4,c1c1626facce840121dee969af1a9df8793b8474a7eee9998ea14769602bdb9a,8532,0
C:\SRS(ISIC_2019)\Dataset\MEL\ISIC_0033545.jpg,isic_0033545,4,cca211aebfb724931033a80eb44b927129320a9a4f4e845196ddc12cee4ad1f1,8540,0
C:\SRS(ISIC_2019)\Dataset\MEL\ISIC_0033562.jpg,isic_0033562,4,92e752a42d4acde2ac1cf6a75d74319e41b41e36173959e5ce9e756a4176f029,8544,0
C:\SRS(ISIC_2019)\Dataset\MEL\ISIC_0033586.jpg,isic_0033586,4,bcf5e0a91207c77e3e066a8656bcc08b41c454f824e22f5ef2b2a00e08831a1e,8550,0
C:\SRS(ISIC_2019)\Dataset\MEL\ISIC_0033630.jpg,isic_0033630,4,98e3e3c2ee9f2c2a46052eecb07b7ff88faef56a3f325c4d3be9b91ae917c566,8561,0
C:\SRS(ISIC_2019)\Dataset\MEL\ISIC_0033638.jpg,isic_0033638,4,e0a47e449466ae5c6ddcfe0e9200394ee79f1f3cb186f9438157677796625f6b,8563,0
C:\SRS(ISIC_2019)\Dataset\MEL\ISIC_0033643.jpg,isic_0033643,4,dfbfa7dfb943f2852fc9ea19178c1a477ce0b49b2b3a64310e82c053404f83ca,8564,0
C:\SRS(ISIC_2019)\Dataset\MEL\ISIC_0033655.jpg,isic_0033655,4,adbd9377f6c58ecd0b5eda54de3eeaa2b358734ccf587b71e5188aa413abf1f3,8569,0
C:\SRS(ISIC_2019)\Dataset\MEL\ISIC_0033704.jpg,isic_0033704,4,2cb7dfb960643439e9f054e3fd589e846672db9d5927bd6df357e63696ef1921,8579,0
C:\SRS(ISIC_2019)\Dataset\MEL\ISIC_0033728.jpg,isic_0033728,4,701902e065fd8a37329b33c2576aa0ed03391af528f3cee7ea514573a6b4a9eb,8585,0
C:\SRS(ISIC_2019)\Dataset\MEL\ISIC_0033752.jpg,isic_0033752,4,8e1b1fa211e7c81a7663a0f789b23fcad1cf91379217ebcf1800f69ffc65e906,8587,0
C:\SRS(ISIC_2019)\Dataset\MEL\ISIC_0033754.jpg,isic_0033754,4,bac300bc834c803bb6b64f5cf75356b80ec751351c97a78fae3afe9b378b0f30,8588,0
C:\SRS(ISIC_2019)\Dataset\MEL\ISIC_0033843.jpg,isic_0033843,4,f5196c9dc9321574b3a830e42d19a4303032bd241f30a31504f0c511e3f79df9,8604,0
C:\SRS(ISIC_2019)\Dataset\MEL\ISIC_0033874.jpg,isic_0033874,4,0e7be531a7acef97ae9914090e05220dcc3250bed1326c7a5b6362403dc694ae,8610,0
C:\SRS(ISIC_2019)\Dataset\MEL\ISIC_0033886.jpg,isic_0033886,4,c80e2049905cef0924c7bb30b0b2ed2d6f8c561d4e56e370c4b1ef166beb2083,8615,0
C:\SRS(ISIC_2019)\Dataset\MEL\ISIC_0033893.jpg,isic_0033893,4,dfb837b550cfc00855fa3022e005b4936f3fc3b95f937606577cd337fcebf39d,8616,0
C:\SRS(ISIC_2019)\Dataset\MEL\ISIC_0033902.jpg,isic_0033902,4,b0c07d1f9392bb60560a67376480f1bb507764697cbd123ef184a607890bff30,8618,0
C:\SRS(ISIC_2019)\Dataset\MEL\ISIC_0033942.jpg,isic_0033942,4,33c3a895d43cdde2aa61e78910d9393984f400c7bd123a5fcedaf7ad8f218e60,8624,0
C:\SRS(ISIC_2019)\Dataset\MEL\ISIC_0033968.jpg,isic_0033968,4,43f568f3042740bca225eef5d56fbd8934fca073a30617e90f121f5c016352da,8632,0
C:\SRS(ISIC_2019)\Dataset\MEL\ISIC_0033975.jpg,isic_0033975,4,015e609de9a718174ad5cf93d744492f6b3ae7eb8e2afd0719f60483b2decf63,8633,0
C:\SRS(ISIC_2019)\Dataset\MEL\ISIC_0034006.jpg,isic_0034006,4,0a07567b08edec2c72e0ff15fe4a6bba575f5c39125be8269fac384729acbf64,8644,0
C:\SRS(ISIC_2019)\Dataset\MEL\ISIC_0034036.jpg,isic_0034036,4,f44d8e91cd11b9f771c6221dafceee36f7ce28bdf99daf1a532bf48819723009,8649,0
C:\SRS(ISIC_2019)\Dataset\MEL\ISIC_0034062.jpg,isic_0034062,4,eab74dbb29b5f7cef346f693d8981d878db7fa29afb84eed39f2fc4c08ba3b42,8658,0
C:\SRS(ISIC_2019)\Dataset\MEL\ISIC_0034101.jpg,isic_0034101,4,530a0884e586ee9fd1802fc4cc2342124d63185c60130b1d2597dae8fac30cf2,8671,0
C:\SRS(ISIC_2019)\Dataset\MEL\ISIC_0034106.jpg,isic_0034106,4,4ff403709e489e87b598a2bdc16dd599b822011371079834d641d1370d916e73,8673,0
C:\SRS(ISIC_2019)\Dataset\MEL\ISIC_0034117.jpg,isic_0034117,4,d629784179e7e1afee7d7ba176d2cb0d962d986d311c41dff68b05e257813b9c,8675,0
C:\SRS(ISIC_2019)\Dataset\MEL\ISIC_0034120.jpg,isic_0034120,4,fe9840b50d36d51d4c3e4dd92be314fc8cc3beddd90c975dfa681afd587443be,8677,0
C:\SRS(ISIC_2019)\Dataset\MEL\ISIC_0034140.jpg,isic_0034140,4,f27677810b27d960ffdd00ba3acfb3a2aebad1144981e8d20d27370889630203,8680,0
C:\SRS(ISIC_2019)\Dataset\MEL\ISIC_0034159.jpg,isic_0034159,4,09c6ebc30f68fa5dcdcbf840a5c3a04384363c3b576fe24be8bc6c5d17ed9e67,8684,0
C:\SRS(ISIC_2019)\Dataset\MEL\ISIC_0034208.jpg,isic_0034208,4,cfc3c70e3a05bba92967eaaac87e3c6120da296cf4bbd841c6d192a6147d7a23,8694,0
C:\SRS(ISIC_2019)\Dataset\MEL\ISIC_0034216.jpg,isic_0034216,4,e264666232daa236c39f92edb7601e8a295db7c035658403dd7f59567e952c21,8696,0
C:\SRS(ISIC_2019)\Dataset\MEL\ISIC_0034222.jpg,isic_0034222,4,8bbd44cedb012f0e84fba7926a2fe3399ab8e34c4726e0720be14072b60a713e,8698,0
C:\SRS(ISIC_2019)\Dataset\MEL\ISIC_0034236.jpg,isic_0034236,4,32bab4f16d96166a5a575e34e6e1def75eab393b8420dbd2113646110fd92906,8700,0
C:\SRS(ISIC_2019)\Dataset\MEL\ISIC_0034256.jpg,isic_0034256,4,4da2bcd3d360d41236078893ef298b66b21a982236606f1b0c472b60cff08bee,8706,0
C:\SRS(ISIC_2019)\Dataset\MEL\ISIC_0034284.jpg,isic_0034284,4,3ce8a293e34817dd1d75bcce5d18ede6dc4b8f1d31e6a2e095abc6aa344e2189,8711,0
C:\SRS(ISIC_2019)\Dataset\MEL\ISIC_0053479.jpg,isic_0053479,4,d455f012e7bea4d07a9a88c5045c422bb4c6fd9f347f518086a6a5e4e55fe65b,8723,0
C:\SRS(ISIC_2019)\Dataset\MEL\ISIC_0053533.jpg,isic_0053533,4,80a02d3ec6115badd148e843d55ad54dea40d155548829b5291db729a3e637af,8734,0
C:\SRS(ISIC_2019)\Dataset\MEL\ISIC_0053545.jpg,isic_0053545,4,c2b7bc1187172aafd69fe37eabb9df3103bde35b876364ff6dc387c527eba782,8737,0
C:\SRS(ISIC_2019)\Dataset\MEL\ISIC_0053611.jpg,isic_0053611,4,f3f667e1f0c13f0628ea5d8ca89e603762537a9fbb51ee56948b6a4a864cb460,8743,0
C:\SRS(ISIC_2019)\Dataset\MEL\ISIC_0053659.jpg,isic_0053659,4,2b4ff6339693b39f3630db61b054e3883a1762a165a75e8b6426036fdb34d1c2,8749,0
C:\SRS(ISIC_2019)\Dataset\MEL\ISIC_0053671.jpg,isic_0053671,4,b18406637949066601581ab93c63139d68c420d88452bd3e0fba8db7ebe21db3,8751,0
C:\SRS(ISIC_2019)\Dataset\MEL\ISIC_0053674.jpg,isic_0053674,4,8b80887246e86429b4820c08be57172ca0e5bd1a6f3dc4af4c0259508f994aec,8752,0
C:\SRS(ISIC_2019)\Dataset\MEL\ISIC_0053761.jpg,isic_0053761,4,bab0775559e1a91ac9664f151d35e5b67deaac7d721543563ab39a1a2c2be968,8764,0
C:\SRS(ISIC_2019)\Dataset\MEL\ISIC_0053790.jpg,isic_0053790,4,9410c151e51e92a848efe137ec576e9448fa5a09450763d125acef443570e27a,8770,0
C:\SRS(ISIC_2019)\Dataset\MEL\ISIC_0053791.jpg,isic_0053791,4,c161a7e6241a110280584714e21fd633d3235c23f257a54acc9c9e62042f43b8,8771,0
C:\SRS(ISIC_2019)\Dataset\MEL\ISIC_0053814.jpg,isic_0053814,4,f18287d2eb949633bb0f9b18d421b8d3eaefe2ff5c5063fde016a77a08f1e8cd,8778,0
C:\SRS(ISIC_2019)\Dataset\MEL\ISIC_0053839.jpg,isic_0053839,4,2b35ad7d067d32a3033c3f3109f8c70887c061498d8ccc75f4a366728adae54c,8783,0
C:\SRS(ISIC_2019)\Dataset\MEL\ISIC_0053843.jpg,isic_0053843,4,78ea05d51d88e9a2ab6c6d1efebb02596d033da36a94f414cc5302a4974de59f,8785,0
C:\SRS(ISIC_2019)\Dataset\MEL\ISIC_0053945.jpg,isic_0053945,4,acad6997cf76127ed60257d2958b986271dab21bd2679137c7764048e7bffe3d,8793,0
C:\SRS(ISIC_2019)\Dataset\MEL\ISIC_0053953.jpg,isic_0053953,4,a82433cc2dd206251f474fe2a5c6266ceb3d3bd4e1774aba946c6541de56607a,8795,0
C:\SRS(ISIC_2019)\Dataset\MEL\ISIC_0054089.jpg,isic_0054089,4,bbcd99350181142adce31bf26216a5cbe66290de22d32005d185f61ad62fbd3e,8820,0
C:\SRS(ISIC_2019)\Dataset\MEL\ISIC_0054141.jpg,isic_0054141,4,32916c97c50765298c74f87c22385c12186719bfd20cd084b63cf75e8637db40,8826,0
C:\SRS(ISIC_2019)\Dataset\MEL\ISIC_0054151.jpg,isic_0054151,4,da78d5b769595fbe3da8ea57935679fdc5d08047411d56bd9cd10b64aa5c4aa8,8828,0
C:\SRS(ISIC_2019)\Dataset\MEL\ISIC_0054226.jpg,isic_0054226,4,d92eb3602b0c3df725c52a2deb3113d8f3e822d616d770b15221cf5d358b095f,8839,0
C:\SRS(ISIC_2019)\Dataset\MEL\ISIC_0054239.jpg,isic_0054239,4,80a4887c304983fa726a60b76dbde3f22e2e2202e8e14329a3c55ab5a6b294df,8842,0
C:\SRS(ISIC_2019)\Dataset\MEL\ISIC_0054248.jpg,isic_0054248,4,92eaadde8c623ff3558cfe495763b6033963b019abacfcbc3113ecc07172e8ec,8844,0
C:\SRS(ISIC_2019)\Dataset\MEL\ISIC_0054274.jpg,isic_0054274,4,74aaad7f733d5316f0b26aae3c5b278189b833195816882de74c0e433d18ee16,8846,0
C:\SRS(ISIC_2019)\Dataset\MEL\ISIC_0054312.jpg,isic_0054312,4,835856c2e2f0e4c639a0e7b2491d83218ef2df02b252309ded754a2e329f4f52,8854,0
C:\SRS(ISIC_2019)\Dataset\MEL\ISIC_0054409.jpg,isic_0054409,4,f7eb2280b66010042f3ae45d290e226914dd7727129d0c421bba3e0c63063bcf,8869,0
C:\SRS(ISIC_2019)\Dataset\MEL\ISIC_0054482.jpg,isic_0054482,4,77a8273e090aee71679cc670522e9a2403e5e95676d67a41c4f8e203bd9a837f,8878,0
C:\SRS(ISIC_2019)\Dataset\MEL\ISIC_0054506.jpg,isic_0054506,4,d16ffd1c3f07d8b4078bccdc771b2e197eae972bb00d1ffb2c3920f9e6ee4d3a,8882,0
C:\SRS(ISIC_2019)\Dataset\MEL\ISIC_0054618.jpg,isic_0054618,4,c9329744c8b702e767c400420a779b1ae5f6f06a8ec1a2912dedf020ccf77f3a,8893,0
C:\SRS(ISIC_2019)\Dataset\MEL\ISIC_0054691.jpg,isic_0054691,4,3643af6c2a62b6b008facc66abbe1ca9fd8355d6311dc7f8110e5415814f1007,8905,0
C:\SRS(ISIC_2019)\Dataset\MEL\ISIC_0054705.jpg,isic_0054705,4,f90c6ee241d3a87e7c2c419ba611b6f31e906c9bc3e155857ebbb2330b4fb0e1,8907,0
C:\SRS(ISIC_2019)\Dataset\MEL\ISIC_0054844.jpg,isic_0054844,4,7a950df697c4191aa00aa2958da32efeb50b8eed32b7f36169cae988d4373009,8925,0
C:\SRS(ISIC_2019)\Dataset\MEL\ISIC_0054851.jpg,isic_0054851,4,c99f64a445638b4ccf1c1f7ce0a0806ad5017b5c74b8748b5e8a38e4cae52e8e,8927,0
C:\SRS(ISIC_2019)\Dataset\MEL\ISIC_0054892.jpg,isic_0054892,4,07786d6ea124d22ccc51a7cb836d929d87d6d26540085f0e3796848c7c8d27bb,8936,0
C:\SRS(ISIC_2019)\Dataset\MEL\ISIC_0054904.jpg,isic_0054904,4,c3e0252c00f2e7d10ead5ba7c00a737112bfca548503c3e26b953e19e75a7183,8937,0
C:\SRS(ISIC_2019)\Dataset\MEL\ISIC_0054932.jpg,isic_0054932,4,38392a044eeb5e082def8b493bd78ea1b4fa35dbff7c9f59875c06f2056bbdb6,8942,0
C:\SRS(ISIC_2019)\Dataset\MEL\ISIC_0054936.jpg,isic_0054936,4,b1c866f5dc43e7197f01e4ab57c089241eeebf829b3016109d007ae3d476b9fc,8943,0
C:\SRS(ISIC_2019)\Dataset\MEL\ISIC_0054954.jpg,isic_0054954,4,49e2f6a91ab7f954b0efd77f55863c1696979bd3c83707f219550a3f260a69b0,8945,0
C:\SRS(ISIC_2019)\Dataset\MEL\ISIC_0054976.jpg,isic_0054976,4,b1678046c7a7cf8ea4b829cd198841405f2430472a76164eb963e9b36df36f2e,8949,0
C:\SRS(ISIC_2019)\Dataset\MEL\ISIC_0055007.jpg,isic_0055007,4,95b8bc9afc1551e7af9dae5ac2845f52fbd3cd94f8ee6b6c0ef346acf4bc30c6,8955,0
C:\SRS(ISIC_2019)\Dataset\MEL\ISIC_0055008.jpg,isic_0055008,4,3046c5878372a5c87885f5328ba2242f8d1bce6b3d409ea5b67b103018c05a3f,8956,0
C:\SRS(ISIC_2019)\Dataset\MEL\ISIC_0055091.jpg,isic_0055091,4,24af59b7f67aa62daf180f9543882ce2045786f3e39d9602a237562af6f5fa59,8968,0
C:\SRS(ISIC_2019)\Dataset\MEL\ISIC_0055136.jpg,isic_0055136,4,c36f59398baec587617b07082610b0d8032e9bb4ce8ad2f0c1aa7fb7b3ebf138,8970,0
C:\SRS(ISIC_2019)\Dataset\MEL\ISIC_0055140.jpg,isic_0055140,4,d61f4d925d91ec9e8d8f2a766b56e2a82a0e66c28a27b88dbd33d69f8c42b305,8971,0
C:\SRS(ISIC_2019)\Dataset\MEL\ISIC_0055157.jpg,isic_0055157,4,5e04105e285542cb966763569a60de05fce0591819f1a06a6d7eca9e6c462b61,8976,0
C:\SRS(ISIC_2019)\Dataset\MEL\ISIC_0055254.jpg,isic_0055254,4,01f8fb49f8875c9be6bf219d17cc8344972d16dffd3c625e3db3108a484c5a9f,8993,0
C:\SRS(ISIC_2019)\Dataset\MEL\ISIC_0055295.jpg,isic_0055295,4,7d6502decc2bf212648297cd76a286a32922e033354c09ae9f1df2a4a92fcf9b,9002,0
C:\SRS(ISIC_2019)\Dataset\MEL\ISIC_0055317.jpg,isic_0055317,4,8f7d96d5638cbf6e3150563c19841051fac391c92e70899fc5ecaab068df5c19,9007,0
C:\SRS(ISIC_2019)\Dataset\MEL\ISIC_0055327.jpg,isic_0055327,4,93339b12e6728ebccbddf1fa0aa2545aa1f584963e6cdc18c2b1f6e91a05b974,9009,0
C:\SRS(ISIC_2019)\Dataset\MEL\ISIC_0055340.jpg,isic_0055340,4,79614b05d425da65bfbd9a04ccfb17d3a1616ca781d3e8381eb2224a6e70003a,9011,0
C:\SRS(ISIC_2019)\Dataset\MEL\ISIC_0055361.jpg,isic_0055361,4,39268c9564fdf5e55b142de700a0942a6f942c8cd25f127e094de11fa85e46b7,9013,0
C:\SRS(ISIC_2019)\Dataset\MEL\ISIC_0055362.jpg,isic_0055362,4,4129a203a2bb15377a900cdd75c2f063a4cb038beeff37f71252cb27b47f8dbe,9014,0
C:\SRS(ISIC_2019)\Dataset\MEL\ISIC_0055403.jpg,isic_0055403,4,e79ae9fbe370a02ed0b58c85c9ff91866a71ef653c3fa4bf477228ca12716c86,9019,0
C:\SRS(ISIC_2019)\Dataset\MEL\ISIC_0055412.jpg,isic_0055412,4,7bbe7cf619428a5645624ef31423c27c252ea2c3c1d9df6a491fe60b943bc726,9022,0
C:\SRS(ISIC_2019)\Dataset\MEL\ISIC_0055440.jpg,isic_0055440,4,7d590a6147165007f248f43f2b0bb699597ff1d98e31f1e0a1c63102a1d7d7d1,9024,0
C:\SRS(ISIC_2019)\Dataset\MEL\ISIC_0055460.jpg,isic_0055460,4,dc575a74c0569125181dc4f0069179b2d041aa874c06e22950507af86836bc1a,9030,0
C:\SRS(ISIC_2019)\Dataset\MEL\ISIC_0055467.jpg,isic_0055467,4,f8a2dffda0896e713a32bdb113d86ee07a74d4068cd4ce1b8b7e018600e3ca7a,9034,0
C:\SRS(ISIC_2019)\Dataset\MEL\ISIC_0055503.jpg,isic_0055503,4,9db2f3b45ccfbfb2bb38c9a61fb83cde6a0ca62beb62fd4d3808e65f68074188,9041,0
C:\SRS(ISIC_2019)\Dataset\MEL\ISIC_0055519.jpg,isic_0055519,4,841e1739952c0c23366a76663a45675dd0807acbb95ff1eaf1f67ef742eecbd3,9044,0
C:\SRS(ISIC_2019)\Dataset\MEL\ISIC_0055546.jpg,isic_0055546,4,e2946e2a315f23fd813ee6b8a6fa434f5d8d93917be3c7c1b28b4a081225e269,9048,0
C:\SRS(ISIC_2019)\Dataset\MEL\ISIC_0055550.jpg,isic_0055550,4,3b85cebd1e5b7b78c6396d00019b660fa53ba8c6b13d5e955e7639e3c7289eb2,9050,0
C:\SRS(ISIC_2019)\Dataset\MEL\ISIC_0055556.jpg,isic_0055556,4,d5004fe5b31a5ec312b749f1b6ff08368ea39950e70fe334419f72c31c77ac74,9051,0
C:\SRS(ISIC_2019)\Dataset\MEL\ISIC_0055690.jpg,isic_0055690,4,4788739a839eb653b8956d2da4cd18af8bdf362ac8bb5b0e31588e902cdf5842,9061,0
C:\SRS(ISIC_2019)\Dataset\MEL\ISIC_0055742.jpg,isic_0055742,4,8c7078d196978029cbf31e0b4ab04c0710088361a875b87dd5e2af3c81094ead,9071,0
C:\SRS(ISIC_2019)\Dataset\MEL\ISIC_0055759.jpg,isic_0055759,4,9dcb62dc46fe8b71dcd936daf444dffdbcfc1e3b0ee843635ebd3462a780b21e,9074,0
C:\SRS(ISIC_2019)\Dataset\MEL\ISIC_0055771.jpg,isic_0055771,4,8b63afe74a1cb0a261fcdcb7c19ee8e9feec773c2e8a6721d12da87befe3894d,9075,0
C:\SRS(ISIC_2019)\Dataset\MEL\ISIC_0055802.jpg,isic_0055802,4,a6c2721a104dcfee0964ee16d88078f2c5dbdf8b56004420963be407daacd9d3,9082,0
C:\SRS(ISIC_2019)\Dataset\MEL\ISIC_0055818.jpg,isic_0055818,4,c52c3b3bb08df600e55d85cbf0ca901fc15f92bc625f11ef51563d666c148b58,9085,0
C:\SRS(ISIC_2019)\Dataset\MEL\ISIC_0055841.jpg,isic_0055841,4,e176f4b425e55be45baa8cc57a492942a1579816d43dbfc74547cbebaa561b1f,9091,0
C:\SRS(ISIC_2019)\Dataset\MEL\ISIC_0055899.jpg,isic_0055899,4,243dbc08a9d398accede3511c74123b7e0692e8841e4107e09334f9ddf4d44e4,9097,0
C:\SRS(ISIC_2019)\Dataset\MEL\ISIC_0055905.jpg,isic_0055905,4,5bdaa1c5d27771fffe7fdf59842fc74f6ef49a656e298cac9c9523fe480ce834,9099,0
C:\SRS(ISIC_2019)\Dataset\MEL\ISIC_0055918.jpg,isic_0055918,4,6f576cf1638194ebbc439f5db9817832546e98e73c776d4cc0c68c88aa0f8261,9102,0
C:\SRS(ISIC_2019)\Dataset\MEL\ISIC_0055924.jpg,isic_0055924,4,8a00bd8825772557934d04277a3d217b960f82c003f14b1578d5bf5537811866,9103,0
C:\SRS(ISIC_2019)\Dataset\MEL\ISIC_0055938.jpg,isic_0055938,4,1ece1dd0c4c3864242913800d1026deb96e6f2f196bb34f0ed4a3e20634f09d6,9107,0
C:\SRS(ISIC_2019)\Dataset\MEL\ISIC_0056118.jpg,isic_0056118,4,28dc218d2e1b70f3bd3974877cb05a0e53c49a75c27ea6225876a54a2ba0dbbe,9126,0
C:\SRS(ISIC_2019)\Dataset\MEL\ISIC_0056119.jpg,isic_0056119,4,517c6070c0a81c8e2f05aeb2eed1d46fcd0285d247e84e25365a9e9683acd305,9127,0
C:\SRS(ISIC_2019)\Dataset\MEL\ISIC_0056127.jpg,isic_0056127,4,27ec4743039400a34998e08d7f1ad7dfb1f565373ab3b1d0c030b45276e6949b,9128,0
C:\SRS(ISIC_2019)\Dataset\MEL\ISIC_0056164.jpg,isic_0056164,4,78044eebe6a5c1e0b3a8e2fe6d9cd14c1dcee80fe0ce7c470590d6b4d7e081e2,9135,0
C:\SRS(ISIC_2019)\Dataset\MEL\ISIC_0056186.jpg,isic_0056186,4,0301bac40a7a12c5a6277ac6db36189bc0f42883e0652b974ef0bf56007caa99,9138,0
C:\SRS(ISIC_2019)\Dataset\MEL\ISIC_0056202.jpg,isic_0056202,4,94fd8eb70a9e4cd23c0c02c7a72d85f1c938f456a2314fb1d219652141f7a9d3,9142,0
C:\SRS(ISIC_2019)\Dataset\MEL\ISIC_0056309.jpg,isic_0056309,4,b21bfb88f7119be6754bb818e5661f5eed5cea90d42584f34dcd7f505c57b4b6,9160,0
C:\SRS(ISIC_2019)\Dataset\MEL\ISIC_0056346.jpg,isic_0056346,4,ff7f283fa0619bdd86c37a796ad174184b5dfa26582d0af497a9fc4e62b7381f,9163,0
C:\SRS(ISIC_2019)\Dataset\MEL\ISIC_0056389.jpg,isic_0056389,4,30d26fddd2acbaf893d802ab4742c7cfdfef775bb79be4cd4f7a711d192684c6,9165,0
C:\SRS(ISIC_2019)\Dataset\MEL\ISIC_0056487.jpg,isic_0056487,4,d86ee09f2f2356875035b654b542c87c382d96f28d907ead5b3094c6d136d1ee,9179,0
C:\SRS(ISIC_2019)\Dataset\MEL\ISIC_0056537.jpg,isic_0056537,4,20bf92db43c4f9dd51190a9372f83253220b05d0f94bc1ce3e57fa1ff348fff2,9185,0
C:\SRS(ISIC_2019)\Dataset\MEL\ISIC_0056554.jpg,isic_0056554,4,65c877f88fec59c08fda0bcb9650b810560740e19cc20170bcdc32228fd6a8cf,9187,0
C:\SRS(ISIC_2019)\Dataset\MEL\ISIC_0056573.jpg,isic_0056573,4,a6d26ec9c86015ea36473345b69bf9275dc8f965175c4a58d22d7f887fe890ab,9189,0
C:\SRS(ISIC_2019)\Dataset\MEL\ISIC_0056694.jpg,isic_0056694,4,72edc04623d133e2e8b49f18eb4e9ab3d8d21cee64246cbc79ff4eee30e0d6db,9207,0
C:\SRS(ISIC_2019)\Dataset\MEL\ISIC_0056710.jpg,isic_0056710,4,ccff14237e139c19786f84e5fc07d7f467ae704609f00fd7973648b3fd6774e1,9208,0
C:\SRS(ISIC_2019)\Dataset\MEL\ISIC_0056752.jpg,isic_0056752,4,0889eae402b4b76bd30d589dc315b07f0ea19ced31262312d7a038d984be7936,9221,0
C:\SRS(ISIC_2019)\Dataset\MEL\ISIC_0056799.jpg,isic_0056799,4,ae3d9cd8191840639925ff07a220367604c9d7235f87b8fa8ecfa1b6ca4e1a28,9226,0
C:\SRS(ISIC_2019)\Dataset\MEL\ISIC_0056800.jpg,isic_0056800,4,cc8a28172857ba8c26b0e5757bf6278bd85f4989c15ab2c8651d7e8400dbd136,9227,0
C:\SRS(ISIC_2019)\Dataset\MEL\ISIC_0056839.jpg,isic_0056839,4,caa4433dc2a4ea854fd735e349812ff607ad4e1a0e12423e3fd6ca10390ae021,9231,0
C:\SRS(ISIC_2019)\Dataset\MEL\ISIC_0056969.jpg,isic_0056969,4,cb7e92c9c8419b266b34f3be59902d1dab30434a030be06759cc9f826f4bf162,9250,0
C:\SRS(ISIC_2019)\Dataset\MEL\ISIC_0056983.jpg,isic_0056983,4,a37dedd274906c283e4fde584d6008d520c528be47054652f762e7345358ad1c,9254,0
C:\SRS(ISIC_2019)\Dataset\MEL\ISIC_0057027.jpg,isic_0057027,4,7c673a893c74a774ca74e276a0605e0551aa830e8ce319f3296e355d3f2a92f3,9264,0
C:\SRS(ISIC_2019)\Dataset\MEL\ISIC_0057083.jpg,isic_0057083,4,228e662ce616a935879a6797d35dcdb2cecfaceb42125b858c5477683565319e,9271,0
C:\SRS(ISIC_2019)\Dataset\MEL\ISIC_0057147.jpg,isic_0057147,4,ece797ba1963a7812a075b1ae7a34e332c0696466c966d600bec57e24416619b,9274,0
C:\SRS(ISIC_2019)\Dataset\MEL\ISIC_0057172.jpg,isic_0057172,4,a06ed731065df2060154b958fce3c7b690c083186a9f1d0205b5452d56a33277,9279,0
C:\SRS(ISIC_2019)\Dataset\MEL\ISIC_0057173.jpg,isic_0057173,4,f926a1d2ae8014ce6c68f5cf2423ae7a694057dbe353942303bb57c227134617,9280,0
C:\SRS(ISIC_2019)\Dataset\MEL\ISIC_0057180.jpg,isic_0057180,4,011d7a0d7382d0135ae0bfaf93d209c13a31e42ade7ef40ead2a4595f958493f,9281,0
C:\SRS(ISIC_2019)\Dataset\MEL\ISIC_0057192.jpg,isic_0057192,4,e360d2832782fa3d2ab9510b6e499eda53cea36a1c5e536459d2b593ca3e8b5c,9283,0
C:\SRS(ISIC_2019)\Dataset\MEL\ISIC_0057261.jpg,isic_0057261,4,df07add023412ff4193c833f264015003bd071709bdd815681ccecdb724693ae,9294,0
C:\SRS(ISIC_2019)\Dataset\MEL\ISIC_0057324.jpg,isic_0057324,4,f3011ad6d7c62e5897857cbe488719ef10d3fff6cb0ea533bf67cd1ec25e05aa,9302,0
C:\SRS(ISIC_2019)\Dataset\MEL\ISIC_0057328.jpg,isic_0057328,4,c8de46c3a74849305a084dffe0adb41454f6c1041840f4b74e6463405a26b584,9303,0
C:\SRS(ISIC_2019)\Dataset\MEL\ISIC_0057369.jpg,isic_0057369,4,c66eddc02cfdf6cb380e8fb0b4271fb78b1923f5bc7329c547ae8bd5a5bc2e31,9307,0
C:\SRS(ISIC_2019)\Dataset\MEL\ISIC_0057371.jpg,isic_0057371,4,7d095eca64dacb66497f59d444f630aff30a4bc2f1da158cbf8fb9d2a7bf99f8,9309,0
C:\SRS(ISIC_2019)\Dataset\MEL\ISIC_0057436.jpg,isic_0057436,4,3ee3e6c32f0c84af8e94a2a95ce9773b93e409e64238ae3237ea40e386c31306,9318,0
C:\SRS(ISIC_2019)\Dataset\MEL\ISIC_0057496.jpg,isic_0057496,4,6a244dfcb63c1c4eaea098ca28528175d22670a9c360630acbdb773d01ad7c37,9323,0
C:\SRS(ISIC_2019)\Dataset\MEL\ISIC_0057558.jpg,isic_0057558,4,8375f5cdb712a1dcf75cb2b3922105070ba9687680c62a44c81a59fd31e1e473,9332,0
C:\SRS(ISIC_2019)\Dataset\MEL\ISIC_0057634.jpg,isic_0057634,4,56a9334bb06e060134ab327bc98a976b85ce286d9c2b2c2f8a1632518c3d6d56,9341,0
C:\SRS(ISIC_2019)\Dataset\MEL\ISIC_0057700.jpg,isic_0057700,4,fbb0bb91eb07234a858f0b790b08b76dab5cb08fe3a0878d3e84779487478480,9349,0
C:\SRS(ISIC_2019)\Dataset\MEL\ISIC_0057725.jpg,isic_0057725,4,362094a35ea323477a5bdb928c935c43e87ef312bcf003fb806c8af482413ecf,9354,0
C:\SRS(ISIC_2019)\Dataset\MEL\ISIC_0057727.jpg,isic_0057727,4,fbfa51a905fb5cb09773ef09b49e7473a4ae425baf5defb387bc3a9f5f8b1f0c,9355,0
C:\SRS(ISIC_2019)\Dataset\MEL\ISIC_0057782.jpg,isic_0057782,4,8149b54ca5ae75930a24671aec71691ae45fde1436718d711b8bbaad4c158490,9365,0
C:\SRS(ISIC_2019)\Dataset\MEL\ISIC_0057837.jpg,isic_0057837,4,1c8be34960473f5797b759c8e867ea5b542433edcf1583294f368b8face555e2,9372,0
C:\SRS(ISIC_2019)\Dataset\MEL\ISIC_0057845.jpg,isic_0057845,4,ff7998e1c9662fe41afd7b854d93557b717e70fac29080110507998c3cc3f73f,9373,0
C:\SRS(ISIC_2019)\Dataset\MEL\ISIC_0057996.jpg,isic_0057996,4,7bb59b116fe9ca9c98e9af1657cc5fffee02c965760e34f3c659bbe620364025,9395,0
C:\SRS(ISIC_2019)\Dataset\MEL\ISIC_0057997.jpg,isic_0057997,4,546e5f0a02f91401962a9d926330bf4cdb6c89e3d91bd70570e2cb278ae14e42,9396,0
C:\SRS(ISIC_2019)\Dataset\MEL\ISIC_0057999.jpg,isic_0057999,4,e2d9b7ffaacdf0843cb09cd3cd16301c866a0402c26190319f154f59ff4f53a5,9397,0
C:\SRS(ISIC_2019)\Dataset\MEL\ISIC_0058003.jpg,isic_0058003,4,1cd128f766fab828a862eab56f98dd57908fe3907734afee03e8a038b2641363,9399,0
C:\SRS(ISIC_2019)\Dataset\MEL\ISIC_0058149.jpg,isic_0058149,4,62c882c363dd56696f406d988015e67d1781436417dffd887f9efa8f7e301b61,9423,0
C:\SRS(ISIC_2019)\Dataset\MEL\ISIC_0058151.jpg,isic_0058151,4,e9f080f02041c219e7e3ceaf1a8027785e157f4216fc03e767b22429871770f3,9424,0
C:\SRS(ISIC_2019)\Dataset\MEL\ISIC_0058256.jpg,isic_0058256,4,50324753b57a5a9606ac1aa33d922fb8e192c482557f9767c728adbd43e38914,9439,0
C:\SRS(ISIC_2019)\Dataset\MEL\ISIC_0058303.jpg,isic_0058303,4,5caaf4f60040c02ff232d1b1eca9cd14f0c07215993fa14587da82b591ffb661,9444,0
C:\SRS(ISIC_2019)\Dataset\MEL\ISIC_0058346.jpg,isic_0058346,4,6a75739f5416662c827349f0aa2ab74ff297ba75efdd4937d5e50a4344958145,9453,0
C:\SRS(ISIC_2019)\Dataset\MEL\ISIC_0058391.jpg,isic_0058391,4,1595a4e89564251dff1dc6cc1065f6e1274d35041081006607451ad4fdc1d48d,9461,0
C:\SRS(ISIC_2019)\Dataset\MEL\ISIC_0058399.jpg,isic_0058399,4,86f50f3f7969c207cd4d80b72c8a13d38f484ca5e1e1d8bbbe8ac214f5593b99,9462,0
C:\SRS(ISIC_2019)\Dataset\MEL\ISIC_0058426.jpg,isic_0058426,4,e6b49195dba45ddf7468a49f5ffe09e46ad6dbc56df5e71883d7fc29f1ebf7e9,9467,0
C:\SRS(ISIC_2019)\Dataset\MEL\ISIC_0058433.jpg,isic_0058433,4,c1536d78de826df853928b57f1aa7946318245b6a5ac3d70712c42fba2ab3cf7,9470,0
C:\SRS(ISIC_2019)\Dataset\MEL\ISIC_0058448.jpg,isic_0058448,4,45c0f7c635aeb2816dcedd7909138e26c44c1d29ebd65a2eb56489978966e9fc,9472,0
C:\SRS(ISIC_2019)\Dataset\MEL\ISIC_0058458.jpg,isic_0058458,4,bd8dc6ec3bccce4e3586ee8c6451de5c9890e902e7bfe44d08c369f551763b8d,9474,0
C:\SRS(ISIC_2019)\Dataset\MEL\ISIC_0058471.jpg,isic_0058471,4,330c5f77ad566a7f2b3d1e3e4db46cdbabcc7a96740d578ad910307d5fa8a611,9476,0
C:\SRS(ISIC_2019)\Dataset\MEL\ISIC_0058569.jpg,isic_0058569,4,a0d031260dc9881a5c6111244dbbec0e42b7b0485a00c723793cb5d742f003a9,9486,0
C:\SRS(ISIC_2019)\Dataset\MEL\ISIC_0058645.jpg,isic_0058645,4,dbee258ac96b792e44924805dfa18cde0dd3e5b128bd2ee0ba057b188e761326,9495,0
C:\SRS(ISIC_2019)\Dataset\MEL\ISIC_0058647.jpg,isic_0058647,4,e39947da266cfc51092bcded685a08c9064cbbfe14aef5c64a3eb44b43823ce8,9496,0
C:\SRS(ISIC_2019)\Dataset\MEL\ISIC_0058724.jpg,isic_0058724,4,da84750b627ff8c22ed4ef2e10e10c2ec3476a65a4ca2d880698e040ae34d92f,9507,0
C:\SRS(ISIC_2019)\Dataset\MEL\ISIC_0058743.jpg,isic_0058743,4,1854609ecb93a5c706fbde3db227c6f5f5f3484ff95fb15bd5885f896f6916f2,9508,0
C:\SRS(ISIC_2019)\Dataset\MEL\ISIC_0058837.jpg,isic_0058837,4,96ba0ffc0cd0dff50b00531983355d3d57f95d882e202320c703a99703b14665,9521,0
C:\SRS(ISIC_2019)\Dataset\MEL\ISIC_0058880.jpg,isic_0058880,4,6d5b370eb6b5c3879cb7503e4d8f03217516df456f17d06c3078d64c5241f424,9529,0
C:\SRS(ISIC_2019)\Dataset\MEL\ISIC_0058887.jpg,isic_0058887,4,a3c0bc61c8e4ef3d55cc6825a8c4ed9986d4a53e94bc3c954d1a69b306623142,9530,0
C:\SRS(ISIC_2019)\Dataset\MEL\ISIC_0058910.jpg,isic_0058910,4,f3f81fc4dbf9997f55663ba60992bf3feb2e6f0ed5a572dc22b5db2deaa3e241,9532,0
C:\SRS(ISIC_2019)\Dataset\MEL\ISIC_0058935.jpg,isic_0058935,4,1488c61ce5c6b7e2c4d91ec77d03466ed51b54c832974b2874791930fef76db8,9534,0
C:\SRS(ISIC_2019)\Dataset\MEL\ISIC_0058959.jpg,isic_0058959,4,1e519eac631408ecf83dceb6cce6484cddd554edb5214c45bb26cceaaaa7323c,9537,0
C:\SRS(ISIC_2019)\Dataset\MEL\ISIC_0058999.jpg,isic_0058999,4,78c3ee7b0f3ce8d2e7cfa015c42d1e191ef957c05f9aabaf187422ce66352748,9538,0
C:\SRS(ISIC_2019)\Dataset\MEL\ISIC_0059027.jpg,isic_0059027,4,d659ea6ea8a1eb73e16bda98838e51bbd87df5f4118a6195b1838b43c9dbc0e6,9540,0
C:\SRS(ISIC_2019)\Dataset\MEL\ISIC_0059029.jpg,isic_0059029,4,2cea12f4d517462d96ec352a73ad0ba93ff06b342f9fedc67975a5a81d2481f0,9541,0
C:\SRS(ISIC_2019)\Dataset\MEL\ISIC_0059052.jpg,isic_0059052,4,a43296a4c33f983e17a6a10f24b0347284c06e950aa65523bfcdc59cb8305d1e,9544,0
C:\SRS(ISIC_2019)\Dataset\MEL\ISIC_0059141.jpg,isic_0059141,4,ee98f1aa9d1e54469a447c21b257e1a18ee703fe0cb87a753e3ff526215341ba,9559,0
C:\SRS(ISIC_2019)\Dataset\MEL\ISIC_0059165.jpg,isic_0059165,4,490d945ebeb8bc1be15879480f5ab57248f2d45040b817188103c3821c0dd9a7,9562,0
C:\SRS(ISIC_2019)\Dataset\MEL\ISIC_0059171.jpg,isic_0059171,4,1276158eeaab489b2a166c6097b1e4575e03600f18ffc02e0850a66690ceeb90,9564,0
C:\SRS(ISIC_2019)\Dataset\MEL\ISIC_0059248.jpg,isic_0059248,4,cf020c992a810f759e9d8e696bfcf4f1ae8fd860f4901d5d09bb8906775431fe,9574,0
C:\SRS(ISIC_2019)\Dataset\MEL\ISIC_0059273.jpg,isic_0059273,4,9e67a27ab2ce86307cc1e3ebe7f7d9ab9a08af95ced2698f89da94d29192d484,9578,0
C:\SRS(ISIC_2019)\Dataset\MEL\ISIC_0059349.jpg,isic_0059349,4,25cdf56731a49d86bc2a105b9e6db1a8acd07d1ae2f495069bb39a50db5b2632,9590,0
C:\SRS(ISIC_2019)\Dataset\MEL\ISIC_0059387.jpg,isic_0059387,4,14c08a804e0e968d2c0f8aa4942777afed561c274b7c91ef4ec67aaaa207646e,9598,0
C:\SRS(ISIC_2019)\Dataset\MEL\ISIC_0059412.jpg,isic_0059412,4,39ab0aa9fb3b6ed6926a19f29d203c91c9160bc36a8fe8344d04ec257285e6e1,9600,0
C:\SRS(ISIC_2019)\Dataset\MEL\ISIC_0059421.jpg,isic_0059421,4,e9eff0da5ada6523a0c7f6550b3667e6ad8636a89a1a83199d2219c54b15dc87,9602,0
C:\SRS(ISIC_2019)\Dataset\MEL\ISIC_0059433.jpg,isic_0059433,4,c72386c20bd41af66d1a343e124263044a96735aae9caacb657e3e1c0879e6d5,9606,0
C:\SRS(ISIC_2019)\Dataset\MEL\ISIC_0059450.jpg,isic_0059450,4,deef54dd607c71f160e6bba7b64ce3d324827fe0ac2b65beb4a766b7dd345d7a,9612,0
C:\SRS(ISIC_2019)\Dataset\MEL\ISIC_0059488.jpg,isic_0059488,4,34bbebd32d8bdbb1e176e8411450efd4627fc7c19c99b0376227b7cb69c7fbcb,9616,0
C:\SRS(ISIC_2019)\Dataset\MEL\ISIC_0059506.jpg,isic_0059506,4,853f3acbdfbbd340a29733f2621479ee3c4156a1a31bab315df1b05cf5e184a2,9620,0
C:\SRS(ISIC_2019)\Dataset\MEL\ISIC_0059525.jpg,isic_0059525,4,3c173e15a207199e1312f12039aa732182da739f5bbfb9717b8ee8e0d440fa9e,9623,0
C:\SRS(ISIC_2019)\Dataset\MEL\ISIC_0059551.jpg,isic_0059551,4,7a0d6ac826eedb464bea1ba4b50d368caa1dc8ea670e22c72f7c2ee35b3772a9,9627,0
C:\SRS(ISIC_2019)\Dataset\MEL\ISIC_0059595.jpg,isic_0059595,4,7dfa86afa9b2a332b1c1ce3fa78519e4e0857f4cbd809a5861d6cbb3223e24fa,9631,0
C:\SRS(ISIC_2019)\Dataset\MEL\ISIC_0059608.jpg,isic_0059608,4,1a3099bb4b46888ad0bd603f10d9fea81923d5931ec3521080c610bc14def985,9635,0
C:\SRS(ISIC_2019)\Dataset\MEL\ISIC_0059628.jpg,isic_0059628,4,d393181bd521e4dd7d77296da94449dd7db779ccc35b847c7716529f071e1743,9637,0
C:\SRS(ISIC_2019)\Dataset\MEL\ISIC_0059632.jpg,isic_0059632,4,2022df4f4b96dd72b6dab2ca972b073eb69a9686f2c3ae1b9d5177f1e6e85a97,9639,0
C:\SRS(ISIC_2019)\Dataset\MEL\ISIC_0059671.jpg,isic_0059671,4,53d727b521750a4a8cb5febad88c2e5952ad0662bec83fb47c1d7a848a2fbe02,9642,0
C:\SRS(ISIC_2019)\Dataset\MEL\ISIC_0059703.jpg,isic_0059703,4,6b75c63eff70f16714d8287264635a1c2eee2bceccd129b994440f5d31104ba6,9646,0
C:\SRS(ISIC_2019)\Dataset\MEL\ISIC_0059808.jpg,isic_0059808,4,08effd296887abac41594a9b7003ecf721cc8b73a16f68ded4a567c7b8b411f9,9659,0
C:\SRS(ISIC_2019)\Dataset\MEL\ISIC_0059814.jpg,isic_0059814,4,31972c08e608bb82dfb664a25efc5add715cb2cc620aae198ce1f1a27627111e,9661,0
C:\SRS(ISIC_2019)\Dataset\MEL\ISIC_0059943.jpg,isic_0059943,4,b69f32a5757189f903e0b4a1004db1eadbdbb9525869b72c558e40f84cd5fa1f,9679,0
C:\SRS(ISIC_2019)\Dataset\MEL\ISIC_0060022.jpg,isic_0060022,4,05dc50503279f57623079097b10d3fbefa9d10d6e3de9b7ae1c1de61a7d9eac3,9686,0
C:\SRS(ISIC_2019)\Dataset\MEL\ISIC_0060104.jpg,isic_0060104,4,933dc1d817ad4504f04759fbcb124e3cbfda3af331d89d894714392be05bff2d,9694,0
C:\SRS(ISIC_2019)\Dataset\MEL\ISIC_0060153.jpg,isic_0060153,4,28c39883cdf8578bfce6c1f906793e49feb33dc85bc79a5132da6a85119e580b,9704,0
C:\SRS(ISIC_2019)\Dataset\MEL\ISIC_0060163.jpg,isic_0060163,4,aebee793cc1b15ec81f6d4834aef7a6518afa202063a897e4ea54ffbcb37204e,9708,0
C:\SRS(ISIC_2019)\Dataset\MEL\ISIC_0060215.jpg,isic_0060215,4,dabbf7da059a05cfca26ef7752ddcb02fef7b477b688b89a974eb5f05953f716,9710,0
C:\SRS(ISIC_2019)\Dataset\MEL\ISIC_0060218.jpg,isic_0060218,4,3ceec336adca26c00315c9c3a8939cdedb4946fdcd253719d13390c5f2d539e8,9712,0
C:\SRS(ISIC_2019)\Dataset\MEL\ISIC_0060248.jpg,isic_0060248,4,d15bb16b6341607f6085bc4a05e77dfccca0571b95cac90e1026eaa3b220866c,9721,0
C:\SRS(ISIC_2019)\Dataset\MEL\ISIC_0060297.jpg,isic_0060297,4,df0fc0fc16a1c033a59f677a31384916cfe46de1471f10f89f7681d28f4b1bea,9725,0
C:\SRS(ISIC_2019)\Dataset\MEL\ISIC_0060307.jpg,isic_0060307,4,36211a63baa875aea1c42500f9360bf8b1c236bf2994598c2572d2bd7e44f906,9726,0
C:\SRS(ISIC_2019)\Dataset\MEL\ISIC_0060397.jpg,isic_0060397,4,514b4ae3cfc4378f5a00010217df6e3bd4c03a92b7a641e7b8eedf841bab11f4,9742,0
C:\SRS(ISIC_2019)\Dataset\MEL\ISIC_0060510.jpg,isic_0060510,4,ddcaf4122b5a1f97ec0dbc12d8508bdf9dc21fb4c10538e5817e1db043bedb5e,9756,0
C:\SRS(ISIC_2019)\Dataset\MEL\ISIC_0060525.jpg,isic_0060525,4,55e82352d218c03cfdeeb65be4efab05072ece1155387b8765436af5836e7b95,9759,0
C:\SRS(ISIC_2019)\Dataset\MEL\ISIC_0060558.jpg,isic_0060558,4,908064af63033577360fb391a51923607e3c9f17934242913535bd684aa0c484,9763,0
C:\SRS(ISIC_2019)\Dataset\MEL\ISIC_0060559.jpg,isic_0060559,4,e05dc611740f0b63b0d5211103b31687ce3c07a2241ca85304c99f403e01048e,9764,0
C:\SRS(ISIC_2019)\Dataset\MEL\ISIC_0060648.jpg,isic_0060648,4,85650c18c5f9e6e3761cce8bb63c9ac1ee5d05fd4aabc3567df57850b41338c6,9774,0
C:\SRS(ISIC_2019)\Dataset\MEL\ISIC_0060762.jpg,isic_0060762,4,f44cb210eae4ce384eda62dfcb6cebfd303ab25fd740c98722240d94d3e7c9c1,9800,0
C:\SRS(ISIC_2019)\Dataset\MEL\ISIC_0060817.jpg,isic_0060817,4,70be52892eb6531ce0eee056f44502c770def6a952dcfb7726475d933b013ef8,9804,0
C:\SRS(ISIC_2019)\Dataset\MEL\ISIC_0060845.jpg,isic_0060845,4,9fe611d10352573ae1fb4b0085d2c64ec9626a6f3f5a7753dc650e05c8f96dc6,9809,0
C:\SRS(ISIC_2019)\Dataset\MEL\ISIC_0060897.jpg,isic_0060897,4,f28cc45d4e87013dce8ed72333ff2330780a7189fd4b22a97e577e2e4afdafc3,9815,0
C:\SRS(ISIC_2019)\Dataset\MEL\ISIC_0060937.jpg,isic_0060937,4,fb78c297d2a493c5fd332164ccabd09d3b9569cc751ccae5a737e41c8352cf04,9818,0
C:\SRS(ISIC_2019)\Dataset\MEL\ISIC_0060946.jpg,isic_0060946,4,19bf5da7def45e796c58283b8ce6e6cba010af7b0070e16fa26915dc1e8bdf08,9819,0
C:\SRS(ISIC_2019)\Dataset\MEL\ISIC_0060955.jpg,isic_0060955,4,ef1b21fa31aebd0b218e4b284da36dec62a6582892c53bcac4a025340661dca2,9821,0
C:\SRS(ISIC_2019)\Dataset\MEL\ISIC_0060967.jpg,isic_0060967,4,6749ff6abb25fc1506f6dbe0b097b0facb6c0d3a955dc5da026b33058fa75c0f,9823,0
C:\SRS(ISIC_2019)\Dataset\MEL\ISIC_0061052.jpg,isic_0061052,4,c2048e2db45afb17f54f9d39b8a3601e881788a9fada0dd3368821e544f14d70,9841,0
C:\SRS(ISIC_2019)\Dataset\MEL\ISIC_0061077.jpg,isic_0061077,4,989d7b04e3a4941fbdd4840964cb02e932d34f1c2e2566743db71b9c2ad9a314,9846,0
C:\SRS(ISIC_2019)\Dataset\MEL\ISIC_0061104.jpg,isic_0061104,4,bdacd0e5bcc139757f2d9af93a31d2374b04004dcb48624e6f4b95859443c42c,9852,0
C:\SRS(ISIC_2019)\Dataset\MEL\ISIC_0061141.jpg,isic_0061141,4,81520272cc6f60933651637d2a577208d57e97ad19126512f8102a3a420d5858,9860,0
C:\SRS(ISIC_2019)\Dataset\MEL\ISIC_0061183.jpg,isic_0061183,4,815209379860edda0ceb286d5c40e844d9923fd447bdeda0e29d6e1f9e9614b7,9866,0
C:\SRS(ISIC_2019)\Dataset\MEL\ISIC_0061345.jpg,isic_0061345,4,72b7286db62f8e79c89d80d38e1ab18bf45c8ac1405d73ad460b665b28246798,9889,0
C:\SRS(ISIC_2019)\Dataset\MEL\ISIC_0061509.jpg,isic_0061509,4,f53fff6d3b7bc9c1e7164988bbd98872b4b88bdebdd7dc6e7058006500449fc2,9912,0
C:\SRS(ISIC_2019)\Dataset\MEL\ISIC_0061516.jpg,isic_0061516,4,f4ff55dfe12db9708d4e1c1b4495e00f6bb998265419c4acb326bbce8e7e78a6,9913,0
C:\SRS(ISIC_2019)\Dataset\MEL\ISIC_0061520.jpg,isic_0061520,4,0148215f277feeb14d3f57f0a2278e94515011a2204ed473e22c25fec489d46e,9914,0
C:\SRS(ISIC_2019)\Dataset\MEL\ISIC_0061544.jpg,isic_0061544,4,f5daece1a204998545e80b9752127e636da069bd7edf61e6efce7b95476b05de,9918,0
C:\SRS(ISIC_2019)\Dataset\MEL\ISIC_0061554.jpg,isic_0061554,4,21dc66bf72860698ce7d396a767e1a79276b53a4909ebaedae2fb765b42baa51,9921,0
C:\SRS(ISIC_2019)\Dataset\MEL\ISIC_0061559.jpg,isic_0061559,4,b4a6e8131e9e9cc6fa08d801bbeac1455da4dd7c31509af8183371046d0fe337,9923,0
C:\SRS(ISIC_2019)\Dataset\MEL\ISIC_0061581.jpg,isic_0061581,4,eb4404feb36d2151d2c70f94b94ecd64466e040743dd02c58ec2d0f4e02b3560,9927,0
C:\SRS(ISIC_2019)\Dataset\MEL\ISIC_0061647.jpg,isic_0061647,4,1154be4eb5c537a78f32fc9598407f57d23511909ef81d7825f11157fcbed644,9939,0
C:\SRS(ISIC_2019)\Dataset\MEL\ISIC_0061680.jpg,isic_0061680,4,4e1c939908d8c89c6afdbf527f134cbe7ee87353ad0af2882b5a986d0dc6831a,9943,0
C:\SRS(ISIC_2019)\Dataset\MEL\ISIC_0061685.jpg,isic_0061685,4,00b8a6affdd826433a216647f82f59d081bc9d5818959cb81c34a6b343a522ed,9945,0
C:\SRS(ISIC_2019)\Dataset\MEL\ISIC_0061686.jpg,isic_0061686,4,8c6f940930a4928559d52d42a376e9ab963dbef641094984d5aa69cbaca3e64f,9946,0
C:\SRS(ISIC_2019)\Dataset\MEL\ISIC_0061709.jpg,isic_0061709,4,bf846cac5af67b074b2032562ab1fbe12cf054b0824ebb2c5bf42b39a1ce0836,9950,0
C:\SRS(ISIC_2019)\Dataset\MEL\ISIC_0061825.jpg,isic_0061825,4,6fd2bfbca0e102a0fb8a35e51012e6b73e38210a8da1b7c424466e0d34769acb,9965,0
C:\SRS(ISIC_2019)\Dataset\MEL\ISIC_0061831.jpg,isic_0061831,4,7d287a55bd8db2b1fbb23ea69976e69152e6d9588199e2574e5f693b429b7b45,9967,0
C:\SRS(ISIC_2019)\Dataset\MEL\ISIC_0061833.jpg,isic_0061833,4,3bcf89854f2d39d04ca1861bf2d9ffe7744fcf6b94c44922c72eeacb23e80a63,9968,0
C:\SRS(ISIC_2019)\Dataset\MEL\ISIC_0061885.jpg,isic_0061885,4,2afd31f828567cc11a7bd30088b9947b3f8016497e8b5b2125e5fc2c95e1b196,9973,0
C:\SRS(ISIC_2019)\Dataset\MEL\ISIC_0061922.jpg,isic_0061922,4,a9758ce9698981199609670ce8c7f28ae36df41b1f093f67552309e55065c4e3,9980,0
C:\SRS(ISIC_2019)\Dataset\MEL\ISIC_0061926.jpg,isic_0061926,4,51c62712ed3faa5a319223c6c901354feebc1b47636f5992b465cd064e48fe07,9981,0
C:\SRS(ISIC_2019)\Dataset\MEL\ISIC_0061945.jpg,isic_0061945,4,73ba94a4146523769cc2ef78f5b6fa6600ab56b4a3bba1b1294bc3e003ec834e,9986,0
C:\SRS(ISIC_2019)\Dataset\MEL\ISIC_0062087.jpg,isic_0062087,4,d65ec547ab8a3532017e6782041851006677cb453155b6fc12852443b4e8300e,10006,0
C:\SRS(ISIC_2019)\Dataset\MEL\ISIC_0062102.jpg,isic_0062102,4,d92ce1e0e91840d801079da2dc511394eaf5b19801bd499e5593f50b39ec1c10,10009,0
C:\SRS(ISIC_2019)\Dataset\MEL\ISIC_0062111.jpg,isic_0062111,4,f2cc4fcdea6d65d053b02a0be1c50b62a95ee3726ced900b788c19d7535d94ba,10011,0
C:\SRS(ISIC_2019)\Dataset\MEL\ISIC_0062114.jpg,isic_0062114,4,09d9e6af72b8f888077ff0387c73e96a6ae510a093067820d200e59ca06e0fb4,10013,0
C:\SRS(ISIC_2019)\Dataset\MEL\ISIC_0062115.jpg,isic_0062115,4,9bcab2338a64a037039c66957a44248ea227e54b14dd43d4263664482bde415c,10014,0
C:\SRS(ISIC_2019)\Dataset\MEL\ISIC_0062162.jpg,isic_0062162,4,068da36638e098afcd207e0befd5c1ea02b47954b0abb032397b70b2ac9198d2,10023,0
C:\SRS(ISIC_2019)\Dataset\MEL\ISIC_0062301.jpg,isic_0062301,4,d2189b07d59da38d623b494ef80eda95defbb71aeb233128c066abda4ad65a2b,10040,0
C:\SRS(ISIC_2019)\Dataset\MEL\ISIC_0062323.jpg,isic_0062323,4,ecfe6d8ccaeff189252b17e261e15fc239718523ab8d3785c2aad0f3fe0ceb44,10043,0
C:\SRS(ISIC_2019)\Dataset\MEL\ISIC_0062382.jpg,isic_0062382,4,cecbdbcef020cc235944e3553d655f0e43a64ae767e69b562e525e7904add6f3,10050,0
C:\SRS(ISIC_2019)\Dataset\MEL\ISIC_0062401.jpg,isic_0062401,4,cc6f4635a39fd0306541c5195cb8a1a56ee3d5511f5a3768241f1c2900ede329,10052,0
C:\SRS(ISIC_2019)\Dataset\MEL\ISIC_0062468.jpg,isic_0062468,4,de245f90cca447a83ace8d41f1e27da18dae191e646a04d492460e15928bc79c,10064,0
C:\SRS(ISIC_2019)\Dataset\MEL\ISIC_0062474.jpg,isic_0062474,4,aff7871fb7eb94fd52c80aa5b139917966477b3120877e9e3ce66ced1880894e,10066,0
C:\SRS(ISIC_2019)\Dataset\MEL\ISIC_0062523.jpg,isic_0062523,4,46c1cc03da249080f63327820c6221d4d8cbbb258b28705545c3292dbff982c6,10074,0
C:\SRS(ISIC_2019)\Dataset\MEL\ISIC_0062524.jpg,isic_0062524,4,6192bd79a843e748c6d6b37ec1396dd579045fd527e7a0e2c93b7bb8eb12355d,10075,0
C:\SRS(ISIC_2019)\Dataset\MEL\ISIC_0062530.jpg,isic_0062530,4,9211e26085737c06b1f071564b52ce199302fa83b99cdb0fcc08dfa9a08d842e,10077,0
C:\SRS(ISIC_2019)\Dataset\MEL\ISIC_0062536.jpg,isic_0062536,4,00205a2629399c7d85e1aa08350dbc888722e9a6ffa6bcd7fcd4594868f10517,10079,0
C:\SRS(ISIC_2019)\Dataset\MEL\ISIC_0062602.jpg,isic_0062602,4,73fce603dc257d3b78bc2fdec6deba7139f9e3ad6e9695cdebcd80b25adb8170,10085,0
C:\SRS(ISIC_2019)\Dataset\MEL\ISIC_0062674.jpg,isic_0062674,4,a6364e6b77d332f60d23da3f165e053d2f7cc29c96c1f7ad9be9bffa67cf594a,10093,0
C:\SRS(ISIC_2019)\Dataset\MEL\ISIC_0062762.jpg,isic_0062762,4,c2f8598da86bb10ca69ec7dc534df13031754ec15ce3f36a0144b0db0080ba47,10107,0
C:\SRS(ISIC_2019)\Dataset\MEL\ISIC_0062770.jpg,isic_0062770,4,224ad3e97ad72c18700e3f160bba31c7ddece411affb329370a55e985b1e708e,10110,0
C:\SRS(ISIC_2019)\Dataset\MEL\ISIC_0062821.jpg,isic_0062821,4,b389246244767ef6be03d08aace2083755fec84cf5f8d2c352092880139c334d,10115,0
C:\SRS(ISIC_2019)\Dataset\MEL\ISIC_0062844.jpg,isic_0062844,4,7f7595a89a8db5fd62871f1c5d0f022b894b74b6de5d24e06700fd4894d1fc93,10117,0
C:\SRS(ISIC_2019)\Dataset\MEL\ISIC_0062919.jpg,isic_0062919,4,323633ed5001915acd807b17369a258129e928b546368b4a99c5062f3d574ddf,10125,0
C:\SRS(ISIC_2019)\Dataset\MEL\ISIC_0062948.jpg,isic_0062948,4,6ed90e366a48ee7f56b5db96953b7a5955c85575b3ad957cb267ac4caf7714e8,10129,0
C:\SRS(ISIC_2019)\Dataset\MEL\ISIC_0062970.jpg,isic_0062970,4,4803637c7a52edaee682cdd673998660e088e5064b36124aa7c9833ccb53c90e,10131,0
C:\SRS(ISIC_2019)\Dataset\MEL\ISIC_0062983.jpg,isic_0062983,4,05ead71e0b37d218ff6ac90026d6e8d80b170a28ed586e8220bd4c81f7815639,10337,0
C:\SRS(ISIC_2019)\Dataset\MEL\ISIC_0062992.jpg,isic_0062992,4,2fdb6d5b536ca3567e1843884ff35a2d97dd3cda33242e5a3fc762fa3ebd8843,10137,0
C:\SRS(ISIC_2019)\Dataset\MEL\ISIC_0063027.jpg,isic_0063027,4,97de8bddfdecac114b73b396ecb390e039865c04b9f594afb6d464069e2b5ccf,10142,0
C:\SRS(ISIC_2019)\Dataset\MEL\ISIC_0063061.jpg,isic_0063061,4,18aa151774fe6e8faac170fe4ea8c458d1332d5af38aa2f22ff9843a191885d6,10146,0
C:\SRS(ISIC_2019)\Dataset\MEL\ISIC_0063070.jpg,isic_0063070,4,2f0f17666dd52f06dda13ba734170ece7f58f6e17d04d0ade9893c929d3cacc1,10148,0
C:\SRS(ISIC_2019)\Dataset\MEL\ISIC_0063109.jpg,isic_0063109,4,4abbdda66d661467c3bc7c61b771ffaaed4de4a3086d54f42226c76c91e7cb06,10156,0
C:\SRS(ISIC_2019)\Dataset\MEL\ISIC_0063130.jpg,isic_0063130,4,2bba6ab88462fdd70dc2f69bfb0f6f8262610cea9883c9e104eb8042e8a63231,10158,0
C:\SRS(ISIC_2019)\Dataset\MEL\ISIC_0063148.jpg,isic_0063148,4,fcf33833cf9ae3deb446d85d6ffe9a78c5de7feb34c6ded74e05525609e4b187,10163,0
C:\SRS(ISIC_2019)\Dataset\MEL\ISIC_0063157.jpg,isic_0063157,4,0ad7b923d6a85366e4a19064e0e32990ce32e932fcbca5ca3b2f3cdfb815ea07,10166,0
C:\SRS(ISIC_2019)\Dataset\MEL\ISIC_0063164.jpg,isic_0063164,4,d3b4cf798658bd0e032a8bbd7a9743ab401e563fca459f5bbf42109dfe67c7d2,10167,0
C:\SRS(ISIC_2019)\Dataset\MEL\ISIC_0063191.jpg,isic_0063191,4,af7d85acb84efd1984ce15874eca7c1cb659f3851371e06301e4edc579ab01d5,10175,0
C:\SRS(ISIC_2019)\Dataset\MEL\ISIC_0063198.jpg,isic_0063198,4,f9cc8a4eb54cae21ab458397f74712bcbbbcf7f0e2a01b0c45bcfab96fa76e9e,10176,0
C:\SRS(ISIC_2019)\Dataset\MEL\ISIC_0063300.jpg,isic_0063300,4,4c9e7c797c30214e529bd1358e1201c69384fddb81b8104ec92f1d99adb5eae9,10193,0
C:\SRS(ISIC_2019)\Dataset\MEL\ISIC_0063369.jpg,isic_0063369,4,ca9f174caa3040a0f9b1a23c98229b4f44d93182e7c648b41eacc61a7c210914,10200,0
C:\SRS(ISIC_2019)\Dataset\MEL\ISIC_0063425.jpg,isic_0063425,4,150e78fcdfd42a412d530105697d378aa643351860e7c30e2b01d5d19c002b3c,10205,0
C:\SRS(ISIC_2019)\Dataset\MEL\ISIC_0063428.jpg,isic_0063428,4,65daaee93d7c3afac4f0ae5cfc63da4a52fcdddd4228dfee5ff909cf950ba326,10206,0
C:\SRS(ISIC_2019)\Dataset\MEL\ISIC_0063443.jpg,isic_0063443,4,4ebf1a3d1d1ec1d4319494a7b651022e61b494b82f1a59a6e91f0d06b480d872,10207,0
C:\SRS(ISIC_2019)\Dataset\MEL\ISIC_0063457.jpg,isic_0063457,4,8c5d453e5472504420d78a3e6b791eabddf4877659ebcf87e530b47126a77420,10211,0
C:\SRS(ISIC_2019)\Dataset\MEL\ISIC_0063464.jpg,isic_0063464,4,fca3766f49f859c82954350720a3373385929499a09e229c108e3882f273fbbe,10212,0
C:\SRS(ISIC_2019)\Dataset\MEL\ISIC_0063470.jpg,isic_0063470,4,51f16a4077b53ff17cff8f33165ca07c1b4d0fe0cee6041dd28aeb1d80d89032,10214,0
C:\SRS(ISIC_2019)\Dataset\MEL\ISIC_0063492.jpg,isic_0063492,4,a4a9abd4e1667ddbb4baccb9e530d09c98d4d369051f3e68336cbbf6d0027eb4,10216,0
C:\SRS(ISIC_2019)\Dataset\MEL\ISIC_0063496.jpg,isic_0063496,4,227870d2372908c7fee749e4aab801ce08cb2b606344b01c89ead02347125b71,10218,0
C:\SRS(ISIC_2019)\Dataset\MEL\ISIC_0063528.jpg,isic_0063528,4,4c1f66b6a6aa2edab2f6fd7c23d07df9e094bac1d0303bcbfe395f9ae9dcd5db,10220,0
C:\SRS(ISIC_2019)\Dataset\MEL\ISIC_0063537.jpg,isic_0063537,4,aa3bfe0fa94d1ed56ecc92eefa40839d435ce4fe6cc326b6e72adae779d8f5ae,10221,0
C:\SRS(ISIC_2019)\Dataset\MEL\ISIC_0063655.jpg,isic_0063655,4,23a874363bf1120e83cc163d5f17c9e5dde976485c8e3216289f1c2f4525021d,10231,0
C:\SRS(ISIC_2019)\Dataset\MEL\ISIC_0063680.jpg,isic_0063680,4,de13faa5e4c439e424456fe4583a8231e05d84bf1088633b42c926a476037b73,10233,0
C:\SRS(ISIC_2019)\Dataset\MEL\ISIC_0063692.jpg,isic_0063692,4,278e3e91cae58e2d12c6b9e9510ffc26fdf8e3c4fc61a883806c1fd5972c5dfe,10237,0
C:\SRS(ISIC_2019)\Dataset\MEL\ISIC_0063813.jpg,isic_0063813,4,2010e55994d3fa149c25761bf8e6e2e90c39814002b9b959ce464503f0ee3227,10256,0
C:\SRS(ISIC_2019)\Dataset\MEL\ISIC_0063845.jpg,isic_0063845,4,9f8154a30961a1d262394fe615584ef441b2a8538ae30f0fc32057646435d48d,10262,0
C:\SRS(ISIC_2019)\Dataset\MEL\ISIC_0063872.jpg,isic_0063872,4,5543da81b71282ba4bf2177c6db56052c61cf79f195cc7f1d6261342788891e4,10266,0
C:\SRS(ISIC_2019)\Dataset\MEL\ISIC_0063930.jpg,isic_0063930,4,42116635b6695db8d79ad1bceb8319b0327dd22bc42cd01fd508725e89062592,10271,0
C:\SRS(ISIC_2019)\Dataset\MEL\ISIC_0063937.jpg,isic_0063937,4,0d650430e7a4ffa8c7554043234b444ed1290ef58142ec70986dcef98123ddcd,10272,0
C:\SRS(ISIC_2019)\Dataset\MEL\ISIC_0063958.jpg,isic_0063958,4,6af904966ab39dd1c273ca901e7c8aa34df99c8eb6fe04d9be0dcd434afa82d9,10277,0
C:\SRS(ISIC_2019)\Dataset\MEL\ISIC_0063960.jpg,isic_0063960,4,a908052b4b1b35e8047fa10da9776cc3d9567a490ab11170e9e104dddafa40d8,10278,0
C:\SRS(ISIC_2019)\Dataset\MEL\ISIC_0063998.jpg,isic_0063998,4,b95284180ef7bf0290b58377b9eab09a61d3d18c9ec8c0b0595f76e7c0475335,10285,0
C:\SRS(ISIC_2019)\Dataset\MEL\ISIC_0064079.jpg,isic_0064079,4,7046f9384dda5e36c4157e30876dcca207e97be4140247f3d4cbf727388659be,10299,0
C:\SRS(ISIC_2019)\Dataset\MEL\ISIC_0064113.jpg,isic_0064113,4,455b876d1867fe7117c9f092f948b338408ad0522d2639db95e749906d84b3e8,10305,0
C:\SRS(ISIC_2019)\Dataset\MEL\ISIC_0064116.jpg,isic_0064116,4,eb57dd55ee225c8e3d90c7906d6319e71b83ace2dc31d19109494e5b02dcbf5a,10307,0
C:\SRS(ISIC_2019)\Dataset\MEL\ISIC_0064134.jpg,isic_0064134,4,0d70fbfe089b0962fc1f03f468694e68b32d8434ea4102428190fc57f6f4df46,10311,0
C:\SRS(ISIC_2019)\Dataset\MEL\ISIC_0064247.jpg,isic_0064247,4,378d8b1c39f58a53b430c4cb733bf1db94fa305134c5105d1afc635d807a7d66,10324,0
C:\SRS(ISIC_2019)\Dataset\MEL\ISIC_0064298.jpg,isic_0064298,4,95f720b0a840a0f5322a62b5fd7fd2d50a9a0b4d15a51429395e0e8df72f1bc1,10331,0
C:\SRS(ISIC_2019)\Dataset\MEL\ISIC_0064321.jpg,isic_0064321,4,2fe76e03a5b4ea299d84565ee2aad37295a044668162faecd96577d64053dbe3,10334,0
C:\SRS(ISIC_2019)\Dataset\MEL\ISIC_0064328.jpg,isic_0064328,4,1dba2952bf4c754c14444f0a0d8bf1e2f28afb04115337d9ab44a36d16da75d9,10335,0
C:\SRS(ISIC_2019)\Dataset\MEL\ISIC_0064339.jpg,isic_0064339,4,05ead71e0b37d218ff6ac90026d6e8d80b170a28ed586e8220bd4c81f7815639,10337,0
C:\SRS(ISIC_2019)\Dataset\MEL\ISIC_0064416.jpg,isic_0064416,4,504908d4c8abef92c2e0c2bc83a3f29db92757796eac9fa74422878b8dc0c4ad,10348,0
C:\SRS(ISIC_2019)\Dataset\MEL\ISIC_0064448.jpg,isic_0064448,4,247b09f25fac67871bcd0daee0d500f82ddd9419fea1f2cf4f71e54f2e6852b3,10353,0
C:\SRS(ISIC_2019)\Dataset\MEL\ISIC_0064462.jpg,isic_0064462,4,86f280484c611ab4d16d4ebf15a5479eb914ab05c38e75018a64a0d997657385,10355,0
C:\SRS(ISIC_2019)\Dataset\MEL\ISIC_0064463.jpg,isic_0064463,4,43fadd6aef7429547161c71b50e349a6aaefc3ee59b31a43c94edcfb356bc97d,10356,0
C:\SRS(ISIC_2019)\Dataset\MEL\ISIC_0064498.jpg,isic_0064498,4,cf8914ec1107357ae88ca4147a71864b62a8545355aaab851888bf664d2fa61b,10360,0
C:\SRS(ISIC_2019)\Dataset\MEL\ISIC_0064559.jpg,isic_0064559,4,99d9507ff18b68baaa138c46cd268e63cd0835db55e50d18693e9ce61ae61259,10369,0
C:\SRS(ISIC_2019)\Dataset\MEL\ISIC_0064632.jpg,isic_0064632,4,faea3d4a3321aa3f521c6255bde3ed6e5648f865903f369e1dd334a6568402fe,10377,0
C:\SRS(ISIC_2019)\Dataset\MEL\ISIC_0064660.jpg,isic_0064660,4,e455c8449ddcb23610b089f1ca0c9847539a06baa27ead20a1ea2dcff9bc69f9,10381,0
C:\SRS(ISIC_2019)\Dataset\MEL\ISIC_0064672.jpg,isic_0064672,4,6dcfd368a302c7df06962b712302d06df4e9374eddd5b7922375269100fbae1d,10383,0
C:\SRS(ISIC_2019)\Dataset\MEL\ISIC_0064683.jpg,isic_0064683,4,2df29b8ac270a5595783908f85c33a7fe3cc0e5029966cb84ef7e028255d79c5,10386,0
C:\SRS(ISIC_2019)\Dataset\MEL\ISIC_0064759.jpg,isic_0064759,4,77cee385903af57c91df9ab0dcac9134decd32c7598f3a8ece9125ad1ae196ef,10394,0
C:\SRS(ISIC_2019)\Dataset\MEL\ISIC_0064860.jpg,isic_0064860,4,72e2e5c94bf5bb838668d0ea58ca5565f96a5cce110b708cf13212e58ada16ca,10408,0
C:\SRS(ISIC_2019)\Dataset\MEL\ISIC_0064887.jpg,isic_0064887,4,933970c9c85040745b5fe660875300c78cd65ba4e68e6429ad391b0774d0a666,10415,0
C:\SRS(ISIC_2019)\Dataset\MEL\ISIC_0064919.jpg,isic_0064919,4,67f0114213e2dbe2a4c789d9c151e3e8ec65aa32cb6d9976f1984da6eca32031,10420,0
C:\SRS(ISIC_2019)\Dataset\MEL\ISIC_0065029.jpg,isic_0065029,4,e81056694d89f9aa6fe687ebf4beb0f3683e7666a4d310bbd58e6e8f272ad755,10442,0
C:\SRS(ISIC_2019)\Dataset\MEL\ISIC_0065110.jpg,isic_0065110,4,e65cf803cba1eb09a5ad673f6b344cc744764214c353fabf7dc7c80d28bacfab,10452,0
C:\SRS(ISIC_2019)\Dataset\MEL\ISIC_0065180.jpg,isic_0065180,4,9168178ced544c75adc3906497a7b35c8172e00552f0fb9102e9b9548f2080dd,10460,0
C:\SRS(ISIC_2019)\Dataset\MEL\ISIC_0065192.jpg,isic_0065192,4,c6738111dc014e2658016a1656f52a0606cf4e0a359f790480acc4dfab73a761,10464,0
C:\SRS(ISIC_2019)\Dataset\MEL\ISIC_0065210.jpg,isic_0065210,4,e1e65a2d951146d5eb0af1f3fac9adeeb44007033428329bc9f35fe1d474bedb,10467,0
C:\SRS(ISIC_2019)\Dataset\MEL\ISIC_0065218.jpg,isic_0065218,4,68deae8870d98c411566a8aff73f14e1216fce5923c4a52761aa98401a0a032b,10470,0
C:\SRS(ISIC_2019)\Dataset\MEL\ISIC_0065315.jpg,isic_0065315,4,d272edfab56ef26845e324a146c2289d33366c3cd147eca5c5e95a7bfb17c3e7,10483,0
C:\SRS(ISIC_2019)\Dataset\MEL\ISIC_0065367.jpg,isic_0065367,4,476b503431ac0833f9aaaf373162cdb53d56667333f1c05d10a0d69b41171e29,10490,0
C:\SRS(ISIC_2019)\Dataset\MEL\ISIC_0065382.jpg,isic_0065382,4,9e97383342f3567fdaaf066d13fd3718a2c5e4cf096b7a6f82c1ba32ea3b981c,10493,0
C:\SRS(ISIC_2019)\Dataset\MEL\ISIC_0065398.jpg,isic_0065398,4,001ee88e8b3405aeb4b0eb18fba52828e35405e794878579512066750113b78d,10495,0
C:\SRS(ISIC_2019)\Dataset\MEL\ISIC_0065431.jpg,isic_0065431,4,4acd31f3bded09d40ebaeaae2d9055779424ba51dbb3420a6d75c8e17b454083,10500,0
C:\SRS(ISIC_2019)\Dataset\MEL\ISIC_0065449.jpg,isic_0065449,4,fe3daf5a2239371bea66436d91ecd7e75ab19336bb8587d0fe694912196bc630,10503,0
C:\SRS(ISIC_2019)\Dataset\MEL\ISIC_0065518.jpg,isic_0065518,4,831995346ef561df7ebf0e399f500750db6ef59a6e4275aed9bb006ff3424cea,10510,0
C:\SRS(ISIC_2019)\Dataset\MEL\ISIC_0065597.jpg,isic_0065597,4,a60295c321136796ba4598608336f11df056256e3368e47bf55e91832e275800,10522,0
C:\SRS(ISIC_2019)\Dataset\MEL\ISIC_0065928.jpg,isic_0065928,4,fc35a142684d95ae75ff09e443c2f982ea82269d6592a4c86652c64e6f4a9ded,10567,0
C:\SRS(ISIC_2019)\Dataset\MEL\ISIC_0065997.jpg,isic_0065997,4,e7a907893af059d48d1b74708ee7d13cbf90875ce3ff7e6d4c666cfb925ca110,10575,0
C:\SRS(ISIC_2019)\Dataset\MEL\ISIC_0066019.jpg,isic_0066019,4,1601f78df43651a3b77b3becca50e56002b05f395d84cbf7debc71685512a3b0,10577,0
C:\SRS(ISIC_2019)\Dataset\MEL\ISIC_0066114.jpg,isic_0066114,4,be311d900865b4d573ad3d0ef2503188bba687f599612bdd0118f9add30e98a6,10591,0
C:\SRS(ISIC_2019)\Dataset\MEL\ISIC_0066204.jpg,isic_0066204,4,946761941f5586bf976e9d85a5c4c910c73e879bfdd0ce39f86fdfd490670979,10604,0
C:\SRS(ISIC_2019)\Dataset\MEL\ISIC_0066213.jpg,isic_0066213,4,3ebcf2745d9e6cee54ed9347f26697fe071a94f7669c7117dbed45c9c95e2243,10606,0
C:\SRS(ISIC_2019)\Dataset\MEL\ISIC_0066332.jpg,isic_0066332,4,ea6f3c0d6e92d9d9d5ebc30c2198e9224242a17ceac641473212764356448e91,10617,0
C:\SRS(ISIC_2019)\Dataset\MEL\ISIC_0066338.jpg,isic_0066338,4,727c4414ddbe94b192a4dbb18d4cfe182ea9a966d489ccce3f2f895325826536,10619,0
C:\SRS(ISIC_2019)\Dataset\MEL\ISIC_0066358.jpg,isic_0066358,4,d82d8d80ff78e1f89a55a53e778a5e52b9f57cf66ef21014547b6a7ff5586d11,10624,0
C:\SRS(ISIC_2019)\Dataset\MEL\ISIC_0066359.jpg,isic_0066359,4,98cda0074a28504840f5dc4a3ca7111686f38a7edf8041cc4a04ff4f3957add0,10625,0
C:\SRS(ISIC_2019)\Dataset\MEL\ISIC_0066376.jpg,isic_0066376,4,ea0ea52d37adc2a6d3974ce3800e5f47a98873513e7dcfd4d9575c31e49bff42,10627,0
C:\SRS(ISIC_2019)\Dataset\MEL\ISIC_0066403.jpg,isic_0066403,4,8ce6282d7f27c428bf147e7998d692f475a041209d2dc66cd51fb7bcd121f3ac,10636,0
C:\SRS(ISIC_2019)\Dataset\MEL\ISIC_0066404.jpg,isic_0066404,4,c19658868fbd592d8139cafc98098f273f6bb9b743f6a31c4e9296f6402c0f00,10637,0
C:\SRS(ISIC_2019)\Dataset\MEL\ISIC_0066421.jpg,isic_0066421,4,e47edaeff078cd6309e84bb0d4eed81711cb8509585b9d35deb2ef5ee239f01a,10641,0
C:\SRS(ISIC_2019)\Dataset\MEL\ISIC_0066426.jpg,isic_0066426,4,4a01fdece676b023080557454113ac7a835f10905e17a7c3fbf78034acf7b039,10644,0
C:\SRS(ISIC_2019)\Dataset\MEL\ISIC_0066476.jpg,isic_0066476,4,4a61eba9425a62a2928af179d418bbbb3e9a9deb8b81cb21d019a79981e6a998,10649,0
C:\SRS(ISIC_2019)\Dataset\MEL\ISIC_0066483.jpg,isic_0066483,4,d3b00d09a3b22d80e494a935f8d43d2062c9323f5815bcedf4e47b61464175b0,10651,0
C:\SRS(ISIC_2019)\Dataset\MEL\ISIC_0066497.jpg,isic_0066497,4,f6714b70ca3070da8f862438ec775a0b32f71f9ef2b565e4ef1867a2e16d5e38,10653,0
C:\SRS(ISIC_2019)\Dataset\MEL\ISIC_0066505.jpg,isic_0066505,4,1f840abc62331b7eed90160a7c5915609dc5264cb347efd875e11bd64d387470,10655,0
C:\SRS(ISIC_2019)\Dataset\MEL\ISIC_0066519.jpg,isic_0066519,4,187ec106199aecb99dda2fb66255bb9487d5e08e13fdec3d99b6b8fd81c2c240,10658,0
C:\SRS(ISIC_2019)\Dataset\MEL\ISIC_0066564.jpg,isic_0066564,4,dbf29d5600b40a9205b4a6286d6f005098c3bcd57a1088f58e8e9a14a6da4228,10662,0
C:\SRS(ISIC_2019)\Dataset\MEL\ISIC_0066626.jpg,isic_0066626,4,aec7560d029636920f9e0111f2b5d741b412786125626569572e444cc97ea8f0,10670,0
C:\SRS(ISIC_2019)\Dataset\MEL\ISIC_0066637.jpg,isic_0066637,4,c7264c5d4058c5618abc4a2a7bca03155ee49b52fcfec0ddd9e01106a7237595,10673,0
C:\SRS(ISIC_2019)\Dataset\MEL\ISIC_0066733.jpg,isic_0066733,4,0c2476de8ddd59e7e68c3d03bb7eae01e2853a2806a1c74e16bed43a22e77ad6,10683,0
C:\SRS(ISIC_2019)\Dataset\MEL\ISIC_0067109.jpg,isic_0067109,4,43154decdb2ef5c77a7f8aac798995f0ae70c0c4b935f036a0545eee879bd091,10719,0
C:\SRS(ISIC_2019)\Dataset\MEL\ISIC_0067151.jpg,isic_0067151,4,b2c68763cc49c66b672630956f341e272dcfa8a1e4ad18a944dd8b4c99e82735,10725,0
C:\SRS(ISIC_2019)\Dataset\MEL\ISIC_0067160.jpg,isic_0067160,4,403521ffaffea2496e5c9a6339b523462152a2480305103f42ca4a316761ebd6,10727,0
C:\SRS(ISIC_2019)\Dataset\MEL\ISIC_0067205.jpg,isic_0067205,4,124e6b0791f1073234aa2487777dca299958bfd9b11101f1faf251ee15c2129f,10733,0
C:\SRS(ISIC_2019)\Dataset\MEL\ISIC_0067208.jpg,isic_0067208,4,273d48ba3ddb5610adc498075e1a19ff7266750522f10106725cedf5e8bb6abb,10735,0
C:\SRS(ISIC_2019)\Dataset\MEL\ISIC_0067276.jpg,isic_0067276,4,c1bd99dd33f774bfe998461cd967725998fece3d73f229cc3f8d16634d1315c1,10744,0
C:\SRS(ISIC_2019)\Dataset\MEL\ISIC_0067307.jpg,isic_0067307,4,d2923c87042aaf3782c633865939bd3147666c855838a61813456354a5083fa4,10748,0
C:\SRS(ISIC_2019)\Dataset\MEL\ISIC_0067335.jpg,isic_0067335,4,e115eb9582a40c48b627001110e3bfa1e14c3b6af76d39a813ce7c5f039eee18,10754,0
C:\SRS(ISIC_2019)\Dataset\MEL\ISIC_0067395.jpg,isic_0067395,4,e16351bf71a387eb86def7d12689acb94d42f01dfb39beacbbb9abbff20a7f1c,10759,0
C:\SRS(ISIC_2019)\Dataset\MEL\ISIC_0067513.jpg,isic_0067513,4,8160c2b95619938998ada5749df8b6ecc2aa1f6859977471ca255d0804a47735,10776,0
C:\SRS(ISIC_2019)\Dataset\MEL\ISIC_0067565.jpg,isic_0067565,4,22e4e2e8b2e50e2ddaf6140627ef39ed2bf09813339042b1fd04da05af4b221d,10784,0
C:\SRS(ISIC_2019)\Dataset\MEL\ISIC_0067628.jpg,isic_0067628,4,8a0293ebaf038f595749d1d57cc02eb2a2911b1899c7ff3b21e55ca83d22836e,10793,0
C:\SRS(ISIC_2019)\Dataset\MEL\ISIC_0067655.jpg,isic_0067655,4,a2e0b186bce257ae80d599e3f32ccfc64c19bd8b303022ee7dfe953a6f2dbef9,10795,0
C:\SRS(ISIC_2019)\Dataset\MEL\ISIC_0067667.jpg,isic_0067667,4,4134baacea97685f871c853d80062f512200d7c782b4bd338eedf0252440d453,10797,0
C:\SRS(ISIC_2019)\Dataset\MEL\ISIC_0067694.jpg,isic_0067694,4,f2822bc6a538c86c9b94676e68f5de90c8fa37568f7b6b6ed1e3e3ba194bbad2,10799,0
C:\SRS(ISIC_2019)\Dataset\MEL\ISIC_0067733.jpg,isic_0067733,4,812f160a557fa8b636debfd057db7d3f0a52ef2b729b55f10479e30f844effb3,10806,0
C:\SRS(ISIC_2019)\Dataset\MEL\ISIC_0067747.jpg,isic_0067747,4,47ef95e442d79c18e2d9143a91d99534243e080aeeabfc2a5725b641c72b529f,10808,0
C:\SRS(ISIC_2019)\Dataset\MEL\ISIC_0067776.jpg,isic_0067776,4,17d6606327be0bf0cc43464d520947025a4500c5363cd3d96aa759b438430585,10813,0
C:\SRS(ISIC_2019)\Dataset\MEL\ISIC_0067808.jpg,isic_0067808,4,04899fbc9f53d5ec1780866aa42aff4c2fd9929988b609327d21ceb3465c2723,10818,0
C:\SRS(ISIC_2019)\Dataset\MEL\ISIC_0067830.jpg,isic_0067830,4,f3e28d5a38d878fe2b1644b7f80dfb40787ee01d67202ebabe1d0cb93518e290,10821,0
C:\SRS(ISIC_2019)\Dataset\MEL\ISIC_0067843.jpg,isic_0067843,4,a731c190b779f73a4b0f6b97f9c2349cf9238abd17f9beb32fe78a92bffe839b,10824,0
C:\SRS(ISIC_2019)\Dataset\MEL\ISIC_0067934.jpg,isic_0067934,4,f790802cc42ca59dec72d4a8cb94e6d1b4e6374d6bed7b7d4d75fb262b5c68ae,10838,0
C:\SRS(ISIC_2019)\Dataset\MEL\ISIC_0067969.jpg,isic_0067969,4,9960a690d75aee648884a2a4b0ee890680518bd1ea94125285621db19759f1fc,10843,0
C:\SRS(ISIC_2019)\Dataset\MEL\ISIC_0067979.jpg,isic_0067979,4,d22b0ee94c89ab46b1c80625ca9f9a4e4f820a601c8c8849b16405e6485d998b,10845,0
C:\SRS(ISIC_2019)\Dataset\MEL\ISIC_0068011.jpg,isic_0068011,4,e58a2430302a98f0d884b0c65ab19a7d4cb7933c42962df8e64afd9aa1ef0b29,10849,0
C:\SRS(ISIC_2019)\Dataset\MEL\ISIC_0068064.jpg,isic_0068064,4,a4453c11ca1d41f55865b1703389bca66bd046dd35be57bfdbf444fd43f3c912,10856,0
C:\SRS(ISIC_2019)\Dataset\MEL\ISIC_0068164.jpg,isic_0068164,4,0ca95cd0ddb074487b5795e685698dab12cadf46d13016a3dc5e5ad874ae22e5,10873,0
C:\SRS(ISIC_2019)\Dataset\MEL\ISIC_0068176.jpg,isic_0068176,4,d9fb4881d2d0a1b975cb0072f3c8546c3a20e7a3484ca7281226cd535bdb73f2,10875,0
C:\SRS(ISIC_2019)\Dataset\MEL\ISIC_0068178.jpg,isic_0068178,4,c1afdd0a12655fc8d423ab6414912001a8a05789eae7b27668b01614dd45e91d,10876,0
C:\SRS(ISIC_2019)\Dataset\MEL\ISIC_0068209.jpg,isic_0068209,4,94fa0563059ee38fbcd4cb9ec59dbce414a5efc8f0ac2d1a9b366c59b6ff188c,10879,0
C:\SRS(ISIC_2019)\Dataset\MEL\ISIC_0068234.jpg,isic_0068234,4,4efcc61bc5084abd1a02ae8f728aaf53e5c03224491a0b886bb89d2903ae954d,10884,0
C:\SRS(ISIC_2019)\Dataset\MEL\ISIC_0068239.jpg,isic_0068239,4,464b537ddc43f91a091440b6a2288509b2a48c6d37869720466b6158a1e4619e,10885,0
C:\SRS(ISIC_2019)\Dataset\MEL\ISIC_0068255.jpg,isic_0068255,4,a0e40b0f7acb135b52a5307b558b3db344561558a81e68d682bd084a399a57f1,10887,0
C:\SRS(ISIC_2019)\Dataset\MEL\ISIC_0068294.jpg,isic_0068294,4,c188c1741305ec5c59f07a658c9bc221993b7355eb566fed4d873f9358382563,10893,0
C:\SRS(ISIC_2019)\Dataset\MEL\ISIC_0068385.jpg,isic_0068385,4,b9788abf1a47685a0e2b146686792d1ba0283e32060cd36df5f7d9a93e5ad6c5,10906,0
C:\SRS(ISIC_2019)\Dataset\MEL\ISIC_0068407.jpg,isic_0068407,4,3b64b16f111f7832ca912b84929b40b2f0913ffa1873b4e8c7bd18c1b28ea9d7,10911,0
C:\SRS(ISIC_2019)\Dataset\MEL\ISIC_0068495.jpg,isic_0068495,4,a92917c823153e77a0b8fd88c42803137cc863509e0d62228bbeb86069e95fd5,10918,0
C:\SRS(ISIC_2019)\Dataset\MEL\ISIC_0068527.jpg,isic_0068527,4,75df108dea3aa273f8eba6450824cfce3b46bf8ac23945c3f6126525a9b1774e,10920,0
C:\SRS(ISIC_2019)\Dataset\MEL\ISIC_0068528.jpg,isic_0068528,4,66da8ef274213caa4727e5040d5a7413f43a692e3a2015ab939880f5efb8c69f,10921,0
C:\SRS(ISIC_2019)\Dataset\MEL\ISIC_0068555.jpg,isic_0068555,4,7eddd7d9c6e1d2c4bf5539cc17d06f2c57cdff74ea92d34f5f530050e03a2388,10925,0
C:\SRS(ISIC_2019)\Dataset\MEL\ISIC_0068576.jpg,isic_0068576,4,b528a6c59757699b0be413bd4b20f7720f4fb35bc35513fd938e192f4d7b5459,10927,0
C:\SRS(ISIC_2019)\Dataset\MEL\ISIC_0068617.jpg,isic_0068617,4,108617e5c342218bdc17b51b7ff18983397c9afd649b91f90a1e1cf0cbe685e4,10936,0
C:\SRS(ISIC_2019)\Dataset\MEL\ISIC_0068628.jpg,isic_0068628,4,dce080f83c039b7519c55b38ca36b9d9da15fef689c8ff9a40a76c3405aae3fe,10938,0
C:\SRS(ISIC_2019)\Dataset\MEL\ISIC_0068629.jpg,isic_0068629,4,792c1efe3fcbb1a8d74c4f516461c75eb4783d892750666e3ceb7b4941cb4171,10939,0
C:\SRS(ISIC_2019)\Dataset\MEL\ISIC_0068646.jpg,isic_0068646,4,ffa1ee870c5161e4c6044860262451fce493e81b8f4d92604cc3ef4440db1f1d,10941,0
C:\SRS(ISIC_2019)\Dataset\MEL\ISIC_0068673.jpg,isic_0068673,4,443e8fc4bcc8cb8984bd86e1ab8db2a37122ffb9323a1fd742af58b819cae69c,10942,0
C:\SRS(ISIC_2019)\Dataset\MEL\ISIC_0068763.jpg,isic_0068763,4,b5d993acdb1014e11586c2fcc7ca6b27fc9fd03fa1d7b22b6afe8218f120fbaa,10956,0
C:\SRS(ISIC_2019)\Dataset\MEL\ISIC_0068768.jpg,isic_0068768,4,212f7ec8ecf1d2b5b5cb6f1bb843bcbb723187791d936b33ce51a219eb7c921a,10958,0
C:\SRS(ISIC_2019)\Dataset\MEL\ISIC_0068800.jpg,isic_0068800,4,12a7fc52d00119bd53b07a03901a7f37e89065670f377b75e43f75f854e5906c,10964,0
C:\SRS(ISIC_2019)\Dataset\MEL\ISIC_0068817.jpg,isic_0068817,4,7a0f0c69d64ca6f1259cb6adc1ba3220da03b3faaffdad1784c535a990cbd408,10966,0
C:\SRS(ISIC_2019)\Dataset\MEL\ISIC_0068818.jpg,isic_0068818,4,f77288a06cbbbaafe53e5bcd07b07b8c3956f3727e145d8c511877b2f5033778,10967,0
C:\SRS(ISIC_2019)\Dataset\MEL\ISIC_0068900.jpg,isic_0068900,4,e8bc5aecf51c24b029d44a92781ebfa21027c2180a4d1146bd97d80156ab7633,10979,0
C:\SRS(ISIC_2019)\Dataset\MEL\ISIC_0068931.jpg,isic_0068931,4,14dbbad4b0112670a4cc92509629bac355a57149bec8783bdea2cf66d23307c4,10986,0
C:\SRS(ISIC_2019)\Dataset\MEL\ISIC_0068932.jpg,isic_0068932,4,f07865c02c670b699d989478f4a6845147fe858be8d9d64cc3da9a9f2e2d5dcf,10987,0
C:\SRS(ISIC_2019)\Dataset\MEL\ISIC_0068961.jpg,isic_0068961,4,a6108d82b912d0858d20a6cb0f0d3aa405ae6083b9e6dd2953b01c1712422131,10991,0
C:\SRS(ISIC_2019)\Dataset\MEL\ISIC_0069003.jpg,isic_0069003,4,f0448587e7bf7cd4daf5930a2d1c71dee5694904c9db147ae694ce91dc7e0a85,10997,0
C:\SRS(ISIC_2019)\Dataset\MEL\ISIC_0069098.jpg,isic_0069098,4,604e1d1369b107deb117627ba440da241ba4ca46aa7731deab513efdf761e474,11010,0
C:\SRS(ISIC_2019)\Dataset\MEL\ISIC_0069260.jpg,isic_0069260,4,f7b9f63198a411d9d4810c0fbae4304223f57dde754190834467ca941754b1d5,11029,0
C:\SRS(ISIC_2019)\Dataset\MEL\ISIC_0069277.jpg,isic_0069277,4,a761e89d1289ca83c9d4d4555f34c2360474ab54a3aaa0d17a06f0530ff49775,11035,0
C:\SRS(ISIC_2019)\Dataset\MEL\ISIC_0069373.jpg,isic_0069373,4,3cde32de538a061f05db1994ff8bbdfcd27026e197d34166b091b6f7cc0696ee,11042,0
C:\SRS(ISIC_2019)\Dataset\MEL\ISIC_0069410.jpg,isic_0069410,4,79b464e747bfc096fe440b6a7c26a8b4259fd92143e916fd9cc3b5e5b26e5a46,11050,0
C:\SRS(ISIC_2019)\Dataset\MEL\ISIC_0069591.jpg,isic_0069591,4,f7dd6ae83fb1ce0ff105294548003d57a519248139f9228f928c0a191f5d6764,11069,0
C:\SRS(ISIC_2019)\Dataset\MEL\ISIC_0069595.jpg,isic_0069595,4,249a5ce249eb71a4e05c2b75292348c9086100319f3872572dcdb8b60f4907d0,11072,0
C:\SRS(ISIC_2019)\Dataset\MEL\ISIC_0069638.jpg,isic_0069638,4,a1a935cd83557d2ee516b8e1cf74ac279a80823627ee6266cbf9fb39d74d53d8,11079,0
C:\SRS(ISIC_2019)\Dataset\MEL\ISIC_0069736.jpg,isic_0069736,4,21c51f053c958787b2399b8b6dd822ed12c3e3e0ca13ed15060130d59dc19f3f,11087,0
C:\SRS(ISIC_2019)\Dataset\MEL\ISIC_0069743.jpg,isic_0069743,4,22c187334bf2476a6209a427c9cccc7b9bd923fa79ed3cf3a248b201f4174cab,11088,0
C:\SRS(ISIC_2019)\Dataset\MEL\ISIC_0069920.jpg,isic_0069920,4,36c301d86455360463d714f271b188c1f759c1282f824d8426f1d8f23824ac64,11103,0
C:\SRS(ISIC_2019)\Dataset\MEL\ISIC_0069995.jpg,isic_0069995,4,25705a7ecb959712138038b7aa83835ffed729a683b1dc76a68adb3b06cda4e4,11116,0
C:\SRS(ISIC_2019)\Dataset\MEL\ISIC_0070009.jpg,isic_0070009,4,c28e70abf5d2331639633e949bead0ab72ad15e9cadf62839528d9a6e339cde4,11118,0
C:\SRS(ISIC_2019)\Dataset\MEL\ISIC_0070018.jpg,isic_0070018,4,bc885e9ed570d5ffb177b9c9538247cd2627506d0208529e235fc898f4105113,11121,0
C:\SRS(ISIC_2019)\Dataset\MEL\ISIC_0070032.jpg,isic_0070032,4,a4e2a00be13a7068a97f620b1a5ca81cf70ff8a2316f611daa34081dafb97ba0,11123,0
C:\SRS(ISIC_2019)\Dataset\MEL\ISIC_0070050.jpg,isic_0070050,4,5a4251db844b43d749316e3ac33a842e4ab1c5d267c93cc53d163cba6ad866cf,11125,0
C:\SRS(ISIC_2019)\Dataset\MEL\ISIC_0070065.jpg,isic_0070065,4,fc0c8fdb1127adb8458c9cb3a0987042f3924003daa8263056af3a8acbc65a42,11128,0
C:\SRS(ISIC_2019)\Dataset\MEL\ISIC_0070118.jpg,isic_0070118,4,18b330112fbc362c9a3c9aeac91148a73d1242b59c2251aea98aeaa8594da7a6,11137,0
C:\SRS(ISIC_2019)\Dataset\MEL\ISIC_0070140.jpg,isic_0070140,4,c8913a043207bd174cbd71b49965f94861da75e9d23c5db4d1ea9b865f31e2a7,11142,0
C:\SRS(ISIC_2019)\Dataset\MEL\ISIC_0070149.jpg,isic_0070149,4,faf1bbab9f04fe8ebfc348cbee9cd133619a4c54c129dec00088525f4d662cb1,11143,0
C:\SRS(ISIC_2019)\Dataset\MEL\ISIC_0070163.jpg,isic_0070163,4,cf66e4428b999bbb712b69efa4d1ffe440f3b4fa816a0590100c5503fd7b6ace,11145,0
C:\SRS(ISIC_2019)\Dataset\MEL\ISIC_0070217.jpg,isic_0070217,4,bf32ee740a63553733c04fe6618fbd8319438eb74e1a45df3d6a234a4bbd7919,11151,0
C:\SRS(ISIC_2019)\Dataset\MEL\ISIC_0070248.jpg,isic_0070248,4,d509e539464a60656f18edc33758dc37e5e1561b1f6c585070e880169bf8d670,11156,0
C:\SRS(ISIC_2019)\Dataset\MEL\ISIC_0070372.jpg,isic_0070372,4,cb1705bef6038314e2b8aa169349989b87a0d7aa305e4f1eee60b7acb6c81105,11174,0
C:\SRS(ISIC_2019)\Dataset\MEL\ISIC_0070400.jpg,isic_0070400,4,0d7afcd30d559a8cf4af4c384dc204e535c22d2943c428712b5d8e666cf218c5,11179,0
C:\SRS(ISIC_2019)\Dataset\MEL\ISIC_0070422.jpg,isic_0070422,4,0e5589a1e7179dfeabc4e14d25e9dcf81af316078452c02aee83eed225783d77,11185,0
C:\SRS(ISIC_2019)\Dataset\MEL\ISIC_0070516.jpg,isic_0070516,4,7ccaf124822d6e436a69e5249af81f4d97c5da6ceaab5424dfbf1ca04d2301f7,11195,0
C:\SRS(ISIC_2019)\Dataset\MEL\ISIC_0070521.jpg,isic_0070521,4,b91e777f09d4463fdfde584cb0655267644436524ddb910a3b4573363d9815b4,11196,0
C:\SRS(ISIC_2019)\Dataset\MEL\ISIC_0070566.jpg,isic_0070566,4,1755ffe983444d9e9457fc638932b678c280be284c845a6acf7a63c296b49830,11201,0
C:\SRS(ISIC_2019)\Dataset\MEL\ISIC_0070588.jpg,isic_0070588,4,761acc98e6f202682b42aada11f3be627e59603583690c689341a203d5540d45,11204,0
C:\SRS(ISIC_2019)\Dataset\MEL\ISIC_0070596.jpg,isic_0070596,4,d815be207cb94daea31a40bef09961a3b422ac46356e7924da5d85e5fd83bbc4,11206,0
C:\SRS(ISIC_2019)\Dataset\MEL\ISIC_0070601.jpg,isic_0070601,4,d099d517c12630cd2f47d791ada78d8a1a02b49834bd7e7abd9d4ea9b3fd8a8e,11207,0
C:\SRS(ISIC_2019)\Dataset\MEL\ISIC_0070614.jpg,isic_0070614,4,6a44cadad33f9540808ec2a8a9210f7bfe45fde2aece619e2114214ea9a7e31e,11209,0
C:\SRS(ISIC_2019)\Dataset\MEL\ISIC_0070629.jpg,isic_0070629,4,908b18fb570b268640f6cdcea2cd0422c59fbf33690b81cee56d60eeb26674ab,11211,0
C:\SRS(ISIC_2019)\Dataset\MEL\ISIC_0070689.jpg,isic_0070689,4,07a97f8119bf37716da31d6e5478921783156518bca933131600e35c05002df4,11214,0
C:\SRS(ISIC_2019)\Dataset\MEL\ISIC_0070709.jpg,isic_0070709,4,2ae8d6d3253df97ee22751ece141454c0f4163a8a00ca8bd160d9678cda74ec0,11215,0
C:\SRS(ISIC_2019)\Dataset\MEL\ISIC_0070743.jpg,isic_0070743,4,fff78aec5712e58c50cf70f8938c4e863f460fdf06ab71c56a15e8026409c4d8,11221,0
C:\SRS(ISIC_2019)\Dataset\MEL\ISIC_0070752.jpg,isic_0070752,4,cfa54de525a58bd63d4b42ddd4ad9de00958ccde9585b49a649655d7cf249be4,11223,0
C:\SRS(ISIC_2019)\Dataset\MEL\ISIC_0070784.jpg,isic_0070784,4,91281aadd9dd1458d8350024dc4cd86a0cf1b78a5ebfe6e9b60c32197c308d65,11226,0
C:\SRS(ISIC_2019)\Dataset\MEL\ISIC_0070846.jpg,isic_0070846,4,247e827c67239500aa7eb9908c13a1762a2b7902f533509fceed844f8bad99ad,11235,0
C:\SRS(ISIC_2019)\Dataset\MEL\ISIC_0070852.jpg,isic_0070852,4,488f94172a5c319c25af2ceb96a0ea11f829fbdcddbd55748683f2884dbd6777,11236,0
C:\SRS(ISIC_2019)\Dataset\MEL\ISIC_0070940.jpg,isic_0070940,4,6bbf8b2cd81dcb5979b82be544641d29881fcffdc4a94412a62a6d350f5f8f14,11246,0
C:\SRS(ISIC_2019)\Dataset\MEL\ISIC_0070956.jpg,isic_0070956,4,5f930074cfce2c78190d03380f7bf693d97b6ac0de5c4025e24c30553c0ebad2,11247,0
C:\SRS(ISIC_2019)\Dataset\MEL\ISIC_0070961.jpg,isic_0070961,4,c2d12aa7b366b46d5b1fd112ea8fe70ac7204a381077a2a1a19f66771f5101ab,11249,0
C:\SRS(ISIC_2019)\Dataset\MEL\ISIC_0070998.jpg,isic_0070998,4,aa89a683c5ba3876fbc6caa72e863d836b7bbc271b8dd1e058105ea7c4b598f8,11257,0
C:\SRS(ISIC_2019)\Dataset\MEL\ISIC_0071050.jpg,isic_0071050,4,3e0f5fe139e238dd154bbeecaded37d5315d796b0fb5711b9c06db2c547b8941,11265,0
C:\SRS(ISIC_2019)\Dataset\MEL\ISIC_0071132.jpg,isic_0071132,4,0fff41554ba1ba9db333d23280061a52f9ad4d0c4f81243c8c21679fe882b12d,11273,0
C:\SRS(ISIC_2019)\Dataset\MEL\ISIC_0071134.jpg,isic_0071134,4,fec49f702541fda4d6b1b2450ae7871c4b3de30d00080e92c4fd2fd25c61c921,11275,0
C:\SRS(ISIC_2019)\Dataset\MEL\ISIC_0071138.jpg,isic_0071138,4,f464556ee1cd666da0c3caa8bc60a3e0d00aea2f5c975b4b8402c204f4870d19,11276,0
C:\SRS(ISIC_2019)\Dataset\MEL\ISIC_0071258.jpg,isic_0071258,4,7fb374c0fcc3c08df1f1eda1a6db89230f9154c88c5eb1fb86f9f6d121e3f689,11290,0
C:\SRS(ISIC_2019)\Dataset\MEL\ISIC_0071314.jpg,isic_0071314,4,e1954398b1838df2b58d7716d5aa8eda881df8c23c26a2eae5d657f5812ace63,11293,0
C:\SRS(ISIC_2019)\Dataset\MEL\ISIC_0071315.jpg,isic_0071315,4,26a280eb87b03e368998993bb5fccd0aeaa508484aa56c6a5a83cfaf63422dd2,11294,0
C:\SRS(ISIC_2019)\Dataset\MEL\ISIC_0071367.jpg,isic_0071367,4,33472470163db6c4fc997fa0d0ac908efa575aa61095c8b1ab2dda73c99ac214,11301,0
C:\SRS(ISIC_2019)\Dataset\MEL\ISIC_0071458.jpg,isic_0071458,4,bf2f6dea2b3bbf13265da54963d2d2cddc9bc736e91ed80b56fee89295087d1e,11311,0
C:\SRS(ISIC_2019)\Dataset\MEL\ISIC_0071492.jpg,isic_0071492,4,1696ffd936cf48aaad6ff090f57fa534ea9ab9631560fe5d9a1d667a9629eeaf,11314,0
C:\SRS(ISIC_2019)\Dataset\MEL\ISIC_0071580.jpg,isic_0071580,4,645e73d40df6864b413c3961ece86fe267dcdb7115bccc79cd1987b1376889d7,11326,0
C:\SRS(ISIC_2019)\Dataset\MEL\ISIC_0071586.jpg,isic_0071586,4,b4d55290d6ea1f976fd11e4399233d5d7712859bcf72d1f8b4ccb8d0b65070f2,11328,0
C:\SRS(ISIC_2019)\Dataset\MEL\ISIC_0071699.jpg,isic_0071699,4,29cdd4644d6b374fe51ba7bd5e8b3829cf72d4bd2034cbd2d29357c307833f63,11342,0
C:\SRS(ISIC_2019)\Dataset\MEL\ISIC_0071706.jpg,isic_0071706,4,df5921774a0dbab054ab20985a7e40de664b3af21403f5b16147021b2e435ab0,11344,0
C:\SRS(ISIC_2019)\Dataset\MEL\ISIC_0071710.jpg,isic_0071710,4,ff2acdfaa52aff9754f4a1fe32d7cb828e849bfa8373ac3d35de3d713203f43f,11346,0
C:\SRS(ISIC_2019)\Dataset\MEL\ISIC_0071778.jpg,isic_0071778,4,e1cc332d101c6b8e5748efb0b1ba078267a5922b7b4a39bdfc4fcb83b5ecd928,11360,0
C:\SRS(ISIC_2019)\Dataset\MEL\ISIC_0071800.jpg,isic_0071800,4,d4fb38c895102482c3ac48492597e79883f71d4df73c0d45067f12880b18bc9c,11365,0
C:\SRS(ISIC_2019)\Dataset\MEL\ISIC_0071806.jpg,isic_0071806,4,21abf61b6fcc57587bca0c3994d36b3adc6ea29edc530744e5fa0fe2edca64c0,11366,0
C:\SRS(ISIC_2019)\Dataset\MEL\ISIC_0071834.jpg,isic_0071834,4,d9726d7acc4fd51189ee6cf8fcfd88cab3fbd238748a1e23a1541bd7884287f3,11371,0
C:\SRS(ISIC_2019)\Dataset\MEL\ISIC_0071931.jpg,isic_0071931,4,fda07b253796b2fe1b207e9fb673eb5b833a02fb2494199d0de01e5810f18d7a,11384,0
C:\SRS(ISIC_2019)\Dataset\MEL\ISIC_0071950.jpg,isic_0071950,4,6877f556e70db81395283805ce82b6c030926cbb14eda3e758b980b576f7c5a3,11386,0
C:\SRS(ISIC_2019)\Dataset\MEL\ISIC_0071959.jpg,isic_0071959,4,d07aec1589abb9507389ee705166da9e2e8948ffdf4a3ec53647d71985d960dc,11389,0
C:\SRS(ISIC_2019)\Dataset\MEL\ISIC_0072025.jpg,isic_0072025,4,090c359147213784b34fc64f688321c663a4b9d3a8c905106fea61a2799b07df,11400,0
C:\SRS(ISIC_2019)\Dataset\MEL\ISIC_0072030.jpg,isic_0072030,4,d9a012fcd80342d01c800ea60b3a3ca591546b0209146c6e8173db1cbe839268,11401,0
C:\SRS(ISIC_2019)\Dataset\MEL\ISIC_0072041.jpg,isic_0072041,4,841a874cebc5494480aa647221b158ccb3af7184353bad8521882816043c23f4,11402,0
C:\SRS(ISIC_2019)\Dataset\MEL\ISIC_0072063.jpg,isic_0072063,4,b7a276ac128544ff3c5a65a089abed7217b7970453d982ffa8d899a49bb8aca1,11405,0
C:\SRS(ISIC_2019)\Dataset\MEL\ISIC_0072101.jpg,isic_0072101,4,90e97330dbd9fe2e99b569149a2ee984dcfc0bda904b18b962acac646d50b6ae,11411,0
C:\SRS(ISIC_2019)\Dataset\MEL\ISIC_0072111.jpg,isic_0072111,4,18024bfc735cc4d522470525819d6e1d1f61fa96f2be4bc550746ea386aaae8c,11414,0
C:\SRS(ISIC_2019)\Dataset\MEL\ISIC_0072182.jpg,isic_0072182,4,385e81996c64c4c372acbb6cddf9c1611445d0442eaa7f0c88106e991aa417fb,11424,0
C:\SRS(ISIC_2019)\Dataset\MEL\ISIC_0072204.jpg,isic_0072204,4,99061d2cfed7d8a841cdfc6adc1efe2354a4e4cf067675a4112858b446eda9dc,11427,0
C:\SRS(ISIC_2019)\Dataset\MEL\ISIC_0072299.jpg,isic_0072299,4,7d86c15a77c4549686ea228622e50f173610e39e63a48f0c1d9521229025f736,11440,0
C:\SRS(ISIC_2019)\Dataset\MEL\ISIC_0072301.jpg,isic_0072301,4,0915e909ee854a004d6b64d76b3493d0e45dc8b56dacb2a7b82ee6d8b5144ce9,11441,0
C:\SRS(ISIC_2019)\Dataset\MEL\ISIC_0072371.jpg,isic_0072371,4,d2120de350f00e1e054d9ed77e84974173d1f59250895c1301841fb95861fd16,11449,0
C:\SRS(ISIC_2019)\Dataset\MEL\ISIC_0072373.jpg,isic_0072373,4,12c04324b3b10d02579017767809aee8defa5ffd9b3e92786986753a1ef8e90b,11450,0
C:\SRS(ISIC_2019)\Dataset\MEL\ISIC_0072382.jpg,isic_0072382,4,ed955b75fecb1661742a0f1a3cbb17f279d45af0df30078a6e9165a13b46139a,11455,0
C:\SRS(ISIC_2019)\Dataset\MEL\ISIC_0072422.jpg,isic_0072422,4,00d021da16e46ffb20b6bd189d49d744d2911f5c24dd1dc9776eb351af19fd91,11460,0
C:\SRS(ISIC_2019)\Dataset\MEL\ISIC_0072424.jpg,isic_0072424,4,58799af5dd582adef0313812335f50dac80f725299564ff45f6a89410df53a92,11461,0
C:\SRS(ISIC_2019)\Dataset\MEL\ISIC_0072429.jpg,isic_0072429,4,f32af6bd193aaae4593ce509a7d5ad3c5bd350d81f3d4c79830a54b519a8c85e,11462,0
C:\SRS(ISIC_2019)\Dataset\MEL\ISIC_0072454.jpg,isic_0072454,4,061c28cb1ccad2032fa4cefb29bf860750239c0479410d9e16c54ccd2364d21c,11466,0
C:\SRS(ISIC_2019)\Dataset\MEL\ISIC_0072508.jpg,isic_0072508,4,aa5d63746542909f4364e8d8566f938f5a5eafa65ed26bd48ea49732ffc9cab3,11472,0
C:\SRS(ISIC_2019)\Dataset\MEL\ISIC_0072531.jpg,isic_0072531,4,0888e210b9ef4c4fea578dd9f00b3cf76e5a0fe8137932b70eb015ecbeae74e2,11476,0
C:\SRS(ISIC_2019)\Dataset\MEL\ISIC_0072535.jpg,isic_0072535,4,2931b5e624428aef5159db1ea542fece6694e50bb698aa765bf5817d50dd8f95,11478,0
C:\SRS(ISIC_2019)\Dataset\MEL\ISIC_0072559.jpg,isic_0072559,4,424595d46d17cc7afe688729aff84f66252f9e7a2923f7b4dd550a440ec55f58,11481,0
C:\SRS(ISIC_2019)\Dataset\MEL\ISIC_0072582.jpg,isic_0072582,4,4a77876f3852393a09e7a37dd96d7494cc39da60a2a5567ec90d55f327356a72,11486,0
C:\SRS(ISIC_2019)\Dataset\MEL\ISIC_0072694.jpg,isic_0072694,4,8e9aad5a47af71e5372b3b41e882e65225d6bdd689a7b07696a981b1df9c636c,11501,0
C:\SRS(ISIC_2019)\Dataset\MEL\ISIC_0072785.jpg,isic_0072785,4,130bd70efb803131621ac9e9ca5cb25720116d6a08dae6b5f4dbebd765c94ba2,11512,0
C:\SRS(ISIC_2019)\Dataset\MEL\ISIC_0072786.jpg,isic_0072786,4,803373353d25eec04403307edd745c7abb7f496fadde5dece4783710174e84e0,11513,0
C:\SRS(ISIC_2019)\Dataset\MEL\ISIC_0072825.jpg,isic_0072825,4,7d323faef667ab1a1e103445815e0ac50d33b8ee8bcf95c227f15ba81c3da862,11517,0
C:\SRS(ISIC_2019)\Dataset\MEL\ISIC_0072827.jpg,isic_0072827,4,864d4c1880ba9ccba720a309e3c89804388edce60e12a4bfcf84e9d03da91d05,11519,0
C:\SRS(ISIC_2019)\Dataset\MEL\ISIC_0072909.jpg,isic_0072909,4,89e10efecec234dd294efdb2e5ad5b380a72d0e93baee52724d7ea1792ce5a80,11530,0
C:\SRS(ISIC_2019)\Dataset\MEL\ISIC_0072924.jpg,isic_0072924,4,b7d9d93165e556b0e5304402a9ff2634a8a1b32e2aecd2d5b6e53779652da9e8,11533,0
C:\SRS(ISIC_2019)\Dataset\MEL\ISIC_0072977.jpg,isic_0072977,4,afcf64a049535c0e6cdff151628a906ad30994d718f888b225dcb971188deb8b,11538,0
C:\SRS(ISIC_2019)\Dataset\MEL\ISIC_0073032.jpg,isic_0073032,4,6aa68e6448e554cad71a069d29d1e31ac33c1de7af5931cad817e914e533f5c2,11546,0
C:\SRS(ISIC_2019)\Dataset\MEL\ISIC_0073227.jpg,isic_0073227,4,d9f8260a7d344bef241640e81dc121b44c4803cb1fb0560211879a19a13afd73,11567,0
C:\SRS(ISIC_2019)\Dataset\MEL\ISIC_0073231.jpg,isic_0073231,4,e85da0af65c0f24bafa02853bc0a8a5a6b448d0d7e9e49e7fe9823677d1dfb9a,11568,0
C:\SRS(ISIC_2019)\Dataset\NV\ISIC_0000010.jpg,isic_0000010,5,55dbef9891a8766e52b448397d3578a20cdc012f231bbdb2b46cac317ff74eaa,11580,0
C:\SRS(ISIC_2019)\Dataset\NV\ISIC_0000012.jpg,isic_0000012,5,d11ba6bb451af44619bd734848b3e6fa877707ad772b76d539890f7926c56da8,11582,0
C:\SRS(ISIC_2019)\Dataset\NV\ISIC_0000015.jpg,isic_0000015,5,c4667b17e345d70ef92133191f570c17a04903db2f538f5a1d779fe7e90b1162,11584,0
C:\SRS(ISIC_2019)\Dataset\NV\ISIC_0000016.jpg,isic_0000016,5,15f76d37c756cc77129d6d5f54f9e9990f33bc78678a73fe3337fd17520b2410,11585,0
C:\SRS(ISIC_2019)\Dataset\NV\ISIC_0000020_downsampled.jpg,isic_0000020_downsampled,5,d66a860794fd7842f8589ebe5fbb8baf18346d4495546af185369480b4e63e4d,11589,0
C:\SRS(ISIC_2019)\Dataset\NV\ISIC_0000028_downsampled.jpg,isic_0000028_downsampled,5,e6d581775a9994399c962663cde9a0f0d85eb9589dbce713ba2312d9d7ebe824,11595,0
C:\SRS(ISIC_2019)\Dataset\NV\ISIC_0000042_downsampled.jpg,isic_0000042_downsampled,5,caa5621b5ed950f62fb96104876fce16f3d617a1e5cc2f8facc0a6114409e61f,11602,0
C:\SRS(ISIC_2019)\Dataset\NV\ISIC_0000061_downsampled.jpg,isic_0000061_downsampled,5,9adccad5f5eddb53a05be408097ac0719961bff66677f3e37b418f6cb33ddfe4,11616,0
C:\SRS(ISIC_2019)\Dataset\NV\ISIC_0000062_downsampled.jpg,isic_0000062_downsampled,5,e1e63203e559f5e7c794564d7d480787b7be7713c799e1d0d0a0b27f9fc940f3,11617,0
C:\SRS(ISIC_2019)\Dataset\NV\ISIC_0000063_downsampled.jpg,isic_0000063_downsampled,5,84f38d2cc16c889704bbf4f2ddae0082c6bcaea3eb658600baa604170c693b96,11618,0
C:\SRS(ISIC_2019)\Dataset\NV\ISIC_0000068.jpg,isic_0000068,5,842585542c59d7d88dd45574004b298de24ab917484dd4e47ee986046519acc9,11623,0
C:\SRS(ISIC_2019)\Dataset\NV\ISIC_0000091_downsampled.jpg,isic_0000091_downsampled,5,7c83048b603855718d29ee4130588e28a93ecd78a4ba1e6118f98766d5fb7115,11638,0
C:\SRS(ISIC_2019)\Dataset\NV\ISIC_0000101_downsampled.jpg,isic_0000101_downsampled,5,e252a96d0bad3c6a1024faf1b3bb20bb2091c968a7f3958162e12e3c7deb3058,11648,0
C:\SRS(ISIC_2019)\Dataset\NV\ISIC_0000104_downsampled.jpg,isic_0000104_downsampled,5,87ab73fbac09376a09414699e8448c7b811382bbd685d74e4e44e9d3365dd671,11651,0
C:\SRS(ISIC_2019)\Dataset\NV\ISIC_0000126_downsampled.jpg,isic_0000126_downsampled,5,dc9d3cf1f92932eec1eccee8e445a037911a4afe3f50ed5f8cffc5eb061dbfff,11672,0
C:\SRS(ISIC_2019)\Dataset\NV\ISIC_0000127_downsampled.jpg,isic_0000127_downsampled,5,5476d41f8f06cb6141f5c82cf6d928152d00e2d8865ea2f3238b154792458c2a,11673,0
C:\SRS(ISIC_2019)\Dataset\NV\ISIC_0000134_downsampled.jpg,isic_0000134_downsampled,5,aa662b56378f739a498028692a0732ba1f6515aadb3e36ed3241eccd054a7a13,11680,0
C:\SRS(ISIC_2019)\Dataset\NV\ISIC_0000179_downsampled.jpg,isic_0000179_downsampled,5,9464367f79e2742962ef2d91b6d5496b8fd9256790152f4f97c76f2ca398290b,11686,0
C:\SRS(ISIC_2019)\Dataset\NV\ISIC_0000184_downsampled.jpg,isic_0000184_downsampled,5,e45ed1b3207e668c4f6c6f850fde6e37233881d31e2534c327f56f1128b4c23e,11690,0
C:\SRS(ISIC_2019)\Dataset\NV\ISIC_0000186_downsampled.jpg,isic_0000186_downsampled,5,3b41f69c6efad2f1cf05fc10eb0b08126e9ac9ee4fd17aaae7e914a02c99bcf0,11692,0
C:\SRS(ISIC_2019)\Dataset\NV\ISIC_0000187.jpg,isic_0000187,5,35c1b798cec4a4d7567db257a67661083361217a12c4ec5fd30e9d44d2f4d8a2,11693,0
C:\SRS(ISIC_2019)\Dataset\NV\ISIC_0000208_downsampled.jpg,isic_0000208_downsampled,5,5f63202837778bf8a71936df860427e7ccc7c6cf0fced4198bc82ce2df785102,11713,0
C:\SRS(ISIC_2019)\Dataset\NV\ISIC_0000211.jpg,isic_0000211,5,6761fab8f2dfd28c89e2cf320af69d88751577801d55b1adc775b81725dcd21e,11716,0
C:\SRS(ISIC_2019)\Dataset\NV\ISIC_0000214.jpg,isic_0000214,5,58a949df7e326f7b4814889338477e1841e731cda4e9369097fd783930cec954,11719,0
C:\SRS(ISIC_2019)\Dataset\NV\ISIC_0000227.jpg,isic_0000227,5,3637f7bdafae2b1f08b2bdd834ffbcefebf61dc5be114e7b08b2e5e6058d39db,11732,0
C:\SRS(ISIC_2019)\Dataset\NV\ISIC_0000234.jpg,isic_0000234,5,98bd43b4a59ae74ace025bfa4f837aba8cd12019c2e1ab966456b8a3c4bf620c,11739,0
C:\SRS(ISIC_2019)\Dataset\NV\ISIC_0000237.jpg,isic_0000237,5,93da975dae950f0ec3b55a990ee0b18d5b093e64e8935430be58034cf8c32217,11742,0
C:\SRS(ISIC_2019)\Dataset\NV\ISIC_0000244.jpg,isic_0000244,5,954164c8e7fb643df5b05a0036d18822b64b25f8d2c0aaa61d02d4384540d8e3,11747,0
C:\SRS(ISIC_2019)\Dataset\NV\ISIC_0000249.jpg,isic_0000249,5,523f0fec734422e7bdedc5814d486244c2a767c0f68db0972a9c757c3d1e45d1,11751,0
C:\SRS(ISIC_2019)\Dataset\NV\ISIC_0000253.jpg,isic_0000253,5,1ae79e77bce676769e16435007c2335f0baf577d9b3c0cedd5830a51cafb6775,11755,0
C:\SRS(ISIC_2019)\Dataset\NV\ISIC_0000258.jpg,isic_0000258,5,59491016ae06410158de28dff97aa20463dba085525e7e8d01ecfa52d7cd84d6,11759,0
C:\SRS(ISIC_2019)\Dataset\NV\ISIC_0000261.jpg,isic_0000261,5,c23e7b184c5d3084dd6db4e29372e45baed51f93288c029987f701beb0c15aae,11762,0
C:\SRS(ISIC_2019)\Dataset\NV\ISIC_0000316.jpg,isic_0000316,5,566cd7f23f4e9268e3bde7ff8a685ceb2fb7f4dee5080896473f331abdef8fcd,11773,0
C:\SRS(ISIC_2019)\Dataset\NV\ISIC_0000325.jpg,isic_0000325,5,b674237ff31f96fe296ae9862f13bd9daf8da888886abf617865970080fe4129,11781,0
C:\SRS(ISIC_2019)\Dataset\NV\ISIC_0000330.jpg,isic_0000330,5,ca6f1e9bdb8f7072cb07b4fe04160254e9f8c18bd526af71bce5d2e3c8dda6c9,11786,0
C:\SRS(ISIC_2019)\Dataset\NV\ISIC_0000338.jpg,isic_0000338,5,c2489b33c06f71cac8fe41f220a6e65d4046c4e221a872530303b9a04b197bab,11792,0
C:\SRS(ISIC_2019)\Dataset\NV\ISIC_0000342.jpg,isic_0000342,5,a4c3eab9b59426c6cb5cf1d23cf3caae017863f35f5b55854a20678efe1c28af,11796,0
C:\SRS(ISIC_2019)\Dataset\NV\ISIC_0000344.jpg,isic_0000344,5,4199c4994b0eef3a5b7416035d6396404ebf6d212e2feb4a9fe8118eb3c84499,11798,0
C:\SRS(ISIC_2019)\Dataset\NV\ISIC_0000345.jpg,isic_0000345,5,6759efadd0f986530983375d6f53472737ae81bddf3ac11079642fe6005f10ae,11799,0
C:\SRS(ISIC_2019)\Dataset\NV\ISIC_0000350.jpg,isic_0000350,5,420fdd59ddbdfdb5f67158b0aca360ad84c9199b6c6e1db6f89fbe610ce48412,11804,0
C:\SRS(ISIC_2019)\Dataset\NV\ISIC_0000369.jpg,isic_0000369,5,a0dde54d33e47930cec7ce7667d307b03cefb60aa81898c2dc1ad473cab9914c,11821,0
C:\SRS(ISIC_2019)\Dataset\NV\ISIC_0000371.jpg,isic_0000371,5,1fa25a921322a15f68328560de20917c4c7e7a8a222b8a6d5ac27c4dfd6a45a9,11823,0
C:\SRS(ISIC_2019)\Dataset\NV\ISIC_0000372.jpg,isic_0000372,5,45ce502ce54ac6a4757befe47a3526eecdfc72c5f9bc4be03a35f0b45652856e,11824,0
C:\SRS(ISIC_2019)\Dataset\NV\ISIC_0000374.jpg,isic_0000374,5,2b991a277dbb58f1560cadf006998f941d0693ff56085c72fa20805cf891b59b,11825,0
C:\SRS(ISIC_2019)\Dataset\NV\ISIC_0000378_downsampled.jpg,isic_0000378_downsampled,5,d8ddb529b329f1b8db95afd8af91169ef47cb6df19e75b5bc1084656fb7e10ed,11828,0
C:\SRS(ISIC_2019)\Dataset\NV\ISIC_0000392_downsampled.jpg,isic_0000392_downsampled,5,ee2b174c67139dcde39160ba335c2a01d88c6b9fa258aedd70a474f72414d45c,11840,0
C:\SRS(ISIC_2019)\Dataset\NV\ISIC_0000403_downsampled.jpg,isic_0000403_downsampled,5,f0b8c8c38a8c1517a7cfb889e254f2344c423a1b123d1e2bc97fdec771313d7c,11843,0
C:\SRS(ISIC_2019)\Dataset\NV\ISIC_0000416_downsampled.jpg,isic_0000416_downsampled,5,b0fdb8a76e7f1d3c6413ea91a5c99078dd57562b657721918513ee0fd3db1936,11847,0
C:\SRS(ISIC_2019)\Dataset\NV\ISIC_0000419_downsampled.jpg,isic_0000419_downsampled,5,c03a0f8c89f20d6234acde56c7c6e4d88195e0acf612f2dba01e0c587b73ef55,11849,0
C:\SRS(ISIC_2019)\Dataset\NV\ISIC_0000425_downsampled.jpg,isic_0000425_downsampled,5,7f3fe10c2422d0f9aefa9d56606507f66f1ec9b6a678fe75251a0a8d1faf723d,11852,0
C:\SRS(ISIC_2019)\Dataset\NV\ISIC_0000447_downsampled.jpg,isic_0000447_downsampled,5,35b65b0799c7bca6c89e771c8867fe1db54ba16e517145901a3f4fdd29d5503c,11861,0
C:\SRS(ISIC_2019)\Dataset\NV\ISIC_0000448_downsampled.jpg,isic_0000448_downsampled,5,8d8c2ed2c8eb1c0ee88d307dec26046ca911669eed289daa944ee5c63ae8e7c8,11862,0
C:\SRS(ISIC_2019)\Dataset\NV\ISIC_0000451_downsampled.jpg,isic_0000451_downsampled,5,9da002b8c36fd9248d5933cd6c1c58fbe19bd26eae6e7288c58ca8b85b86016c,11864,0
C:\SRS(ISIC_2019)\Dataset\NV\ISIC_0000460.jpg,isic_0000460,5,b1066c0d2a16a48aa9fc6130284186acfd897b4fe2152f335056545c43983f34,11871,0
C:\SRS(ISIC_2019)\Dataset\NV\ISIC_0000477.jpg,isic_0000477,5,54325ef40752ac5cbbf217f417177303900eed434c5910a50cde59f695e0d802,11882,0
C:\SRS(ISIC_2019)\Dataset\NV\ISIC_0000488.jpg,isic_0000488,5,4e7ffd843146df7c269229e9c11eb69bf643b5479a5e1a7c32d72b795a446c1f,11890,0
C:\SRS(ISIC_2019)\Dataset\NV\ISIC_0000535.jpg,isic_0000535,5,5ee4f2e24aa62818f9d0493c11cddef2bcb08c558e49d4ad5da525e6b875a40b,11922,0
C:\SRS(ISIC_2019)\Dataset\NV\ISIC_0000543.jpg,isic_0000543,5,7e07c59c5464c4f4a9e3794e5771e88508f5b56b60f83f686e8b87cf1c533ab9,11930,0
C:\SRS(ISIC_2019)\Dataset\NV\ISIC_0000882_downsampled.jpg,isic_0000882_downsampled,5,02389556b101152f859cc87a48e82e5c245864e3cbe79e59faca97f860021e6f,11935,0
C:\SRS(ISIC_2019)\Dataset\NV\ISIC_0000900_downsampled.jpg,isic_0000900_downsampled,5,b361bac82158c0589b3937d4b42202337affe0e1de849c6c2d1bf8b493f5ff09,11936,0
C:\SRS(ISIC_2019)\Dataset\NV\ISIC_0001184_downsampled.jpg,isic_0001184_downsampled,5,27292376a78923cadd3cee8ac6fab28a512ad726301279d02b270056ae8d5ceb,11940,0
C:\SRS(ISIC_2019)\Dataset\NV\ISIC_0001188_downsampled.jpg,isic_0001188_downsampled,5,1f82b74f65ca832a252d7525cc41fc8c633e1cf8fb5085490d9b7da9f980c375,11944,0
C:\SRS(ISIC_2019)\Dataset\NV\ISIC_0001190_downsampled.jpg,isic_0001190_downsampled,5,88ce604b819a7036bd264b1437b8d5267ae67908b45bf10662e24d6a85886b29,11945,0
C:\SRS(ISIC_2019)\Dataset\NV\ISIC_0001212_downsampled.jpg,isic_0001212_downsampled,5,d5d7f19364001f731dbcb865393597ec4f64a690c0eea5da6b1e80f8b39bc819,11948,0
C:\SRS(ISIC_2019)\Dataset\NV\ISIC_0001242_downsampled.jpg,isic_0001242_downsampled,5,9e195210766d5e06102e156a5358b6e4c5e472c28177ace33a33b50d76920699,11951,0
C:\SRS(ISIC_2019)\Dataset\NV\ISIC_0001247_downsampled.jpg,isic_0001247_downsampled,5,b4055df2c98272a8d32dde305de0fa3f601750876055acbd19269f667442ad98,11952,0
C:\SRS(ISIC_2019)\Dataset\NV\ISIC_0001267_downsampled.jpg,isic_0001267_downsampled,5,2728271cf4ff5ac58c70c335197240ab6c25a71d9301af3260e0bd73d4f8ee8f,11955,0
C:\SRS(ISIC_2019)\Dataset\NV\ISIC_0001299_downsampled.jpg,isic_0001299_downsampled,5,9f8ccd12468f93a5c6a9f508c8e78b486b49654ffbe0bb5d7bf687b5d260a44d,11960,0
C:\SRS(ISIC_2019)\Dataset\NV\ISIC_0001374_downsampled.jpg,isic_0001374_downsampled,5,9ef9314e1e06ede3ba0760a1d26ed27aa25258d23c04ffa702b40f7e5b06a936,11964,0
C:\SRS(ISIC_2019)\Dataset\NV\ISIC_0002251_downsampled.jpg,isic_0002251_downsampled,5,c49dd923d4bc7f046aa9265731b821d4877bec4eab408546bd436a2c3ef2082f,11978,0
C:\SRS(ISIC_2019)\Dataset\NV\ISIC_0002459_downsampled.jpg,isic_0002459_downsampled,5,c6f0ed6a0d7dcac0a414d2479ce67f488c4d0b56a905d450d650a0bc799f8f46,11985,0
C:\SRS(ISIC_2019)\Dataset\NV\ISIC_0002673_downsampled.jpg,isic_0002673_downsampled,5,d68f7b6ab1c1c907254e2375025be9b764fb465167147b5d3184b6c437e9869f,11992,0
C:\SRS(ISIC_2019)\Dataset\NV\ISIC_0002976_downsampled.jpg,isic_0002976_downsampled,5,15f75fc8d77bea06d29af7bc96178a02363ecc8767d57d2fcee055f42ca4891f,12002,0
C:\SRS(ISIC_2019)\Dataset\NV\ISIC_0003174_downsampled.jpg,isic_0003174_downsampled,5,4c909205aad23e29a644ecc7df106643a4ab1447839f91bff25d7de90e548709,12006,0
C:\SRS(ISIC_2019)\Dataset\NV\ISIC_0004166_downsampled.jpg,isic_0004166_downsampled,5,aaee52edf7388e6b751546214f90ddd784973e1623ec54f9a4bee01f579c93e6,12018,0
C:\SRS(ISIC_2019)\Dataset\NV\ISIC_0005620_downsampled.jpg,isic_0005620_downsampled,5,02e54252a66af2b97045deba40ac6c63933b95a78c691177e95a8ee61987b43d,12031,0
C:\SRS(ISIC_2019)\Dataset\NV\ISIC_0005666_downsampled.jpg,isic_0005666_downsampled,5,9b1e093e5976412dd679994a6fb53c579637b49804ee171116fcfd15a8bb81ed,12033,0
C:\SRS(ISIC_2019)\Dataset\NV\ISIC_0006350_downsampled.jpg,isic_0006350_downsampled,5,689477357a13046544f4aada1b7e1bb607912459b7466e6ded4b736b799da91c,12039,0
C:\SRS(ISIC_2019)\Dataset\NV\ISIC_0006795_downsampled.jpg,isic_0006795_downsampled,5,513dfa56aaeecb385d69ec16109e8df4f8500ff393bc516db46b7b97faeb3bbe,12045,0
C:\SRS(ISIC_2019)\Dataset\NV\ISIC_0007141_downsampled.jpg,isic_0007141_downsampled,5,fa4647974ea63f032259f356818be4c459081a6c32caf3e32957ae5df701f001,12053,0
C:\SRS(ISIC_2019)\Dataset\NV\ISIC_0007235_downsampled.jpg,isic_0007235_downsampled,5,3167ae396a5fa5e5bd58ec63d2050841f6bdeaec503900760818b55950df44cf,12055,0
C:\SRS(ISIC_2019)\Dataset\NV\ISIC_0007475_downsampled.jpg,isic_0007475_downsampled,5,f4b5f6a12b7c840aa248f932f8f47f7974181366ad6f2f68c051f174e3c3e112,12060,0
C:\SRS(ISIC_2019)\Dataset\NV\ISIC_0008294_downsampled.jpg,isic_0008294_downsampled,5,6ae5f7e0e8ee020eeefb35265be85b952fd12588de308b99f8ea325069d17d10,12075,0
C:\SRS(ISIC_2019)\Dataset\NV\ISIC_0008552_downsampled.jpg,isic_0008552_downsampled,5,2620b6dc6e50c061e8e6fbebc57cab83e9ccf985b876178f31259bd7d299b1c9,12084,0
C:\SRS(ISIC_2019)\Dataset\NV\ISIC_0008600_downsampled.jpg,isic_0008600_downsampled,5,7d96569edcdb76d8259bad2c9260f0321b932b00e76d01e9d75e9e0233b82eba,12085,0
C:\SRS(ISIC_2019)\Dataset\NV\ISIC_0008626_downsampled.jpg,isic_0008626_downsampled,5,ea6c692983fbeed97e208b3bf1466d7ef4b6e1df995a1274c1c30e47a0d8dcd9,12086,0
C:\SRS(ISIC_2019)\Dataset\NV\ISIC_0009035_downsampled.jpg,isic_0009035_downsampled,5,123fc55a005658a23f144c5d1bbd287caf5d3036348899ff59ac118b4cba331b,12095,0
C:\SRS(ISIC_2019)\Dataset\NV\ISIC_0009344_downsampled.jpg,isic_0009344_downsampled,5,9f7b46cd2d84c2fcc4f6e418334e9543c905d33554e9acc1822bd25de9e1406a,12105,0
C:\SRS(ISIC_2019)\Dataset\NV\ISIC_0009599_downsampled.jpg,isic_0009599_downsampled,5,a7087770125d94b5362b43d5604f0f185eefa8fed4a9dab7b5c9108074d7df0b,12112,0
C:\SRS(ISIC_2019)\Dataset\NV\ISIC_0009869.jpg,isic_0009869,5,3c2d63e1c35b431d14da682064ee8439f1cc1acce8e0a4cb054e3c399d4c4eab,12116,0
C:\SRS(ISIC_2019)\Dataset\NV\ISIC_0009895.jpg,isic_0009895,5,2c77cc1b8f357b697b5adea6424898d179d8f40fdc1bb516a35b5c8c290e75af,12133,0
C:\SRS(ISIC_2019)\Dataset\NV\ISIC_0009896.jpg,isic_0009896,5,e0411dd8a1c165b51224330a279c5e9f2c54d200bdcf2017e9579e13b58d5435,12134,0
C:\SRS(ISIC_2019)\Dataset\NV\ISIC_0009904.jpg,isic_0009904,5,3f21943b2591000048375839e5fba5a165aeefc495d8a91296133ae282a16078,12138,0
C:\SRS(ISIC_2019)\Dataset\NV\ISIC_0009906.jpg,isic_0009906,5,647f9f49747d0b39dc5400f064b81abc8ba40a42b3b46613568bfb0c96813233,12139,0
C:\SRS(ISIC_2019)\Dataset\NV\ISIC_0009909.jpg,isic_0009909,5,08b43209f5c7e90dc90baac38507cedbe3cb3d76dbc287d9b57783bf4383cb15,12140,0
C:\SRS(ISIC_2019)\Dataset\NV\ISIC_0009920.jpg,isic_0009920,5,432e7cbc366db16cb322746e7fd86aff4f075ca1ef7dc1a9dcfddcbc042ed9b0,12147,0
C:\SRS(ISIC_2019)\Dataset\NV\ISIC_0009928.jpg,isic_0009928,5,387988824a96a556bd251316b54b31a4fee468b3de389ec416a7d2561bf27d02,12151,0
C:\SRS(ISIC_2019)\Dataset\NV\ISIC_0009936.jpg,isic_0009936,5,b6e54c0a4ea209c5c43ec75f843b2f05487f4965b7e05437b2f02692b32c21de,12158,0
C:\SRS(ISIC_2019)\Dataset\NV\ISIC_0009946.jpg,isic_0009946,5,36f4cc2405736fc2ae9bdb0e2d6fabde250739cea5f2f88574cb5b4d1d98739b,12168,0
C:\SRS(ISIC_2019)\Dataset\NV\ISIC_0009947.jpg,isic_0009947,5,55bc9421ea78fd97862b132195eb20dbb30cac3f1733f1b9770c1dc8bfa99db3,12169,0
C:\SRS(ISIC_2019)\Dataset\NV\ISIC_0009951.jpg,isic_0009951,5,f4e220c27845969a0fa3ef198fac77cb175171cab5f7207a5346d6acab309213,12172,0
C:\SRS(ISIC_2019)\Dataset\NV\ISIC_0009970.jpg,isic_0009970,5,43b0dd87f922d6709c27b3ba0e1555e58748877e0fcd70fac0a8d80a1531eea7,12186,0
C:\SRS(ISIC_2019)\Dataset\NV\ISIC_0009980.jpg,isic_0009980,5,294303795240269cc91994c1b8fc5b2929a389ce29c83a50f1819c951178696e,12195,0
C:\SRS(ISIC_2019)\Dataset\NV\ISIC_0009981.jpg,isic_0009981,5,d161e70e307a10d6aee7b8dccf9573881f95b7bb4724cb70264aeb9d4db4900f,12196,0
C:\SRS(ISIC_2019)\Dataset\NV\ISIC_0009987.jpg,isic_0009987,5,12c6dd702e908c1809a1e660c62ef0f0794359fc6d8f2b862418c39f1b179fb2,12198,0
C:\SRS(ISIC_2019)\Dataset\NV\ISIC_0010015.jpg,isic_0010015,5,631af5d1cb0af736acac23c3b1096d19af0618db13dde395878382bf6fe28b78,12213,0
C:\SRS(ISIC_2019)\Dataset\NV\ISIC_0010018.jpg,isic_0010018,5,52ea3f5051363127e5c44a9cd7d3f3ac1aeca8e9bb882aad53dfe16e24620b04,12215,0
C:\SRS(ISIC_2019)\Dataset\NV\ISIC_0010025.jpg,isic_0010025,5,5ff26abd8361a11c16d31d00001b0364e052e81127352da604fac271f72c17e1,12220,0
C:\SRS(ISIC_2019)\Dataset\NV\ISIC_0010041.jpg,isic_0010041,5,707f8bc45e8314b4c1d3b4a41741fa95087e08eb6df1b4b69c8142068e700c5c,12226,0
C:\SRS(ISIC_2019)\Dataset\NV\ISIC_0010047.jpg,isic_0010047,5,3c60fce84d03631021fdb74c9eb135f33bd7bda9b749a1cf39689bcf61d331a7,12231,0
C:\SRS(ISIC_2019)\Dataset\NV\ISIC_0010057.jpg,isic_0010057,5,e7095445a270fc124eaa66c4f615a666f0e0e9483581a9e03bd6a652b2e035c2,12235,0
C:\SRS(ISIC_2019)\Dataset\NV\ISIC_0010075.jpg,isic_0010075,5,b6817fc3ff5a57dd30c3fc823aedc98bf47d4cea66b08d2085f9bf97012df84c,12249,0
C:\SRS(ISIC_2019)\Dataset\NV\ISIC_0010077.jpg,isic_0010077,5,48764264214654861bff61d0ea0b001107e5c9617270f9d57c7ac1bd555417fe,12250,0
C:\SRS(ISIC_2019)\Dataset\NV\ISIC_0010086.jpg,isic_0010086,5,01154d08cde643843419f6e8be370dbffab512c8b880e10a6d38643d09349760,12253,0
C:\SRS(ISIC_2019)\Dataset\NV\ISIC_0010105.jpg,isic_0010105,5,6d2899b4a32d645b18fb2f9a55b732dca776839d19815e296eeb1d1b09006ec2,12262,0
C:\SRS(ISIC_2019)\Dataset\NV\ISIC_0010176.jpg,isic_0010176,5,af8cce1974eaf407d15d1e6ae5fd0d9587b512eaade529ce5da6c97419e0d872,12267,0
C:\SRS(ISIC_2019)\Dataset\NV\ISIC_0010186.jpg,isic_0010186,5,afd5a56e4d07d430961de354addffcec2be68d39e5090d6d2869500559f69ace,12275,0
C:\SRS(ISIC_2019)\Dataset\NV\ISIC_0010212.jpg,isic_0010212,5,f4945edec39a8391140ed2cddaf241d32cfac553000a34feeebd62f91396a6b2,12286,0
C:\SRS(ISIC_2019)\Dataset\NV\ISIC_0010219.jpg,isic_0010219,5,298a6ec7abfa029c8d5269b76a7c471d4e7a7a38e712c3631cf505b952387e12,12290,0
C:\SRS(ISIC_2019)\Dataset\NV\ISIC_0010220.jpg,isic_0010220,5,6b3454910aac2fcd4681351b728ab0c190087acc649e5bc5b350b659d11e6a76,12291,0
C:\SRS(ISIC_2019)\Dataset\NV\ISIC_0010227.jpg,isic_0010227,5,b756dd25290fcbfcb470410dc73f50a3c85314848d17c805abac1ab0d26fe82d,12294,0
C:\SRS(ISIC_2019)\Dataset\NV\ISIC_0010244.jpg,isic_0010244,5,e5eed322073fb52672fa17a18ff857db95cc2a273a1069d8058885c74ec0c91f,12304,0
C:\SRS(ISIC_2019)\Dataset\NV\ISIC_0010255.jpg,isic_0010255,5,f27eb8ae1702d87c70ac22d6e3df1cee987817f0b2141b322c733afc8a32e9b8,12311,0
C:\SRS(ISIC_2019)\Dataset\NV\ISIC_0010257.jpg,isic_0010257,5,a5b0d708e1b9150fc15730363617e653fa30616b1d95e85b9065ca3e4de3046b,12313,0
C:\SRS(ISIC_2019)\Dataset\NV\ISIC_0010261.jpg,isic_0010261,5,9cf0c10595d4a495f67e663abcd322e94fc1cf9de11242f1f67c5558732d0a92,12314,0
C:\SRS(ISIC_2019)\Dataset\NV\ISIC_0010330.jpg,isic_0010330,5,ed1e9da8547a190c4e6bd26697f95109de66484f2044ff311e1f6e710ffae8b5,12324,0
C:\SRS(ISIC_2019)\Dataset\NV\ISIC_0010332.jpg,isic_0010332,5,7dc1882cfb6f0c6936944bb79baf271fa8c72d29f5694c70c39bc745f5cfff9b,12325,0
C:\SRS(ISIC_2019)\Dataset\NV\ISIC_0010334.jpg,isic_0010334,5,3ac04fd1f26c20359b389a1e6fb9da6601c9c2fb4b145bfc259503d18355cb2e,12327,0
C:\SRS(ISIC_2019)\Dataset\NV\ISIC_0010335.jpg,isic_0010335,5,eddb881ea96bc9cef664eabef398dc4e0003d0252cd566b523bcb62f457e8046,12328,0
C:\SRS(ISIC_2019)\Dataset\NV\ISIC_0010341.jpg,isic_0010341,5,0f25ab2f6e41575610d23c5e40a0e21a8c6d6a346d9d1ab73c0fc4a441f58e9c,12333,0
C:\SRS(ISIC_2019)\Dataset\NV\ISIC_0010351.jpg,isic_0010351,5,5acd32ccaa084186fa74f43269568401483cdfe5a269a1d900bd385389c16916,12339,0
C:\SRS(ISIC_2019)\Dataset\NV\ISIC_0010356.jpg,isic_0010356,5,683de5c6b85bdf81b1191106c08f47cc59733ab5458031c1093dd01c7df2e2e5,12340,0
C:\SRS(ISIC_2019)\Dataset\NV\ISIC_0010361.jpg,isic_0010361,5,271272c225f7f6324dde4564544a882d81b586cb52be89f3ac774a799fd6acfb,12342,0
C:\SRS(ISIC_2019)\Dataset\NV\ISIC_0010371.jpg,isic_0010371,5,53e6e38c94a4eae8856eca2c1fee5262b38452f40e5ba11e2d1294418e3ad81b,12348,0
C:\SRS(ISIC_2019)\Dataset\NV\ISIC_0010435.jpg,isic_0010435,5,149d081ab1f6a09b3f5899874abe42c5e6d5de9bfc614235402623109b686979,12351,0
C:\SRS(ISIC_2019)\Dataset\NV\ISIC_0010439.jpg,isic_0010439,5,0bf8185b9c935a36606751482a2d17ee40f1c9285294736ce3947cd39436bbe8,12352,0
C:\SRS(ISIC_2019)\Dataset\NV\ISIC_0010457.jpg,isic_0010457,5,24d13a38f1c1feab5dd649a65b4bef5c63582c828d432d1dcd72a84d662e9bf3,12364,0
C:\SRS(ISIC_2019)\Dataset\NV\ISIC_0010462.jpg,isic_0010462,5,2d539b8dacd4c7878e9b83164c43c5349ae309bcf2dd74ba0290f1b49e54b078,12369,0
C:\SRS(ISIC_2019)\Dataset\NV\ISIC_0010473.jpg,isic_0010473,5,523f262f06c0f6777bc6d28f71309c495fb6a1ed1330f82501e60f4cb7f2ef5c,12375,0
C:\SRS(ISIC_2019)\Dataset\NV\ISIC_0010492.jpg,isic_0010492,5,e906eba79f7c1332256eb56fd14115d38adee6c17a8dc0e91339b3558ef27131,12386,0
C:\SRS(ISIC_2019)\Dataset\NV\ISIC_0010498.jpg,isic_0010498,5,fa11527612888888e0b5829b986fa9566ebbf1bcb79990197c6940eac9b0ff14,12391,0
C:\SRS(ISIC_2019)\Dataset\NV\ISIC_0010553.jpg,isic_0010553,5,13fd7456ad8220135e222e5f8743c343bc6bc62de7ba239ed7c3f85970dabbdc,12393,0
C:\SRS(ISIC_2019)\Dataset\NV\ISIC_0010565.jpg,isic_0010565,5,57ffe6369f91f20d4be0603c3507853ceff7a496db6ba0135b3a11e851b133b7,12398,0
C:\SRS(ISIC_2019)\Dataset\NV\ISIC_0010570.jpg,isic_0010570,5,8fbe58bf0c446a45d3e9d7a1d984bbad952fc76427377b396b53d8416043e266,12403,0
C:\SRS(ISIC_2019)\Dataset\NV\ISIC_0010581.jpg,isic_0010581,5,54f6ce8c75bffeb073f512f8f583936bdb1947b2a37003ca68d8719c894db681,12409,0
C:\SRS(ISIC_2019)\Dataset\NV\ISIC_0010593.jpg,isic_0010593,5,381f13da5e0639f605084bf4dad2f7a834da1aef3d55a4ed6111d64317bcf951,12418,0
C:\SRS(ISIC_2019)\Dataset\NV\ISIC_0010598.jpg,isic_0010598,5,7cf075642978e6b8fe650320328c4fc3f88521823c5826dfc603a5b75d265343,12420,0
C:\SRS(ISIC_2019)\Dataset\NV\ISIC_0010606.jpg,isic_0010606,5,62eec2498f7077ae265d1701bd17defe9abec027fd8088f506b83354ec75891f,12426,0
C:\SRS(ISIC_2019)\Dataset\NV\ISIC_0010607.jpg,isic_0010607,5,135482de844c947aa801165543c405be2a97055a7ca4bb260c669bfc9a2c9c41,12427,0
C:\SRS(ISIC_2019)\Dataset\NV\ISIC_0010844.jpg,isic_0010844,5,d2f4b380157855e298fc2971e2c1c244e43ff0f8db5212f72ae3a78833c76f53,12428,0
C:\SRS(ISIC_2019)\Dataset\NV\ISIC_0010851.jpg,isic_0010851,5,2f027c69108dd5a0bb0393fe1852f09ef7c64876d363eba1fc0c6a590bf38db9,12434,0
C:\SRS(ISIC_2019)\Dataset\NV\ISIC_0011123.jpg,isic_0011123,5,82b59e5ee154c9081855a97bc1a92a46a583813d5e41520b9b53863f20225c37,12467,0
C:\SRS(ISIC_2019)\Dataset\NV\ISIC_0011155.jpg,isic_0011155,5,32d24ee6f7eaff84065822970ac02835fe9318c34fe9c2c61ceda2f446e0c210,12478,0
C:\SRS(ISIC_2019)\Dataset\NV\ISIC_0011156.jpg,isic_0011156,5,11d8133b88d6bf0c40b8c805431f9d585f317f71377e0b482af9da92960deac5,12479,0
C:\SRS(ISIC_2019)\Dataset\NV\ISIC_0011157.jpg,isic_0011157,5,aedcb412defb13a5a955aa9ebb3d74d074899110a63a6f895752cce6ec37a57d,12480,0
C:\SRS(ISIC_2019)\Dataset\NV\ISIC_0011165.jpg,isic_0011165,5,69be33adb5d0426f685652f8cd5e8d1b23007666012ab2557cedbedb91c9077b,12484,0
C:\SRS(ISIC_2019)\Dataset\NV\ISIC_0011177.jpg,isic_0011177,5,cc88e60ad6c0814e32f4a66aa10b8c31614d04e06bf3aae0562a1d973c588bc0,12490,0
C:\SRS(ISIC_2019)\Dataset\NV\ISIC_0011219.jpg,isic_0011219,5,9ec48803820b17f675b84b609ea1d48fed7e7b273d84423655a178d70a7a9453,12506,0
C:\SRS(ISIC_2019)\Dataset\NV\ISIC_0011224.jpg,isic_0011224,5,d45901cb16f4959255a9014c5fa70bb5e7fae18677a88480fe4a15c1e456645c,12509,0
C:\SRS(ISIC_2019)\Dataset\NV\ISIC_0011230.jpg,isic_0011230,5,9b466de0ffbce6609af57302af41c4a9cc1a9867f63f773ac852c22dd163900f,12514,0
C:\SRS(ISIC_2019)\Dataset\NV\ISIC_0011298.jpg,isic_0011298,5,385759a8a863acae1deb8451b730f410d64a2aece8d8c042e50de40325d97a91,12519,0
C:\SRS(ISIC_2019)\Dataset\NV\ISIC_0011304.jpg,isic_0011304,5,a00a6f6defaba48d4874d16ef44c031bb02394b3be8e2919f6f0dd08e427da62,12523,0
C:\SRS(ISIC_2019)\Dataset\NV\ISIC_0011357.jpg,isic_0011357,5,28161e01e2e76b8507d57baf1301305ef7189143b419e4abaf32e94895f650f1,12545,0
C:\SRS(ISIC_2019)\Dataset\NV\ISIC_0011361.jpg,isic_0011361,5,9b4a34bfa15dc4023e3c8d48992113b804bc5c7a5f8f81ec9a533c29153eabc0,12549,0
C:\SRS(ISIC_2019)\Dataset\NV\ISIC_0011382.jpg,isic_0011382,5,340bafcd118caee2123278c195ad23b91a91ad3a03b8a8ef07f02bc59e8750a8,12556,0
C:\SRS(ISIC_2019)\Dataset\NV\ISIC_0012092_downsampled.jpg,isic_0012092_downsampled,5,7b34f7ee7122ab99b49d74f5f1da4b241304cec2809d96eea591aa63ad9b3221,12566,0
C:\SRS(ISIC_2019)\Dataset\NV\ISIC_0012102_downsampled.jpg,isic_0012102_downsampled,5,e4a9482136139ceb4227c8efba44b43fc0ba5eb02b22904e6f1474e676ff9b8f,12570,0
C:\SRS(ISIC_2019)\Dataset\NV\ISIC_0012118_downsampled.jpg,isic_0012118_downsampled,5,a2639b618861c39150660e9280e755f98f9c2555587853d3b74f1a246a0a1dbd,12576,0
C:\SRS(ISIC_2019)\Dataset\NV\ISIC_0012147_downsampled.jpg,isic_0012147_downsampled,5,c0ce1e560f4c73da1986af06e332b1a9bbe597f41eee66502d043ef2c25b662d,12581,0
C:\SRS(ISIC_2019)\Dataset\NV\ISIC_0012152_downsampled.jpg,isic_0012152_downsampled,5,15118fc35d41020cc1eeb8eafea1a51e874ff90a40daaa176011997dae0f6e2e,12585,0
C:\SRS(ISIC_2019)\Dataset\NV\ISIC_0012159_downsampled.jpg,isic_0012159_downsampled,5,51dcebd03a63a74b0de6c1afbbc812dcc944d9f335a1890bf415314e93490f4c,12587,0
C:\SRS(ISIC_2019)\Dataset\NV\ISIC_0012164_downsampled.jpg,isic_0012164_downsampled,5,99986ebded06c88d45bccf0d4eb98291043b469b831024bd99b7809ffad1864e,12589,0
C:\SRS(ISIC_2019)\Dataset\NV\ISIC_0012201_downsampled.jpg,isic_0012201_downsampled,5,71bb22f8904e16ff068f81123575a5d33a0107574be7298717f799a1bb28e2d8,12597,0
C:\SRS(ISIC_2019)\Dataset\NV\ISIC_0012246_downsampled.jpg,isic_0012246_downsampled,5,8b342f073e029164cf1ac9c2df948c9d3b8926ecaadaf6086a84e0d0e76acf77,12613,0
C:\SRS(ISIC_2019)\Dataset\NV\ISIC_0012256_downsampled.jpg,isic_0012256_downsampled,5,d19b224121a3224820ba2e1011b8cf3ce23c338c57a0aff0c6bb8e746e750a43,12616,0
C:\SRS(ISIC_2019)\Dataset\NV\ISIC_0012271_downsampled.jpg,isic_0012271_downsampled,5,ec7a356769b5bcc10a6ca58afd1d7be7cbfb07df1ed2a166a0c8bf55a76c2ed9,12623,0
C:\SRS(ISIC_2019)\Dataset\NV\ISIC_0012278_downsampled.jpg,isic_0012278_downsampled,5,927d84edc854b40d6e13c07ac513dd5f8d121e680e6b3d7e893140c0b4dcf588,12625,0
C:\SRS(ISIC_2019)\Dataset\NV\ISIC_0012309_downsampled.jpg,isic_0012309_downsampled,5,32382eb6bc1da1687418e6e9aa804004f6feee9b62cdc3a7a6bf9072e8f09b1f,12631,0
C:\SRS(ISIC_2019)\Dataset\NV\ISIC_0012313_downsampled.jpg,isic_0012313_downsampled,5,34839af5bfb5fd56c7542263afde83ffbccee3364dbea6c941019f0fbf4bb5d0,12633,0
C:\SRS(ISIC_2019)\Dataset\NV\ISIC_0012333_downsampled.jpg,isic_0012333_downsampled,5,422d0ae8210e680d243617b609a1429379b904101b29d7fa29bb2761f81c9dcd,12641,0
C:\SRS(ISIC_2019)\Dataset\NV\ISIC_0012374_downsampled.jpg,isic_0012374_downsampled,5,ac215a95a9c6ed63eea5198d137875612c79501adff0345f6944d5ce4d2b4ae6,12650,0
C:\SRS(ISIC_2019)\Dataset\NV\ISIC_0012384_downsampled.jpg,isic_0012384_downsampled,5,c9fadfd1020cff441f67dac8e2584e7818bd62a315748fe50f5aeeaa45e4f3a1,12654,0
C:\SRS(ISIC_2019)\Dataset\NV\ISIC_0012406_downsampled.jpg,isic_0012406_downsampled,5,85e20161562f3b821ea690cd2242f1e93f0d05ab74f9189fdfb1ae16ba19226e,12656,0
C:\SRS(ISIC_2019)\Dataset\NV\ISIC_0012453_downsampled.jpg,isic_0012453_downsampled,5,c53d9fa40cfd978a8fde9f45ed5afaaab73d234328369904ff00892c52870b90,12660,0
C:\SRS(ISIC_2019)\Dataset\NV\ISIC_0012484_downsampled.jpg,isic_0012484_downsampled,5,bf668f66499fa5428207fda4ea83e699cf501ef76669622d0daef615318f7ea5,12664,0
C:\SRS(ISIC_2019)\Dataset\NV\ISIC_0012493_downsampled.jpg,isic_0012493_downsampled,5,d3282fe3e0b2eefadc5c22bd19ca10b5e5ee8a36d0cddd17c272b716cfe2c81a,12667,0
C:\SRS(ISIC_2019)\Dataset\NV\ISIC_0012496_downsampled.jpg,isic_0012496_downsampled,5,9e3001f711e853bfa83aa896b30087c806c11faa07f18769170e53931c10fd85,12670,0
C:\SRS(ISIC_2019)\Dataset\NV\ISIC_0012520_downsampled.jpg,isic_0012520_downsampled,5,cd047ae2d7bafe442abee1ff1adc9ab326a66aaafbf503f41368d3740f63dd98,12676,0
C:\SRS(ISIC_2019)\Dataset\NV\ISIC_0012544_downsampled.jpg,isic_0012544_downsampled,5,c905dd452e9299b2b16087a234c2e77972c8db838b47a737ad9e77384165cc36,12683,0
C:\SRS(ISIC_2019)\Dataset\NV\ISIC_0012663_downsampled.jpg,isic_0012663_downsampled,5,2450c6df3337ad37a70cf39a59a7acd3e832ee41c1a8bee5815a20bddc968e44,12697,0
C:\SRS(ISIC_2019)\Dataset\NV\ISIC_0012664_downsampled.jpg,isic_0012664_downsampled,5,759eb1a4adb0e2e1aa535dd04aa96b256f5d787504f3ab3d8d6fb7ae1d24dfbb,12698,0
C:\SRS(ISIC_2019)\Dataset\NV\ISIC_0012665_downsampled.jpg,isic_0012665_downsampled,5,af818c84fc5e893bf3213d271198d2f247b6351cc9705816d5c6a8e0be4c82c6,12699,0
C:\SRS(ISIC_2019)\Dataset\NV\ISIC_0012702_downsampled.jpg,isic_0012702_downsampled,5,a22113b5c83f0a46bd47a99d951756996b0b35d8c0ad2c2c7c1bc55914eb9214,12720,0
C:\SRS(ISIC_2019)\Dataset\NV\ISIC_0012710_downsampled.jpg,isic_0012710_downsampled,5,ec37f229225ec8fd761bb34437e5e642c61edf0eb0b01031736a077eeb664229,12724,0
C:\SRS(ISIC_2019)\Dataset\NV\ISIC_0012713_downsampled.jpg,isic_0012713_downsampled,5,62502087853917822afaaa7ffd42b20af6e04a0d1df76d07d9c3f6cc4fb8602e,12726,0
C:\SRS(ISIC_2019)\Dataset\NV\ISIC_0012726_downsampled.jpg,isic_0012726_downsampled,5,976fc76f0a792fe94cb87240f44ce181c49cb5b10a5ff39715226b83dd553ca4,12730,0
C:\SRS(ISIC_2019)\Dataset\NV\ISIC_0012735_downsampled.jpg,isic_0012735_downsampled,5,916fdcdf44d01fd3a6fd612a42bdd662c9ac38f06c2860af1ce3a845f2ff445c,12731,0
C:\SRS(ISIC_2019)\Dataset\NV\ISIC_0012746_downsampled.jpg,isic_0012746_downsampled,5,eebf0de7799463be2a73c3029e6a72da74aae656777c07ad8b883f498a475191,12738,0
C:\SRS(ISIC_2019)\Dataset\NV\ISIC_0012787_downsampled.jpg,isic_0012787_downsampled,5,39f653f67c0d33bc4c736992ea68e91e906b936307154de03c9df082d99cd68b,12742,0
C:\SRS(ISIC_2019)\Dataset\NV\ISIC_0012823_downsampled.jpg,isic_0012823_downsampled,5,26bf9b83621f7f2f9539229a8e032585762641de334c89d0ffe0583dfae8d45c,12750,0
C:\SRS(ISIC_2019)\Dataset\NV\ISIC_0012827_downsampled.jpg,isic_0012827_downsampled,5,6a558372333dcfcce5617ee0f8e4730937a13976cf07a377d589dfb4b4135abe,12752,0
C:\SRS(ISIC_2019)\Dataset\NV\ISIC_0012835_downsampled.jpg,isic_0012835_downsampled,5,f2e5c4c702ffbfa9d8d8d479276c83426b61b6da0c7df21d555e5377996a0324,12753,0
C:\SRS(ISIC_2019)\Dataset\NV\ISIC_0012871_downsampled.jpg,isic_0012871_downsampled,5,bc9702a4106eaa68d4dde35d246c0842c5e2d566734444588f66ae064565931a,12759,0
C:\SRS(ISIC_2019)\Dataset\NV\ISIC_0012904_downsampled.jpg,isic_0012904_downsampled,5,7e99aebcc3bc8e6dd6be4bf1da1df07994b7311ab55920bcf1149e82ff1f969f,12771,0
C:\SRS(ISIC_2019)\Dataset\NV\ISIC_0012956_downsampled.jpg,isic_0012956_downsampled,5,d4acb561d9ee1114eab6e040982e0df4cd7cd69bf2ded953a66d3366f21dab1d,12782,0
C:\SRS(ISIC_2019)\Dataset\NV\ISIC_0012957_downsampled.jpg,isic_0012957_downsampled,5,913db15e57af69fca9d682b276ff60e22d1b3335813bd2bd6264ca0ef11d3e21,12783,0
C:\SRS(ISIC_2019)\Dataset\NV\ISIC_0012999_downsampled.jpg,isic_0012999_downsampled,5,afc93a57e43b036fcc233336a8c77ab1c6312daeffe97b19401c61d11734771f,12794,0
C:\SRS(ISIC_2019)\Dataset\NV\ISIC_0013012_downsampled.jpg,isic_0013012_downsampled,5,184720169802cf18dfe5f5301df98b86e2e03e67a607816a024d62cededf5729,12799,0
C:\SRS(ISIC_2019)\Dataset\NV\ISIC_0013024_downsampled.jpg,isic_0013024_downsampled,5,5a5d4c5e2b951cee1daabb80fe13ee4ccf890b0573fd0742296e4e4f96d35033,12802,0
C:\SRS(ISIC_2019)\Dataset\NV\ISIC_0013026_downsampled.jpg,isic_0013026_downsampled,5,e21ce7ddc765a91b263048cc8a7cab496ac032f3221b02353bef17b15f08f442,12804,0
C:\SRS(ISIC_2019)\Dataset\NV\ISIC_0013037_downsampled.jpg,isic_0013037_downsampled,5,40e1b9bb2de85f7a1d0fe3a3c7b4acfde2a9bff3aadb64d8e8404c948de72fe1,12808,0
C:\SRS(ISIC_2019)\Dataset\NV\ISIC_0013039_downsampled.jpg,isic_0013039_downsampled,5,240e4aa06a05145d331f6b323d3b9a6e96d5da5f6a014797114c2d99f7220e75,12809,0
C:\SRS(ISIC_2019)\Dataset\NV\ISIC_0013086_downsampled.jpg,isic_0013086_downsampled,5,88587947b5ace250ce6686ceab65113b8e7bb015b7792b45c06111e3816ad628,12822,0
C:\SRS(ISIC_2019)\Dataset\NV\ISIC_0013094_downsampled.jpg,isic_0013094_downsampled,5,a35f7086a7357ac46ddd1cdb33172aa0095bfed087fdaf5cedd7602f802711c9,12825,0
C:\SRS(ISIC_2019)\Dataset\NV\ISIC_0013112_downsampled.jpg,isic_0013112_downsampled,5,a40ddca68172945a5fe013fbbbd7cd42481cbef0ccf4802e37740dedbc9a1a83,12831,0
C:\SRS(ISIC_2019)\Dataset\NV\ISIC_0013132_downsampled.jpg,isic_0013132_downsampled,5,e236caadc71a9cb952910cd91b5e3de81ba3e8a18e21c622e6fe59806de0c932,12839,0
C:\SRS(ISIC_2019)\Dataset\NV\ISIC_0013163_downsampled.jpg,isic_0013163_downsampled,5,bd01d6edf36fd9c0c7d8d724eacdf6e92aa5c08bc0cfa111df03ea22f0cd42f6,12845,0
C:\SRS(ISIC_2019)\Dataset\NV\ISIC_0013173_downsampled.jpg,isic_0013173_downsampled,5,4f25ae89894a0dac76e20309fdab40557cd238d41854d3de2d3fc75c504bb9b7,12848,0
C:\SRS(ISIC_2019)\Dataset\NV\ISIC_0013181_downsampled.jpg,isic_0013181_downsampled,5,0614b17962e89d26ec63b66bb4bdab18f88e3e5b279a119ccbc99cad1dcac85b,12850,0
C:\SRS(ISIC_2019)\Dataset\NV\ISIC_0013226_downsampled.jpg,isic_0013226_downsampled,5,1cf1bd01be8a17fa5192e0a7b3a748cfb862c04e93aa9bfa40eff67727cfbe88,12872,0
C:\SRS(ISIC_2019)\Dataset\NV\ISIC_0013235_downsampled.jpg,isic_0013235_downsampled,5,904be1bb865639a3cabe12920b5ed00a72aa2b70c5e503d310679be9d9faf6dd,12877,0
C:\SRS(ISIC_2019)\Dataset\NV\ISIC_0013244_downsampled.jpg,isic_0013244_downsampled,5,1f0178c8384fbba9a01fab6b676d33ba4084d00c2778f2ac856a9a253d1639ad,12880,0
C:\SRS(ISIC_2019)\Dataset\NV\ISIC_0013274_downsampled.jpg,isic_0013274_downsampled,5,ab9b234d06ac589b4bbd9f7e3828d983737edec1aa7c898b6d7be86513f9ceae,12885,0
C:\SRS(ISIC_2019)\Dataset\NV\ISIC_0013294_downsampled.jpg,isic_0013294_downsampled,5,05e1dfa49458c853af4511e2cf01963c0d4d36a32203a8bf28c4a182d45fc2b0,12890,0
C:\SRS(ISIC_2019)\Dataset\NV\ISIC_0013311_downsampled.jpg,isic_0013311_downsampled,5,48c80aae1fa4e9d4b2f82e9886eb00555cde7066088116bea9fb037e83c729cc,12895,0
C:\SRS(ISIC_2019)\Dataset\NV\ISIC_0013315_downsampled.jpg,isic_0013315_downsampled,5,e39a3e9e1f1f445b6456c4bb4e2a9cb233a6855b5d4de737e076952b82dcee7e,12897,0
C:\SRS(ISIC_2019)\Dataset\NV\ISIC_0013329_downsampled.jpg,isic_0013329_downsampled,5,da436c4162132786c2e3ae5c9e7041333276a4fd1899bc653b45c57fa1ec4317,12901,0
C:\SRS(ISIC_2019)\Dataset\NV\ISIC_0013378_downsampled.jpg,isic_0013378_downsampled,5,0586b52c7847f2ca5da5001026cb566c95e087181fa5ae2c100f5f51e60c54f6,12909,0
C:\SRS(ISIC_2019)\Dataset\NV\ISIC_0013424_downsampled.jpg,isic_0013424_downsampled,5,4cfa73bbe71f257c3f7cb9440b57114e1bfbe6a02e064d23620180e356e72af9,12923,0
C:\SRS(ISIC_2019)\Dataset\NV\ISIC_0013430_downsampled.jpg,isic_0013430_downsampled,5,909848506680aeb618cb23e1566dd98bce6048c8b832d97a72d2762628140491,12926,0
C:\SRS(ISIC_2019)\Dataset\NV\ISIC_0013438_downsampled.jpg,isic_0013438_downsampled,5,901f4c00aaeeb57f3508d8bccf73c8d2ad39207b1a53c2d2902829b6af87c6b9,12931,0
C:\SRS(ISIC_2019)\Dataset\NV\ISIC_0013498_downsampled.jpg,isic_0013498_downsampled,5,47ff3955285333f973e06230f8e74c08ccd3dfab0b9f5907a8a42720201addf8,12942,0
C:\SRS(ISIC_2019)\Dataset\NV\ISIC_0013529_downsampled.jpg,isic_0013529_downsampled,5,6ddff391a74556c724fb62cabb250d6c4740b806701f504070b9d8337282898c,12950,0
C:\SRS(ISIC_2019)\Dataset\NV\ISIC_0013553_downsampled.jpg,isic_0013553_downsampled,5,9dcca202d2fb693d6e79db0c091b8a3ad5f53fe2f9ed5e692484f5c8da3278c0,12952,0
C:\SRS(ISIC_2019)\Dataset\NV\ISIC_0013592_downsampled.jpg,isic_0013592_downsampled,5,afc575229836a1c5e20c52d20d7fe53cf0babafd115d8683132e9114fd1d3952,12959,0
C:\SRS(ISIC_2019)\Dataset\NV\ISIC_0013595_downsampled.jpg,isic_0013595_downsampled,5,8e7fe6c2e5c9aeca1bcad4a0e4f72e86088e478edc83378ba871b1ce23b14159,12960,0
C:\SRS(ISIC_2019)\Dataset\NV\ISIC_0013600_downsampled.jpg,isic_0013600_downsampled,5,a943e62275bd2b17a7ad4caaba49ee5bb72c913cb572d27c9c0eb133e9962185,12964,0
C:\SRS(ISIC_2019)\Dataset\NV\ISIC_0013712_downsampled.jpg,isic_0013712_downsampled,5,dd4910568140964f3da57f337574a8b93abc41fa4129283e7ee084f2346ab228,12978,0
C:\SRS(ISIC_2019)\Dataset\NV\ISIC_0013721_downsampled.jpg,isic_0013721_downsampled,5,b34cb5375fe04f3d85af5cc53835ee5256a77b30b77deca9aaf95c4044d31f74,12981,0
C:\SRS(ISIC_2019)\Dataset\NV\ISIC_0013737_downsampled.jpg,isic_0013737_downsampled,5,10d4d499eb94157e4b2142391ce5be6035f56a9eaf6ef635bb84ab2af8e6a375,12982,0
C:\SRS(ISIC_2019)\Dataset\NV\ISIC_0013796_downsampled.jpg,isic_0013796_downsampled,5,09198ecffa8aa371ed9fa9e6f91e10c7d42c63a2a6692f88c8fdba33ea40002f,12995,0
C:\SRS(ISIC_2019)\Dataset\NV\ISIC_0013799_downsampled.jpg,isic_0013799_downsampled,5,6c51ba23d87eae4d8ccaa25d2dcadf4e1e647556844f185796db73c526c359dc,12998,0
C:\SRS(ISIC_2019)\Dataset\NV\ISIC_0013807_downsampled.jpg,isic_0013807_downsampled,5,52ca95f66502b55ba6cd9607dd5f426027daf9ea5460a6f909cd346b93fff4bd,13006,0
C:\SRS(ISIC_2019)\Dataset\NV\ISIC_0013886_downsampled.jpg,isic_0013886_downsampled,5,c08a4fb57c3407e7cdc02c5b0c6a5bbf1999254e96379da87e7eb20ee99ae691,13018,0
C:\SRS(ISIC_2019)\Dataset\NV\ISIC_0013897_downsampled.jpg,isic_0013897_downsampled,5,b839400b2acf07105a888938e46c438379eac0896cb3cb68ac6c4b3fe778a7aa,13022,0
C:\SRS(ISIC_2019)\Dataset\NV\ISIC_0013942_downsampled.jpg,isic_0013942_downsampled,5,f31f65aa8675e76973515ac920882aebeaa837b0b87e77d7d21ee03e8794d572,13028,0
C:\SRS(ISIC_2019)\Dataset\NV\ISIC_0013946_downsampled.jpg,isic_0013946_downsampled,5,3d393f62382826bfa489c7f76585b7a9b6d9f7d9d199d83262306206c303518a,13029,0
C:\SRS(ISIC_2019)\Dataset\NV\ISIC_0013971_downsampled.jpg,isic_0013971_downsampled,5,038b0f065d736bf31eda42c823b3089099e0c905357d4d8f623c45634019ed27,13036,0
C:\SRS(ISIC_2019)\Dataset\NV\ISIC_0014069_downsampled.jpg,isic_0014069_downsampled,5,db2035e6467960b6d150eb5c4e59ab66fc24d6b4cc19f27f91ec79e265cd95dc,13047,0
C:\SRS(ISIC_2019)\Dataset\NV\ISIC_0014114_downsampled.jpg,isic_0014114_downsampled,5,2a3b16d031f700f2738e82389b4fd05c051aba46de79975f6c69788ffc3d12eb,13055,0
C:\SRS(ISIC_2019)\Dataset\NV\ISIC_0014195_downsampled.jpg,isic_0014195_downsampled,5,2c1a8b19b9caac52bb4e2eea90a3664a352bcccbc07e11f462aa7cf1589fd505,13067,0
C:\SRS(ISIC_2019)\Dataset\NV\ISIC_0014365_downsampled.jpg,isic_0014365_downsampled,5,f4ed9ba23c64f240520b04f798c71af4ef1258974f8b808e8acaa46738ed8eca,13081,0
C:\SRS(ISIC_2019)\Dataset\NV\ISIC_0014440_downsampled.jpg,isic_0014440_downsampled,5,fb58e00c3cd42a17691af5b30b6bc2b036d76498379ed13ebd7a3b32c5c80862,13087,0
C:\SRS(ISIC_2019)\Dataset\NV\ISIC_0014502_downsampled.jpg,isic_0014502_downsampled,5,e94e04095c4047a30743ec68761aba1e2a58d6e351ec476b77a9c8cc5ff871c1,13097,0
C:\SRS(ISIC_2019)\Dataset\NV\ISIC_0014522_downsampled.jpg,isic_0014522_downsampled,5,2920bfba39d4ac879b202a8d4f9948cdc598ae0fa89ad1e89c3419579ce5ffbb,13100,0
C:\SRS(ISIC_2019)\Dataset\NV\ISIC_0014529_downsampled.jpg,isic_0014529_downsampled,5,d71e64892645c94595614d5d2ed1a6693724443601203a03070d2bc4c1463e83,13101,0
C:\SRS(ISIC_2019)\Dataset\NV\ISIC_0014547_downsampled.jpg,isic_0014547_downsampled,5,7dac0f9dcbfdbc49edb6170b37763cc21c79efb5f548f75f4d56acc41071440a,13102,0
C:\SRS(ISIC_2019)\Dataset\NV\ISIC_0014657_downsampled.jpg,isic_0014657_downsampled,5,5d42236181b63426acde3b4d640c000504022ed57178d4f0ad4348bde62fc254,13103,0
C:\SRS(ISIC_2019)\Dataset\NV\ISIC_0014661_downsampled.jpg,isic_0014661_downsampled,5,f4e3e340c78a7e18dec8ca15846f720728e5996c7836398fa1666b3f780668e3,13105,0
C:\SRS(ISIC_2019)\Dataset\NV\ISIC_0014664_downsampled.jpg,isic_0014664_downsampled,5,7716e038371038d3884e5e59c5eae636f12a9e7c6c90b603747e2421234fa18d,13106,0
C:\SRS(ISIC_2019)\Dataset\NV\ISIC_0014665_downsampled.jpg,isic_0014665_downsampled,5,86280b733a8d47c7f1b018e627a0327b6b8b75499013a05ea44d87b53259a1e1,13107,0
C:\SRS(ISIC_2019)\Dataset\NV\ISIC_0014667_downsampled.jpg,isic_0014667_downsampled,5,c2573ff5ddb316e3ee75fb33c059670e71fc232e61ace5a14e1759f187011c7d,13108,0
C:\SRS(ISIC_2019)\Dataset\NV\ISIC_0014724_downsampled.jpg,isic_0014724_downsampled,5,93943a6481d84d71c73b56e232c1ef06127212277139079b72f11f448c449a70,13132,0
C:\SRS(ISIC_2019)\Dataset\NV\ISIC_0014726_downsampled.jpg,isic_0014726_downsampled,5,9050cc39420fad3fd396ad31c991b31cf7273a7e84e84f771d2267b82123050c,13134,0
C:\SRS(ISIC_2019)\Dataset\NV\ISIC_0014743_downsampled.jpg,isic_0014743_downsampled,5,05995430490b605d6d73178c2aca2106b7a2121fbe0acebf4c803cfee90153df,13142,0
C:\SRS(ISIC_2019)\Dataset\NV\ISIC_0014754_downsampled.jpg,isic_0014754_downsampled,5,25cdb77e20a78c6d143eb3c760f8b1ac97eb4ff3f848e591983bf4e377b66ce2,13148,0
C:\SRS(ISIC_2019)\Dataset\NV\ISIC_0014769_downsampled.jpg,isic_0014769_downsampled,5,2cf4d6cf0b879d3a0ba937ca7cbcfc505eaae29708f9c2cf74a4010eb87a1a40,13155,0
C:\SRS(ISIC_2019)\Dataset\NV\ISIC_0014775_downsampled.jpg,isic_0014775_downsampled,5,9a1af1948acda3e2f636570eb60b23f4790cabaf02cd88d85a37d8de02d5d242,13158,0
C:\SRS(ISIC_2019)\Dataset\NV\ISIC_0014778_downsampled.jpg,isic_0014778_downsampled,5,d724188bcf5938107e3bd7644b546f9fd7ef574552910828de686c974dfd23ff,13159,0
C:\SRS(ISIC_2019)\Dataset\NV\ISIC_0014808_downsampled.jpg,isic_0014808_downsampled,5,ebbe310cac0b3abba8cf67263de8cf264aa5cb4b63ecd752b1c5961085ab9bb7,13177,0
C:\SRS(ISIC_2019)\Dataset\NV\ISIC_0014820_downsampled.jpg,isic_0014820_downsampled,5,2c0e356ab9e2bb077ec435b1f4d8636f7d15f38de5655ade35573b49d49babd7,13182,0
C:\SRS(ISIC_2019)\Dataset\NV\ISIC_0014825_downsampled.jpg,isic_0014825_downsampled,5,4f51c626d63334a015e35d8f2d5b0fe0cb889424059ad7ad14d05282077a85de,13185,0
C:\SRS(ISIC_2019)\Dataset\NV\ISIC_0014830_downsampled.jpg,isic_0014830_downsampled,5,8f5d380d1e8e7088634b23a95e01c9ef6d4c83c552fe81d4ba159d1953638a12,13187,0
C:\SRS(ISIC_2019)\Dataset\NV\ISIC_0014835_downsampled.jpg,isic_0014835_downsampled,5,b8753b240739b44b17ea7ab99e3a76ebbd479f97c13c7f63d04ae1c5c222b4c7,13190,0
C:\SRS(ISIC_2019)\Dataset\NV\ISIC_0014855_downsampled.jpg,isic_0014855_downsampled,5,50b96369a005b7366b2e5024fc8809e33eebcf214f3f29e2d877020e7874bb50,13204,0
C:\SRS(ISIC_2019)\Dataset\NV\ISIC_0014860_downsampled.jpg,isic_0014860_downsampled,5,56d411dc745e755f2fb52c7dcd8bca539c69410b059675f52b942419ac4f5ff8,13205,0
C:\SRS(ISIC_2019)\Dataset\NV\ISIC_0014879_downsampled.jpg,isic_0014879_downsampled,5,fbea8239b8e90263496cb53260f90f5a5a2fb3e53a4f5f03ef249784dabac45b,13212,0
C:\SRS(ISIC_2019)\Dataset\NV\ISIC_0014927_downsampled.jpg,isic_0014927_downsampled,5,cb5cb55cc828c8f8504c3bb4d11280300428f72980c1655b5eb797ffefc275aa,13228,0
C:\SRS(ISIC_2019)\Dataset\NV\ISIC_0014929_downsampled.jpg,isic_0014929_downsampled,5,74193f11aa21d09af02c1d2b59dee733e99cf0d8786574bc56cf6eb110184b1d,13229,0
C:\SRS(ISIC_2019)\Dataset\NV\ISIC_0014945_downsampled.jpg,isic_0014945_downsampled,5,ab8d504390128c52893d14ecf62fcad7385835223292df8ba6ab5fd8757e01b0,13240,0
C:\SRS(ISIC_2019)\Dataset\NV\ISIC_0014948_downsampled.jpg,isic_0014948_downsampled,5,16d4c5bfba269a493b703473ee2bae772f499d53da3b612174a93430ab687b0b,13242,0
C:\SRS(ISIC_2019)\Dataset\NV\ISIC_0014969_downsampled.jpg,isic_0014969_downsampled,5,97c0d188b5b8b4ff7a8d275e49f2ded9a04cee2a1f60f4164d1024147abadce1,13255,0
C:\SRS(ISIC_2019)\Dataset\NV\ISIC_0015002_downsampled.jpg,isic_0015002_downsampled,5,78cdbe3d44b4aded88113535c12cdec0c398043470fe7e0c7b448b08b2ac7770,13263,0
C:\SRS(ISIC_2019)\Dataset\NV\ISIC_0015016_downsampled.jpg,isic_0015016_downsampled,5,cd87787719f151c2ed6610dedab52fe408f42c7a20ad73d3985e08f9ae4c0d63,13271,0
C:\SRS(ISIC_2019)\Dataset\NV\ISIC_0015018_downsampled.jpg,isic_0015018_downsampled,5,ae4ea6c47cbc3f3235a2588f4162104c6b02cb49a0c05672d2503c34c1093865,13272,0
C:\SRS(ISIC_2019)\Dataset\NV\ISIC_0015023_downsampled.jpg,isic_0015023_downsampled,5,63a1b766bf8c6d4110ee882a2bc0b432587d6b078f7af50d1fc1f8eecb3a0780,13276,0
C:\SRS(ISIC_2019)\Dataset\NV\ISIC_0015043_downsampled.jpg,isic_0015043_downsampled,5,75d076e347128f774f49808952f84fb5e57c4d159facbfd36ce36503b2f0e573,13284,0
C:\SRS(ISIC_2019)\Dataset\NV\ISIC_0015078_downsampled.jpg,isic_0015078_downsampled,5,376b7f48f8ae8a90a138e8ab1ad469107f63a7230560b3d1a191a6940c9c1a39,13290,0
C:\SRS(ISIC_2019)\Dataset\NV\ISIC_0015129_downsampled.jpg,isic_0015129_downsampled,5,6fd7da45d663d34d8b9fd409aa3e757087848efee77c897a2ae6a9fd9deb4794,13295,0
C:\SRS(ISIC_2019)\Dataset\NV\ISIC_0015139_downsampled.jpg,isic_0015139_downsampled,5,009acef9d6ce4660f8edf408899245bc65b4a426d277c1c170f6ce85248164d6,13297,0
C:\SRS(ISIC_2019)\Dataset\NV\ISIC_0015144_downsampled.jpg,isic_0015144_downsampled,5,6a2d5463bfe88b9bb7eff9cb41c76a7f9d500dd7f1766f24f3005845c9f50253,13299,0
C:\SRS(ISIC_2019)\Dataset\NV\ISIC_0015215_downsampled.jpg,isic_0015215_downsampled,5,a4ffe14717d86875e141afff40a5507a490bfc3bb5de6e2a5b04e08eae2c66c6,13322,0
C:\SRS(ISIC_2019)\Dataset\NV\ISIC_0015216_downsampled.jpg,isic_0015216_downsampled,5,d89976e55a1854d97053f7bea8a9d61f5ebd4d3fe128616440659c786e789e9c,13323,0
C:\SRS(ISIC_2019)\Dataset\NV\ISIC_0015217_downsampled.jpg,isic_0015217_downsampled,5,b182d5497b2097fc6699a8feae281d5b66d0f58e45c66aa663fc27f4d74e18f1,13324,0
C:\SRS(ISIC_2019)\Dataset\NV\ISIC_0015223_downsampled.jpg,isic_0015223_downsampled,5,2865985be558a494953d2319505063b05b76b155e1a0251037e5e81f320e9b31,13326,0
C:\SRS(ISIC_2019)\Dataset\NV\ISIC_0015232_downsampled.jpg,isic_0015232_downsampled,5,8452a2fcbf32eb422829ff73f6d4d32ea451a68fa20b35eed0822bb3262819e1,13329,0
C:\SRS(ISIC_2019)\Dataset\NV\ISIC_0015258_downsampled.jpg,isic_0015258_downsampled,5,b5065cff3db4430702f87d3152b748e0ddc588bdf6e988d135e4838249a3a089,13337,0
C:\SRS(ISIC_2019)\Dataset\NV\ISIC_0015264_downsampled.jpg,isic_0015264_downsampled,5,ace3885960f32d83dc92e957029e5e2e2a4d4f79414de387d18c1aacec9427de,13338,0
C:\SRS(ISIC_2019)\Dataset\NV\ISIC_0015273_downsampled.jpg,isic_0015273_downsampled,5,93a83421a1717d1fa3c0dc00a17ebeaf9f9955a309fc0fb8bfdf1fb814a36945,13340,0
C:\SRS(ISIC_2019)\Dataset\NV\ISIC_0015279_downsampled.jpg,isic_0015279_downsampled,5,7b8cf0bb4e152a703fecd7de7a91e7315404fb6839940b57e1a87cbcc2dca3cc,13343,0
C:\SRS(ISIC_2019)\Dataset\NV\ISIC_0015310_downsampled.jpg,isic_0015310_downsampled,5,ecf205ff88f33b2f58a1a15379462d9706f92ca30cd4f53830468e3de7a6cad2,13349,0
C:\SRS(ISIC_2019)\Dataset\NV\ISIC_0015364_downsampled.jpg,isic_0015364_downsampled,5,bcdbea6f99fc123398a77f78430ed077dfd2ffbd6ef09278da48799109a21833,13361,0
C:\SRS(ISIC_2019)\Dataset\NV\ISIC_0015403_downsampled.jpg,isic_0015403_downsampled,5,b30202e376cd442aff88f632b39eb210fd1eb3348dbd773bd21a1d3fe5645b6c,13370,0
C:\SRS(ISIC_2019)\Dataset\NV\ISIC_0015416_downsampled.jpg,isic_0015416_downsampled,5,cda7951aeef3497ffc48f35aa388735d77ac99d585eba5279dc72f90bc531a2a,13374,0
C:\SRS(ISIC_2019)\Dataset\NV\ISIC_0015418_downsampled.jpg,isic_0015418_downsampled,5,27db0acb4af765ced624d907af6e2aec1f9e22631cc3d175092c9a5152af8414,13376,0
C:\SRS(ISIC_2019)\Dataset\NV\ISIC_0015419_downsampled.jpg,isic_0015419_downsampled,5,766708c186e22a779bcf87a0b81068105579f6eae99ac481dc31069bde34e209,13377,0
C:\SRS(ISIC_2019)\Dataset\NV\ISIC_0015445_downsampled.jpg,isic_0015445_downsampled,5,976d3feddafdaa0358d30b5c61432d34e0119aeb2e3dddc79ca22fd2baa8c3b8,13381,0
C:\SRS(ISIC_2019)\Dataset\NV\ISIC_0015481_downsampled.jpg,isic_0015481_downsampled,5,464cbdb41a2c7d75d5980a57047757ab3c54c069929d67bd607cc55fc27d3c97,13388,0
C:\SRS(ISIC_2019)\Dataset\NV\ISIC_0015566_downsampled.jpg,isic_0015566_downsampled,5,d1c06469c56aeffee831ece6de987701afef58202e0608a3582d3da8324175cf,13399,0
C:\SRS(ISIC_2019)\Dataset\NV\ISIC_0015593_downsampled.jpg,isic_0015593_downsampled,5,17f9318b40c9e511a63084bd8d96a8efff3db2352fdd132aec376cc5c113ac8d,13402,0
C:\SRS(ISIC_2019)\Dataset\NV\ISIC_0015603_downsampled.jpg,isic_0015603_downsampled,5,22b20869d4b71818f6367889ccdefd5dcbb39cfa8557bf85aea0158dabc72741,13403,0
C:\SRS(ISIC_2019)\Dataset\NV\ISIC_0015617_downsampled.jpg,isic_0015617_downsampled,5,6b9e9a373a0f1618fecbd6a581152be6a43cc03f190a200df7324cd49155a929,13406,0
C:\SRS(ISIC_2019)\Dataset\NV\ISIC_0015627_downsampled.jpg,isic_0015627_downsampled,5,cdd543400bcb1c8da68565ae4c5ed33489fb9439aa2b21c2b6b1c6af71e3d854,13408,0
C:\SRS(ISIC_2019)\Dataset\NV\ISIC_0015636_downsampled.jpg,isic_0015636_downsampled,5,9f6e7f8a8ca35103fbb73c1cf1603d3b22a613bfa5653cc85adc19f5c1a0ec53,13410,0
C:\SRS(ISIC_2019)\Dataset\NV\ISIC_0015940_downsampled.jpg,isic_0015940_downsampled,5,26f8fc9ceffffea4328720fae123eecb7c6d62f77786d6348644490d52804917,13418,0
C:\SRS(ISIC_2019)\Dataset\NV\ISIC_0015950_downsampled.jpg,isic_0015950_downsampled,5,13814faf3264fa03be27168456055e643613ce5a0b0db35ee771f11c8587babb,13428,0
C:\SRS(ISIC_2019)\Dataset\NV\ISIC_0015956_downsampled.jpg,isic_0015956_downsampled,5,200d7ce35835da7c99b289b954d4d0be6698e9ab4b081eeab2197d7d43fc0e1b,13434,0
C:\SRS(ISIC_2019)\Dataset\NV\ISIC_0015957_downsampled.jpg,isic_0015957_downsampled,5,44652166967fd1d34ad6709bb7631d0d9981c3c503885e049eb11e0040bafe31,13435,0
C:\SRS(ISIC_2019)\Dataset\NV\ISIC_0015960_downsampled.jpg,isic_0015960_downsampled,5,98e2cdecdbad79e948bcf871b03acd3c8857e933a74451a0f8e801e6a79f900f,13438,0
C:\SRS(ISIC_2019)\Dataset\NV\ISIC_0015963_downsampled.jpg,isic_0015963_downsampled,5,cfca5382c3546e2c29e102025911a92f90c1b0242ca0d496bfda396e1f2d9c6c,13441,0
C:\SRS(ISIC_2019)\Dataset\NV\ISIC_0015972_downsampled.jpg,isic_0015972_downsampled,5,b066b6c868cfa250458808ad56b4509f94a3d50ed68ceef2f1b40cda159f7dff,13449,0
C:\SRS(ISIC_2019)\Dataset\NV\ISIC_0015974_downsampled.jpg,isic_0015974_downsampled,5,e16e221b998c63f78dc24474ec23e7967f9d9182f7c6d26527d8fa073fa54c34,13451,0
C:\SRS(ISIC_2019)\Dataset\NV\ISIC_0015975_downsampled.jpg,isic_0015975_downsampled,5,6b3cd97051275197e3d0915863cda941b2d72c9d8b13c250e27aac257eaf9f2d,13452,0
C:\SRS(ISIC_2019)\Dataset\NV\ISIC_0015978_downsampled.jpg,isic_0015978_downsampled,5,ec8b15fcbb2ea81f58094cf2ed23f5a4e8f31efd906a9048b88758e2427d8642,13454,0
C:\SRS(ISIC_2019)\Dataset\NV\ISIC_0015981_downsampled.jpg,isic_0015981_downsampled,5,bd2eaa50753d97c90d317ef9e6fc7039fc6f1ba77a9167bfacbd84aaf8c62256,13456,0
C:\SRS(ISIC_2019)\Dataset\NV\ISIC_0015983_downsampled.jpg,isic_0015983_downsampled,5,89f793393a4058da42c9d616b497c48b7cb58c8e0d688cde906f12ca12843f58,13457,0
C:\SRS(ISIC_2019)\Dataset\NV\ISIC_0015985_downsampled.jpg,isic_0015985_downsampled,5,69867204a48ee3a0f94eeccbdd17e89ad46e7a7adfb6d37c13021816de9bee39,13459,0
C:\SRS(ISIC_2019)\Dataset\NV\ISIC_0015989_downsampled.jpg,isic_0015989_downsampled,5,749493f2e8276b166384e296923c13664a2629a7de78150565e256d343d341cd,13463,0
C:\SRS(ISIC_2019)\Dataset\NV\ISIC_0015995_downsampled.jpg,isic_0015995_downsampled,5,e736bc33756572fb2e7abb0075b1160b7c1e6d8b4b2a87ce6b8df1dd761baecf,13469,0
C:\SRS(ISIC_2019)\Dataset\NV\ISIC_0016009_downsampled.jpg,isic_0016009_downsampled,5,c8e3c459e61a8f1bbb4437c02520c07b3732b27b638fbec1af78471c587ad0b0,13481,0
C:\SRS(ISIC_2019)\Dataset\NV\ISIC_0016014_downsampled.jpg,isic_0016014_downsampled,5,c35169909c3dbf655aab7b9b939384472ee75ef7d9c62bdafa6eb02046fb5fa3,13485,0
C:\SRS(ISIC_2019)\Dataset\NV\ISIC_0016026_downsampled.jpg,isic_0016026_downsampled,5,c08e9c868841801aac55d3957af00f00fdcfe4b03983f30f091f05673efd1042,13494,0
C:\SRS(ISIC_2019)\Dataset\NV\ISIC_0016028_downsampled.jpg,isic_0016028_downsampled,5,c28dd8c677823257026d56dbb3145c3c2191ffc0c124f586406e25d6c7cacae1,13496,0
C:\SRS(ISIC_2019)\Dataset\NV\ISIC_0016029_downsampled.jpg,isic_0016029_downsampled,5,39ccd7c92db05597250f784c2a0da3cf1b90615984bdd29427f172be7b636f94,13497,0
C:\SRS(ISIC_2019)\Dataset\NV\ISIC_0016034_downsampled.jpg,isic_0016034_downsampled,5,dff09b5d179f64d69d06a4c9dbe2e43f06cfe15f67ab908d646e7455d8fee665,13501,0
C:\SRS(ISIC_2019)\Dataset\NV\ISIC_0016048_downsampled.jpg,isic_0016048_downsampled,5,458c8de8ff9638429d31d6e25b189059dd4c6412d0e9dd232e3e0d7df2aad58c,13513,0
C:\SRS(ISIC_2019)\Dataset\NV\ISIC_0016053_downsampled.jpg,isic_0016053_downsampled,5,1a26bc2638ba1c1577d6fa496062097f1ff7485e532aa2128df573703b3d9928,13518,0
C:\SRS(ISIC_2019)\Dataset\NV\ISIC_0016059_downsampled.jpg,isic_0016059_downsampled,5,038531a4f7adfef24b73de31a80573e91a9894b13eddd518cf6bd4f7008baa3d,13524,0
C:\SRS(ISIC_2019)\Dataset\NV\ISIC_0016071_downsampled.jpg,isic_0016071_downsampled,5,37c2d5be0bc11ca13e1319cb02cd70654db7e6a2ddaba6cbe41dca3ca68dc022,13535,0
C:\SRS(ISIC_2019)\Dataset\NV\ISIC_0024306.jpg,isic_0024306,5,200ad6e2c9d8a56595f35f715d8c3af7ea45b1ad7b7e5133fe6a13b809abb4b4,13537,0
C:\SRS(ISIC_2019)\Dataset\NV\ISIC_0024308.jpg,isic_0024308,5,1e5929eb9623d951e1dde3db0d5de5a8ce4fc1869e9b47bc638dc28763af619f,13539,0
C:\SRS(ISIC_2019)\Dataset\NV\ISIC_0024309.jpg,isic_0024309,5,c4421c417d4ba9debcb42ff0b9de5c198b3fecdccb848a702d727d2e79309a80,13540,0
C:\SRS(ISIC_2019)\Dataset\NV\ISIC_0024320.jpg,isic_0024320,5,f6843469c3af09e672ece97fcc0d95ed0122e65b406e244001471b83b07d8ece,13546,0
C:\SRS(ISIC_2019)\Dataset\NV\ISIC_0024328.jpg,isic_0024328,5,731f372657090aa602ee5b8c52b27a99199e7c762f734262172111394b3f491c,13552,0
C:\SRS(ISIC_2019)\Dataset\NV\ISIC_0024357.jpg,isic_0024357,5,79c502f69ac4650b5bc793826278e66fb6339cfb5ef4b75fc78bc445df228d6b,13571,0
C:\SRS(ISIC_2019)\Dataset\NV\ISIC_0024366.jpg,isic_0024366,5,b8b37d24e294c5182a1884741c109d8b3bc58edaa993e8c331bd2a15e3e603e6,17338,0
C:\SRS(ISIC_2019)\Dataset\NV\ISIC_0024368.jpg,isic_0024368,5,139af9f9d600f9a87ac16c1b7993980b3bcc824f153c11785605a906b12b51cb,13579,0
C:\SRS(ISIC_2019)\Dataset\NV\ISIC_0024373.jpg,isic_0024373,5,5e46761669d96d29de31bf851732ef96d11a6cb508f00bcc3710630d036f8ba1,13581,0
C:\SRS(ISIC_2019)\Dataset\NV\ISIC_0024376.jpg,isic_0024376,5,70ee4eef30a38918891340fd6208bd6210d619b23ae52541fd4d718c5b2163f6,13583,0
C:\SRS(ISIC_2019)\Dataset\NV\ISIC_0024377.jpg,isic_0024377,5,82203578f33ac6852e8baf88c17f2081e59e7dcc258968bc12ced2defe7e67cc,13584,0
C:\SRS(ISIC_2019)\Dataset\NV\ISIC_0024384.jpg,isic_0024384,5,88b3228822b0822f88d05b4b8977079ca4c18ecfc450b77b9fc7dad145184538,13588,0
C:\SRS(ISIC_2019)\Dataset\NV\ISIC_0024392.jpg,isic_0024392,5,df537beb4e907353a6993e95a0a04cdfd2d24033ff7eec9e05070b2acdc6ed27,13595,0
C:\SRS(ISIC_2019)\Dataset\NV\ISIC_0024394.jpg,isic_0024394,5,3c1332d5cc1b31d4dcbefd8d4b11095ac29ab29c1ff7d830ba158144768689e7,13597,0
C:\SRS(ISIC_2019)\Dataset\NV\ISIC_0024401.jpg,isic_0024401,5,2f142a247de339ffb1d1fc2938c2ccb425b585a3dd9f22a21e7435a490aee24a,13602,0
C:\SRS(ISIC_2019)\Dataset\NV\ISIC_0024416.jpg,isic_0024416,5,beeb6c8073112595124150c74b1432675911ba150e1f60034895fb3795ae509d,13610,0
C:\SRS(ISIC_2019)\Dataset\NV\ISIC_0024423.jpg,isic_0024423,5,fe0a5ad0538a2f1be607c4c67fa8c2e4661410c568bcc0cdbde253b7f91cbe2c,13614,0
C:\SRS(ISIC_2019)\Dataset\NV\ISIC_0024425.jpg,isic_0024425,5,c0601a6064a9119d1ea48e8837df888aabefdbbd0d4bc3bdddf70b50fe4aaf76,13616,0
C:\SRS(ISIC_2019)\Dataset\NV\ISIC_0024430.jpg,isic_0024430,5,a6d13c68e5be51b2a0879f16d73448295027648f584c635d5bacbe58431e657e,13620,0
C:\SRS(ISIC_2019)\Dataset\NV\ISIC_0024438.jpg,isic_0024438,5,21c9d848525a25025e0e7aa1cefc93e00f2b215f6f19f13c658e65d91686f55c,13624,0
C:\SRS(ISIC_2019)\Dataset\NV\ISIC_0024441.jpg,isic_0024441,5,31a1e55647e1b6a764cf41432fbb42115a19282b6a4f3030acd976ef323481da,13627,0
C:\SRS(ISIC_2019)\Dataset\NV\ISIC_0024476.jpg,isic_0024476,5,30a7e6755134166ad0bab099ec6a20a2b6111c28288bd9f27a31f2ccf88d9728,13644,0
C:\SRS(ISIC_2019)\Dataset\NV\ISIC_0024499.jpg,isic_0024499,5,bdc32b9e90be931643a83695e211a2b6f06decc0fc8282211c6b30a41c5e8c50,13658,0
C:\SRS(ISIC_2019)\Dataset\NV\ISIC_0024500.jpg,isic_0024500,5,abb7cf5a5b56a2226f42b6b63153825f17c5df608b6e06008f9141211d41cf88,13659,0
C:\SRS(ISIC_2019)\Dataset\NV\ISIC_0024510.jpg,isic_0024510,5,d43d0ca1d1b33b6207d2b4ab655696f079291273ede2c14e0dc6e565e787873e,13667,0
C:\SRS(ISIC_2019)\Dataset\NV\ISIC_0024512.jpg,isic_0024512,5,498cd39906dbf20fbe57916cb095c719e3ddf4ed9060cacd3b165ddabed0c0c8,13668,0
C:\SRS(ISIC_2019)\Dataset\NV\ISIC_0024520.jpg,isic_0024520,5,2d1919e9075d22e721d62c0cf311c15e7ce67356da977014f08ef220f9efea36,13673,0
C:\SRS(ISIC_2019)\Dataset\NV\ISIC_0024521.jpg,isic_0024521,5,ddb57700bf9f0c4f918d01585bfe6521497158a37c4ad2caf36c5280234ac066,13674,0
C:\SRS(ISIC_2019)\Dataset\NV\ISIC_0024526.jpg,isic_0024526,5,11da5f94dca3d060da2ca0d52a8761cf33deaea043427f68419055915e3ecc7e,13677,0
C:\SRS(ISIC_2019)\Dataset\NV\ISIC_0024527.jpg,isic_0024527,5,6302d9731cac17705d28946ebacb0d412f1bb3fc9b16b98f4ae37296ba4adceb,13678,0
C:\SRS(ISIC_2019)\Dataset\NV\ISIC_0024542.jpg,isic_0024542,5,b37597fb4504625de9b1d48ac402b0ef43b3666c918d82320d5e40fec046afba,13691,0
C:\SRS(ISIC_2019)\Dataset\NV\ISIC_0024570.jpg,isic_0024570,5,07088e7fea27440b20d056809532594e01b431471a599cb88e9d7a5110f0fc04,13710,0
C:\SRS(ISIC_2019)\Dataset\NV\ISIC_0024587.jpg,isic_0024587,5,9d435dbfe90ff61ffb93325bede87939727790b56220e0ee9b4074aade0b4630,13719,0
C:\SRS(ISIC_2019)\Dataset\NV\ISIC_0024589.jpg,isic_0024589,5,7d4380703108817e88b16d6c631b5cc5fbebdbfc6c8517738e7c756bde45c1df,13721,0
C:\SRS(ISIC_2019)\Dataset\NV\ISIC_0024603.jpg,isic_0024603,5,a11698e6c9e74ee6775e260c66ee5c86f6b7d7910074a0524da3b8c198a123cf,13731,0
C:\SRS(ISIC_2019)\Dataset\NV\ISIC_0024614.jpg,isic_0024614,5,ef8966ca34ee69dd7feb9a6e846fc30b53f0aa0ac276baa0673e9792566fe85b,13741,0
C:\SRS(ISIC_2019)\Dataset\NV\ISIC_0024617.jpg,isic_0024617,5,1aec13362200ac1d8104272575e65469c5d41df958d877dd65660ccb6f3b0b4e,13744,0
C:\SRS(ISIC_2019)\Dataset\NV\ISIC_0024621.jpg,isic_0024621,5,234b02d8f11b899c61f137bd8fe610f8167f264149004e8638e896b906635008,13748,0
C:\SRS(ISIC_2019)\Dataset\NV\ISIC_0024625.jpg,isic_0024625,5,1d947b51830645d3797cd6485367ed0c0dd28be509ab546f755d6e384fab0e65,13750,0
C:\SRS(ISIC_2019)\Dataset\NV\ISIC_0024657.jpg,isic_0024657,5,6c00eef6abbedef45ef5e37f89ebaa0a615c527a547ab083b2473f350181a442,13770,0
C:\SRS(ISIC_2019)\Dataset\NV\ISIC_0024659.jpg,isic_0024659,5,cd8fd7621bc76466dd998d477ded394a5bd1152fa96392b0c702297b4e676d6a,13772,0
C:\SRS(ISIC_2019)\Dataset\NV\ISIC_0024668.jpg,isic_0024668,5,5e2ebc425502d060b0e0ec6d44bc8b11d82c8b2ec3709a561f05d1bfb8f38799,13778,0
C:\SRS(ISIC_2019)\Dataset\NV\ISIC_0024671.jpg,isic_0024671,5,05e2a5e612ec6bc199f9dea7c92f3e9e18142862632f154c59748b0ea6ab709a,13780,0
C:\SRS(ISIC_2019)\Dataset\NV\ISIC_0024683.jpg,isic_0024683,5,336fe778bfc792b59faeef7f17b0d9f9402a765f2018aebf71e59bc55d5c738c,13787,0
C:\SRS(ISIC_2019)\Dataset\NV\ISIC_0024686.jpg,isic_0024686,5,8ebb66bef1ba4b86e00e079db28fa3738a40004bf62e85418209ce0796f1b64e,13790,0
C:\SRS(ISIC_2019)\Dataset\NV\ISIC_0024699.jpg,isic_0024699,5,dc4e4e1e2b1bf6a440c24eaed625dab5f295b66909835dbf102ca8e93efed9e9,13801,0
C:\SRS(ISIC_2019)\Dataset\NV\ISIC_0024714.jpg,isic_0024714,5,2a231a4e4bf5c143c7c6f873c16aeee453c703d5c3ea216c78c1a207ec160e33,13806,0
C:\SRS(ISIC_2019)\Dataset\NV\ISIC_0024716.jpg,isic_0024716,5,4a41a5dc789c01b78bc29b4993aebef2981f8ab04d4ecb25f9030a9266961351,13808,0
C:\SRS(ISIC_2019)\Dataset\NV\ISIC_0024720.jpg,isic_0024720,5,211fdd9aa069dbd528f88975f5055b8a7bbc3dd6bcc9159b0870de3ea26a8dbb,13812,0
C:\SRS(ISIC_2019)\Dataset\NV\ISIC_0024737.jpg,isic_0024737,5,d816b28f2b293e724061b71869f4a66d5d29533f20d06ad580c95e69990247c1,13825,0
C:\SRS(ISIC_2019)\Dataset\NV\ISIC_0024752.jpg,isic_0024752,5,c382f734d5398015f267e2c9fd58b0c011740e5ef9438436f1d186f12c77a3e1,13834,0
C:\SRS(ISIC_2019)\Dataset\NV\ISIC_0024753.jpg,isic_0024753,5,a2a8b303bda8d74fb4cdb559e338c8df58c8b52ee0cab22ae3e12b544aeebb8a,13835,0
C:\SRS(ISIC_2019)\Dataset\NV\ISIC_0024757.jpg,isic_0024757,5,7ae1ec40ec1c8de314a1cd07b507d53e7525e6f5439af843e50257212e22ad61,13838,0
C:\SRS(ISIC_2019)\Dataset\NV\ISIC_0024778.jpg,isic_0024778,5,213fd24403c9a52ea173bc40547a231ae45199e90328bd4f0bb624285b09d8cb,13849,0
C:\SRS(ISIC_2019)\Dataset\NV\ISIC_0024781.jpg,isic_0024781,5,74e578cfd94ab6370a961ae60703f50ad736451dd70b3b6c8ab52900ea2d8dab,13852,0
C:\SRS(ISIC_2019)\Dataset\NV\ISIC_0024785.jpg,isic_0024785,5,541656468d3878c84e096efbe16eb86202a1b3b73308a4e6076ed9a2376ff69c,13855,0
C:\SRS(ISIC_2019)\Dataset\NV\ISIC_0024797.jpg,isic_0024797,5,889bbc6c2a1e3bc6ef5ca16bc32093f2fa91e36490ad410a7499606f8c9b0152,13863,0
C:\SRS(ISIC_2019)\Dataset\NV\ISIC_0024801.jpg,isic_0024801,5,5adf552a5a044cd0b367ee266b1801a52bd8a0afebfe8ab0f8bdfe4516601264,13865,0
C:\SRS(ISIC_2019)\Dataset\NV\ISIC_0024804.jpg,isic_0024804,5,44489949b40f347f8ab04b68551583c7a716e7bfcad7193bcbae8bc6d2e566ec,13868,0
C:\SRS(ISIC_2019)\Dataset\NV\ISIC_0024819.jpg,isic_0024819,5,00d5988abc304414af5554475c35b8c9ed4dcd3600aafe7cf1d8d2c2c3fa94f5,13880,0
C:\SRS(ISIC_2019)\Dataset\NV\ISIC_0024820.jpg,isic_0024820,5,311aeeee77bc161eb872e77b0100e40a0782c24591425632fdd3c98adb8fd4b7,13881,0
C:\SRS(ISIC_2019)\Dataset\NV\ISIC_0024824.jpg,isic_0024824,5,c82485f0e1140982b4092a91122bd46f53d883aa08f114185e90cf2200a53492,13884,0
C:\SRS(ISIC_2019)\Dataset\NV\ISIC_0024827.jpg,isic_0024827,5,14731f05bb98f26a5315ef17a631fd4a280aad832669ba9ac22d9323b8945160,13886,0
C:\SRS(ISIC_2019)\Dataset\NV\ISIC_0024834.jpg,isic_0024834,5,c79e7e7c731cc51bbca8d4fb0d7dde87f459d792532894193074deb26cbff96a,13890,0
C:\SRS(ISIC_2019)\Dataset\NV\ISIC_0024857.jpg,isic_0024857,5,108bb3ebaa6838d7afd64a5b5a52ded3027ee2a9d6dc4f0acfcf41929ebc3c79,13906,0
C:\SRS(ISIC_2019)\Dataset\NV\ISIC_0024858.jpg,isic_0024858,5,ad326cc65d3b8f50ab26b86559de55a05b2970cc92efcaf2c342b2437df5d209,13907,0
C:\SRS(ISIC_2019)\Dataset\NV\ISIC_0024872.jpg,isic_0024872,5,91178ca811750a5917bbfa6ea66ecd082f7e2fd2b2538be440eea50dcca09d6f,13917,0
C:\SRS(ISIC_2019)\Dataset\NV\ISIC_0024878.jpg,isic_0024878,5,2bf4de46354cb463657886bacecfd707596a24d02bb70b8812043c8f443e1244,13921,0
C:\SRS(ISIC_2019)\Dataset\NV\ISIC_0024892.jpg,isic_0024892,5,3d72daec1cae4cd42d403dc66eb745fba487b4214449b2fa094c6e8734ff260a,13929,0
C:\SRS(ISIC_2019)\Dataset\NV\ISIC_0024938.jpg,isic_0024938,5,5d452faaff620352e24c700a5beef9a6902e35d22321193abe21912b86768b3a,13958,0
C:\SRS(ISIC_2019)\Dataset\NV\ISIC_0024939.jpg,isic_0024939,5,30308060604dbc0f498cd8bf02fafcca297e62eeadf9714592f698d3eee102ac,13959,0
C:\SRS(ISIC_2019)\Dataset\NV\ISIC_0024944.jpg,isic_0024944,5,16dec0278e699b0140eb52794d5c686027d9ed3bad7e4ca529336534096244dd,13962,0
C:\SRS(ISIC_2019)\Dataset\NV\ISIC_0024950.jpg,isic_0024950,5,62d1ed3b72d4566a407f4ba58c09351fde2ff5f38f8afc9dafe0c3712ccb59b6,13964,0
C:\SRS(ISIC_2019)\Dataset\NV\ISIC_0024954.jpg,isic_0024954,5,c95ffb2195b980afd7a4c3d5472019525e8c256c6366bb1426cbb6c367ab69e6,13966,0
C:\SRS(ISIC_2019)\Dataset\NV\ISIC_0024963.jpg,isic_0024963,5,8f73b30d02301a8d56318ee8544f28f3fcc402d25950ad96ffe4a180b8643918,13972,0
C:\SRS(ISIC_2019)\Dataset\NV\ISIC_0024965.jpg,isic_0024965,5,88b3ee69099025efd54bef231b801e393e47e7021452539592179596eedb2b76,13974,0
C:\SRS(ISIC_2019)\Dataset\NV\ISIC_0024978.jpg,isic_0024978,5,1359c3b26ec1cbef270da39f10e74f05bd30add446a0dc4969ee88dc6e5bcdb8,13982,0
C:\SRS(ISIC_2019)\Dataset\NV\ISIC_0025001.jpg,isic_0025001,5,6ed864568b831f03b9f3ec6b7d05c3631a66a640b8aacdaeeeecc4ea40305879,13998,0
C:\SRS(ISIC_2019)\Dataset\NV\ISIC_0025015.jpg,isic_0025015,5,15eaa3684ba4f2258fe40a3d7a49ba47cbde3b9297880e39bc3eef4659d7230f,14011,0
C:\SRS(ISIC_2019)\Dataset\NV\ISIC_0025025.jpg,isic_0025025,5,477412a2cdde14ebf59d5444e2755b9457b63b98110b2645a57b781a9f08fc1c,14018,0
C:\SRS(ISIC_2019)\Dataset\NV\ISIC_0025027.jpg,isic_0025027,5,14f2086e0832e48ffd039659e480f12657d802393cbb6b4c3f0329782124f01a,14020,0
C:\SRS(ISIC_2019)\Dataset\NV\ISIC_0025034.jpg,isic_0025034,5,f340a5c24a521ff3eecd4ba2edd92ba21d128ca8c9a6b1ca7c69362f0dc74568,14022,0
C:\SRS(ISIC_2019)\Dataset\NV\ISIC_0025041.jpg,isic_0025041,5,6c289b673c6056054b4947c55b5be10ed5312bbe70819fdbff0a807423de2125,14026,0
C:\SRS(ISIC_2019)\Dataset\NV\ISIC_0025044.jpg,isic_0025044,5,7aaac27c8f64495d92e66c0a146e3f16b81ecc090c8da8f05070f1fec2ef0602,14029,0
C:\SRS(ISIC_2019)\Dataset\NV\ISIC_0025053.jpg,isic_0025053,5,a24fc1eeffb2b3172849dfef41b472615a6d6fb80172fcdba2a4c23aa10c7df1,14037,0
C:\SRS(ISIC_2019)\Dataset\NV\ISIC_0025073.jpg,isic_0025073,5,6df859abd81ea803319c5a9ed18e981f3c65679bc4cbbe49edb1be5f2f1639c9,14052,0
C:\SRS(ISIC_2019)\Dataset\NV\ISIC_0025078.jpg,isic_0025078,5,b7d39448e893a326c91d8d9fc8d29f5c07b09aa292f9fbdff859b0d45d48a4d5,14055,0
C:\SRS(ISIC_2019)\Dataset\NV\ISIC_0025087.jpg,isic_0025087,5,073ec14937edbb66078455d9f0a9a59cdf64d5eae421dc527f57921b2c68155c,14060,0
C:\SRS(ISIC_2019)\Dataset\NV\ISIC_0025108.jpg,isic_0025108,5,84a8222baa43061db8901055b1060557e047591e2e7307b36210ee1e0d0b7e9a,14075,0
C:\SRS(ISIC_2019)\Dataset\NV\ISIC_0025111.jpg,isic_0025111,5,bc263fbb2f88cd1c62f2b254cc17eb4bae4fcd77c234f5e81e857639a08d7db4,14078,0
C:\SRS(ISIC_2019)\Dataset\NV\ISIC_0025124.jpg,isic_0025124,5,d95e51df92ab4fc95ae7d67ca540901902df32471464485624831b4259da1b7a,14089,0
C:\SRS(ISIC_2019)\Dataset\NV\ISIC_0025139.jpg,isic_0025139,5,b360cff0794d83de09b006d2790ee70a11af1979c10474ab110de9d7df2312cf,14098,0
C:\SRS(ISIC_2019)\Dataset\NV\ISIC_0025159.jpg,isic_0025159,5,45cc008859e937cb03f4be81302c4458e714cf66814cfc788cc71f4e89585ff0,14111,0
C:\SRS(ISIC_2019)\Dataset\NV\ISIC_0025162.jpg,isic_0025162,5,0d4283f1800d261319cd55e7060dd1e2935b7e56eb572be35a5e8b241b3a9d91,14114,0
C:\SRS(ISIC_2019)\Dataset\NV\ISIC_0025164.jpg,isic_0025164,5,9b49f0e2b971fb5ba265daf41a43dac45174709cba86f75a2128d5ae3d432971,14116,0
C:\SRS(ISIC_2019)\Dataset\NV\ISIC_0025175.jpg,isic_0025175,5,0d7f5fa15a06f8b50af6ead9a045b1d2599579ea02e34d8754bbaf78c73ad28c,14127,0
C:\SRS(ISIC_2019)\Dataset\NV\ISIC_0025179.jpg,isic_0025179,5,e6b2ca4b207a773c5ec0732b2f4904ce2ed80c5be0173cb03f05207ae833ada8,14130,0
C:\SRS(ISIC_2019)\Dataset\NV\ISIC_0025181.jpg,isic_0025181,5,2ebe77a585eac3a001dcbf91a63c6eb429650cc682510d14fec099053ba6392f,14131,0
C:\SRS(ISIC_2019)\Dataset\NV\ISIC_0025183.jpg,isic_0025183,5,5a85cd7c2344b608f2620fa33a655ce9e64bb2a5ee71c24775855d644d709c0c,14132,0
C:\SRS(ISIC_2019)\Dataset\NV\ISIC_0025190.jpg,isic_0025190,5,5df57048a29fb0e19679cad313c7940931622ec45908372f054be819d5a4a25c,14138,0
C:\SRS(ISIC_2019)\Dataset\NV\ISIC_0025191.jpg,isic_0025191,5,b59a1c7214406d74cb40d15e430d84a3ac5812dfeb49149aa515130205e741ac,14139,0
C:\SRS(ISIC_2019)\Dataset\NV\ISIC_0025203.jpg,isic_0025203,5,77a5844a9a635166adc4d34a2e1ecd251c6e7ecaa956acf17e775f6c34c4bb90,14147,0
C:\SRS(ISIC_2019)\Dataset\NV\ISIC_0025204.jpg,isic_0025204,5,69700a40a5885c9565ee65ce756d4369b4ea9afb56db2d14ae0bbe9b64b1bac7,14148,0
C:\SRS(ISIC_2019)\Dataset\NV\ISIC_0025213.jpg,isic_0025213,5,8255154241a783ab0b4278cda3c89827e4d97bd6f9ad53e98e5ca35ac8180ec4,14156,0
C:\SRS(ISIC_2019)\Dataset\NV\ISIC_0025215.jpg,isic_0025215,5,54a3b7ced2bb058adbf51a207b05777dbc31d0840d6927a87f6df4a363498c74,14158,0
C:\SRS(ISIC_2019)\Dataset\NV\ISIC_0025217.jpg,isic_0025217,5,7e77533d648fe193cc659b5277677540e13797d220ada7149449c5d9b9adb089,14160,0
C:\SRS(ISIC_2019)\Dataset\NV\ISIC_0025221.jpg,isic_0025221,5,eebfb3efcb33392cf15a9651267c4845b23aef5f7b7a526b4bb1af1019cbd5d9,14163,0
C:\SRS(ISIC_2019)\Dataset\NV\ISIC_0025241.jpg,isic_0025241,5,cf244485e0fbee07615a5d175e02f25041ef1cb4d4f9657a968578345d2ca236,14178,0
C:\SRS(ISIC_2019)\Dataset\NV\ISIC_0025261.jpg,isic_0025261,5,c8cd63bc6463265307b9ad0da00eea056d2150c0fb7be24abcd257e075f421d2,14192,0
C:\SRS(ISIC_2019)\Dataset\NV\ISIC_0025267.jpg,isic_0025267,5,06d4c21fc87ccbbd7cdc8a60bd38e5d13b2c1e4c6329a3deacb896eebcb5350d,14195,0
C:\SRS(ISIC_2019)\Dataset\NV\ISIC_0025279.jpg,isic_0025279,5,cb808a558ae88437654bb3aa49c1f96e3bd1383d535e1382ae57f4425a3e50d4,14203,0
C:\SRS(ISIC_2019)\Dataset\NV\ISIC_0025280.jpg,isic_0025280,5,e3eca443c2d9860aecfa741abcfbea30b8951388c58e16631a9904a5f7a7eaf8,14204,0
C:\SRS(ISIC_2019)\Dataset\NV\ISIC_0025295.jpg,isic_0025295,5,cb45ddd7f1029d96c3d83e33965f760607a46ca3c37bd1955c6fbb012d0f5ce5,14216,0
C:\SRS(ISIC_2019)\Dataset\NV\ISIC_0025310.jpg,isic_0025310,5,e940736b12d6cf0d7b32bce6affb2f1010a0cb5cee767a0819d13bbf9a0e8b2d,14226,0
C:\SRS(ISIC_2019)\Dataset\NV\ISIC_0025333.jpg,isic_0025333,5,84d9040d77a894293b5b71172b5f8b499b1d05833d7853391677a715b0ec64be,14237,0
C:\SRS(ISIC_2019)\Dataset\NV\ISIC_0025341.jpg,isic_0025341,5,9f4925977868fbb304d7dd48d9471a130f5118227ba41bc033a565a50346668c,14243,0
C:\SRS(ISIC_2019)\Dataset\NV\ISIC_0025343.jpg,isic_0025343,5,01f252f07327d1afaf7d4d299a2b23d69a9f3daead9b87228181984b8b0b7311,14245,0
C:\SRS(ISIC_2019)\Dataset\NV\ISIC_0025344.jpg,isic_0025344,5,481f82b0a0119ef1c26ef3ae48b067bfba57d740bdf69cfbb2c3949b2fd5abc5,14246,0
C:\SRS(ISIC_2019)\Dataset\NV\ISIC_0025352.jpg,isic_0025352,5,2ed3c539e9517a49b029fbaf974b91cd7c870821ec301bb2cf11664b1238e889,14251,0
C:\SRS(ISIC_2019)\Dataset\NV\ISIC_0025364.jpg,isic_0025364,5,94085fa7f9d35bfff3f21a26dccc6cf699fcbca398b63b44362c61bb93235d64,14260,0
C:\SRS(ISIC_2019)\Dataset\NV\ISIC_0025365.jpg,isic_0025365,5,2178a54eb251add8ab5765cf09f68da28dfbcbe90947d7a63d3f87992d56cf26,14261,0
C:\SRS(ISIC_2019)\Dataset\NV\ISIC_0025371.jpg,isic_0025371,5,8144b6791d71440c515d2124e2ce4036642c8724ceb354dc61889f3a0c74fc12,14265,0
C:\SRS(ISIC_2019)\Dataset\NV\ISIC_0025375.jpg,isic_0025375,5,9282daa06c9e2f17e468795d90b0a69b62e58f2e585dc2f03b9a5efa92838a31,14267,0
C:\SRS(ISIC_2019)\Dataset\NV\ISIC_0025380.jpg,isic_0025380,5,4bd6a8432712b3436a03dbc78f98ecf860c3949abd0fd9506439c540c3f03d3a,14270,0
C:\SRS(ISIC_2019)\Dataset\NV\ISIC_0025399.jpg,isic_0025399,5,63b90d03a312278d9bcaccc849b701e479b940bfb0649338af59776113fc3956,14282,0
C:\SRS(ISIC_2019)\Dataset\NV\ISIC_0025400.jpg,isic_0025400,5,eba2ceabdc28d009a8f2aa4146bc76493df74ddcd6bb8a109bacdbec66ea0368,14283,0
C:\SRS(ISIC_2019)\Dataset\NV\ISIC_0025403.jpg,isic_0025403,5,81e8773909d0e898127fb3d605885f6f82ee00e17c4076a55190ea56860c1497,14286,0
C:\SRS(ISIC_2019)\Dataset\NV\ISIC_0025407.jpg,isic_0025407,5,d6f5de827141231cfbef410cecc7a71d672f5def69604355147a9812f8ee06e0,14290,0
C:\SRS(ISIC_2019)\Dataset\NV\ISIC_0025410.jpg,isic_0025410,5,9af80c810f6bf7c3e0e00baa6eccb67a14baa9ffa168e7318827943410e90512,14292,0
C:\SRS(ISIC_2019)\Dataset\NV\ISIC_0025412.jpg,isic_0025412,5,929fcd08b5a789886c94551c63c387c97c726638c115e0b322a7796247f46075,14293,0
C:\SRS(ISIC_2019)\Dataset\NV\ISIC_0025415.jpg,isic_0025415,5,ec0a9eae2fe9e2d170a8261b8429b348251a7207a672cb33886f0bdc27cb532c,14294,0
C:\SRS(ISIC_2019)\Dataset\NV\ISIC_0025416.jpg,isic_0025416,5,9eef280ecc069366c827d1b037c1bcbcb05df35b1dded47d0b2ea94e45531751,14295,0
C:\SRS(ISIC_2019)\Dataset\NV\ISIC_0025418.jpg,isic_0025418,5,4748d5b739f5a12982243cbdae90e1c93bfc6a952527dc2892cb4df4b2164133,14296,0
C:\SRS(ISIC_2019)\Dataset\NV\ISIC_0025420.jpg,isic_0025420,5,16ec62547283cb02a5715c0bc854e41e78d47e0b38a630b1ecbff54307b8f4cd,14297,0
C:\SRS(ISIC_2019)\Dataset\NV\ISIC_0025424.jpg,isic_0025424,5,fa3398b3233cfb98509fb4f36d6da6b045e07f51f6b613b5c7b03adddfb14154,14301,0
C:\SRS(ISIC_2019)\Dataset\NV\ISIC_0025432.jpg,isic_0025432,5,3a9104ee52c878ac25cf32131aa00fabe40b13782effd20a07d6b7c345f83a50,14306,0
C:\SRS(ISIC_2019)\Dataset\NV\ISIC_0025435.jpg,isic_0025435,5,e7b2b97971bda028366fb3af2c2e76f283ceb93aa7410f4b407ae31173df2065,14307,0
C:\SRS(ISIC_2019)\Dataset\NV\ISIC_0025446.jpg,isic_0025446,5,2b5f96f21162db9a60cf93b85697526410f9758f3d14831acc2b3bfae1dd910a,14317,0
C:\SRS(ISIC_2019)\Dataset\NV\ISIC_0025455.jpg,isic_0025455,5,591b78e40ca7bd7a4629d08d809b03aa2866caa8bcbf4050a84dfac4cdc8b3ee,14322,0
C:\SRS(ISIC_2019)\Dataset\NV\ISIC_0025462.jpg,isic_0025462,5,c84314980b01e7c4551755c059897d95e739e45372a023ab688f2a73b4ea19a1,14329,0
C:\SRS(ISIC_2019)\Dataset\NV\ISIC_0025468.jpg,isic_0025468,5,2d8d85e340ccb30d5df25becaf09ffd7a2c1b7bdf580e409f8f1711aaa3433c5,14332,0
C:\SRS(ISIC_2019)\Dataset\NV\ISIC_0025473.jpg,isic_0025473,5,c0652c18f3b12ad2e1b59438900ed77fd3c51a5a4df0de383580c6c2f3bb8fdd,14334,0
C:\SRS(ISIC_2019)\Dataset\NV\ISIC_0025479.jpg,isic_0025479,5,d3acd35c273277f834f18e8052e2f334b36f09af29235f80e4201c2bd00b18e2,14340,0
C:\SRS(ISIC_2019)\Dataset\NV\ISIC_0025483.jpg,isic_0025483,5,14a0a15a6509dd290b987bcfbef108e739461ac055892bac9de3f7b8c76cdf45,14344,0
C:\SRS(ISIC_2019)\Dataset\NV\ISIC_0025487.jpg,isic_0025487,5,d1d77149fc19db523429b21bc9476d53d31aea109f368d54377e7f0e4082989d,14346,0
C:\SRS(ISIC_2019)\Dataset\NV\ISIC_0025488.jpg,isic_0025488,5,ebdb3273fa9774a73bbaa668f059327db2dee8e467c9458894073170ac0d360e,14347,0
C:\SRS(ISIC_2019)\Dataset\NV\ISIC_0025501.jpg,isic_0025501,5,b6bf54117171e50da3ca9a8c8fc417c8479cab1657166c18940e76b5648ca11e,14358,0
C:\SRS(ISIC_2019)\Dataset\NV\ISIC_0025502.jpg,isic_0025502,5,b40fca10f9e7e2a73676cf1211f33d283a99d2b282190a65df0e585dfc8db0be,14359,0
C:\SRS(ISIC_2019)\Dataset\NV\ISIC_0025503.jpg,isic_0025503,5,fd72bdba76dd03d72b9fb4b8fd902cc0390e23a0c798acfcda170719979e9a77,14360,0
C:\SRS(ISIC_2019)\Dataset\NV\ISIC_0025514.jpg,isic_0025514,5,d9cb88e78983774ba6ea99aa84ac2fb7c413f0f59b1c9992f6f88d777a8afe72,14365,0
C:\SRS(ISIC_2019)\Dataset\NV\ISIC_0025522.jpg,isic_0025522,5,9169867da1d3ffed08df3e35439e924c82540ae64078e2ac2c97bb49dbfe665d,14370,0
C:\SRS(ISIC_2019)\Dataset\NV\ISIC_0025535.jpg,isic_0025535,5,182a2219b0aca131854324ce079fb3faa445497e16592553678f0c9603456321,14378,0
C:\SRS(ISIC_2019)\Dataset\NV\ISIC_0025544.jpg,isic_0025544,5,63c3b0f4487a95274e7fcee0b3c20b797dd01a7b30403b88112563267a25a67c,14385,0
C:\SRS(ISIC_2019)\Dataset\NV\ISIC_0025547.jpg,isic_0025547,5,462d9c4983abe82e48fff6faa3e859c7dcda6896141524c8f8aa4356cdacf7cd,14387,0
C:\SRS(ISIC_2019)\Dataset\NV\ISIC_0025562.jpg,isic_0025562,5,ee97faca53f77be09b3721968a5eb4bf2719e43203b1c7eda3afc921e9bb30fc,14398,0
C:\SRS(ISIC_2019)\Dataset\NV\ISIC_0025565.jpg,isic_0025565,5,d17a7e62d2c6281f437cdaa8078e4a997e9c1e06f640683d8ad88f36daf36610,14400,0
C:\SRS(ISIC_2019)\Dataset\NV\ISIC_0025570.jpg,isic_0025570,5,c38bc35537fb9ff5fcbc56f8234741b26cabe757c808b18d7196aa9495b01dbb,14404,0
C:\SRS(ISIC_2019)\Dataset\NV\ISIC_0025574.jpg,isic_0025574,5,d6585568e4d40aec322b962e585ce345b6c433616c278baf01599e2b7fb233cf,14407,0
C:\SRS(ISIC_2019)\Dataset\NV\ISIC_0025582.jpg,isic_0025582,5,ebbfe8bcb2c1a72b6692b5f3254bcc729ab69b055caf81b83e9b4ede3970dcec,14411,0
C:\SRS(ISIC_2019)\Dataset\NV\ISIC_0025585.jpg,isic_0025585,5,5a287808367396db4370bbbfbd0f439cd51dc761ba837aaa52a8673c2d06843c,14412,0
C:\SRS(ISIC_2019)\Dataset\NV\ISIC_0025597.jpg,isic_0025597,5,9e1e180dc171f382d8c09550f253a7ae83a7cf89f94ba582f7e0a68a860d7da4,14420,0
C:\SRS(ISIC_2019)\Dataset\NV\ISIC_0025609.jpg,isic_0025609,5,56e2a0bed24fecd8616580bf2362e9725eb1278e821a79ec73534eeb74033192,14426,0
C:\SRS(ISIC_2019)\Dataset\NV\ISIC_0025619.jpg,isic_0025619,5,ece9d6722b6e895fd8678eebe2c728c26180ce2fc673ea089b504cd76c5df061,14432,0
C:\SRS(ISIC_2019)\Dataset\NV\ISIC_0025620.jpg,isic_0025620,5,f8394354e4c906248208949d0ff8b7d38337b2c402c5cb5337d130d8d35f759b,14433,0
C:\SRS(ISIC_2019)\Dataset\NV\ISIC_0025624.jpg,isic_0025624,5,ac0ba24ab0d7a278efa84866beb0ff2a39704accab88d05260092252d93deff2,14435,0
C:\SRS(ISIC_2019)\Dataset\NV\ISIC_0025629.jpg,isic_0025629,5,2e532297737fafe3e6dd0d3d35c770c5554db84fe507b0e957110d8004ab5671,14438,0
C:\SRS(ISIC_2019)\Dataset\NV\ISIC_0025631.jpg,isic_0025631,5,303cbbbc921e10b68d55e12b2030332fb0a492d9d7520f4daef2aef714720d34,14439,0
C:\SRS(ISIC_2019)\Dataset\NV\ISIC_0025665.jpg,isic_0025665,5,90a04470723cd63123229d1aa44a8e7680794178b11a60dc9548b1fe96f0246f,14463,0
C:\SRS(ISIC_2019)\Dataset\NV\ISIC_0025667.jpg,isic_0025667,5,62b0deed35f78e6826a0454409dc1b3ed28eb2ffcccf59a574a0b16527513e3f,14465,0
C:\SRS(ISIC_2019)\Dataset\NV\ISIC_0025675.jpg,isic_0025675,5,c0b06d48ecd2751b6b59861114efd6bcb28c527d033720985ed232925facc1da,14471,0
C:\SRS(ISIC_2019)\Dataset\NV\ISIC_0025678.jpg,isic_0025678,5,52d14cc70641c621fdfa09841ebba966ae4eb042c5ab3299ca101c8384c5b909,14473,0
C:\SRS(ISIC_2019)\Dataset\NV\ISIC_0025686.jpg,isic_0025686,5,6a1a3ff6c12b5741626fc74caa45a7b848988ecca4a8ad6ef8d5c0a3b514b5a8,14480,0
C:\SRS(ISIC_2019)\Dataset\NV\ISIC_0025695.jpg,isic_0025695,5,091c81eac2f05b0486460b719af8e22ed3c500eeb029511305ed6b6a55666ab4,14487,0
C:\SRS(ISIC_2019)\Dataset\NV\ISIC_0025701.jpg,isic_0025701,5,b5936f3e97d539d7602938b3343e05f0bb284975c8560d288d6d93ee90c4fce0,14490,0
C:\SRS(ISIC_2019)\Dataset\NV\ISIC_0025704.jpg,isic_0025704,5,3c7edd8ac4c57d161449ca24f945ab536f820539fb406054387026bac458d904,14492,0
C:\SRS(ISIC_2019)\Dataset\NV\ISIC_0025722.jpg,isic_0025722,5,20ded380655cfdb2dbe9b0e686c3d5d209f531a854405a8d29a0a918085e22e3,14501,0
C:\SRS(ISIC_2019)\Dataset\NV\ISIC_0025726.jpg,isic_0025726,5,8756f587996434240e57c6750f10c813179c0087ca376f5e48e2b0532b236ef9,14504,0
C:\SRS(ISIC_2019)\Dataset\NV\ISIC_0025739.jpg,isic_0025739,5,3b90de6328aed0f60c516d08861284318b9e5c85d433bbe6f8f800863b8e9980,14515,0
C:\SRS(ISIC_2019)\Dataset\NV\ISIC_0025742.jpg,isic_0025742,5,ae60a39901b882e1dbfbd90ed6acc05a5c61e7ffa3dd3bc4e37a59c283a8b4ed,14518,0
C:\SRS(ISIC_2019)\Dataset\NV\ISIC_0025756.jpg,isic_0025756,5,a7589800cfdd495f906372abcb70f241d88bd05d86aa5b7b9b0a6549ece6d7e0,14524,0
C:\SRS(ISIC_2019)\Dataset\NV\ISIC_0025764.jpg,isic_0025764,5,4a7db377fe65695d08888ed5d24e5f15ce3817a98554b349624257eb6e7f97ae,14531,0
C:\SRS(ISIC_2019)\Dataset\NV\ISIC_0025765.jpg,isic_0025765,5,a61bc13add3c23fcc694f67f8ff545831c17376439a76904dc7945883cd1d094,14532,0
C:\SRS(ISIC_2019)\Dataset\NV\ISIC_0025776.jpg,isic_0025776,5,cd09590b2146739526094767f13a49add73c7c48be2e06c6c5346a7177afd102,14540,0
C:\SRS(ISIC_2019)\Dataset\NV\ISIC_0025836.jpg,isic_0025836,5,dc40d2a97aa4f3c3f1bfd8e109d78cfc3a30cd03430fb41649f8ce8b0cbba17b,14574,0
C:\SRS(ISIC_2019)\Dataset\NV\ISIC_0025844.jpg,isic_0025844,5,e44260c5312fc1c4e55664da6fe1f4dd603698073c8a6ef2b426d7614c16df68,14579,0
C:\SRS(ISIC_2019)\Dataset\NV\ISIC_0025848.jpg,isic_0025848,5,623201d8932f747655d57a0e9def0d893fce8522b2969ebe7462b06947427563,14583,0
C:\SRS(ISIC_2019)\Dataset\NV\ISIC_0025850.jpg,isic_0025850,5,3c1214934f1ac8977bc50b7e38b8da9f05c6b63a0b6fcad554f6009120a3a9c5,14585,0
C:\SRS(ISIC_2019)\Dataset\NV\ISIC_0025858.jpg,isic_0025858,5,607e4e7309cc4ff20c5f6bbed371f1a3ed04a1ccc13e9f86899bc6565fa71af2,14591,0
C:\SRS(ISIC_2019)\Dataset\NV\ISIC_0025870.jpg,isic_0025870,5,4fe4ae338eda5f84fe6958983fa9950642071c9bfde029a169ef9bcbc0e4ba24,14602,0
C:\SRS(ISIC_2019)\Dataset\NV\ISIC_0025882.jpg,isic_0025882,5,ce4572dd102aa04e272a7d87c8fcd5e6fdbb6d7ddbeda379bd5cb6341bae4373,14610,0
C:\SRS(ISIC_2019)\Dataset\NV\ISIC_0025889.jpg,isic_0025889,5,06f3b1cb25106499cbd1119dc16692a6d805a9506edc0c54d7f1e3e541fde0bc,14615,0
C:\SRS(ISIC_2019)\Dataset\NV\ISIC_0025896.jpg,isic_0025896,5,b1b51b03411baf0353a1d92d05d86fe0f2a8eebe5d90a24e904c0003fa20fe11,14621,0
C:\SRS(ISIC_2019)\Dataset\NV\ISIC_0025907.jpg,isic_0025907,5,125286a661efd6d7f38386d3e0704a3f698a923cc460fbcf94399c263ce0b8c7,14629,0
C:\SRS(ISIC_2019)\Dataset\NV\ISIC_0025908.jpg,isic_0025908,5,c85da59e7a4877551821f5ac89060706906c741cbdd14c261d8d0cf0704f4d84,14630,0
C:\SRS(ISIC_2019)\Dataset\NV\ISIC_0025917.jpg,isic_0025917,5,9169525d959db31ca35a351880c399c761182fbe89b0b9717803a2e6cb279096,14637,0
C:\SRS(ISIC_2019)\Dataset\NV\ISIC_0025923.jpg,isic_0025923,5,d857fea050cc565a3730ec9c36ec716835747dff8a9a229ecd2e43a1bb648c16,14643,0
C:\SRS(ISIC_2019)\Dataset\NV\ISIC_0025925.jpg,isic_0025925,5,885a76dd14b7aaf21890d7ef25da1b181680ba1b1dbda5c34fcd9f8a0b1005c0,14644,0
C:\SRS(ISIC_2019)\Dataset\NV\ISIC_0025931.jpg,isic_0025931,5,a0f4858a4894a5c66348f4607e88de740bca21a40bacef8cfe1fe17fae2ff118,14648,0
C:\SRS(ISIC_2019)\Dataset\NV\ISIC_0025936.jpg,isic_0025936,5,0097721b97d0ec67d797d07ca0e92e97910fd5f48638f61cb3234e485f2be43c,14652,0
C:\SRS(ISIC_2019)\Dataset\NV\ISIC_0025949.jpg,isic_0025949,5,c3c12ef8cbf3462fe598b7d24f6495758a15a2dba8de6251a4f5b9df1f0ecfdc,14660,0
C:\SRS(ISIC_2019)\Dataset\NV\ISIC_0025958.jpg,isic_0025958,5,097718cad7cd1046a41e01332677d85d82bf4695e04f4ec32fa2981c69ce2662,14665,0
C:\SRS(ISIC_2019)\Dataset\NV\ISIC_0025959.jpg,isic_0025959,5,1d0891ccaae7203f067fad933a3c425446b644d0a73ef85fe59d58a05d33ce38,14666,0
C:\SRS(ISIC_2019)\Dataset\NV\ISIC_0025962.jpg,isic_0025962,5,f532cdf9c58d89aa0671cc58062299953ef2bcaace161096fdbd4fe3450d48c4,14669,0
C:\SRS(ISIC_2019)\Dataset\NV\ISIC_0025966.jpg,isic_0025966,5,f832acbcaa001436a66f0f602c88d45a0a09266b15cf6d8641a1766f3d77905a,14671,0
C:\SRS(ISIC_2019)\Dataset\NV\ISIC_0025974.jpg,isic_0025974,5,494498616917380dad2a4874a86c50252fcc1e6109bbe6d6f26351eaf9c76fb6,14677,0
C:\SRS(ISIC_2019)\Dataset\NV\ISIC_0025994.jpg,isic_0025994,5,a30a1b1721f83ca311e9c1eff5eb18e81c2c8e728c77f719544f7c7a5b5bb056,14689,0
C:\SRS(ISIC_2019)\Dataset\NV\ISIC_0025999.jpg,isic_0025999,5,97e19fe0cd55e5cf8e26226e25d3ee6b629d52584a796476126ec8d61fff02a3,14693,0
C:\SRS(ISIC_2019)\Dataset\NV\ISIC_0026002.jpg,isic_0026002,5,23d5429d2c97620f815fa8d1c0e80b9243c2868296a5ebd4bcf0b7e98f025a5b,14696,0
C:\SRS(ISIC_2019)\Dataset\NV\ISIC_0026004.jpg,isic_0026004,5,fb279a06d59fe5aa4a2347c3f2be3be1733928d1639f8e2b13eda74ea277801a,14698,0
C:\SRS(ISIC_2019)\Dataset\NV\ISIC_0026008.jpg,isic_0026008,5,f76bfda25ddc26a3108dc67a268913e634ac3a4de093d7bea66e234a76d91e64,14702,0
C:\SRS(ISIC_2019)\Dataset\NV\ISIC_0026013.jpg,isic_0026013,5,bf91bf14914029289788bf27ee09ec8bea9afaef06525a11c34de34465333149,14706,0
C:\SRS(ISIC_2019)\Dataset\NV\ISIC_0026020.jpg,isic_0026020,5,e3164e5d582a7f8626ef7b132a99f2df7a47d7fb45e98d8eb8a63cf9145c150d,14709,0
C:\SRS(ISIC_2019)\Dataset\NV\ISIC_0026047.jpg,isic_0026047,5,a0ebd828706f4f3b1b20af5053d1ecd0cf2dabf29c931a9905e3f5e6e32bd473,14731,0
C:\SRS(ISIC_2019)\Dataset\NV\ISIC_0026058.jpg,isic_0026058,5,49179b1e70ed8fa0aca9b235aadec21a842881fc4152c3064a22268cebbc7834,14741,0
C:\SRS(ISIC_2019)\Dataset\NV\ISIC_0026095.jpg,isic_0026095,5,a2dbe805bb354ffe676ac073420783912af20df2f6b2198900a8385abf7e2a8e,14763,0
C:\SRS(ISIC_2019)\Dataset\NV\ISIC_0026101.jpg,isic_0026101,5,e757d355dccaa85d042a72d8f7c83b7ce8ad3f8178537d57e1be791f51b26a72,14768,0
C:\SRS(ISIC_2019)\Dataset\NV\ISIC_0026122.jpg,isic_0026122,5,2e10070da7de0c9a8ec0bb265e1f0e8097fe844c2109238ef3760434cbc7ea89,14781,0
C:\SRS(ISIC_2019)\Dataset\NV\ISIC_0026130.jpg,isic_0026130,5,34251db712583f4391f99a154fb717eebc31e638e0b83176336a6c3f88b895d8,14789,0
C:\SRS(ISIC_2019)\Dataset\NV\ISIC_0026147.jpg,isic_0026147,5,079b99be9210cf2aa7c3b88284f3d5ce5c790dfd2e2354029b5c7fea2cdb0c48,14800,0
C:\SRS(ISIC_2019)\Dataset\NV\ISIC_0026151.jpg,isic_0026151,5,1ed870a9c0a68e666ab2e2a579d643fe0f5642ce10f4ba337cefbc005d38723f,14802,0
C:\SRS(ISIC_2019)\Dataset\NV\ISIC_0026161.jpg,isic_0026161,5,1aadfa351ee15a284b0efc0e314723267da6e48b746de806edd4cb09410f5bbe,14806,0
C:\SRS(ISIC_2019)\Dataset\NV\ISIC_0026165.jpg,isic_0026165,5,64931404751e49468557e0fa206d43ea3209f0e791dd85a8280fd4f48a2e95c9,14809,0
C:\SRS(ISIC_2019)\Dataset\NV\ISIC_0026166.jpg,isic_0026166,5,36466abdf507adfb9a5d051a190f86d11b35cb78a299a4a7a25ba783e90efe24,14810,0
C:\SRS(ISIC_2019)\Dataset\NV\ISIC_0026189.jpg,isic_0026189,5,d076aaa740ae1f12a7bf6387515b641ca806563d5ce5d61083d9639efbdfc068,14828,0
C:\SRS(ISIC_2019)\Dataset\NV\ISIC_0026193.jpg,isic_0026193,5,82e676f28cb7f94f496fe1b05d7c2e5b7036eb4cb50b6f6f6e4c5a591eed8760,14831,0
C:\SRS(ISIC_2019)\Dataset\NV\ISIC_0026196.jpg,isic_0026196,5,5cef5fe60daadbc2f7adfc2668919f3c341304a3eb60df637848ffb86e199dd2,14833,0
C:\SRS(ISIC_2019)\Dataset\NV\ISIC_0026209.jpg,isic_0026209,5,c52c5263d5ab67e24add1c250e4472159e51070a08e495948e4e2c6374d575e0,14842,0
C:\SRS(ISIC_2019)\Dataset\NV\ISIC_0026218.jpg,isic_0026218,5,e6a698d0b422a72563e0dc1027e8ea13462047a516a63c1f90d07c3c920bf6a8,14849,0
C:\SRS(ISIC_2019)\Dataset\NV\ISIC_0026234.jpg,isic_0026234,5,685b596a8465a1c8b1c791009527c7ad25d30e40e72534f5a7ecf63fc72d7907,14862,0
C:\SRS(ISIC_2019)\Dataset\NV\ISIC_0026251.jpg,isic_0026251,5,4fa49b1a1e8fc6d024a62fe0b13d176575ff6f7aeeadd1870c6f6d325b3f727d,14873,0
C:\SRS(ISIC_2019)\Dataset\NV\ISIC_0026256.jpg,isic_0026256,5,76978d949d82b0447b99a82f6eae06cdd9292c929b71cca3c8e4d00eb8e1224d,14877,0
C:\SRS(ISIC_2019)\Dataset\NV\ISIC_0026260.jpg,isic_0026260,5,a4c40c016ac70662cf65284515d27418ce6b49de065901d7a471765bfd4d5878,14880,0
C:\SRS(ISIC_2019)\Dataset\NV\ISIC_0026261.jpg,isic_0026261,5,968dc609429ce7d841d0536ef7d1794829557af63904a905167bca70964e26c4,14881,0
C:\SRS(ISIC_2019)\Dataset\NV\ISIC_0026264.jpg,isic_0026264,5,d7c4ede5d287a0e83728096b0586e504aa490e517253a834ae8bf82b3adb37d6,14882,0
C:\SRS(ISIC_2019)\Dataset\NV\ISIC_0026285.jpg,isic_0026285,5,8695963123b99b560363c0c760c1be8fa55a37f379845a14b65bb0593ad7ddb1,14893,0
C:\SRS(ISIC_2019)\Dataset\NV\ISIC_0026289.jpg,isic_0026289,5,a103dfd127b0fdf904300b4a5a2d8ce12d458409352e9ce4ff7298381154435f,14896,0
C:\SRS(ISIC_2019)\Dataset\NV\ISIC_0026297.jpg,isic_0026297,5,08083cfd13917ddfa793987e4bb1146c8fb67fbf60818b48bcdb0df6c9e5b7c5,14901,0
C:\SRS(ISIC_2019)\Dataset\NV\ISIC_0026309.jpg,isic_0026309,5,7c0c2846fc99b892dc54211a1e76326d19d83587b624506f4ef0858d74c5f26a,14911,0
C:\SRS(ISIC_2019)\Dataset\NV\ISIC_0026310.jpg,isic_0026310,5,bed923630357bf8acae0dae748a739b37451259bf89fe96641bd28f8b7cb6be1,14912,0
C:\SRS(ISIC_2019)\Dataset\NV\ISIC_0026312.jpg,isic_0026312,5,a5921ca3a3a6713942ece0209f0219c4e8d01e339cdbf445be4835e71a6df5c9,14913,0
C:\SRS(ISIC_2019)\Dataset\NV\ISIC_0026317.jpg,isic_0026317,5,652e09dbc62131ad08c785b350d8e37626e2240860c88cb8b7e96cd34fa7f023,14915,0
C:\SRS(ISIC_2019)\Dataset\NV\ISIC_0026318.jpg,isic_0026318,5,922d8c620c90e7cd8271625a9afb9735c046da7152fffa84d994c5c064977db0,14916,0
C:\SRS(ISIC_2019)\Dataset\NV\ISIC_0026354.jpg,isic_0026354,5,16504e66538c2ad0ae380676bba12836ff8a2fa8ba518dfd13ec096fd37aa604,14940,0
C:\SRS(ISIC_2019)\Dataset\NV\ISIC_0026359.jpg,isic_0026359,5,20bdd179589dfb721296153d5399e5d5934a9036d4870fe4469f9c8f75438a92,14945,0
C:\SRS(ISIC_2019)\Dataset\NV\ISIC_0026370.jpg,isic_0026370,5,d334208e4dfe81797ec418d387a3ed2d2b96f18494c89f538bb87018f9a4f601,14952,0
C:\SRS(ISIC_2019)\Dataset\NV\ISIC_0026376.jpg,isic_0026376,5,5eb8ff03a57e18f32e534331cca9ea1e0a997f6d88bedaf536b8fba9cd5fb5ac,14958,0
C:\SRS(ISIC_2019)\Dataset\NV\ISIC_0026387.jpg,isic_0026387,5,6522edebf1cea67ba2ffe53de1309eb14f91e191c00758ac65d199fc10d58025,14968,0
C:\SRS(ISIC_2019)\Dataset\NV\ISIC_0026389.jpg,isic_0026389,5,feca37e710189c80f16dbacb00fbfe6941ae74fcc96c4e324994b88910399723,14969,0
C:\SRS(ISIC_2019)\Dataset\NV\ISIC_0026392.jpg,isic_0026392,5,522dcb740599981e21c1fb6f71c35ea196a84f1c925d38bfb919545dfa4073e0,14972,0
C:\SRS(ISIC_2019)\Dataset\NV\ISIC_0026403.jpg,isic_0026403,5,8cfe1cb0dc007bf51806543699607fa90aacb16cbbdd38ee2669660532df1e23,14981,0
C:\SRS(ISIC_2019)\Dataset\NV\ISIC_0026405.jpg,isic_0026405,5,3bcf1c61e1c7a977c2dcd0ed05a7004e87feb28f81cf489e8d9a21c25b8e5739,14983,0
C:\SRS(ISIC_2019)\Dataset\NV\ISIC_0026412.jpg,isic_0026412,5,fb661857ba22d5a7a921c4c3688fa7e64c35677445d65b4e93d6b9ab51dbd476,14988,0
C:\SRS(ISIC_2019)\Dataset\NV\ISIC_0026415.jpg,isic_0026415,5,344404b2e92c4a0d8b6a99a2fc1f1a2ef26899de97786830139039da02433ac4,14991,0
C:\SRS(ISIC_2019)\Dataset\NV\ISIC_0026428.jpg,isic_0026428,5,d891baa10027194977a7f0f7552172953adc4015b57930eef17ba13735017452,15000,0
C:\SRS(ISIC_2019)\Dataset\NV\ISIC_0026449.jpg,isic_0026449,5,89a2fa03538e03edbf04b78b7f2d30ad7b6166db43cb884bbcead7d86bcecd15,15012,0
C:\SRS(ISIC_2019)\Dataset\NV\ISIC_0026463.jpg,isic_0026463,5,cb10722324c5a885175bb810c84cf4ae9b1e54b52211d093b35d1ae62a12ada8,15022,0
C:\SRS(ISIC_2019)\Dataset\NV\ISIC_0026465.jpg,isic_0026465,5,bc90bbc6d305a54d876a5df4d287fecabff96a4ffb46e734eec7171a559fa2d3,15024,0
C:\SRS(ISIC_2019)\Dataset\NV\ISIC_0026470.jpg,isic_0026470,5,21e61c5418bbdf88d872bfa8ceda0364d2124f99d3bf7ba35e470357d55c5a8e,15026,0
C:\SRS(ISIC_2019)\Dataset\NV\ISIC_0026482.jpg,isic_0026482,5,1f46ed98e29cc9daa23050c32ad3b1f2657918e3fa353426fe44263c0a6311fa,15033,0
C:\SRS(ISIC_2019)\Dataset\NV\ISIC_0026486.jpg,isic_0026486,5,a200dd01413adacc1c5892a6b6cfb87dc1eced69969ffad1c2ab89d5af098c33,15037,0
C:\SRS(ISIC_2019)\Dataset\NV\ISIC_0026495.jpg,isic_0026495,5,c5900e2d3b7b6b77b7c34716ce39c378fbc1cc1322e19802af3c47a10931fd32,15042,0
C:\SRS(ISIC_2019)\Dataset\NV\ISIC_0026505.jpg,isic_0026505,5,ae3f4bf5b9ffd5cc4a4b4942ca19789141cc34579c441f2c84937da4212bf616,15050,0
C:\SRS(ISIC_2019)\Dataset\NV\ISIC_0026517.jpg,isic_0026517,5,2cd085d2a9e2b649d8be9fca6605cec7a66c45f564a5eda861f5c450d6c67a4e,15058,0
C:\SRS(ISIC_2019)\Dataset\NV\ISIC_0026518.jpg,isic_0026518,5,ba9a1db193503e6788370a656bdd298b6bec3ba33d92ab1161bc9a240c4c3c9e,15059,0
C:\SRS(ISIC_2019)\Dataset\NV\ISIC_0026519.jpg,isic_0026519,5,059a4382d21b5989c97cf0df9f7ddc7d2c4a05fe3dd7ad94197bd9df510c5e13,15060,0
C:\SRS(ISIC_2019)\Dataset\NV\ISIC_0026533.jpg,isic_0026533,5,1d33bdd40b5da830d49acad173eb75280d6031586405a822000d3f9e83eb30e0,15065,0
C:\SRS(ISIC_2019)\Dataset\NV\ISIC_0026534.jpg,isic_0026534,5,a23f508da2a7a805928a951661e08f3e393c8b45bcfd2c9a8c1b8e1d0d717455,15066,0
C:\SRS(ISIC_2019)\Dataset\NV\ISIC_0026543.jpg,isic_0026543,5,e5ddf98dfcdcdb51003686bbb9021cb31b3554ac7dfb54d69aa22742ef20043a,15073,0
C:\SRS(ISIC_2019)\Dataset\NV\ISIC_0026546.jpg,isic_0026546,5,eef6000ff432d06b037f1579ec757bec368489e5485ee01c5774f4b9b00b769a,15075,0
C:\SRS(ISIC_2019)\Dataset\NV\ISIC_0026559.jpg,isic_0026559,5,d9c145569e3c3c521169d653dd8bcb6de2f35a7e03eab8372784de4994362164,15084,0
C:\SRS(ISIC_2019)\Dataset\NV\ISIC_0026564.jpg,isic_0026564,5,bba374a5055841ae15a4bd87568b140fa1d7fe28049fe4d9836b0b07b512cabc,15089,0
C:\SRS(ISIC_2019)\Dataset\NV\ISIC_0026569.jpg,isic_0026569,5,48664f0f1e6614b5a2f2f21afa3f8b0dfba7e5cd53de10029d9666fc3e345397,15092,0
C:\SRS(ISIC_2019)\Dataset\NV\ISIC_0026582.jpg,isic_0026582,5,7fde4c71519aefa667aa285430dba13cbbfe975b4c7e1b9d3fae4715a3e77bed,15101,0
C:\SRS(ISIC_2019)\Dataset\NV\ISIC_0026584.jpg,isic_0026584,5,7b9a8ef47f9bb55e2fff1d972e90797d637e858886d90a883738f0e898979ef6,15103,0
C:\SRS(ISIC_2019)\Dataset\NV\ISIC_0026589.jpg,isic_0026589,5,111fa5ce6c7a209ef0a494232f69d85d0221acf94f8d5746b6c957524b4d4856,15107,0
C:\SRS(ISIC_2019)\Dataset\NV\ISIC_0026594.jpg,isic_0026594,5,5783d87cb0fa6f4b7618ef471c4aff4a727f604359ce18c0f20cd15d341a122e,15110,0
C:\SRS(ISIC_2019)\Dataset\NV\ISIC_0026605.jpg,isic_0026605,5,373a26c8f347d12a7dc21f7d4effdae4ba04ee26c01466b5f16f39e04c808279,15119,0
C:\SRS(ISIC_2019)\Dataset\NV\ISIC_0026611.jpg,isic_0026611,5,bfc42b74c4f14280ad1b42c2fbfc4b7189ea8c5cbc3f9d0c03e580bdfc461c99,15123,0
C:\SRS(ISIC_2019)\Dataset\NV\ISIC_0026615.jpg,isic_0026615,5,4a69a349239a91ffc60d69635abfe0e44c4b3b8edf0bdc2d3d1bca03394c5218,15126,0
C:\SRS(ISIC_2019)\Dataset\NV\ISIC_0026632.jpg,isic_0026632,5,473138b611d23e0ddda615f5bd247362223fcf927f3a427332a442008e65ce84,15137,0
C:\SRS(ISIC_2019)\Dataset\NV\ISIC_0026636.jpg,isic_0026636,5,764634bbd14176d73437211025f361795d608869e3e9b92ee4dfbca35408e83d,15140,0
C:\SRS(ISIC_2019)\Dataset\NV\ISIC_0026641.jpg,isic_0026641,5,51cea0ea2c94b10b80356c6b50d02db2c2a092850e613339240bd292e566e454,15144,0
C:\SRS(ISIC_2019)\Dataset\NV\ISIC_0026648.jpg,isic_0026648,5,1f8e66b765d6a29c7a9929134fb9964ccc37053f85a089822bccf6777027f676,15147,0
C:\SRS(ISIC_2019)\Dataset\NV\ISIC_0026649.jpg,isic_0026649,5,8a453ccc50fab2dfb903aa87f8763f9e73d70001f81b5b2cbc92ad8802bc6eae,15148,0
C:\SRS(ISIC_2019)\Dataset\NV\ISIC_0026655.jpg,isic_0026655,5,09fb4958cfa3b242bc341775df848880b5f9ed887c7e99d936056c75a19c2b35,15152,0
C:\SRS(ISIC_2019)\Dataset\NV\ISIC_0026665.jpg,isic_0026665,5,dafe0b9ff5ece0bd7dfe7d8aa13a900fcf0d9fb69ede853500f76971571a4fee,15158,0
C:\SRS(ISIC_2019)\Dataset\NV\ISIC_0026686.jpg,isic_0026686,5,f21e5415ee0fd5b948d9ee72225745da2677cd39982b45fd83592281b2f61b27,15176,0
C:\SRS(ISIC_2019)\Dataset\NV\ISIC_0026691.jpg,isic_0026691,5,f4e35258d9720ca5f8109c735c2e6725bc3f2bfaa3cfa471871abff0eef06b23,15179,0
C:\SRS(ISIC_2019)\Dataset\NV\ISIC_0026701.jpg,isic_0026701,5,ca2ef5f2bdfefce47411e3ee709cd18261dbe2299f0bc8fc86df56ede382e3b5,15186,0
C:\SRS(ISIC_2019)\Dataset\NV\ISIC_0026703.jpg,isic_0026703,5,246986a053e49b36871a108b3bfca8d517bd390c86bd468325efc56473d50be0,15187,0
C:\SRS(ISIC_2019)\Dataset\NV\ISIC_0026712.jpg,isic_0026712,5,35ac9d13316aaeb352834450dff4e0112931d0046aca57cb91a43085386c56c3,15194,0
C:\SRS(ISIC_2019)\Dataset\NV\ISIC_0026719.jpg,isic_0026719,5,8e4e96f4f3ca466ce54b0f304caa9fb2819688207dfc73a7566f116444acd58b,15197,0
C:\SRS(ISIC_2019)\Dataset\NV\ISIC_0026736.jpg,isic_0026736,5,e5a15df262cd5efa58600ba98829da2a67ee310b42991777580182d0b4bedca3,15210,0
C:\SRS(ISIC_2019)\Dataset\NV\ISIC_0026742.jpg,isic_0026742,5,1ddffff4b13a234eab3cc65094829eeb9bd58ce4458d94dda5bb6793a8a107b3,15214,0
C:\SRS(ISIC_2019)\Dataset\NV\ISIC_0026747.jpg,isic_0026747,5,600b16e243ce3c489e10ce9d98a6675b1150be37e4adbe25b69f70287685959b,15216,0
C:\SRS(ISIC_2019)\Dataset\NV\ISIC_0026749.jpg,isic_0026749,5,706d837b54f80e95e625012b97bcbaa2f63809d55550d78be7012d5775aa9d94,15218,0
C:\SRS(ISIC_2019)\Dataset\NV\ISIC_0026751.jpg,isic_0026751,5,afce6350cb8cc1bfc746bb7e4c52fa6267b866901750b398b629e1a8da284fd9,15220,0
C:\SRS(ISIC_2019)\Dataset\NV\ISIC_0026753.jpg,isic_0026753,5,ca36d300439a47e40b719444583122f485e38b9081dc80ef820ca37302c04966,15222,0
C:\SRS(ISIC_2019)\Dataset\NV\ISIC_0026771.jpg,isic_0026771,5,0913ec0309f917328705e787a7439d62a30fe1bc7506a0ce6fcb74651a7a99bb,15234,0
C:\SRS(ISIC_2019)\Dataset\NV\ISIC_0026785.jpg,isic_0026785,5,dbfad819c4592eaf4a0fb85c784e0e385dc0b40db1bdf10c21611dd36de1ea81,15245,0
C:\SRS(ISIC_2019)\Dataset\NV\ISIC_0026791.jpg,isic_0026791,5,f112a14e624d4349cc7e8931f7404e56c7f911c09fc62cf3f383aa2fd268ae6d,15248,0
C:\SRS(ISIC_2019)\Dataset\NV\ISIC_0026793.jpg,isic_0026793,5,feb9738751c8793674dc4e900296ee8b23a4b02dbfe40a7470d49cab9d1ebb0b,15250,0
C:\SRS(ISIC_2019)\Dataset\NV\ISIC_0026795.jpg,isic_0026795,5,64e36f69c8bf05ebaa388a0aa21740140e0b2861274cacee0e5dd1f1ca8c6dfb,15251,0
C:\SRS(ISIC_2019)\Dataset\NV\ISIC_0026805.jpg,isic_0026805,5,beb471514f280ea3fdc577371da3f80cbd3badec880dc14c1b7141dd84ab3b6f,15257,0
C:\SRS(ISIC_2019)\Dataset\NV\ISIC_0026810.jpg,isic_0026810,5,07882a83b19128809c019c2bbf932064a350c378fcb9735566f228b161b02d03,15262,0
C:\SRS(ISIC_2019)\Dataset\NV\ISIC_0026812.jpg,isic_0026812,5,7813f63c757534d6459fa31f13b8eaa34dc796676fabf91b83f13bdae6d11f81,15263,0
C:\SRS(ISIC_2019)\Dataset\NV\ISIC_0026814.jpg,isic_0026814,5,e2ed57b0da5d9f11b616f78a000a52f02ca2a568aca1d4e82e3188f91ef6ffab,15265,0
C:\SRS(ISIC_2019)\Dataset\NV\ISIC_0026817.jpg,isic_0026817,5,f3692619b51941010b15cf9c3bc5dc40a47a77edb3e8fbb7925e90422fe99618,15268,0
C:\SRS(ISIC_2019)\Dataset\NV\ISIC_0026819.jpg,isic_0026819,5,e4fcebfa07789ca7bd82c8bf64286fc2df7de455d77b14c5f942b039a169d3be,15270,0
C:\SRS(ISIC_2019)\Dataset\NV\ISIC_0026822.jpg,isic_0026822,5,a0d62b79bec4b5d5a06710a2467ca5ae8bc498e7614235e2069a1b3b7e717a23,15273,0
C:\SRS(ISIC_2019)\Dataset\NV\ISIC_0026824.jpg,isic_0026824,5,c318b9cec3d849ef06d1c0243d99953906663b43f3690caace243e23648a8330,15274,0
C:\SRS(ISIC_2019)\Dataset\NV\ISIC_0026841.jpg,isic_0026841,5,496e30a1d945101c24e10498785f75e20ddcdc7ebca39776ba8bd72f419a8e17,15287,0
C:\SRS(ISIC_2019)\Dataset\NV\ISIC_0026851.jpg,isic_0026851,5,a25b183072b4acfd2c02d68e9d737ac1a77b4c583720c4d78ad20c59d707b1b5,15289,0
C:\SRS(ISIC_2019)\Dataset\NV\ISIC_0026856.jpg,isic_0026856,5,bd795ef1e5ee977b0abc5e42e4346ad1a7481e51d0bf79bb8aeff0faa9cf696d,15292,0
C:\SRS(ISIC_2019)\Dataset\NV\ISIC_0026858.jpg,isic_0026858,5,be24e9fc382df3239480b1b562444049cf277230f074f502a57719a725bf2b21,15293,0
C:\SRS(ISIC_2019)\Dataset\NV\ISIC_0026886.jpg,isic_0026886,5,4f21fef6d403fdf261363b75868dbb4464f8a31f012bd15718576e80d91e8825,15312,0
C:\SRS(ISIC_2019)\Dataset\NV\ISIC_0026891.jpg,isic_0026891,5,23863a56a206e3a984ddf1539e36050b885b23caee56afe7e906e383f071821f,15317,0
C:\SRS(ISIC_2019)\Dataset\NV\ISIC_0026915.jpg,isic_0026915,5,6b7c7fd75c42b89620115bc71ee96697b0fcdde35ecede398d80b83d436dfd48,15332,0
C:\SRS(ISIC_2019)\Dataset\NV\ISIC_0026921.jpg,isic_0026921,5,ce7f4b0fc977518e4476da6b4aeafa1252af4998eb16659a563d2613246da636,15337,0
C:\SRS(ISIC_2019)\Dataset\NV\ISIC_0026926.jpg,isic_0026926,5,fbdc85791f6978353ac67704d70c46a5ae711a4135805dc77feab69ce3c67ffb,15341,0
C:\SRS(ISIC_2019)\Dataset\NV\ISIC_0026933.jpg,isic_0026933,5,ce327f42ab53c95e17665916e5a5363069463abea85e27bcb136c3e644197806,15346,0
C:\SRS(ISIC_2019)\Dataset\NV\ISIC_0026939.jpg,isic_0026939,5,b8f627f583ba9d0740353e208297178774e33dfdaa005db49417a257c117fd2a,15352,0
C:\SRS(ISIC_2019)\Dataset\NV\ISIC_0026943.jpg,isic_0026943,5,0e03141074ca5ff0b2edd06d83f7f1af17dd9143d70a8a4c6afd88626bc289bd,15354,0
C:\SRS(ISIC_2019)\Dataset\NV\ISIC_0026945.jpg,isic_0026945,5,64579a8ab280c06a110baf238f0905edac0304edb5fe7c8f3ce25c2eb21d872c,15356,0
C:\SRS(ISIC_2019)\Dataset\NV\ISIC_0026946.jpg,isic_0026946,5,05a8584c5e69ec8505cc9ba45df3405a3f0c840c3f86312fee789136be20703e,15357,0
C:\SRS(ISIC_2019)\Dataset\NV\ISIC_0026953.jpg,isic_0026953,5,6437763fdd2c3b47c5761a02780d5ec4be94fce45652c6531a576abb7a758bfe,15361,0
C:\SRS(ISIC_2019)\Dataset\NV\ISIC_0026966.jpg,isic_0026966,5,cb6eb407be0c9905a0eba270cc916375ee7760150d362c8268c85349f58c0015,15367,0
C:\SRS(ISIC_2019)\Dataset\NV\ISIC_0026980.jpg,isic_0026980,5,6a76bbefecd59cd6ea7f506bee168dbfef8037082aa8d63a6e58ad989143c3b9,15376,0
C:\SRS(ISIC_2019)\Dataset\NV\ISIC_0026982.jpg,isic_0026982,5,b1cca4acb4a0a0037f4e8c229a9e45f887e9254d3aa15ed09efed34f332b795a,15377,0
C:\SRS(ISIC_2019)\Dataset\NV\ISIC_0026990.jpg,isic_0026990,5,b9aaa3e27f91aaed3b8aa70198fbff6e64381522d587457d4d92cbf3cf506afc,15382,0
C:\SRS(ISIC_2019)\Dataset\NV\ISIC_0026999.jpg,isic_0026999,5,5c49e7f8848c83ebf72ff2343fd7b3366651ced53aad73ff50cce8aa233e697c,15387,0
C:\SRS(ISIC_2019)\Dataset\NV\ISIC_0027011.jpg,isic_0027011,5,b870b7b7a0009be18f8a29357886bf64ee6f477df34b39da27bbd684a581eeff,15396,0
C:\SRS(ISIC_2019)\Dataset\NV\ISIC_0027024.jpg,isic_0027024,5,1b11567f8c02e5fc6a4e5a265fee5a2b74d087ca7ba4fdb8693bf1698e7b0f40,15405,0
C:\SRS(ISIC_2019)\Dataset\NV\ISIC_0027028.jpg,isic_0027028,5,382604fdf2608eba87c9c07f4bd86b96ae37af6991ef4129506c79063c6dd0a8,15406,0
C:\SRS(ISIC_2019)\Dataset\NV\ISIC_0027032.jpg,isic_0027032,5,addbbc08ae60b0a4fb6da409f28e6f506ae6e834e4d9487ee1b0fd90e2e9e483,15409,0
C:\SRS(ISIC_2019)\Dataset\NV\ISIC_0027036.jpg,isic_0027036,5,170bdb5e7fcb91dddff169884030182db68619ae5cc4104244085105ec716e15,15412,0
C:\SRS(ISIC_2019)\Dataset\NV\ISIC_0027040.jpg,isic_0027040,5,bc093ea3b3526f8d8bfff17b44ed01376e42e0b591ff2c019ab03d16cc197a92,15414,0
C:\SRS(ISIC_2019)\Dataset\NV\ISIC_0027048.jpg,isic_0027048,5,0de1f234bc5cfc755dc9c3472bf8ca6bf35dd8fb6b67f314e9a78e1a7b61cdf3,15416,0
C:\SRS(ISIC_2019)\Dataset\NV\ISIC_0027056.jpg,isic_0027056,5,4f94dd23fe8d317c489958ae887540e8098f814c8ddfe67c4d5f786a566d26ee,15423,0
C:\SRS(ISIC_2019)\Dataset\NV\ISIC_0027059.jpg,isic_0027059,5,4af5b5a5c222a86129abd8cef03fc0a77c79ead40cfd9dd9037e491a00ce4eca,15424,0
C:\SRS(ISIC_2019)\Dataset\NV\ISIC_0027078.jpg,isic_0027078,5,39576b678716166446bdb7fb401195344783ef5fef1db7c04529063fcf1a46e5,15434,0
C:\SRS(ISIC_2019)\Dataset\NV\ISIC_0027085.jpg,isic_0027085,5,3428c3d9f8d1dc8c12addccbf64327b0686c640db272536037577440255c3791,15439,0
C:\SRS(ISIC_2019)\Dataset\NV\ISIC_0027113.jpg,isic_0027113,5,75f52ab7ffd6c40c5e18760905fac663144cb616a70a40c5d9852acf9068796a,15458,0
C:\SRS(ISIC_2019)\Dataset\NV\ISIC_0027116.jpg,isic_0027116,5,e233ad53b324e407bf61558a3f75e35ab5300e7377f1c76afd0702733080d8fe,15461,0
C:\SRS(ISIC_2019)\Dataset\NV\ISIC_0027129.jpg,isic_0027129,5,fd42decf5fb9631260dab36ceced1025d978ba34fe1ced7a8d6446429c61c4a1,15469,0
C:\SRS(ISIC_2019)\Dataset\NV\ISIC_0027152.jpg,isic_0027152,5,e2c10a813794251b427b6dcc0f141ae17a75ea5837d598e27ccb0d205ab2872c,15483,0
C:\SRS(ISIC_2019)\Dataset\NV\ISIC_0027153.jpg,isic_0027153,5,4d0c3b16216937ff66893fd230ff844eaf20bbacdbc7781234b789ad1d742ca5,15484,0
C:\SRS(ISIC_2019)\Dataset\NV\ISIC_0027156.jpg,isic_0027156,5,3471d033d8e93fde225ee1052beba4d508fd69a6140e06b05bd6156417ec3909,15485,0
C:\SRS(ISIC_2019)\Dataset\NV\ISIC_0027157.jpg,isic_0027157,5,27dac9f119f57dcc3a7b5551fdef690d96eff4399289616edfa8e167ee075f8d,15486,0
C:\SRS(ISIC_2019)\Dataset\NV\ISIC_0027169.jpg,isic_0027169,5,e13e464f9fcb468ded83971dd4ac5ec873db5f4294be6926f4f0fa8913a6d47f,15494,0
C:\SRS(ISIC_2019)\Dataset\NV\ISIC_0027176.jpg,isic_0027176,5,931c86ef608ffd3b1b5e74a44f4d614787560c8a4bb721dfdb8a24d83d9ac7b5,15497,0
C:\SRS(ISIC_2019)\Dataset\NV\ISIC_0027191.jpg,isic_0027191,5,92f5ea2acbc6baa721e4b61916a2abcfac66a738d2deb34423b81453c80ba42a,15505,0
C:\SRS(ISIC_2019)\Dataset\NV\ISIC_0027198.jpg,isic_0027198,5,c22e8d9bf62da5255949f523f1861bc991fdbca39504c81c07c7f54195a5902b,15510,0
C:\SRS(ISIC_2019)\Dataset\NV\ISIC_0027201.jpg,isic_0027201,5,24b7bed4c927c8676739df56a18b6a896be7eb361b1f7bc1cb3b03dbe6b5ee53,15513,0
C:\SRS(ISIC_2019)\Dataset\NV\ISIC_0027212.jpg,isic_0027212,5,241c1367142f8809f798ce01d5e5fd2d749d1f7475733662a845b575fe87308f,15521,0
C:\SRS(ISIC_2019)\Dataset\NV\ISIC_0027213.jpg,isic_0027213,5,b293e55707443908e022ec682e62a84777ccc458a2ff8f68f833e9b7e07f190c,15522,0
C:\SRS(ISIC_2019)\Dataset\NV\ISIC_0027226.jpg,isic_0027226,5,a368e57f3d55211132e17cdadad78b034c72157bdce047948d2e111bcc4341d8,15532,0
C:\SRS(ISIC_2019)\Dataset\NV\ISIC_0027228.jpg,isic_0027228,5,cf9c3a08c8908c0fd147aac206e11b31ab5f293956d77d16dba71306b72557f6,15534,0
C:\SRS(ISIC_2019)\Dataset\NV\ISIC_0027244.jpg,isic_0027244,5,0e93ea79daaf3ddf4e6851e6a23cfeb1576852646c15345e27964b9a555203e3,15545,0
C:\SRS(ISIC_2019)\Dataset\NV\ISIC_0027246.jpg,isic_0027246,5,e97b57281b25e7520a54ef2b84890b57c63ba8f443a837d4a7d56d7ff48b5f40,15547,0
C:\SRS(ISIC_2019)\Dataset\NV\ISIC_0027248.jpg,isic_0027248,5,271057817c0ca84202f07a56df2e424c4612b8a612bd2be2c6b45b0ac977a780,15549,0
C:\SRS(ISIC_2019)\Dataset\NV\ISIC_0027273.jpg,isic_0027273,5,53d072020405903f956e8deaf2213d6505a37e8f9fc09dbc9bea589ef6dd28fd,15566,0
C:\SRS(ISIC_2019)\Dataset\NV\ISIC_0027286.jpg,isic_0027286,5,d4a97750a49b622eeb4e6608e8313b68c73416b1edf67f45cf11bc3f04ad2437,15574,0
C:\SRS(ISIC_2019)\Dataset\NV\ISIC_0027290.jpg,isic_0027290,5,726b4f0c5710ebdc9997120cf503a053d1f95ba3d95a3ce033776d5777d43882,15577,0
C:\SRS(ISIC_2019)\Dataset\NV\ISIC_0027299.jpg,isic_0027299,5,d1d566d3b0e3749aed44048d3d5b5e5c80cd5b4576531a7f1eb6adae67b96bd0,15582,0
C:\SRS(ISIC_2019)\Dataset\NV\ISIC_0027345.jpg,isic_0027345,5,aea7d318d20ae15ba6629966cfa62f04aae3fe1185a8a2be176710d341e2ad57,15613,0
C:\SRS(ISIC_2019)\Dataset\NV\ISIC_0027347.jpg,isic_0027347,5,bb0759c6de255f338923a36cdfcbb504fedde87d2fdb449c11fd7088349664e5,15615,0
C:\SRS(ISIC_2019)\Dataset\NV\ISIC_0027349.jpg,isic_0027349,5,9fa86f69883812c3ec1f6bab924f8643737464ea7f7f8a3bfbf4d5866ccc2192,15617,0
C:\SRS(ISIC_2019)\Dataset\NV\ISIC_0027357.jpg,isic_0027357,5,847d46acbe835c2ada8fdbb91a6d6c2c6d420efc615211469600a90c37d5a7b5,15621,0
C:\SRS(ISIC_2019)\Dataset\NV\ISIC_0027372.jpg,isic_0027372,5,0bd0f87cc387df342f864e1b2cd53ba934409652a087e9c54fa7bd4af1ade23b,15631,0
C:\SRS(ISIC_2019)\Dataset\NV\ISIC_0027391.jpg,isic_0027391,5,278bfb055dfbc1597e6793752c40ef8bebbbfa0155dfa5213fa05b8602be763f,15646,0
C:\SRS(ISIC_2019)\Dataset\NV\ISIC_0027395.jpg,isic_0027395,5,45e51204bf627f83a7020f5ba1ff83b4348d30ec93500fb005ba5207669b697b,15648,0
C:\SRS(ISIC_2019)\Dataset\NV\ISIC_0027396.jpg,isic_0027396,5,ff3d93533ccc7237d38fe58d5f68a044b160cf5b6608528304701f3d07ce4c69,15649,0
C:\SRS(ISIC_2019)\Dataset\NV\ISIC_0027399.jpg,isic_0027399,5,9d6c50befd0c05277b3a4d3d9bb08f4b6db6abd9df684b17559e1017e9b30935,15652,0
C:\SRS(ISIC_2019)\Dataset\NV\ISIC_0027418.jpg,isic_0027418,5,1d29308fe9625447d1b89cee8578e46c6fb37129ea8269aac598b9829c0b87ba,15669,0
C:\SRS(ISIC_2019)\Dataset\NV\ISIC_0027426.jpg,isic_0027426,5,ee9bb21b4e12a915a3b6a2a9290386fdc9314efd3ca32c3f232e135dd19ce8fb,15674,0
C:\SRS(ISIC_2019)\Dataset\NV\ISIC_0027430.jpg,isic_0027430,5,e780d0c32290a9734313d18a9cd137cbf38fae6cc0a8e8755a3c7427d02e3dd3,15677,0
C:\SRS(ISIC_2019)\Dataset\NV\ISIC_0027431.jpg,isic_0027431,5,b751767f1747b45531473aa29535365f8fa0783401a92a5be564cf10068c9541,15678,0
C:\SRS(ISIC_2019)\Dataset\NV\ISIC_0027445.jpg,isic_0027445,5,5429608666341e2eb7c5ddf1efe88fe6ef1598ad19af58dddfa58eb8f891c91e,15687,0
C:\SRS(ISIC_2019)\Dataset\NV\ISIC_0027446.jpg,isic_0027446,5,8ba7b5eee434b4eda695a6d9c8c1e9bcd133546d717ebee1be9eb897b230d771,15688,0
C:\SRS(ISIC_2019)\Dataset\NV\ISIC_0027456.jpg,isic_0027456,5,c872d9aaa88b4f68bc372c6b534db038c6c72c528f3d259f1ef618c203c5cb13,15693,0
C:\SRS(ISIC_2019)\Dataset\NV\ISIC_0027460.jpg,isic_0027460,5,4edc021af6995245f67960cccebdd446337c597b4ee546fb1dbdd268d64b789d,15697,0
C:\SRS(ISIC_2019)\Dataset\NV\ISIC_0027461.jpg,isic_0027461,5,59cb2af1d7c0578b0bf23e7d979cfa5e116ee4a42d73291f4c139db63cc5255a,15698,0
C:\SRS(ISIC_2019)\Dataset\NV\ISIC_0027462.jpg,isic_0027462,5,f29c6eda538bd06a944688ff55192322a712eaf10555f59bc9feb72663c27bcc,15699,0
C:\SRS(ISIC_2019)\Dataset\NV\ISIC_0027466.jpg,isic_0027466,5,c06d4deff15adc9059a4fd3b130d6e225ad7511631d2c38691ba88c5e1ad9ac4,15702,0
C:\SRS(ISIC_2019)\Dataset\NV\ISIC_0027469.jpg,isic_0027469,5,b2b50f9c0322979cc3a19a84afeac2a6630f3ce66866f99243cefc80429b00b4,15705,0
C:\SRS(ISIC_2019)\Dataset\NV\ISIC_0027471.jpg,isic_0027471,5,19ad3abfb6818a071af9244ba408bfd7bad22910aebc74dcc8425c63237ae899,15706,0
C:\SRS(ISIC_2019)\Dataset\NV\ISIC_0027474.jpg,isic_0027474,5,31250079754563fad0c4066513092b45b52e4050bdfacec48645a43e83fc9b70,15708,0
C:\SRS(ISIC_2019)\Dataset\NV\ISIC_0027476.jpg,isic_0027476,5,b04f06cbaf5ded103b7a0780dc5516379c7ea00eecb6fcdfab2be6620bee967b,15710,0
C:\SRS(ISIC_2019)\Dataset\NV\ISIC_0027479.jpg,isic_0027479,5,5c1108249722cac953ef8603664c4225122a4b4c578804048bf77b4800fcaa9f,15712,0
C:\SRS(ISIC_2019)\Dataset\NV\ISIC_0027484.jpg,isic_0027484,5,dd199365d84d55a51e011be0722e53d51c8870d41d3ba068a022880487ee115a,15716,0
C:\SRS(ISIC_2019)\Dataset\NV\ISIC_0027491.jpg,isic_0027491,5,7c174acefe8d3cba38405572e4e3292e12347144546271d3ebaa95d3b212710c,15721,0
C:\SRS(ISIC_2019)\Dataset\NV\ISIC_0027499.jpg,isic_0027499,5,41cab4d8939b2456f0a8d9db5f6e1332a06d0f7c62c600d5de6f74002a0b38f4,15729,0
C:\SRS(ISIC_2019)\Dataset\NV\ISIC_0027500.jpg,isic_0027500,5,cd2a504275078b6078512f71ee38c36bdf0f4a62bd783e2c2ca53be837f785f9,15730,0
C:\SRS(ISIC_2019)\Dataset\NV\ISIC_0027511.jpg,isic_0027511,5,d1fc109790926ecb6397b923afe66d419aa0d5d2b52c84709d9f97943a4a49da,15736,0
C:\SRS(ISIC_2019)\Dataset\NV\ISIC_0027512.jpg,isic_0027512,5,895e501c324ed44e28eced9f431759175f070436b446908e6b398c7cc84b8eb1,15737,0
C:\SRS(ISIC_2019)\Dataset\NV\ISIC_0027515.jpg,isic_0027515,5,b80b40da180441d75d6457daca6c3a176f4d0e66e3d9075dbb8bf6aaf8b3397c,15739,0
C:\SRS(ISIC_2019)\Dataset\NV\ISIC_0027516.jpg,isic_0027516,5,16039ebfc0606b380e9c5b9a1f6ebc4f10e62881290b425074cad96d399e61e4,15740,0
C:\SRS(ISIC_2019)\Dataset\NV\ISIC_0027534.jpg,isic_0027534,5,88fb2cef7bcbfb5cc1880130996a82715132e6cfbfb69a118a0d33d651587598,15750,0
C:\SRS(ISIC_2019)\Dataset\NV\ISIC_0027549.jpg,isic_0027549,5,33654b70de2b254493fdebce65d307ec7d867857af006003155ff9fb3c1a2584,15761,0
C:\SRS(ISIC_2019)\Dataset\NV\ISIC_0027567.jpg,isic_0027567,5,eb16b4f745d6793822516b625d744e4cd6ac6eeb66201e707ae64bc48a71868b,15772,0
C:\SRS(ISIC_2019)\Dataset\NV\ISIC_0027576.jpg,isic_0027576,5,3f3760c02b58aa78dbddbf86d284c59b2e1391c964ae464d5bcf36807c54de13,15780,0
C:\SRS(ISIC_2019)\Dataset\NV\ISIC_0027582.jpg,isic_0027582,5,80a5d7d421b872563e7e833a0fda3fc5ddcc48f4841fb93199b6442e85f7a3f8,15784,0
C:\SRS(ISIC_2019)\Dataset\NV\ISIC_0027600.jpg,isic_0027600,5,d229d7a9b008335d783230f46800bb463111140161f2bd8775320e587800544d,15797,0
C:\SRS(ISIC_2019)\Dataset\NV\ISIC_0027607.jpg,isic_0027607,5,21e339b7a9ce8dfdfedec4153d787914edb85d23a42b5151cc34356099b390a2,15801,0
C:\SRS(ISIC_2019)\Dataset\NV\ISIC_0027610.jpg,isic_0027610,5,1f1e5c8a900692d43bb8942860032034775d62fc081a88ae15bf68d57cb411f3,15802,0
C:\SRS(ISIC_2019)\Dataset\NV\ISIC_0027623.jpg,isic_0027623,5,41d288f4161b4327c1442907a07d3c067e0bd8d5d577da1af74757da569320a3,15809,0
C:\SRS(ISIC_2019)\Dataset\NV\ISIC_0027630.jpg,isic_0027630,5,b7506501213a7fe1d8c25a1760e9d6be326061fb24d9b64854d8dc69dfc9ce0b,15814,0
C:\SRS(ISIC_2019)\Dataset\NV\ISIC_0027635.jpg,isic_0027635,5,a7784af810e4a5832c9591e85c13a55cfef3fdf205b2dd9f8b4f43a081ab7917,15818,0
C:\SRS(ISIC_2019)\Dataset\NV\ISIC_0027638.jpg,isic_0027638,5,ec19766065311fb99f05bb8c0a8539c2860fcac47f63d2eee72e1537569c0d0c,15821,0
C:\SRS(ISIC_2019)\Dataset\NV\ISIC_0027639.jpg,isic_0027639,5,7a12eb4cd81f0313b3e33a0c8d48d494640b8150c534691cf89151d5e5f817d7,15822,0
C:\SRS(ISIC_2019)\Dataset\NV\ISIC_0027644.jpg,isic_0027644,5,c81698cecbb1396bdb5b900ace923ae29d15384320e69a2d05213b0283be90ff,15827,0
C:\SRS(ISIC_2019)\Dataset\NV\ISIC_0027679.jpg,isic_0027679,5,7ac55032f98bfec501793c5660359ef42c2630d8bf6376fe90d47c9d411c5d36,15847,0
C:\SRS(ISIC_2019)\Dataset\NV\ISIC_0027709.jpg,isic_0027709,5,31d763f2515c07d5bec4a84f569912842c5cb1ba891f677f200332c23d4cfae9,15869,0
C:\SRS(ISIC_2019)\Dataset\NV\ISIC_0027711.jpg,isic_0027711,5,a56de645340dd8722068719f5c53043ed736b45e326e19c549803ac770e06300,15870,0
C:\SRS(ISIC_2019)\Dataset\NV\ISIC_0027712.jpg,isic_0027712,5,d78a1df62e66dbcb88927a6086fc54fd9eb0ff77d332bf953b33e671cd35f36b,15871,0
C:\SRS(ISIC_2019)\Dataset\NV\ISIC_0027720.jpg,isic_0027720,5,dafd9248cfdc97558fdb47d2876ac102c6b8aaeb0fcb8d6e912133733cb35b62,15877,0
C:\SRS(ISIC_2019)\Dataset\NV\ISIC_0027732.jpg,isic_0027732,5,334d4cd4c263359da333e4b7aac1d290285b69a565cdc71cd086bd329d253994,15886,0
C:\SRS(ISIC_2019)\Dataset\NV\ISIC_0027741.jpg,isic_0027741,5,a8aad459b23c82231429ab3846acf0409ad946c0d55f04a5486c700276cb9e65,15892,0
C:\SRS(ISIC_2019)\Dataset\NV\ISIC_0027751.jpg,isic_0027751,5,54f14ee8d0abe17e3e330cac72bf814dc56b95d4d6d37c5fdf4b3c1b0e32f3d8,15898,0
C:\SRS(ISIC_2019)\Dataset\NV\ISIC_0027757.jpg,isic_0027757,5,dcd7eb70912c9997137f7b2eb5302fd350e17ec1052740218c61952b860a3318,15902,0
C:\SRS(ISIC_2019)\Dataset\NV\ISIC_0027768.jpg,isic_0027768,5,85f913dc95f0546b2db71e74da00cc04e4272101b96d550892efae45085b0e71,15910,0
C:\SRS(ISIC_2019)\Dataset\NV\ISIC_0027783.jpg,isic_0027783,5,00bb7db29679f1ed9b7c591e5672ca8de4be5f95d62a6ca5820b29418483077f,15918,0
C:\SRS(ISIC_2019)\Dataset\NV\ISIC_0027817.jpg,isic_0027817,5,08f1c615fd7224b820459c43945abb474f3ef95a376ce8b3b44a6881404bd70e,15939,0
C:\SRS(ISIC_2019)\Dataset\NV\ISIC_0027836.jpg,isic_0027836,5,e75694516fe6d2351c81b25246a3a22da7e9bae8db0a6f19388ff6d4cbd89b2b,15949,0
C:\SRS(ISIC_2019)\Dataset\NV\ISIC_0027840.jpg,isic_0027840,5,d59442e84f2ee30a6b5f44e03bc2b2e769fc015346632d2ac57b4c2fc88c8c7d,15952,0
C:\SRS(ISIC_2019)\Dataset\NV\ISIC_0027844.jpg,isic_0027844,5,ad14ada532bb431c1fff7a7438b71b6c80282e6c35c9783748a35493454ebc51,15956,0
C:\SRS(ISIC_2019)\Dataset\NV\ISIC_0027847.jpg,isic_0027847,5,5f3bbf866d49c3a4cd80d18772df4bbbb6a8fe83be64dad4dd08470c2cb6a6bb,15958,0
C:\SRS(ISIC_2019)\Dataset\NV\ISIC_0027848.jpg,isic_0027848,5,967349b94e66abaa224505995edaed1b7c5e1b53a78d7e84de666658a10ed935,15959,0
C:\SRS(ISIC_2019)\Dataset\NV\ISIC_0027854.jpg,isic_0027854,5,3eeb1f3760bc6f3a5104191a91cdfa5becb9a380cf3e00b933305ea1fdd787bb,15963,0
C:\SRS(ISIC_2019)\Dataset\NV\ISIC_0027866.jpg,isic_0027866,5,bdba4c4abd1a01fc41bd4d243d61b34bc7316bd348a1851cdd1ae08f48a76995,15970,0
C:\SRS(ISIC_2019)\Dataset\NV\ISIC_0027871.jpg,isic_0027871,5,f7e1558dd0b05611ed8ec8ab8f27df9723cd22103e7adf8af886ca2bb7576ac1,15975,0
C:\SRS(ISIC_2019)\Dataset\NV\ISIC_0027889.jpg,isic_0027889,5,53bdf04f4c6dade8e846d46708ee3cf58c3fba1331d34fbc09e4679f6f1eb2d1,15988,0
C:\SRS(ISIC_2019)\Dataset\NV\ISIC_0027891.jpg,isic_0027891,5,ecd2f862e1e1d2f96641aa3be860bbb14e764c49c0c8a7b3edd1a6c95a0afad7,15990,0
C:\SRS(ISIC_2019)\Dataset\NV\ISIC_0027897.jpg,isic_0027897,5,4d81ba5afd21e1fa788b4b32ecb773ddc5e26ec415a7f586e505e1725c05aac9,15994,0
C:\SRS(ISIC_2019)\Dataset\NV\ISIC_0027909.jpg,isic_0027909,5,4365e2a6363bd4f3fb2f59ad3ce977ee9bd52afaa3c0c04ee6316445487cb66a,16002,0
C:\SRS(ISIC_2019)\Dataset\NV\ISIC_0027914.jpg,isic_0027914,5,42c97a381a242c591a0449a63b336cec4d0c2cd5bdb5dd4e58b3d4d9d3a505d6,16007,0
C:\SRS(ISIC_2019)\Dataset\NV\ISIC_0027927.jpg,isic_0027927,5,1ad3f983b924a3f52a633cca5d3d72f1c878a77ae7e4941d50834e509d75505a,16017,0
C:\SRS(ISIC_2019)\Dataset\NV\ISIC_0027943.jpg,isic_0027943,5,0c78bb52a8aafc28a5eb90199fa477c0bedece3fc7f662e750d224fc868fd7fb,16031,0
C:\SRS(ISIC_2019)\Dataset\NV\ISIC_0027972.jpg,isic_0027972,5,cb17cf59889c2e96f02faa9463eca41b930d0429ce106b32dc0f251aee981b05,16049,0
C:\SRS(ISIC_2019)\Dataset\NV\ISIC_0027981.jpg,isic_0027981,5,c132bf1a91d0652504f1b08bdf84d84f309628eacd5bc12788c5e61bbc7ca57d,16056,0
C:\SRS(ISIC_2019)\Dataset\NV\ISIC_0027985.jpg,isic_0027985,5,c9267d157848d7cd20232488eeccbb0469984177a9525f4f60f64f9f5e30bc36,16058,0
C:\SRS(ISIC_2019)\Dataset\NV\ISIC_0027993.jpg,isic_0027993,5,4048fe6d83f971bc6933601a0acb6fd1d9f3026c5a1235124dfbde57b30c6f44,16063,0
C:\SRS(ISIC_2019)\Dataset\NV\ISIC_0027995.jpg,isic_0027995,5,a2d2399e9f8c828977c6b2cf6d86c84eda6f1628baf0855a069f39cb6e811b75,16065,0
C:\SRS(ISIC_2019)\Dataset\NV\ISIC_0027999.jpg,isic_0027999,5,f12fae4714934dc532332d817a505e1a559953a89915453a79ac907f2fdcb818,16067,0
C:\SRS(ISIC_2019)\Dataset\NV\ISIC_0028002.jpg,isic_0028002,5,afd7378fb520298a6a8a4c2bbad419a3bb0ded476ce5ea8c2d0c256f68a05312,16070,0
C:\SRS(ISIC_2019)\Dataset\NV\ISIC_0028009.jpg,isic_0028009,5,079b542d4904b900ed7b548a6869669fb2e567f45b648fcb18bbd27c8c4b3377,16076,0
C:\SRS(ISIC_2019)\Dataset\NV\ISIC_0028015.jpg,isic_0028015,5,214c889856728d05e64d4336214b94975063e6c6aba49c334be0fd86335dff00,16082,0
C:\SRS(ISIC_2019)\Dataset\NV\ISIC_0028023.jpg,isic_0028023,5,95c349a65004b64820e2f8fb7ebe510d616c09f13a7c269350a1ffeebd6189ab,16087,0
C:\SRS(ISIC_2019)\Dataset\NV\ISIC_0028024.jpg,isic_0028024,5,1a4385c31491eb35a970706c5981798ef4c49ca05e42105ff426c675c3f64384,16088,0
C:\SRS(ISIC_2019)\Dataset\NV\ISIC_0028030.jpg,isic_0028030,5,c34097ee6c58326091798b9ee06b73a1430be0fa7f02a9dacc30c32392213bb3,16092,0
C:\SRS(ISIC_2019)\Dataset\NV\ISIC_0028034.jpg,isic_0028034,5,5a705d9f8e6ea255e545ec47ecf7964b26faa4a70ea4dbe29d65bc9696b6f315,16095,0
C:\SRS(ISIC_2019)\Dataset\NV\ISIC_0028037.jpg,isic_0028037,5,80c5d738c0d2eaef5299d42c37e9aeb2fed2801b605e1d95010a1cd62e61702b,16097,0
C:\SRS(ISIC_2019)\Dataset\NV\ISIC_0028040.jpg,isic_0028040,5,5feea884b210e5e274db79e989abe478a693e76d8cc94c655454232ac8b452bc,16100,0
C:\SRS(ISIC_2019)\Dataset\NV\ISIC_0028044.jpg,isic_0028044,5,47c1f03ee2d4352f7c1fa358a82dfbf503a6d610c870e77618b1a3b57425674e,16102,0
C:\SRS(ISIC_2019)\Dataset\NV\ISIC_0028068.jpg,isic_0028068,5,557db99d9324ffd38cb28fbd5f156bd9d2073e68fca71f26a80956b9a63259e2,16119,0
C:\SRS(ISIC_2019)\Dataset\NV\ISIC_0028074.jpg,isic_0028074,5,02ff16702277f976abf229f36fae853d3ae1f91dbabb035f9c9a159323739b9f,16124,0
C:\SRS(ISIC_2019)\Dataset\NV\ISIC_0028077.jpg,isic_0028077,5,b07a5e5b90168a43bb5c1bbe69584eb4d9392b576115c748d536dce3187f383e,16125,0
C:\SRS(ISIC_2019)\Dataset\NV\ISIC_0028091.jpg,isic_0028091,5,6403a90536cb14074e0ca8a509af1b4f7023f005b61670a3e43de2cc3f3c75ef,16132,0
C:\SRS(ISIC_2019)\Dataset\NV\ISIC_0028093.jpg,isic_0028093,5,032c545c56c3118854769c3610944dc959e43ae98c1524f49b319905ec44f9c8,16134,0
C:\SRS(ISIC_2019)\Dataset\NV\ISIC_0028096.jpg,isic_0028096,5,0c3b06b281a186bdd656f4c842b92ac339baffdca969e5f99cddd22ea6fc983d,16135,0
C:\SRS(ISIC_2019)\Dataset\NV\ISIC_0028097.jpg,isic_0028097,5,ab742ae75e8c961da1f76a14e84fe0398f04152f77caff3299aa4a5e213362e2,16136,0
C:\SRS(ISIC_2019)\Dataset\NV\ISIC_0028130.jpg,isic_0028130,5,5c66bf9ffb844fdf7c79e37341e93679233071ece55b8c46131d96cb071c60e5,16154,0
C:\SRS(ISIC_2019)\Dataset\NV\ISIC_0028161.jpg,isic_0028161,5,24180a97351bc21d725f7f0f4e7d9e112c302bd799941c08389be8d05ccd7e94,16178,0
C:\SRS(ISIC_2019)\Dataset\NV\ISIC_0028174.jpg,isic_0028174,5,d8ae7ea5fa28c5f18b029bf8a095a131517b83377921a6f1e6131de9e540aafe,16187,0
C:\SRS(ISIC_2019)\Dataset\NV\ISIC_0028181.jpg,isic_0028181,5,78a6215f3fe66df857c4728fec897a2bbd4fe3fd75a9fc46213833060b585edb,16193,0
C:\SRS(ISIC_2019)\Dataset\NV\ISIC_0028192.jpg,isic_0028192,5,6880f8c4ef32c98ddc23642ac46e9c678d6e13bf5c61573906aa29934c365622,16202,0
C:\SRS(ISIC_2019)\Dataset\NV\ISIC_0028202.jpg,isic_0028202,5,3f27f8c3a67bbd0299ff4f7de642784edb8c712ff4a06fcdced66df112307ace,16208,0
C:\SRS(ISIC_2019)\Dataset\NV\ISIC_0028213.jpg,isic_0028213,5,5ac3bd26c5f704ee9df27095f12bca42607b2052bba8444b37777c254add3f04,16217,0
C:\SRS(ISIC_2019)\Dataset\NV\ISIC_0028235.jpg,isic_0028235,5,55c03fd3b6d3f9e7382258844a3700e5be9decb108250fc4d4101704742757a2,16226,0
C:\SRS(ISIC_2019)\Dataset\NV\ISIC_0028244.jpg,isic_0028244,5,6eb2dbab55d2eceaedc6f7b2d99d3cf96cae2c06461f96f44da1726f31a32d8a,16232,0
C:\SRS(ISIC_2019)\Dataset\NV\ISIC_0028247.jpg,isic_0028247,5,59325e13c1e266f393b3c21298939f2cc2776cba73e500198649cc55cd75ddf0,16235,0
C:\SRS(ISIC_2019)\Dataset\NV\ISIC_0028250.jpg,isic_0028250,5,5aea2f4d7f92ed3239c2e355a1750d43a0f60a4833f1d544a476b284f4adc147,16238,0
C:\SRS(ISIC_2019)\Dataset\NV\ISIC_0028255.jpg,isic_0028255,5,47b69a734dbb05ce1591a925f9f2063ef900b30b2d2627b7a08d2ea631cea34f,16242,0
C:\SRS(ISIC_2019)\Dataset\NV\ISIC_0028256.jpg,isic_0028256,5,59b228cdc8146a9f74f56cc0ae5a2e37ef7841e9043769c162bba50ade3ad0be,16243,0
C:\SRS(ISIC_2019)\Dataset\NV\ISIC_0028259.jpg,isic_0028259,5,9a4b4264551e6080d9a381e493edaf8af0c4ca7ab766a3ee15a736bc9969e8cc,16245,0
C:\SRS(ISIC_2019)\Dataset\NV\ISIC_0028262.jpg,isic_0028262,5,31ec428c2652252ef2982061426f81aa9e8a9deddfbd45b7b1980da95021560d,16248,0
C:\SRS(ISIC_2019)\Dataset\NV\ISIC_0028273.jpg,isic_0028273,5,d7772c3360c6c15e4fe753b7ff931da3ceed56deb93745802bba54d46dfc58cc,16258,0
C:\SRS(ISIC_2019)\Dataset\NV\ISIC_0028276.jpg,isic_0028276,5,f8150547584db5a04fea3dd0bca52186f0c580259ce3265d8cb18f4bd74cb53a,16261,0
C:\SRS(ISIC_2019)\Dataset\NV\ISIC_0028277.jpg,isic_0028277,5,eff64143566ea28680788591311c7433aeaa13385eeaaf3def2322493abdb0f7,16262,0
C:\SRS(ISIC_2019)\Dataset\NV\ISIC_0028289.jpg,isic_0028289,5,0e4f55568bfd87bcdf375051d909e888d35da2b05cf821c82db337001507f678,16271,0
C:\SRS(ISIC_2019)\Dataset\NV\ISIC_0028293.jpg,isic_0028293,5,761f0260488a286eb932317bf812374ae9133a88937e8aea2e4373e4e487a704,16274,0
C:\SRS(ISIC_2019)\Dataset\NV\ISIC_0028312.jpg,isic_0028312,5,5b005d928a9b8e28937d4749c3052989e1385c3f778eb3cef0ca79ae6428cc7b,16288,0
C:\SRS(ISIC_2019)\Dataset\NV\ISIC_0028320.jpg,isic_0028320,5,90c60480c45b7e1c638df10c2b303d23f22200c354b80a2ad1d7665f2a0a4678,16293,0
C:\SRS(ISIC_2019)\Dataset\NV\ISIC_0028333.jpg,isic_0028333,5,8a0e323a6020ecf797d8d7e227e221fed7d81b88a6dbd91a0cf329181541ddaa,16301,0
C:\SRS(ISIC_2019)\Dataset\NV\ISIC_0028341.jpg,isic_0028341,5,e2a02cd7c7b3638be34e8c9ceca9ae314196f5799ec65233dd79078fb8422654,16307,0
C:\SRS(ISIC_2019)\Dataset\NV\ISIC_0028353.jpg,isic_0028353,5,d7588eb17a1c848416147fa2889b25b98a3f68b69101216067c205c6405d2591,16314,0
C:\SRS(ISIC_2019)\Dataset\NV\ISIC_0028366.jpg,isic_0028366,5,859433403ab12cda5716205a455d4c23a5717f449219ca77e7640c208445192e,16325,0
C:\SRS(ISIC_2019)\Dataset\NV\ISIC_0028367.jpg,isic_0028367,5,b1b12127d43f628f6cbac4c6a0143f27de234b2f81c5bed17525a0a4844fb12d,16326,0
C:\SRS(ISIC_2019)\Dataset\NV\ISIC_0028368.jpg,isic_0028368,5,eedd875e087ca62ab95c5b23a619042b1aefc0089275fa8cbdd69c1c1d489bb1,16327,0
C:\SRS(ISIC_2019)\Dataset\NV\ISIC_0028369.jpg,isic_0028369,5,062652a91b7f1db4f9855e0ccf7cec520b65771414f987551f7c883bcd664b0d,16328,0
C:\SRS(ISIC_2019)\Dataset\NV\ISIC_0028378.jpg,isic_0028378,5,e3c512f0725ab12516a8cea222ea1bc277a1cf2ad5d1def22b319905e269d3d7,16334,0
C:\SRS(ISIC_2019)\Dataset\NV\ISIC_0028379.jpg,isic_0028379,5,0f147e29d6c5da77cfb93901bdc68dc9ed4d9eb80f204c228a0975d40d99db61,16335,0
C:\SRS(ISIC_2019)\Dataset\NV\ISIC_0028380.jpg,isic_0028380,5,1cb3323467f84e9617124af068f8e63f8b521dc8d473e4946b84b72de9e57386,16336,0
C:\SRS(ISIC_2019)\Dataset\NV\ISIC_0028383.jpg,isic_0028383,5,a3f23151cafad56129dd3f9ca8820564d666240e8519aec7a3e54350dc065f00,16338,0
C:\SRS(ISIC_2019)\Dataset\NV\ISIC_0028385.jpg,isic_0028385,5,83dfd68d5c46309eb7833f0237804f09b4bbfd829b4ce711f6774f55cbbb141e,16340,0
C:\SRS(ISIC_2019)\Dataset\NV\ISIC_0028387.jpg,isic_0028387,5,481b67d8665cd592a2a8abba4fc0589f7afb6f7509594f86638d5d1dc6d44853,16341,0
C:\SRS(ISIC_2019)\Dataset\NV\ISIC_0028400.jpg,isic_0028400,5,2f9bf15e2e6a04bf8411870ca3c8d9f61016721d5517be4889e06cbf187abfcc,16351,0
C:\SRS(ISIC_2019)\Dataset\NV\ISIC_0028403.jpg,isic_0028403,5,4b28c3008fef6e41b9e66b81fef0939c9f967bc11c60f5aa37d6a296dc667e30,16354,0
C:\SRS(ISIC_2019)\Dataset\NV\ISIC_0028409.jpg,isic_0028409,5,050918840001037765058a5c6a38f886847624851bbe31ba1655b3fb7f253888,16358,0
C:\SRS(ISIC_2019)\Dataset\NV\ISIC_0028427.jpg,isic_0028427,5,63cd55edcffefcebf9a369606b1a2ea6544000473b942231b408e5996dee43b7,16369,0
C:\SRS(ISIC_2019)\Dataset\NV\ISIC_0028430.jpg,isic_0028430,5,dddd325942aa1705f9707e1ee4789dac18dc5367d6f49aef1ddf883af4128a68,16372,0
C:\SRS(ISIC_2019)\Dataset\NV\ISIC_0028437.jpg,isic_0028437,5,7564823d5220e4078a126133e37a7570197fa0aad084202a6a24ef9b9b4a3e38,16378,0
C:\SRS(ISIC_2019)\Dataset\NV\ISIC_0028443.jpg,isic_0028443,5,07f08a72040d68cbecb1e9fc4cdd833e4a5c2d11f97a5d9efb9bf696e4647605,16383,0
C:\SRS(ISIC_2019)\Dataset\NV\ISIC_0028456.jpg,isic_0028456,5,68dfe123098dfaea4a96b7892bd97e42bed38762b07ddd2b6ba03422938702d5,16392,0
C:\SRS(ISIC_2019)\Dataset\NV\ISIC_0028464.jpg,isic_0028464,5,21e7ea2f5d8435239d82a345a6ea218995541c4f100610089ff385618d827527,16397,0
C:\SRS(ISIC_2019)\Dataset\NV\ISIC_0028468.jpg,isic_0028468,5,e7ccaeaedc03f8ccfc8b83af8b1ad5eb2f3e7e662d45f1b096d73a3484677bed,16399,0
C:\SRS(ISIC_2019)\Dataset\NV\ISIC_0028470.jpg,isic_0028470,5,d33df840dcda103f9ba001f3582f5aba2df289641f80707b6ea8ab6048dde724,16401,0
C:\SRS(ISIC_2019)\Dataset\NV\ISIC_0028474.jpg,isic_0028474,5,7e0a60b63745332bb2786bc900654d185aca6594bfd0aaff3edeb297ee4dc2f9,16404,0
C:\SRS(ISIC_2019)\Dataset\NV\ISIC_0028477.jpg,isic_0028477,5,f89cc0d664d9f0a43bb06467a9ad5f79ef76f7fd0f33eb19f27fbd83a2b7360f,16407,0
C:\SRS(ISIC_2019)\Dataset\NV\ISIC_0028492.jpg,isic_0028492,5,862f89ebdea97ff9442821ec37ec5fb9b00189936b78428a2d397418263a0c52,16417,0
C:\SRS(ISIC_2019)\Dataset\NV\ISIC_0028506.jpg,isic_0028506,5,cb9b07c240f5c287fdc4a97d75388230c0f5ce56085bfd6845a2297869cbc595,16424,0
C:\SRS(ISIC_2019)\Dataset\NV\ISIC_0028516.jpg,isic_0028516,5,e35ff0bbadd348ea146b74b9392ebe57639c8d74c3dc3cf1a754ae0f429b134f,16431,0
C:\SRS(ISIC_2019)\Dataset\NV\ISIC_0028522.jpg,isic_0028522,5,20a27d171aab4b15767c4b5704d15acb62ed451fe265b385d9eb00c046dc43fe,16434,0
C:\SRS(ISIC_2019)\Dataset\NV\ISIC_0028524.jpg,isic_0028524,5,41ca11f9d10e7b8084386e0e6d5ebc7f74846859738f3e368e4c157c589701d2,16436,0
C:\SRS(ISIC_2019)\Dataset\NV\ISIC_0028528.jpg,isic_0028528,5,59d0aac3ec05125e2e61e4936136421a96e0fd423f502e14ffc5bf02d2438563,16439,0
C:\SRS(ISIC_2019)\Dataset\NV\ISIC_0028538.jpg,isic_0028538,5,ac9c71aed1de0b5ca0f54100fb425c98189d3adea25d9c1b3fadd0d8e11392ac,16448,0
C:\SRS(ISIC_2019)\Dataset\NV\ISIC_0028546.jpg,isic_0028546,5,8e5294005302dd8b8f922adb1eb7d2bde0b5ab11f66dea21d60e6fc5c4dc4e1d,16454,0
C:\SRS(ISIC_2019)\Dataset\NV\ISIC_0028552.jpg,isic_0028552,5,d653a407cc95306303c72a81a2e4f6e267b481e5201c89f945a9e5d9d4f07476,16458,0
C:\SRS(ISIC_2019)\Dataset\NV\ISIC_0028553.jpg,isic_0028553,5,e605ebb22bab0a0325f7c88a53e9a7d06683d60292fde312093dc53e0682f2be,16459,0
C:\SRS(ISIC_2019)\Dataset\NV\ISIC_0028562.jpg,isic_0028562,5,7d6d5be2d56f1877b3a3667aa81ecd2eb35bb924571b617d05f1e79c6160e4ed,16464,0
C:\SRS(ISIC_2019)\Dataset\NV\ISIC_0028563.jpg,isic_0028563,5,3c5949ee5f62a041d7cd384799f2954e9e550d0920a946da3d7862be7107142e,16465,0
C:\SRS(ISIC_2019)\Dataset\NV\ISIC_0028589.jpg,isic_0028589,5,1c3698f9c3eb0758fd2b77a775f705a20c55ecacc879dee08109219a5b9a93d8,16481,0
C:\SRS(ISIC_2019)\Dataset\NV\ISIC_0028612.jpg,isic_0028612,5,46d65938aace368633b9239335cd138547d468de9da698d0e2996bccbd345560,16501,0
C:\SRS(ISIC_2019)\Dataset\NV\ISIC_0028617.jpg,isic_0028617,5,f0d2302be08a44d0a6c691defd4097fc43c8cec8a2356a630599a9d65379d284,16505,0
C:\SRS(ISIC_2019)\Dataset\NV\ISIC_0028627.jpg,isic_0028627,5,07d16a9394ff31190baa3c1a55fae716a84fc87362216300e8efe97838bf2b49,16512,0
C:\SRS(ISIC_2019)\Dataset\NV\ISIC_0028631.jpg,isic_0028631,5,e6d991e2b3ee0dc9b8305d264462c151f077c18f3f4a954dbd4958e0fd1272c2,16515,0
C:\SRS(ISIC_2019)\Dataset\NV\ISIC_0028638.jpg,isic_0028638,5,60de93926f0a7983834962f0be4b3bd703656f6f817f493b14743af3b484bf32,16522,0
C:\SRS(ISIC_2019)\Dataset\NV\ISIC_0028639.jpg,isic_0028639,5,af3dcc109d6f0c70c1aa55d8cb6b812a8bcb902b033fc2eb65803920c5db24b2,16523,0
C:\SRS(ISIC_2019)\Dataset\NV\ISIC_0028649.jpg,isic_0028649,5,2e975627b5c5e9e6ad72d9a68e9459a2e028bd02b335351a7f81da447d3ee54c,16529,0
C:\SRS(ISIC_2019)\Dataset\NV\ISIC_0028663.jpg,isic_0028663,5,b29375efeb1add1dbcb5f0cba4f8c61b6c4cc0870fbd5d19c0de851f68258668,16535,0
C:\SRS(ISIC_2019)\Dataset\NV\ISIC_0028678.jpg,isic_0028678,5,1d85da72196ccecb3c188303b5979fcfa0020ef96861579ce430bb83388ee934,16546,0
C:\SRS(ISIC_2019)\Dataset\NV\ISIC_0028691.jpg,isic_0028691,5,16578754179a54c7dd2e5356355adb1f5439c29d7bb6d4f3efa2ebab5cc7d0d0,16554,0
C:\SRS(ISIC_2019)\Dataset\NV\ISIC_0028695.jpg,isic_0028695,5,a32648eeccfe1fc33a3ef2bd712cd754faf4c8d9a10784ad311c74c62ebaf292,16557,0
C:\SRS(ISIC_2019)\Dataset\NV\ISIC_0028698.jpg,isic_0028698,5,b372c96fca143c9db952ca0b446fdf504bdae7771f413ab5adb37d7c2a6e2970,16559,0
C:\SRS(ISIC_2019)\Dataset\NV\ISIC_0028704.jpg,isic_0028704,5,c510c283a3c84d205208f5fa6ff859c9ddb44de4e4a3bd6bcff3193aef6f1573,16563,0
C:\SRS(ISIC_2019)\Dataset\NV\ISIC_0028721.jpg,isic_0028721,5,46d2fa7be625291109a100729616c5a333fc2990741f8256913d38c490336f8f,16574,0
C:\SRS(ISIC_2019)\Dataset\NV\ISIC_0028722.jpg,isic_0028722,5,fbc3ae33c4620c5f20abb2eaa95a43fb841c1241e62de9e243bf128574e7247a,16575,0
C:\SRS(ISIC_2019)\Dataset\NV\ISIC_0028744.jpg,isic_0028744,5,3176b8c268abc1cb6ffd9514e46925ec1ded7a2d0be9e91c7c3c13f7489a09da,16593,0
C:\SRS(ISIC_2019)\Dataset\NV\ISIC_0028748.jpg,isic_0028748,5,72b42649f7bef292dd57d6c685eb94622d620a2f752e6865f0085d1e77df96b9,16595,0
C:\SRS(ISIC_2019)\Dataset\NV\ISIC_0028761.jpg,isic_0028761,5,eb57dd11de25fb291706917c496267c5d848cd08fffdb305e5e1ac982ed12bf4,16605,0
C:\SRS(ISIC_2019)\Dataset\NV\ISIC_0028767.jpg,isic_0028767,5,067cc81c3ee66f89130873eee7f6bb8dabf5fa7d38d2a0e36edad003661ba196,16608,0
C:\SRS(ISIC_2019)\Dataset\NV\ISIC_0028780.jpg,isic_0028780,5,ce0475dc18cc98278987ac1222a5828d2c12fb9d342179198946dacce07ded2d,16618,0
C:\SRS(ISIC_2019)\Dataset\NV\ISIC_0028781.jpg,isic_0028781,5,8fa8c063c9a407a555f12e54770dc436f592ef465bf3d24ed077a2412942ab10,16619,0
C:\SRS(ISIC_2019)\Dataset\NV\ISIC_0028783.jpg,isic_0028783,5,b8e887ff50d867608f3c6a61daa52200b62f596177ffd466d498e80fe038dde4,16621,0
C:\SRS(ISIC_2019)\Dataset\NV\ISIC_0028785.jpg,isic_0028785,5,a922119fe9f11fa2291d5f814014266c213120246fbd5b9ebbcdcd10a87ef018,16623,0
C:\SRS(ISIC_2019)\Dataset\NV\ISIC_0028799.jpg,isic_0028799,5,c031b5f237510ab659c6df3b62b281c979cd88e275373014474a68e82635e0ac,16633,0
C:\SRS(ISIC_2019)\Dataset\NV\ISIC_0028803.jpg,isic_0028803,5,4ab14cedf996caf2a1f4dee90ad5801d42f1c3e956924ab502ecfaaa3bce13ee,16637,0
C:\SRS(ISIC_2019)\Dataset\NV\ISIC_0028817.jpg,isic_0028817,5,1ab3389dff12ebfc899c815606d3d0c149ba42055a0d6bb0b8bf72e60dab9a07,16647,0
C:\SRS(ISIC_2019)\Dataset\NV\ISIC_0028821.jpg,isic_0028821,5,4caa622396f9482f1b07d9c2b1507011473e43289165ebb68fb34ccf5f9e8476,16649,0
C:\SRS(ISIC_2019)\Dataset\NV\ISIC_0028824.jpg,isic_0028824,5,e414cf2f4c526feeffea7d58d5975c208734fb2462fb1eac798ec25a9ad36c13,16651,0
C:\SRS(ISIC_2019)\Dataset\NV\ISIC_0028836.jpg,isic_0028836,5,9b33e6cea847f5ca7e85e153e4e513ccc5cc0c492d8e2b5feaeefa9106a393de,16661,0
C:\SRS(ISIC_2019)\Dataset\NV\ISIC_0028837.jpg,isic_0028837,5,75700cf9ccb7ee895da4d0555c6d4f0fe42bc278035fec9110aabd44a17e7635,16662,0
C:\SRS(ISIC_2019)\Dataset\NV\ISIC_0028843.jpg,isic_0028843,5,e060b3e671ea112ad35f1b32c90fda3ac03206ec6822c9b659db9cb789ee5949,16666,0
C:\SRS(ISIC_2019)\Dataset\NV\ISIC_0028868.jpg,isic_0028868,5,fb3bb3e71fa7be2210d9e0ee4f0822ebc70dbf61b225763218267d89b0182747,16685,0
C:\SRS(ISIC_2019)\Dataset\NV\ISIC_0028884.jpg,isic_0028884,5,45e7ee4fcef217a47688a183300bbfeb496291e302cf6cfef0f0b6c40ec2992b,16694,0
C:\SRS(ISIC_2019)\Dataset\NV\ISIC_0028889.jpg,isic_0028889,5,f44ba6cb35cbe9a45a2e75436b544b3409a0a50f1f2b6553739ff5e8418cc457,16698,0
C:\SRS(ISIC_2019)\Dataset\NV\ISIC_0028892.jpg,isic_0028892,5,c77845a317da686941ec1ef5a578c2bf1490ce774624fae0711f081d39248271,16700,0
C:\SRS(ISIC_2019)\Dataset\NV\ISIC_0028903.jpg,isic_0028903,5,8b01798b30ac21e87782f254fca1e49d50d90a651dcff8e6c37238f5ab03dd79,16706,0
C:\SRS(ISIC_2019)\Dataset\NV\ISIC_0028905.jpg,isic_0028905,5,ab22d1af5cc44afd114c0b3ea74a887faa4d1d991a45ad0984ce5b9212c51a4d,16708,0
C:\SRS(ISIC_2019)\Dataset\NV\ISIC_0028906.jpg,isic_0028906,5,7068b3cc02d4b4fcd22410bd50b4ee11ee01bcc1cda9219dfcaf8221d42c35dd,16709,0
C:\SRS(ISIC_2019)\Dataset\NV\ISIC_0028912.jpg,isic_0028912,5,39a02277c0371178d1c8d0c3eb503f834acf37e01db03a29c0ad0da1c32cee77,16715,0
C:\SRS(ISIC_2019)\Dataset\NV\ISIC_0028933.jpg,isic_0028933,5,5834fb8a68751bb3e478a6e4bef42b8d8b606ccc2c9cf952c01e128b9cede9cd,16726,0
C:\SRS(ISIC_2019)\Dataset\NV\ISIC_0028935.jpg,isic_0028935,5,3da2b27b0eb22daf0f2013df7e5e0401eeb5a419c74b705a4f261ced233ca0c0,16728,0
C:\SRS(ISIC_2019)\Dataset\NV\ISIC_0028940.jpg,isic_0028940,5,bb1675ac168f9071e6c48e1997bdb1c1b058b23a4dfad6b6b9bc898f73a77568,16732,0
C:\SRS(ISIC_2019)\Dataset\NV\ISIC_0028959.jpg,isic_0028959,5,5dd189893ae35178f1fa19dfcc45c65267bfed9263692071d8cba7ab157b0a9a,16747,0
C:\SRS(ISIC_2019)\Dataset\NV\ISIC_0028961.jpg,isic_0028961,5,fd8716b6c3ccc34604f66f9a7290a9274c14ba8b4732de34a744da9edd9e5a1e,16749,0
C:\SRS(ISIC_2019)\Dataset\NV\ISIC_0028966.jpg,isic_0028966,5,f2edd4dbc77e3f9976c00f80bac87c5027094f3ca87da39a76463ef05e850335,16752,0
C:\SRS(ISIC_2019)\Dataset\NV\ISIC_0028975.jpg,isic_0028975,5,d4f068e594a099f50844ff63c6e1ec2fefeef9a1d9ce1c198dbba131f77e8a2e,16756,0
C:\SRS(ISIC_2019)\Dataset\NV\ISIC_0028991.jpg,isic_0028991,5,162c561066d11c2848ca0867792685d1dfd690c2eb071797e7d41356d2856a99,16766,0
C:\SRS(ISIC_2019)\Dataset\NV\ISIC_0029007.jpg,isic_0029007,5,29abf127f3a879cc7eeb1954ebb363ba574a7f3c26bdb1c1fd44606c04ee323c,16776,0
C:\SRS(ISIC_2019)\Dataset\NV\ISIC_0029011.jpg,isic_0029011,5,c888c9ff35431ab87e1b513126ef05dc672a0f6a99edf3b4915d0687f615a37b,16779,0
C:\SRS(ISIC_2019)\Dataset\NV\ISIC_0029038.jpg,isic_0029038,5,b17324606cb94c1c798b5d49424e68ad5aa5def1d15db70daf3c242d1871230e,16790,0
C:\SRS(ISIC_2019)\Dataset\NV\ISIC_0029044.jpg,isic_0029044,5,0339dabb7b38db3b5a8f6b49608eb59ea12dfc5f1ee533c00bf49e64a028b6e2,16792,0
C:\SRS(ISIC_2019)\Dataset\NV\ISIC_0029045.jpg,isic_0029045,5,cab65f70700bd28683184446579e409f9dc4c71ba985293912500f6cdcb4250d,16793,0
C:\SRS(ISIC_2019)\Dataset\NV\ISIC_0029055.jpg,isic_0029055,5,cf67c5b447142628e9e776a1faae86263407ca5ae8aa6f144e29299fd10f7911,16799,0
C:\SRS(ISIC_2019)\Dataset\NV\ISIC_0029091.jpg,isic_0029091,5,37f6278cdf713e6c010984723e549c0728c66ec4fff7c7fbc13e9f266ce5e048,16822,0
C:\SRS(ISIC_2019)\Dataset\NV\ISIC_0029096.jpg,isic_0029096,5,c2cdb9a2362553e924903890411bd72b5cbab541aa28baacb5d260370afb5083,16825,0
C:\SRS(ISIC_2019)\Dataset\NV\ISIC_0029098.jpg,isic_0029098,5,554c7a7beb519827990863bc18527b7089df639b5e40321bcf533875530354c5,16827,0
C:\SRS(ISIC_2019)\Dataset\NV\ISIC_0029103.jpg,isic_0029103,5,6d20824e6851324e87ce32ebd053fe51534a46c76e49ed7e60994600f9413c53,16828,0
C:\SRS(ISIC_2019)\Dataset\NV\ISIC_0029111.jpg,isic_0029111,5,1f6cba612552efef9ac8c6f95aa5303a11f956fcecbb72477c75270929267b6f,16834,0
C:\SRS(ISIC_2019)\Dataset\NV\ISIC_0029117.jpg,isic_0029117,5,cda250c1f04072edf3e6362c15c7ac1879dcfc2b689f0bae193043abe8101e06,16838,0
C:\SRS(ISIC_2019)\Dataset\NV\ISIC_0029134.jpg,isic_0029134,5,0665ae80bca335019776cfe0920c3bca78787a52bea76fea3d4aaa194cee98cb,16850,0
C:\SRS(ISIC_2019)\Dataset\NV\ISIC_0029140.jpg,isic_0029140,5,c2c274f434fcfc482c69b29682fc54a6f9106735384d9986bf30b93b64c9451c,16854,0
C:\SRS(ISIC_2019)\Dataset\NV\ISIC_0029142.jpg,isic_0029142,5,7c304575304f118212aab2ccc32e8bd182e8da2c9dc81d2513e960871bba14c0,16855,0
C:\SRS(ISIC_2019)\Dataset\NV\ISIC_0029153.jpg,isic_0029153,5,ffeee7c8b571b419aaa68ac2a91c0b2de6b787e43fb0eb1863547e1dabda1f10,16864,0
C:\SRS(ISIC_2019)\Dataset\NV\ISIC_0029154.jpg,isic_0029154,5,a28f8aabb2e681972ae67d52ecb5c8c7ae16ec331bfe5f14b7364bd02955e935,16865,0
C:\SRS(ISIC_2019)\Dataset\NV\ISIC_0029167.jpg,isic_0029167,5,e483380c8748a94805605a951cea5f7b6941131386d02a97212c72e1d6493dbb,16874,0
C:\SRS(ISIC_2019)\Dataset\NV\ISIC_0029184.jpg,isic_0029184,5,fdbd2e0bf765155654fc80fe36e7052165cb5fa02f56af69a2c1c1573a1ad2be,16887,0
C:\SRS(ISIC_2019)\Dataset\NV\ISIC_0029191.jpg,isic_0029191,5,4c5c0c5e1b537c06f39ed91cb89372413347a8b86aad89edc8b82412760c96d7,16894,0
C:\SRS(ISIC_2019)\Dataset\NV\ISIC_0029215.jpg,isic_0029215,5,09320af2bfec6249954c4a6b86767340fa4b2cd8101980c74cf48bc96688991c,16908,0
C:\SRS(ISIC_2019)\Dataset\NV\ISIC_0029221.jpg,isic_0029221,5,79da20bb17a755786d07518affa3ef905782fe08e3e428e6885960cf80995d02,16911,0
C:\SRS(ISIC_2019)\Dataset\NV\ISIC_0029225.jpg,isic_0029225,5,eedd127dd0488d58d98addd7b9f80621000fa9ba2a4dbe07973c437b171d2565,16915,0
C:\SRS(ISIC_2019)\Dataset\NV\ISIC_0029226.jpg,isic_0029226,5,8922f224678e8092e3120f65a36733a5fd2f6e245c5c9414659da7e044a72467,16916,0
C:\SRS(ISIC_2019)\Dataset\NV\ISIC_0029231.jpg,isic_0029231,5,db66cd86a4749fd8481bece30bcaae57c028722a9d18fa7e5541054834db45b8,16919,0
C:\SRS(ISIC_2019)\Dataset\NV\ISIC_0029234.jpg,isic_0029234,5,1c6b40faad27ee78bc309104f2af3be2bb0cf3989c2bf9081c55b69a83d1bb36,16920,0
C:\SRS(ISIC_2019)\Dataset\NV\ISIC_0029237.jpg,isic_0029237,5,fe0a717cadaa8bf7aef9eb4efde950efbd18163dba944098ae7514311a78aaa9,16922,0
C:\SRS(ISIC_2019)\Dataset\NV\ISIC_0029253.jpg,isic_0029253,5,153a3f7cd6247413c3242da93c380bd46f4050a5f7f6a226d6c7b67a9a8236c6,16931,0
C:\SRS(ISIC_2019)\Dataset\NV\ISIC_0029256.jpg,isic_0029256,5,f8413586529fbe61e2eda6266f44bfd5d7e3a06c4096b47fc249797ae67be720,16934,0
C:\SRS(ISIC_2019)\Dataset\NV\ISIC_0029257.jpg,isic_0029257,5,5cef890a212df211e575d921d015d85b00089c3cf95e302ab7abca25de79e228,16935,0
C:\SRS(ISIC_2019)\Dataset\NV\ISIC_0029258.jpg,isic_0029258,5,59f785d3754e94c136a759cbfdb08cddd7478a4c8a98f39096ed5170e188c489,16936,0
C:\SRS(ISIC_2019)\Dataset\NV\ISIC_0029262.jpg,isic_0029262,5,82bf84f37b4254ae15910deaf6848c4b981da661187990042d17e812fefa040a,16939,0
C:\SRS(ISIC_2019)\Dataset\NV\ISIC_0029274.jpg,isic_0029274,5,2500426aef9b48014ebab9f257f4ea51fa483831f5860b9d40529d8a5671c0ab,16945,0
C:\SRS(ISIC_2019)\Dataset\NV\ISIC_0029284.jpg,isic_0029284,5,bca91e4f220997928e2de91768be2d3221ddb1e2cfed9a12293483a1e26085e0,16952,0
C:\SRS(ISIC_2019)\Dataset\NV\ISIC_0029298.jpg,isic_0029298,5,9d8c04f0cd34a5396dabcf659aa5a37af7e5ac46c2dab36c05ebca9423626041,16962,0
C:\SRS(ISIC_2019)\Dataset\NV\ISIC_0029303.jpg,isic_0029303,5,3ebfdd89374d5e92d9a34a4d0759b122381e732064b5a6cf790957ab335e4c18,16965,0
C:\SRS(ISIC_2019)\Dataset\NV\ISIC_0029304.jpg,isic_0029304,5,995e9dc358f1c382013d453e8d22ffc537ad1d3c556419428c87b6b53598e12c,16966,0
C:\SRS(ISIC_2019)\Dataset\NV\ISIC_0029312.jpg,isic_0029312,5,ff524a03279619a9d8bb36fb4b6eaa3278ab07499334fdc6338f866b1839eccd,16971,0
C:\SRS(ISIC_2019)\Dataset\NV\ISIC_0029325.jpg,isic_0029325,5,7c9d552d7ad33bf8f410ade72b33701644742a647d068e6cea9c294eff7a2bf9,16978,0
C:\SRS(ISIC_2019)\Dataset\NV\ISIC_0029336.jpg,isic_0029336,5,7014d66c544ff434a531e6a7cd5cc0df2fea7ce63fd580e66abaca059b2c79d4,16987,0
C:\SRS(ISIC_2019)\Dataset\NV\ISIC_0029339.jpg,isic_0029339,5,69f854238c5ea2131c0f8e880a088e54f084fe261d6c573bc618aff4f11ea022,16989,0
C:\SRS(ISIC_2019)\Dataset\NV\ISIC_0029344.jpg,isic_0029344,5,f3c9dbd4a1fc9a2d5c004bf7d90d8d63f19de9f3d918b11600904b116977be08,16990,0
C:\SRS(ISIC_2019)\Dataset\NV\ISIC_0029351.jpg,isic_0029351,5,7330df221990fb2ff74f871177206ecbbcebf6110a02f0d4d0f6b1a82a2f7777,16996,0
C:\SRS(ISIC_2019)\Dataset\NV\ISIC_0029355.jpg,isic_0029355,5,842bd0e50260a197e5b34b2c5046c10fa4773ec63353f78f7e037d35593171cb,16998,0
C:\SRS(ISIC_2019)\Dataset\NV\ISIC_0029359.jpg,isic_0029359,5,22522b013c08e921467228da98100663b82400c57d815e2eb69de84e4fce94fe,17001,0
C:\SRS(ISIC_2019)\Dataset\NV\ISIC_0029367.jpg,isic_0029367,5,897fee7c789896207ad9caa7cbe33eb3693bfafaaefbd8207fadea8691c4d3a2,17006,0
C:\SRS(ISIC_2019)\Dataset\NV\ISIC_0029373.jpg,isic_0029373,5,ec02fbc92b3f15947d61d013be0a39ce3dbe8e8504ce01afe987a42386739b78,17009,0
C:\SRS(ISIC_2019)\Dataset\NV\ISIC_0029376.jpg,isic_0029376,5,0efc06c2ac7b3488f7ea2b176ea7a487709eff1df58ec97dfbb966e5c6a1fadc,17012,0
C:\SRS(ISIC_2019)\Dataset\NV\ISIC_0029399.jpg,isic_0029399,5,34768eb2d7ef6cb996d19931f8da6eaeeaafd42597dfc72e9c94f608b9ed21e0,17029,0
C:\SRS(ISIC_2019)\Dataset\NV\ISIC_0029447.jpg,isic_0029447,5,33ac49b4d11e0d3d2bd456de3fdc0ec74b31ab4b97fd1ba4609755964632d08d,17065,0
C:\SRS(ISIC_2019)\Dataset\NV\ISIC_0029449.jpg,isic_0029449,5,1374c8d5ea55fd4640eaf60d3da2d6e0cb0325a49830fb9b3ea12bf0b663ef61,17066,0
C:\SRS(ISIC_2019)\Dataset\NV\ISIC_0029451.jpg,isic_0029451,5,257459a8f60b2603cb37a0f28ab106998fbafde31d4b6f40ac8a8c52259cee19,17068,0
C:\SRS(ISIC_2019)\Dataset\NV\ISIC_0029456.jpg,isic_0029456,5,b77d97fa504a69b5c771892cecd7ffe447b755243bd68333dde3eb5e0f0e7091,17070,0
C:\SRS(ISIC_2019)\Dataset\NV\ISIC_0029468.jpg,isic_0029468,5,6fac43a0e67c77b28f2c8fd479daa206563ee521e1c0521c6e9aef52cc8e826d,17078,0
C:\SRS(ISIC_2019)\Dataset\NV\ISIC_0029475.jpg,isic_0029475,5,82a382027c5f725de9577dd798767017cd2c8370ca0b85e5172222f13e9e2eab,17082,0
C:\SRS(ISIC_2019)\Dataset\NV\ISIC_0029476.jpg,isic_0029476,5,d04452d679c2f35a4ad018a74a34b82960cc2499fb00cee7eb6ace32d6377301,17083,0
C:\SRS(ISIC_2019)\Dataset\NV\ISIC_0029482.jpg,isic_0029482,5,d11a43fca865583ca78f090504afd8b695659018653688200de5cf981dc8a271,17088,0
C:\SRS(ISIC_2019)\Dataset\NV\ISIC_0029491.jpg,isic_0029491,5,0f2dfc221706076360a2bfd0f3bf4984f8c49b2c4cbc09f87cb1b9ff6ae0905f,17095,0
C:\SRS(ISIC_2019)\Dataset\NV\ISIC_0029492.jpg,isic_0029492,5,fa2c65c5ffda705f8bb3abe508bde736b6320bffee63a52efd24c425b5624cb5,17096,0
C:\SRS(ISIC_2019)\Dataset\NV\ISIC_0029493.jpg,isic_0029493,5,5d3ffbf12c19cb8bed86065121cc8612759c236b71e74cf41dfba48036b683f3,17097,0
C:\SRS(ISIC_2019)\Dataset\NV\ISIC_0029496.jpg,isic_0029496,5,0dffbfa0c65549df3f4e2b809bc43197e1176b7c69a3d9158e047cd51c1a2f49,17099,0
C:\SRS(ISIC_2019)\Dataset\NV\ISIC_0029498.jpg,isic_0029498,5,afb35ba896a5fec66706d348db106f9053fe702a63547b6533172e4bf6b16497,17101,0
C:\SRS(ISIC_2019)\Dataset\NV\ISIC_0029507.jpg,isic_0029507,5,48e0e71bef16d4a78505bfdee249dab2737b1dde5e5e6111443569ee6cc531b1,17106,0
C:\SRS(ISIC_2019)\Dataset\NV\ISIC_0029508.jpg,isic_0029508,5,7d3954f7881635d1fb23da0bcac401963ae3eeea67518848192b19e2a4938bf3,17107,0
C:\SRS(ISIC_2019)\Dataset\NV\ISIC_0029553.jpg,isic_0029553,5,9f039fa2553759a2b6fdb0c410ed360302129edb05695a4fa4ea9b2497a443d7,17133,0
C:\SRS(ISIC_2019)\Dataset\NV\ISIC_0029556.jpg,isic_0029556,5,6a6c0873b37198ccaeb9d7b6703d39d5045660e12f5ee2039fe3419fc05eca85,17135,0
C:\SRS(ISIC_2019)\Dataset\NV\ISIC_0029572.jpg,isic_0029572,5,f6582f64f4a875069b247b16c935848d41f9388ba329cbe2bea4ecf0614de500,17141,0
C:\SRS(ISIC_2019)\Dataset\NV\ISIC_0029592.jpg,isic_0029592,5,1e10a124d79ee4d44bc5ab8119a4dfd3fc881e12e0d19733ad41f8afa7ee4821,17151,0
C:\SRS(ISIC_2019)\Dataset\NV\ISIC_0029593.jpg,isic_0029593,5,fecf327ad02353f3ffe21842707e936948d926fd1566c5050005b30b49f6f703,17152,0
C:\SRS(ISIC_2019)\Dataset\NV\ISIC_0029614.jpg,isic_0029614,5,8b0eb983c78909a785b007061629f033de197e5689e6055bf4e8343a075bf5e1,17163,0
C:\SRS(ISIC_2019)\Dataset\NV\ISIC_0029615.jpg,isic_0029615,5,0224d1b5eaac3e457f3130915643ed6a7a8596bce880136ae390c1a0565d0ea7,17164,0
C:\SRS(ISIC_2019)\Dataset\NV\ISIC_0029616.jpg,isic_0029616,5,974c0419614207476083785dba7e2e05e56c311f5ef02208a42defed25fb758a,17165,0
C:\SRS(ISIC_2019)\Dataset\NV\ISIC_0029621.jpg,isic_0029621,5,f1b4ebe8e269df0fb66c8ef63152e26e605f9db86aaf1c7c8ebba7f5c28a5faf,17169,0
C:\SRS(ISIC_2019)\Dataset\NV\ISIC_0029635.jpg,isic_0029635,5,d4870f4a3ff0809eed9da9aadba26e23b65537c4034c3f265692ec729a5b6d96,17179,0
C:\SRS(ISIC_2019)\Dataset\NV\ISIC_0029641.jpg,isic_0029641,5,cd47de2fec5226893cbe1a3e5d23f74e161e226c9b555862510449398b025b92,17184,0
C:\SRS(ISIC_2019)\Dataset\NV\ISIC_0029662.jpg,isic_0029662,5,7cdd1d49a01052335ba556ee6ce820f00c3fc8ec883e5d2dc4c821258ed8177b,17197,0
C:\SRS(ISIC_2019)\Dataset\NV\ISIC_0029664.jpg,isic_0029664,5,3f08ee0ff184c5db6c91d4e45f9abf916184feeaafa439b51e3ed77491b2047f,17199,0
C:\SRS(ISIC_2019)\Dataset\NV\ISIC_0029679.jpg,isic_0029679,5,d33123544957befb1172f335e01e1da81389db0fc87570bb9a8caf1135b7646b,17210,0
C:\SRS(ISIC_2019)\Dataset\NV\ISIC_0029686.jpg,isic_0029686,5,284a6a2fed18f8c777e12f941770327df475615ea2e5cd380f0caa6b2f168c01,17214,0
C:\SRS(ISIC_2019)\Dataset\NV\ISIC_0029688.jpg,isic_0029688,5,91d8e7901143c27680aed4e7c02d06061b99d90f8bfa2f8206cb60a55370db39,17215,0
C:\SRS(ISIC_2019)\Dataset\NV\ISIC_0029696.jpg,isic_0029696,5,c566055e46396f289a13eef4a48aba25de590fdc8f961f929c3f1afa5bdaf0c0,17223,0
C:\SRS(ISIC_2019)\Dataset\NV\ISIC_0029702.jpg,isic_0029702,5,c57857fda5bdb3224a0fe651f974c7d95ccb5f555abd5fd71669a349f3335cbc,17228,0
C:\SRS(ISIC_2019)\Dataset\NV\ISIC_0029721.jpg,isic_0029721,5,e3374312fc1ac9cc216779c219f750d83d9dfc5f0a7adf39a0a09162e01db81a,17244,0
C:\SRS(ISIC_2019)\Dataset\NV\ISIC_0029729.jpg,isic_0029729,5,fdeeaad9296a8c0f38df940c1a004226053bddbcfb73ca2eec390abb8cd6d043,17251,0
C:\SRS(ISIC_2019)\Dataset\NV\ISIC_0029732.jpg,isic_0029732,5,9651a414fd37e9bd073b722995440803d48e5d79502049c811fd8fdf994ad24c,17253,0
C:\SRS(ISIC_2019)\Dataset\NV\ISIC_0029748.jpg,isic_0029748,5,81ff8ce32616a6d4e1323463c8c0ea234efdacb1f7a409657821c40ca4b72700,17263,0
C:\SRS(ISIC_2019)\Dataset\NV\ISIC_0029784.jpg,isic_0029784,5,03af3537d28fa555147c690e4d8560134d2385dedad0b76aa33683246bd915b1,17289,0
C:\SRS(ISIC_2019)\Dataset\NV\ISIC_0029786.jpg,isic_0029786,5,cd65645d3c04b42f5ec8fe74cbf37c1517d7f6a3fe90328268345f749bcbb3c1,17291,0
C:\SRS(ISIC_2019)\Dataset\NV\ISIC_0029787.jpg,isic_0029787,5,539a2293057937310af5ee0b67363519f076a69938c65dd27f3ad07b83424e8c,17292,0
C:\SRS(ISIC_2019)\Dataset\NV\ISIC_0029798.jpg,isic_0029798,5,14a329b7291ec207a10581363c74a1be1f7c08637183dec9b2b3504c7cfc6eb5,17300,0
C:\SRS(ISIC_2019)\Dataset\NV\ISIC_0029809.jpg,isic_0029809,5,3739bc2da16978e5a478ee20af5da7f23debabd48b9c7ecf815d9ef919138295,17308,0
C:\SRS(ISIC_2019)\Dataset\NV\ISIC_0029817.jpg,isic_0029817,5,0c6aac4eef91be69aeda809ae59de9b6a1804d8dc8e44158d51fcf0cd157565c,17314,0
C:\SRS(ISIC_2019)\Dataset\NV\ISIC_0029826.jpg,isic_0029826,5,1335550806e3ba3258a1eeb392dbc230f4cfb83f2750f4f222cd5878b86a767e,17319,0
C:\SRS(ISIC_2019)\Dataset\NV\ISIC_0029861.jpg,isic_0029861,5,b8b37d24e294c5182a1884741c109d8b3bc58edaa993e8c331bd2a15e3e603e6,17338,0
C:\SRS(ISIC_2019)\Dataset\NV\ISIC_0029867.jpg,isic_0029867,5,7297f72c3d1ee87dc973b41534e5695adbe0b8bc6d3fc266921ac6955b58753b,17344,0
C:\SRS(ISIC_2019)\Dataset\NV\ISIC_0029869.jpg,isic_0029869,5,6410201a999510563e7db7afa3e939d27dd7d65a4b0cd86507c78cd3daa5ef3c,17346,0
C:\SRS(ISIC_2019)\Dataset\NV\ISIC_0029870.jpg,isic_0029870,5,49c7fbe8f9ca9e4d48aed77999c2a01f94847592e222c0d283a851c83c96f932,17347,0
C:\SRS(ISIC_2019)\Dataset\NV\ISIC_0029887.jpg,isic_0029887,5,c4f911aa9ea4f45e4d4da9a09a0ae4100157524ebdb9cf96c129642e1c3ef15a,17358,0
C:\SRS(ISIC_2019)\Dataset\NV\ISIC_0029903.jpg,isic_0029903,5,34e094bb7dec4907ff70dbb05653839a44eddcf6ff504c36217e1b3db50a20cc,17368,0
C:\SRS(ISIC_2019)\Dataset\NV\ISIC_0029916.jpg,isic_0029916,5,d5764d45ecd69d087030c78da8e15868d45ec3afac758852b468092d275c4992,17376,0
C:\SRS(ISIC_2019)\Dataset\NV\ISIC_0029935.jpg,isic_0029935,5,996f99affad1d3699752c45030a55dab93ad78669039b187282a5e9f83e94185,17386,0
C:\SRS(ISIC_2019)\Dataset\NV\ISIC_0029949.jpg,isic_0029949,5,0783a9cc2aebf9ccbb16a8ca93cf1ac3888efade8bbdd789e79cc72df1bc3e2f,17398,0
C:\SRS(ISIC_2019)\Dataset\NV\ISIC_0029954.jpg,isic_0029954,5,14e7804df6b9cb468a3d97008de4e1b59a1440a21219638fc5f71b407bdf4a28,17402,0
C:\SRS(ISIC_2019)\Dataset\NV\ISIC_0029956.jpg,isic_0029956,5,c34195405e58e1832a750dc7fa919b670133db399fbe10260237e77211e54179,17404,0
C:\SRS(ISIC_2019)\Dataset\NV\ISIC_0029976.jpg,isic_0029976,5,d19ae9c41f2ff7ce345fdace7158f3457705bbeb9eb7970e6b0b36c5cc33c443,17419,0
C:\SRS(ISIC_2019)\Dataset\NV\ISIC_0029977.jpg,isic_0029977,5,fb56482baa73b0d2e8505ccf2fdd23177db48633bdabd693e0e3a860bdb46dca,17420,0
C:\SRS(ISIC_2019)\Dataset\NV\ISIC_0029989.jpg,isic_0029989,5,40bb8d3f15c5b1bc03918004677895f41a3958972c4f13f87040426c3800ce70,17432,0
C:\SRS(ISIC_2019)\Dataset\NV\ISIC_0030000.jpg,isic_0030000,5,3b96c9afc11df6ae70bdd0530df7c6d13950ee20267a0728ae3392fbbd9b057c,17441,0
C:\SRS(ISIC_2019)\Dataset\NV\ISIC_0030009.jpg,isic_0030009,5,21a6d841c33f5558ac1b620a17733747a52a827d043a6d1d3e11a55cfa992528,17447,0
C:\SRS(ISIC_2019)\Dataset\NV\ISIC_0030027.jpg,isic_0030027,5,35a1d945b6bf7bf91912481edbea18d4253109a39223c920346784fc4036dfac,17459,0
C:\SRS(ISIC_2019)\Dataset\NV\ISIC_0030029.jpg,isic_0030029,5,4fc59337c6ccae58e1a3b24781a3a819c31134ddc033471d2bc06eb3f3994ddc,17461,0
C:\SRS(ISIC_2019)\Dataset\NV\ISIC_0030039.jpg,isic_0030039,5,c333fe6a37a133bd0294474478e645b9b1173f70d3ffb081d4e31cdee504a2ba,17467,0
C:\SRS(ISIC_2019)\Dataset\NV\ISIC_0030041.jpg,isic_0030041,5,06955c7e43040567dbf664d61462b5c68a917a4adb59d45f788e35cd36a8e1fb,17469,0
C:\SRS(ISIC_2019)\Dataset\NV\ISIC_0030046.jpg,isic_0030046,5,7cc4c35ba91b2c061d625556f0d0fa83f4281260acb7cc3e174704a2f303565d,17474,0
C:\SRS(ISIC_2019)\Dataset\NV\ISIC_0030058.jpg,isic_0030058,5,ef60266dd9e04b29010305f5467a756ddd754ad353e21572b90e522d11dff32c,17484,0
C:\SRS(ISIC_2019)\Dataset\NV\ISIC_0030099.jpg,isic_0030099,5,7fc6e6770990ac69c6fab4e2e6e2e2a06a2dbd9f357faf78aaff6b99b6e55dbf,17513,0
C:\SRS(ISIC_2019)\Dataset\NV\ISIC_0030101.jpg,isic_0030101,5,38a87fd3b79d47c5fc0fe24ef5c7de0e49725b3c5a21b7563d7b7ad8dddb1925,17515,0
C:\SRS(ISIC_2019)\Dataset\NV\ISIC_0030116.jpg,isic_0030116,5,6b9aead08d3f4c5a21457682dfdd423a35a1dbe29f76c800bf5591b30f09b940,17524,0
C:\SRS(ISIC_2019)\Dataset\NV\ISIC_0030117.jpg,isic_0030117,5,077d97e9239bffaa7d8d79c58f76bd6f9955b34c13cadce05f8581c5f4148aab,17525,0
C:\SRS(ISIC_2019)\Dataset\NV\ISIC_0030131.jpg,isic_0030131,5,7ac00d6e9a1bbee9ab16fa43563c12ef8246ba192c2c62c1b46b26b712ed3c57,17532,0
C:\SRS(ISIC_2019)\Dataset\NV\ISIC_0030140.jpg,isic_0030140,5,33885bf8546db8d9cfe6b148adfc92ecbf780973ac48daa6769d63321873fcf8,17537,0
C:\SRS(ISIC_2019)\Dataset\NV\ISIC_0030146.jpg,isic_0030146,5,6502b3060f1833007b954f59822b1bba225265c9cd647fa94b40b22e6d1a44de,17540,0
C:\SRS(ISIC_2019)\Dataset\NV\ISIC_0030163.jpg,isic_0030163,5,43d74d466e660ecce6ed3a7daf4eb6c59037d1f8cc22b9546e41e7938a7b6ce9,17554,0
C:\SRS(ISIC_2019)\Dataset\NV\ISIC_0030167.jpg,isic_0030167,5,c2bbabd60b0892b6bc91f5ad8a8082650105c3079024fde80069a86c202323e5,17557,0
C:\SRS(ISIC_2019)\Dataset\NV\ISIC_0030199.jpg,isic_0030199,5,a77c294292388c5a27273da2c24a75f66d559302e28433707402b8f5e9d4148c,17576,0
C:\SRS(ISIC_2019)\Dataset\NV\ISIC_0030202.jpg,isic_0030202,5,a1f0d74035eca3d077c9da3a2a9c97bdd7b1c0e381651b15e39a2f7b20f0654a,17579,0
C:\SRS(ISIC_2019)\Dataset\NV\ISIC_0030212.jpg,isic_0030212,5,0099845458fb11a2e488c84a7f952c06430f0c42a38c7a1939c4195bcffc776e,17585,0
C:\SRS(ISIC_2019)\Dataset\NV\ISIC_0030213.jpg,isic_0030213,5,2aa7529d8c1f4e154152f991eed54464dcde609a0c4c5114f86f487063f8072f,17586,0
C:\SRS(ISIC_2019)\Dataset\NV\ISIC_0030222.jpg,isic_0030222,5,4aa148664c3268ae35b09256e33c089d49778ec236aed3ad3d533e247f5635f5,17595,0
C:\SRS(ISIC_2019)\Dataset\NV\ISIC_0030237.jpg,isic_0030237,5,a3563327c9567042891cca15b0588984f7014cc015b0d33cba7f28a564b23124,17604,0
C:\SRS(ISIC_2019)\Dataset\NV\ISIC_0030247.jpg,isic_0030247,5,f20d1d883dc647a0ea00c10c9891e1ea06b338697f18407a9fca2e9390ef8ae8,17607,0
C:\SRS(ISIC_2019)\Dataset\NV\ISIC_0030250.jpg,isic_0030250,5,5349798b8d22800a52cfb297bc0ba888adad50fadcaf67f12b7f4525d165c68d,17609,0
C:\SRS(ISIC_2019)\Dataset\NV\ISIC_0030262.jpg,isic_0030262,5,462ab11eea9f5bf7d5dca727845f7975a8bf7f20cec254ebccfc3ab875478ca3,17618,0
C:\SRS(ISIC_2019)\Dataset\NV\ISIC_0030267.jpg,isic_0030267,5,e5f25eb68a955886b851dea3844c634dc113517f6419df608a51fc79d3badc19,17623,0
C:\SRS(ISIC_2019)\Dataset\NV\ISIC_0030293.jpg,isic_0030293,5,62f89632868b36d1f6bae12285384197d011e7a1faf0cfe628ee60c856e4fe9f,17641,0
C:\SRS(ISIC_2019)\Dataset\NV\ISIC_0030295.jpg,isic_0030295,5,3e56f7054c6b7acd977c8a93a04618876238484e2273350606f516a07571d07a,17643,0
C:\SRS(ISIC_2019)\Dataset\NV\ISIC_0030300.jpg,isic_0030300,5,7463cb771710ccadb538af75af761f80559e3be9e8863d1d208aa4d12398bcee,17647,0
C:\SRS(ISIC_2019)\Dataset\NV\ISIC_0030305.jpg,isic_0030305,5,2020ea06ea0192f7a85b4814ed542ef842b09c1d8ecc0262eee03e053d8a0211,17652,0
C:\SRS(ISIC_2019)\Dataset\NV\ISIC_0030315.jpg,isic_0030315,5,d096afb49f7d3c2cbcfb0f993f5636a8696de749410445810f06869afa860d6d,17660,0
C:\SRS(ISIC_2019)\Dataset\NV\ISIC_0030331.jpg,isic_0030331,5,6e50c0831d02e332dacfffe3c5843cbb92102611e203293eb0f134c8a0af72df,17669,0
C:\SRS(ISIC_2019)\Dataset\NV\ISIC_0030332.jpg,isic_0030332,5,77cfe9d9d8328a5ea5a7b7714d7c66fb56fb5076696cb505139f4ccffc5eeb4a,17670,0
C:\SRS(ISIC_2019)\Dataset\NV\ISIC_0030353.jpg,isic_0030353,5,031b98d5c3a57200eec3de8fdcec6e2101f6b68eabd244fc3bc22d28ed566e42,17683,0
C:\SRS(ISIC_2019)\Dataset\NV\ISIC_0030355.jpg,isic_0030355,5,33c307c98f6c27a67ebf1c4a518ada1ff22452cfe19dbc0f9d42bfd97d256271,17685,0
C:\SRS(ISIC_2019)\Dataset\NV\ISIC_0030358.jpg,isic_0030358,5,79676b59b66c922eeae8c1b74b943e468f2ef4bbf9fcb3c65c4d292411d54e14,17687,0
C:\SRS(ISIC_2019)\Dataset\NV\ISIC_0030370.jpg,isic_0030370,5,fd8c4800cc19da388c2b43544e08d5acc2111a7d765ff288f902d0edcf9af7a1,17695,0
C:\SRS(ISIC_2019)\Dataset\NV\ISIC_0030378.jpg,isic_0030378,5,a8e8d1f2d0834954180d0a197fb6be3c91a0a70a178f1573c7a3e3eb2df4ae30,17700,0
C:\SRS(ISIC_2019)\Dataset\NV\ISIC_0030379.jpg,isic_0030379,5,3e00977991a5c27f1e5663080c4758393f655bec6765af67a4f60d86d16ef4d9,17701,0
C:\SRS(ISIC_2019)\Dataset\NV\ISIC_0030407.jpg,isic_0030407,5,1b5ef49af047f8a6aa0bb10e989744fc10ecfb8e2c28c020cf1d843633f13263,17721,0
C:\SRS(ISIC_2019)\Dataset\NV\ISIC_0030409.jpg,isic_0030409,5,0fc81db18feba0c7c092f57f1dd798d21bba0f7ae3c0fd32c590326e286a317f,17722,0
C:\SRS(ISIC_2019)\Dataset\NV\ISIC_0030438.jpg,isic_0030438,5,9b08888ac619579a6ca7647b0c47c1ba29a50e2b0df57d9d78901beb58e6e22f,17747,0
C:\SRS(ISIC_2019)\Dataset\NV\ISIC_0030441.jpg,isic_0030441,5,c95179bbc803194d7cca8d8e932b1614046f4af7f9e3d1a13e8720735165d822,17749,0
C:\SRS(ISIC_2019)\Dataset\NV\ISIC_0030447.jpg,isic_0030447,5,e07c67ae1406721dc57bb7544c201dd8f836e382773c5326747ed5e9c88ac9b1,17751,0
C:\SRS(ISIC_2019)\Dataset\NV\ISIC_0030453.jpg,isic_0030453,5,b2ec3a9dc2c4110e45642da7c4513c8b68776c1dbcddf4c23b26e338eb81f738,17756,0
C:\SRS(ISIC_2019)\Dataset\NV\ISIC_0030466.jpg,isic_0030466,5,d70520e6948af1a3286a3f1c26ad494a62d994881e88c96e4d1954df7cccb188,17765,0
C:\SRS(ISIC_2019)\Dataset\NV\ISIC_0030471.jpg,isic_0030471,5,307c811a174f7abf08ac3dfcc46b94f65c2c7d07ac48c987c1ec73edbfbe54bf,17770,0
C:\SRS(ISIC_2019)\Dataset\NV\ISIC_0030472.jpg,isic_0030472,5,1b7231c83ba8ce760a7cd04fd619bb92608b7cb41025eb2cf5961b6a7a203468,17771,0
C:\SRS(ISIC_2019)\Dataset\NV\ISIC_0030479.jpg,isic_0030479,5,11a4513a6b3b1ceb2ded172371fe2744bba5bf5f721a5b37408c2ca7995c89af,17778,0
C:\SRS(ISIC_2019)\Dataset\NV\ISIC_0030483.jpg,isic_0030483,5,f25c4528b15ff07f4b92aa4f07520f9042a324fec8bad8dcb8fc866f26bf972e,17782,0
C:\SRS(ISIC_2019)\Dataset\NV\ISIC_0030493.jpg,isic_0030493,5,307c6a6ebc52331411613f0e4ce9fc4ae4e1f424d9b0baaf10b695c0ca00629d,17788,0
C:\SRS(ISIC_2019)\Dataset\NV\ISIC_0030494.jpg,isic_0030494,5,a4e1c4014305a5de0056b6fc3f9d5e35d519647cce17d871096406101f372a2d,17789,0
C:\SRS(ISIC_2019)\Dataset\NV\ISIC_0030500.jpg,isic_0030500,5,0cf6aa1560a4960add60b4ca731001560ecb0c830d62e80e48d2621ce79cbbea,17795,0
C:\SRS(ISIC_2019)\Dataset\NV\ISIC_0030504.jpg,isic_0030504,5,7ab0c7e51548e1c1242c619b44e2b1742daa9083beb43809a1430f34b1658e8f,17798,0
C:\SRS(ISIC_2019)\Dataset\NV\ISIC_0030519.jpg,isic_0030519,5,c3960977fbc7649a978ba948a627b110a1a43bc17c0dd4db111e6c6c1a4ef699,17809,0
C:\SRS(ISIC_2019)\Dataset\NV\ISIC_0030523.jpg,isic_0030523,5,17ed789e8207043679cdf262405d83dc30d5cef564f2c0bb448485700eb97c3f,17811,0
C:\SRS(ISIC_2019)\Dataset\NV\ISIC_0030545.jpg,isic_0030545,5,381c977a425e01dd3e5d49e10606c647ea43dc31279a5442967fb35112b01379,17828,0
C:\SRS(ISIC_2019)\Dataset\NV\ISIC_0030546.jpg,isic_0030546,5,c0ce729c7b26ee6a603b80bacda5f437d67927715a2987af25a18db014e8851c,17829,0
C:\SRS(ISIC_2019)\Dataset\NV\ISIC_0030557.jpg,isic_0030557,5,e7da814a1ab9b90f8908c84fe084d96fb68c4b70bdea1283d1066390ec3904b9,17837,0
C:\SRS(ISIC_2019)\Dataset\NV\ISIC_0030577.jpg,isic_0030577,5,14e1734e6b5afdd2a7afa4f391aabb06dda4abd30d90ab87ab742c25fed16fbb,17852,0
C:\SRS(ISIC_2019)\Dataset\NV\ISIC_0030578.jpg,isic_0030578,5,025ddeaf5c2e4e5f0ae85dafe1530c238de165eb8260a3a476761768c5966ebb,17853,0
C:\SRS(ISIC_2019)\Dataset\NV\ISIC_0030582.jpg,isic_0030582,5,c7dbbd89f3b075249a09b733975fd41cef9654ec4c2d058aebd8370608c35efc,17856,0
C:\SRS(ISIC_2019)\Dataset\NV\ISIC_0030609.jpg,isic_0030609,5,e6bb7337985e9583362fa40c57ca90eb302d620a02ba331a30f259dd35fae9c3,17873,0
C:\SRS(ISIC_2019)\Dataset\NV\ISIC_0030611.jpg,isic_0030611,5,9c264afda25ae6732b87b1dcec156f02e355e53418e503ef6547142694a43d16,17875,0
C:\SRS(ISIC_2019)\Dataset\NV\ISIC_0030618.jpg,isic_0030618,5,4445294fe2d53c83f6cc87d6b55ba94053cd802dac84d1b5976ab05731e00666,17881,0
C:\SRS(ISIC_2019)\Dataset\NV\ISIC_0030622.jpg,isic_0030622,5,9fa5bc1311e6c2df3506769ef6327793229c96d949e1f765507e6b2be60ec9a6,17885,0
C:\SRS(ISIC_2019)\Dataset\NV\ISIC_0030632.jpg,isic_0030632,5,457b465aa710a577c59a77ded243ec2d988427936709c73f9e1ba30df5910934,17893,0
C:\SRS(ISIC_2019)\Dataset\NV\ISIC_0030634.jpg,isic_0030634,5,e385ac4eb4da7d3ac6ce92a85ecc69cdde3eba209958bb576db7577844fb2407,17895,0
C:\SRS(ISIC_2019)\Dataset\NV\ISIC_0030643.jpg,isic_0030643,5,c86be297c350aa39f43339c4c099d316fe9d5aac57a0e6be7cd9794c91e605a4,17903,0
C:\SRS(ISIC_2019)\Dataset\NV\ISIC_0030646.jpg,isic_0030646,5,b8c83a2f6610d992c0c41371b0eb4706988402a2e792450887b233aae0f9c273,17905,0
C:\SRS(ISIC_2019)\Dataset\NV\ISIC_0030650.jpg,isic_0030650,5,99b0169580f6dc71964675fd9014571a482e377510621aa952161f994c85aeab,17908,0
C:\SRS(ISIC_2019)\Dataset\NV\ISIC_0030651.jpg,isic_0030651,5,a13eb3f34bdd959154868c0d78142a65fcc44e30defab63009b8d0564df98300,17909,0
C:\SRS(ISIC_2019)\Dataset\NV\ISIC_0030654.jpg,isic_0030654,5,813b8b209dc867944872097c72c2d16ad4a18069328069e7f1646d7066d5cf05,17911,0
C:\SRS(ISIC_2019)\Dataset\NV\ISIC_0030657.jpg,isic_0030657,5,c5407cd30bdb4ea597427f03e79e7e000cf44158ee4650d8806dedcb4df24ef1,17913,0
C:\SRS(ISIC_2019)\Dataset\NV\ISIC_0030664.jpg,isic_0030664,5,e9fa8baabf9bf02ec1aa57e95de4eb0d25967552b12ac1866a9515a8e61e9361,17918,0
C:\SRS(ISIC_2019)\Dataset\NV\ISIC_0030674.jpg,isic_0030674,5,80a93f0dd935533d03113c17cc8365c893644363e6ac2b4c7c6f8ed4f74d5e66,17927,0
C:\SRS(ISIC_2019)\Dataset\NV\ISIC_0030675.jpg,isic_0030675,5,67b4ac3a32b30817a28bc14f2ea7442e13385bc9d70d5d5e6ad4ce151346afab,17928,0
C:\SRS(ISIC_2019)\Dataset\NV\ISIC_0030680.jpg,isic_0030680,5,1825aa90b5cbdce02b4adc437f2033173c49db0c27548d5493c2e486565bf57a,17932,0
C:\SRS(ISIC_2019)\Dataset\NV\ISIC_0030682.jpg,isic_0030682,5,a78ea61876a14f3b06790a82fcb2200fbd879fa0236791d3a0ed737fa21e50d7,17933,0
C:\SRS(ISIC_2019)\Dataset\NV\ISIC_0030692.jpg,isic_0030692,5,4bd9659e77b1bd22cbeeb0afd23b9b15f450c258ce13e7283eb191af215dd739,17939,0
C:\SRS(ISIC_2019)\Dataset\NV\ISIC_0030696.jpg,isic_0030696,5,d0a6ded8e255bea3e8f368c9d46802679567251364623504c22bb773a113d457,17942,0
C:\SRS(ISIC_2019)\Dataset\NV\ISIC_0030704.jpg,isic_0030704,5,3788178fe3567f07752e205257550944a1fa66b006ce2f4f3851775100f4e774,17948,0
C:\SRS(ISIC_2019)\Dataset\NV\ISIC_0030716.jpg,isic_0030716,5,cd0fd6df6936bdafa87906a0c761003983b08e560159ca7700a76eaf612863e6,17955,0
C:\SRS(ISIC_2019)\Dataset\NV\ISIC_0030717.jpg,isic_0030717,5,f2d44620358610343fe917e09c57851f17e267a6f8a1c02639917904b9abb048,17956,0
C:\SRS(ISIC_2019)\Dataset\NV\ISIC_0030719.jpg,isic_0030719,5,afe03294f6736aa332732d84c70e646cee5769e52b410e6a3bc52e595e1862e9,17958,0
C:\SRS(ISIC_2019)\Dataset\NV\ISIC_0030727.jpg,isic_0030727,5,bfcead1755b4b9f82ac4fb9619e34ce6f0dac2f91279884ff43be24859686599,17963,0
C:\SRS(ISIC_2019)\Dataset\NV\ISIC_0030728.jpg,isic_0030728,5,65a5c74684f0411386184be1c87c785286edc55fa290d6fff4472c3809de980c,17964,0
C:\SRS(ISIC_2019)\Dataset\NV\ISIC_0030734.jpg,isic_0030734,5,6bc586e3b9ff34c46b6e403a4ed19dc059db7c5957ba60ab03eec122bc4c6c26,17968,0
C:\SRS(ISIC_2019)\Dataset\NV\ISIC_0030745.jpg,isic_0030745,5,e98c54e8eed853089c447316200a70c8c8dee128b4f3556250a270d33ebc4c5e,17977,0
C:\SRS(ISIC_2019)\Dataset\NV\ISIC_0030781.jpg,isic_0030781,5,39aa0acdc73edf2e2670b40acb325c637bed4b61679a7a3143e8fdeedc837ac0,17999,0
C:\SRS(ISIC_2019)\Dataset\NV\ISIC_0030786.jpg,isic_0030786,5,d41ebd2cc723655e0cbf9a7c241a0f5a0e5e869cdb0ba44a9cc2c3578ddcf5cc,18000,0
C:\SRS(ISIC_2019)\Dataset\NV\ISIC_0030788.jpg,isic_0030788,5,abd3c39f6a2b4275e36208a1525fe941e7ecbd9df0fcad76cae8a4342ced73b8,18002,0
C:\SRS(ISIC_2019)\Dataset\NV\ISIC_0030804.jpg,isic_0030804,5,e7f8529c24cef5aade1d8804579892771d153c2f45c6fa4ad6ab6d8456e26d7e,18011,0
C:\SRS(ISIC_2019)\Dataset\NV\ISIC_0030809.jpg,isic_0030809,5,04d764fb54f1d1b1a7d8b04e30c479aa84f69c3186adde4702daceb9828a45d4,18015,0
C:\SRS(ISIC_2019)\Dataset\NV\ISIC_0030852.jpg,isic_0030852,5,b08844494c5bb4697373e50de00941c90bdd4ae777db12f1ee1ba623f14fda98,18043,0
C:\SRS(ISIC_2019)\Dataset\NV\ISIC_0030857.jpg,isic_0030857,5,e220031510a380dea34312d14bf1c7486dc422948c332610f20604900eac6714,18048,0
C:\SRS(ISIC_2019)\Dataset\NV\ISIC_0030859.jpg,isic_0030859,5,dda29e3012f7605d08d2021e78077fe18d0aaddb13d9f0416097d1959cf45f10,18050,0
C:\SRS(ISIC_2019)\Dataset\NV\ISIC_0030862.jpg,isic_0030862,5,21df28b2d025f0b326a9ba2bdc9610423f8fb3d6b04121d55032975742059416,18053,0
C:\SRS(ISIC_2019)\Dataset\NV\ISIC_0030864.jpg,isic_0030864,5,578452bcc4851234152065186b836d083c3775738731cd748d55a65303ae1e13,18055,0
C:\SRS(ISIC_2019)\Dataset\NV\ISIC_0030867.jpg,isic_0030867,5,532d92f625d075afd3d60adc12b6212a561d8a549e03deb8fd3c2701efd58216,18058,0
C:\SRS(ISIC_2019)\Dataset\NV\ISIC_0030872.jpg,isic_0030872,5,117023076208b16001501c54ea1ab3dd305ad9aa261fe17f0d0a5b385c155341,18061,0
C:\SRS(ISIC_2019)\Dataset\NV\ISIC_0030881.jpg,isic_0030881,5,9669d64b9fb26ec5ebaf5b02b08467879846a304b4c9c92e790999be01c8dbe9,18068,0
C:\SRS(ISIC_2019)\Dataset\NV\ISIC_0030896.jpg,isic_0030896,5,b5119491d65e9eb2cfbd87b98c9187b011d87bc0dd9e9792712c89a9d6574812,18080,0
C:\SRS(ISIC_2019)\Dataset\NV\ISIC_0030907.jpg,isic_0030907,5,76df337c1f7411ffe369bad6c7b8d0e667e820c677453fb7cde050ae82800c04,18089,0
C:\SRS(ISIC_2019)\Dataset\NV\ISIC_0030912.jpg,isic_0030912,5,86096f3fdd158a2fcfd02835c508622048699697ec538cf17390f2148cb13598,18093,0
C:\SRS(ISIC_2019)\Dataset\NV\ISIC_0030913.jpg,isic_0030913,5,d5fe403dc7dfd3045c194c26787a93e41ea728d22c05f647164c847cea82f634,18094,0
C:\SRS(ISIC_2019)\Dataset\NV\ISIC_0030914.jpg,isic_0030914,5,a00917b475735b587a60139ec481f282b556cba5d0279b85242ef6a5cd3381bb,18095,0
C:\SRS(ISIC_2019)\Dataset\NV\ISIC_0030916.jpg,isic_0030916,5,5cbf6e4de3f251a728243558bddc26d8aef8b885c78d6a838f6cff1d818bf8c5,18096,0
C:\SRS(ISIC_2019)\Dataset\NV\ISIC_0030919.jpg,isic_0030919,5,cf77c826da763536fece44ffa8d2b65f44e97823925d96c545550f5bce20ec1f,18099,0
C:\SRS(ISIC_2019)\Dataset\NV\ISIC_0030928.jpg,isic_0030928,5,d7b255e6951bd367b705aeaea715fc435b48bf190269507b7f9c98c55fa80aea,18106,0
C:\SRS(ISIC_2019)\Dataset\NV\ISIC_0030940.jpg,isic_0030940,5,095a35ef44b658bc76c076b2d8073e06b785cc6500042bab9e61ee50bb2e0c59,18115,0
C:\SRS(ISIC_2019)\Dataset\NV\ISIC_0030946.jpg,isic_0030946,5,47df87344ccab539105706dc73f19739675706d37a0511cf656469037538ce44,18121,0
C:\SRS(ISIC_2019)\Dataset\NV\ISIC_0030971.jpg,isic_0030971,5,11d0bacbd77a818b32ffdecc538a62f0a0f130bcdeaa2e0bd312219dd1cfac5a,18137,0
C:\SRS(ISIC_2019)\Dataset\NV\ISIC_0030989.jpg,isic_0030989,5,c6ffa403f3a35b3d9f735831fdc8e8b2bbba05901519caeccd1e118199a863df,18152,0
C:\SRS(ISIC_2019)\Dataset\NV\ISIC_0030990.jpg,isic_0030990,5,b6c045cc7b3230311d327db60386ebb7776b583352e14dee64ee6c243dcdc871,18153,0
C:\SRS(ISIC_2019)\Dataset\NV\ISIC_0030992.jpg,isic_0030992,5,4aa4a9f2b6870970d61353f4722fbd0ba0dabdc5908d7cf99036f4a79d606e58,18154,0
C:\SRS(ISIC_2019)\Dataset\NV\ISIC_0030997.jpg,isic_0030997,5,5384e444c5f7fdaa0fa678a8a8a9bf6b542febaa8301e7a773e4faee2c8dd39c,18158,0
C:\SRS(ISIC_2019)\Dataset\NV\ISIC_0031003.jpg,isic_0031003,5,b75c8cd0d3dc1b655c0358368f9b2e37f71304fc204e69b6ea8cabb6d503c534,18161,0
C:\SRS(ISIC_2019)\Dataset\NV\ISIC_0031006.jpg,isic_0031006,5,b9d93ef24c4921ecee3b49145db51da40b1d18733d75333ea63109cf31402c4b,18163,0
C:\SRS(ISIC_2019)\Dataset\NV\ISIC_0031018.jpg,isic_0031018,5,3055509175d3079f61d3e094a49c4e65e075c265455e9047b8c45b83c535d8f2,18168,0
C:\SRS(ISIC_2019)\Dataset\NV\ISIC_0031020.jpg,isic_0031020,5,96ef63a9ae2cfb52e671822b23f4e09563be70dc1f5670c40b7fc8f01462d976,18170,0
C:\SRS(ISIC_2019)\Dataset\NV\ISIC_0031022.jpg,isic_0031022,5,7c5e71a100205f644aa4935149cee22609641948cc3a8c089c7e87016b4ed2d9,18172,0
C:\SRS(ISIC_2019)\Dataset\NV\ISIC_0031033.jpg,isic_0031033,5,3d3e37725bcca0c2d99b4a3be181ef4a32bdec986e6cb80fc598fac880818fea,18178,0
C:\SRS(ISIC_2019)\Dataset\NV\ISIC_0031036.jpg,isic_0031036,5,0c7af0b5e4b987a147dffbefe73b90ff150bb7c49e33e5876edfde80c884f72d,18180,0
C:\SRS(ISIC_2019)\Dataset\NV\ISIC_0031042.jpg,isic_0031042,5,d93387c806e8d570b43220f63036fe4bbe03f7c85c7f87130ecb33bf2463dcef,18183,0
C:\SRS(ISIC_2019)\Dataset\NV\ISIC_0031089.jpg,isic_0031089,5,e652fdc4905e94b46e6effdd48d5177be2a98f6d558002c96a0f2e6a1b95d241,18216,0
C:\SRS(ISIC_2019)\Dataset\NV\ISIC_0031104.jpg,isic_0031104,5,c78f4c1dbc0b08470352ba5b09affe391c7e6e04748924bc6d73bc10cb016909,18227,0
C:\SRS(ISIC_2019)\Dataset\NV\ISIC_0031115.jpg,isic_0031115,5,a536c62f4b701599f40f52acd53172781fa1f9c7f4afb5be6b66ed11d1046367,18237,0
C:\SRS(ISIC_2019)\Dataset\NV\ISIC_0031152.jpg,isic_0031152,5,61d5010d05a42602e85915aca33dc3578c6677b00262533bcefb7f7a2bd86c68,18262,0
C:\SRS(ISIC_2019)\Dataset\NV\ISIC_0031153.jpg,isic_0031153,5,e9a70f7bfe104aa28196e3d025ee82180ad7f21f269270b41d37c4e257ec4968,18263,0
C:\SRS(ISIC_2019)\Dataset\NV\ISIC_0031157.jpg,isic_0031157,5,08ed3f9fb970b743d771a20ba2b78aeb824962b61d17bb47363edf12fa6a01a6,18266,0
C:\SRS(ISIC_2019)\Dataset\NV\ISIC_0031161.jpg,isic_0031161,5,a53ca3058984ecf54e75707f44a872ab5383049281110e9b144b0de83ebbf28b,18269,0
C:\SRS(ISIC_2019)\Dataset\NV\ISIC_0031162.jpg,isic_0031162,5,4854006b83ad870ceeebe556afc2d55005261d03a797b9650d13d276a2aa2e54,18270,0
C:\SRS(ISIC_2019)\Dataset\NV\ISIC_0031163.jpg,isic_0031163,5,95400cfad75353cc9cbc163c0f4055777a1dfab85be966f7453f1854162163d3,18271,0
C:\SRS(ISIC_2019)\Dataset\NV\ISIC_0031180.jpg,isic_0031180,5,55d8ca380a9d2ca3878bab4a19f7037958c79a62bdc46fd4197f8c0ebdda7c79,18281,0
C:\SRS(ISIC_2019)\Dataset\NV\ISIC_0031185.jpg,isic_0031185,5,4e401ebc630bf4589693fca4acc3ad10c3db9de63cb63ae4b3d0ada2b11cea97,18285,0
C:\SRS(ISIC_2019)\Dataset\NV\ISIC_0031190.jpg,isic_0031190,5,72cb12d1a6a987a1f5152ccac83adacdfdad9de36cb50eb8fb0d263dbd44c3e4,18288,0
C:\SRS(ISIC_2019)\Dataset\NV\ISIC_0031207.jpg,isic_0031207,5,219a4c62f5c4d3e33422fb63bb481f041773239ac73faad8f66171ce2c49adb2,18298,0
C:\SRS(ISIC_2019)\Dataset\NV\ISIC_0031209.jpg,isic_0031209,5,4813c60009fb57df1d9ab373b9af8dc91e999945e53aeacfc3c0426f903923ba,18299,0
C:\SRS(ISIC_2019)\Dataset\NV\ISIC_0031220.jpg,isic_0031220,5,92398a8d0dafcaf96fedcb61827b2627ea180fe925fab4fbbdfc61eafd043278,18305,0
C:\SRS(ISIC_2019)\Dataset\NV\ISIC_0031227.jpg,isic_0031227,5,047dea96572d9ecd3f5d07fd644978e846d642d43043f1b65100cdffb44210b1,18309,0
C:\SRS(ISIC_2019)\Dataset\NV\ISIC_0031232.jpg,isic_0031232,5,ca8549d910a0e49a672e08d27394d9664063328a0603b64b2b0ec28235507fd0,18313,0
C:\SRS(ISIC_2019)\Dataset\NV\ISIC_0031234.jpg,isic_0031234,5,1f50fd329087d01f87765be2ffc06adc9fbb180a6677aa87f82fc4e93a6590fe,18314,0
C:\SRS(ISIC_2019)\Dataset\NV\ISIC_0031247.jpg,isic_0031247,5,019600972a029cdb0a5ae81a8e5c321a3fff58171614cbf9741a8078849b3049,18323,0
C:\SRS(ISIC_2019)\Dataset\NV\ISIC_0031254.jpg,isic_0031254,5,05a460a26c0f4de4823516c2051b2dfdb989eabba9fdd6e58f1932318de9d3bc,18329,0
C:\SRS(ISIC_2019)\Dataset\NV\ISIC_0031260.jpg,isic_0031260,5,7a547d6467c38299e2323f2bae4e526f36880876439f7b0643e02fbd589e6370,18333,0
C:\SRS(ISIC_2019)\Dataset\NV\ISIC_0031268.jpg,isic_0031268,5,723c17752e1a1e5b518f35b28d27bbe2bd1bd6ef4df82b43adbf20188afafc42,18338,0
C:\SRS(ISIC_2019)\Dataset\NV\ISIC_0031274.jpg,isic_0031274,5,15c3179b0f466ce38430000e78d1a81b1c47b1ba752f955f90e7cb3e5fcdc86c,18341,0
C:\SRS(ISIC_2019)\Dataset\NV\ISIC_0031280.jpg,isic_0031280,5,d30dfdc56bbe746536d48c4932ceb08a115c4d17237eda0a672ebb790fb4c33a,18345,0
C:\SRS(ISIC_2019)\Dataset\NV\ISIC_0031281.jpg,isic_0031281,5,df4e9f6728bf8b7d5e9aa7e3b7ce280b3529538bc99282d232c712f189a08ebd,18346,0
C:\SRS(ISIC_2019)\Dataset\NV\ISIC_0031282.jpg,isic_0031282,5,0f4b352e7739cab710728450ff55580be1437f966c13c351582b7f9718ced9b9,18347,0
C:\SRS(ISIC_2019)\Dataset\NV\ISIC_0031304.jpg,isic_0031304,5,242ca72a3b29af50683c6f866fa62f0106e7c670cabbbbe4bed02398107eefad,18360,0
C:\SRS(ISIC_2019)\Dataset\NV\ISIC_0031306.jpg,isic_0031306,5,d368360992e7f69c228236ce24dc1c157041d70003da2d2b1717563cbab44ac4,18362,0
C:\SRS(ISIC_2019)\Dataset\NV\ISIC_0031328.jpg,isic_0031328,5,ecc33bad1a5eb575326af961a9799694360675a6269d8f0e030d28bca02b4241,18379,0
C:\SRS(ISIC_2019)\Dataset\NV\ISIC_0031336.jpg,isic_0031336,5,039ae149c66dc8dcd36d7143074107f95c283729edcac8d81544b2564e254ce1,18384,0
C:\SRS(ISIC_2019)\Dataset\NV\ISIC_0031356.jpg,isic_0031356,5,f40b2c9ff7a114626898d0929e8984e28bb4432b304fa740c28e21f915f80acf,18396,0
C:\SRS(ISIC_2019)\Dataset\NV\ISIC_0031363.jpg,isic_0031363,5,01fa4f163de33bb7a52d4a80de68f7fc668f2b26b88e91a622ca979ee6bbaa1b,18401,0
C:\SRS(ISIC_2019)\Dataset\NV\ISIC_0031371.jpg,isic_0031371,5,b95517c5d55abf118dbf50dd67e29f70501cdb33ef7c652e11076e67d0c73d00,18407,0
C:\SRS(ISIC_2019)\Dataset\NV\ISIC_0031375.jpg,isic_0031375,5,36b79f1e0292cbe45c98499f17114e7b9aa5747f8f8ba1ef647dc31917b0ff11,18410,0
C:\SRS(ISIC_2019)\Dataset\NV\ISIC_0031379.jpg,isic_0031379,5,034d6e4dcca557e1fd3605d2e8ca9b558ee7b6b3379a61cc891cf159cee8430b,18411,0
C:\SRS(ISIC_2019)\Dataset\NV\ISIC_0031383.jpg,isic_0031383,5,2cadd258fc82c5038b64ff16173ead7ee093cf664df2bdba980eaf245732a0fc,18414,0
C:\SRS(ISIC_2019)\Dataset\NV\ISIC_0031397.jpg,isic_0031397,5,5c7171b3fd05b61f6408d5524b3175559fa1340b066e58a9002037e281bd9951,18423,0
C:\SRS(ISIC_2019)\Dataset\NV\ISIC_0031422.jpg,isic_0031422,5,10d3daa1d1761257fe8229623bf8b58d338deae2576db57519b9515de0bc8279,18439,0
C:\SRS(ISIC_2019)\Dataset\NV\ISIC_0031425.jpg,isic_0031425,5,b53641cb3dd182d34d9515d14de3c789dbfa801295df20fe7a17474a1509a4f1,18441,0
C:\SRS(ISIC_2019)\Dataset\NV\ISIC_0031426.jpg,isic_0031426,5,18435aa5f59cd5a51f1adb213e1f120d1b9bca688c77e3c7563b4fee1a4479ac,18442,0
C:\SRS(ISIC_2019)\Dataset\NV\ISIC_0031432.jpg,isic_0031432,5,0d93243ca228f7f8635a63f00f93d9c0e68beff64a795e1b7978f979310da081,18444,0
C:\SRS(ISIC_2019)\Dataset\NV\ISIC_0031448.jpg,isic_0031448,5,9cde4e5714c7a82a3b4bcda318d4839f9e3e1ddf0ac74d46d9bedcf4c5ba53de,18457,0
C:\SRS(ISIC_2019)\Dataset\NV\ISIC_0031454.jpg,isic_0031454,5,1884464d22ec9e3dc3bc6402087f727ed3cc654aed858444468d37fb335e5817,18461,0
C:\SRS(ISIC_2019)\Dataset\NV\ISIC_0031463.jpg,isic_0031463,5,b82ff3a3391e6a1f12224f98a285b59ca0c41ed6ffc9755b213451b5111cc6e9,18468,0
C:\SRS(ISIC_2019)\Dataset\NV\ISIC_0031473.jpg,isic_0031473,5,94c1642a39235f7026de70b7df296fa481eeb50b94ea3e80a4984e4ec7648165,18474,0
C:\SRS(ISIC_2019)\Dataset\NV\ISIC_0031474.jpg,isic_0031474,5,b5ee68e7c9a99d304deeff68c68bc3fb5b037f4a8a7d7abdf8808a03e606ac26,18475,0
C:\SRS(ISIC_2019)\Dataset\NV\ISIC_0031477.jpg,isic_0031477,5,0a3f2d28b4bc68e156c1c3acea5a311817b6785c71b5fc3e6d2b58286f779cda,18478,0
C:\SRS(ISIC_2019)\Dataset\NV\ISIC_0031488.jpg,isic_0031488,5,6e8fc281fad952056868776eee1abf32c6774be07163f2021ac575e5cf60966d,18487,0
C:\SRS(ISIC_2019)\Dataset\NV\ISIC_0031493.jpg,isic_0031493,5,84e802d10c9125cb65082bb9d2d767fca2b98ee40b962e58ddc2debaa7701e17,18491,0
C:\SRS(ISIC_2019)\Dataset\NV\ISIC_0031501.jpg,isic_0031501,5,5fbd4f9e2ccaf4c18835a457598ac839259fb155bb9d9f3920446b6c116085c7,18494,0
C:\SRS(ISIC_2019)\Dataset\NV\ISIC_0031504.jpg,isic_0031504,5,c78c0e8361132df7daf94a243d33f0e0d76ced42b4d151e61bc11b633e785545,18497,0
C:\SRS(ISIC_2019)\Dataset\NV\ISIC_0031505.jpg,isic_0031505,5,6af5b3fafb3c1525c8660cd18af7fbe878a09a883dd90fb9bf987f97a5c6ae95,18498,0
C:\SRS(ISIC_2019)\Dataset\NV\ISIC_0031510.jpg,isic_0031510,5,85c99969949354da63b0351a20c7e1aeb670d3e0f8974c16c9e2378be8a6206f,18502,0
C:\SRS(ISIC_2019)\Dataset\NV\ISIC_0031525.jpg,isic_0031525,5,71a19730dbef6a9711678f8d40005fb3cacdf337c64e9d94e9a0f63f2704a3c3,18511,0
C:\SRS(ISIC_2019)\Dataset\NV\ISIC_0031533.jpg,isic_0031533,5,4d964d5f8c8510ba9407202bfa5ecb614c57bf2d951ec0aa5d6508d682e2e2ab,18514,0
C:\SRS(ISIC_2019)\Dataset\NV\ISIC_0031547.jpg,isic_0031547,5,b276eff93fae4d1bf53241db5d6eb1935d7f8fd90036ea221cce6ab8ba8b6777,18523,0
C:\SRS(ISIC_2019)\Dataset\NV\ISIC_0031559.jpg,isic_0031559,5,724d8e311c3075eb51753fcdd17ad53905aad6f10884f83845e341d186ea9629,18529,0
C:\SRS(ISIC_2019)\Dataset\NV\ISIC_0031575.jpg,isic_0031575,5,53c1bed4cec9e62640d3f859d422c2c770abeee4ded1d4cb0ed3e278a8c5410b,18541,0
C:\SRS(ISIC_2019)\Dataset\NV\ISIC_0031579.jpg,isic_0031579,5,35d2e720bbf83ece20b4e78bd6b1ab50a8813b3fbc5451fcb7744b2ab2e016d4,18543,0
C:\SRS(ISIC_2019)\Dataset\NV\ISIC_0031595.jpg,isic_0031595,5,90b7565ad5732abcdefcfc73d8f3dcdca85b817b6f5a9b45193377dceb71eff1,18553,0
C:\SRS(ISIC_2019)\Dataset\NV\ISIC_0031603.jpg,isic_0031603,5,038063feb4bf915ff18e8a905041d7aad01d72237190723d26b7501d76c3d294,18557,0
C:\SRS(ISIC_2019)\Dataset\NV\ISIC_0031605.jpg,isic_0031605,5,8ea103967dd1c351ffb74ccfb595d4f25e4dc60a4e37b0266917779f5ad2e1af,18559,0
C:\SRS(ISIC_2019)\Dataset\NV\ISIC_0031613.jpg,isic_0031613,5,07287b796b2045ecc19295b06d522441f7a68577ebe379ad5e4ecc583146b16c,18566,0
C:\SRS(ISIC_2019)\Dataset\NV\ISIC_0031616.jpg,isic_0031616,5,20aae50a1b439239039d4e8cb6b38af92acdf87ab07166a0da801f5e920c3cd5,18568,0
C:\SRS(ISIC_2019)\Dataset\NV\ISIC_0031625.jpg,isic_0031625,5,3b951cc1d388f6096286ec7942fc78b5360a704952d8b14784303c910c10fc2d,18574,0
C:\SRS(ISIC_2019)\Dataset\NV\ISIC_0031631.jpg,isic_0031631,5,d1deb8a5ed1b6f5dbb031156dc8b81b117a919e88731b7058e278a8a7a783b89,18579,0
C:\SRS(ISIC_2019)\Dataset\NV\ISIC_0031634.jpg,isic_0031634,5,1090992d4e115ac2863bb89e5599fd07e96779c6b759db5b509e5b13c0a426b9,18581,0
C:\SRS(ISIC_2019)\Dataset\NV\ISIC_0031637.jpg,isic_0031637,5,dfdd8f96bb760c8b8479737df94e9d0d57cff72d649b5d3afcaade635b09256f,18584,0
C:\SRS(ISIC_2019)\Dataset\NV\ISIC_0031638.jpg,isic_0031638,5,f4fe1792a5db4079cb08a8f3452bab74385d580e8e352634aac258f8787e3885,18585,0
C:\SRS(ISIC_2019)\Dataset\NV\ISIC_0031646.jpg,isic_0031646,5,0ccb1f93ebc169ac24298e0e789d6f8aa26802e331c12d66249674b2fb57e20b,18589,0
C:\SRS(ISIC_2019)\Dataset\NV\ISIC_0031668.jpg,isic_0031668,5,cc77ae8e9fbd34b1cfebfe006fb0521485c2c14b9207b18376ff550b8e6ed26e,18606,0
C:\SRS(ISIC_2019)\Dataset\NV\ISIC_0031669.jpg,isic_0031669,5,b2dae51fc7ec14da0b752426135abb91d5bc48a7f3acfd2fbe38d48180ab9c2a,18607,0
C:\SRS(ISIC_2019)\Dataset\NV\ISIC_0031671.jpg,isic_0031671,5,30a8d4412743974c8ff5b89db5ccca0b7b89bafdc25ab42b7bca51b9e00dcc65,18608,0
C:\SRS(ISIC_2019)\Dataset\NV\ISIC_0031676.jpg,isic_0031676,5,7f7ea7281a29f99818ca6f0bc0dd6b7df58ffe95179b402fb5d53f265c195ab0,18612,0
C:\SRS(ISIC_2019)\Dataset\NV\ISIC_0031701.jpg,isic_0031701,5,cd8888c40c0c1e0d31cedc79cefef191ac1a6cc8edd71a7744d4b1ee7856632a,18631,0
C:\SRS(ISIC_2019)\Dataset\NV\ISIC_0031703.jpg,isic_0031703,5,f1ae14724f273cbe7ee46162bbfa87c96a15f11c8467ebb7ca4b50aff18e899d,18632,0
C:\SRS(ISIC_2019)\Dataset\NV\ISIC_0031705.jpg,isic_0031705,5,3a79350e942683d9bfc1970e87400acd5cbe34430993564f72852d24436eef09,18634,0
C:\SRS(ISIC_2019)\Dataset\NV\ISIC_0031715.jpg,isic_0031715,5,88d2160712d64215ac3f7e12ef3fd56e8fb3bdf78f44ec0bb777f0730d490d66,18639,0
C:\SRS(ISIC_2019)\Dataset\NV\ISIC_0031726.jpg,isic_0031726,5,1a565dbb33127091565481c503617f7e7cee5dfe6e59af553820d57fa7b33c87,18646,0
C:\SRS(ISIC_2019)\Dataset\NV\ISIC_0031736.jpg,isic_0031736,5,de52489ac5298dec1b1188fc14ad832b336eee483b26e2a2294a3c5727c2951f,18654,0
C:\SRS(ISIC_2019)\Dataset\NV\ISIC_0031747.jpg,isic_0031747,5,d68e58926d3fe64495a8821ba5d2278ad558197e19b4e17fbce8909ca8e7ebe5,18660,0
C:\SRS(ISIC_2019)\Dataset\NV\ISIC_0031758.jpg,isic_0031758,5,b4934886a9eaddae64d0fa437c5e2d16d213ddd4b5a0d2cfc883c3d4b395ed96,18669,0
C:\SRS(ISIC_2019)\Dataset\NV\ISIC_0031785.jpg,isic_0031785,5,55a731fc7d02a0c6dfe9207dfc1590de98bc1ceae2a7f01cc46ff3365ee1ea2e,18687,0
C:\SRS(ISIC_2019)\Dataset\NV\ISIC_0031786.jpg,isic_0031786,5,f669ad44340f7187a6c7e4c8ed3a9a7100b94a9426ac153337d4a16e686ce836,18688,0
C:\SRS(ISIC_2019)\Dataset\NV\ISIC_0031801.jpg,isic_0031801,5,640a413b31d755fadd60ef2ae10b845c217299f6b8d92403a5a2060dc29d495c,18700,0
C:\SRS(ISIC_2019)\Dataset\NV\ISIC_0031804.jpg,isic_0031804,5,fc8df9e8ca6609e69d3a359126d33fa2b3bcede74d7fc4d656e4685bc126c70e,18703,0
C:\SRS(ISIC_2019)\Dataset\NV\ISIC_0031805.jpg,isic_0031805,5,cc6cb989e827f4646f16266cc64a1036d6a1877d85a191115bbfd102bbd5bc45,18704,0
C:\SRS(ISIC_2019)\Dataset\NV\ISIC_0031809.jpg,isic_0031809,5,80770da8f32ddcc71df9c5bbade567ef80a57b58f2d36434a4e8e4d48526a2df,18707,0
C:\SRS(ISIC_2019)\Dataset\NV\ISIC_0031815.jpg,isic_0031815,5,be854697f366b62bff43eb7a7c6d0c578cab853728f3ff6d4c65c297c49db3ab,18712,0
C:\SRS(ISIC_2019)\Dataset\NV\ISIC_0031822.jpg,isic_0031822,5,c7c57adbf3495fdff613cbe483bafe1c0d9c574e5fe92cb8fc08441ac5bb70ff,18717,0
C:\SRS(ISIC_2019)\Dataset\NV\ISIC_0031830.jpg,isic_0031830,5,14ba65f975b821519ab903c1738ed5d9cbb1c25b6f41c9d40837e804f79eb8e8,18721,0
C:\SRS(ISIC_2019)\Dataset\NV\ISIC_0031838.jpg,isic_0031838,5,a152848825dc5d6e3c252ed468ad52b8b266dabf3600a6578f6e7d436b87e1d1,18727,0
C:\SRS(ISIC_2019)\Dataset\NV\ISIC_0031839.jpg,isic_0031839,5,951dfcb09919ef7a2dbf6fe50856c2845880a7cb0435a8291159fe9a3e08f68a,18728,0
C:\SRS(ISIC_2019)\Dataset\NV\ISIC_0031849.jpg,isic_0031849,5,73f90dcb43f31fe4e21a3f53cbff163a8c36adfb8193a5024ec01812f94ee05c,18737,0
C:\SRS(ISIC_2019)\Dataset\NV\ISIC_0031854.jpg,isic_0031854,5,fbba3d67e273f5a2dfd661baf73cb15432102d1fdd80bb25dde2fc9f3703affd,18739,0
C:\SRS(ISIC_2019)\Dataset\NV\ISIC_0031861.jpg,isic_0031861,5,a5acf7c1c8e2b68b901cdbdc582ab1232b28d9db28597bd39a9355c241a17ed3,18746,0
C:\SRS(ISIC_2019)\Dataset\NV\ISIC_0031880.jpg,isic_0031880,5,1b28d6eeb1f02905177afe0ef368ad716f5b2c0e9facb3b6d43341af947cc670,18762,0
C:\SRS(ISIC_2019)\Dataset\NV\ISIC_0031889.jpg,isic_0031889,5,809899ed2b62eece39bac7ddad6a45fc7493fe87bc7b04567ca065e5b4fb67d3,18770,0
C:\SRS(ISIC_2019)\Dataset\NV\ISIC_0031892.jpg,isic_0031892,5,bcdf36ce058f86da9154ae28d2de680b498aa07eef8eb96869f5d4bbcd7f44c5,18772,0
C:\SRS(ISIC_2019)\Dataset\NV\ISIC_0031894.jpg,isic_0031894,5,4d42f5c6ae8dc36c53da1df2e3c650d353fa7f32ebb329626b80565e687cda89,18773,0
C:\SRS(ISIC_2019)\Dataset\NV\ISIC_0031907.jpg,isic_0031907,5,3d6f2fa4429dccc426f02966809df239b7166a5949328ecd90ff8fcb96442854,18782,0
C:\SRS(ISIC_2019)\Dataset\NV\ISIC_0031923.jpg,isic_0031923,5,b2c550b682efe746dacc49f6ca7110828112d1217a66eb287cc0f0da1f9be1b3,18794,0
C:\SRS(ISIC_2019)\Dataset\NV\ISIC_0031948.jpg,isic_0031948,5,18caa63dfdf8e91b078c069c6d98b2cb0eb7bcface20b9357adf0accbf5abe58,18810,0
C:\SRS(ISIC_2019)\Dataset\NV\ISIC_0031954.jpg,isic_0031954,5,2d8f183c34d4cae3585189e286936ee7a2082a75a762664964fe9666d36ee5a1,18813,0
C:\SRS(ISIC_2019)\Dataset\NV\ISIC_0031959.jpg,isic_0031959,5,16b4f223c2d697d1178f50aa81e5a8c22c2783e526df4250c485bd0ca5ecfb4a,18815,0
C:\SRS(ISIC_2019)\Dataset\NV\ISIC_0031964.jpg,isic_0031964,5,3e349e85cd2e364d9c23a5131e526af23b3eaea4e338d77ac2f7fe0040a6fd03,18819,0
C:\SRS(ISIC_2019)\Dataset\NV\ISIC_0031966.jpg,isic_0031966,5,b2606e50a0adb7771a18642d9e75890788f8edf0a003aff676f1b797270d81d0,18821,0
C:\SRS(ISIC_2019)\Dataset\NV\ISIC_0031975.jpg,isic_0031975,5,fa691a97d6d06ea5f9e16e04d98843ceda8a72e49f8d56668376b91f90d3a284,18827,0
C:\SRS(ISIC_2019)\Dataset\NV\ISIC_0032001.jpg,isic_0032001,5,8192eef5f24cf7289704aebdef0c24d49e70964d4c91da632380853e0e8ea1ff,18844,0
C:\SRS(ISIC_2019)\Dataset\NV\ISIC_0032005.jpg,isic_0032005,5,1d3a6b99d98540e8e23a9e211f584dfe5ff31f44051fb8c5742c9634540b66c7,18848,0
C:\SRS(ISIC_2019)\Dataset\NV\ISIC_0032008.jpg,isic_0032008,5,da5876adaf91cbc0790417d27d3e887a824e2d9c7bb87d17d60e12be0d50a51f,18850,0
C:\SRS(ISIC_2019)\Dataset\NV\ISIC_0032020.jpg,isic_0032020,5,e9213f41dfe01ece0a6a6bc25970739907e3061a9bdaa61cd2825fc20c6f0b41,18858,0
C:\SRS(ISIC_2019)\Dataset\NV\ISIC_0032025.jpg,isic_0032025,5,c30c060b16cdca61024bd5075aa66e13db972e5370a0ad0242372008fbc5f565,18861,0
C:\SRS(ISIC_2019)\Dataset\NV\ISIC_0032026.jpg,isic_0032026,5,6f3d8e0617cb4be114d241ba3544c931b08c091f55ad2ad126a3e3e27acc3402,18862,0
C:\SRS(ISIC_2019)\Dataset\NV\ISIC_0032027.jpg,isic_0032027,5,8c48279b1b9dbd92891f20b4291ccc7493ce6112d0a2b5318b9241b660a596e5,18863,0
C:\SRS(ISIC_2019)\Dataset\NV\ISIC_0032035.jpg,isic_0032035,5,ba0832b1322e0888cf1198238ffa7dcaeb57bfb26b9c33a264d7a4900b137df6,18869,0
C:\SRS(ISIC_2019)\Dataset\NV\ISIC_0032039.jpg,isic_0032039,5,246aeb45de42f4567c3dcf9c3b69d5b0e6b065bd50e11bd8fe618a30fda08b11,18872,0
C:\SRS(ISIC_2019)\Dataset\NV\ISIC_0032041.jpg,isic_0032041,5,ae70687294f0e7b1216425dec5d215b35579a6722a0fa42bf5735361aa3708bf,18873,0
C:\SRS(ISIC_2019)\Dataset\NV\ISIC_0032042.jpg,isic_0032042,5,cd681676aeb28ff75d9b489aa0d256b08f7e813874e7869f55ba8836d5d07305,18874,0
C:\SRS(ISIC_2019)\Dataset\NV\ISIC_0032049.jpg,isic_0032049,5,ce841fd62481a185a485bdeb02c6b05e91638e725e36f4b579263f83de91746b,18877,0
C:\SRS(ISIC_2019)\Dataset\NV\ISIC_0032052.jpg,isic_0032052,5,fa903c388c20b1d50929ffcbc0f0ad9671efe67ee6b6c86ad26363b3cf2bb4fc,18879,0
C:\SRS(ISIC_2019)\Dataset\NV\ISIC_0032060.jpg,isic_0032060,5,57c6046bbe304771bb5d6703ff406905ff6b3c8b29a9d1898c6d2d9ba1210bc1,18886,0
C:\SRS(ISIC_2019)\Dataset\NV\ISIC_0032074.jpg,isic_0032074,5,070cd577193a234c0afa295af65c28359353d2d94a36d9dc7fa0751a961943f2,18896,0
C:\SRS(ISIC_2019)\Dataset\NV\ISIC_0032083.jpg,isic_0032083,5,f206ef21104d24ad0753d1a09a09a110d1d836ebbda60760937542b5d5ee5680,18902,0
C:\SRS(ISIC_2019)\Dataset\NV\ISIC_0032085.jpg,isic_0032085,5,64f2ed065bdd6421eb8175bf8bf2522f331b9ad016a012996b0177b4b966d813,18904,0
C:\SRS(ISIC_2019)\Dataset\NV\ISIC_0032091.jpg,isic_0032091,5,c4a0a0bc418585d981caa3709f8fc31002966e19d8e79efb4e266f93132c0f5d,18910,0
C:\SRS(ISIC_2019)\Dataset\NV\ISIC_0032118.jpg,isic_0032118,5,f706c8a560b7b382cb024c50edb215e371a41ff2b6d2fd9cc7356ce2fd692ee6,18927,0
C:\SRS(ISIC_2019)\Dataset\NV\ISIC_0032121.jpg,isic_0032121,5,652f6f05fa889d677cd060918e67b2d36b8f229a176f461e1199a2debe1c27dd,18930,0
C:\SRS(ISIC_2019)\Dataset\NV\ISIC_0032127.jpg,isic_0032127,5,f26cc33c1a587e778473d2192d2eb230de88f3d47a0ec591511af45852460d37,18934,0
C:\SRS(ISIC_2019)\Dataset\NV\ISIC_0032136.jpg,isic_0032136,5,2a0bd57345ef5ab7138d5c673c443743bb778363744e58b21dc139d319b467b5,18938,0
C:\SRS(ISIC_2019)\Dataset\NV\ISIC_0032141.jpg,isic_0032141,5,42d7d209ab9166556c7f173033c601417d6502f6f63deb59b434858f67ff4a65,18941,0
C:\SRS(ISIC_2019)\Dataset\NV\ISIC_0032142.jpg,isic_0032142,5,b90a38b5e498ed3eb593227600c7c22c2095296ef4cfde1de386ff88968d2318,18942,0
C:\SRS(ISIC_2019)\Dataset\NV\ISIC_0032143.jpg,isic_0032143,5,018cb282c304d87b8671e56b42bf4060a720c0199c3bee2afc1e40fb4c570035,18943,0
C:\SRS(ISIC_2019)\Dataset\NV\ISIC_0032148.jpg,isic_0032148,5,c6635663d2037b05332d554a8429fb430543fd9e7d7ac75b42386adee762043a,18947,0
C:\SRS(ISIC_2019)\Dataset\NV\ISIC_0032151.jpg,isic_0032151,5,3399a0cfdc5cbc1a1b237450ddd7a85922005e67da3b0063b8a5aa71ed74d7a4,18949,0
C:\SRS(ISIC_2019)\Dataset\NV\ISIC_0032153.jpg,isic_0032153,5,ff1d0b036154d647a4c07515ce9e36abc84ca66749e7b707b8c017eb7cfecbbc,18950,0
C:\SRS(ISIC_2019)\Dataset\NV\ISIC_0032167.jpg,isic_0032167,5,85e3e54dd3e029028d39b8b97a167a46c8ed42e197ce410a96ac477a182416ff,18960,0
C:\SRS(ISIC_2019)\Dataset\NV\ISIC_0032176.jpg,isic_0032176,5,0dd065cb7459a278c51ad1abe609fd5ffced916a9f6dbb203cf6c52f5b7fdf49,18965,0
C:\SRS(ISIC_2019)\Dataset\NV\ISIC_0032201.jpg,isic_0032201,5,9ba77a70e50b2efcbab392b473cb3d8c769658376c4685ea1aca8a3abf0cea12,18980,0
C:\SRS(ISIC_2019)\Dataset\NV\ISIC_0032227.jpg,isic_0032227,5,5aac229b270af3f0b9b5a60b8ffb6fa0bc017fef4e85c2bbdcd75ff11c7e40c0,18996,0
C:\SRS(ISIC_2019)\Dataset\NV\ISIC_0032234.jpg,isic_0032234,5,6a46655718c687220d5013becfcdbffa6fdf2f9f68f05691efe78194e9f0c9fc,19001,0
C:\SRS(ISIC_2019)\Dataset\NV\ISIC_0032237.jpg,isic_0032237,5,73f95a95d105ef4ed240e6c732e76c20b27f2de3231157e8fd50d4c89477ff27,19003,0
C:\SRS(ISIC_2019)\Dataset\NV\ISIC_0032239.jpg,isic_0032239,5,e959c6f79911576746c64bcac02e15ffb9d211b3aa8e8731154c70e88677d5f1,19004,0
C:\SRS(ISIC_2019)\Dataset\NV\ISIC_0032264.jpg,isic_0032264,5,0a659948f3485868494b076cd13b9c99993b4914c7e857cba1c75c7c2e3ca94f,19021,0
C:\SRS(ISIC_2019)\Dataset\NV\ISIC_0032279.jpg,isic_0032279,5,b075356c632772d52872501d50de79ba0bfac412779ca5591faae628069b822b,19031,0
C:\SRS(ISIC_2019)\Dataset\NV\ISIC_0032288.jpg,isic_0032288,5,6fefb2670c7e682b15a6eff82ab464c64981c0ef15a18dccaffdb76e2a26be58,19037,0
C:\SRS(ISIC_2019)\Dataset\NV\ISIC_0032300.jpg,isic_0032300,5,37fc13a08cc4aff245c4a3a19181037aa4a156ace75b21a077168ce47286a489,19048,0
C:\SRS(ISIC_2019)\Dataset\NV\ISIC_0032319.jpg,isic_0032319,5,baecc0b3f082072f9ecaba8647f535d90fe6ad034194c37869cd74657e23116d,19056,0
C:\SRS(ISIC_2019)\Dataset\NV\ISIC_0032323.jpg,isic_0032323,5,ceb2b6db05b8b3351fef974633633778b14e6cd5b293bebd932f91535b2b1091,19060,0
C:\SRS(ISIC_2019)\Dataset\NV\ISIC_0032326.jpg,isic_0032326,5,30a47258001b5e296cd69d44b026be3e3a587e43ac8798c3e61d1476ec9260ab,19062,0
C:\SRS(ISIC_2019)\Dataset\NV\ISIC_0032332.jpg,isic_0032332,5,2573ae449e7c793acb3f8f31e0d1c0c91623bd06f5916c3594c5b841f9974011,19065,0
C:\SRS(ISIC_2019)\Dataset\NV\ISIC_0032333.jpg,isic_0032333,5,d055906216d569c003e595717e5a1dbec0c6808196d544f889ff743552352b3e,19066,0
C:\SRS(ISIC_2019)\Dataset\NV\ISIC_0032347.jpg,isic_0032347,5,db9041c811bafd7891b83b81d412ac2eec12c540df81bc9b585ffa6a58ec9785,19078,0
C:\SRS(ISIC_2019)\Dataset\NV\ISIC_0032387.jpg,isic_0032387,5,23ea62271309167642362e2d45038732395e202e733b72e4478483ce62701402,19107,0
C:\SRS(ISIC_2019)\Dataset\NV\ISIC_0032388.jpg,isic_0032388,5,a30911ecf1beec843a49551b9ebadf017ef3b717ec1fb171d6b742781723c2d7,19108,0
C:\SRS(ISIC_2019)\Dataset\NV\ISIC_0032393.jpg,isic_0032393,5,1960f2ad52b2e0046a315faf7894dad7c83b11ea6703365db81f17d80547e660,19112,0
C:\SRS(ISIC_2019)\Dataset\NV\ISIC_0032401.jpg,isic_0032401,5,ddd6583cf5384f96f815617852126a0ad99531cc2c1b1ca4816e018b2923b455,19116,0
C:\SRS(ISIC_2019)\Dataset\NV\ISIC_0032407.jpg,isic_0032407,5,3f358b83dcde07c7185875398a0fe1d6d3473797296364541c41ed2acbe88e1d,19121,0
C:\SRS(ISIC_2019)\Dataset\NV\ISIC_0032413.jpg,isic_0032413,5,a533e72ae569a59ffe4a5f99a24085833970fb1553b15799bf5f03c8532fdc74,19124,0
C:\SRS(ISIC_2019)\Dataset\NV\ISIC_0032416.jpg,isic_0032416,5,965481fcb454c37c1fd062ae8dd375a2f5ddd0a3366ae79538abbe6459f28845,19125,0
C:\SRS(ISIC_2019)\Dataset\NV\ISIC_0032449.jpg,isic_0032449,5,8b80ad242b7226508d51e5fa745dbf8c49ea4bf560ef4409997e3528d12efb35,19145,0
C:\SRS(ISIC_2019)\Dataset\NV\ISIC_0032457.jpg,isic_0032457,5,d88e323dadad57804a28d977b0f0e3043723bbd43d5a64492b1342327668d3bc,19150,0
C:\SRS(ISIC_2019)\Dataset\NV\ISIC_0032459.jpg,isic_0032459,5,7845bb99180480872d028bff6e41bf0a999acc00023181ea006b6bc513a4a8f0,19152,0
C:\SRS(ISIC_2019)\Dataset\NV\ISIC_0032464.jpg,isic_0032464,5,f9ee633079dbc5989a67767fe727d4509a41e9626957d37139f29d3737ab527d,19153,0
C:\SRS(ISIC_2019)\Dataset\NV\ISIC_0032469.jpg,isic_0032469,5,f7eaa24d2a3d01a66bbba339114ef1d980669fc7cef5a85c9027cd3d04b66102,19156,0
C:\SRS(ISIC_2019)\Dataset\NV\ISIC_0032488.jpg,isic_0032488,5,5e8030dbe0b63724a16d2bb36c36efacc3093d741d5323b5c412b855edc0b4c3,19171,0
C:\SRS(ISIC_2019)\Dataset\NV\ISIC_0032496.jpg,isic_0032496,5,478cd325571ff6b25064e5b19968e40da7edc286f269f39ebe18f24e0d88a5e1,19179,0
C:\SRS(ISIC_2019)\Dataset\NV\ISIC_0032499.jpg,isic_0032499,5,da29a30d34b428c4f74fd82ab72316ec098f319efa5e0ac04262e0d01221483a,19180,0
C:\SRS(ISIC_2019)\Dataset\NV\ISIC_0032503.jpg,isic_0032503,5,93b90bf72a778775efc19e3b4b387843588d1de41cdcf7849846493cd039a986,19184,0
C:\SRS(ISIC_2019)\Dataset\NV\ISIC_0032507.jpg,isic_0032507,5,eb8420b69a09503c1ea15e9e68373221cf728fb98cc71d9d9217d48bfe2e3d4a,19187,0
C:\SRS(ISIC_2019)\Dataset\NV\ISIC_0032512.jpg,isic_0032512,5,dea4144714c93f97b328aaad7cd9564696a0e1265d9eab6cdeb3ef85577fad5a,19189,0
C:\SRS(ISIC_2019)\Dataset\NV\ISIC_0032521.jpg,isic_0032521,5,193efccbee2b55e9475718b0515e593b833706d6f303e0a62f04edaa816b70e9,19195,0
C:\SRS(ISIC_2019)\Dataset\NV\ISIC_0032525.jpg,isic_0032525,5,0a5eab2be384d50d2c4276e93b4fd232f20b28b481e7a3b3780fcc099511a96e,19198,0
C:\SRS(ISIC_2019)\Dataset\NV\ISIC_0032528.jpg,isic_0032528,5,7db3821b777de20af775834c0ce2553bf5d98dcffecd17ca6e25ca546aaac026,19200,0
C:\SRS(ISIC_2019)\Dataset\NV\ISIC_0032529.jpg,isic_0032529,5,f954210b1bab7f179c282f0b437acf00e90e61125faa8a8f047cf0e6001fbb58,19201,0
C:\SRS(ISIC_2019)\Dataset\NV\ISIC_0032541.jpg,isic_0032541,5,fb7ce9e74b075846d00ce3fa40252e3cd18731c82eaee29815aa8d2d1a85ce38,19205,0
C:\SRS(ISIC_2019)\Dataset\NV\ISIC_0032551.jpg,isic_0032551,5,ee2caa3e79fbdce495f799330cdcc9df1c14b910923e4f049a1b5b879dc6898c,19211,0
C:\SRS(ISIC_2019)\Dataset\NV\ISIC_0032555.jpg,isic_0032555,5,3867f3e77aff596a5a4c24a929a2ce9838652b93688845c67e57bd231a5609dc,19213,0
C:\SRS(ISIC_2019)\Dataset\NV\ISIC_0032561.jpg,isic_0032561,5,2850feb11dd2bbba2c07373e4dfc170bab88cd543bd6e1f5844d6424489c6cbe,19216,0
C:\SRS(ISIC_2019)\Dataset\NV\ISIC_0032565.jpg,isic_0032565,5,4b1577fe980f629d75582cae4905eb1fcef594dc4c476a58ca0a4430a017d7c0,19219,0
C:\SRS(ISIC_2019)\Dataset\NV\ISIC_0032572.jpg,isic_0032572,5,efaf1c871ce236abfa192db11f71338e90fe5bc4d267644b377ce66d739b77bc,19223,0
C:\SRS(ISIC_2019)\Dataset\NV\ISIC_0032574.jpg,isic_0032574,5,9151509f8b902537e6113ce0147172d6a3550e2fa3383ad825bdab130fd33904,19225,0
C:\SRS(ISIC_2019)\Dataset\NV\ISIC_0032584.jpg,isic_0032584,5,f639333deb4f4ee64a01a1225dda6d3db03706b572f1cc552ae892907abc2d80,19233,0
C:\SRS(ISIC_2019)\Dataset\NV\ISIC_0032588.jpg,isic_0032588,5,bce76847f73b3ee3cc91f2e4741e913ecaf50311c4a626158d245bf6addd790f,19236,0
C:\SRS(ISIC_2019)\Dataset\NV\ISIC_0032599.jpg,isic_0032599,5,b00c7edde5d1bc410506806fe8a6b428472d2d16c344f33ac5969148adf320af,19243,0
C:\SRS(ISIC_2019)\Dataset\NV\ISIC_0032609.jpg,isic_0032609,5,bcc37c14630956047723672d97e92ef737b5f2bf1748ba1ef680c548c487b47b,19250,0
C:\SRS(ISIC_2019)\Dataset\NV\ISIC_0032627.jpg,isic_0032627,5,2a142bb899f3103e53fef3e6315545f453f7604e1885aaf63fb381f38ad49f4c,19259,0
C:\SRS(ISIC_2019)\Dataset\NV\ISIC_0032639.jpg,isic_0032639,5,87fec43134b0fd44087d9d9ee0b9d4e5391d4c126154295c9b2cc460f5cf4b5c,19266,0
C:\SRS(ISIC_2019)\Dataset\NV\ISIC_0032641.jpg,isic_0032641,5,ebf0f1294f7d8c1d6ce7b8b9602028eeadb430d13366672050503d072601b286,19268,0
C:\SRS(ISIC_2019)\Dataset\NV\ISIC_0032646.jpg,isic_0032646,5,79d9ae6e7ffa6ace763b680ea715b7713746d3c53527c9799afd137975592bb6,19270,0
C:\SRS(ISIC_2019)\Dataset\NV\ISIC_0032650.jpg,isic_0032650,5,935e39ecfc0ab989a1a0ad3fccf4001902ad2f38486839161314838f0fcb70b7,19274,0
C:\SRS(ISIC_2019)\Dataset\NV\ISIC_0032651.jpg,isic_0032651,5,116e23fc79bb6986e21e38bb3a6928e7d3f527cfc18c1bbc805e6a48222aa1e5,19275,0
C:\SRS(ISIC_2019)\Dataset\NV\ISIC_0032666.jpg,isic_0032666,5,c80e7db1e6ac7c5d0946de6b501fbd083a198c5f2688b07ece905b52354f160e,19282,0
C:\SRS(ISIC_2019)\Dataset\NV\ISIC_0032667.jpg,isic_0032667,5,5e33e67a691383c0067be388f1975faca13a0059ab9b02980f533244182808dc,19283,0
C:\SRS(ISIC_2019)\Dataset\NV\ISIC_0032668.jpg,isic_0032668,5,4c014a01a19e5c44d5a58845402e875d674ea8a0a52f795b8ab417981f89a4e2,19284,0
C:\SRS(ISIC_2019)\Dataset\NV\ISIC_0032669.jpg,isic_0032669,5,a4329bc195e603ded8c142e731917f731ed57b9746db1300cc5b8a060a0cce7e,19285,0
C:\SRS(ISIC_2019)\Dataset\NV\ISIC_0032697.jpg,isic_0032697,5,2ea0e721c5319fe658360c594b1dba0e67914bffb4af15035b62a26009e1cf73,19301,0
C:\SRS(ISIC_2019)\Dataset\NV\ISIC_0032728.jpg,isic_0032728,5,916a1a09d31e3bd8aa261c01bf3bbc5a27b5803b1b4db1346f91b989d3863278,19319,0
C:\SRS(ISIC_2019)\Dataset\NV\ISIC_0032738.jpg,isic_0032738,5,e62edf9af4a4eb74d92d3e4c00f939c58d302aabff36bec92e94543bc6f64c4c,19325,0
C:\SRS(ISIC_2019)\Dataset\NV\ISIC_0032767.jpg,isic_0032767,5,82f843817fe1c453ce1c4782ecc15bcb49cf4d3b5e0c1bcafe0f6bc7811786a2,19345,0
C:\SRS(ISIC_2019)\Dataset\NV\ISIC_0032770.jpg,isic_0032770,5,04a368d2a8a0caea2ab1f3e286c423cf5df4b6ec5f207c8e4cdaa7a36d38967a,19347,0
C:\SRS(ISIC_2019)\Dataset\NV\ISIC_0032781.jpg,isic_0032781,5,3bcb5b2c214740a28f3ea0fe23194a05311f07c43768ad906ddd2b703d30f6cb,19352,0
C:\SRS(ISIC_2019)\Dataset\NV\ISIC_0032794.jpg,isic_0032794,5,282fb1b9533f86329b7c2381d09ddd43f26bf22129f43e21558fa90ca36de083,19363,0
C:\SRS(ISIC_2019)\Dataset\NV\ISIC_0032796.jpg,isic_0032796,5,d8954bc44595e60f32156a237f0f0f0a03d97a4e0634633e63682963404245ec,19365,0
C:\SRS(ISIC_2019)\Dataset\NV\ISIC_0032802.jpg,isic_0032802,5,77a5f664aabdf9719d6349e4b7418d3b36362180ecb4276a25895af9cad16aa6,19369,0
C:\SRS(ISIC_2019)\Dataset\NV\ISIC_0032817.jpg,isic_0032817,5,8c24bd33f412fbc955ece30dc126a58b68ea6e549947059ee5fbfb0cf0911e80,19377,0
C:\SRS(ISIC_2019)\Dataset\NV\ISIC_0032818.jpg,isic_0032818,5,3a7038075613093921dc44c79fdf70302b80f0f759c68f13511835ce56c793b6,19378,0
C:\SRS(ISIC_2019)\Dataset\NV\ISIC_0032822.jpg,isic_0032822,5,02aecd331524256b8a679acee8abf79383e31fbe9bcbf98d05151c451969496a,19382,0
C:\SRS(ISIC_2019)\Dataset\NV\ISIC_0032832.jpg,isic_0032832,5,2c332d78c6056d15e4f839e04705272020ea7ab5b93e8b07ce2ef2041154b3b8,19388,0
C:\SRS(ISIC_2019)\Dataset\NV\ISIC_0032851.jpg,isic_0032851,5,dbb7f6c6caa5a35da10687882769d9481b1f4cad4a58da4b897517ca3f374282,19394,0
C:\SRS(ISIC_2019)\Dataset\NV\ISIC_0032865.jpg,isic_0032865,5,325852cf006e5568a1242f4a98d4918979685556d850ad4440c00f4b2a2dbd13,19403,0
C:\SRS(ISIC_2019)\Dataset\NV\ISIC_0032871.jpg,isic_0032871,5,6dfb01564e444230d8f8e96a18254faca88ab134aca8787b41c634daa84220ae,19405,0
C:\SRS(ISIC_2019)\Dataset\NV\ISIC_0032886.jpg,isic_0032886,5,8e3d68f7e7ddf8dcbb873217e43158b797acdb18dad8362f25fbf119e4b0ccc8,19413,0
C:\SRS(ISIC_2019)\Dataset\NV\ISIC_0032902.jpg,isic_0032902,5,203201ae59213a11814b887150ff340c3d306317f729a4e079c054614462f871,19422,0
C:\SRS(ISIC_2019)\Dataset\NV\ISIC_0032907.jpg,isic_0032907,5,b94258043298147d66207d9de96e1679461c02cca26f0fb3495e179588458477,19425,0
C:\SRS(ISIC_2019)\Dataset\NV\ISIC_0032908.jpg,isic_0032908,5,e8688da4e9f6abe466d6354ec99dae30b5de9d01ef91f7750ffa886b57d4ac7c,19426,0
C:\SRS(ISIC_2019)\Dataset\NV\ISIC_0032909.jpg,isic_0032909,5,754e843314354a44f85459775865f4720a3e46fc4acf8f827af536f0e1d5b3db,19427,0
C:\SRS(ISIC_2019)\Dataset\NV\ISIC_0032924.jpg,isic_0032924,5,e8107405badf543c7113adadaaf434fd6123734c5e6e5e0e75cca23edc3be2e2,19435,0
C:\SRS(ISIC_2019)\Dataset\NV\ISIC_0032926.jpg,isic_0032926,5,5bfdc7e670dfbd5a1140a5daf728a6ea10a0a0b88c20f14831fec7721bed92e1,19436,0
C:\SRS(ISIC_2019)\Dataset\NV\ISIC_0032951.jpg,isic_0032951,5,cccddfc54be6f2e768132a8f23410d34aa2edff6acab8277750a3139953bdce3,19452,0
C:\SRS(ISIC_2019)\Dataset\NV\ISIC_0032952.jpg,isic_0032952,5,81374cfede3ed2ddb886bd28094e2cc6667b8ac67cb27003f96a28be31433338,19453,0
C:\SRS(ISIC_2019)\Dataset\NV\ISIC_0032977.jpg,isic_0032977,5,8514cb716b0bcafaa8f710593cbc4e991dc3ba45618e0b66f0865101e3d6143b,19466,0
C:\SRS(ISIC_2019)\Dataset\NV\ISIC_0032986.jpg,isic_0032986,5,853fb1613a630fa5b2cc6184ddcefb6db206d77213df223630024e767adbbde6,19469,0
C:\SRS(ISIC_2019)\Dataset\NV\ISIC_0032994.jpg,isic_0032994,5,39cdec4900c00d3bccdcaa5a91dc64890c34cb350ee88b80eb48396889fae005,19473,0
C:\SRS(ISIC_2019)\Dataset\NV\ISIC_0033002.jpg,isic_0033002,5,be408e86a973ac52cf8c9a223af2af549f6539f96eb1ef7d6e8331ddfd0c084a,19478,0
C:\SRS(ISIC_2019)\Dataset\NV\ISIC_0033009.jpg,isic_0033009,5,b135824e65ca44efc6fe9c5ec3049004e95f43c490a6b25f13e2a141a5ba5a68,19483,0
C:\SRS(ISIC_2019)\Dataset\NV\ISIC_0033018.jpg,isic_0033018,5,3ca0af88441e19bf56a4a199151984a5d12b8ae7ef472c5a33b005ca83482b7f,19490,0
C:\SRS(ISIC_2019)\Dataset\NV\ISIC_0033021.jpg,isic_0033021,5,cafb189b8ee641ec43baa464105f1d1dc8053f19122dbd21282cb726b5e1f564,19491,0
C:\SRS(ISIC_2019)\Dataset\NV\ISIC_0033028.jpg,isic_0033028,5,fe4e35cd3b160fe2924328dd695f5ea782f575b726343fbf75fc862075d5ff0c,19494,0
C:\SRS(ISIC_2019)\Dataset\NV\ISIC_0033030.jpg,isic_0033030,5,041d14428454737084fc2c9a3e1aa22dc59df682df7d2b984621a5c5f9c98d01,19495,0
C:\SRS(ISIC_2019)\Dataset\NV\ISIC_0033053.jpg,isic_0033053,5,4e24925c0d2187b5849e1a1929f95435a926edec290df7c714283933e4e30a30,19509,0
C:\SRS(ISIC_2019)\Dataset\NV\ISIC_0033058.jpg,isic_0033058,5,da38522f81861697515de5031f765ea9581cacafb5da3a5391247bcf04f07054,19511,0
C:\SRS(ISIC_2019)\Dataset\NV\ISIC_0033069.jpg,isic_0033069,5,ddf5005026f470154faa4d1192ecaae6bed94175a6785bddab36b753f51083ea,19518,0
C:\SRS(ISIC_2019)\Dataset\NV\ISIC_0033085.jpg,isic_0033085,5,635b2d63cb4f19a2bf1d8b0dc2181dc20a070dca7dd5e4142de852e8f3e9a7d3,19529,0
C:\SRS(ISIC_2019)\Dataset\NV\ISIC_0033086.jpg,isic_0033086,5,b6d1fb5ba6a9dd1ed0d040b2fc42cf0a6604fe88304b4013237935c1eeeeeac1,19530,0
C:\SRS(ISIC_2019)\Dataset\NV\ISIC_0033102.jpg,isic_0033102,5,30a519a8366652f66bdfe0ba6ee17290b043ca423065fbb3c1c821dc298183b4,19542,0
C:\SRS(ISIC_2019)\Dataset\NV\ISIC_0033126.jpg,isic_0033126,5,fc28fc6a91c2ea6644c70d392768ad47f41b64373d3b1112b025beadacf7df73,19558,0
C:\SRS(ISIC_2019)\Dataset\NV\ISIC_0033132.jpg,isic_0033132,5,c5dac935cf3939eb0cbb7ddae7bd79c9583ec969d32b5f6ba97e4400cfe33d28,19561,0
C:\SRS(ISIC_2019)\Dataset\NV\ISIC_0033137.jpg,isic_0033137,5,e544f5a79ce897e3287688eeda72464c9e9cf33e62126b4e4d2eff685f915d56,19565,0
C:\SRS(ISIC_2019)\Dataset\NV\ISIC_0033144.jpg,isic_0033144,5,0a7cc088b9b4485bab803340ef65c27310c8a4fb0f35d0dd41ff08d4a0e40209,19571,0
C:\SRS(ISIC_2019)\Dataset\NV\ISIC_0033145.jpg,isic_0033145,5,06743c715b6be3bfcc81728f3f2ff6424a9201c4173a3a1a6dd57e126b7644dd,19572,0
C:\SRS(ISIC_2019)\Dataset\NV\ISIC_0033155.jpg,isic_0033155,5,4ee3a7dc96936af33c1bd5d0fb494d115c4671f0a1fbd8026ffef79e44357d5d,19578,0
C:\SRS(ISIC_2019)\Dataset\NV\ISIC_0033157.jpg,isic_0033157,5,9cfb8aaa0c5bcda12e564f47f630ed96658a64e8127e4ae18609b814af4c3569,19579,0
C:\SRS(ISIC_2019)\Dataset\NV\ISIC_0033159.jpg,isic_0033159,5,d62303395054e038498ec06812d05db2260f466ce729784fe0256f288784317d,19580,0
C:\SRS(ISIC_2019)\Dataset\NV\ISIC_0033160.jpg,isic_0033160,5,903528348999918d66b3e7f30bb041dc087019e7e1cddf48af9c2c449d281707,19581,0
C:\SRS(ISIC_2019)\Dataset\NV\ISIC_0033161.jpg,isic_0033161,5,9646d11cad7eb6796c81c8231745b4cf79b18493f2c6d8b72b044ac23ae52ea1,19582,0
C:\SRS(ISIC_2019)\Dataset\NV\ISIC_0033162.jpg,isic_0033162,5,1bb0f453f8d26785fb8ac101c8185832a4e5431134d787787ccce1d4602a3a99,19583,0
C:\SRS(ISIC_2019)\Dataset\NV\ISIC_0033170.jpg,isic_0033170,5,4596ae34d06f9d76f5e6910a84a807d6fbae28373f87df1aafc6cb55b1d26165,19589,0
C:\SRS(ISIC_2019)\Dataset\NV\ISIC_0033191.jpg,isic_0033191,5,c5985d7ad09256df7da8d003cc681fdf7427ddd70c4a864e34dc372a6b3c0e1b,19601,0
C:\SRS(ISIC_2019)\Dataset\NV\ISIC_0033197.jpg,isic_0033197,5,7631d990dba3b8865580f19f459247558a8a8d03ad810066971fb3e843dbdbe7,19603,0
C:\SRS(ISIC_2019)\Dataset\NV\ISIC_0033219.jpg,isic_0033219,5,77c6bc2aa302bc4e43c275ac7fc2d5d89c509efe4d81a0f783af4917cf0a2677,19612,0
C:\SRS(ISIC_2019)\Dataset\NV\ISIC_0033224.jpg,isic_0033224,5,4143248dae4240e23cfb434ce6f9ddae23b5549713bbcfdf7a1b4677cfe00c70,19617,0
C:\SRS(ISIC_2019)\Dataset\NV\ISIC_0033227.jpg,isic_0033227,5,9b4595c8b56b5bc2f3be9c6bf90cf183ef2888984d1a073cda368451e336401d,19619,0
C:\SRS(ISIC_2019)\Dataset\NV\ISIC_0033281.jpg,isic_0033281,5,e6d34d1de055b31f608f1f68445c78f5593b3c342fb55354df4aa49dab316936,19643,0
C:\SRS(ISIC_2019)\Dataset\NV\ISIC_0033289.jpg,isic_0033289,5,4ede084ddbcb15b3310f61ab946e199b1d7784c91eb74e53fbfd3c8a5eca7ff1,19648,0
C:\SRS(ISIC_2019)\Dataset\NV\ISIC_0033309.jpg,isic_0033309,5,6d8dcb48823f06a5587969dfccf37a5d066cde5b8bbd38a73d487668d280fc11,19659,0
C:\SRS(ISIC_2019)\Dataset\NV\ISIC_0033313.jpg,isic_0033313,5,cd9ea41142c531f305517fe3abd547a321c29203022f6e58261d187d39150420,19661,0
C:\SRS(ISIC_2019)\Dataset\NV\ISIC_0033348.jpg,isic_0033348,5,2e46f3ef630e8c676e57574ba5b1953ad8a766c8ee138145b8e83cfd8c2175a1,19685,0
C:\SRS(ISIC_2019)\Dataset\NV\ISIC_0033357.jpg,isic_0033357,5,9490ede1e70025552e605a8b7685a73cf298d2238feb2901c03a7655af4dbbf3,19692,0
C:\SRS(ISIC_2019)\Dataset\NV\ISIC_0033364.jpg,isic_0033364,5,70712e1d032d97b23b703171db9dbb9aeb00fe2473785397ae464f86d3dea354,19696,0
C:\SRS(ISIC_2019)\Dataset\NV\ISIC_0033376.jpg,isic_0033376,5,feb1698e7de93cf782958397eebf8488b5d414717b5c463e3d77ed3f3aec66e7,19704,0
C:\SRS(ISIC_2019)\Dataset\NV\ISIC_0033417.jpg,isic_0033417,5,1b11ccdcb9290e92487040054f73214b7801f49d03168670a29b77fef5058bc0,19727,0
C:\SRS(ISIC_2019)\Dataset\NV\ISIC_0033420.jpg,isic_0033420,5,2413eedb32f8938ab6a2a3ff2eb29a3009d41db8501dd2267d97f20f5fd6f6e0,19730,0
C:\SRS(ISIC_2019)\Dataset\NV\ISIC_0033423.jpg,isic_0033423,5,bcc3a0af5297e3f81811793df4c2b7e98602086d94eeb01ff940f5a0f12cf86d,19732,0
C:\SRS(ISIC_2019)\Dataset\NV\ISIC_0033425.jpg,isic_0033425,5,44ff13b1d64a90b6a20ebcd14b0d6b662b1d18c2b0480ede24a708757014bad9,19733,0
C:\SRS(ISIC_2019)\Dataset\NV\ISIC_0033435.jpg,isic_0033435,5,4a111e602b026637a47053a4448c205bdb5e1a48bdb5ab205e6aa5b208364931,19738,0
C:\SRS(ISIC_2019)\Dataset\NV\ISIC_0033441.jpg,isic_0033441,5,b077cc80ea9c2554bf79bd6b082bdd7b6077c3d1b4082f757aae1e0eb8e1186e,19741,0
C:\SRS(ISIC_2019)\Dataset\NV\ISIC_0033447.jpg,isic_0033447,5,d354e77143b6df13272925435b1f91d89eee46fc4b968345dbb49b023f412cd9,19745,0
C:\SRS(ISIC_2019)\Dataset\NV\ISIC_0033451.jpg,isic_0033451,5,04894a4f178bd1b35c500521c59fa8608a496a959ad4c53396a1c357684550ed,19747,0
C:\SRS(ISIC_2019)\Dataset\NV\ISIC_0033463.jpg,isic_0033463,5,b743c9b2c04ea69ab1d0ed55eca810451fc55499c9b430a005534fad36021f75,19753,0
C:\SRS(ISIC_2019)\Dataset\NV\ISIC_0033474.jpg,isic_0033474,5,656eb22470d622a40914e3f92ab00bd64b429171b1562ea55da901c8e6784ac6,19758,0
C:\SRS(ISIC_2019)\Dataset\NV\ISIC_0033492.jpg,isic_0033492,5,1f066965cbc93f02620a689519435097a4b78a1246a262fa98effd1c979bcfb6,19764,0
C:\SRS(ISIC_2019)\Dataset\NV\ISIC_0033497.jpg,isic_0033497,5,ed923325b667af61d36b7a81e9d2503bcdcaf99393fc56204f0fd9f56e75dd36,19767,0
C:\SRS(ISIC_2019)\Dataset\NV\ISIC_0033511.jpg,isic_0033511,5,478bb0499e9e84dba32d1c5fcd44c9e22ec1b344cdd25b6f2beed928ff461dea,19774,0
C:\SRS(ISIC_2019)\Dataset\NV\ISIC_0033521.jpg,isic_0033521,5,990faa953c3383937f521f749861b9b007e63d1cf668dab4f9db523d4374550e,19782,0
C:\SRS(ISIC_2019)\Dataset\NV\ISIC_0033540.jpg,isic_0033540,5,18ca620262aa4ae57c7c93f0ee0914a2f4f94d5d7d611c59005c6550abde96c3,19789,0
C:\SRS(ISIC_2019)\Dataset\NV\ISIC_0033544.jpg,isic_0033544,5,eddd9d7fe438ac7e8917eeb18c567ff7f103c33b5a1ef2e2ef3ffc5358fe567c,19793,0
C:\SRS(ISIC_2019)\Dataset\NV\ISIC_0033547.jpg,isic_0033547,5,d090021123ece71824ea6d63590d175fc7bd2aa8d90762949b91a5a17c03579b,19794,0
C:\SRS(ISIC_2019)\Dataset\NV\ISIC_0033556.jpg,isic_0033556,5,92d1a506a1fc0b6b7891bb33abeddfd2211cc69aabafbac6feaa690dc5e0ca51,19799,0
C:\SRS(ISIC_2019)\Dataset\NV\ISIC_0033580.jpg,isic_0033580,5,8996eb790f6301c23558860f81696d31c26b9cf94a7b85b920c268962eca41c6,19810,0
C:\SRS(ISIC_2019)\Dataset\NV\ISIC_0033584.jpg,isic_0033584,5,383b78a14674a435d5886834afd54dea093ade010885626d3bb76b4c535c456f,19811,0
C:\SRS(ISIC_2019)\Dataset\NV\ISIC_0033589.jpg,isic_0033589,5,fb4b900914f60fd4db70d0e0f65ba514daa88123af273407c8cafbad869a01b4,19814,0
C:\SRS(ISIC_2019)\Dataset\NV\ISIC_0033597.jpg,isic_0033597,5,69e598e0120a3ee86008263a5daea15e450bd76ec7bc0870ebaaf5968d80c1a9,19817,0
C:\SRS(ISIC_2019)\Dataset\NV\ISIC_0033600.jpg,isic_0033600,5,53caff14b79229ca154c4357ec77dc8dd038400268c75cfda19265af50611300,19820,0
C:\SRS(ISIC_2019)\Dataset\NV\ISIC_0033614.jpg,isic_0033614,5,b8efc7cc4665e2a0a9914bc788bbf5fe601609bc4543cd3ec197a97bc4628657,19825,0
C:\SRS(ISIC_2019)\Dataset\NV\ISIC_0033623.jpg,isic_0033623,5,4166e2b69448f6cf546b41d4ee4067b201c629cde0898864a0ca81ad80496628,19831,0
C:\SRS(ISIC_2019)\Dataset\NV\ISIC_0033640.jpg,isic_0033640,5,3b11e06d638e1df3e97fc039fe417a3157b52a214cd2e2de073fb4206065cd64,19840,0
C:\SRS(ISIC_2019)\Dataset\NV\ISIC_0033647.jpg,isic_0033647,5,33f7b3749e08b0b37330a63485077a6f12fef6c6899e2dee22ad794b009cb2f6,19843,0
C:\SRS(ISIC_2019)\Dataset\NV\ISIC_0033648.jpg,isic_0033648,5,b7267ee69d288b8e645afde1985e8af67b95ea0780d1e41efbed4780d5df1418,19844,0
C:\SRS(ISIC_2019)\Dataset\NV\ISIC_0033664.jpg,isic_0033664,5,574bdddf24066df8e2c7d2b3239fd86a0fb7b07bc8cc028792a8fc76cb3e751e,19852,0
C:\SRS(ISIC_2019)\Dataset\NV\ISIC_0033686.jpg,isic_0033686,5,1069e46f592e1291cadab7cf85b094a4e49b8c6c180e4f96c0813b4b55837dc0,19865,0
C:\SRS(ISIC_2019)\Dataset\NV\ISIC_0033697.jpg,isic_0033697,5,439c8b268449acde64b2fb854b8c2e2cfa54622533b2bd8f8ec594f401c55071,19871,0
C:\SRS(ISIC_2019)\Dataset\NV\ISIC_0033707.jpg,isic_0033707,5,245e59751540259f0bfbde1746bc71163d88c4b9bac78e3e4525867adf0f742c,19877,0
C:\SRS(ISIC_2019)\Dataset\NV\ISIC_0033726.jpg,isic_0033726,5,e885361ac27c0b3cc52b367c08134e07a958eed556c9919bbb2b256f745c70e3,19887,0
C:\SRS(ISIC_2019)\Dataset\NV\ISIC_0033738.jpg,isic_0033738,5,11646f7f84645120756b37e2e40e52447f59bd48364d7765a194a4dd7ad2b447,19895,0
C:\SRS(ISIC_2019)\Dataset\NV\ISIC_0033742.jpg,isic_0033742,5,2c5764a260b249367a340f1fe596e9fc19f164a77c02474b0427bef120b9e742,19899,0
C:\SRS(ISIC_2019)\Dataset\NV\ISIC_0033755.jpg,isic_0033755,5,0aff13ea4a8c6200aa608bc0da2c6a47582a4f0c2603c6645b734254cf118045,19906,0
C:\SRS(ISIC_2019)\Dataset\NV\ISIC_0033763.jpg,isic_0033763,5,a5c2cb07a7206f4ed7d6b13c29ed0dec6caef660ee7c0d163c6c06c4eeed648c,19911,0
C:\SRS(ISIC_2019)\Dataset\NV\ISIC_0033767.jpg,isic_0033767,5,8acdafbc7d68a1ac0fcbe50f3d96ce33427e9edb93617b148b5e5952a1fd5a70,19915,0
C:\SRS(ISIC_2019)\Dataset\NV\ISIC_0033823.jpg,isic_0033823,5,fe8447a664c5092b9178cf3b1993eb16a31932be88923b0cd81d8a1a213d5218,19945,0
C:\SRS(ISIC_2019)\Dataset\NV\ISIC_0033827.jpg,isic_0033827,5,bc13a95e42df16b6b323599bcee2bd43b9f1f5a7e369a746ec47be65c2a6146e,19949,0
C:\SRS(ISIC_2019)\Dataset\NV\ISIC_0033830.jpg,isic_0033830,5,93c7f7732232f710b71abfe02eaf5b8057fc8c51e2bd4b8423ffdc118faa5fda,19950,0
C:\SRS(ISIC_2019)\Dataset\NV\ISIC_0033836.jpg,isic_0033836,5,adc65282d95e67cd4a329d5a9f010ffe9429e11efe24955248316c769ff20fcc,19954,0
C:\SRS(ISIC_2019)\Dataset\NV\ISIC_0033840.jpg,isic_0033840,5,7eaea172c1f26e210beb4cc8d730f30270947dfa9b9182a0181d11b9e9b0695d,19958,0
C:\SRS(ISIC_2019)\Dataset\NV\ISIC_0033851.jpg,isic_0033851,5,83afb84fede926371bd6a066e35e29d8a56752e76b855e499b432f829c11c02d,19965,0
C:\SRS(ISIC_2019)\Dataset\NV\ISIC_0033858.jpg,isic_0033858,5,9b66c7c4609c8a0fc5a0dac0bb08b9f2bca9c8dfa820d48bf9134f0f2e8e1d9b,19968,0
C:\SRS(ISIC_2019)\Dataset\NV\ISIC_0033870.jpg,isic_0033870,5,5899127407aabf63f69b7997e3b3e9471d1039c98a3e0e70d3e4ee40c60496c5,19974,0
C:\SRS(ISIC_2019)\Dataset\NV\ISIC_0033888.jpg,isic_0033888,5,9a6cd5e2085e32be0e6f5b870e4ca52b85641b8be5d082acc5c257a1de0b92bf,19983,0
C:\SRS(ISIC_2019)\Dataset\NV\ISIC_0033890.jpg,isic_0033890,5,cc106bd572e4028e54bc58d91207ac1143cee8cf9271d0fd66f7f529dcd4d3b9,19985,0
C:\SRS(ISIC_2019)\Dataset\NV\ISIC_0033904.jpg,isic_0033904,5,a84c88399529d5f659345cbb9fe86fc27f6a37ae631bb0486b3812f24e60f9a2,19993,0
C:\SRS(ISIC_2019)\Dataset\NV\ISIC_0033918.jpg,isic_0033918,5,dd6e4ec6e495e5843f0d74118a21c030cf5088250a3c919fe10004b393612e6b,20002,0
C:\SRS(ISIC_2019)\Dataset\NV\ISIC_0033923.jpg,isic_0033923,5,162b395335780a0d11382ec800eabf572196210c5927e82db1952db5beda7712,20007,0
C:\SRS(ISIC_2019)\Dataset\NV\ISIC_0033927.jpg,isic_0033927,5,04b7f04931842e93e4f168f1a3686c42f9499d65ed12c8043ca8acd734f4efd4,20009,0
C:\SRS(ISIC_2019)\Dataset\NV\ISIC_0033932.jpg,isic_0033932,5,ff4c1eb1e3bdc3df59f2fd07691aa03d886f0e03452f973e3e07bc62686a414a,20013,0
C:\SRS(ISIC_2019)\Dataset\NV\ISIC_0033934.jpg,isic_0033934,5,772a5176ce3c15f9377f35ebaa5c751c2b157185f14d7b4a97c8c7fc33b74cc2,20015,0
C:\SRS(ISIC_2019)\Dataset\NV\ISIC_0033940.jpg,isic_0033940,5,6b79d7252883b4c4e397430a5c437658e7739dd515288af9096d58aa7ad417e2,20020,0
C:\SRS(ISIC_2019)\Dataset\NV\ISIC_0033943.jpg,isic_0033943,5,1abaee4b06a5d016fe146bbeeec7c3eff44ead152d98533003145ad14923f07b,20022,0
C:\SRS(ISIC_2019)\Dataset\NV\ISIC_0033944.jpg,isic_0033944,5,d8696977871da586416955a07f6314f6194c02880762bfc1c890388c7da8890d,20023,0
C:\SRS(ISIC_2019)\Dataset\NV\ISIC_0033950.jpg,isic_0033950,5,41fc78937c640716c93ce81696dc67a325d1af5d4342b0a5e5a6d5edb1ce2cf2,20025,0
C:\SRS(ISIC_2019)\Dataset\NV\ISIC_0033951.jpg,isic_0033951,5,3aae3c93dac696f4049e2626169bd05b780a079917c5d104dd11c62a33f56b1a,20026,0
C:\SRS(ISIC_2019)\Dataset\NV\ISIC_0033958.jpg,isic_0033958,5,8122ba45c5a95b0803d5e95d0485643e91430d9723c361606db3aa92ae37b6c4,20029,0
C:\SRS(ISIC_2019)\Dataset\NV\ISIC_0033960.jpg,isic_0033960,5,63e843377f1e997d08c278264e516f332eec62ef2056befac1e203dd8732781e,20031,0
C:\SRS(ISIC_2019)\Dataset\NV\ISIC_0033965.jpg,isic_0033965,5,abe8fe7d3f871e1165364be05f83762ddfbcb0d267735d053290e707ac5cd75c,20035,0
C:\SRS(ISIC_2019)\Dataset\NV\ISIC_0033982.jpg,isic_0033982,5,f66894effaefb05ca98c8e18cd5b07fbeae6ca20227b708dc306a4763e749b6d,20043,0
C:\SRS(ISIC_2019)\Dataset\NV\ISIC_0033989.jpg,isic_0033989,5,6e20a9f250d5c8fc2ab38ddf529a283e25a18940ec8e65f9232cb8c9fae56014,20047,0
C:\SRS(ISIC_2019)\Dataset\NV\ISIC_0033993.jpg,isic_0033993,5,7e685cd256cb213fd47cf62bf8625eef5cde3da8d6468862cbf125fcbb80a8eb,20050,0
C:\SRS(ISIC_2019)\Dataset\NV\ISIC_0034017.jpg,isic_0034017,5,d9bdbaf92674697a4a1c9598900bcec2cf32e5043d2048c214957a6877f1b100,20063,0
C:\SRS(ISIC_2019)\Dataset\NV\ISIC_0034021.jpg,isic_0034021,5,27f5d66ac50fa12b4913ebb319020daec7a116c1136c4d04b89fe028fa17aee5,20067,0
C:\SRS(ISIC_2019)\Dataset\NV\ISIC_0034025.jpg,isic_0034025,5,b9d561fd2ae89766196796bc144d9e8866411b1fdc09599bd1bfccb170ad0e23,20069,0
C:\SRS(ISIC_2019)\Dataset\NV\ISIC_0034042.jpg,isic_0034042,5,fba1769c893043d93e492fd4bbba652f8922d067207043c7f6cf413e22737d27,20079,0
C:\SRS(ISIC_2019)\Dataset\NV\ISIC_0034043.jpg,isic_0034043,5,746c78d772adfe550578651a643b6cadc9ddd7e9e2518cfa4d97deb53fca85ed,20080,0
C:\SRS(ISIC_2019)\Dataset\NV\ISIC_0034054.jpg,isic_0034054,5,343c4263003b1429deff80962a396581db4aae7c1f0e7ef02d45ab8d47b68949,20084,0
C:\SRS(ISIC_2019)\Dataset\NV\ISIC_0034069.jpg,isic_0034069,5,7143024f81cb91ee15e8dd7a06c14206b1c2588185426bd4eaf2dca1e2cf000a,20090,0
C:\SRS(ISIC_2019)\Dataset\NV\ISIC_0034072.jpg,isic_0034072,5,89b307fe330d866e1cfff6b7be7656b47e2646ba502a3a864e70fe7667779441,20091,0
C:\SRS(ISIC_2019)\Dataset\NV\ISIC_0034078.jpg,isic_0034078,5,2304b3e33e2a5a6bfdfd5d56bc5630e2fa3b5ec902bd2554cdbf3385cc3e9541,20095,0
C:\SRS(ISIC_2019)\Dataset\NV\ISIC_0034088.jpg,isic_0034088,5,8879eb8c02f66506299fc5b29057821a6f1f0d00275de49670a9ee8cf09ed290,20103,0
C:\SRS(ISIC_2019)\Dataset\NV\ISIC_0034098.jpg,isic_0034098,5,863e66c7aea7a45f82c98f0e495070afd72eefb17efdad228ff60b2e3304dd49,20108,0
C:\SRS(ISIC_2019)\Dataset\NV\ISIC_0034124.jpg,isic_0034124,5,501c7e0e91931f16792d0e14dfc000a39e2ae506496ce0a5796c4d8e5d6540a8,20121,0
C:\SRS(ISIC_2019)\Dataset\NV\ISIC_0034136.jpg,isic_0034136,5,d5fa23ce2baf5764cdddc0f60f5ebd99a32976ae7ee1bd02d3f3fe04f084e402,20128,0
C:\SRS(ISIC_2019)\Dataset\NV\ISIC_0034152.jpg,isic_0034152,5,812cbc5c0e7926c9f2910d5a1d0a3075ba4f90b8a54790ede73683d6a1e9dbb6,20137,0
C:\SRS(ISIC_2019)\Dataset\NV\ISIC_0034156.jpg,isic_0034156,5,f3a4fa3eb0600ccb5bf1d40eb8e0da7c821e44eb3e721cdbfb55efd34c27bd83,20140,0
C:\SRS(ISIC_2019)\Dataset\NV\ISIC_0034181.jpg,isic_0034181,5,09bab2c3dd454e5af6c906c00d5bae891ac04ad2a55d142e6ac7cefecc67e09d,20152,0
C:\SRS(ISIC_2019)\Dataset\NV\ISIC_0034182.jpg,isic_0034182,5,f98861cb573ad8ea04f99eeffa53df37049d0e0ef0d7e1e403e36c6a8c0509aa,20153,0
C:\SRS(ISIC_2019)\Dataset\NV\ISIC_0034187.jpg,isic_0034187,5,f75790dc8afb6b4a3d0e360b4e22586d5ef459926121aae375b067e3c7f71450,20156,0
C:\SRS(ISIC_2019)\Dataset\NV\ISIC_0034192.jpg,isic_0034192,5,0660aba3e7f5cd4a662fe97c5d0aa01b6d693fae7d66af183a16265432c00088,20159,0
C:\SRS(ISIC_2019)\Dataset\NV\ISIC_0034203.jpg,isic_0034203,5,92f745329cccf98661cccaf67080dda27a2396b2eb9994c630f26ec638ac7f20,20166,0
C:\SRS(ISIC_2019)\Dataset\NV\ISIC_0034204.jpg,isic_0034204,5,59caad638c78ab53c04bbbc46457607eee70270ee3aa9b85c3cb9b1ee62fec56,20167,0
C:\SRS(ISIC_2019)\Dataset\NV\ISIC_0034217.jpg,isic_0034217,5,f5538cf5db6fd2ace2f875ae84906463d82e76559e51fdfae104ce0611bbcd8e,20175,0
C:\SRS(ISIC_2019)\Dataset\NV\ISIC_0034227.jpg,isic_0034227,5,745ecb736f84f54c6fe5e73601219a158936ed89fd9ca980a17cfa13e66586cc,20181,0
C:\SRS(ISIC_2019)\Dataset\NV\ISIC_0034254.jpg,isic_0034254,5,0114772ff1d6849f1a50d8bd05a0e563b7a60ab25de6950bdf43debc57728515,20199,0
C:\SRS(ISIC_2019)\Dataset\NV\ISIC_0034257.jpg,isic_0034257,5,71a14e50433bee7f8956697e3f5bb59b86eb820d23022e0e27e4428bb604e5cd,20200,0
C:\SRS(ISIC_2019)\Dataset\NV\ISIC_0034258.jpg,isic_0034258,5,479cc7bb36fcd806b75ddd7d7794fb5599d5498bad496bbd89a83433e0585fd4,20201,0
C:\SRS(ISIC_2019)\Dataset\NV\ISIC_0034260.jpg,isic_0034260,5,c9104afecb42527f864dead6b4fb761c5114bfac3f92cec922d2f4c893aa788f,20202,0
C:\SRS(ISIC_2019)\Dataset\NV\ISIC_0034266.jpg,isic_0034266,5,604625f04616c93f5577b486a0aa317f7068a65a716d5613ced26351e2d67c48,20206,0
C:\SRS(ISIC_2019)\Dataset\NV\ISIC_0034267.jpg,isic_0034267,5,400e29e785a26682294e8470bc2e412bd1876f7ae318a656bed1fe2c8f32dad4,20207,0
C:\SRS(ISIC_2019)\Dataset\NV\ISIC_0034268.jpg,isic_0034268,5,696d042db848437b75e0d1ee84bb5f7e714b9e8738078e58477c1945d2b0e616,20208,0
C:\SRS(ISIC_2019)\Dataset\NV\ISIC_0034272.jpg,isic_0034272,5,14118b30a3ca6713ed530d28ea130816b4742b8730a83a22b4b5452cbad646f7,20211,0
C:\SRS(ISIC_2019)\Dataset\NV\ISIC_0034277.jpg,isic_0034277,5,1d703e2dd90967a31b306cfd5d3e25d4c341b3fb2e638abc247ba541bb19c5dc,20214,0
C:\SRS(ISIC_2019)\Dataset\NV\ISIC_0034282.jpg,isic_0034282,5,acbd0a95e5d32671f2b449913063d117482c7828d2fcbb86d67bb8dfa1aaefd6,20218,0
C:\SRS(ISIC_2019)\Dataset\NV\ISIC_0053464.jpg,isic_0053464,5,4ce6aca2e883bf267573fa42c95229e8ec6e7f014ffd2c70707c909a34fb0941,20243,0
C:\SRS(ISIC_2019)\Dataset\NV\ISIC_0053466.jpg,isic_0053466,5,c8c44b447d2d8c5ae1f6621eb21f834be2294e65c719bc868445843ef575743c,20244,0
C:\SRS(ISIC_2019)\Dataset\NV\ISIC_0053493.jpg,isic_0053493,5,3bc7f1e9999adaf31c75d50a198905e05b93691bf4efb135dd65be9d85d414ab,20246,0
C:\SRS(ISIC_2019)\Dataset\NV\ISIC_0053505.jpg,isic_0053505,5,1efda0f0826978692d4e26212bbdb21b157805444b0337e2ed93da7a5afed2e5,20248,0
C:\SRS(ISIC_2019)\Dataset\NV\ISIC_0053539.jpg,isic_0053539,5,ddbd7588d8779573df97458f97dda7c384d8893f2d78d8609d552915117260ae,20253,0
C:\SRS(ISIC_2019)\Dataset\NV\ISIC_0053556.jpg,isic_0053556,5,34d816072fe2ceeb5d0b93db52eab496930fab543d8918b6c661bfec47eb0a2f,20258,0
C:\SRS(ISIC_2019)\Dataset\NV\ISIC_0053572.jpg,isic_0053572,5,c8ac63358ad03420fb29f3de36a56b48d7078141f23e43a2464a0db8327b2896,20261,0
C:\SRS(ISIC_2019)\Dataset\NV\ISIC_0053596.jpg,isic_0053596,5,fad755d7a99c63d773cef12b635f0d5bafef9a9d4f5257439d608b22730d816f,20267,0
C:\SRS(ISIC_2019)\Dataset\NV\ISIC_0053630.jpg,isic_0053630,5,e5034a7162ca5a60563b8d032185b41ea4b3811ad8a3a370556a6fccae22e2f5,20272,0
C:\SRS(ISIC_2019)\Dataset\NV\ISIC_0053665.jpg,isic_0053665,5,c33b5a8dbb80b39723b375e6a294bfbe3d8fea1572078df85eb99c07d8658ab7,20283,0
C:\SRS(ISIC_2019)\Dataset\NV\ISIC_0053677.jpg,isic_0053677,5,0a27dd1d8f66f8cbe61abda7f773ae9e493d336b8249757c521fff99e026abfb,20287,0
C:\SRS(ISIC_2019)\Dataset\NV\ISIC_0053681.jpg,isic_0053681,5,87bfc2e61038183a038de2d24933ffe865e34b78a6047af2e44147571ff96ece,20288,0
C:\SRS(ISIC_2019)\Dataset\NV\ISIC_0053752.jpg,isic_0053752,5,18bf19e27cc836a6f5aefb0a1dbf2229a7d4bcbb31ef6d202d080ebf125ade6a,20301,0
C:\SRS(ISIC_2019)\Dataset\NV\ISIC_0053753.jpg,isic_0053753,5,ec4c80746696ac36cc91ed6c3e2c766affb6430be09a257709f897c800dd3874,20302,0
C:\SRS(ISIC_2019)\Dataset\NV\ISIC_0053754.jpg,isic_0053754,5,8f003131bdf813960623fe3ce15eafb691ede83f022b65538a36331a7d242a4c,20303,0
C:\SRS(ISIC_2019)\Dataset\NV\ISIC_0053759.jpg,isic_0053759,5,c8362855331f61b61bf7ffc877e7f5a847fc9911aa4f7982c890beb3e8753463,20306,0
C:\SRS(ISIC_2019)\Dataset\NV\ISIC_0053783.jpg,isic_0053783,5,31850981fa206bf3d67a65b4e663a8b33135170850aadf523adff70d167384f6,20309,0
C:\SRS(ISIC_2019)\Dataset\NV\ISIC_0053797.jpg,isic_0053797,5,ec536c64947a9a57f509da47a8fd3101932e6a43ef26d595b69d3d1280c9a91c,20312,0
C:\SRS(ISIC_2019)\Dataset\NV\ISIC_0053811.jpg,isic_0053811,5,086545351e91a0b4b58b5db6ba333eaff7e11e8fb3d488797f79cccf4477d112,20315,0
C:\SRS(ISIC_2019)\Dataset\NV\ISIC_0053871.jpg,isic_0053871,5,a9d2d2ba0d0b5dacc49f111435a46de17fd6afe35dcc2206809d67991fbc9a87,20325,0
C:\SRS(ISIC_2019)\Dataset\NV\ISIC_0053896.jpg,isic_0053896,5,8ec3547056a396197cc9a9faca480f20ff5f26f7a052fd0a61fa861147482a2e,20334,0
C:\SRS(ISIC_2019)\Dataset\NV\ISIC_0053915.jpg,isic_0053915,5,40800020096616c0e32c55d351c410c1f1fa5bc2b78430a427ed90c8f45dd008,20335,0
C:\SRS(ISIC_2019)\Dataset\NV\ISIC_0053929.jpg,isic_0053929,5,dc35fd8d9df6f423dd50065dd879241a226edf184b7c5bc6ebb44f7ce859a8e3,20339,0
C:\SRS(ISIC_2019)\Dataset\NV\ISIC_0053982.jpg,isic_0053982,5,cbd5a9febf881dca0f9d7bbf914b6f782f998ef5a93298317cbe94ceb54dc8ff,20348,0
C:\SRS(ISIC_2019)\Dataset\NV\ISIC_0053983.jpg,isic_0053983,5,a8c3e72386f0cc42a6b3f6a6c4f041b9f2e4e3c346ffbaf7a51d5894b27b721f,20349,0
C:\SRS(ISIC_2019)\Dataset\NV\ISIC_0054044.jpg,isic_0054044,5,49934c30c3b04c95291077247034fbe57703a672f7057c73360561690f8f55b6,20359,0
C:\SRS(ISIC_2019)\Dataset\NV\ISIC_0054066.jpg,isic_0054066,5,661625a14603b6134411e5bf66c84a58c6c800b8c60481df2796c4775bd9fe79,20364,0
C:\SRS(ISIC_2019)\Dataset\NV\ISIC_0054100.jpg,isic_0054100,5,6dab7cdcb58d449fdbdc1e8d341e4ae70e541e7d3260928ad967b62692e616bd,20369,0
C:\SRS(ISIC_2019)\Dataset\NV\ISIC_0054104.jpg,isic_0054104,5,9e015f318d2b8395ed6854a54560a1cd9f927732627068e91e4ee4a5a0ac7206,20370,0
C:\SRS(ISIC_2019)\Dataset\NV\ISIC_0054221.jpg,isic_0054221,5,00b5eba96fff9239a7f7557f18ad967d5a6de32a20fe4f9a0cbd0fe1dddae0d3,20390,0
C:\SRS(ISIC_2019)\Dataset\NV\ISIC_0054258.jpg,isic_0054258,5,362d27090a4defb352b7dd13b81c0c395a218e476daa0b8db119b4f2779899c3,20395,0
C:\SRS(ISIC_2019)\Dataset\NV\ISIC_0054273.jpg,isic_0054273,5,d6f6577523a96902806779a3892993f09896740a7cc8b75d2fd2b3e8de844f30,20399,0
C:\SRS(ISIC_2019)\Dataset\NV\ISIC_0054280.jpg,isic_0054280,5,4a454f243ed68af10bb3ca7b89b46bcbf1171c65a50e0c24942a3b6d70acd3b3,20402,0
C:\SRS(ISIC_2019)\Dataset\NV\ISIC_0054281.jpg,isic_0054281,5,4b451b1c1143c00fd0ab8985abd075586d200a5bab8bd9299bc06e99933c5570,20403,0
C:\SRS(ISIC_2019)\Dataset\NV\ISIC_0054298.jpg,isic_0054298,5,b78ae0cd79b3b4f6ff43d436ffab2e283223b8175133a79850c76879d4e2fc3a,20406,0
C:\SRS(ISIC_2019)\Dataset\NV\ISIC_0054330.jpg,isic_0054330,5,ab2565d878c4aeb9bb3fcc1ee07b5f9a194f07b92299e2bc751ec16e4f4463d2,20415,0
C:\SRS(ISIC_2019)\Dataset\NV\ISIC_0054407.jpg,isic_0054407,5,68ce7d5c117e1b4cc6a24f8f7b6b1857edda8eabee09593e87a26cb81d1ba6ae,20431,0
C:\SRS(ISIC_2019)\Dataset\NV\ISIC_0054418.jpg,isic_0054418,5,d24e561e7c83ec09df22196cc24745daf85f18b1829d792f2d545f416ca74edb,20434,0
C:\SRS(ISIC_2019)\Dataset\NV\ISIC_0054475.jpg,isic_0054475,5,a39af8be563903119332dbf1e85040c0d909c82ec80dfc9192ef353244622150,20442,0
C:\SRS(ISIC_2019)\Dataset\NV\ISIC_0054502.jpg,isic_0054502,5,11a39624ef56ca5efaa1843112a14f5b5581f09f1b86544a1e01c68efc164c8d,20451,0
C:\SRS(ISIC_2019)\Dataset\NV\ISIC_0054508.jpg,isic_0054508,5,cdb178827729e2ebe8b9c52e0506d74ff5c2c5326b533911439555aa78359b08,20452,0
C:\SRS(ISIC_2019)\Dataset\NV\ISIC_0054509.jpg,isic_0054509,5,23eb85acbc2d3c168c71b5f6140d0a417034f049a8c8e70c5a442f5f0f9aa300,20453,0
C:\SRS(ISIC_2019)\Dataset\NV\ISIC_0054565.jpg,isic_0054565,5,7703831e021ce5f549eb309ca109267ae23b1fa98bb025010aa10cef3bacf773,20466,0
C:\SRS(ISIC_2019)\Dataset\NV\ISIC_0054600.jpg,isic_0054600,5,e190d4c97326ff57e7da681b755c46e9b5e3e5b9d2b03b4e13a7a2d146085d55,20477,0
C:\SRS(ISIC_2019)\Dataset\NV\ISIC_0054622.jpg,isic_0054622,5,645e4894bfc128b6b14ab70f56562c588cf2fdada8a8023efd35ee02a57a27a3,20480,0
C:\SRS(ISIC_2019)\Dataset\NV\ISIC_0054631.jpg,isic_0054631,5,982b53c82792a84c16e068cd5d8cb0a440173adac3bee74d2268c6f525d50c38,20481,0
C:\SRS(ISIC_2019)\Dataset\NV\ISIC_0054655.jpg,isic_0054655,5,bec813ed6dbcdde73dceb529fd4e4924adb013c4b2179da871afc5eda72bec76,20487,0
C:\SRS(ISIC_2019)\Dataset\NV\ISIC_0054669.jpg,isic_0054669,5,5de80ac225ac2ad15ea635f24de1d07498b08b9d9e6fca8376de2e494ac5a809,20489,0
C:\SRS(ISIC_2019)\Dataset\NV\ISIC_0054683.jpg,isic_0054683,5,1619c7aa1a8891c4b268b709159ab014823cb4167876aa4ab3dfa127f271ca5d,20493,0
C:\SRS(ISIC_2019)\Dataset\NV\ISIC_0054711.jpg,isic_0054711,5,92d50d4e67d78315f28d72e1fb6501b885b12766a345a44eb15d5324cf3d1207,20502,0
C:\SRS(ISIC_2019)\Dataset\NV\ISIC_0054758.jpg,isic_0054758,5,9a650a0c81fa0b460cc1e6dc7d900f28bfe21fdba82abaeffb457d1281683a90,20513,0
C:\SRS(ISIC_2019)\Dataset\NV\ISIC_0054783.jpg,isic_0054783,5,bb361ad1069d3dcf033f11b3c02f2175680b0d5549e641932c631e61792eb089,20517,0
C:\SRS(ISIC_2019)\Dataset\NV\ISIC_0054800.jpg,isic_0054800,5,94c2bd9ebb9a6c5e48e48202e5e0e1726fd9cca94faef33f17f6838a328ccb0f,20521,0
C:\SRS(ISIC_2019)\Dataset\NV\ISIC_0054901.jpg,isic_0054901,5,7b3f42db53783188caa1bc5413fb39c87137436c8684059813300e1c2098e5e6,20541,0
C:\SRS(ISIC_2019)\Dataset\NV\ISIC_0055044.jpg,isic_0055044,5,3092508d4403934475c0a21379dc2c478b1b560d4ed395244d9dce57e812c309,20565,0
C:\SRS(ISIC_2019)\Dataset\NV\ISIC_0055047.jpg,isic_0055047,5,88a4cc6c0d7d40675b66c6fe868b81c01760acfb42111b8842ef8f157f7d6e92,20566,0
C:\SRS(ISIC_2019)\Dataset\NV\ISIC_0055057.jpg,isic_0055057,5,548b92efd7f747188385c7f8b93b6dd9a591bd25410f32ac9bae2c512b109881,20568,0
C:\SRS(ISIC_2019)\Dataset\NV\ISIC_0055061.jpg,isic_0055061,5,2e877ae2732aaee1ee2fe0418e6d946ef5c38291e22fb87851ba2061ee52d6fb,20569,0
C:\SRS(ISIC_2019)\Dataset\NV\ISIC_0055125.jpg,isic_0055125,5,7f914580eb39a124404c715483aff35e26ef5bb293b279a70034a85d98597074,20581,0
C:\SRS(ISIC_2019)\Dataset\NV\ISIC_0055132.jpg,isic_0055132,5,34f6af02a61d9dc1ffd884a323c0d0e1bfbc382e157539e33075a2a46c71041c,20583,0
C:\SRS(ISIC_2019)\Dataset\NV\ISIC_0055155.jpg,isic_0055155,5,3726f1f202f536b72b1e44a434acb1a714bb7957c19961fda3c339886bccf3d7,20587,0
C:\SRS(ISIC_2019)\Dataset\NV\ISIC_0055186.jpg,isic_0055186,5,f74015be6a54d0733f5f6f36bd2871504ae18cb7d7d0888cb8c14f66194b8580,20590,0
C:\SRS(ISIC_2019)\Dataset\NV\ISIC_0055188.jpg,isic_0055188,5,7f899daf370a57d7bd6e01e3ae738edb269de9eb8dae541fa9ec11a496ec7fb8,20592,0
C:\SRS(ISIC_2019)\Dataset\NV\ISIC_0055198.jpg,isic_0055198,5,5f7747fe54b12c0eb40a84ed0cbecb8f76cfa766f47bfc3e190fc8db27217893,20594,0
C:\SRS(ISIC_2019)\Dataset\NV\ISIC_0055214.jpg,isic_0055214,5,c6a20a4cea3e6bd8b3659b84186ae02a13b2c0eb73ba2852e68f381cc5a4a425,20596,0
C:\SRS(ISIC_2019)\Dataset\NV\ISIC_0055222.jpg,isic_0055222,5,9bf9993d6bdb6334e3b24fbdf7371054ef1adb04fa905cd454e4cc557969dfb3,20597,0
C:\SRS(ISIC_2019)\Dataset\NV\ISIC_0055263.jpg,isic_0055263,5,61624fdb82cedcc7d896f50ce5bbdc6e8c828b2e70648acf5c26f460cb8c555b,20604,0
C:\SRS(ISIC_2019)\Dataset\NV\ISIC_0055388.jpg,isic_0055388,5,a191885c900c588bfec9e1490eec3b025aed9026655e46581748f0a4b42fa648,20632,0
C:\SRS(ISIC_2019)\Dataset\NV\ISIC_0055406.jpg,isic_0055406,5,891dfe0162972936c744c7e8345b663a3e989b2f6ecc9a8ab13b729499869495,20634,0
C:\SRS(ISIC_2019)\Dataset\NV\ISIC_0055407.jpg,isic_0055407,5,69b62b80756c85fdc4e00f1de2ac8e1b36051b4cf154bc10433509dd4253607d,20635,0
C:\SRS(ISIC_2019)\Dataset\NV\ISIC_0055420.jpg,isic_0055420,5,5c5ee47109e4170cbe98edfa2a1c8f2dbb426054e535c83eee4022bdbdc861d8,20639,0
C:\SRS(ISIC_2019)\Dataset\NV\ISIC_0055437.jpg,isic_0055437,5,28d95f1893527c5119418a7849f53d33560dd9bcf4c75470f0503ce323774e1a,20643,0
C:\SRS(ISIC_2019)\Dataset\NV\ISIC_0055443.jpg,isic_0055443,5,e2b5f137dfa1b7b141a0a2af25bc861fe93e609d837fdbb64ea507435c0f2a86,20645,0
C:\SRS(ISIC_2019)\Dataset\NV\ISIC_0055499.jpg,isic_0055499,5,3d75e60be30681c4d7d1d6d986fe0b192838d5f7e90e342a4162061a7d92fe82,20654,0
C:\SRS(ISIC_2019)\Dataset\NV\ISIC_0055534.jpg,isic_0055534,5,e2df4f5faf18a1abfb62adc8632cfa927756c24d8600389827b3815937efdcc9,20661,0
C:\SRS(ISIC_2019)\Dataset\NV\ISIC_0055541.jpg,isic_0055541,5,75b9aaa714dc4a6b437372a410fa678c148887c2ceb868209fe489e2dcac93b7,20664,0
C:\SRS(ISIC_2019)\Dataset\NV\ISIC_0055548.jpg,isic_0055548,5,2541a367e2d288be8507174f9cc1ea9db8437735c8b292494ebbccd2cf08393d,20665,0
C:\SRS(ISIC_2019)\Dataset\NV\ISIC_0055592.jpg,isic_0055592,5,867380b52c4decdfb7a9d65d8a94187ff3277ce495a312562e54334e7468543e,20675,0
C:\SRS(ISIC_2019)\Dataset\NV\ISIC_0055599.jpg,isic_0055599,5,caea0ed8ff8520bed1cf41c49998c35824ec2c807307cc058bb8b8f1a94e5de4,20676,0
C:\SRS(ISIC_2019)\Dataset\NV\ISIC_0055630.jpg,isic_0055630,5,d73d36ef7cde4ce8320431e007b3b650d2b3dce3fbbd44eb6f9a8e7eff7d7971,20685,0
C:\SRS(ISIC_2019)\Dataset\NV\ISIC_0055698.jpg,isic_0055698,5,0af09def2d2b9406d6ee1b3a67a6b85e83208a925ed10d5f65ac48303e954cc7,20699,0
C:\SRS(ISIC_2019)\Dataset\NV\ISIC_0055727.jpg,isic_0055727,5,6a282baf59f7efec46d7ef67dbccafd1d087094bce146ed075e60211750410a7,20707,0
C:\SRS(ISIC_2019)\Dataset\NV\ISIC_0055737.jpg,isic_0055737,5,97a3097bbac816349dfef0a70b8085e7dbcdb209ef301a78fb04ab7a28936de9,20709,0
C:\SRS(ISIC_2019)\Dataset\NV\ISIC_0055805.jpg,isic_0055805,5,a03faa2ce1d4dfb325e9aa7a4d926bc38452009ec1de81e31b5c8e4d3763f44c,20718,0
C:\SRS(ISIC_2019)\Dataset\NV\ISIC_0055833.jpg,isic_0055833,5,7120acde8fcdec0984230c14e390d02e18c59a4e32cfdbb8e6579fc12a5716ea,20722,0
C:\SRS(ISIC_2019)\Dataset\NV\ISIC_0055835.jpg,isic_0055835,5,1949e607a44bcfd77039c0e429139b209ff9f790e4821e3e3c478c171605def4,20723,0
C:\SRS(ISIC_2019)\Dataset\NV\ISIC_0055851.jpg,isic_0055851,5,9ca26cc0af84020ec10f8fc3c15e0f5c57fd5c01e195568f60667484b9050d6f,20725,0
C:\SRS(ISIC_2019)\Dataset\NV\ISIC_0055868.jpg,isic_0055868,5,8a56f686691e1368818cf59da4585412ccf5856f397610293e895193d25aada7,20732,0
C:\SRS(ISIC_2019)\Dataset\NV\ISIC_0055885.jpg,isic_0055885,5,d8b7e960a72cbfcdf129e8a32d7899037901d8ab19f95e49ffe82e45bb527863,20736,0
C:\SRS(ISIC_2019)\Dataset\NV\ISIC_0055910.jpg,isic_0055910,5,c9d3a66664207660371f036b37f603a38b68375a51e962fa8858af7e2e5779be,20741,0
C:\SRS(ISIC_2019)\Dataset\NV\ISIC_0055927.jpg,isic_0055927,5,8b513f17911d8ef7b8f76a2a6bdebbb65b5280d22e9f02a55acc50afbd246d02,20746,0
C:\SRS(ISIC_2019)\Dataset\NV\ISIC_0055981.jpg,isic_0055981,5,d2ff14c57167edf10a30da5852f03931b2a94b599a9c97f60acab965fab9d01d,20755,0
C:\SRS(ISIC_2019)\Dataset\NV\ISIC_0056009.jpg,isic_0056009,5,de05d153d824d2d4a5def397f6e5777e0c642ce523b5c0fb06edf43f14a8d48a,20763,0
C:\SRS(ISIC_2019)\Dataset\NV\ISIC_0056022.jpg,isic_0056022,5,48cf394d64472000f898ec06a88be1f86716d06adf404f4a5c555144380265e8,20765,0
C:\SRS(ISIC_2019)\Dataset\NV\ISIC_0056067.jpg,isic_0056067,5,699ba47513213af381cf9f6677abb463e2ae3650be08e0da463763ee5349f4c9,20774,0
C:\SRS(ISIC_2019)\Dataset\NV\ISIC_0056116.jpg,isic_0056116,5,55d7250bdc0a3b766061cf329b70ab2d69cd6bb0630113cbad6601904cb7b97b,20784,0
C:\SRS(ISIC_2019)\Dataset\NV\ISIC_0056117.jpg,isic_0056117,5,9e9f3bcbd6bfa329e5dc1573a1d51c7cd8c230159c49bd4d149380bebefc6d7c,20785,0
C:\SRS(ISIC_2019)\Dataset\NV\ISIC_0056203.jpg,isic_0056203,5,8261b30302292dbe3ffbec5b43f3ceaf53c9f7949e405e14aaa5293c2fb16a73,20797,0
C:\SRS(ISIC_2019)\Dataset\NV\ISIC_0056237.jpg,isic_0056237,5,71a755ec66126faf451bd0c686b5eb31ac6c78654f1a9b32f6b7fd3e34411a53,20800,0
C:\SRS(ISIC_2019)\Dataset\NV\ISIC_0056239.jpg,isic_0056239,5,0f8ceaf1dc3a50c1a6cd25a143c4ed93eaf593bd1af0c674c1a10e2bd5d21325,20801,0
C:\SRS(ISIC_2019)\Dataset\NV\ISIC_0056253.jpg,isic_0056253,5,44fad74eccdafd917bc44cbfa604b20169b6a2833a7bb45cc59865bc61d79d65,20803,0
C:\SRS(ISIC_2019)\Dataset\NV\ISIC_0056257.jpg,isic_0056257,5,b370f3f1ffdb5af2fc42afd0a92c3c49c29d0a25fcdb47e865522e3f9238018f,20805,0
C:\SRS(ISIC_2019)\Dataset\NV\ISIC_0056266.jpg,isic_0056266,5,3f31296290f81aaeedccfa1253b5d436fd0fe946b363107eadb8371d799c4c28,20807,0
C:\SRS(ISIC_2019)\Dataset\NV\ISIC_0056275.jpg,isic_0056275,5,24bf806e787f17e88c214236b493c14d1457252f02291756d2941b3e8553ad63,20810,0
C:\SRS(ISIC_2019)\Dataset\NV\ISIC_0056276.jpg,isic_0056276,5,2d6d082eb4b9e37e660939f120653af8ca91d53483d639d731ccc04b57e00751,20811,0
C:\SRS(ISIC_2019)\Dataset\NV\ISIC_0056316.jpg,isic_0056316,5,d2208696dcdee0546c2832e2b7a4168e817f7dd1ee42abf08a50a9dff83614dc,20821,0
C:\SRS(ISIC_2019)\Dataset\NV\ISIC_0056354.jpg,isic_0056354,5,2d38d388183d1e22491f2aef705a3278518d859c2e27b603c17d0877aa8d4cbe,20835,0
C:\SRS(ISIC_2019)\Dataset\NV\ISIC_0056359.jpg,isic_0056359,5,ca6c0a85e0158d4720e581a52a8cad32eb7226db081e1b472e2d129ef3c7cd55,20838,0
C:\SRS(ISIC_2019)\Dataset\NV\ISIC_0056370.jpg,isic_0056370,5,3e5dac7c5400dac2c1f6d873786373fb12d137c862972462214948c1e02ce766,20840,0
C:\SRS(ISIC_2019)\Dataset\NV\ISIC_0056380.jpg,isic_0056380,5,07a4b28eadea3b9d73d6b25acad8c16c9c7e73710970c316cb49bdbd751ed212,20842,0
C:\SRS(ISIC_2019)\Dataset\NV\ISIC_0056404.jpg,isic_0056404,5,e4a532e3bddb5b11c292737ceea9c215c909ded732b6712f16f19834ea903224,20847,0
C:\SRS(ISIC_2019)\Dataset\NV\ISIC_0056444.jpg,isic_0056444,5,3c94363b826e54cd1140e85cf3d73f3069b49a3922a68f0a632e7588555392dc,20856,0
C:\SRS(ISIC_2019)\Dataset\NV\ISIC_0056455.jpg,isic_0056455,5,971ae2f74603e7de00f9e985624e07e7a8f33c06381afddcc55126d2f64b9a15,20859,0
C:\SRS(ISIC_2019)\Dataset\NV\ISIC_0056461.jpg,isic_0056461,5,538ef90c8508e07dd6334f07c68cdaa59670b1ac38d346b03ebdb048ad5a20f5,20862,0
C:\SRS(ISIC_2019)\Dataset\NV\ISIC_0056480.jpg,isic_0056480,5,8f4c03941d75aed0547b9e3093bff2a3423bc9332e22dfa7f898197846b409fd,20868,0
C:\SRS(ISIC_2019)\Dataset\NV\ISIC_0056506.jpg,isic_0056506,5,081f15651d3289b17d485c3a089d9e0ba1102909079b1cfb65b95164fd735481,20871,0
C:\SRS(ISIC_2019)\Dataset\NV\ISIC_0056518.jpg,isic_0056518,5,87975a9f331c25f278b0906d7771fd0f9cc9fbbc7d5e912fd18d72372eb23e16,20875,0
C:\SRS(ISIC_2019)\Dataset\NV\ISIC_0056528.jpg,isic_0056528,5,8a73fb061222d9d2a4e3865673efaad9c1d5b68334c0dc14d9604db634420e05,20876,0
C:\SRS(ISIC_2019)\Dataset\NV\ISIC_0056577.jpg,isic_0056577,5,0a5e0fcee599e4405e9eaa9a7532d101afaf72f60167d1beae79fe6d8de1e52a,20890,0
C:\SRS(ISIC_2019)\Dataset\NV\ISIC_0056639.jpg,isic_0056639,5,7347940235b97f9248186a02483d3eb6a9a7b904de348a4dc867f1bb59fa3fcf,20902,0
C:\SRS(ISIC_2019)\Dataset\NV\ISIC_0056705.jpg,isic_0056705,5,d69200628a0e2dc90f3615ea0155ab246ffd43e8ffdbe8e244738110dabf1df6,20916,0
C:\SRS(ISIC_2019)\Dataset\NV\ISIC_0056708.jpg,isic_0056708,5,b0d1beabe59d4010dbf63e92e3e0196277778d15fb0c32d5038362882c78d765,20919,0
C:\SRS(ISIC_2019)\Dataset\NV\ISIC_0056761.jpg,isic_0056761,5,eeea815ac320e47527b9a261b5ff218f3192a201a6e543989c99379488d64422,20927,0
C:\SRS(ISIC_2019)\Dataset\NV\ISIC_0056765.jpg,isic_0056765,5,26f4301e3fc3a6f6c65adb7ddb0271d21a97c85c0fbc8d54b81ee4aa83472c06,20928,0
C:\SRS(ISIC_2019)\Dataset\NV\ISIC_0056805.jpg,isic_0056805,5,d72addfca44501f77b190e4ce5e32567ef48ac366fb109f57b2281882c999f71,20936,0
C:\SRS(ISIC_2019)\Dataset\NV\ISIC_0056807.jpg,isic_0056807,5,bd5df74dd8d942dc75dbcf79440d8d9fdb4391b8d85fe2e4551875921840b209,20937,0
C:\SRS(ISIC_2019)\Dataset\NV\ISIC_0056825.jpg,isic_0056825,5,89c565d7b56a6bb75da46c344d96c7aa6bfeb8390ae35db2df14d9c4672d19ef,20944,0
C:\SRS(ISIC_2019)\Dataset\NV\ISIC_0056878.jpg,isic_0056878,5,c89e2352065edf85dcf855843c7ee059a5afb22e0958b5cba216ab3918252765,20958,0
C:\SRS(ISIC_2019)\Dataset\NV\ISIC_0056881.jpg,isic_0056881,5,86cc828c4e1b912a91d4273331328e7c08b0f1a3c48a77f116d9f5edc95a9118,20960,0
C:\SRS(ISIC_2019)\Dataset\NV\ISIC_0056884.jpg,isic_0056884,5,a3506b9c8656b84e6957fc00de4f8b2393a959230de90f6e311778b1d85b3a66,20961,0
C:\SRS(ISIC_2019)\Dataset\NV\ISIC_0056930.jpg,isic_0056930,5,9fd63fa0608029855dcf1700bc02ec885bca0fe8103a79a5e2236c426152a596,20968,0
C:\SRS(ISIC_2019)\Dataset\NV\ISIC_0056968.jpg,isic_0056968,5,740947fe5f9ad10e61aebb38e94c4048518974dfc7dce901f70351c84a27d085,20976,0
C:\SRS(ISIC_2019)\Dataset\NV\ISIC_0057011.jpg,isic_0057011,5,d79a267e289f3db51757c4bad14eb8790b8df6d2fdf4aa23dc66fc11abe65cc0,20986,0
C:\SRS(ISIC_2019)\Dataset\NV\ISIC_0057059.jpg,isic_0057059,5,1f12d116b70ade59f2f200861ca24b4abbc9c1c460c4f6f13d202c047806be03,20996,0
C:\SRS(ISIC_2019)\Dataset\NV\ISIC_0057076.jpg,isic_0057076,5,7a364f8b6a8834916f12d3886cbf1876caefb173f3eacc5f6135302ee14cc7c0,21001,0
C:\SRS(ISIC_2019)\Dataset\NV\ISIC_0057092.jpg,isic_0057092,5,a3f2cd130bd0dc3828298593f3b67e6bf57cd39daac0fe0d7edcf6c836b42940,21002,0
C:\SRS(ISIC_2019)\Dataset\NV\ISIC_0057102.jpg,isic_0057102,5,a47a01a73183814a5f1bfccfc922404785ec6292ecfcfa8f25c27b3970db1933,21006,0
C:\SRS(ISIC_2019)\Dataset\NV\ISIC_0057133.jpg,isic_0057133,5,e42cab29edf779dc0a27783d6f5d6bcdb8f152c558323a3d6f8f6503e479b50b,21009,0
C:\SRS(ISIC_2019)\Dataset\NV\ISIC_0057134.jpg,isic_0057134,5,ccffac7396c887469239bc13a434777e9d2818c4d0417d39de9d384502b921da,21010,0
C:\SRS(ISIC_2019)\Dataset\NV\ISIC_0057165.jpg,isic_0057165,5,4ae00dc36ea11f304e0520e08ae5ba816b2bdcd22438f36cfd9a1aa07c0e9ae3,21018,0
C:\SRS(ISIC_2019)\Dataset\NV\ISIC_0057174.jpg,isic_0057174,5,e2b84c413fff13c3ada3311c6d5b67cf2feedd8107340c1731f873b65646c037,21021,0
C:\SRS(ISIC_2019)\Dataset\NV\ISIC_0057178.jpg,isic_0057178,5,a989bf2da43128538864a4f1dac68f5f1026889cae721e9baf91f5786af37172,21022,0
C:\SRS(ISIC_2019)\Dataset\NV\ISIC_0057183.jpg,isic_0057183,5,4c922034d9a0b5f483ece9d37086f1d6b61cde45b2bc369277ce9cc2ea6f5abd,21023,0
C:\SRS(ISIC_2019)\Dataset\NV\ISIC_0057230.jpg,isic_0057230,5,0e3e4ffd5a84ee8101e95196664ec597db52b0361b6d2423fd2e219802dc45f3,21033,0
C:\SRS(ISIC_2019)\Dataset\NV\ISIC_0057241.jpg,isic_0057241,5,fe3566ca3eded17a19fb7e1052e44036191cf5ce755de9e2f62dcb235e46caeb,21036,0
C:\SRS(ISIC_2019)\Dataset\NV\ISIC_0057259.jpg,isic_0057259,5,ac225076d01352e60c8646f184a958ba14a9d9619159e821725d1181c16d7514,21040,0
C:\SRS(ISIC_2019)\Dataset\NV\ISIC_0057277.jpg,isic_0057277,5,e1bdc173cb2d2bad516639a312bacd37755f31ea7fda222883692f8dd2e01c93,21043,0
C:\SRS(ISIC_2019)\Dataset\NV\ISIC_0057287.jpg,isic_0057287,5,6087c9308459e0373b14f25e731113ba776e8978925fa9f15e0b24f0ce7e434f,21045,0
C:\SRS(ISIC_2019)\Dataset\NV\ISIC_0057296.jpg,isic_0057296,5,8d8a0f61a4a56079137b05f5cc3c59f2da526fec6b5eb3de23839ca1f20d459d,21046,0
C:\SRS(ISIC_2019)\Dataset\NV\ISIC_0057342.jpg,isic_0057342,5,f059bcf310f4ac958a4d96ae26e6093d326e3ace885aa148cc88e3cfad01b41b,21054,0
C:\SRS(ISIC_2019)\Dataset\NV\ISIC_0057354.jpg,isic_0057354,5,90bdd9a395b31c6d1fcbcd6b372770127d82c3941dcee84a6c52e30c4ebdb259,21055,0
C:\SRS(ISIC_2019)\Dataset\NV\ISIC_0057364.jpg,isic_0057364,5,60cf14ec5cc258ecc07a17652ec68ee1e109c38233f7fdbb704d5d6c7dc621e7,21056,0
C:\SRS(ISIC_2019)\Dataset\NV\ISIC_0057365.jpg,isic_0057365,5,a04fe0bcce3a02a4942ae5fb9156fa68e70baaa2af9c19f43bf1b76eb0987f05,21057,0
C:\SRS(ISIC_2019)\Dataset\NV\ISIC_0057394.jpg,isic_0057394,5,c382a586fd9ef7eabee5510c9e7f57bf7db11627c682729998f27981d97ff3fe,21065,0
C:\SRS(ISIC_2019)\Dataset\NV\ISIC_0057495.jpg,isic_0057495,5,7446a72d3b3212b0980f34f8980900b3f8a56a6732fbef1630f3fc64150a3f7c,21087,0
C:\SRS(ISIC_2019)\Dataset\NV\ISIC_0057529.jpg,isic_0057529,5,4b5e1ee8a208f69b432ff38b26798fd8cacfd60c6fc21d34f67279ff2bd03c70,21095,0
C:\SRS(ISIC_2019)\Dataset\NV\ISIC_0057578.jpg,isic_0057578,5,e23e2ac9ec9ee3ea8ddd1f5192ac52241e3742ed7aca3b946c5738f016d93d41,21101,0
C:\SRS(ISIC_2019)\Dataset\NV\ISIC_0057641.jpg,isic_0057641,5,cb8e31b7b2dbb4ac38923f9adfd44ce65d511f014b8e9565ab983b8cc28c0251,21110,0
C:\SRS(ISIC_2019)\Dataset\NV\ISIC_0057660.jpg,isic_0057660,5,d9629ebcbebec1e290154b24a1738f4d57ca360a928ae1ac2b3569ce1f8966d6,21114,0
C:\SRS(ISIC_2019)\Dataset\NV\ISIC_0057693.jpg,isic_0057693,5,0d17344e79501b6eb653fdb8ffb6c271ba52910f6205a544ecd98c1bc0c07e58,21120,0
C:\SRS(ISIC_2019)\Dataset\NV\ISIC_0057694.jpg,isic_0057694,5,e5ea23f6f83d5813d4a20eb11f0468c57f23af9a80734c8fffd0f0e1d0e0f594,21121,0
C:\SRS(ISIC_2019)\Dataset\NV\ISIC_0057743.jpg,isic_0057743,5,82d8d0fea74528b11e74e4662bdc8b8fa513ced680765f68fce5fc85be86d837,21130,0
C:\SRS(ISIC_2019)\Dataset\NV\ISIC_0057797.jpg,isic_0057797,5,1e4dfeb816134677a9b9d29eb9f545093d381628f4b0180925b730b2749bd337,21142,0
C:\SRS(ISIC_2019)\Dataset\NV\ISIC_0057814.jpg,isic_0057814,5,a93f46fcfd26eb80880802fb9d96e178c107a07b6379740fe6b317dbdd0a5c7d,21146,0
C:\SRS(ISIC_2019)\Dataset\NV\ISIC_0057862.jpg,isic_0057862,5,215785d3212773cb95c5c59a399b454a18b1210e7d7a9aa6405e862a35365237,21157,0
C:\SRS(ISIC_2019)\Dataset\NV\ISIC_0057892.jpg,isic_0057892,5,ebf48540f25b3b4e840e188b8dc5e33a4a9ea5b0fb52b6bf036204a64ddb7db8,21166,0
C:\SRS(ISIC_2019)\Dataset\NV\ISIC_0057950.jpg,isic_0057950,5,274855b07da0a3a2c75c6da98443de2d00b990283fa5ec3815bb81567580c37e,21179,0
C:\SRS(ISIC_2019)\Dataset\NV\ISIC_0057959.jpg,isic_0057959,5,994c5dd17da070f5a9b7ee96900cc757af666e1fa2f2a6ce56187965a6430554,21180,0
C:\SRS(ISIC_2019)\Dataset\NV\ISIC_0057975.jpg,isic_0057975,5,f530c0e6347bae02340e4bb4b39b81c5145ea234dfee438e86d50b0cbae057cd,21185,0
C:\SRS(ISIC_2019)\Dataset\NV\ISIC_0058030.jpg,isic_0058030,5,1eb2b95ff2355fec367fb27ceb2453ce376508d28ee27af1e7cf0b15961d19b3,21192,0
C:\SRS(ISIC_2019)\Dataset\NV\ISIC_0058035.jpg,isic_0058035,5,fcda1fc71f6592561c39f7e5b26e0306489741e07da4b244384a99391989c67d,21193,0
C:\SRS(ISIC_2019)\Dataset\NV\ISIC_0058070.jpg,isic_0058070,5,13fd2b064b0f0f9e56b2dbbaa72e1c7adf059d1484a91cfc773a2ac243eacde3,21198,0
C:\SRS(ISIC_2019)\Dataset\NV\ISIC_0058072.jpg,isic_0058072,5,32b8b6d2c793ff752ebded55361e824bad7852c673df2f552209e1aaa2b3d527,21200,0
C:\SRS(ISIC_2019)\Dataset\NV\ISIC_0058139.jpg,isic_0058139,5,5a1767f5125d51ac338c39b86bd5c9203a76f4881f1fdc8751aee4a490935d5b,21214,0
C:\SRS(ISIC_2019)\Dataset\NV\ISIC_0058146.jpg,isic_0058146,5,95cbfd8aaff735d204ac7b563a3324b69b6320ee0d67b380001fd0a74fbc6f97,21217,0
C:\SRS(ISIC_2019)\Dataset\NV\ISIC_0058166.jpg,isic_0058166,5,8ba40dae62facbd836c512814f9befdab52f6e6a3f1027221180d7b2a578b875,21224,0
C:\SRS(ISIC_2019)\Dataset\NV\ISIC_0058171.jpg,isic_0058171,5,a2d98b1d3880077c556194fb5c02e8b0161e0fdfcd03384117b644af4dfd9e4e,21225,0
C:\SRS(ISIC_2019)\Dataset\NV\ISIC_0058199.jpg,isic_0058199,5,1aa04073c1516488d0847a1b57cc1b6fb72ed95991176763b1ad020dbd294a2e,21234,0
C:\SRS(ISIC_2019)\Dataset\NV\ISIC_0058210.jpg,isic_0058210,5,13057629c3ecb0b3899d2845232a62bcece48fe23bb1fe442c343759b36dc820,21236,0
C:\SRS(ISIC_2019)\Dataset\NV\ISIC_0058228.jpg,isic_0058228,5,7b62650925b63dac3e382d221248fb8ec4a599c14c017ff692aa34c0254a68ab,21239,0
C:\SRS(ISIC_2019)\Dataset\NV\ISIC_0058233.jpg,isic_0058233,5,82b8af8b72f8119271fa4c70b38f47fee8f1a5bdb1278bf185017df5382a8428,21241,0
C:\SRS(ISIC_2019)\Dataset\NV\ISIC_0058236.jpg,isic_0058236,5,90c876c4f95510a9a137180829a276ffebdb01f724ec575a5e63332799829f59,21242,0
C:\SRS(ISIC_2019)\Dataset\NV\ISIC_0058262.jpg,isic_0058262,5,a8e95214072cfe1a38f4795f81db7c6ff36ada03c6ca580220b5cc77fc9f2237,21245,0
C:\SRS(ISIC_2019)\Dataset\NV\ISIC_0058395.jpg,isic_0058395,5,82de069bef312a8847b3a2ab697ebf507edbed44030a24a043b8a9ae160b6bd2,21264,0
C:\SRS(ISIC_2019)\Dataset\NV\ISIC_0058429.jpg,isic_0058429,5,a8cfa0091aeba1abdf37f93df63cb780fbc4ecf07fd9b1eddd4da7527fedfba3,21269,0
C:\SRS(ISIC_2019)\Dataset\NV\ISIC_0058481.jpg,isic_0058481,5,f8f8dbf411d140f3abc32c81fb9f57d436026723117673dc3160f7bb5991b3c7,21277,0
C:\SRS(ISIC_2019)\Dataset\NV\ISIC_0058486.jpg,isic_0058486,5,300286989bd9d7b84c82a7edfb19c133a4c4fccb24dab68e1d6226f56a46bda0,21278,0
C:\SRS(ISIC_2019)\Dataset\NV\ISIC_0058533.jpg,isic_0058533,5,f0d5879e9ca01953a537336433bd52b55892e10c6f400b1ac8387bca6ea42380,21290,0
C:\SRS(ISIC_2019)\Dataset\NV\ISIC_0058570.jpg,isic_0058570,5,321f06a6def2577b8144f35b4478bf1f1261d630186932323529d4b0be4c68e4,21296,0
C:\SRS(ISIC_2019)\Dataset\NV\ISIC_0058594.jpg,isic_0058594,5,4093ea864035398e4e1237c6cd7465bb78057885aad443d425fc70f565648f94,21303,0
C:\SRS(ISIC_2019)\Dataset\NV\ISIC_0058604.jpg,isic_0058604,5,99867bc218a7e45e1fe26e4e503c0f2b647b159414ac91dc8eb5f3b1fc232be9,21306,0
C:\SRS(ISIC_2019)\Dataset\NV\ISIC_0058641.jpg,isic_0058641,5,9a7570102a8be88bee1bc0ea3697b52926690a2368fd3f14be409a0d6c31bbc8,21314,0
C:\SRS(ISIC_2019)\Dataset\NV\ISIC_0058661.jpg,isic_0058661,5,5fb5c373f47d9187ac3f81f64f07308f1a43b01f15ed027f60d341fba5ea69f5,21319,0
C:\SRS(ISIC_2019)\Dataset\NV\ISIC_0058712.jpg,isic_0058712,5,5f5ce351d22f6ba4f4403afbee46deaa234f36e760d0f1ba34120f3e6ef98fd8,21330,0
C:\SRS(ISIC_2019)\Dataset\NV\ISIC_0058747.jpg,isic_0058747,5,2dbf2b432ffb5e590d1a656548f770bc9e4a3928f2bfb897cf183b4dacbbac82,21339,0
C:\SRS(ISIC_2019)\Dataset\NV\ISIC_0058752.jpg,isic_0058752,5,4e0c41b884a618c78ec9aefa28eed850cd17088f86fe37d57dce58cd8936d484,21340,0
C:\SRS(ISIC_2019)\Dataset\NV\ISIC_0058759.jpg,isic_0058759,5,fefb4339290a865000be8153673b28bf0c15ca6421ca95617f2886852ade04f7,21342,0
C:\SRS(ISIC_2019)\Dataset\NV\ISIC_0058812.jpg,isic_0058812,5,4d976ee09fe3471a33ef989e164478e00f4328a13e9c5a565248adf214a82e0b,21354,0
C:\SRS(ISIC_2019)\Dataset\NV\ISIC_0058814.jpg,isic_0058814,5,016cc183e14758045eceb47495e66181e6a232a3951ccdcdbda2d0470d305b38,21356,0
C:\SRS(ISIC_2019)\Dataset\NV\ISIC_0058823.jpg,isic_0058823,5,e2b82c3d14147c9792f356ac25ac35187ae025941d0cade2f125af06e56bdf29,21359,0
C:\SRS(ISIC_2019)\Dataset\NV\ISIC_0058891.jpg,isic_0058891,5,512072bd0802754cc9f9d6ebfd56483914f8795d7d76b7403c3b938b8930d94f,21375,0
C:\SRS(ISIC_2019)\Dataset\NV\ISIC_0058946.jpg,isic_0058946,5,32daa3bd05bb1fc7cf2a90ec4241953d47d891e162df5394d3b708a8f39b842a,21385,0
C:\SRS(ISIC_2019)\Dataset\NV\ISIC_0058950.jpg,isic_0058950,5,e1a18707a6e441780105de7b2239b342db925b89401032d815c9a7bfe8a06839,21386,0
C:\SRS(ISIC_2019)\Dataset\NV\ISIC_0058952.jpg,isic_0058952,5,8e052d9b87ab4f3ecaa6cca120608e23d725a7ad4c8f79797d6634d19f971e97,21387,0
C:\SRS(ISIC_2019)\Dataset\NV\ISIC_0058976.jpg,isic_0058976,5,319ca0b5614cf9ac9b94644c11b97bfad0839d2afe7ecd4bada8737e89294d11,21391,0
C:\SRS(ISIC_2019)\Dataset\NV\ISIC_0058982.jpg,isic_0058982,5,d0db148e812d64bbfb439a470a51cd146bc811f1daabbe5d50ddf10d7ed9d13d,21394,0
C:\SRS(ISIC_2019)\Dataset\NV\ISIC_0058993.jpg,isic_0058993,5,7f403972df451024d033bf359437d2c645f2958b87f28d445edabcda2d861ca4,21395,0
C:\SRS(ISIC_2019)\Dataset\NV\ISIC_0059062.jpg,isic_0059062,5,a3bc53ab72cac4e1ff445ce903765f31c627f6f564d5f914f45a9d8fa152f03a,21410,0
C:\SRS(ISIC_2019)\Dataset\NV\ISIC_0059112.jpg,isic_0059112,5,6c4f10b5442f0d93161a2173bf3c3bce2e86b1ee2e81245196e886790b8f8f82,21417,0
C:\SRS(ISIC_2019)\Dataset\NV\ISIC_0059122.jpg,isic_0059122,5,804cb1804744ffca45d649accdef8ee0970fe572c804a1bcddc881dd4c1623c8,21419,0
C:\SRS(ISIC_2019)\Dataset\NV\ISIC_0059167.jpg,isic_0059167,5,3260297fed56ed1e4b021d3720c78d0b7b6e1e422cde59d12f6bf93bc2dd88c3,21427,0
C:\SRS(ISIC_2019)\Dataset\NV\ISIC_0059187.jpg,isic_0059187,5,e04e2008211aa9d2776105de4537dfcc8e096d470af8209ff87c79576df5deed,21430,0
C:\SRS(ISIC_2019)\Dataset\NV\ISIC_0059228.jpg,isic_0059228,5,1f60f49123ce33bd04c332537e2a13652818c62e4f7981153468838721c0523f,21438,0
C:\SRS(ISIC_2019)\Dataset\NV\ISIC_0059276.jpg,isic_0059276,5,aaedbc1bd80870479450fd588967b3b628737c1d61648030590fa81ac87ed475,21449,0
C:\SRS(ISIC_2019)\Dataset\NV\ISIC_0059300.jpg,isic_0059300,5,34270e44ed59799d6acc36cbfd72cb24264f207796fd18fdaf8d2a53cff73073,21456,0
C:\SRS(ISIC_2019)\Dataset\NV\ISIC_0059326.jpg,isic_0059326,5,8171df0317a30d79b10460317c889540bc852d0a09ba6b2aba2e49e51edbb883,21462,0
C:\SRS(ISIC_2019)\Dataset\NV\ISIC_0059373.jpg,isic_0059373,5,f50479cf201134fa0df179b6b9c77afeb609a9c5bb5304cdabaa4d241e496025,21473,0
C:\SRS(ISIC_2019)\Dataset\NV\ISIC_0059392.jpg,isic_0059392,5,16bba88f2ffab61090bade277c512196e5a974c82363353a3f3398fe07a0f11a,21480,0
C:\SRS(ISIC_2019)\Dataset\NV\ISIC_0059407.jpg,isic_0059407,5,9a9494ebcdfa04a8e2221b1f3a8c02dce9e266202c9b47ea5954b05476523990,21483,0
C:\SRS(ISIC_2019)\Dataset\NV\ISIC_0059432.jpg,isic_0059432,5,a9770fbf8008ae4536a87d53ae0254d85a509f52f3f63862142fabb343dfd855,21488,0
C:\SRS(ISIC_2019)\Dataset\NV\ISIC_0059434.jpg,isic_0059434,5,9778f67ca0940b81ea6b619458f4241328f668880c52e348b6d47a97a82d145e,21489,0
C:\SRS(ISIC_2019)\Dataset\NV\ISIC_0059467.jpg,isic_0059467,5,af97a8362ddbe45223fddac59debf4caf33c52116151fcb901a3850879953ff7,21498,0
C:\SRS(ISIC_2019)\Dataset\NV\ISIC_0059468.jpg,isic_0059468,5,1d6495fd39581bdbe713c62e7ab431951dc0319058a97d647534af32fd3a08c4,21499,0
C:\SRS(ISIC_2019)\Dataset\NV\ISIC_0059485.jpg,isic_0059485,5,1764eca75035b71afb216fda552f7dfd99d217e3458d5ad097f67c164b6f00da,21503,0
C:\SRS(ISIC_2019)\Dataset\NV\ISIC_0059527.jpg,isic_0059527,5,1cbb030647b6bec6565c901a5ad2d80cabeaa4e97e2a3a9e9d2100366e0f1b1c,21510,0
C:\SRS(ISIC_2019)\Dataset\NV\ISIC_0059539.jpg,isic_0059539,5,7b57ce913b77e39a0fc497f3adcdaa1183218ed3f98f405d4224b42569a76ea5,21515,0
C:\SRS(ISIC_2019)\Dataset\NV\ISIC_0059558.jpg,isic_0059558,5,c2fb265f50278031d098f95c515d7bb4aecdba8e72f916450aeeba59617f01e1,21518,0
C:\SRS(ISIC_2019)\Dataset\NV\ISIC_0059567.jpg,isic_0059567,5,e07265ce7320940c1e82f627374ee10aa19472ddc1baa653f42901d7b9b89690,21520,0
C:\SRS(ISIC_2019)\Dataset\NV\ISIC_0059580.jpg,isic_0059580,5,b9c12f9cd531a497f27b6297cdb73ffe040a3acbe68d920b8939b7057f09ec20,21522,0
C:\SRS(ISIC_2019)\Dataset\NV\ISIC_0059614.jpg,isic_0059614,5,a317e3da798eb2bb96075627be5962266048da7d549126bab5193fcb030a4d12,21528,0
C:\SRS(ISIC_2019)\Dataset\NV\ISIC_0059685.jpg,isic_0059685,5,a3be8c9d1077619d6ace6a62cb790dea47027d96756cbec4a9ba10a0dfb94f71,21544,0
C:\SRS(ISIC_2019)\Dataset\NV\ISIC_0059701.jpg,isic_0059701,5,98ca46361d9a0f762560a77a315f674f27c9c9509fcebaec6f43ecae49d81f60,21549,0
C:\SRS(ISIC_2019)\Dataset\NV\ISIC_0059713.jpg,isic_0059713,5,fc732db28c7cdc79112aef1f6c34a09a142af14f715f228dd25ae896a8bbd68b,21553,0
C:\SRS(ISIC_2019)\Dataset\NV\ISIC_0059718.jpg,isic_0059718,5,c33b45d6561c099715238affc2f6f0073af3d496d18726ceeb1a01ec06d94257,21556,0
C:\SRS(ISIC_2019)\Dataset\NV\ISIC_0059737.jpg,isic_0059737,5,407875528e10356f2cbe860a820bbdc9d01fd4f719fe765473b6cb9859182a06,21562,0
C:\SRS(ISIC_2019)\Dataset\NV\ISIC_0059756.jpg,isic_0059756,5,9b876212ccb5ed92be8e0610af2ad64068eb5009eb41a3b23d886f1af81245ff,21567,0
C:\SRS(ISIC_2019)\Dataset\NV\ISIC_0059769.jpg,isic_0059769,5,9848a5b8e1f05fd41348507039bdbdeca23b09c84e299b56106cd3d3776dc614,21570,0
C:\SRS(ISIC_2019)\Dataset\NV\ISIC_0059783.jpg,isic_0059783,5,b9b1149a62cba6dcd93d4c4696fc2306c7adb034f9d4841b2728c108bf50db22,21573,0
C:\SRS(ISIC_2019)\Dataset\NV\ISIC_0059796.jpg,isic_0059796,5,32045828646e251980366e5aa16e1dd7f11f70867cec21cebae48cd977ede42d,21575,0
C:\SRS(ISIC_2019)\Dataset\NV\ISIC_0059805.jpg,isic_0059805,5,4d259fdfbd08d3c3a857d4f5178aa92da3046c350fd5de2392bd8799a3f7d7b3,21578,0
C:\SRS(ISIC_2019)\Dataset\NV\ISIC_0059864.jpg,isic_0059864,5,424ff27fed407b211d3d994a0a55bc79c22970ac8caabafd07347cce4e1ee078,21588,0
C:\SRS(ISIC_2019)\Dataset\NV\ISIC_0059913.jpg,isic_0059913,5,1c625e74a0e64ad6d124e4ef0a2a0d74f682244f13968d6354a9e9a974f0f76f,21595,0
C:\SRS(ISIC_2019)\Dataset\NV\ISIC_0059923.jpg,isic_0059923,5,9d4604e991f3d71b8157295a222c2f4279deeff0b89fc8de83fb8f8b37126fa8,21598,0
C:\SRS(ISIC_2019)\Dataset\NV\ISIC_0059925.jpg,isic_0059925,5,a1b34ba06e51bb7d37378b457a7191aca12daa951185f92acfe5daa11a9499c4,21599,0
C:\SRS(ISIC_2019)\Dataset\NV\ISIC_0059933.jpg,isic_0059933,5,abc4e19acbb2f1869662d3eb7d02dcbd5dba29ef1e20582fcbc63af58ba95de8,21600,0
C:\SRS(ISIC_2019)\Dataset\NV\ISIC_0059938.jpg,isic_0059938,5,00eb2be253933c8e9531734433a9bf623c1f4e8cc9aa88e94f48c5dac9507f4e,21602,0
C:\SRS(ISIC_2019)\Dataset\NV\ISIC_0060001.jpg,isic_0060001,5,b659d1814940f9e60cd5b74a08c70b8597247a017c5326f9ee91ed62031a20a9,21614,0
C:\SRS(ISIC_2019)\Dataset\NV\ISIC_0060030.jpg,isic_0060030,5,1bdff1498ad97e2a6128eb0d2f7da0d1c99aec3f17d9f70e4851a437711b1eb5,21619,0
C:\SRS(ISIC_2019)\Dataset\NV\ISIC_0060038.jpg,isic_0060038,5,72f60188eb77e7dea08652e252a9d7f89b95af4c1349ba6799001e21d72f620a,21622,0
C:\SRS(ISIC_2019)\Dataset\NV\ISIC_0060085.jpg,isic_0060085,5,bc619f714d3ee06e179f0664a281096263433f3957fea0d0e14bea63975ed5bb,21635,0
C:\SRS(ISIC_2019)\Dataset\NV\ISIC_0060111.jpg,isic_0060111,5,56426ab216ed7b35dac4a05b4ddfff328b55fa6344c0646486f1216a546e8384,21640,0
C:\SRS(ISIC_2019)\Dataset\NV\ISIC_0060124.jpg,isic_0060124,5,c9a229c20bceef69eec11b95ea908ca925c52c36c195885d75ae651f72ad16da,21641,0
C:\SRS(ISIC_2019)\Dataset\NV\ISIC_0060130.jpg,isic_0060130,5,30da829b62d4bcbb1ab072029954f55b30e1cef9db93f3bdf45d57bcca966056,21642,0
C:\SRS(ISIC_2019)\Dataset\NV\ISIC_0060170.jpg,isic_0060170,5,04d005878e3b887ccd50ad665161aca7570a7c783cb0f226bab595689f988bea,21649,0
C:\SRS(ISIC_2019)\Dataset\NV\ISIC_0060188.jpg,isic_0060188,5,230f9166616166c8c9e94d852f794ca795e0555238b32d1ee887d712002dcbf7,21653,0
C:\SRS(ISIC_2019)\Dataset\NV\ISIC_0060251.jpg,isic_0060251,5,6a45425120708eef7fb5e2f07071ed6ae694f7dcc43a042544c92a74f45c20ba,21661,0
C:\SRS(ISIC_2019)\Dataset\NV\ISIC_0060287.jpg,isic_0060287,5,82127700c73cb90d46fe3760febc1a71f64da1e76a870f366fdbb36768798e3e,21672,0
C:\SRS(ISIC_2019)\Dataset\NV\ISIC_0060289.jpg,isic_0060289,5,7edaf651025816dcc061e62e9602826c704148781969462e23d0f9a0690d9caa,21673,0
C:\SRS(ISIC_2019)\Dataset\NV\ISIC_0060321.jpg,isic_0060321,5,98560d1c7c6d9eda6d39802a36506d8ece202c47b79d2f202d3a9decb6089aa6,21680,0
C:\SRS(ISIC_2019)\Dataset\NV\ISIC_0060330.jpg,isic_0060330,5,5a8a7c88f0c8e732af59678eb5c8822f63c69232c11e8c256c64179ef001ba22,21684,0
C:\SRS(ISIC_2019)\Dataset\NV\ISIC_0060351.jpg,isic_0060351,5,3ba2993b2a2325f69230bfb020a591426d25ae1dee058297b3df048bc5c1e574,21686,0
C:\SRS(ISIC_2019)\Dataset\NV\ISIC_0060360.jpg,isic_0060360,5,d46fb5d02bc66e2ca38b9b2050b753df14b4a71482a6b9658bd22fbf024a1f41,21689,0
C:\SRS(ISIC_2019)\Dataset\NV\ISIC_0060371.jpg,isic_0060371,5,74abe552c939b04adc61f807c5d1b55bb638ccd609e53d9882df0582974d66dd,21690,0
C:\SRS(ISIC_2019)\Dataset\NV\ISIC_0060419.jpg,isic_0060419,5,e1363c47aee1d3a9c3dffa86bc97dff5b15b775fb6beb257692b6f29d75de5a7,21696,0
C:\SRS(ISIC_2019)\Dataset\NV\ISIC_0060501.jpg,isic_0060501,5,feab6a70713f82a1f3fe80c05be8bb6f7edfcfd4ea14bef8003ed12ed790f848,21720,0
C:\SRS(ISIC_2019)\Dataset\NV\ISIC_0060516.jpg,isic_0060516,5,715499cff97e788878a4e0450f596e9d2463fecc80220ca2c464c196f619bca8,21724,0
C:\SRS(ISIC_2019)\Dataset\NV\ISIC_0060536.jpg,isic_0060536,5,f84a1bda2c8a09ef309c6263d0d174fcfc8aff8f31260956f7fb0340f5ac1ca7,21730,0
C:\SRS(ISIC_2019)\Dataset\NV\ISIC_0060539.jpg,isic_0060539,5,f4e390a701120c98d8655e567f876010603fc009c7ca7ab36f45f113d572c73a,21731,0
C:\SRS(ISIC_2019)\Dataset\NV\ISIC_0060543.jpg,isic_0060543,5,58fe8a5eef2497935d0a060849a3a8c477ed46617c6424fcca513274319ea744,21732,0
C:\SRS(ISIC_2019)\Dataset\NV\ISIC_0060544.jpg,isic_0060544,5,afd171b53f7399345371c4d5f26a72cb997716dd4bbddbbef1c4a8aa812c97fe,21733,0
C:\SRS(ISIC_2019)\Dataset\NV\ISIC_0060581.jpg,isic_0060581,5,5d156601ee15fee21c94fe62cfe8b0f388c02cca6488f9aef04d6d85ee9156a1,21739,0
C:\SRS(ISIC_2019)\Dataset\NV\ISIC_0060628.jpg,isic_0060628,5,174184dd52a586863eea1e4d7eb6b66953caa1305446f8e096621758248c072b,21748,0
C:\SRS(ISIC_2019)\Dataset\NV\ISIC_0060632.jpg,isic_0060632,5,f8514ed898001a575613074bcd2ff042545b813192df90bcc61accb9f6dee0ea,21749,0
C:\SRS(ISIC_2019)\Dataset\NV\ISIC_0060633.jpg,isic_0060633,5,9c85defdddeaf7c816c9669ca7613b7899e1761f90d598f48114973e7eb59b10,21750,0
C:\SRS(ISIC_2019)\Dataset\NV\ISIC_0060666.jpg,isic_0060666,5,e7eafe2d714f4851017339fe197a4794be441a10836f7ae3d880509fa0956abf,21755,0
C:\SRS(ISIC_2019)\Dataset\NV\ISIC_0060707.jpg,isic_0060707,5,6a17fd421fc7034eb019e0190fa463ebb29b0446e6ec056340a57eabf0753c26,21762,0
C:\SRS(ISIC_2019)\Dataset\NV\ISIC_0060716.jpg,isic_0060716,5,9215f92faf86f914b3b50fe8480ae15b592ad97ae1768a4db51379b4a718a85f,21764,0
C:\SRS(ISIC_2019)\Dataset\NV\ISIC_0060719.jpg,isic_0060719,5,1487d70b35eeb9c9998842567d4e19b7a761937d7319efd679ef9eed70da6ce0,21765,0
C:\SRS(ISIC_2019)\Dataset\NV\ISIC_0060739.jpg,isic_0060739,5,7720d1c05f163ce75fb9ee3a916b5604be072ad23753c50593e676295ed048f6,21769,0
C:\SRS(ISIC_2019)\Dataset\NV\ISIC_0060742.jpg,isic_0060742,5,d7d2184feaad3933cf1da97ec0254c1da9fec13a74d3eb8f171ceb1b4ed009de,21770,0
C:\SRS(ISIC_2019)\Dataset\NV\ISIC_0060746.jpg,isic_0060746,5,ce8993017e4daeff14e1c4eeabdaf1a04d83f2cd701b85c4f9327e8084e1d2f5,21772,0
C:\SRS(ISIC_2019)\Dataset\NV\ISIC_0060768.jpg,isic_0060768,5,c9e5ddecc6255f3cca218f9a741c5ec1602047dc28296602dc0937c9e90d0c3d,21775,0
C:\SRS(ISIC_2019)\Dataset\NV\ISIC_0060781.jpg,isic_0060781,5,1fd0555e90973089d7cd4768572b950b4a0106b24571d2f40cde8f14fc6085f0,21777,0
C:\SRS(ISIC_2019)\Dataset\NV\ISIC_0060862.jpg,isic_0060862,5,570d933a0750550e17dc571c115524dbc315e766b8de96bbb136302bfdcc8e7e,21792,0
C:\SRS(ISIC_2019)\Dataset\NV\ISIC_0060887.jpg,isic_0060887,5,b6dcbb66b0f7c30e9a2baaffc50bee56458f6c0f98702f8d12698cb8dfe04e14,21799,0
C:\SRS(ISIC_2019)\Dataset\NV\ISIC_0060930.jpg,isic_0060930,5,b612651a7d14162a536750163c1602f1839a895caf8982a9ca8bfaf941562627,21807,0
C:\SRS(ISIC_2019)\Dataset\NV\ISIC_0060943.jpg,isic_0060943,5,2fb52d2d2280f2e3de5fb7be92975e99ad79513603cf10eaf3766bf7afa83eba,21810,0
C:\SRS(ISIC_2019)\Dataset\NV\ISIC_0060951.jpg,isic_0060951,5,62d8c56d51c3819e35a96b0af690b1dfae65f5afacaa90da582d96e1b71e43d3,21813,0
C:\SRS(ISIC_2019)\Dataset\NV\ISIC_0060982.jpg,isic_0060982,5,53471a2051afc461169ea8e1031112b660c79d8b19fe4d0217fc148c9f2714b9,21819,0
C:\SRS(ISIC_2019)\Dataset\NV\ISIC_0061058.jpg,isic_0061058,5,247993bfb1381dd6cc7958ecd78098817e08297957b37f2b47725cea42b4db01,21829,0
C:\SRS(ISIC_2019)\Dataset\NV\ISIC_0061061.jpg,isic_0061061,5,f938c5485e0c5acee497249c764a48e11a5d35cab8bb15723fd8a4cc0e20e456,21830,0
C:\SRS(ISIC_2019)\Dataset\NV\ISIC_0061082.jpg,isic_0061082,5,edd0d2f2f48f20b886e14971da457dd24c109c6ed1735acc578f02f498d7f567,21832,0
C:\SRS(ISIC_2019)\Dataset\NV\ISIC_0061115.jpg,isic_0061115,5,b6e1c03572268586b87df9cf8773e0a2d4452709b346d39604c74e5e2e9d7cb4,21837,0
C:\SRS(ISIC_2019)\Dataset\NV\ISIC_0061126.jpg,isic_0061126,5,74b8217c5481633e07ca7259b11ef33cdd815b2a06a6023988ff0c6d374ac2d9,21839,0
C:\SRS(ISIC_2019)\Dataset\NV\ISIC_0061147.jpg,isic_0061147,5,39ee92946a4d754dfb5be085d246b898a3f6ab17ace56da2e655540fbd59f1cb,21842,0
C:\SRS(ISIC_2019)\Dataset\NV\ISIC_0061180.jpg,isic_0061180,5,17f246ea1a422da84136800588b69bb572247a8d3f3d56fd3a0ec0dcab958a2b,21846,0
C:\SRS(ISIC_2019)\Dataset\NV\ISIC_0061182.jpg,isic_0061182,5,26a8f7bcb6416b02e8f758792498a5375e2d7314f89623e7622ba3697edb9a6f,21847,0
C:\SRS(ISIC_2019)\Dataset\NV\ISIC_0061269.jpg,isic_0061269,5,9ab736619c506261b54ba024a5217453f1c57decc6f52f69094fec465a2c35ed,21858,0
C:\SRS(ISIC_2019)\Dataset\NV\ISIC_0061295.jpg,isic_0061295,5,373d8adcfbe501777277464adc9222ea33060185c0bebad1faab8c4d35e1413a,21865,0
C:\SRS(ISIC_2019)\Dataset\NV\ISIC_0061296.jpg,isic_0061296,5,df10540b3d29f41c95b70f6a79a9622aca2e8d3988631f14b2a4d9b443dc3c15,21866,0
C:\SRS(ISIC_2019)\Dataset\NV\ISIC_0061401.jpg,isic_0061401,5,9e001903be1829cf233a176ef2c0c250760a8a4b969661e3acfc739981a2eaff,21882,0
C:\SRS(ISIC_2019)\Dataset\NV\ISIC_0061409.jpg,isic_0061409,5,1d634825d1ef7ddac591f604069c80fcc468dd35da54309f71628c5aef83823d,21884,0
C:\SRS(ISIC_2019)\Dataset\NV\ISIC_0061414.jpg,isic_0061414,5,9cc1701ccce8a785a62ccef7c81c75015ff586dab3f1960db13c5add55aaadd5,21885,0
C:\SRS(ISIC_2019)\Dataset\NV\ISIC_0061429.jpg,isic_0061429,5,7a9eabdc95ea903fea10d7fc512828181e4d4751554156222da2c083c507d122,21887,0
C:\SRS(ISIC_2019)\Dataset\NV\ISIC_0061452.jpg,isic_0061452,5,bb785eb0d3832e58ba98021bd6de41cf5a5cc585f8005581cbd3b0945825c01e,21888,0
C:\SRS(ISIC_2019)\Dataset\NV\ISIC_0061472.jpg,isic_0061472,5,6428c6ebd770ddc4cd7f1220650c0baaad4269eeaf0d10b4b569389a696fbb92,21892,0
C:\SRS(ISIC_2019)\Dataset\NV\ISIC_0061500.jpg,isic_0061500,5,cf0ffa770e37d775da7e70bb65332da50ecbaa7254757d9ff8031ba8c634c5da,21896,0
C:\SRS(ISIC_2019)\Dataset\NV\ISIC_0061538.jpg,isic_0061538,5,63f86c1713a455aeb85692503d111c1b9c3a1be377a937f4abb08fc4286b01b2,21902,0
C:\SRS(ISIC_2019)\Dataset\NV\ISIC_0061540.jpg,isic_0061540,5,94cfbfc4bda6e59bca67d9435be1bba68b6dcbae909a487aee3a6309158b88a0,21903,0
C:\SRS(ISIC_2019)\Dataset\NV\ISIC_0061558.jpg,isic_0061558,5,4fbde3d614ac2620cf2f92c7ddbd68c08be8abecf37c0da782e08ade34794063,21907,0
C:\SRS(ISIC_2019)\Dataset\NV\ISIC_0061560.jpg,isic_0061560,5,2fa0890ac11db84279e2694b15ed28b375ed9b9b49c317e84eeac81f7ff708ac,21908,0
C:\SRS(ISIC_2019)\Dataset\NV\ISIC_0061672.jpg,isic_0061672,5,161741e13edf7d9d72ab3cbbe32c93b0326ff7b1491bcdaaffb3079ba2409e14,21934,0
C:\SRS(ISIC_2019)\Dataset\NV\ISIC_0061714.jpg,isic_0061714,5,134dcecf62893f002fbd7306380df9dd9085a5d9443de951ad7dfb25d799aab2,21940,0
C:\SRS(ISIC_2019)\Dataset\NV\ISIC_0061796.jpg,isic_0061796,5,731e2b535d21b248aef516868e894ac5c1eee27e688cc0e5ab0ed467026a38ee,21958,0
C:\SRS(ISIC_2019)\Dataset\NV\ISIC_0061808.jpg,isic_0061808,5,96392a07f644ecd1deed03c34472d6d2b5831662c740fd3b5ea9c6efac6d0e0c,21963,0
C:\SRS(ISIC_2019)\Dataset\NV\ISIC_0061818.jpg,isic_0061818,5,82ab5ea5c7baf926ff9488b590a05833cc398a39e8fd238b50e2397dd90c95e0,21964,0
C:\SRS(ISIC_2019)\Dataset\NV\ISIC_0061847.jpg,isic_0061847,5,dad198caf0f864845e1ee3740c2fbd8970bf77576ed2f1c8a38afa793acae8b3,21973,0
C:\SRS(ISIC_2019)\Dataset\NV\ISIC_0061853.jpg,isic_0061853,5,31d30fab1a715593eda030820ccd4352b9f2fd0f9f0d1215b03c0f3d1f1ed8da,21976,0
C:\SRS(ISIC_2019)\Dataset\NV\ISIC_0061859.jpg,isic_0061859,5,9c92f918f64b66789e08744231f46e7aa9eb474ecb488e2537a89d0b2e39abe7,21978,0
C:\SRS(ISIC_2019)\Dataset\NV\ISIC_0061940.jpg,isic_0061940,5,2ae85c12dbaa7c2933034671a2348eb017c900ca12ac8abc86b00090e333f24f,21989,0
C:\SRS(ISIC_2019)\Dataset\NV\ISIC_0061951.jpg,isic_0061951,5,9b87636c35adf42a366ae9f8513d8938c84a468957287a084c2fa1df9437b557,21991,0
C:\SRS(ISIC_2019)\Dataset\NV\ISIC_0061963.jpg,isic_0061963,5,14b3a061e40e15dfd90e90dccc1805cb1c30c486687a3fe216c5527bace49033,21993,0
C:\SRS(ISIC_2019)\Dataset\NV\ISIC_0061970.jpg,isic_0061970,5,7ca25b9186b70f0b6f758e1eda370bedfaee07900948e923ac4c220f35146ee2,21996,0
C:\SRS(ISIC_2019)\Dataset\NV\ISIC_0061975.jpg,isic_0061975,5,ab102473fc584cd6d5c5e7785b9e48146646e780e960dde4f99c52ab5218e548,21998,0
C:\SRS(ISIC_2019)\Dataset\NV\ISIC_0061981.jpg,isic_0061981,5,b0fbf015dccf03b8213b10aaf4f97f96a90a5024d4e91904d652112089b1be94,21999,0
C:\SRS(ISIC_2019)\Dataset\NV\ISIC_0062014.jpg,isic_0062014,5,07e56ad3b1f411ab91fea0627bf17be7d59ffc79877e630c5fcff4ed866e7c20,22003,0
C:\SRS(ISIC_2019)\Dataset\NV\ISIC_0062061.jpg,isic_0062061,5,f124892822c408eee8c3dd7abcb5dcec05b6429a9b0ed37a1c65d1bc662b2b21,22016,0
C:\SRS(ISIC_2019)\Dataset\NV\ISIC_0062107.jpg,isic_0062107,5,60877417743e597be3a35bf4513f874cc9e16d763977a85dc22f0053119d34cd,22025,0
C:\SRS(ISIC_2019)\Dataset\NV\ISIC_0062128.jpg,isic_0062128,5,e4bc1b0ef5896dc8019881766a6fe66b12d1abe6b9f8dcff3d1e7f37ead5a82e,22028,0
C:\SRS(ISIC_2019)\Dataset\NV\ISIC_0062135.jpg,isic_0062135,5,0c0492bcec191750a056efe62b0af2bd47d1cf8c90bb50e5f67c61b836220e77,22031,0
C:\SRS(ISIC_2019)\Dataset\NV\ISIC_0062137.jpg,isic_0062137,5,10abf799ee1b2c2fc02eb6590f0eed1c3bef81b9e5c4a3c10ee2b9444d169d80,22032,0
C:\SRS(ISIC_2019)\Dataset\NV\ISIC_0062144.jpg,isic_0062144,5,775ae1be93709484f712833727b2e4fa2c98ad075a018d388c75592b1b803a8b,22034,0
C:\SRS(ISIC_2019)\Dataset\NV\ISIC_0062147.jpg,isic_0062147,5,2a2eaf0cef242d65284e03a5400c81f4dc7e17146db25b99e3e695c7e14d0d68,22035,0
C:\SRS(ISIC_2019)\Dataset\NV\ISIC_0062173.jpg,isic_0062173,5,8842e2ce55311f7b4b1c489d21d2ec67e3cb82349238891f877eca733ce97db8,22039,0
C:\SRS(ISIC_2019)\Dataset\NV\ISIC_0062243.jpg,isic_0062243,5,e436f123be41c25e2fec8136a951460e9fcee61eeabe4764db4c4316f72ec9d9,22054,0
C:\SRS(ISIC_2019)\Dataset\NV\ISIC_0062259.jpg,isic_0062259,5,89c1771d792f51e4f264623c3b587f8ef88b2019797e7463ba71b7bdf2049a17,22273,0
C:\SRS(ISIC_2019)\Dataset\NV\ISIC_0062268.jpg,isic_0062268,5,72911218c88b9a8e1077ddf88f7f5a4c52c1362c62ac995fc91300bf6405bd78,22060,0
C:\SRS(ISIC_2019)\Dataset\NV\ISIC_0062320.jpg,isic_0062320,5,0308765c7c3d55c2b8be2add7476d46a31b201f2b4a9a7dbc76acb7d117d182c,22073,0
C:\SRS(ISIC_2019)\Dataset\NV\ISIC_0062327.jpg,isic_0062327,5,7b601d3e52f03189b4e1092832952f2f3c1dcb9b2007dba10a41f070c559ff0d,22074,0
C:\SRS(ISIC_2019)\Dataset\NV\ISIC_0062330.jpg,isic_0062330,5,fec29ff4145ef00e9b7f9f0e2e54b07f50a3aa6de70287adf6ea6a7daaa13c45,22075,0
C:\SRS(ISIC_2019)\Dataset\NV\ISIC_0062388.jpg,isic_0062388,5,b4af7c911ad47baab0d4d6646753ab2b63fdcfe12c95255b39a2bf81f037ce6c,22089,0
C:\SRS(ISIC_2019)\Dataset\NV\ISIC_0062402.jpg,isic_0062402,5,c2c193aee79ab5718f0efe5530ba471108e13665e7a6e6a798f4413a6d552996,22094,0
C:\SRS(ISIC_2019)\Dataset\NV\ISIC_0062444.jpg,isic_0062444,5,ba26fce1d90e46b53eabf23e2193b870d3090129fa71ff3612661fd95c626a01,22107,0
C:\SRS(ISIC_2019)\Dataset\NV\ISIC_0062446.jpg,isic_0062446,5,74942428f1c79a748131c465fdf06580ac7410208cef03b1dca5d7407078958f,22108,0
C:\SRS(ISIC_2019)\Dataset\NV\ISIC_0062486.jpg,isic_0062486,5,65b8f3f637e919d919ac5390b5fbd5ecd7960ef09d878d9c4347a98b9cf83072,22117,0
C:\SRS(ISIC_2019)\Dataset\NV\ISIC_0062500.jpg,isic_0062500,5,d5c6a8659f48fa2446e6cf9da3102fca89a0392463b97857e232ae71ec9184e8,22121,0
C:\SRS(ISIC_2019)\Dataset\NV\ISIC_0062526.jpg,isic_0062526,5,4c256a34a97c20d19c5253a0feeaf7a447dd127b0d523d71b73eaa487790416c,22128,0
C:\SRS(ISIC_2019)\Dataset\NV\ISIC_0062534.jpg,isic_0062534,5,bf247f42a4328665c5c4221086f4c6e4cf400ca3a7bdbe32539540f3b7d73623,22129,0
C:\SRS(ISIC_2019)\Dataset\NV\ISIC_0062557.jpg,isic_0062557,5,1c4f94ae6130ecf116003d80d1de88726bef6c64534207c81e018638d674e6ca,22137,0
C:\SRS(ISIC_2019)\Dataset\NV\ISIC_0062577.jpg,isic_0062577,5,364912303a4b9ba910b6fe4865f0d3ba0c7fc4ae17274a4c685a1ed19f69bc8e,22139,0
C:\SRS(ISIC_2019)\Dataset\NV\ISIC_0062578.jpg,isic_0062578,5,539cfb22e5e76bccc187028450892044fb48cbeefa23d73b8c6182cf55978bcc,22140,0
C:\SRS(ISIC_2019)\Dataset\NV\ISIC_0062591.jpg,isic_0062591,5,5f8b67e3c2a27cbd7d44d11ac41e152230a55065171cd53524222eeef800d8b6,22142,0
C:\SRS(ISIC_2019)\Dataset\NV\ISIC_0062599.jpg,isic_0062599,5,0736f5100f0077bb687c448aa6c2c1f2461050f91ff931c2a396f21b9e5e4633,22144,0
C:\SRS(ISIC_2019)\Dataset\NV\ISIC_0062603.jpg,isic_0062603,5,f6e67f4f3c73c2aa4ffa0ff7c63484e738f13ac5d165e1186f7c736f5ff6aeca,22145,0
C:\SRS(ISIC_2019)\Dataset\NV\ISIC_0062616.jpg,isic_0062616,5,66ad9dc0b0fcedfdd4b5d09f930d55a1d55524923018960235199f58092d6279,22148,0
C:\SRS(ISIC_2019)\Dataset\NV\ISIC_0062647.jpg,isic_0062647,5,75e780f22beebd8ca891ce2b7a03019b6968a577b3119a2e2b75f27b9a56af84,22150,0
C:\SRS(ISIC_2019)\Dataset\NV\ISIC_0062677.jpg,isic_0062677,5,229fd5019546d62b28bf97129b776647608c0726b20b03b07afd144e3bb64109,22155,0
C:\SRS(ISIC_2019)\Dataset\NV\ISIC_0062701.jpg,isic_0062701,5,e7141e0ad02eba76f843b9866965f22275fcdab20d6fb4adadb527b3289d5478,22159,0
C:\SRS(ISIC_2019)\Dataset\NV\ISIC_0062740.jpg,isic_0062740,5,71bc94004c6488ea70e8dcbf3d2081b6dbf73ab39ccd86e533994fe8310ff08a,22169,0
C:\SRS(ISIC_2019)\Dataset\NV\ISIC_0062760.jpg,isic_0062760,5,f0013bff4d6f6bfe32799a78d12f0a4dfce55edfc421a30304e51b51ae48beca,22174,0
C:\SRS(ISIC_2019)\Dataset\NV\ISIC_0062778.jpg,isic_0062778,5,104f945fc77eca20c0dedc3a5a88ddc522bb804d0056edef626981331fdc37bf,22177,0
C:\SRS(ISIC_2019)\Dataset\NV\ISIC_0062787.jpg,isic_0062787,5,3886b82daafd21fd594d696f08bd6c632b26dcf39ebd9d9dfba6a2f5e41ed176,22182,0
C:\SRS(ISIC_2019)\Dataset\NV\ISIC_0062842.jpg,isic_0062842,5,edc398f5288d6138a8cf9dfd7b79d9a517d7a9ceff6d467ddd32d8bf297774de,22197,0
C:\SRS(ISIC_2019)\Dataset\NV\ISIC_0062849.jpg,isic_0062849,5,e64d3cd48ea9d37fa2ee2a0c994b52922e8cc5f090f76363a4ddc1ac5924f879,22199,0
C:\SRS(ISIC_2019)\Dataset\NV\ISIC_0062856.jpg,isic_0062856,5,1b43c7207e00c643a2975a43bf1c5eb449b5230bb4d0d97b960fcd30e114ffb1,22200,0
C:\SRS(ISIC_2019)\Dataset\NV\ISIC_0062867.jpg,isic_0062867,5,6dad3051d7e87c1fdf17583a05ea840004007b8f9755b70e97b6c273dc54dd6a,22205,0
C:\SRS(ISIC_2019)\Dataset\NV\ISIC_0062873.jpg,isic_0062873,5,50948aef18e814b63d2b11365af30e836ff36a07a6880f8034bfa43a695fb005,22207,0
C:\SRS(ISIC_2019)\Dataset\NV\ISIC_0062894.jpg,isic_0062894,5,9a388e8211cd654257bd3fbe007fa44a17588d9c53b6a2cf035867d7d393890d,22211,0
C:\SRS(ISIC_2019)\Dataset\NV\ISIC_0062909.jpg,isic_0062909,5,bde2deacafba0aa6e6c779c62dfad71b812de385de8cec9078ec6fd495d5ef15,22214,0
C:\SRS(ISIC_2019)\Dataset\NV\ISIC_0062924.jpg,isic_0062924,5,5422d12f3a2706d89eaf93d1ae31f0113f644c2f6b3f23f1c579a2d1e0491237,22220,0
C:\SRS(ISIC_2019)\Dataset\NV\ISIC_0062928.jpg,isic_0062928,5,973857a3f33edb3f518dcc193d089a7bb1a2299cc71ac0e6fd43e9146e7c55b2,22221,0
C:\SRS(ISIC_2019)\Dataset\NV\ISIC_0062931.jpg,isic_0062931,5,e9c521e0565471697cc44f27fae411e1b8ac9f53d32056b569bde82076c65c70,22222,0
C:\SRS(ISIC_2019)\Dataset\NV\ISIC_0062955.jpg,isic_0062955,5,eeecba0ab737461732404d36fdc5906d8931c30957a5ad75dc7846348ddc953e,22225,0
C:\SRS(ISIC_2019)\Dataset\NV\ISIC_0063040.jpg,isic_0063040,5,d13bb737f4179f4b4e95bc226f373451c131bb00ddf28ed10cfdd01e3390a315,22244,0
C:\SRS(ISIC_2019)\Dataset\NV\ISIC_0063106.jpg,isic_0063106,5,efd3504946eee9387be36add90f5824d23b7486ff903a8f5699c7da79ae27945,22254,0
C:\SRS(ISIC_2019)\Dataset\NV\ISIC_0063116.jpg,isic_0063116,5,37df2e6150a2bb0142888807b6cf6760247514f7a6142362d796f08cd1123889,22256,0
C:\SRS(ISIC_2019)\Dataset\NV\ISIC_0063150.jpg,isic_0063150,5,ba3692669ca50d13cb40ffcf56431010d9c4b4ccf5750f2bae1477ebcb44150a,22261,0
C:\SRS(ISIC_2019)\Dataset\NV\ISIC_0063173.jpg,isic_0063173,5,8561879122911c919421f5ad13d68864e637434221054128f491031e0b79c933,22263,0
C:\SRS(ISIC_2019)\Dataset\NV\ISIC_0063211.jpg,isic_0063211,5,1a46066bdeaffc073e0a05f2dd9b25d3b166348e2d88fcb7bc931a3c99e4ebd7,22269,0
C:\SRS(ISIC_2019)\Dataset\NV\ISIC_0063214.jpg,isic_0063214,5,15a61b0ccf51a765ccc4ad1e02b1a46091104576972af1e4186abff385c745ca,22271,0
C:\SRS(ISIC_2019)\Dataset\NV\ISIC_0063226.jpg,isic_0063226,5,89c1771d792f51e4f264623c3b587f8ef88b2019797e7463ba71b7bdf2049a17,22273,0
C:\SRS(ISIC_2019)\Dataset\NV\ISIC_0063321.jpg,isic_0063321,5,461f7ff898700efa4f1419a2503fd0c5d9df3683b51efcbac09ddf0439299645,22293,0
C:\SRS(ISIC_2019)\Dataset\NV\ISIC_0063411.jpg,isic_0063411,5,efadf1e90c210e8f4cfcf2de84ddb55d31f81eceb1354ddc7d1aeb916df24656,22312,0
C:\SRS(ISIC_2019)\Dataset\NV\ISIC_0063412.jpg,isic_0063412,5,53ebbc01672861ae0572c2d9e5ff018c913093f19d2d0b20a0a9857369aab742,22313,0
C:\SRS(ISIC_2019)\Dataset\NV\ISIC_0063418.jpg,isic_0063418,5,c8a90c1a73af1325ff75af9af7b07d60a16d267456e2f554759c26418e633ec0,22314,0
C:\SRS(ISIC_2019)\Dataset\NV\ISIC_0063471.jpg,isic_0063471,5,9de0b33f6e564861ecc0423cbac71625a59a4b72dce7c113fa68baa7f4fb75f9,22324,0
C:\SRS(ISIC_2019)\Dataset\NV\ISIC_0063488.jpg,isic_0063488,5,8e176a82938edbea9803ef9473c02237f5efa011875a31a1b1c586f968b52d4f,22331,0
C:\SRS(ISIC_2019)\Dataset\NV\ISIC_0063533.jpg,isic_0063533,5,abd94f00002e0f6a218dfee3288530be9acd1a44602b6e6cf401c9dd41874bbb,22339,0
C:\SRS(ISIC_2019)\Dataset\NV\ISIC_0063547.jpg,isic_0063547,5,e457ef0f54fc486743d0d6313022acd5ccc7ea61a86cfb53b08f382adb2ac976,22341,0
C:\SRS(ISIC_2019)\Dataset\NV\ISIC_0063582.jpg,isic_0063582,5,dbf32e4a58323b530430b379bb4990e6f88c845822fc4c29e7b1bc412ced11ae,22348,0
C:\SRS(ISIC_2019)\Dataset\NV\ISIC_0063602.jpg,isic_0063602,5,dde039e1d37ee785cb8d283737e8f7d395bc7caa574471e705c833188951092f,22356,0
C:\SRS(ISIC_2019)\Dataset\NV\ISIC_0063639.jpg,isic_0063639,5,b8a2bfa7361d614802cc029167bd80a8b7365c9d4b8ab9ea41e98c5bac3521e6,22367,0
C:\SRS(ISIC_2019)\Dataset\NV\ISIC_0063676.jpg,isic_0063676,5,06d933e4a4f3e729b69121e5f8382bdd169c30490f9ef94d9e512b69988933b7,22376,0
C:\SRS(ISIC_2019)\Dataset\NV\ISIC_0063682.jpg,isic_0063682,5,bd8a54e462254e32702c4363c65611e0df51e8bc70b4d08c08c4e243421c7772,22378,0
C:\SRS(ISIC_2019)\Dataset\NV\ISIC_0063694.jpg,isic_0063694,5,32093338afaa90b1892c110675e56bbeb410c64eb0f7f577661e0b8b94ceb335,22381,0
C:\SRS(ISIC_2019)\Dataset\NV\ISIC_0063755.jpg,isic_0063755,5,1355f57f78eae75e40d9ef214cf626ecf0fe44e585deb66ed3e5c92df4e09a2f,22391,0
C:\SRS(ISIC_2019)\Dataset\NV\ISIC_0063777.jpg,isic_0063777,5,478d42c1ba26cbfbbf9dc1e139aa4cbc5a228697baedc412b04f6aa55bb172d4,22396,0
C:\SRS(ISIC_2019)\Dataset\NV\ISIC_0063784.jpg,isic_0063784,5,dd337175dffc4028e59aabee7e47d4fd0ae793e0d2c99c5027926ff08cb84959,22398,0
C:\SRS(ISIC_2019)\Dataset\NV\ISIC_0063815.jpg,isic_0063815,5,921d7447f5048dce3fc8994efccc21f71daa5b663a32a65552833f8dbf2ede0f,22403,0
C:\SRS(ISIC_2019)\Dataset\NV\ISIC_0063832.jpg,isic_0063832,5,c7840d3514e790d49c2a3563dfe806115b9c35bbdb0d448ce618081804a5b26f,22406,0
C:\SRS(ISIC_2019)\Dataset\NV\ISIC_0063835.jpg,isic_0063835,5,8a2efc477cc54270d70bd7d58a4991dd5f9757cfd14ff5b4108b740013bbde8b,22408,0
C:\SRS(ISIC_2019)\Dataset\NV\ISIC_0063914.jpg,isic_0063914,5,3514c87709800185f654951ef85549cca6aa48222021471785ebe1c78e4b5918,22427,0
C:\SRS(ISIC_2019)\Dataset\NV\ISIC_0063957.jpg,isic_0063957,5,4ed05e9602e28038e91df1ed35176a615ad533228d2e50980548b37c7352c0bf,22438,0
C:\SRS(ISIC_2019)\Dataset\NV\ISIC_0064003.jpg,isic_0064003,5,11d35a8298f10330db0093b8b0b50ec2ca542efacaecdae7a2da2dba8a539188,22450,0
C:\SRS(ISIC_2019)\Dataset\NV\ISIC_0064091.jpg,isic_0064091,5,ff74b4d15b3f740348543683b0ac98d26c4e4d6b32a4f5653b123028052e94e9,22470,0
C:\SRS(ISIC_2019)\Dataset\NV\ISIC_0064097.jpg,isic_0064097,5,fcc91d2ffcfa92b987b85704a1fbb7afbf87d04280f761d2c064fe10306d2b57,22472,0
C:\SRS(ISIC_2019)\Dataset\NV\ISIC_0064189.jpg,isic_0064189,5,cb4b599a1b0f7dda228bfafc7564a34cb8eec8f9ebb8eeafd1e5cbdb31196238,22489,0
C:\SRS(ISIC_2019)\Dataset\NV\ISIC_0064288.jpg,isic_0064288,5,58aa9bdba3ed549e0d00f00412e1c8bb96fcf3a2268f2998015fd0d03b97880c,22511,0
C:\SRS(ISIC_2019)\Dataset\NV\ISIC_0064306.jpg,isic_0064306,5,495ff2a242719fd449b9ea87811cc4fe96ca0e122116837d72a8cb98d47fed2d,22514,0
C:\SRS(ISIC_2019)\Dataset\NV\ISIC_0064397.jpg,isic_0064397,5,65aad2d6c57455e684f832a72107f4f1f0b8d1b669a97baca31c7d851db73e73,22536,0
C:\SRS(ISIC_2019)\Dataset\NV\ISIC_0064417.jpg,isic_0064417,5,235fc177f9fcb2bfb68d10e77dd61920181aa91aa72232dae1ddcf249a835042,22541,0
C:\SRS(ISIC_2019)\Dataset\NV\ISIC_0064418.jpg,isic_0064418,5,d39f2ce706be1d25993217f6198b87833b412bde9dd8dd81c595a1b4a78186af,22542,0
C:\SRS(ISIC_2019)\Dataset\NV\ISIC_0064437.jpg,isic_0064437,5,0207ca21604e7340434418a35d2cd1aa193b93eb80e302141fe42c70b4850b03,22544,0
C:\SRS(ISIC_2019)\Dataset\NV\ISIC_0064467.jpg,isic_0064467,5,b6c2bb15b2bcb113a097d819257a80a3b05fb5782e71ab8f5f8440da81e5bc47,22549,0
C:\SRS(ISIC_2019)\Dataset\NV\ISIC_0064533.jpg,isic_0064533,5,352d8561776ebb68648af139a562d0d5be344866870aa5ab12758e468276111a,22565,0
C:\SRS(ISIC_2019)\Dataset\NV\ISIC_0064536.jpg,isic_0064536,5,c63334d6e47d1b72ea6ae751610e7f60a618135a04be9b4cd079d75ce4ba5b0a,22566,0
C:\SRS(ISIC_2019)\Dataset\NV\ISIC_0064540.jpg,isic_0064540,5,5d7df95418f0c9f52838096dcc33bba492f184aece4f548f2252bbd64104fb9f,22567,0
C:\SRS(ISIC_2019)\Dataset\NV\ISIC_0064574.jpg,isic_0064574,5,42bce732b468c182afac8ce1eebb8493948c2ad5d9d83fd0f4fda1fcabd3253b,22576,0
C:\SRS(ISIC_2019)\Dataset\NV\ISIC_0064576.jpg,isic_0064576,5,19b395c2bc10d2147b490fd6f2d84642d39e451f2129643de34b3b04c2f819e7,22577,0
C:\SRS(ISIC_2019)\Dataset\NV\ISIC_0064613.jpg,isic_0064613,5,5a64d591c6b87ecf6697bbe91d49734c5a45f91e0e810ff4619c1cf8a3db84ba,22580,0
C:\SRS(ISIC_2019)\Dataset\NV\ISIC_0064637.jpg,isic_0064637,5,06823e52451ed608e2d546886f6753f08fb7c0ee7a1d7c796866f48161a2233c,22584,0
C:\SRS(ISIC_2019)\Dataset\NV\ISIC_0064643.jpg,isic_0064643,5,7cee4bdab5b6c62e163bb5a4c6f0721637188db0b8d4222a88dc52471bda8d3e,22586,0
C:\SRS(ISIC_2019)\Dataset\NV\ISIC_0064669.jpg,isic_0064669,5,f9eaf11a1e66d02d9aa8d74fc3a3b4aa7477ace791c2d65fa0843e12a4f468b4,22595,0
C:\SRS(ISIC_2019)\Dataset\NV\ISIC_0064706.jpg,isic_0064706,5,5f9c76a664e476e6441ddebdf8ad4dae03a0fbdaa653c45535110c64d91053ec,22603,0
C:\SRS(ISIC_2019)\Dataset\NV\ISIC_0064718.jpg,isic_0064718,5,5a919f075a26328fc46d36abb353160774453184daf2caab286d2af84e15ce7f,22608,0
C:\SRS(ISIC_2019)\Dataset\NV\ISIC_0064728.jpg,isic_0064728,5,e5de8dc584d96487a1bff9c840860bd85dd073d1ed74d363b214f95e6e7d8859,22611,0
C:\SRS(ISIC_2019)\Dataset\NV\ISIC_0064782.jpg,isic_0064782,5,7aa1d96179fd4f4fe5d7c6d291c5c0f37a87227eb899098dd84b15495862f1aa,22621,0
C:\SRS(ISIC_2019)\Dataset\NV\ISIC_0064791.jpg,isic_0064791,5,466a606532141dd1f6361078d6c91b0dea33c3712cd8d32156707bd094578a63,22622,0
C:\SRS(ISIC_2019)\Dataset\NV\ISIC_0064795.jpg,isic_0064795,5,405588111b06c2dd9cf045c1272b3916f7df085a560bcb1df42fe652e66280c3,22624,0
C:\SRS(ISIC_2019)\Dataset\NV\ISIC_0064848.jpg,isic_0064848,5,aeeebcd88309504e8394d2338cc29e3c31beb3ebe18d42d1e2a457e2ba8f2cee,22635,0
C:\SRS(ISIC_2019)\Dataset\NV\ISIC_0064852.jpg,isic_0064852,5,d914907e240c774c9c63360dbd83b7a8f15a5aade4eb60a04d37a2b147bd8195,22637,0
C:\SRS(ISIC_2019)\Dataset\NV\ISIC_0064879.jpg,isic_0064879,5,58208951e2a1235c1d9bb52e8880a4c87ea2d6ede520ed97815ac6d8745c7141,22645,0
C:\SRS(ISIC_2019)\Dataset\NV\ISIC_0064913.jpg,isic_0064913,5,357ad77906d85d82482bf186700246ae6e4905987b5c62dc425f940a5cccf73d,22651,0
C:\SRS(ISIC_2019)\Dataset\NV\ISIC_0064932.jpg,isic_0064932,5,854d65303c5377642900fa815908b5c71bf9f601c748fe94f7c7da95da7a18f9,22655,0
C:\SRS(ISIC_2019)\Dataset\NV\ISIC_0064937.jpg,isic_0064937,5,5d3eeaea0fb6abfee2a4e0c22bd332173851e3087566865db8cd588bb4a5d95a,22656,0
C:\SRS(ISIC_2019)\Dataset\NV\ISIC_0064955.jpg,isic_0064955,5,ae96eb13421c10905bf82c0e7725353c4abdf290da6dca7ed3fcc5ad60183f22,22660,0
C:\SRS(ISIC_2019)\Dataset\NV\ISIC_0064961.jpg,isic_0064961,5,364dbf86d7e40f6759bff27f2fcb5f3feaaff9e7a237a63b9895ba299e6dcdef,22662,0
C:\SRS(ISIC_2019)\Dataset\NV\ISIC_0064988.jpg,isic_0064988,5,83de1ff6b5ffab754b3ceba94cb38bf693c2e15c7eb83a567d336ee593bae361,22666,0
C:\SRS(ISIC_2019)\Dataset\NV\ISIC_0065019.jpg,isic_0065019,5,ba1efd0f8792f9885e6af5daafdeb0b6e96f0bc56f481813b42c940d53faae8b,22670,0
C:\SRS(ISIC_2019)\Dataset\NV\ISIC_0065034.jpg,isic_0065034,5,ae7f5991a4c8cd32cfd7c92f8e97dc92e167ebc367c36ddff6fb101d5e6228fb,22672,0
C:\SRS(ISIC_2019)\Dataset\NV\ISIC_0065043.jpg,isic_0065043,5,1523cb5d41d1e341385a452890e5184982149d68791d6d46c9dec201fe3c0252,22674,0
C:\SRS(ISIC_2019)\Dataset\NV\ISIC_0065137.jpg,isic_0065137,5,8e925137093bd7db436a5841d6a1e7cc576a0cc402b8adb4fc4142e58cbc3c9c,22687,0
C:\SRS(ISIC_2019)\Dataset\NV\ISIC_0065148.jpg,isic_0065148,5,546d14ed7faad077cfdc36aa14c10bb038c8e57e69befec445ff292d57aff078,22689,0
C:\SRS(ISIC_2019)\Dataset\NV\ISIC_0065175.jpg,isic_0065175,5,57894550b808b0fd8753f2afd7b84efabfeee38a75505f293343c6048594957b,22694,0
C:\SRS(ISIC_2019)\Dataset\NV\ISIC_0065214.jpg,isic_0065214,5,1b2135b27b6fc40559157fa23fed5e1c70d78f75e8f0058d424764634250569e,22702,0
C:\SRS(ISIC_2019)\Dataset\NV\ISIC_0065260.jpg,isic_0065260,5,bdcff90309a786e7016167d4c41adbc9f7d0c8ad84d3d496207da49d14abed08,22712,0
C:\SRS(ISIC_2019)\Dataset\NV\ISIC_0065261.jpg,isic_0065261,5,962d4c35c027ab015435b8a0f014d114ec772f4aa8005b041748348a94b6e05b,22713,0
C:\SRS(ISIC_2019)\Dataset\NV\ISIC_0065272.jpg,isic_0065272,5,b46c4bdca990531a22f74f2676d85dd46ac1dc1e07523881d3367176878ffbff,22717,0
C:\SRS(ISIC_2019)\Dataset\NV\ISIC_0065273.jpg,isic_0065273,5,071abbe248942a3379d5f1f38f7a375121a9fa210053ed4e425ecf51c8037a42,22718,0
C:\SRS(ISIC_2019)\Dataset\NV\ISIC_0065287.jpg,isic_0065287,5,9cadb2c485ce6b1bfcc9cf9350a5c6f74b2908cd9edf18c234673b9fc695f264,22724,0
C:\SRS(ISIC_2019)\Dataset\NV\ISIC_0065292.jpg,isic_0065292,5,2c814287ffb46ed68d09289bef449c26e128670300c04a25b85579f54c17486f,22726,0
C:\SRS(ISIC_2019)\Dataset\NV\ISIC_0065294.jpg,isic_0065294,5,490d9b80913b64d10b14ee1dfee0a6bdc46d9e760d4872f42d3ff6d8fa96a512,22727,0
C:\SRS(ISIC_2019)\Dataset\NV\ISIC_0065320.jpg,isic_0065320,5,5e21518f2fd0c8585b623e03a5e2819871a39af98a6287758baa31edf5d71f77,22732,0
C:\SRS(ISIC_2019)\Dataset\NV\ISIC_0065332.jpg,isic_0065332,5,573f3c11ee737e22f6120b53d2d9cbd234afa45ef572e197e00e7121c26a54ea,22736,0
C:\SRS(ISIC_2019)\Dataset\NV\ISIC_0065337.jpg,isic_0065337,5,37927cc43646fd7f71e181b585513332fef5460d80f2efe09eae863d61d950c3,22738,0
C:\SRS(ISIC_2019)\Dataset\NV\ISIC_0065339.jpg,isic_0065339,5,f78aa3f9a38660d1ed3fc7224b888820b0fc2f85c373c141c9d8b953f0312dee,22739,0
C:\SRS(ISIC_2019)\Dataset\NV\ISIC_0065383.jpg,isic_0065383,5,9d0d8e4daa42bf675e533db87709cbd682fd05f904b4f86cac302f803dca4d68,22751,0
C:\SRS(ISIC_2019)\Dataset\NV\ISIC_0065390.jpg,isic_0065390,5,db0149e3cef299dbc4552b8eff40436d8c0f281509360a9bf858d584ac3bcd6d,22752,0
C:\SRS(ISIC_2019)\Dataset\NV\ISIC_0065393.jpg,isic_0065393,5,c95d8b3d1cace9c5e29565d3748c5eceb7214a4cf8b1fe385b25d9895d288f10,22754,0
C:\SRS(ISIC_2019)\Dataset\NV\ISIC_0065394.jpg,isic_0065394,5,4f729007d00fa04c6fb9c6e73aa8f6600d46298a0cc24ab1c7866445e98928d6,22755,0
C:\SRS(ISIC_2019)\Dataset\NV\ISIC_0065430.jpg,isic_0065430,5,bab649e92c87d033acb20c1ab6914a1f825340e09ad0a821888fd7fbb68a975a,22762,0
C:\SRS(ISIC_2019)\Dataset\NV\ISIC_0065486.jpg,isic_0065486,5,4e818a070b0fe4d5142461181b40b889915015e3631911e515a911426e5700da,22773,0
C:\SRS(ISIC_2019)\Dataset\NV\ISIC_0065505.jpg,isic_0065505,5,c6718634b574f1376d62a24ec29b4a76e9a9a9ae93c9b5d3e0d2dd616a400719,22776,0
C:\SRS(ISIC_2019)\Dataset\NV\ISIC_0065563.jpg,isic_0065563,5,a912a186152f469f7ead0ba8c5d4ffca808a1edb7789be807aa796a8cbf1ff52,22790,0
C:\SRS(ISIC_2019)\Dataset\NV\ISIC_0065591.jpg,isic_0065591,5,0065cca0fb16c3892ea537783d87dcb91a76e65d694a2dc5a808c44f12ef0bd2,22796,0
C:\SRS(ISIC_2019)\Dataset\NV\ISIC_0065592.jpg,isic_0065592,5,0272797038c60867bcffe9bc0bdcbb5175418835cc7020f58db4975a5f85a21c,22797,0
C:\SRS(ISIC_2019)\Dataset\NV\ISIC_0065635.jpg,isic_0065635,5,637d02a509f72b2dcd72998e3f0f181babb095e134e2be9aebaeef4db76de88a,22809,0
C:\SRS(ISIC_2019)\Dataset\NV\ISIC_0065700.jpg,isic_0065700,5,0a3daf6f4e7563a1348ada9749d2d4f9bef30475ce80bbcc89419420093d5ebf,22819,0
C:\SRS(ISIC_2019)\Dataset\NV\ISIC_0065718.jpg,isic_0065718,5,4cd306ccd4bbe519f0480050b49e0eaa86b93ee67b69f073dc25018dd3de5ed0,22821,0
C:\SRS(ISIC_2019)\Dataset\NV\ISIC_0065754.jpg,isic_0065754,5,eacab0010ab41cc5624e1f5259fb29c2d20ad5b237fa16d6d4250649a04a9ccf,22825,0
C:\SRS(ISIC_2019)\Dataset\NV\ISIC_0065836.jpg,isic_0065836,5,3e7128bda16c8e2366e6c1bf4f3609851c7176acb9e97975650efaafcd071536,22844,0
C:\SRS(ISIC_2019)\Dataset\NV\ISIC_0065881.jpg,isic_0065881,5,0c05f815786d6eb435b6b95a1995603b953d0626cb3334fd058e78e7d5d96177,22853,0
C:\SRS(ISIC_2019)\Dataset\NV\ISIC_0065948.jpg,isic_0065948,5,6c5d140df13418e3fe6397a8ac828a72ad47a484518d3d313a215658a1bac105,22865,0
C:\SRS(ISIC_2019)\Dataset\NV\ISIC_0065982.jpg,isic_0065982,5,12dbcbafbc132038a456cf6489841983aa6a79957913bcdb031fc4ad0fc34a08,22871,0
C:\SRS(ISIC_2019)\Dataset\NV\ISIC_0066012.jpg,isic_0066012,5,e9fbca1441c2e8cda00b52162ae212b735f8a1be42db1a24da312bceee5f0db6,22879,0
C:\SRS(ISIC_2019)\Dataset\NV\ISIC_0066050.jpg,isic_0066050,5,719362298c3660ed764138f596005058d19b7f3f4a49e51537112a0dfce2ac37,22887,0
C:\SRS(ISIC_2019)\Dataset\NV\ISIC_0066053.jpg,isic_0066053,5,f14d8d17eefccdacf2020280c64cbef47f62f96c6361a6c841bd839a0636354f,22888,0
C:\SRS(ISIC_2019)\Dataset\NV\ISIC_0066060.jpg,isic_0066060,5,612434bb991cefaa2d5cc9aff34167266d6478127b5797950d99c79d8d6c38f9,22889,0
C:\SRS(ISIC_2019)\Dataset\NV\ISIC_0066063.jpg,isic_0066063,5,060f65118c6a13fbdbf5753af7011189be99431f0dd4a195b914959b63d812ef,22890,0
C:\SRS(ISIC_2019)\Dataset\NV\ISIC_0066111.jpg,isic_0066111,5,841bab2199eeddd269d326af016ef7378c5fb86414df915d227162e0879f977e,22899,0
C:\SRS(ISIC_2019)\Dataset\NV\ISIC_0066118.jpg,isic_0066118,5,3d2de67b940a43a6d30cc6f8bca78b24b6dde5a74d283e7900be698e850e26ff,22901,0
C:\SRS(ISIC_2019)\Dataset\NV\ISIC_0066222.jpg,isic_0066222,5,f23774a06c2b99da242b22e75470ebc1780feb2e33c49543fbc8f4f3ccd0b5bd,22914,0
C:\SRS(ISIC_2019)\Dataset\NV\ISIC_0066229.jpg,isic_0066229,5,031e9ac6bcfd45228c825d2d124e89fbb631456f6fe3e9250641fdb4f796bcd0,22916,0
C:\SRS(ISIC_2019)\Dataset\NV\ISIC_0066242.jpg,isic_0066242,5,b9b844af796fb97c87b945d71743115744df3d1701b871383cf8dc3b8d7feaa4,22920,0
C:\SRS(ISIC_2019)\Dataset\NV\ISIC_0066247.jpg,isic_0066247,5,27fcd2c9cb2245f322d1caa8568f0103cfe39f88ad7c5545384a1eff1df88d55,22921,0
C:\SRS(ISIC_2019)\Dataset\NV\ISIC_0066252.jpg,isic_0066252,5,9a49987f2b0da25c518d7afa47774e0dcd28c7e262aafce5ede845c1931288e2,22923,0
C:\SRS(ISIC_2019)\Dataset\NV\ISIC_0066261.jpg,isic_0066261,5,ff07a467c03048a70160b7c0b790cfa4c0d24e4216a5634b92be7cdad43fcf06,22926,0
C:\SRS(ISIC_2019)\Dataset\NV\ISIC_0066371.jpg,isic_0066371,5,c625e539361e3fb0ee53e0b2995b94c298ce52d5c37820a805e508feec3f3fbd,22952,0
C:\SRS(ISIC_2019)\Dataset\NV\ISIC_0066393.jpg,isic_0066393,5,e1e94d9d054691a7e233fc13f0c70dc762da809fe2e4a0bef6090db605531c9b,22954,0
C:\SRS(ISIC_2019)\Dataset\NV\ISIC_0066396.jpg,isic_0066396,5,41b8eb9eca56609879b7ff73fea7c71939251be193dd20d198746bcbc0ecbe1b,22955,0
C:\SRS(ISIC_2019)\Dataset\NV\ISIC_0066424.jpg,isic_0066424,5,68c1845df731ca1c07696d6cbacd7e2f8ac645fb3d4573d8b8dbe82e0f2d12f6,22961,0
C:\SRS(ISIC_2019)\Dataset\NV\ISIC_0066503.jpg,isic_0066503,5,5d81b9185b90067aea23da628b82ed85b3d0c649fb51bd93fb88d28049bab8ef,22974,0
C:\SRS(ISIC_2019)\Dataset\NV\ISIC_0066530.jpg,isic_0066530,5,17482d6d867462f12b91fa92a3e96610725bc3a98c7c9d41ca9a5c79628ed22a,22980,0
C:\SRS(ISIC_2019)\Dataset\NV\ISIC_0066597.jpg,isic_0066597,5,bd95e1e4932c9ff6a28c2977f0fe86d57a5315d7ab8d3994ebe0ebcd7d76a676,22992,0
C:\SRS(ISIC_2019)\Dataset\NV\ISIC_0066621.jpg,isic_0066621,5,f11414d1e60dadc384ee69df470b3a633d8c7885dc0cdab32d49bde4e82e15ca,22996,0
C:\SRS(ISIC_2019)\Dataset\NV\ISIC_0066651.jpg,isic_0066651,5,73e7d3b4de217283776c5f2f6546aacbb69b7f23cf1aeeb728cb3e0dcd2be4a9,23004,0
C:\SRS(ISIC_2019)\Dataset\NV\ISIC_0066713.jpg,isic_0066713,5,5faeccac8cb1ba61e5917b21e9a0bc4f847361bc5182efbc948bebd78d3e9e74,23016,0
C:\SRS(ISIC_2019)\Dataset\NV\ISIC_0066718.jpg,isic_0066718,5,b631c5824a79918db82a06b60089b616441caeaaff07ffa318f36cfc5326e60c,23018,0
C:\SRS(ISIC_2019)\Dataset\NV\ISIC_0066742.jpg,isic_0066742,5,e6b330c4a4bcb099d439023780add3c12cad92e97fc2db8968e5512e67d8c659,23025,0
C:\SRS(ISIC_2019)\Dataset\NV\ISIC_0066778.jpg,isic_0066778,5,e229673f0eb04b445b0cbee588bf93efdef6e8299655ffc86edeaa874d59264d,23030,0
C:\SRS(ISIC_2019)\Dataset\NV\ISIC_0066780.jpg,isic_0066780,5,a5053155c90df0301ea987ed8531e68a7f0a62b68bca89ef1788402f02d324f1,23032,0
C:\SRS(ISIC_2019)\Dataset\NV\ISIC_0066798.jpg,isic_0066798,5,22d1251b17591ae8c720e679475489d9be14ebcc4a547c902c2ee6d5c9731b4e,23037,0
C:\SRS(ISIC_2019)\Dataset\NV\ISIC_0066836.jpg,isic_0066836,5,e2a3c4d946fd8fa194a5fb9b5c84839194a2fa944755cc6e9061d6ec3f309807,23043,0
C:\SRS(ISIC_2019)\Dataset\NV\ISIC_0066870.jpg,isic_0066870,5,c982f8c08ba372ccd0bf3249bc4a4274a402e07e291b63a86276cf8600e1be71,23048,0
C:\SRS(ISIC_2019)\Dataset\NV\ISIC_0066968.jpg,isic_0066968,5,a68438b84b7258b02c644ade5036c1531e85185d870faac6b718a09ff0d2caad,23063,0
C:\SRS(ISIC_2019)\Dataset\NV\ISIC_0067011.jpg,isic_0067011,5,e49465080afcae309090f897af08c842287c0b1fc5ba7df20d8fa8eac4530160,23073,0
C:\SRS(ISIC_2019)\Dataset\NV\ISIC_0067012.jpg,isic_0067012,5,d26bb26bfc0afe1503c0505d402ff13bfd23a0f5b29f7e13229778dd093c2f4d,23074,0
C:\SRS(ISIC_2019)\Dataset\NV\ISIC_0067048.jpg,isic_0067048,5,a7911e5b77f908ab91a45becbaa73dbedca73ff42f542f0496aabbc8597e9056,23087,0
C:\SRS(ISIC_2019)\Dataset\NV\ISIC_0067068.jpg,isic_0067068,5,9a4436da09cb0709b2e6eac4e72bebec0774b486cf54b9ae66f3adf3adafef07,23090,0
C:\SRS(ISIC_2019)\Dataset\NV\ISIC_0067071.jpg,isic_0067071,5,1acc2c8cd0d7275572cdeea62ad4b5a08b9b9848d9883ed63447c996131701d3,23091,0
C:\SRS(ISIC_2019)\Dataset\NV\ISIC_0067108.jpg,isic_0067108,5,bab4e09c2618acdcf650ca13be13591bb38cf384ff02a23aedd73abd7044367a,23096,0
C:\SRS(ISIC_2019)\Dataset\NV\ISIC_0067138.jpg,isic_0067138,5,22f268157c5f757e96e7f2b4fb0e7d5c7c853f9cdbaa318412e63c89a6f0b3f6,23100,0
C:\SRS(ISIC_2019)\Dataset\NV\ISIC_0067156.jpg,isic_0067156,5,47ebce97dca5db2ae84ed0cd26d084d7ae823f11739c611cb495bca3cb19787f,23104,0
C:\SRS(ISIC_2019)\Dataset\NV\ISIC_0067164.jpg,isic_0067164,5,6a3576c61b3eebdccb201aeb185290e771d666f2ad6fcf7792939bedf03cc2a3,23106,0
C:\SRS(ISIC_2019)\Dataset\NV\ISIC_0067172.jpg,isic_0067172,5,0d7f28594710962812c7ace88bd2d6d72f7810adf24279deb3e8b862f86026bc,23109,0
C:\SRS(ISIC_2019)\Dataset\NV\ISIC_0067211.jpg,isic_0067211,5,c7b2a7bc9cc4ff3ccb54375e04e603bba02e1ceb7fc0fdb37f274778acb44c35,23117,0
C:\SRS(ISIC_2019)\Dataset\NV\ISIC_0067226.jpg,isic_0067226,5,ad86b34cbfc41f40b742b2d6d4c46dd3f727cf0cb34e49f1f7ac8d44352816c5,23122,0
C:\SRS(ISIC_2019)\Dataset\NV\ISIC_0067269.jpg,isic_0067269,5,4417f3c447d090034da2325d81b6eec7f0c860ee90789e86a62093891639b28a,23132,0
C:\SRS(ISIC_2019)\Dataset\NV\ISIC_0067294.jpg,isic_0067294,5,6c1d1fb8f8fd6d79c5834436341d9abe433e36b5019a7d25226a7188fe73649a,23137,0
C:\SRS(ISIC_2019)\Dataset\NV\ISIC_0067320.jpg,isic_0067320,5,81647756c86eb957b4b45f22b791ca193967fb40d9eb0b94659ddf04ce0cf87c,23143,0
C:\SRS(ISIC_2019)\Dataset\NV\ISIC_0067390.jpg,isic_0067390,5,ee69aeb8f565892d831e5613fa4a1694f7e2b28e38e7c997165e96a1b341c9d4,23159,0
C:\SRS(ISIC_2019)\Dataset\NV\ISIC_0067410.jpg,isic_0067410,5,f991a72a7dfb870d344b0c7a8f6c4af6d36c3e112508473ce5b488eee3d02ae4,23162,0
C:\SRS(ISIC_2019)\Dataset\NV\ISIC_0067416.jpg,isic_0067416,5,4306e3b1c3e12963b59ee4eaf962e20a8193f35b106bd7b30d411dbc048994dc,23164,0
C:\SRS(ISIC_2019)\Dataset\NV\ISIC_0067430.jpg,isic_0067430,5,ada45b713c423a4a6e36ea7cc5c42943571c133debeaa77b13aebcddabfd8551,23168,0
C:\SRS(ISIC_2019)\Dataset\NV\ISIC_0067444.jpg,isic_0067444,5,88a9061fc07c3dac58a590e96b7c7434b5b81276c986ca691d2c13a909072a88,23172,0
C:\SRS(ISIC_2019)\Dataset\NV\ISIC_0067459.jpg,isic_0067459,5,10e02d8c02c38f9441de10e74f0a850c27523589ac86fafd5ea7a21649504bbc,23180,0
C:\SRS(ISIC_2019)\Dataset\NV\ISIC_0067474.jpg,isic_0067474,5,1020ab1a27d4a25309e865f711b5e314819b4e0298edd814ce7eb2980156d7d9,23185,0
C:\SRS(ISIC_2019)\Dataset\NV\ISIC_0067562.jpg,isic_0067562,5,c27523696c2c6195dabe0e1de53d586123350909c362c7f2678d276816839a6e,23201,0
C:\SRS(ISIC_2019)\Dataset\NV\ISIC_0067751.jpg,isic_0067751,5,7f7b81758aadbfb84a90efd1f118072680b9af05620a964e318d19dddff277c4,23245,0
C:\SRS(ISIC_2019)\Dataset\NV\ISIC_0067790.jpg,isic_0067790,5,ea1f0fabbbda82967b0a3317bc75ebd5e67e35cf595789534f0e180a5d173ac8,23252,0
C:\SRS(ISIC_2019)\Dataset\NV\ISIC_0067794.jpg,isic_0067794,5,1080b68545e44d05105f4e68a1b1edd14fd35d2b15296e4b1889faccc7e59f44,23253,0
C:\SRS(ISIC_2019)\Dataset\NV\ISIC_0067797.jpg,isic_0067797,5,a6194ec8a6e2414b8f73de41a1ba56645d6d9ba6cfb0640a15e8f372d16c6b52,23255,0
C:\SRS(ISIC_2019)\Dataset\NV\ISIC_0067883.jpg,isic_0067883,5,b46d15c244f3583d0b6483c8f421aee5d1ab055e2d0f12b2ffbfe15b2ae56b30,23275,0
C:\SRS(ISIC_2019)\Dataset\NV\ISIC_0067886.jpg,isic_0067886,5,7bc963281a493cc9fd4846a6f4b604211cb336466731d1feedfb20234ee4594d,23276,0
C:\SRS(ISIC_2019)\Dataset\NV\ISIC_0067932.jpg,isic_0067932,5,06127595f876197d2022b6b0c3505544a4276edaadb22b3574d9a06f5969c462,23288,0
C:\SRS(ISIC_2019)\Dataset\NV\ISIC_0067966.jpg,isic_0067966,5,5e80104be9539b8a9dc8be75db0dfabd98b1d644015b319ffaad78a693f25d45,23296,0
C:\SRS(ISIC_2019)\Dataset\NV\ISIC_0067983.jpg,isic_0067983,5,898e2a67884b2f9bb5a008dfe5f2473816781f4be8076749f60977fa6b0ae1e9,23300,0
C:\SRS(ISIC_2019)\Dataset\NV\ISIC_0068010.jpg,isic_0068010,5,908f471c8517f0b33b197fad7150882c4f494eb61481174d646e261d25147dd4,23306,0
C:\SRS(ISIC_2019)\Dataset\NV\ISIC_0068035.jpg,isic_0068035,5,157713b9f8a60b0e0dbfc484317e6fd7783d9c1f361a384425f8002551c014e1,23308,0
C:\SRS(ISIC_2019)\Dataset\NV\ISIC_0068046.jpg,isic_0068046,5,f222fe9f1cfa668f4238cf55bb6b42c2d43d0d59220b9721fa9980ee4245b1bc,23309,0
C:\SRS(ISIC_2019)\Dataset\NV\ISIC_0068089.jpg,isic_0068089,5,f1db3befa445b18531bb40e804beeb611e8836d88b10aa7a4e76fe1a8e81acdf,23320,0
C:\SRS(ISIC_2019)\Dataset\NV\ISIC_0068170.jpg,isic_0068170,5,ccf0a25fc8929fd02c550babd086277ea05a68f44218ebddc51dd05560a7e413,23341,0
C:\SRS(ISIC_2019)\Dataset\NV\ISIC_0068173.jpg,isic_0068173,5,b0130229c93b02f3a672518886562822e2626bdfc4fc1c2015117afd9ae156fb,23343,0
C:\SRS(ISIC_2019)\Dataset\NV\ISIC_0068193.jpg,isic_0068193,5,a288f7a84caaf1939711ed6ef65b2db743fc3cfe50d934779b871e83725ae46e,23350,0
C:\SRS(ISIC_2019)\Dataset\NV\ISIC_0068204.jpg,isic_0068204,5,fb042a0f0cf0776d16b8678af63118181eaef0e34a1ddc8cfbfa7c85d48dcd07,23354,0
C:\SRS(ISIC_2019)\Dataset\NV\ISIC_0068225.jpg,isic_0068225,5,acd3dbd0458db5a87d8d88e722119693d4122a290c3d11445a4da8e451ea30c9,23362,0
C:\SRS(ISIC_2019)\Dataset\NV\ISIC_0068228.jpg,isic_0068228,5,2c751de1ec1d1a1c50c0d1496f6e2ef744ce8225412de58707a3b103e16c0185,23363,0
C:\SRS(ISIC_2019)\Dataset\NV\ISIC_0068245.jpg,isic_0068245,5,cc0932faf28db65a5e17b9c6c144aafe27634e95ca0cb7497f56c3ab2d123623,23365,0
C:\SRS(ISIC_2019)\Dataset\NV\ISIC_0068256.jpg,isic_0068256,5,0a6a0c19b7962e70ff44a1eebc8d4cd2937346a70c55db2aeb33e20fdd15c98e,23369,0
C:\SRS(ISIC_2019)\Dataset\NV\ISIC_0068319.jpg,isic_0068319,5,1dac5b424be5a61a0302ff048a6274f27870a725e6a9b7daf34ccb4d153b946b,23378,0
C:\SRS(ISIC_2019)\Dataset\NV\ISIC_0068329.jpg,isic_0068329,5,e39639624487a9bcc5f9bf32f4c0cbd73b4971022205e8c11c46bed1dd8a7e1e,23381,0
C:\SRS(ISIC_2019)\Dataset\NV\ISIC_0068341.jpg,isic_0068341,5,9a143b2b06a12e34be90c35864bad8a5c2c09c6bcdbc1d8d76f14c72b117139d,23384,0
C:\SRS(ISIC_2019)\Dataset\NV\ISIC_0068342.jpg,isic_0068342,5,0b1ac5779fb51ea8ae4683e81da94e68970a5c1c9508ee3de1a1dc94324d7ee2,23385,0
C:\SRS(ISIC_2019)\Dataset\NV\ISIC_0068378.jpg,isic_0068378,5,e3478a1437327bc40c2738e6dace6837eff414e2a4853130655a17a17c494d06,23392,0
C:\SRS(ISIC_2019)\Dataset\NV\ISIC_0068413.jpg,isic_0068413,5,2e427b079b8a9c10fbc4c06d944a9ed584601b05a83d9753fc7b32ae5e8441cb,23399,0
C:\SRS(ISIC_2019)\Dataset\NV\ISIC_0068423.jpg,isic_0068423,5,d7675131bf51ee132c7db5627deb0e1e735e3f264db42cfeccf60686219674b2,23402,0
C:\SRS(ISIC_2019)\Dataset\NV\ISIC_0068429.jpg,isic_0068429,5,5fdf15c3ad833aae70c422f684523c2fe606279d658b4118baeba2a5dbf49420,23404,0
C:\SRS(ISIC_2019)\Dataset\NV\ISIC_0068440.jpg,isic_0068440,5,90447829280df704fe7720b341b26be1e2b100cd5f4a27d671eca557b1a1ac9c,23408,0
C:\SRS(ISIC_2019)\Dataset\NV\ISIC_0068448.jpg,isic_0068448,5,223cde38166e999409974103d89aa60ab874f108b082de71d0cb80d3f622e42e,23411,0
C:\SRS(ISIC_2019)\Dataset\NV\ISIC_0068470.jpg,isic_0068470,5,64ddf6d2c2e8523bd4d8563ccaf357f2b8f5d4b4e112f18525b73afb5853d5fb,23419,0
C:\SRS(ISIC_2019)\Dataset\NV\ISIC_0068475.jpg,isic_0068475,5,1fa17ec03c6f866c5ed63e863be39d4d83bbf9d8a6bf69eb8d23fe81de9686e8,23422,0
C:\SRS(ISIC_2019)\Dataset\NV\ISIC_0068591.jpg,isic_0068591,5,d06564ea002b8b951d9349e9243a1aad3bb435195f86eba561df92b7452da739,23447,0
C:\SRS(ISIC_2019)\Dataset\NV\ISIC_0068602.jpg,isic_0068602,5,07143d6c4b8db34206e95f1434d23862bf9b5bba772bfc91900349fe43772ea9,23451,0
C:\SRS(ISIC_2019)\Dataset\NV\ISIC_0068619.jpg,isic_0068619,5,9bf6f5e6cb58c81092d33d57f81ffa2a062215d02f0bb282f3bb2c40f9b364ee,23453,0
C:\SRS(ISIC_2019)\Dataset\NV\ISIC_0068645.jpg,isic_0068645,5,8160ba92baa79f8eb40ea40eabfa1fc55b1b33577ca7d7d2141905796565ef96,23460,0
C:\SRS(ISIC_2019)\Dataset\NV\ISIC_0068652.jpg,isic_0068652,5,5c0392d3bb058f0748d50348cb15c6a2f4d0ba1fb85c1f141fa0cd4233a740ab,23462,0
C:\SRS(ISIC_2019)\Dataset\NV\ISIC_0068656.jpg,isic_0068656,5,494b236877f260de1aeb12bc7b9f5748e8500a669aaf6f343cb666d8be4058de,23465,0
C:\SRS(ISIC_2019)\Dataset\NV\ISIC_0068685.jpg,isic_0068685,5,0fe2456ccf54d98ddf24d063bcea8e875b10d99b9db4c8a41952f99da484becf,23473,0
C:\SRS(ISIC_2019)\Dataset\NV\ISIC_0068693.jpg,isic_0068693,5,fe94c22b5c320553aa77ecaff2c4d68793514fe672ce4da9605c9ab5a7767525,23474,0
C:\SRS(ISIC_2019)\Dataset\NV\ISIC_0068712.jpg,isic_0068712,5,fb97e328672974c671a5cf0ee88c0b3a5325acf8778db2334730b7175c217cdb,23481,0
C:\SRS(ISIC_2019)\Dataset\NV\ISIC_0068718.jpg,isic_0068718,5,7d7fbd1a6d2a25e68069a7c7d10081995514af2c9b5d6bcfe27ae4259d6b2c93,23482,0
C:\SRS(ISIC_2019)\Dataset\NV\ISIC_0068735.jpg,isic_0068735,5,183ba347ceec90341962030d373c4f8735f0f84d5b85b238c9601db594f7a008,23487,0
C:\SRS(ISIC_2019)\Dataset\NV\ISIC_0068765.jpg,isic_0068765,5,404279222518f1ff60142a01da2eb8b59c4eb9d35b95ef38e16be41be75ff4d7,23494,0
C:\SRS(ISIC_2019)\Dataset\NV\ISIC_0068837.jpg,isic_0068837,5,c647efdc8843295adc343d8bad6eb60705eb12d0896a36d11a61f391d159b862,23503,0
C:\SRS(ISIC_2019)\Dataset\NV\ISIC_0068849.jpg,isic_0068849,5,44f31a3bac5ddf19ebc988fdbb87a43bfe61b12f4dce095d225af2dd6270a397,23505,0
C:\SRS(ISIC_2019)\Dataset\NV\ISIC_0068855.jpg,isic_0068855,5,26c8f44c99ad67b90e5515816136b95d6b566c974ba67024b3256a13e187a41f,23507,0
C:\SRS(ISIC_2019)\Dataset\NV\ISIC_0068863.jpg,isic_0068863,5,a27e73d424d12486135389f1b0aa811174d0203ce62c0221d601b6d87f9be13f,23510,0
C:\SRS(ISIC_2019)\Dataset\NV\ISIC_0068868.jpg,isic_0068868,5,a1a6fb5e8c098ebcc435f6fbbd43e07396b2a44b342b1b31c68c1b374d42dc79,23514,0
C:\SRS(ISIC_2019)\Dataset\NV\ISIC_0068871.jpg,isic_0068871,5,e4036ea668a1337a21e2e8e421982972707ac7dda992e755f54b177cb8ca5c36,23515,0
C:\SRS(ISIC_2019)\Dataset\NV\ISIC_0068887.jpg,isic_0068887,5,8503fa6ff4333493593e93ebd9db8a40529993d1bc0c6b6fe41907f624db1685,23518,0
C:\SRS(ISIC_2019)\Dataset\NV\ISIC_0068896.jpg,isic_0068896,5,c2680a892aef8f78cfba098586d4a3c250cf91c003eaf1f18903a29d70527b8a,23522,0
C:\SRS(ISIC_2019)\Dataset\NV\ISIC_0068925.jpg,isic_0068925,5,61b8ecb45c0b0b40753d83db58c7451a8a43a0b348c72476d0e7b21fa25f197b,23527,0
C:\SRS(ISIC_2019)\Dataset\NV\ISIC_0068927.jpg,isic_0068927,5,9264807817534d626ab876597a9e779abe45aa0f1effdbf09e0a8df51d05e65e,23528,0
C:\SRS(ISIC_2019)\Dataset\NV\ISIC_0068959.jpg,isic_0068959,5,c79cdf8373f0c5bac4f1e92a96f897a02b7966105f7b352e51542b29dfd3cbee,23536,0
C:\SRS(ISIC_2019)\Dataset\NV\ISIC_0068968.jpg,isic_0068968,5,2e538cc4f248e4e60b6cef4f2c5f198d369979432d676d9c282e227829e9a043,23539,0
C:\SRS(ISIC_2019)\Dataset\NV\ISIC_0069004.jpg,isic_0069004,5,2b37dcdbe06fff7a26f92764a587cc36ea016ff87f15130edc3d2d9d82585ecd,23545,0
C:\SRS(ISIC_2019)\Dataset\NV\ISIC_0069051.jpg,isic_0069051,5,f3eb75d4d17403c139ea36ff4a8b21f36cbddd4b0751ea35b1baaae620b8a8da,23555,0
C:\SRS(ISIC_2019)\Dataset\NV\ISIC_0069097.jpg,isic_0069097,5,45a4e1ab978e96487adababe6a986a0593a8ed6aa3822dbd845ded97c78677b2,23564,0
C:\SRS(ISIC_2019)\Dataset\NV\ISIC_0069101.jpg,isic_0069101,5,3a2f1f145cf9f1f304db03dd879c4d0f91c68b10df903d5a0cdc18d8256f42ab,23566,0
C:\SRS(ISIC_2019)\Dataset\NV\ISIC_0069134.jpg,isic_0069134,5,b5666f13c1976718db318063f09a12fd5236d027924c0ed64057532b96e147f2,23574,0
C:\SRS(ISIC_2019)\Dataset\NV\ISIC_0069143.jpg,isic_0069143,5,fbb4228447f4e812561843ddead8053fbd77f4308eb920568bbdb110b60202b8,23579,0
C:\SRS(ISIC_2019)\Dataset\NV\ISIC_0069150.jpg,isic_0069150,5,979c9c52ea53aaba1e2d7fe415db877702544dcee50d43d6acf7bb94e1afbfd9,23580,0
C:\SRS(ISIC_2019)\Dataset\NV\ISIC_0069190.jpg,isic_0069190,5,d0213cae2bd7695f3630c725e267db94aa049adbbabdb9930ad9fffec07431e5,23589,0
C:\SRS(ISIC_2019)\Dataset\NV\ISIC_0069202.jpg,isic_0069202,5,13882ee25284ad902fdaa9d34ee1ed7146a0d5525e39804d8a509004c7d3f3fb,23590,0
C:\SRS(ISIC_2019)\Dataset\NV\ISIC_0069247.jpg,isic_0069247,5,9365d4f3bf1f09686ecc2d596548107d8aa85728788462d1ece1e068cad07fbc,23605,0
C:\SRS(ISIC_2019)\Dataset\NV\ISIC_0069302.jpg,isic_0069302,5,615aab32eec2eac84c838c3d46125e7e6423df24e924bfb66ccc14bec0ce1260,23611,0
C:\SRS(ISIC_2019)\Dataset\NV\ISIC_0069309.jpg,isic_0069309,5,29891491375b7943e5297c46202b0e9c4b8813c120a052fb43e0ae4d2ef2cedb,23613,0
C:\SRS(ISIC_2019)\Dataset\NV\ISIC_0069317.jpg,isic_0069317,5,e810e499567fede9649a6e4505f81e3cc8287345af36fa2dcab0ecd8a4e5293c,23614,0
C:\SRS(ISIC_2019)\Dataset\NV\ISIC_0069320.jpg,isic_0069320,5,9d9e4d434413a7888cc91d3f1f1e6b561021e7a4bb7bdb9d9e02d6c0908297a7,23615,0
C:\SRS(ISIC_2019)\Dataset\NV\ISIC_0069323.jpg,isic_0069323,5,28439db488650de795ad000cc309c4057617ad30030bfb7e555ae21e28512594,23617,0
C:\SRS(ISIC_2019)\Dataset\NV\ISIC_0069326.jpg,isic_0069326,5,a9bd5c018a7daf4e226354a5eb21c24ec6e276a37185df23b4583d6fff1cd22d,23618,0
C:\SRS(ISIC_2019)\Dataset\NV\ISIC_0069331.jpg,isic_0069331,5,ce4e99a99a7d7b0b9194180d2b4087250833c5d940eb5b47910a851571c88b78,23620,0
C:\SRS(ISIC_2019)\Dataset\NV\ISIC_0069339.jpg,isic_0069339,5,56be76fe30b161e20a104fd9f86d082178b7e9d25695c71ea1070189309d9579,23622,0
C:\SRS(ISIC_2019)\Dataset\NV\ISIC_0069343.jpg,isic_0069343,5,55a448ff385eb1f3092e166800a2d2e5abc5ab3ca59151c2120dbb6f5ee33073,23623,0
C:\SRS(ISIC_2019)\Dataset\NV\ISIC_0069344.jpg,isic_0069344,5,20987cf71521ed31fb2e5bcfa270a64cb1df03a2a2cae1aef62066c3f60f37bf,23624,0
C:\SRS(ISIC_2019)\Dataset\NV\ISIC_0069347.jpg,isic_0069347,5,0745a25a3b53b382297fafe776c5baaa3c0ef40ad98a60223c1108ac60971092,23625,0
C:\SRS(ISIC_2019)\Dataset\NV\ISIC_0069348.jpg,isic_0069348,5,d459e9b6451582319c835b17e19f33385c24900a8fe3d3e7e34bb6e2a13d0feb,23626,0
C:\SRS(ISIC_2019)\Dataset\NV\ISIC_0069392.jpg,isic_0069392,5,bd2f24cfe66663f47594992e0dc44325b277152e90569e405a4cb45754a5867c,23639,0
C:\SRS(ISIC_2019)\Dataset\NV\ISIC_0069396.jpg,isic_0069396,5,c1f8406608c9b9abe0dbe603bcf5edab49d5f71936d2422c7af8d511c28e0ba1,23641,0
C:\SRS(ISIC_2019)\Dataset\NV\ISIC_0069403.jpg,isic_0069403,5,c2442894a409e7db1f79105c489b17ea3ded8e0554e5d1b947472f90deafee64,23644,0
C:\SRS(ISIC_2019)\Dataset\NV\ISIC_0069414.jpg,isic_0069414,5,60f0d7db5774a5b3ae0f05c5c80469dc3ca9d680b6825afc37e32e5cd2b6dbcd,23647,0
C:\SRS(ISIC_2019)\Dataset\NV\ISIC_0069453.jpg,isic_0069453,5,35c32fb2bec877adc20ce58f350208bf889283df64d36ed3b81d5a8b0f04009b,23654,0
C:\SRS(ISIC_2019)\Dataset\NV\ISIC_0069462.jpg,isic_0069462,5,80f2792f52fdd24d0e78400ee8b6e4b470118121db4f3f491f412d5802a79692,23656,0
C:\SRS(ISIC_2019)\Dataset\NV\ISIC_0069495.jpg,isic_0069495,5,38c19462c4951e5243f7fffb19def8150213b2d036a63536209285c39e588743,23662,0
C:\SRS(ISIC_2019)\Dataset\NV\ISIC_0069542.jpg,isic_0069542,5,56f856efb62967d6e900744f945b0225bf53f34e2d63007e7c67c75596ae875e,23670,0
C:\SRS(ISIC_2019)\Dataset\NV\ISIC_0069546.jpg,isic_0069546,5,09d0e909c41306317b2dc64cb9e906bd574713651da0a0a28750357fa6ab945e,23672,0
C:\SRS(ISIC_2019)\Dataset\NV\ISIC_0069554.jpg,isic_0069554,5,bd04055627589e5f8da62467bae774689e04eb5ccc8a18274607653dd45313cd,23675,0
C:\SRS(ISIC_2019)\Dataset\NV\ISIC_0069561.jpg,isic_0069561,5,f448436ba36696769ed650aff27c2230f5351b03491e236ae62ad4c913d62ae5,23677,0
C:\SRS(ISIC_2019)\Dataset\NV\ISIC_0069571.jpg,isic_0069571,5,a487a05ba81b10fb68a6720033de3dc5e2a12093cd0af6825bc5cf3007158374,23683,0
C:\SRS(ISIC_2019)\Dataset\NV\ISIC_0069645.jpg,isic_0069645,5,800b0038bb340fe50b4a7cc8111c585e67c6530217a99bc6fe3828f60408e4a3,23698,0
C:\SRS(ISIC_2019)\Dataset\NV\ISIC_0069666.jpg,isic_0069666,5,e24af661eab41990c8a90b54d0a8722b3e1528726a12337fdbb0676acc88f616,23701,0
C:\SRS(ISIC_2019)\Dataset\NV\ISIC_0069672.jpg,isic_0069672,5,ed4d1213449547c7ab3badd301ff913be00b9ed5e5fd29f7d6655233fbc50294,23702,0
C:\SRS(ISIC_2019)\Dataset\NV\ISIC_0069687.jpg,isic_0069687,5,3bf77d76a99a7a998536bfefbaedb9440bc3e4afec56be31dd4b288ddf163f66,23707,0
C:\SRS(ISIC_2019)\Dataset\NV\ISIC_0069740.jpg,isic_0069740,5,4f8cdf49e7fa7ad8f682ca6e2b18b074cbad145dba57e287ac384b2d4041ff96,23716,0
C:\SRS(ISIC_2019)\Dataset\NV\ISIC_0069798.jpg,isic_0069798,5,1ba3cf4b0428b1a448d6377af2d3eb0e67597f4d5bd6eb2a3a99826455642746,23726,0
C:\SRS(ISIC_2019)\Dataset\NV\ISIC_0069822.jpg,isic_0069822,5,85ba60fff5d0eb2cb8f6bffe109a364b87d98054238ba22d29b5aab4cb1c0adc,23731,0
C:\SRS(ISIC_2019)\Dataset\NV\ISIC_0069830.jpg,isic_0069830,5,d260b1fcfdf24d0ebd0f7c54153f8de5cf0f10c1b80c49ef227f10908af4db9a,23733,0
C:\SRS(ISIC_2019)\Dataset\NV\ISIC_0069842.jpg,isic_0069842,5,3ace4e5925845354f409dd875eedf3fca381447e4933014ca93af7476e5bb3a2,23738,0
C:\SRS(ISIC_2019)\Dataset\NV\ISIC_0069844.jpg,isic_0069844,5,9bde9004c3a294c6072aa9c92c3185ef879cfb5096424dbe0b9192fd1de99a41,23739,0
C:\SRS(ISIC_2019)\Dataset\NV\ISIC_0069858.jpg,isic_0069858,5,4faf521ed0f7cc7ac9b55afbfbefcab770c8701ebe6ab167a2aa508343335768,23743,0
C:\SRS(ISIC_2019)\Dataset\NV\ISIC_0069867.jpg,isic_0069867,5,c145d245495537f5be72f96f0981e7bedb8351a95ee80c4e5670ca11feb60ccd,23745,0
C:\SRS(ISIC_2019)\Dataset\NV\ISIC_0069910.jpg,isic_0069910,5,3386084a12f4e256337233aab444520ee846cb064660234fef90672630e58556,23753,0
C:\SRS(ISIC_2019)\Dataset\NV\ISIC_0069911.jpg,isic_0069911,5,fb03d9bd8a05ccdecd0816c322c71327592c7ed01c771c4a818dd9a3ae56e34b,23754,0
C:\SRS(ISIC_2019)\Dataset\NV\ISIC_0069921.jpg,isic_0069921,5,15eb3226aa6d6ba259e8b0c1e8c33f6abf40f343c26d1d8faa36990071e36119,23756,0
C:\SRS(ISIC_2019)\Dataset\NV\ISIC_0069959.jpg,isic_0069959,5,389d3fab1716e072493bfafbf474eabf08488398e6173ca3d2862245c2cda89f,23765,0
C:\SRS(ISIC_2019)\Dataset\NV\ISIC_0070005.jpg,isic_0070005,5,e21a7f632344f6c98b81f1725676d95d4495e64b810f335a42b4ad82b0802eda,23775,0
C:\SRS(ISIC_2019)\Dataset\NV\ISIC_0070028.jpg,isic_0070028,5,46fe177a8e6129c044218d71862b5a875e953fb31a73638f945158654df550cc,23778,0
C:\SRS(ISIC_2019)\Dataset\NV\ISIC_0070038.jpg,isic_0070038,5,c8c84bab45a0c90365ad03fde36a14acc0894447a0b8822593edf1c9bb7035cf,23780,0
C:\SRS(ISIC_2019)\Dataset\NV\ISIC_0070075.jpg,isic_0070075,5,4e47a7ebd111007c5e8bf7a8e94d160215bfca6344ba390e87ceb2585200036b,23787,0
C:\SRS(ISIC_2019)\Dataset\NV\ISIC_0070077.jpg,isic_0070077,5,438f72a662920e3870e9d16842a7722e389bddf18acd2809b0f1ad47a816cb70,23789,0
C:\SRS(ISIC_2019)\Dataset\NV\ISIC_0070090.jpg,isic_0070090,5,ad4df83fbd1f8575361a8228c3d6efc8a4a30f9d368014da88be5fd507e1cc98,23791,0
C:\SRS(ISIC_2019)\Dataset\NV\ISIC_0070104.jpg,isic_0070104,5,3674fa11d87bc3fccec414f0452a07fe3bd7f831dd6046d39368f1ca0ab430ba,23793,0
C:\SRS(ISIC_2019)\Dataset\NV\ISIC_0070133.jpg,isic_0070133,5,907a6feef4aff7999491cc85eb48ff35471f5d77dcdbcb9c39f7db16979b6d9f,23799,0
C:\SRS(ISIC_2019)\Dataset\NV\ISIC_0070203.jpg,isic_0070203,5,0c0940dea17ce10f240ba3c72ab313b759167150a817e189fd0bf2dafae1d7bf,23810,0
C:\SRS(ISIC_2019)\Dataset\NV\ISIC_0070229.jpg,isic_0070229,5,a63eab9a99a5e136ca74e8f190c64de4ff4e538ae1e4f15f8463d1ea928cc5a5,23817,0
C:\SRS(ISIC_2019)\Dataset\NV\ISIC_0070244.jpg,isic_0070244,5,c53c7d4fc4aad6c5cd6437baf736fadb9b89dc2c55934efbe7d05c7549a594bc,23818,0
C:\SRS(ISIC_2019)\Dataset\NV\ISIC_0070247.jpg,isic_0070247,5,6e347dc16464a493815eb00cd9a86ef9e8464c1c3df94cd88bb7f7d61b623c5e,23819,0
C:\SRS(ISIC_2019)\Dataset\NV\ISIC_0070252.jpg,isic_0070252,5,71a809803f15e389e84bc9c6200c04ad7b5608d171a2887959a787d61b6fe017,23821,0
C:\SRS(ISIC_2019)\Dataset\NV\ISIC_0070276.jpg,isic_0070276,5,8d0a9a6f932141cd875525acefaec4052819c9cfcd604c077b4302dd0b694228,23825,0
C:\SRS(ISIC_2019)\Dataset\NV\ISIC_0070336.jpg,isic_0070336,5,8713f7398dadb364f0c019ab227f636da2a8c1df163ed475bf24e748e2524fb7,23838,0
C:\SRS(ISIC_2019)\Dataset\NV\ISIC_0070383.jpg,isic_0070383,5,1e9c6848ddc6ba2706dee31726ce1ac0c9978b475ac8c2c1438113a1664658a2,23846,0
C:\SRS(ISIC_2019)\Dataset\NV\ISIC_0070452.jpg,isic_0070452,5,e2841b2b58c4d9cc7755259e5cf47c54f903663ac41e302addde647e3c39b217,23856,0
C:\SRS(ISIC_2019)\Dataset\NV\ISIC_0070475.jpg,isic_0070475,5,c35bdf23fb5b001dc276e4836b4d38ae857993ab90210eb627a659b9d50a4e5a,23858,0
C:\SRS(ISIC_2019)\Dataset\NV\ISIC_0070502.jpg,isic_0070502,5,549365c8c20797bea9d25144861f664e3cdd7dccbf4accb9204b646c684c4a18,23861,0
C:\SRS(ISIC_2019)\Dataset\NV\ISIC_0070548.jpg,isic_0070548,5,6d55480f5630dc7ddc4928f254050526b31707722ab596cc5589b4ebf9ded5fa,23871,0
C:\SRS(ISIC_2019)\Dataset\NV\ISIC_0070579.jpg,isic_0070579,5,cb0075c11746259248f14c081f70f3bd082e85c923fd2c4eb5be1781f747782a,23877,0
C:\SRS(ISIC_2019)\Dataset\NV\ISIC_0070580.jpg,isic_0070580,5,66e5b8fab152f46c1bef4a76ca17396c5bed8d792e0d0358d0fec12cda8d86d8,23878,0
C:\SRS(ISIC_2019)\Dataset\NV\ISIC_0070667.jpg,isic_0070667,5,323e89558334b5d023324cc9cd3bfdc10b2c45803106839a3ead210966bc1f85,23899,0
C:\SRS(ISIC_2019)\Dataset\NV\ISIC_0070676.jpg,isic_0070676,5,d86b956fd0c36afbec7fbacd33608b92c51857973be3b3bcdfd61c3b93e4c9ef,23900,0
C:\SRS(ISIC_2019)\Dataset\NV\ISIC_0070729.jpg,isic_0070729,5,158ac6b3c83d819c00758c23b5a7c04ef1199b506112c26211e1038c1031634a,23917,0
C:\SRS(ISIC_2019)\Dataset\NV\ISIC_0070739.jpg,isic_0070739,5,558787dfb400f994aefe6c349390a719426644ca985a4ade58f90eb1f29840c1,23919,0
C:\SRS(ISIC_2019)\Dataset\NV\ISIC_0070765.jpg,isic_0070765,5,bc75b2b8ad7b25b141a4f89c806eb4b98e81c119eadf410185dcecea43a7c9e8,23923,0
C:\SRS(ISIC_2019)\Dataset\NV\ISIC_0070770.jpg,isic_0070770,5,38d33d7dc6a6d519c7e8838626e5caf20cf5160d3a87a42632e5dde23c753835,23925,0
C:\SRS(ISIC_2019)\Dataset\NV\ISIC_0070779.jpg,isic_0070779,5,a58e6279b8f5aa04ad82ad037eb64003cf3c97f37037f78802a16232b72a32d6,23927,0
C:\SRS(ISIC_2019)\Dataset\NV\ISIC_0070786.jpg,isic_0070786,5,de07f8d23baf08e469250f225fac8ec31034592664b5dd79cfdfe9d699443379,23929,0
C:\SRS(ISIC_2019)\Dataset\NV\ISIC_0070819.jpg,isic_0070819,5,0e0d75d1dfe3d138450c2beb87890620730428b6581d56fde4709e800006f6bb,23936,0
C:\SRS(ISIC_2019)\Dataset\NV\ISIC_0070835.jpg,isic_0070835,5,b47ad70dcd922a2db203c2c79bbe71c440c3bd1caba10e6832d61aca6b69d840,23938,0
C:\SRS(ISIC_2019)\Dataset\NV\ISIC_0070884.jpg,isic_0070884,5,f725f0b123f676f5518b8c3102fdf0ecd44a94f3eca189d5ac858400723c5707,23947,0
C:\SRS(ISIC_2019)\Dataset\NV\ISIC_0070941.jpg,isic_0070941,5,61a4426e45924c4c8651ba477dc7267e76cdcecbde3d12de78c281db231d992a,23961,0
C:\SRS(ISIC_2019)\Dataset\NV\ISIC_0070947.jpg,isic_0070947,5,b1af88f300ce1a7f5ab9e1b1d1e9f8cc098cb3f5fefeb324485eed85dc37d744,23962,0
C:\SRS(ISIC_2019)\Dataset\NV\ISIC_0071001.jpg,isic_0071001,5,5f3e748d3531474b45c283438a6694805a35697216513baef94b4eb1e119415f,23968,0
C:\SRS(ISIC_2019)\Dataset\NV\ISIC_0071039.jpg,isic_0071039,5,9383376fc0234c11bd06b50fffda2d0a7d08569aee38a7110f6850b9928904b4,23977,0
C:\SRS(ISIC_2019)\Dataset\NV\ISIC_0071094.jpg,isic_0071094,5,b4dd1f8e7ceb30e240dec63c3abe85b6ca3cc839c22cafd1c16552a19b4a8c8e,23986,0
C:\SRS(ISIC_2019)\Dataset\NV\ISIC_0071105.jpg,isic_0071105,5,91a7119d1d9f9c18f0962d5a6079f06e4a6ecb8145faf0349855ceef166e34e7,23990,0
C:\SRS(ISIC_2019)\Dataset\NV\ISIC_0071106.jpg,isic_0071106,5,523bcde03d6a0b801e757bea2a93a257a5892672aa8f7d9ede92bc8c380c1224,23991,0
C:\SRS(ISIC_2019)\Dataset\NV\ISIC_0071139.jpg,isic_0071139,5,023f6f4283d858c630e20da5244d9b65d19e565612ebdce2546e062668bb221f,23999,0
C:\SRS(ISIC_2019)\Dataset\NV\ISIC_0071162.jpg,isic_0071162,5,ea55868a8c5157d3b63b49d0015742a8ba2506cbdd624fdb4f293737b883bf8e,24004,0
C:\SRS(ISIC_2019)\Dataset\NV\ISIC_0071165.jpg,isic_0071165,5,f965bb2eef96d5a57ece7a83dd5c36cc6d45816cdb40783f39494e75d5c05095,24005,0
C:\SRS(ISIC_2019)\Dataset\NV\ISIC_0071174.jpg,isic_0071174,5,26478367cf25866e19c11e1507b199089cebc5997c080e92c410386e395b58a0,24008,0
C:\SRS(ISIC_2019)\Dataset\NV\ISIC_0071230.jpg,isic_0071230,5,03543e6d0a45033aa0c0f4accdb9a69fc75a77aa142efb1f65777603dd298884,24019,0
C:\SRS(ISIC_2019)\Dataset\NV\ISIC_0071305.jpg,isic_0071305,5,da79e8991390462406c5c1214590aec9b9254998622fb266d2dcca879eeb10a1,24032,0
C:\SRS(ISIC_2019)\Dataset\NV\ISIC_0071332.jpg,isic_0071332,5,6b14655df789877063ee67a58fd8b4e4deef99eed4be62f4717c3c97daf2e789,24036,0
C:\SRS(ISIC_2019)\Dataset\NV\ISIC_0071352.jpg,isic_0071352,5,8934a0b996ab047767acad905b7adf4fdfc5054ccebaa00d6c1dab45085c0413,24042,0
C:\SRS(ISIC_2019)\Dataset\NV\ISIC_0071353.jpg,isic_0071353,5,172c2ddff77e7e4e7117967f98775450078b15f7ea9a6d046d8b6fbfdfdaeadf,24043,0
C:\SRS(ISIC_2019)\Dataset\NV\ISIC_0071355.jpg,isic_0071355,5,a750c66c077132f71cd2d6069eb889a05ffc97946e5dc517c797ee94c02acf80,24045,0
C:\SRS(ISIC_2019)\Dataset\NV\ISIC_0071454.jpg,isic_0071454,5,b968003eee47807ca1f30d36da582c46e6469d3e9ae08697cb50fa1fda870303,24063,0
C:\SRS(ISIC_2019)\Dataset\NV\ISIC_0071457.jpg,isic_0071457,5,15c0f581bf4cb13a7ec7a09e281277f5160d0aca32a9b34a92eecb246c2cc5cf,24064,0
C:\SRS(ISIC_2019)\Dataset\NV\ISIC_0071493.jpg,isic_0071493,5,533253539fb4bdf1bfc714bf363213c0e97ece2a04574be395b057627c3d0332,24077,0
C:\SRS(ISIC_2019)\Dataset\NV\ISIC_0071501.jpg,isic_0071501,5,9788dd3cbc354cab7b8adbce160f50ab2e468fdba271975ee5fe833daaee32cc,24081,0
C:\SRS(ISIC_2019)\Dataset\NV\ISIC_0071518.jpg,isic_0071518,5,df750a0c5485093e93fd14f0a9c5f9ce21928020ed3e81847157838c72756862,24087,0
C:\SRS(ISIC_2019)\Dataset\NV\ISIC_0071519.jpg,isic_0071519,5,dbe32ae0c7e7eff4bf7c72f0d2d069059757025f7cf58f3530dbc676cbad8191,24088,0
C:\SRS(ISIC_2019)\Dataset\NV\ISIC_0071560.jpg,isic_0071560,5,8e7c8a547ad9a39cabe1e06c702b7dc0b4ee038f637e596049b2a694d3ebc1ab,24096,0
C:\SRS(ISIC_2019)\Dataset\NV\ISIC_0071572.jpg,isic_0071572,5,122813cd5ce94411f5ace97aec60ba35138aefff37c6761f1ab8d3e18fb816fd,24099,0
C:\SRS(ISIC_2019)\Dataset\NV\ISIC_0071585.jpg,isic_0071585,5,c66365e024b3f3a53f7245f19abfbd12e6850222311a63f5b3cf70948025cd2f,24101,0
C:\SRS(ISIC_2019)\Dataset\NV\ISIC_0071630.jpg,isic_0071630,5,f93f1f0af5af098acd4df372561cb962e902fdcc73302a1d2fb0dc1498edd84e,24111,0
C:\SRS(ISIC_2019)\Dataset\NV\ISIC_0071701.jpg,isic_0071701,5,cc82ebd95df1b470b2aee0feaee369ab3d9fdeec9765632e09afa50a89635f43,24125,0
C:\SRS(ISIC_2019)\Dataset\NV\ISIC_0071733.jpg,isic_0071733,5,3e89d2b3743e7c2bdafea286970a3c1bff095acf562e86a84c0fc66a942e5d3a,24129,0
C:\SRS(ISIC_2019)\Dataset\NV\ISIC_0071752.jpg,isic_0071752,5,7e42a3a9aa2f941dc900423e718cc5e39f5b9c9dc9c066ccf0a924c34b9a304b,24134,0
C:\SRS(ISIC_2019)\Dataset\NV\ISIC_0071809.jpg,isic_0071809,5,fd98054192db17ae402cf1fa45bac958e69e78cf9556ac3797b407e27700552d,24141,0
C:\SRS(ISIC_2019)\Dataset\NV\ISIC_0071840.jpg,isic_0071840,5,1e8d1b79e84dd01356f3d5f537f39b55d1e1b877bdfdb508df49879a816a375f,24152,0
C:\SRS(ISIC_2019)\Dataset\NV\ISIC_0071842.jpg,isic_0071842,5,ecfd9742136af5ac1bcfa211a670fd85acaba81c065f9f6f495aa8d4b0f963d6,24154,0
C:\SRS(ISIC_2019)\Dataset\NV\ISIC_0071860.jpg,isic_0071860,5,1b72663fa631c104ed5b9f05b4a8e00e9a15470f9c4eed96fdb7875563e1bb69,24158,0
C:\SRS(ISIC_2019)\Dataset\NV\ISIC_0071884.jpg,isic_0071884,5,168ccd124565ef647f18ba363579507c16d5b841a644137d12de1645f643e9ee,24168,0
C:\SRS(ISIC_2019)\Dataset\NV\ISIC_0071896.jpg,isic_0071896,5,4c55c318ac379142a7b0e0f90505ca7ce66fdbbb0d07a2bb712966266dbb861c,24171,0
C:\SRS(ISIC_2019)\Dataset\NV\ISIC_0071897.jpg,isic_0071897,5,246f3fd415918f34285aa84c20084428d0daefb329cc0b3600e0e6425277fca8,24172,0
C:\SRS(ISIC_2019)\Dataset\NV\ISIC_0071911.jpg,isic_0071911,5,4c0ef1b4f91c148a9701aad23072d29adf11192ce2de38e08faed4574f20f515,24175,0
C:\SRS(ISIC_2019)\Dataset\NV\ISIC_0071924.jpg,isic_0071924,5,7a172957577e2f4df0be7276c29e8bc48b969a0b652d52dfc92424546b08575d,24176,0
C:\SRS(ISIC_2019)\Dataset\NV\ISIC_0071929.jpg,isic_0071929,5,297e21f2eef0a7683404502651eae370987680bd4296b3f29323c6e1a7465b9e,24177,0
C:\SRS(ISIC_2019)\Dataset\NV\ISIC_0071966.jpg,isic_0071966,5,5dce38f6775cb2c2f1777f970577eaa9b3dc2d75c1ee6d9a2eed1a96ad7e1aa8,24182,0
C:\SRS(ISIC_2019)\Dataset\NV\ISIC_0071989.jpg,isic_0071989,5,463c60aad7a3202d9b78cf4930125079896e46264f15b24babfd84f2d63389c1,24187,0
C:\SRS(ISIC_2019)\Dataset\NV\ISIC_0071990.jpg,isic_0071990,5,188aaf0607421517853968929035f10bba3dde2fef88185cbd6a1739427abe09,24188,0
C:\SRS(ISIC_2019)\Dataset\NV\ISIC_0072011.jpg,isic_0072011,5,4f411eea0e6254f53f0bc2d27feaa996d7058a0a2536e5b6541719aea451a17a,24191,0
C:\SRS(ISIC_2019)\Dataset\NV\ISIC_0072015.jpg,isic_0072015,5,ab43bc39b238425b14483d463ccb1e749a1123314a3207aa0651820a5b0726bf,24192,0
C:\SRS(ISIC_2019)\Dataset\NV\ISIC_0072062.jpg,isic_0072062,5,a18851ee9f68e19b7ec6fce3f48fef81fe39a1a852b27dcfbf070e22f98ad67b,24201,0
C:\SRS(ISIC_2019)\Dataset\NV\ISIC_0072068.jpg,isic_0072068,5,8a065de5a0ce8f398c3a4d5f38fb229b5ffae3c7f184acf00b9b2e843273db38,24202,0
C:\SRS(ISIC_2019)\Dataset\NV\ISIC_0072085.jpg,isic_0072085,5,37f833565f7941e5be6f8d0107d67e87cdbff7ebc78de5635f31c92706afce5e,24208,0
C:\SRS(ISIC_2019)\Dataset\NV\ISIC_0072170.jpg,isic_0072170,5,9ea5132186d6453efb3a95010ba36be5f2ca140a5b3a0379d64f64da49208605,24230,0
C:\SRS(ISIC_2019)\Dataset\NV\ISIC_0072185.jpg,isic_0072185,5,7c4f26813260c26b9eb87d22433f2611a657267b8c0fdde82a715b0ca9ed5b32,24234,0
C:\SRS(ISIC_2019)\Dataset\NV\ISIC_0072320.jpg,isic_0072320,5,21539cadcd5aa217881f0731aeef20c0ee1594015f33a7aa0391c957ba712b62,24260,0
C:\SRS(ISIC_2019)\Dataset\NV\ISIC_0072346.jpg,isic_0072346,5,2b50ce46edccf8fde47a0acf7b395e267c0e236eb6463f0d4f22e1ffe6ca4e45,24268,0
C:\SRS(ISIC_2019)\Dataset\NV\ISIC_0072392.jpg,isic_0072392,5,71e19754993ec6ea4b606ff55a6e84e262586fb1341391690574948916f967f1,24273,0
C:\SRS(ISIC_2019)\Dataset\NV\ISIC_0072420.jpg,isic_0072420,5,91f886eb19ce67d1f1dae53b3ce4254a78e4d118db2a9612268d8722b3c6f1f3,24278,0
C:\SRS(ISIC_2019)\Dataset\NV\ISIC_0072423.jpg,isic_0072423,5,7a4c223e76ecb5157c1b30e079bdebf3585d924568ed27a072c042e8c492eb51,24279,0
C:\SRS(ISIC_2019)\Dataset\NV\ISIC_0072446.jpg,isic_0072446,5,a25683c49a990b7ba5b68cd83ed4ed75cbdbe482a1b741bec0104d0ba420b032,24285,0
C:\SRS(ISIC_2019)\Dataset\NV\ISIC_0072458.jpg,isic_0072458,5,b0bf1c20cdf3c486e783b2419a6ad2f91989d8cfc47090d5d82cdd9c0e6d3a87,24288,0
C:\SRS(ISIC_2019)\Dataset\NV\ISIC_0072467.jpg,isic_0072467,5,da7c10c345f555b646687fb2193a18073a644e5f7540ee6e7d64276acf4b7342,24289,0
C:\SRS(ISIC_2019)\Dataset\NV\ISIC_0072488.jpg,isic_0072488,5,17ab77e92ff279d53c87cfd4fe1b75b4cac56515a4373b35ac6cda947738590d,24292,0
C:\SRS(ISIC_2019)\Dataset\NV\ISIC_0072500.jpg,isic_0072500,5,86ac24fb4e212d5d5f210530dc909d78d4d28303d107cea8784d651fdfc00586,24293,0
C:\SRS(ISIC_2019)\Dataset\NV\ISIC_0072512.jpg,isic_0072512,5,1a5bafeb682d12bbc623e6d25568fbfe7ccb3813d1edd41dc59cfbe4087f7f77,24296,0
C:\SRS(ISIC_2019)\Dataset\NV\ISIC_0072530.jpg,isic_0072530,5,37715e49a88a15e0252844df7fdbbdc8f2254104c167d4776dbe6d4dcc29159c,24301,0
C:\SRS(ISIC_2019)\Dataset\NV\ISIC_0072579.jpg,isic_0072579,5,9bac23fd2d196c363716efa3298bfc9b7c27a813179a109022e3c7309d602b0c,24310,0
C:\SRS(ISIC_2019)\Dataset\NV\ISIC_0072633.jpg,isic_0072633,5,88c1d3ae42e17ed7e872c7361f918f808b9c226317e76366932415a56d25fa49,24319,0
C:\SRS(ISIC_2019)\Dataset\NV\ISIC_0072650.jpg,isic_0072650,5,a6a1fad8496193c2cbfa0be03929423401506befd7a0b6281cbb3bb24552e187,24325,0
C:\SRS(ISIC_2019)\Dataset\NV\ISIC_0072657.jpg,isic_0072657,5,4bb262e959d3f87728f545e7c133bdcac69dd6ad3f2c9cc3deec34168d29ed1d,24326,0
C:\SRS(ISIC_2019)\Dataset\NV\ISIC_0072717.jpg,isic_0072717,5,6552be6c149567b5d6ad01af0f7f0da0cf35f6ac7822750a6379f6d8f21dce9e,24338,0
C:\SRS(ISIC_2019)\Dataset\NV\ISIC_0072739.jpg,isic_0072739,5,a03338df310a4c49cadfc7e576037069d43eb2141c8cf57b0ab26212d1308ea8,24342,0
C:\SRS(ISIC_2019)\Dataset\NV\ISIC_0072775.jpg,isic_0072775,5,83d0a9aaea4bae039321b30280e10be05b83ddf868b6be6e2fd41ccf0b1def40,24352,0
C:\SRS(ISIC_2019)\Dataset\NV\ISIC_0072777.jpg,isic_0072777,5,109136cf151f1ab7c68423f26cb332cb3a8d50ccc8638681904949f3b7815a8a,24353,0
C:\SRS(ISIC_2019)\Dataset\NV\ISIC_0072858.jpg,isic_0072858,5,3955851211af60af6740678b89efa0aebd360054e2fec14d784def8607cc69e8,24370,0
C:\SRS(ISIC_2019)\Dataset\NV\ISIC_0072893.jpg,isic_0072893,5,dbf0c836daa485d7201584b80b650bdfdfc98d9f90963bf996dd14d32465613a,24380,0
C:\SRS(ISIC_2019)\Dataset\NV\ISIC_0072894.jpg,isic_0072894,5,469c2bc5f0fee669aacdcfa4c791c3b20bc9f9df9d9d890188648081e8e35f10,24381,0
C:\SRS(ISIC_2019)\Dataset\NV\ISIC_0072943.jpg,isic_0072943,5,df221141ee56533c09a5401db9713994696bac113bfd3856c823410027ecf2d2,24388,0
C:\SRS(ISIC_2019)\Dataset\NV\ISIC_0073003.jpg,isic_0073003,5,4241244b2ff82926655b1ed0e22c37f98237bef9e86da8320ae0dc81b98959f0,24397,0
C:\SRS(ISIC_2019)\Dataset\NV\ISIC_0073020.jpg,isic_0073020,5,1cc21b51ff1652c8662f2bc783cc708a1bb55d787390c899f6c9f475ec997942,24401,0
C:\SRS(ISIC_2019)\Dataset\NV\ISIC_0073025.jpg,isic_0073025,5,20e8ad10b21a35a2bb44fe0877aa3380b473f319a3ba86385d829cdb9ae09e40,24402,0
C:\SRS(ISIC_2019)\Dataset\NV\ISIC_0073086.jpg,isic_0073086,5,9136f8b167b0d539ca23ed761743b1082c061c7bbbeed32ce1e185f3a5f9560d,24412,0
C:\SRS(ISIC_2019)\Dataset\NV\ISIC_0073146.jpg,isic_0073146,5,c30c58c3bef27f54ad4c0ea4a1a1af5ae743077a6024fd29718c3560da6990e2,24420,0
C:\SRS(ISIC_2019)\Dataset\NV\ISIC_0073171.jpg,isic_0073171,5,d53a03e6fb4999f921f6b2aca98081515e68caeed1b564b1a8f8879bcd00141e,24425,0
C:\SRS(ISIC_2019)\Dataset\NV\ISIC_0073183.jpg,isic_0073183,5,503ed771f5c6ffd56c29419ba25954cfcc29f7522d931b3be5b74b447be75d42,24428,0
C:\SRS(ISIC_2019)\Dataset\NV\ISIC_0073202.jpg,isic_0073202,5,95aa300b3b8ee06edb95b798e8b6d476930e5e662f7405acbdda5b9f8fce2cf7,24433,0
C:\SRS(ISIC_2019)\Dataset\NV\ISIC_0073212.jpg,isic_0073212,5,de795ac71307814cbb20273470bf5d1861b0ee803dea11dfdea81955b87f9bff,24437,0
C:\SRS(ISIC_2019)\Dataset\NV\ISIC_0073244.jpg,isic_0073244,5,44f72c8301a914d9e8a440dcf6bdbece14f31b3b685598a1be712508e8a76075,24443,0
C:\SRS(ISIC_2019)\Dataset\SCC\ISIC_0024522.jpg,isic_0024522,6,745cb0c7f4c76a3d29db5917159cd74986fa8df92617399fddd876ae001d35c6,24452,0
C:\SRS(ISIC_2019)\Dataset\SCC\ISIC_0024539.jpg,isic_0024539,6,06ba5ec0bd28400d6b24c91e43141cc74d29ae76f7a9363ee6b97eccc473540b,24453,0
C:\SRS(ISIC_2019)\Dataset\SCC\ISIC_0025130.jpg,isic_0025130,6,89a5c9e39d9bd83b8e390d04a2c79236617b40d6e237bec989beacb4488ef647,24465,0
C:\SRS(ISIC_2019)\Dataset\SCC\ISIC_0025358.jpg,isic_0025358,6,863308be95b090f48bad882e8f2c8b430c3007c7424510f44253e6f42e52f92c,24474,0
C:\SRS(ISIC_2019)\Dataset\SCC\ISIC_0025471.jpg,isic_0025471,6,646853b8a4b931a3c6aa6830f415fcd903553b70244ff3f2369ad3ebd47efa70,24476,0
C:\SRS(ISIC_2019)\Dataset\SCC\ISIC_0025577.jpg,isic_0025577,6,60b983dc892970ccdaabd7e1ebd0269f5f5d462182a201a5f680721713cf602e,24478,0
C:\SRS(ISIC_2019)\Dataset\SCC\ISIC_0025637.jpg,isic_0025637,6,4f581cd6e50f28bfc0c740217188ad4dc72a9fe5dd39edc14a3d1bfd8c6c0818,24479,0
C:\SRS(ISIC_2019)\Dataset\SCC\ISIC_0025790.jpg,isic_0025790,6,5b42cf94f15e93944340996ff950314f8bb64093a2a43935f7938cb646d32b93,24482,0
C:\SRS(ISIC_2019)\Dataset\SCC\ISIC_0026492.jpg,isic_0026492,6,74bbb0a50940d052144d85317fcf14c2f9a5e172ee3ec5f1bbc38113eb278a04,24502,0
C:\SRS(ISIC_2019)\Dataset\SCC\ISIC_0027084.jpg,isic_0027084,6,8345ba56ac723a812b2dfad7bdc240dc8d2e3fccdfeb109a716c46357d97ffd7,24512,0
C:\SRS(ISIC_2019)\Dataset\SCC\ISIC_0027231.jpg,isic_0027231,6,f97f15717b580136d3c8190ede3ccaa41dd40602c4549a4aa8be3e61fdc77638,24515,0
C:\SRS(ISIC_2019)\Dataset\SCC\ISIC_0027303.jpg,isic_0027303,6,098bb58b982c7fa63dfcb46d5e591d47091ad857c6f607802d5b246b79049bd8,24517,0
C:\SRS(ISIC_2019)\Dataset\SCC\ISIC_0027506.jpg,isic_0027506,6,6a68ebcd6278b81e95d02e335b1bf8f02c4e42b8cb571659045c5cf779f2e295,24519,0
C:\SRS(ISIC_2019)\Dataset\SCC\ISIC_0028335.jpg,isic_0028335,6,34391878583cf98580cd9a14372fdc7ed110e0379b54169d1ac93ccaf0c5ff88,24536,0
C:\SRS(ISIC_2019)\Dataset\SCC\ISIC_0028644.jpg,isic_0028644,6,5fcee17c7f7be3d4e1ef09b936704dfdf6d1efb5b510ecda3b95f3117f85d93f,24540,0
C:\SRS(ISIC_2019)\Dataset\SCC\ISIC_0028816.jpg,isic_0028816,6,807ed38e850d26eab670bcc58df35326caa3159dac65e7934879710e79138369,24545,0
C:\SRS(ISIC_2019)\Dataset\SCC\ISIC_0029268.jpg,isic_0029268,6,0813618fac5fd24530b19f8dba9652f11a95d63c61d4fc55690e803d2da5199a,24551,0
C:\SRS(ISIC_2019)\Dataset\SCC\ISIC_0029279.jpg,isic_0029279,6,05fc71bb96601f2551b269f6e91600d9b51a0c451e322278643de0854510adf7,24552,0
C:\SRS(ISIC_2019)\Dataset\SCC\ISIC_0029315.jpg,isic_0029315,6,05a2e46b2a69cf40b4abdc62ab0056e15f65a0abad450a39ae0968a3ebf4ddfa,24553,0
C:\SRS(ISIC_2019)\Dataset\SCC\ISIC_0029541.jpg,isic_0029541,6,30bcf015255f3713d377211ad298b892dbff218a0653977d4fa79fea5f8f647d,24560,0
C:\SRS(ISIC_2019)\Dataset\SCC\ISIC_0029563.jpg,isic_0029563,6,d7f9e553ac3dfde974b072bccad836dd9fe38c6fb35a4e6e91beca802a971379,24562,0
C:\SRS(ISIC_2019)\Dataset\SCC\ISIC_0029610.jpg,isic_0029610,6,4cf69078c44cba3515b836644a6a678368608576d4db2768b2b4511d515524f6,24567,0
C:\SRS(ISIC_2019)\Dataset\SCC\ISIC_0029811.jpg,isic_0029811,6,fdd9f27477619336968bfeb20f7b606aeb05ba26bcae9e7ebb8502ea253fca50,24571,0
C:\SRS(ISIC_2019)\Dataset\SCC\ISIC_0030158.jpg,isic_0030158,6,31f71b510a4c8ca154520a2c6eec45bdd5075b4447517a90edb0ae81bae8b5e3,24576,0
C:\SRS(ISIC_2019)\Dataset\SCC\ISIC_0030803.jpg,isic_0030803,6,6b67057b1795deeb18339a32d8a6f5550e3d37205aadb0b06258ef97ae991742,24593,0
C:\SRS(ISIC_2019)\Dataset\SCC\ISIC_0030821.jpg,isic_0030821,6,c5253e0d924766d776764362ea5f74a6c31ec8d48b6d9ea768c27902d9b5b943,24594,0
C:\SRS(ISIC_2019)\Dataset\SCC\ISIC_0030991.jpg,isic_0030991,6,f7495bcb9d496e3c5b767bd17b111942a3512057f65326496c4a02ce4a6b6113,24599,0
C:\SRS(ISIC_2019)\Dataset\SCC\ISIC_0031043.jpg,isic_0031043,6,a97a8174e47a1b76484df40c7115d441a2480182e132fccbb5c7aaf6571745ce,24601,0
C:\SRS(ISIC_2019)\Dataset\SCC\ISIC_0031570.jpg,isic_0031570,6,e8cf86ac970be3c711d43da4795dc8704bd2c0f7c941e8228a7cab4e1a503c18,24610,0
C:\SRS(ISIC_2019)\Dataset\SCC\ISIC_0031578.jpg,isic_0031578,6,912575993f17a226b15f5fe95825108c0311258caf36725a873b44439fb7e45f,24611,0
C:\SRS(ISIC_2019)\Dataset\SCC\ISIC_0031692.jpg,isic_0031692,6,5e148e22b635f7041333eb3c8e60909e0e8e7834ebbe6c08dbf64eb5e1c7a945,24614,0
C:\SRS(ISIC_2019)\Dataset\SCC\ISIC_0031738.jpg,isic_0031738,6,aeb66f26b2e929cf65ae716a10fe88f52794e493c115706c5784866af6dde126,24615,0
C:\SRS(ISIC_2019)\Dataset\SCC\ISIC_0032014.jpg,isic_0032014,6,7c13bc065857b71117b4bcd93964b732c0bb32084624274023f2c1cddc9ee794,24623,0
C:\SRS(ISIC_2019)\Dataset\SCC\ISIC_0033000.jpg,isic_0033000,6,7f8ee68738d325fdde56f927632326b207eff81252a1e91ef1108c2a953d8f6c,24637,0
C:\SRS(ISIC_2019)\Dataset\SCC\ISIC_0033084.jpg,isic_0033084,6,a068805efa5069330ac3e2c3b679493d404924dec508702b23107f7d10422bda,24638,0
C:\SRS(ISIC_2019)\Dataset\SCC\ISIC_0033550.jpg,isic_0033550,6,86a2d45ae8db144bc753b1cfdbe6214f087dd29bc77a2f0b363008466a771035,24641,0
C:\SRS(ISIC_2019)\Dataset\SCC\ISIC_0053602.jpg,isic_0053602,6,89d15dcf4a857eead0b78d594db206a8d7f22fad2ac0233adc37b16cd66ad422,24648,0
C:\SRS(ISIC_2019)\Dataset\SCC\ISIC_0053684.jpg,isic_0053684,6,0a067488b667aa9c01948a268659135122c1884cd9d837e573cc4ec11ddc6c1c,24650,0
C:\SRS(ISIC_2019)\Dataset\SCC\ISIC_0053903.jpg,isic_0053903,6,265fcd9df5531997d450ad0cd3f1a917ad9e0d7b1ef24e7b3874b0bc2efa6d14,24653,0
C:\SRS(ISIC_2019)\Dataset\SCC\ISIC_0054030.jpg,isic_0054030,6,06ebeb7283e16f04327fa24d1316cd143dece47c4a48e2e6885c883225b8f31f,24656,0
C:\SRS(ISIC_2019)\Dataset\SCC\ISIC_0054342.jpg,isic_0054342,6,0ca9cc7a63597fa0489b725272e3242f607f861cb4809f01b90d35446140d8ea,24664,0
C:\SRS(ISIC_2019)\Dataset\SCC\ISIC_0054378.jpg,isic_0054378,6,8b62389610cd677576cba818417fd16dd03718977f4bc95f21c00df967a35817,24665,0
C:\SRS(ISIC_2019)\Dataset\SCC\ISIC_0054644.jpg,isic_0054644,6,38ee31e8ee5fd22323f05fd100c244f5d267e26f7f6859e1a679c20155ed30b6,24670,0
C:\SRS(ISIC_2019)\Dataset\SCC\ISIC_0055107.jpg,isic_0055107,6,105d140255f56359514dfccb3b357c0e448ba2039f2aad25dad709b492720976,24677,0
C:\SRS(ISIC_2019)\Dataset\SCC\ISIC_0055112.jpg,isic_0055112,6,cd33466f54c64d0af0b5d6aeef733ebfb388164bd4247c986ae4894905379627,24678,0
C:\SRS(ISIC_2019)\Dataset\SCC\ISIC_0055449.jpg,isic_0055449,6,e904e7c7264211eef5079247cec61f57b5d8d6f075a5710c821f12cd62d8be8c,24687,0
C:\SRS(ISIC_2019)\Dataset\SCC\ISIC_0055469.jpg,isic_0055469,6,4e603133b7de2313ed933c13e0c217fa86b8764336544bc29e114b36831b0a13,24688,0
C:\SRS(ISIC_2019)\Dataset\SCC\ISIC_0055815.jpg,isic_0055815,6,2e13c971cde206819f1764b43d4d4e9f3e9feeaa8c8cd4dd22ee1e5f807a470e,24692,0
C:\SRS(ISIC_2019)\Dataset\SCC\ISIC_0055956.jpg,isic_0055956,6,6638d156ec2d8fc819652c4fa7fe3cb399019d2efed8ee9a39d413e5b1e1849d,24697,0
C:\SRS(ISIC_2019)\Dataset\SCC\ISIC_0056956.jpg,isic_0056956,6,b6005b6b306f6a7387f5d04f0e2c010da13e09a8dab21495dd987ec437490195,24718,0
C:\SRS(ISIC_2019)\Dataset\SCC\ISIC_0057041.jpg,isic_0057041,6,dc58e04951f58ea18b49499757e2f81238001c2d53a8d0016968a5e08e8379d5,24719,0
C:\SRS(ISIC_2019)\Dataset\SCC\ISIC_0057121.jpg,isic_0057121,6,d29f3618c5493838331aa4e352baf85d485010344f06a5f84015dfd6a791557f,24722,0
C:\SRS(ISIC_2019)\Dataset\SCC\ISIC_0057182.jpg,isic_0057182,6,e7d1798a31b7546e95605c7d2433a77844354e1a94374c5753141db1621915e1,24724,0
C:\SRS(ISIC_2019)\Dataset\SCC\ISIC_0057361.jpg,isic_0057361,6,07b4596e243d6d97211079b52cba5c1acb6b4f7543b844852564af754ff1ebf6,24730,0
C:\SRS(ISIC_2019)\Dataset\SCC\ISIC_0057492.jpg,isic_0057492,6,215d8bbfaee0590fc6fa204b39df8b178a004f9b77f8db5feadb23c7053e88a2,24734,0
C:\SRS(ISIC_2019)\Dataset\SCC\ISIC_0057865.jpg,isic_0057865,6,abdee0832899f812c02631932d13a67f6618d5b1b85766ddc5697c50c49ae140,24742,0
C:\SRS(ISIC_2019)\Dataset\SCC\ISIC_0057890.jpg,isic_0057890,6,7d42a092a09f5ed396e806b6b9090c2f7c76581d5b116f4dd44c2ab9b5ad8ec3,24744,0
C:\SRS(ISIC_2019)\Dataset\SCC\ISIC_0057962.jpg,isic_0057962,6,f8489a4b5d76956f06fcd1c36687d3980d35cf6a36a54d11aab2a95acfe6d88e,24747,0
C:\SRS(ISIC_2019)\Dataset\SCC\ISIC_0058051.jpg,isic_0058051,6,14fa712e230156f4a07b4a2f8d46181427f89d011ae1fc21c88e557d75eb30ed,24750,0
C:\SRS(ISIC_2019)\Dataset\SCC\ISIC_0058515.jpg,isic_0058515,6,c254e63f246b070e966697aeeac1399c01e2b774583710fa5422a420c41019dd,24760,0
C:\SRS(ISIC_2019)\Dataset\SCC\ISIC_0058622.jpg,isic_0058622,6,74a768a6bbbe5532b601ebe25720a71e99afeefc55611c5535714ddb569b515d,24762,0
C:\SRS(ISIC_2019)\Dataset\SCC\ISIC_0058690.jpg,isic_0058690,6,825cfdfafab3711539923640089bfbdc4f3ed3c4a15a6ec334bd9db21e1130b8,24765,0
C:\SRS(ISIC_2019)\Dataset\SCC\ISIC_0058741.jpg,isic_0058741,6,7070e6ccef9344953d9acdbae9afbe7a503b00983fbb142b8d4d73a2a4b72fc8,24766,0
C:\SRS(ISIC_2019)\Dataset\SCC\ISIC_0058893.jpg,isic_0058893,6,f5371ea61dbfab9f573beaa3d25d65b06401c8d90cd4fef20dc80d9d594b1696,24767,0
C:\SRS(ISIC_2019)\Dataset\SCC\ISIC_0059765.jpg,isic_0059765,6,3d59683b9254b45bfd12366d8374697b1f476e4207ef559253b0b1a96285c8be,24785,0
C:\SRS(ISIC_2019)\Dataset\SCC\ISIC_0060059.jpg,isic_0060059,6,069d4f5bacf21e0f3b2964df2c49b856c2d5584325ae74e30fa7051407fed1c2,24792,0
C:\SRS(ISIC_2019)\Dataset\SCC\ISIC_0060077.jpg,isic_0060077,6,4a6a3697c2a21d20b7e84da00327102fbf464ab658b3b46c9d9093b567237068,24793,0
C:\SRS(ISIC_2019)\Dataset\SCC\ISIC_0060356.jpg,isic_0060356,6,e7f4be5803afbdccc33a8e5a0eb1fada155cf6436d7151b20db8cb507cc32c89,24800,0
C:\SRS(ISIC_2019)\Dataset\SCC\ISIC_0060774.jpg,isic_0060774,6,e4f0173e31cc35846a2de16bb9deb1b538df7743724c21128cf97c25b8c9430c,24808,0
C:\SRS(ISIC_2019)\Dataset\SCC\ISIC_0061041.jpg,isic_0061041,6,7945fc27281c4c7479413f792bb320a30811a7a40fa7f30b07c6797ead0474ca,24815,0
C:\SRS(ISIC_2019)\Dataset\SCC\ISIC_0061937.jpg,isic_0061937,6,658f562e0cf043157ef90e1fb99e826c4b1cf5591cc0081d5cb35b9e5410d73a,24836,0
C:\SRS(ISIC_2019)\Dataset\SCC\ISIC_0062362.jpg,isic_0062362,6,58fbfd1f8059e7414c41ebfebd063722132be032a9997d2a86680605fbd5a569,24843,0
C:\SRS(ISIC_2019)\Dataset\SCC\ISIC_0062409.jpg,isic_0062409,6,76067fd42330a2bf673564ea49ec2def9343c771ef9f0f881f2d29003c1310aa,24845,0
C:\SRS(ISIC_2019)\Dataset\SCC\ISIC_0062661.jpg,isic_0062661,6,3a9767885810b0b37d83a923951e356afb543b0b4df40aaa369b24c0a4c9f9e6,24851,0
C:\SRS(ISIC_2019)\Dataset\SCC\ISIC_0063047.jpg,isic_0063047,6,7812df8979caa511222ae7dbb3bc84520b74233b6ad56f406a7b2533c3f3f2c5,24855,0
C:\SRS(ISIC_2019)\Dataset\SCC\ISIC_0063085.jpg,isic_0063085,6,f95831cc1a509c5e22deb431466afb2296a6e8bc5aa0cde2df120826146a627d,24856,0
C:\SRS(ISIC_2019)\Dataset\SCC\ISIC_0063855.jpg,isic_0063855,6,3b87665173ac670f42a87e8bc41de84733d706a0c094b4836a382dea359155b9,24873,0
C:\SRS(ISIC_2019)\Dataset\SCC\ISIC_0063994.jpg,isic_0063994,6,cfe551c376c4680d9ef790bc1e4936e18f91d0d7ec62dcd7e68bcaa8893f06d6,24874,0
C:\SRS(ISIC_2019)\Dataset\SCC\ISIC_0064358.jpg,isic_0064358,6,d875f71c8d9d647837ec0f10736b88a7b9fdba046f421a912af863486e6e6df6,24884,0
C:\SRS(ISIC_2019)\Dataset\SCC\ISIC_0065018.jpg,isic_0065018,6,971936fe082025f7f2444d8c610a4bce09e62e1f3c54f9c507235c71380a6d24,24898,0
C:\SRS(ISIC_2019)\Dataset\SCC\ISIC_0065343.jpg,isic_0065343,6,da1c40acc29248afd094ed8fe74567eafa04dcefb9d966bbbfc5ada56936dada,24902,0
C:\SRS(ISIC_2019)\Dataset\SCC\ISIC_0065455.jpg,isic_0065455,6,924fc9308d2d288a59ddfa05fa1c94805575de9f8fec94b7af2b76c116ebc854,24903,0
C:\SRS(ISIC_2019)\Dataset\SCC\ISIC_0066263.jpg,isic_0066263,6,e946ad78d4f9ae5fa584154093db9431bd7843fd83be619126db57b4bee0c355,24916,0
C:\SRS(ISIC_2019)\Dataset\SCC\ISIC_0066656.jpg,isic_0066656,6,20b7e1332abc4a6f72908718b39728ed7e3c72558e7bc88a2866524dc0a885bb,24922,0
C:\SRS(ISIC_2019)\Dataset\SCC\ISIC_0066688.jpg,isic_0066688,6,567e2b1aab24176c410dd12b5ee1af38bcbecd088486737863cab74c63aa574b,24924,0
C:\SRS(ISIC_2019)\Dataset\SCC\ISIC_0066787.jpg,isic_0066787,6,cffc940a675c6d4c267b5f7f41e390d7ce57de732e6119bf5b8312a4842ae9d2,24927,0
C:\SRS(ISIC_2019)\Dataset\SCC\ISIC_0066856.jpg,isic_0066856,6,0ce16b4fc55a2187cda439746f9d17026d413cffa84c30e7e0bf702833556ccc,24929,0
C:\SRS(ISIC_2019)\Dataset\SCC\ISIC_0067280.jpg,isic_0067280,6,2fd2ed50e285e965f4c8543662f5a5407cc7acff2a51b490e50a2f722f4a0d17,24943,0
C:\SRS(ISIC_2019)\Dataset\SCC\ISIC_0067982.jpg,isic_0067982,6,dd73128ba84aba275b43191b44b23c35fc071e3397cd26d5f2fd27d75bac66e4,24957,0
C:\SRS(ISIC_2019)\Dataset\SCC\ISIC_0068229.jpg,isic_0068229,6,eb6e6962a98d81bfda02fa4cf8dda73436ba3bf57ba92cad97c4a269b574b296,24961,0
C:\SRS(ISIC_2019)\Dataset\SCC\ISIC_0068481.jpg,isic_0068481,6,e48f482e965a65aab54fcfec4fc66b2172b69e7601f13cc4e1a531cec2968a47,24969,0
C:\SRS(ISIC_2019)\Dataset\SCC\ISIC_0068572.jpg,isic_0068572,6,79ca06bba17808b2634833bb05c19709b53ee0e5a79fd35707ed902c1f0d0bd0,24974,0
C:\SRS(ISIC_2019)\Dataset\SCC\ISIC_0068664.jpg,isic_0068664,6,274eec89c7a200e0183c93c9f3b957c7baea97d1e63c0cc75435d604f820200f,24976,0
C:\SRS(ISIC_2019)\Dataset\SCC\ISIC_0068666.jpg,isic_0068666,6,c96b32d0efa3f57dd6727ac4aa883afafa00a72559173da9c2365a741ef753e9,24977,0
C:\SRS(ISIC_2019)\Dataset\SCC\ISIC_0068729.jpg,isic_0068729,6,c904eb0ff2dc0c1f0647a595d9e3a582a0a776b56345b69a5868f3e60a08359c,24979,0
C:\SRS(ISIC_2019)\Dataset\SCC\ISIC_0068997.jpg,isic_0068997,6,e7c9e2564b36c2dc037a95e91248ba5e4e20dd2fc43e4a52d32340510c80584c,24986,0
C:\SRS(ISIC_2019)\Dataset\SCC\ISIC_0069271.jpg,isic_0069271,6,4e8ce345c8dfa893b8a9fc312ecf6e405bed9add396c60cd6bb398a62d527952,24992,0
C:\SRS(ISIC_2019)\Dataset\SCC\ISIC_0069428.jpg,isic_0069428,6,feb73b12917b1e34e2fca4397a803f094362af7532b6acb40ce0642634b24f60,24996,0
C:\SRS(ISIC_2019)\Dataset\SCC\ISIC_0069914.jpg,isic_0069914,6,ed116488e7ff2cfd7ccb7a39eb7ebe146bd3ea8ae3c7418111724a29d21b992e,25002,0
C:\SRS(ISIC_2019)\Dataset\SCC\ISIC_0070704.jpg,isic_0070704,6,aab4d485bc707918be4e5cf56efa4fb9c08d2be6a51b43abf40ca47704c22be5,25021,0
C:\SRS(ISIC_2019)\Dataset\SCC\ISIC_0070719.jpg,isic_0070719,6,4cea4c66da462f50bfede6ab5a135bb21debffa5a8b557fc43b3bc4395e553c8,25022,0
C:\SRS(ISIC_2019)\Dataset\SCC\ISIC_0071077.jpg,isic_0071077,6,cbbd08336f2f9cff4c57c60cedf29b07883cd0a916258700e02652a714b13bed,25029,0
C:\SRS(ISIC_2019)\Dataset\SCC\ISIC_0071795.jpg,isic_0071795,6,2b6771982dc7ad8a911a170e1e015eb7b42920cf5c909edd2c13a4646efac0ec,25042,0
C:\SRS(ISIC_2019)\Dataset\SCC\ISIC_0072519.jpg,isic_0072519,6,63a5fb1be404b80b9b7843e2d7d0cd88380bc299da236bf36fb1944bddff6fc9,25057,0
C:\SRS(ISIC_2019)\Dataset\SCC\ISIC_0072628.jpg,isic_0072628,6,6a578bb79f9ac6dfba03b104a888cffac997d6de78514469e3c89778290cf6cf,25060,0
C:\SRS(ISIC_2019)\Dataset\SCC\ISIC_0072708.jpg,isic_0072708,6,df39d3dfe9638258a5f76e023cd08cff005768792875b02e3ca5b1107367bed0,25061,0
C:\SRS(ISIC_2019)\Dataset\SCC\ISIC_0072869.jpg,isic_0072869,6,9c4c939b94ac526082b5114acb999a83663bf5ab81cd672190ed6a934b4b565f,25065,0
C:\SRS(ISIC_2019)\Dataset\SCC\ISIC_0073195.jpg,isic_0073195,6,d159f335dc4340ec5f91a0ee599f28349ef1b8ab5b8c731f9d7cdce314b4bc90,25072,0
C:\SRS(ISIC_2019)\Dataset\SCC\ISIC_0073223.jpg,isic_0073223,6,b229b574515091a3d090463b21b01e6484b8981cdba85b6daa955a67f130ac51,25073,0
C:\SRS(ISIC_2019)\Dataset\VASC\ISIC_0024402.jpg,isic_0024402,7,69858b574c3cdc4c8f2b317ceb90ebe228be61802de6a906099c718ad4a1a6c9,25076,0
C:\SRS(ISIC_2019)\Dataset\VASC\ISIC_0024475.jpg,isic_0024475,7,39a267090bad11de8cbac846909cc6110688f9b3c20ed1fb3894bed91dd441a4,25077,0
C:\SRS(ISIC_2019)\Dataset\VASC\ISIC_0025197.jpg,isic_0025197,7,c10b7b06c8fd634a781dfe79d0a867962cb8ca9194faf41c3e3d6f8d1e6dfa3d,25084,0
C:\SRS(ISIC_2019)\Dataset\VASC\ISIC_0025250.jpg,isic_0025250,7,59ce6adfd6447cff13cc66765788fb7044018b1323d6dea9050c7d286beeed4c,25087,0
C:\SRS(ISIC_2019)\Dataset\VASC\ISIC_0025452.jpg,isic_0025452,7,4bc1ce1258db5083fc6e652ac290f25b8af7283427e5fbc086056f1249fa2a34,25090,0
C:\SRS(ISIC_2019)\Dataset\VASC\ISIC_0025606.jpg,isic_0025606,7,2e9e8692753212264c1ed74c4c7670d3a8292a66a816da1a03e0bc8f50644309,25094,0
C:\SRS(ISIC_2019)\Dataset\VASC\ISIC_0025628.jpg,isic_0025628,7,2b8818441330a6dc0ba908e422df290c84c3692fcdc1965646a8444aac959c09,25096,0
C:\SRS(ISIC_2019)\Dataset\VASC\ISIC_0026068.jpg,isic_0026068,7,b5d7c9322197d7068d8d05f92709d47480f73a0aaf6bea9fc1b4868923fe4f87,25103,0
C:\SRS(ISIC_2019)\Dataset\VASC\ISIC_0026163.jpg,isic_0026163,7,d6d5b36ef6f8d315b529ce952006e9b2aebecd1a558e9762bf7e59f24403c3f8,25105,0
C:\SRS(ISIC_2019)\Dataset\VASC\ISIC_0026336.jpg,isic_0026336,7,5b6ad9fb7268599e0b5e9883ddce59f0315965203df60ce7f9a7c5960e47cfe3,25106,0
C:\SRS(ISIC_2019)\Dataset\VASC\ISIC_0026876.jpg,isic_0026876,7,776b28c8bfd231125ec169f924cbe2912633497a9f2566d7b6ad3abba2d734bb,25114,0
C:\SRS(ISIC_2019)\Dataset\VASC\ISIC_0027210.jpg,isic_0027210,7,af5a662ad18d61a1c56c12930a4a964c8417252f076cae1a22b97a3f455437e0,25116,0
C:\SRS(ISIC_2019)\Dataset\VASC\ISIC_0027672.jpg,isic_0027672,7,2aaecc9e78e41cbf5cccbfe9099fcfaad4ee3d993bbcef6d05c9c881f8228b0f,25123,0
C:\SRS(ISIC_2019)\Dataset\VASC\ISIC_0027983.jpg,isic_0027983,7,1964003c29aa073b8efdfbe5a1a263e2022c61fc68b8f238f93b8047e8daa9a7,25129,0
C:\SRS(ISIC_2019)\Dataset\VASC\ISIC_0028163.jpg,isic_0028163,7,692c640bca08d9f892ecaed5c51264e9d8509f9641fa9c0c7337f92d168d6e20,25131,0
C:\SRS(ISIC_2019)\Dataset\VASC\ISIC_0029608.jpg,isic_0029608,7,19f0854ff129173f113d143a388f2603664e36d8f3e91af03a49741d11fe0ff6,25144,0
C:\SRS(ISIC_2019)\Dataset\VASC\ISIC_0030882.jpg,isic_0030882,7,2efe2dfbeb7fa471768c66893628c1512319e3d5d0da52a313633ffdd7cc56e0,25155,0
C:\SRS(ISIC_2019)\Dataset\VASC\ISIC_0031201.jpg,isic_0031201,7,f017adf74b23f26103c239789e318a06b2027303d95c1e34cf64433a30a656f5,25162,0
C:\SRS(ISIC_2019)\Dataset\VASC\ISIC_0031270.jpg,isic_0031270,7,e429118dd080595af85602f1c504489b96d2b5f21df5bf0424d561d4fed12438,25165,0
C:\SRS(ISIC_2019)\Dataset\VASC\ISIC_0031276.jpg,isic_0031276,7,27bf23a69f335d448216986c21114c1bf371dfa5153bc07d5589f3100a864ea7,25166,0
C:\SRS(ISIC_2019)\Dataset\VASC\ISIC_0031901.jpg,isic_0031901,7,836a77b108a1e7e582efa9af0c75bc0fb8c430361df2929746de512823d2fad0,25172,0
C:\SRS(ISIC_2019)\Dataset\VASC\ISIC_0032545.jpg,isic_0032545,7,92bf4b0e9e85017ed5860e3687ae4a43d4ea01dae08c5b230f8b0664dc3c194d,25182,0
C:\SRS(ISIC_2019)\Dataset\VASC\ISIC_0032839.jpg,isic_0032839,7,b323998ae04d5942f46b99a4713643db7f2922abd534fc46e10e7871df8c6ce5,25189,0
C:\SRS(ISIC_2019)\Dataset\VASC\ISIC_0032890.jpg,isic_0032890,7,f2e9b7218629401c7db5fa2311134cfc48153ed784ddadfafb71759cfe641904,25192,0
C:\SRS(ISIC_2019)\Dataset\VASC\ISIC_0032932.jpg,isic_0032932,7,ce2f216d38be0f96e5f6d91be3c6fb726044cc54b19f1d139a9c2dea892cf641,25194,0
C:\SRS(ISIC_2019)\Dataset\VASC\ISIC_0033092.jpg,isic_0033092,7,44aa99b099d66ed8785c3eb93aa5e4ab6d8889e6b8b6752738d963738761711f,25196,0
C:\SRS(ISIC_2019)\Dataset\VASC\ISIC_0033749.jpg,isic_0033749,7,c505ece5b71505768054ad90fc68bdf687d2f1b25ee09a089af65d93a8408afa,25208,0
C:\SRS(ISIC_2019)\Dataset\VASC\ISIC_0053779.jpg,isic_0053779,7,5517e3d3ba080c7ea37e4293491eef757184314ad1db3eb9b1311810fea3ff66,25216,0
C:\SRS(ISIC_2019)\Dataset\VASC\ISIC_0053862.jpg,isic_0053862,7,a147de29fc2575a9ae3bc7aa9f4f688cef5654aeef0161febe767b3dd60db505,25217,0
C:\SRS(ISIC_2019)\Dataset\VASC\ISIC_0057295.jpg,isic_0057295,7,5d37e789f6c82956834b408a7a14b0a1e2f4f77b9e0ab6e1b55cee95571af1ae,25232,0
C:\SRS(ISIC_2019)\Dataset\VASC\ISIC_0058211.jpg,isic_0058211,7,2314855bc1944cc377bcc5a3537da357e4e19dbbda50725ef50f5211bedefcc4,25234,0
C:\SRS(ISIC_2019)\Dataset\VASC\ISIC_0058737.jpg,isic_0058737,7,938d0515a02ccdf06af2d7f91ec186bbc2a886dc0bc7e0ef315af2ba27ef5c29,25239,0
C:\SRS(ISIC_2019)\Dataset\VASC\ISIC_0059479.jpg,isic_0059479,7,1de23111450d542dbaa7cec2bf17f51d50d6b692d1f37d8ada83237a45a52523,25244,0
C:\SRS(ISIC_2019)\Dataset\VASC\ISIC_0059484.jpg,isic_0059484,7,9e24c5567677ac016fd7a24a1c4ff90e634b51531f06a00cbd8b5badaa1ca017,25245,0
C:\SRS(ISIC_2019)\Dataset\VASC\ISIC_0060821.jpg,isic_0060821,7,fbf38a8bef3c24b7b58b25f48d1397fead7825e4d46da77980a804247b3957c8,25250,0
C:\SRS(ISIC_2019)\Dataset\VASC\ISIC_0061280.jpg,isic_0061280,7,1b83e6e60dac864c9cf54dedfa50c47d083a58409a12eac48d7d37c74c14dd00,25252,0
C:\SRS(ISIC_2019)\Dataset\VASC\ISIC_0064283.jpg,isic_0064283,7,4395bbae5c98153a1fd28dcef7708f36fb9841ddfc325dd4acc2aa5d922122ac,25262,0
C:\SRS(ISIC_2019)\Dataset\VASC\ISIC_0067166.jpg,isic_0067166,7,b7f1a14ef686d93e4ecddd3f5c2363a5f87fa07cee4d3c5344cc58d5f3f65c9f,25284,0
C:\SRS(ISIC_2019)\Dataset\VASC\ISIC_0068387.jpg,isic_0068387,7,e05625ab6b77a6f9dbd41e6da6cfb1fc0797611182082d4384d6f599b1d790b6,25291,0
C:\SRS(ISIC_2019)\Dataset\VASC\ISIC_0069242.jpg,isic_0069242,7,bfd193995100cbd1e4965eeddea8e7e5482f73770c7f44f6c955a05d95726432,25295,0
C:\SRS(ISIC_2019)\Dataset\VASC\ISIC_0071044.jpg,isic_0071044,7,b62533049f83340604a21567f91359db52239795f2a85065fd83af26d0b9ff07,25307,0
C:\SRS(ISIC_2019)\Dataset\VASC\ISIC_0071383.jpg,isic_0071383,7,a69f376f91279f961e1eaa6ab54669752938c52a1d004f54e0c3598514f0ebff,25312,0
C:\SRS(ISIC_2019)\Dataset\VASC\ISIC_0071787.jpg,isic_0071787,7,60e1c42efab3b0124a4b1c6b9568342ce8e91570f7a5a049cd2b64019417e419,25315,0
C:\SRS(ISIC_2019)\Dataset\VASC\ISIC_0073031.jpg,isic_0073031,7,0009ee4fcdae1c92a6ba55dd477d14e94984c417e534fdf5a8acc28d157b75d2,25325,0
C:\SRS(ISIC_2019)\Dataset\VASC\ISIC_0073110.jpg,isic_0073110,7,047c6d99ce3bb529d3652b011b51a078fe2451d8c52d79fa93e85453320c5e8e,25326,0
