image_path,image_id,label,sha256,group_id,client_id
C:\SRS(ISIC_2019)\Dataset\AK\ISIC_0024707.jpg,isic_0024707,0,0e1486f87445a6cdcaa621ff296ef61239dc56d35db70fb8d184969b2d7e2315,5,2
C:\SRS(ISIC_2019)\Dataset\AK\ISIC_0025803.jpg,isic_0025803,0,2237843305ffef7eea3bc50cf7612faa629e576803c21957ab91fe92af7e3041,15,2
C:\SRS(ISIC_2019)\Dataset\AK\ISIC_0025957.jpg,isic_0025957,0,b63aea7258457b453a81f955afc62642d482094c91e5efd44004fb38595d45a5,18,2
C:\SRS(ISIC_2019)\Dataset\AK\ISIC_0026171.jpg,isic_0026171,0,d2700164e9f805f97abb0b4c411eae66ef3fffd0e3192d45704bfcd0255b64f9,22,2
C:\SRS(ISIC_2019)\Dataset\AK\ISIC_0026709.jpg,isic_0026709,0,8e80d8f1daefc344da7f80d01efbb51be362382e7634022e692e35608cfe4edf,33,2
C:\SRS(ISIC_2019)\Dataset\AK\ISIC_0026857.jpg,isic_0026857,0,2f4bb39aaafdc44c583b7e6a5a2a1f793f106659ccdd49afcbf61e21e499f60a,37,2
C:\SRS(ISIC_2019)\Dataset\AK\ISIC_0027615.jpg,isic_0027615,0,fae100401f6a9a6bdf4b5651a51b970ac13464b86ba5070dd7a38612ff93af0b,49,2
C:\SRS(ISIC_2019)\Dataset\AK\ISIC_0027650.jpg,isic_0027650,0,98e2f92cc92a99268b70535633747b8eb233ccb5f8ab79bc0ca80d9a91f90f75,50,2
C:\SRS(ISIC_2019)\Dataset\AK\ISIC_0027950.jpg,isic_0027950,0,9b39d711c24f89bc3baad1a0d5fefedf8018eb374c054af15ddbf5e735c1c2d4,56,2
C:\SRS(ISIC_2019)\Dataset\AK\ISIC_0028063.jpg,isic_0028063,0,bb07acba7814078c54a348976c86b68b2b51191dee4b53de9842051957e58fc6,58,2
C:\SRS(ISIC_2019)\Dataset\AK\ISIC_0028314.jpg,isic_0028314,0,ac88481a87c67289c08c3b210faf7fddb65b13c49bea89dd4fea803e51d3c754,61,2
C:\SRS(ISIC_2019)\Dataset\AK\ISIC_0028517.jpg,isic_0028517,0,4ec6b46c7be3b571b1b553c5f7c4945b983c81f57faa3b732ab990426a892413,64,2
C:\SRS(ISIC_2019)\Dataset\AK\ISIC_0028854.jpg,isic_0028854,0,0fb4815d18c8b3784fb0f622ac5f016b3d527ec848b89cea9299dacd77f33f3f,68,2
C:\SRS(ISIC_2019)\Dataset\AK\ISIC_0029309.jpg,isic_0029309,0,49d43cb496669f3b272c8bd7c5d088d0fe077fcc1c6d2f48612ab4b6bb527470,76,2
C:\SRS(ISIC_2019)\Dataset\AK\ISIC_0029781.jpg,isic_0029781,0,270a8cc6888d1dc9c4667d660abed0dcc0ea21af5902d7be0cc619387fde7e4e,81,2
C:\SRS(ISIC_2019)\Dataset\AK\ISIC_0030133.jpg,isic_0030133,0,2e6871a00f3b7ec3a5b513d02934d8f9fcf4c792cc2da1e1f5d0247b5bc6c8a4,89,2
C:\SRS(ISIC_2019)\Dataset\AK\ISIC_0030142.jpg,isic_0030142,0,3a07eade7f66d77a051da4d56a39162d2081f5d5092971674e622bdb6048b6a8,90,2
C:\SRS(ISIC_2019)\Dataset\AK\ISIC_0030143.jpg,isic_0030143,0,9f8eaef3f048bb05287ee5b75913b46b100d1502e88bafc3e214c79481849846,91,2
C:\SRS(ISIC_2019)\Dataset\AK\ISIC_0030491.jpg,isic_0030491,0,b0bf206363b1fc78a66bd5bb6d64436378fd2d4b811a272583b1e5b10ff7a90a,96,2
C:\SRS(ISIC_2019)\Dataset\AK\ISIC_0030730.jpg,isic_0030730,0,ca5a5b67c32ee5213121696ef7e4c622232e8e176db07ce8ec26b91fd12245b7,99,2
C:\SRS(ISIC_2019)\Dataset\AK\ISIC_0030826.jpg,isic_0030826,0,474a2c4a758ed2105522d31dc08494470a1966875f64dab24abbd079697e0c4a,101,2
C:\SRS(ISIC_2019)\Dataset\AK\ISIC_0031823.jpg,isic_0031823,0,5fb00264d661b92d4ab62d6decfa7e74ebb72ccad37279403a0d9a4e8374e6ca,112,2
C:\SRS(ISIC_2019)\Dataset\AK\ISIC_0031922.jpg,isic_0031922,0,96ace0b07c11cb37c93c1853b7d2b10cac2e4ec2f61b6bd2d0c410b653c744fb,113,2
C:\SRS(ISIC_2019)\Dataset\AK\ISIC_0032404.jpg,isic_0032404,0,1edb1b6c0363a690c2421bc23aa9e9928949c1f7fb5612f5140172f724c2bc27,118,2
C:\SRS(ISIC_2019)\Dataset\AK\ISIC_0032854.jpg,isic_0032854,0,cc4f81fdfec72a991eb84ba590980c86ac75f10f6306a5f9ae7dbac6f07fed96,121,2
C:\SRS(ISIC_2019)\Dataset\AK\ISIC_0033413.jpg,isic_0033413,0,42eed8ff9f2d359282839c45a0de6ae1b9d0ecc66cb55f56471dd40dfbaa0948,124,2
C:\SRS(ISIC_2019)\Dataset\AK\ISIC_0033456.jpg,isic_0033456,0,bb5bdb786fbe5a341e54331daeb40bba592c3e305ef1341072485e126aaff526,125,2
C:\SRS(ISIC_2019)\Dataset\AK\ISIC_0033811.jpg,isic_0033811,0,d11ab7e65648cdc48fbb7a71b10c59fc3c91f5a2cdb76ede5f5de68344def4e9,128,2
C:\SRS(ISIC_2019)\Dataset\AK\ISIC_0053538.jpg,isic_0053538,0,64b990f89af029ec4bcfde1d8e938af19dfedf77e1103a22974c5be1ab9d56dc,133,2
C:\SRS(ISIC_2019)\Dataset\AK\ISIC_0053708.jpg,isic_0053708,0,ad2e15f536b5817256340227f7122dcf7ab9340e324158cdc382bfbe8b169841,142,2
C:\SRS(ISIC_2019)\Dataset\AK\ISIC_0053738.jpg,isic_0053738,0,b0d5e8b0d28e2b4952037489509c898f42453f480c59ab15e6830cb7f565a4d8,864,2
C:\SRS(ISIC_2019)\Dataset\AK\ISIC_0053879.jpg,isic_0053879,0,27b43256c6859d00207c2bf600c69120413368588b1080697ef9dbf6034dcf79,149,2
C:\SRS(ISIC_2019)\Dataset\AK\ISIC_0053892.jpg,isic_0053892,0,901ac1c9c4ba9df5182fdfc9fe5f6f51b2cafc36f58ea02274be005a684a7c2d,150,2
C:\SRS(ISIC_2019)\Dataset\AK\ISIC_0054081.jpg,isic_0054081,0,ef476e225f80f5ae33f23a4d7d95eb5318f1b4c9ceef5ae995cfc20e0b0ef4be,153,2
C:\SRS(ISIC_2019)\Dataset\AK\ISIC_0054181.jpg,isic_0054181,0,6c89421c6cb22800647a52a4df03ce340e3a3d335b14d34a6c45f73e3256f163,158,2
C:\SRS(ISIC_2019)\Dataset\AK\ISIC_0054209.jpg,isic_0054209,0,e3516cef791d9eb20eb7019b2645bbfaf9f305af6319819b1e2a45faa839a871,159,2
C:\SRS(ISIC_2019)\Dataset\AK\ISIC_0054271.jpg,isic_0054271,0,46170e6d0734b0177d9829225d37614b62a4f0c2622396ea638186a229dd284d,162,2
C:\SRS(ISIC_2019)\Dataset\AK\ISIC_0054433.jpg,isic_0054433,0,8a3b196b6643b6addbb8572fedc85b352c4afad80a3018d7f0aaa0dd1259a109,167,2
C:\SRS(ISIC_2019)\Dataset\AK\ISIC_0054598.jpg,isic_0054598,0,f1c0bc215d0b17aebd05597857e2c383c2ae3c83c08e0cf286fa5dc871dcb89b,174,2
C:\SRS(ISIC_2019)\Dataset\AK\ISIC_0054689.jpg,isic_0054689,0,8c8cd34aac1a727dbf8eeca46e67b7259cd5c66e6f1f65b489b0bfa38dd8c1cf,179,2
C:\SRS(ISIC_2019)\Dataset\AK\ISIC_0055099.jpg,isic_0055099,0,edd7566c40330e1d37c0207a2770f67de9732f0e7dd217bef9ffe6c854c6b769,185,2
C:\SRS(ISIC_2019)\Dataset\AK\ISIC_0055250.jpg,isic_0055250,0,318c89abf298bfb4674780b9ebe212962293caf111e1c919746f0b2f46c53ae5,188,2
C:\SRS(ISIC_2019)\Dataset\AK\ISIC_0055273.jpg,isic_0055273,0,bad47a9394a12763f444e3a1d224b9219ba38ffc2abc72f72cc84c6b31de8167,191,2
C:\SRS(ISIC_2019)\Dataset\AK\ISIC_0055689.jpg,isic_0055689,0,a635628965e62ba35675a65299d2065ba28e8eaecbbc2655c4a5c6dabc081d57,201,2
C:\SRS(ISIC_2019)\Dataset\AK\ISIC_0055908.jpg,isic_0055908,0,d5abdaf6babc06e8f91466aec8fd16c543e8b092ae18f01b4a3a6269d20c2eaf,208,2
C:\SRS(ISIC_2019)\Dataset\AK\ISIC_0056004.jpg,isic_0056004,0,897849310e4a29b54e47a97f94798e1cc54ccdef0265fbe5eb7609fda3f77f30,212,2
C:\SRS(ISIC_2019)\Dataset\AK\ISIC_0056037.jpg,isic_0056037,0,0bec8562a0d21f063f1dcdc5851177d0d4c8bbe77b8c0cf06899e89d4c78f391,215,2
C:\SRS(ISIC_2019)\Dataset\AK\ISIC_0056101.jpg,isic_0056101,0,2a15e7c57734c2c9077507e3030a8041eecf1ed0e6dadf31b0b54992df420689,219,2
C:\SRS(ISIC_2019)\Dataset\AK\ISIC_0056115.jpg,isic_0056115,0,f36643b983c2940d7e0d1557f8f3ab7ed8b35e407325d1cb197b75c4b0339258,220,2
C:\SRS(ISIC_2019)\Dataset\AK\ISIC_0056166.jpg,isic_0056166,0,03d72223f1194ea287e7284e7e87671aa2a81582537e1f4a646ad2e8852812e9,223,2
C:\SRS(ISIC_2019)\Dataset\AK\ISIC_0056437.jpg,isic_0056437,0,cafac3e4dd8e6cf5d5e26939c937ce777a92f2ec97a5eef11c8f9e1ae891e3fe,231,2
C:\SRS(ISIC_2019)\Dataset\AK\ISIC_0056520.jpg,isic_0056520,0,4fab7ede8136f867bdc385512c848fa89db42530cb44a7dd3abb2771639be60a,233,2
C:\SRS(ISIC_2019)\Dataset\AK\ISIC_0056920.jpg,isic_0056920,0,3c3346af653c15974c4adca66117a50c1d1ee73f44aabd3aab091e93b1d16cad,248,2
C:\SRS(ISIC_2019)\Dataset\AK\ISIC_0057051.jpg,isic_0057051,0,3e8bd1f9d722591f62132dccf716024116b442fab2bfd00b783d77ca88d68d55,595,2
C:\SRS(ISIC_2019)\Dataset\AK\ISIC_0057351.jpg,isic_0057351,0,8de0992e664c26a51d427a9cc97f42140104f535c167fdd152f8d1740ba3d0c6,264,2
C:\SRS(ISIC_2019)\Dataset\AK\ISIC_0057458.jpg,isic_0057458,0,1fb97dc86a449cb95616c81956b15d9206d52f9e92ed35155c715a9d287d0282,271,2
C:\SRS(ISIC_2019)\Dataset\AK\ISIC_0057943.jpg,isic_0057943,0,30ef822d9a3dbab31386405804c0b5c8cd693399e893bfb3f3b84704681e606d,287,2
C:\SRS(ISIC_2019)\Dataset\AK\ISIC_0058103.jpg,isic_0058103,0,7fda011f71e30bda7e4e455942e1e4c77c1a131c620421a54b5853076ce452ee,290,2
C:\SRS(ISIC_2019)\Dataset\AK\ISIC_0058379.jpg,isic_0058379,0,160db07bfc695a09d84f94740587ad51f92aa6931d74d8a91247c5a28b6cadf3,301,2
C:\SRS(ISIC_2019)\Dataset\AK\ISIC_0058460.jpg,isic_0058460,0,086b9829de641d2f416665a6ce35b42d83646170c995ab4d44cfc0b76861b718,308,2
C:\SRS(ISIC_2019)\Dataset\AK\ISIC_0058598.jpg,isic_0058598,0,580902da0ce4f898b1b4061e55b853fae6b8b6b836b5db746152cec94040f960,313,2
C:\SRS(ISIC_2019)\Dataset\AK\ISIC_0058864.jpg,isic_0058864,0,e8b65004906559eb4771f6ad1e1ab57201cc952480c40139b3aa57aa245b1494,322,2
C:\SRS(ISIC_2019)\Dataset\AK\ISIC_0058940.jpg,isic_0058940,0,ee5aac79a3aa62382b6f823e8d931c4f2956dfdf38f9aef90df742c1b97acfd0,328,2
C:\SRS(ISIC_2019)\Dataset\AK\ISIC_0058971.jpg,isic_0058971,0,4075a574fc24b7c876dc3dbc397bb44a3e03893b70925ebf59a06c31d38be1ad,331,2
C:\SRS(ISIC_2019)\Dataset\AK\ISIC_0058983.jpg,isic_0058983,0,1a72f00a970f24a3776a7b4f1211bb1869af99a31703e9c6176d6025a2b13fca,332,2
C:\SRS(ISIC_2019)\Dataset\AK\ISIC_0059108.jpg,isic_0059108,0,14ffaec0f9897c546c06f4cb1d3ba604b90361d2f1e005d3fa7ff653d5dc3c81,339,2
C:\SRS(ISIC_2019)\Dataset\AK\ISIC_0059211.jpg,isic_0059211,0,2fe95c5a985f1cc9d728621ee2098b6f3265444c37d5bd99dda304250341067e,344,2
C:\SRS(ISIC_2019)\Dataset\AK\ISIC_0059372.jpg,isic_0059372,0,1bdc4d05bc6202b6e0d5838744cf3f9b2bdbf98390a395e940572ed75a02f7e7,347,2
C:\SRS(ISIC_2019)\Dataset\AK\ISIC_0059827.jpg,isic_0059827,0,fc7c06db88652c576c670aacf8f9b13410efbf629941e7569d3515bda84a232d,360,2
C:\SRS(ISIC_2019)\Dataset\AK\ISIC_0059852.jpg,isic_0059852,0,203c7def34da9cb39ef34f706c3fd2d511a2af0b9b8d65c48ca1000fa959fe86,362,2
C:\SRS(ISIC_2019)\Dataset\AK\ISIC_0060055.jpg,isic_0060055,0,5118caa6ec3a7288ae7bfb56524be3aa2eb895480e40e955e16e2b2cd23e4e54,368,2
C:\SRS(ISIC_2019)\Dataset\AK\ISIC_0060098.jpg,isic_0060098,0,adf5df863f40b7677e8d80c30446a8064b059aeb00d20d41efdac379d6c750c9,370,2
C:\SRS(ISIC_2019)\Dataset\AK\ISIC_0060207.jpg,isic_0060207,0,400e16fbec7d1d63636f2f497beef55659638ea57655702568e82eb633768379,375,2
C:\SRS(ISIC_2019)\Dataset\AK\ISIC_0060269.jpg,isic_0060269,0,b982423e8f73c71865093fcedd72acd6d6204c225efdd5744596d28b5f826ddc,379,2
C:\SRS(ISIC_2019)\Dataset\AK\ISIC_0060354.jpg,isic_0060354,0,a55ed5e0fd20e2e75d4a74969586ae7cb692bbb50b7d191b6c183a9924de19b8,382,2
C:\SRS(ISIC_2019)\Dataset\AK\ISIC_0060593.jpg,isic_0060593,0,aeacff74f51ce6c1ebcd82b9927a28267edb1e3cb96041175dacb56845d76696,390,2
C:\SRS(ISIC_2019)\Dataset\AK\ISIC_0061068.jpg,isic_0061068,0,bf898a3ebc1eff945dac93fc2d64b8af7377323f0082f01c6f6524e5de4afd49,406,2
C:\SRS(ISIC_2019)\Dataset\AK\ISIC_0061464.jpg,isic_0061464,0,dee3c01a59d2689189acd1e334744691a03ad9eef5f746acb1d91166548420a8,420,2
C:\SRS(ISIC_2019)\Dataset\AK\ISIC_0061588.jpg,isic_0061588,0,068d76ef45c33d66743cddbbd358ad65a646bb898579838f1907ed00835a6040,423,2
C:\SRS(ISIC_2019)\Dataset\AK\ISIC_0061968.jpg,isic_0061968,0,4d19ae6b2ed6cec25851a40a471c39078ec794bba36b4caa4e468529004f7e92,436,2
C:\SRS(ISIC_2019)\Dataset\AK\ISIC_0062184.jpg,isic_0062184,0,6f2d93f7021b3a5a819f1a6f8e7a59437ad52c8f6df97831cb9e18be6a781ae7,444,2
C:\SRS(ISIC_2019)\Dataset\AK\ISIC_0062345.jpg,isic_0062345,0,3cab82e3711224adc6c2d40367a62ccce17abb0c95d4bea8ba791b1080b69f48,451,2
C:\SRS(ISIC_2019)\Dataset\AK\ISIC_0062641.jpg,isic_0062641,0,196f42f292720d025fe867ee207a61a97c527d6ff292e210ca60b33c03d40c81,463,2
C:\SRS(ISIC_2019)\Dataset\AK\ISIC_0062814.jpg,isic_0062814,0,3ab620db6a2cb4872bd94a99669edce623485f52df185a762064a689648f5f5f,473,2
C:\SRS(ISIC_2019)\Dataset\AK\ISIC_0063100.jpg,isic_0063100,0,aa2100464f284e626dbd11924b33316e4df9b97271ca2c6a2ad48677c2c46eaa,486,2
C:\SRS(ISIC_2019)\Dataset\AK\ISIC_0063175.jpg,isic_0063175,0,395b074bfea68e909b24b0e4bcf06403ea69e3385874966bb7b6e45edfd5420a,489,2
C:\SRS(ISIC_2019)\Dataset\AK\ISIC_0063210.jpg,isic_0063210,0,ac0a1bb1ce6be8c3052e525de2cb1d0cb26489a3896cda5878a8a80ba0cbcf24,492,2
C:\SRS(ISIC_2019)\Dataset\AK\ISIC_0063250.jpg,isic_0063250,0,412b83510ef6ebb8cda94547599a0818b742d8f6554e9c7884eee426d8468289,493,2
C:\SRS(ISIC_2019)\Dataset\AK\ISIC_0063293.jpg,isic_0063293,0,89a68f5ab058f70dd6971a7472f2fcf22c558ada883a170ed45b7d1c8366f269,496,2
C:\SRS(ISIC_2019)\Dataset\AK\ISIC_0063335.jpg,isic_0063335,0,1dd515e4e976f504bc0f8ed90879f2787d958018627bbf8f072d156f216e3822,500,2
C:\SRS(ISIC_2019)\Dataset\AK\ISIC_0063435.jpg,isic_0063435,0,c6a8db581122d9df373afb80c2b49476db22b469abd9134ea49ee42c8e3617a6,503,2
C:\SRS(ISIC_2019)\Dataset\AK\ISIC_0063927.jpg,isic_0063927,0,8eac8b7f4ea802fc03f3df468029428ceb771e0ae4cc1443fe9a597a681261f8,516,2
C:\SRS(ISIC_2019)\Dataset\AK\ISIC_0064022.jpg,isic_0064022,0,9fc5d3f9871ec344e20405af9387531edad3a45f91ca9922a5607c2bca337f23,518,2
C:\SRS(ISIC_2019)\Dataset\AK\ISIC_0064231.jpg,isic_0064231,0,36ccb086e39a561d1c40044e27a3e90589ca5a1d8f436b37e7c3c1ae903f5d07,525,2
C:\SRS(ISIC_2019)\Dataset\AK\ISIC_0064322.jpg,isic_0064322,0,82e2baeb16a9d79f0094905ffc98b584831f1af679e6021cec8e9bfe11cb3db0,527,2
C:\SRS(ISIC_2019)\Dataset\AK\ISIC_0064330.jpg,isic_0064330,0,61f2663641b76cfe0b92c98c58f39318d0aaa2a4df04a0621d6fcdfb5d699a84,528,2
C:\SRS(ISIC_2019)\Dataset\AK\ISIC_0064624.jpg,isic_0064624,0,f2473456ce9f7585ecaf794efcd1b4a89ece97db026d8b6bb74e627c1b487dd7,535,2
C:\SRS(ISIC_2019)\Dataset\AK\ISIC_0064796.jpg,isic_0064796,0,744968792d0cfd7e4a674d98f4a12249499805f339f9763c150d37b64c3fa456,540,2
C:\SRS(ISIC_2019)\Dataset\AK\ISIC_0064811.jpg,isic_0064811,0,1e38cf2dc8002825d88a0b73bd39603ed734642f3564c46b1eed158c695c1054,541,2
C:\SRS(ISIC_2019)\Dataset\AK\ISIC_0065078.jpg,isic_0065078,0,6df8c3a305f8ae9232169505299d3fb234016f1cc2196dbacd70355731268da4,547,2
C:\SRS(ISIC_2019)\Dataset\AK\ISIC_0065169.jpg,isic_0065169,0,a654e61293a1eea747b43f1f71a45873e5c7986eaf3e8586daa658dd687be909,553,2
C:\SRS(ISIC_2019)\Dataset\AK\ISIC_0065203.jpg,isic_0065203,0,c98484ff1074e0eb199bb91a9ec2d3fcace9993fcf329704c6171471a2d1c3ee,554,2
C:\SRS(ISIC_2019)\Dataset\AK\ISIC_0065547.jpg,isic_0065547,0,b0f62166fbbe45b7bb4150774d7feeab1534d97986ba912808386736886f9fc0,569,2
C:\SRS(ISIC_2019)\Dataset\AK\ISIC_0065552.jpg,isic_0065552,0,6540b2925b6c22cce3e31d1d0241886f311744d75c53a90b5383e4f766451472,570,2
C:\SRS(ISIC_2019)\Dataset\AK\ISIC_0066006.jpg,isic_0066006,0,ae64fdadf2a2c4b3265a7c150bfdd5542510c34cd9b014922621ff0a4f41db89,589,2
C:\SRS(ISIC_2019)\Dataset\AK\ISIC_0066123.jpg,isic_0066123,0,a443705a7071c0759952d190ade5917c14f8c22e9a11e7c85afb04dd776f7829,592,2
C:\SRS(ISIC_2019)\Dataset\AK\ISIC_0066220.jpg,isic_0066220,0,3e8bd1f9d722591f62132dccf716024116b442fab2bfd00b783d77ca88d68d55,595,2
C:\SRS(ISIC_2019)\Dataset\AK\ISIC_0066296.jpg,isic_0066296,0,63a34d96995d7dfeac3a8044d3c7bfaf21691e7177c7aa4dcc48ea8dd7748612,598,2
C:\SRS(ISIC_2019)\Dataset\AK\ISIC_0066306.jpg,isic_0066306,0,0ce64e6839e10804674558a155029ab55eff0f1eabcc0b661f0e463d0ee02ee0,599,2
C:\SRS(ISIC_2019)\Dataset\AK\ISIC_0066507.jpg,isic_0066507,0,1527d87d9f2f9874410ffd8847c089838f9a4baf746a22567d348e7d88c3128d,608,2
C:\SRS(ISIC_2019)\Dataset\AK\ISIC_0066885.jpg,isic_0066885,0,d67791ff9a2d3c0eedefb0414e868adcead8b95b48a4a3b2d8b258e4bdddc495,625,2
C:\SRS(ISIC_2019)\Dataset\AK\ISIC_0066892.jpg,isic_0066892,0,dfd2c95bf56c001ca3bfc021df3dcaa1a5a7da5bb5e0b44a280d9d4a6a4fad39,626,2
C:\SRS(ISIC_2019)\Dataset\AK\ISIC_0067100.jpg,isic_0067100,0,17b249a1e03980f9946577dbe9573fec6feb51424d09b196b26de448d11af274,634,2
C:\SRS(ISIC_2019)\Dataset\AK\ISIC_0067180.jpg,isic_0067180,0,3334d7827b57a15e8e964629427b1767681ebff4aa0afa1bc2685db2c690f093,639,2
C:\SRS(ISIC_2019)\Dataset\AK\ISIC_0067304.jpg,isic_0067304,0,aed97e8640ac1c89983101947c5a89c3b26ed6b5b667aeb0fb778a855dc231c0,645,2
C:\SRS(ISIC_2019)\Dataset\AK\ISIC_0067314.jpg,isic_0067314,0,9ed6811ddc322ea5cb4eb942d7e8389cff5e329fed5e48026ea29c00217bfcd5,646,2
C:\SRS(ISIC_2019)\Dataset\AK\ISIC_0067364.jpg,isic_0067364,0,bce4772d5844b179175e023172086e8906835065dc2f855219a23bced63ecadf,647,2
C:\SRS(ISIC_2019)\Dataset\AK\ISIC_0067432.jpg,isic_0067432,0,63bad12011b05f4a45a8544b0a984c10df3a49caa4d48bb2b4ecc94262a30664,651,2
C:\SRS(ISIC_2019)\Dataset\AK\ISIC_0067647.jpg,isic_0067647,0,47676ac110586719f6e502087c926ca2a3546568928379ffc4d750bf2d371d22,661,2
C:\SRS(ISIC_2019)\Dataset\AK\ISIC_0067698.jpg,isic_0067698,0,cd58e9612d50e0e77a036aead7c0a241bafe297909e7f946771294c929da1be7,663,2
C:\SRS(ISIC_2019)\Dataset\AK\ISIC_0067755.jpg,isic_0067755,0,8e12eba2fc81db64fbf7a6d6b8eda9519129408f01346b55c45b84d8ca70dcb0,665,2
C:\SRS(ISIC_2019)\Dataset\AK\ISIC_0068014.jpg,isic_0068014,0,888dce8058890d82862583de068fc4b27bb63662737222719b6762ac8223e205,672,2
C:\SRS(ISIC_2019)\Dataset\AK\ISIC_0068072.jpg,isic_0068072,0,50ee3fce565acb76fc6f9fb85045f9839f9677f852a2d8f19e18c55c4f999a16,673,2
C:\SRS(ISIC_2019)\Dataset\AK\ISIC_0068175.jpg,isic_0068175,0,b1af1ead975fdfd3d9d9d224597cf43f00869c85e19b9565e01a0320509a3813,676,2
C:\SRS(ISIC_2019)\Dataset\AK\ISIC_0068395.jpg,isic_0068395,0,285d0652a7d879e9e37b6fb72f4b3df99ae0e30572a486fbad803d3a3df4d0ab,683,2
C:\SRS(ISIC_2019)\Dataset\AK\ISIC_0068419.jpg,isic_0068419,0,c3cc7093ddfcbd1ea74a90df9829e39972268ebbfb496d1c69ba847975d4e80a,684,2
C:\SRS(ISIC_2019)\Dataset\AK\ISIC_0068546.jpg,isic_0068546,0,3e86b6e0fe07ef7c49dd6f06f90a4f58f59c029d859421dcf549a18ecc00711b,687,2
C:\SRS(ISIC_2019)\Dataset\AK\ISIC_0068722.jpg,isic_0068722,0,3eb5dfb29ed7dd59e479e7b95688158ff16f27fc42271a59b20fa414af98eab4,693,2
C:\SRS(ISIC_2019)\Dataset\AK\ISIC_0068989.jpg,isic_0068989,0,6364ed008295c7a03d2ab2382075bc5d60cb5f4120ec50d60f9413fc9a3591fc,705,2
C:\SRS(ISIC_2019)\Dataset\AK\ISIC_0069027.jpg,isic_0069027,0,761de966e6f8291a805a425e87fcc4d7cd1c2feea1b7abb9524a582c898717fe,707,2
C:\SRS(ISIC_2019)\Dataset\AK\ISIC_0069282.jpg,isic_0069282,0,922ee8f13633a3799fc44e8497d19592d81db09e333def5039368258f97db2c4,716,2
C:\SRS(ISIC_2019)\Dataset\AK\ISIC_0069352.jpg,isic_0069352,0,7bada59cb9a02c7cd1052c38ccef3955d03260455e3dba704e4f251d2ae6fe5d,719,2
C:\SRS(ISIC_2019)\Dataset\AK\ISIC_0069532.jpg,isic_0069532,0,8701b7b1c0370da62a9e16ba23d1b82f0bd446ed837ccde2d6f00e97c5df092d,724,2
C:\SRS(ISIC_2019)\Dataset\AK\ISIC_0069630.jpg,isic_0069630,0,3d8bc7ea3d34076cc34f13fc0b126bdfbdd26d8ec26619a19bad365e7e8d02a1,728,2
C:\SRS(ISIC_2019)\Dataset\AK\ISIC_0069755.jpg,isic_0069755,0,3388929821f1506fbe35ca0cd753adfc1fa360ed5e9636bffdbd52a71a0c817c,731,2
C:\SRS(ISIC_2019)\Dataset\AK\ISIC_0069772.jpg,isic_0069772,0,248f2e0bd6ca3c65d6588ed171676ed1c8640188df1504e91b5a79e2422a1cea,734,2
C:\SRS(ISIC_2019)\Dataset\AK\ISIC_0069863.jpg,isic_0069863,0,ac0936fe84cca83e5184a18ba858a8bffe3ca1adecfb20caf349654de2b3d862,738,2
C:\SRS(ISIC_2019)\Dataset\AK\ISIC_0070085.jpg,isic_0070085,0,99529070d256262daa17d71bf6eb010999ec25380c696a87279ef5330a6a299b,752,2
C:\SRS(ISIC_2019)\Dataset\AK\ISIC_0070195.jpg,isic_0070195,0,e39b6e20fa39873f91a726e5d4dbda6456849bfbda1d47e9b21971543e1b35ad,757,2
C:\SRS(ISIC_2019)\Dataset\AK\ISIC_0070754.jpg,isic_0070754,0,9ee61982979d0c0600d44921eddea374d041b700575b5d21a39fb00ae1f33196,782,2
C:\SRS(ISIC_2019)\Dataset\AK\ISIC_0070993.jpg,isic_0070993,0,abd0b5b7c9ba8df0c4fa0a8656150c97ce59b12f1fd964ac26911c29f3736739,787,2
C:\SRS(ISIC_2019)\Dataset\AK\ISIC_0071093.jpg,isic_0071093,0,e1185960feee934049b56439736fa6f4d3116cdd244b2a2ffaf76350ea245152,793,2
C:\SRS(ISIC_2019)\Dataset\AK\ISIC_0071440.jpg,isic_0071440,0,af27fbf6b59695374824e2f04195bbfbd5f094a4a06e2158f6498378b4168017,803,2
C:\SRS(ISIC_2019)\Dataset\AK\ISIC_0071449.jpg,isic_0071449,0,dc35359b845ac5986feacc187df2c81225a780bafc964ac03de75db4b6a204e9,805,2
C:\SRS(ISIC_2019)\Dataset\AK\ISIC_0071605.jpg,isic_0071605,0,4a85b69f88217cd39a07544ba48810eb4f2d0b6d04325d897ba02acd5cd4e13f,810,2
C:\SRS(ISIC_2019)\Dataset\AK\ISIC_0071932.jpg,isic_0071932,0,98587b388553dce8a3eb77c11420679477d2f430cdc8d933700d3a38c8856e12,823,2
C:\SRS(ISIC_2019)\Dataset\AK\ISIC_0072754.jpg,isic_0072754,0,bd04220e3e0a937b79bd64b700bcb8790ad94c77d0f1ff434a5aeee0746a443c,847,2
C:\SRS(ISIC_2019)\Dataset\AK\ISIC_0072788.jpg,isic_0072788,0,10782a3946334e30101ab2072e073f0d2cc0366563444500f4a94bbb0620f4a6,848,2
C:\SRS(ISIC_2019)\Dataset\AK\ISIC_0072814.jpg,isic_0072814,0,b734ad4508e07f5fe8837d485f6b04f18f9f76b514b5d34be9900aab35a75cd2,849,2
C:\SRS(ISIC_2019)\Dataset\AK\ISIC_0072854.jpg,isic_0072854,0,0ca9ee3cb955a455a2e3d40ede366da55f232aae008a694e23457c44523fb6db,852,2
C:\SRS(ISIC_2019)\Dataset\AK\ISIC_0072986.jpg,isic_0072986,0,2eceecdb565f0572a7f688f7fe3773fec2bf74522e9277ff81a4aeb5a549a8b5,856,2
C:\SRS(ISIC_2019)\Dataset\AK\ISIC_0073198.jpg,isic_0073198,0,b0d5e8b0d28e2b4952037489509c898f42453f480c59ab15e6830cb7f565a4d8,864,2
C:\SRS(ISIC_2019)\Dataset\BCC\ISIC_0024411.jpg,isic_0024411,1,ab0bd2c288c2397da916bce4f683938879891b66db2814eacd33035a6946d28d,872,2
C:\SRS(ISIC_2019)\Dataset\BCC\ISIC_0024436.jpg,isic_0024436,1,0961a777777a0b1bcbacc46258a56b72bb6b4da791d2db3b06fc252288e89e87,875,2
C:\SRS(ISIC_2019)\Dataset\BCC\ISIC_0024634.jpg,isic_0024634,1,e4c24e877ba1478c740b8b600481a640fe7ee5c22d92bc7d81bb1c74fecff5b7,893,2
C:\SRS(ISIC_2019)\Dataset\BCC\ISIC_0024848.jpg,isic_0024848,1,b81730480094f2fe497743d3739a82774db3977dd06704fd152bf6427fc04648,903,2
C:\SRS(ISIC_2019)\Dataset\BCC\ISIC_0024885.jpg,isic_0024885,1,c014bf30f4f546318a679bde3fcfa77baf2fa225133505d511efe71222cf88f9,904,2
C:\SRS(ISIC_2019)\Dataset\BCC\ISIC_0025433.jpg,isic_0025433,1,5f96e8486e1adbaeb947ed7e1073f590f3fa1273d66dcc1f395036a02f01b4bb,923,2
C:\SRS(ISIC_2019)\Dataset\BCC\ISIC_0025467.jpg,isic_0025467,1,335570e778ef734cf7de988e297975637c9040564fa3f68f7d9a340e8f198111,924,2
C:\SRS(ISIC_2019)\Dataset\BCC\ISIC_0025509.jpg,isic_0025509,1,b3db120728121d2eedd6236778a4c978c215ac0a61486bca7237b1d94aa1b15a,925,2
C:\SRS(ISIC_2019)\Dataset\BCC\ISIC_0025600.jpg,isic_0025600,1,c2848fa9854d383fb07f0deb3c7bd44dcc5e0ed774391672ba1624d22d8f21ac,932,2
C:\SRS(ISIC_2019)\Dataset\BCC\ISIC_0025731.jpg,isic_0025731,1,b85a019ec0ac7f234a3acb39c2b6fb6689a1908e99f15184881325fbb601c5be,942,2
C:\SRS(ISIC_2019)\Dataset\BCC\ISIC_0025932.jpg,isic_0025932,1,12ee3d331b55aea7acd9d3d9e147f549d6ab561ee39a99a56aaafa52eae0daee,948,2
C:\SRS(ISIC_2019)\Dataset\BCC\ISIC_0026056.jpg,isic_0026056,1,fd5a68aaa5dee988432f78b195b2ba239a1325cc332230595973a5069d38c7f7,952,2
C:\SRS(ISIC_2019)\Dataset\BCC\ISIC_0026091.jpg,isic_0026091,1,04f0b0821f3a8e09d3fa345f004c105fdb7010f11b2b5370af3ef3420c5e3e78,955,2
C:\SRS(ISIC_2019)\Dataset\BCC\ISIC_0026275.jpg,isic_0026275,1,6a1b459461bbc9675c67177c486c5941ab8b2d9beaaf12a3426d2452fdaee13a,963,2
C:\SRS(ISIC_2019)\Dataset\BCC\ISIC_0026350.jpg,isic_0026350,1,a318fd86c69112d3e355c37969bff3d8a93a58b0869270259e2d786450c785a2,969,2
C:\SRS(ISIC_2019)\Dataset\BCC\ISIC_0026439.jpg,isic_0026439,1,8864883e72c89669d3eaf0ed32beacb7505df4de18b2b103f9849130895f44ce,972,2
C:\SRS(ISIC_2019)\Dataset\BCC\ISIC_0026643.jpg,isic_0026643,1,a968f489785b787e35564590a54118aad3d0a414391ed3be2f73088c4d3e9293,979,2
C:\SRS(ISIC_2019)\Dataset\BCC\ISIC_0026855.jpg,isic_0026855,1,53cc3cab0cf8b851266e8fbd4b919b7ae22cf113035be93251ce856f009f89ff,990,2
C:\SRS(ISIC_2019)\Dataset\BCC\ISIC_0026940.jpg,isic_0026940,1,dcc58aaa6cfa57c0dbed201143bc1132beebc98faeb4ac1e273fab282866f664,993,2
C:\SRS(ISIC_2019)\Dataset\BCC\ISIC_0027004.jpg,isic_0027004,1,7c93793af725cbbcb8ed07b32467d7e6bdb5c50f537f8c097675ff0f60cf8c65,1001,2
C:\SRS(ISIC_2019)\Dataset\BCC\ISIC_0027189.jpg,isic_0027189,1,f795b7cdb1f7af745e2775cee2b465fc39dd9234468d8c50267291bd11e07d01,1013,2
C:\SRS(ISIC_2019)\Dataset\BCC\ISIC_0027433.jpg,isic_0027433,1,3781f95a02fecbfe7d550e7f91227c0bdac18ba36021a08a988dce42cdfb2afc,1022,2
C:\SRS(ISIC_2019)\Dataset\BCC\ISIC_0027478.jpg,isic_0027478,1,7567b35ced9e023f27e0c6d8868b652b0675172db8e3a69395193ee681d2b759,1024,2
C:\SRS(ISIC_2019)\Dataset\BCC\ISIC_0027526.jpg,isic_0027526,1,3ddc0ccc31dd72ea368f8c9278ed1121e9eddd54a36a8f1dd177804e70e0f8f0,1026,2
C:\SRS(ISIC_2019)\Dataset\BCC\ISIC_0027531.jpg,isic_0027531,1,7b05346612ad42da9cad6a1dafd32d5b268d03687200af5b814865c317c595b4,1027,2
C:\SRS(ISIC_2019)\Dataset\BCC\ISIC_0027609.jpg,isic_0027609,1,543ed99720c18c971cf285b2fcc62a12b8915fcb454398aae2f8e084c001135c,1033,2
C:\SRS(ISIC_2019)\Dataset\BCC\ISIC_0027629.jpg,isic_0027629,1,32b259f6e9a33e2367b78197420a45c10970b2e0e1acc886b5560cebd94af3ac,1034,2
C:\SRS(ISIC_2019)\Dataset\BCC\ISIC_0027722.jpg,isic_0027722,1,fe891c5a8b6e403507b2496513f8f81e5bcbfa8c86f7d7af8ed08c0e4a7c0621,1039,2
C:\SRS(ISIC_2019)\Dataset\BCC\ISIC_0027846.jpg,isic_0027846,1,045a932a379e8c80f55008a326050affa2502fc7e7df9a1b5bddf9f28ce925f4,1048,2
C:\SRS(ISIC_2019)\Dataset\BCC\ISIC_0027858.jpg,isic_0027858,1,e8488e740e1ecbb4522cfa96633e4c410c966a29e509d5cabcc1928a4aa3a6fb,1050,2
C:\SRS(ISIC_2019)\Dataset\BCC\ISIC_0027915.jpg,isic_0027915,1,4883cd6e4437cc7563e02a3a0119ae06292313161b7ef6358cbcc0e4d71bfb7e,1052,2
C:\SRS(ISIC_2019)\Dataset\BCC\ISIC_0027966.jpg,isic_0027966,1,326a6259e81af140538d8a890f2cd802ad6c80b80fd068d818082b336a7d13da,1054,2
C:\SRS(ISIC_2019)\Dataset\BCC\ISIC_0028079.jpg,isic_0028079,1,f5cbf672b3fdff14e75ba192528770a855d9ce26cae7e9e2044b28d09d7aad3d,1060,2
C:\SRS(ISIC_2019)\Dataset\BCC\ISIC_0028084.jpg,isic_0028084,1,015b691f73558ed885c4150826bcbbcb1f667594394e448c05c25752c6e45c4b,1061,2
C:\SRS(ISIC_2019)\Dataset\BCC\ISIC_0028147.jpg,isic_0028147,1,39591f8f342831f7574228771a914403901b4a028514cbb327a9ac3cab86c7eb,1068,2
C:\SRS(ISIC_2019)\Dataset\BCC\ISIC_0028419.jpg,isic_0028419,1,b9ad73deb517c5b12fd13738e15bb7e8201a8ee3f9ee235c91eded57ff05dc1f,1079,2
C:\SRS(ISIC_2019)\Dataset\BCC\ISIC_0028457.jpg,isic_0028457,1,0c698dbe30d9be93fe2756115699c93d0e13e3f41533fb2e12ea4a9ca3e80e4c,1080,2
C:\SRS(ISIC_2019)\Dataset\BCC\ISIC_0028652.jpg,isic_0028652,1,c543f4f2e4ce99b090df0bd117e9951f7189c9fe5f34977d6ec59e987f25a2ac,1089,2
C:\SRS(ISIC_2019)\Dataset\BCC\ISIC_0028653.jpg,isic_0028653,1,40332e3997ea562e1ed52b5cd73744c296212d505e6e345774be340fbc815665,1090,2
C:\SRS(ISIC_2019)\Dataset\BCC\ISIC_0028807.jpg,isic_0028807,1,e105177a7133b0139198b999e95be869177387807786ffde78e73a71ca4e4d00,1102,2
C:\SRS(ISIC_2019)\Dataset\BCC\ISIC_0028815.jpg,isic_0028815,1,98313cd06408556961989d0b520d38d0353d9d61c91831895a02af9a62932dda,1104,2
C:\SRS(ISIC_2019)\Dataset\BCC\ISIC_0028877.jpg,isic_0028877,1,6b5b749c9216d8cdabdf33154fdfdc6b7c811360efe42979c752537fb14137cd,1108,2
C:\SRS(ISIC_2019)\Dataset\BCC\ISIC_0028978.jpg,isic_0028978,1,009568a92a3c522f83fe9b566b65a9f27870ff9c547e858a884b47cd0ab3d04f,1114,2
C:\SRS(ISIC_2019)\Dataset\BCC\ISIC_0028980.jpg,isic_0028980,1,c959a7b6d3ea341630087b3b340d10af84dbde2851b8ef0cb8f66f3d2bfee664,1115,2
C:\SRS(ISIC_2019)\Dataset\BCC\ISIC_0029020.jpg,isic_0029020,1,75634dc0281061542b33bfc1ba8a6d3b2bde4658785509bbd920c89926551446,1118,2
C:\SRS(ISIC_2019)\Dataset\BCC\ISIC_0029263.jpg,isic_0029263,1,4b4467a748572d48fbc6efe2329d254747047beeaaef63aac169d858b41c4348,1131,2
C:\SRS(ISIC_2019)\Dataset\BCC\ISIC_0029337.jpg,isic_0029337,1,60df2b15b9e9e45560d138dd3de6e1a0beb08470a7b63a2bd4da68854cc1e5a2,1135,2
C:\SRS(ISIC_2019)\Dataset\BCC\ISIC_0029372.jpg,isic_0029372,1,b7329f2d2c0398bc4b41cf058321834c0525e3df89c7505c84dc9969e33e3fc9,1139,2
C:\SRS(ISIC_2019)\Dataset\BCC\ISIC_0029489.jpg,isic_0029489,1,5a9da48fdaac82b10f19a4b0cc525d562951a98086d20e6c28665abae95f6172,1144,2
C:\SRS(ISIC_2019)\Dataset\BCC\ISIC_0029644.jpg,isic_0029644,1,35aaeeeca2f610fa294a5320083bc87ece2ba98f2535840363627c15f458a425,1153,2
C:\SRS(ISIC_2019)\Dataset\BCC\ISIC_0029655.jpg,isic_0029655,1,ec275801b9ac5590ef3d30d69fa0f9ed43dbdf31e87673b4aa64df7bd120b745,1155,2
C:\SRS(ISIC_2019)\Dataset\BCC\ISIC_0029755.jpg,isic_0029755,1,b73a5a41bac4e8293b9193a583ee1735f78cef769b555c5688396252dd93cdf9,1160,2
C:\SRS(ISIC_2019)\Dataset\BCC\ISIC_0029831.jpg,isic_0029831,1,4a64474c23f3f89478fda26a9b22502f7c74bef2a88038107c3b80c76a14283c,1164,2
C:\SRS(ISIC_2019)\Dataset\BCC\ISIC_0029899.jpg,isic_0029899,1,e04243f81e477bb1308dca9205711e50be2efe569fcaac5641ac91079fc23154,1168,2
C:\SRS(ISIC_2019)\Dataset\BCC\ISIC_0030096.jpg,isic_0030096,1,d141bdc3a26de4433ad4a2de583cb55c8c5e5e1fdb8adbdfc6df3ff63f16a66c,1175,2
C:\SRS(ISIC_2019)\Dataset\BCC\ISIC_0030145.jpg,isic_0030145,1,784ebcddfa36c9d25be5909c095a98915284e695d7976807313dcb95ad1ca82c,1178,2
C:\SRS(ISIC_2019)\Dataset\BCC\ISIC_0030271.jpg,isic_0030271,1,ae933531b59142e57bb007d3d21925e903ef108faffd7a588e3b23c5401e179c,1186,2
C:\SRS(ISIC_2019)\Dataset\BCC\ISIC_0030352.jpg,isic_0030352,1,9a5093fff1b6575d2b3494154d48477c93c8f9a57bde2a8c2f773784fa1213b7,1191,2
C:\SRS(ISIC_2019)\Dataset\BCC\ISIC_0030526.jpg,isic_0030526,1,b0d74e4db43302847b4a7c1f0e0e8b51b0fcecb70ddee0a0d00460d29b497178,1197,2
C:\SRS(ISIC_2019)\Dataset\BCC\ISIC_0030755.jpg,isic_0030755,1,fb242afa69f732dafecbd1e2ddae6358f2affd516a5b6f99b5a8f7dbe7374781,1208,2
C:\SRS(ISIC_2019)\Dataset\BCC\ISIC_0030954.jpg,isic_0030954,1,438195a4e66c7f57f951c11d85c649064111b02c04a866d376c5e5eb5b4cea0f,1218,2
C:\SRS(ISIC_2019)\Dataset\BCC\ISIC_0030964.jpg,isic_0030964,1,41528845f021128abfc94600b972ff1ed6629ebb02fa53ba0b13ec1e6a25e38f,1219,2
C:\SRS(ISIC_2019)\Dataset\BCC\ISIC_0031009.jpg,isic_0031009,1,28b77790eeddf30e71b238b2a7a84d54d1ae8088f0fffc73c346aec14a711f43,1221,2
C:\SRS(ISIC_2019)\Dataset\BCC\ISIC_0031298.jpg,isic_0031298,1,c072923bfca924e0e8c884d1d0a5e28b4f8d12bb61373c4836dc5ea699be7a0e,1246,2
C:\SRS(ISIC_2019)\Dataset\BCC\ISIC_0031351.jpg,isic_0031351,1,56353f953f94b0f4ebcfe3903696937ff010b8d81a24313fbce52478c1dfc5a4,1248,2
C:\SRS(ISIC_2019)\Dataset\BCC\ISIC_0031400.jpg,isic_0031400,1,5e8b11fe120e50f596f1a02407decbbbf1fb9111fd973a8f90a5482e94febc9a,1251,2
C:\SRS(ISIC_2019)\Dataset\BCC\ISIC_0031527.jpg,isic_0031527,1,51f4e9095345e7859ad2b3a79160d31054e049be2b500415751327dd537a8f96,1261,2
C:\SRS(ISIC_2019)\Dataset\BCC\ISIC_0031643.jpg,isic_0031643,1,defe144a7e524f8158aea8fd2c5edac72530ddeaaa5e2399f4aa39025f9fd75d,1270,2
C:\SRS(ISIC_2019)\Dataset\BCC\ISIC_0031651.jpg,isic_0031651,1,4928c2c13a1189df13f31b8bc6a308665eb326024d542191e75dc1d6e2ae8044,1271,2
C:\SRS(ISIC_2019)\Dataset\BCC\ISIC_0031728.jpg,isic_0031728,1,b8e01105d1095f16d42ab2c0699b2a500834c879c20eaaf1b979909bed874336,1276,2
C:\SRS(ISIC_2019)\Dataset\BCC\ISIC_0031925.jpg,isic_0031925,1,4d9c7ae1e837cd62951cecfb46e379961df91b0e76a57bb211a90004a9197a23,1282,2
C:\SRS(ISIC_2019)\Dataset\BCC\ISIC_0032164.jpg,isic_0032164,1,1d134da64a56b3fd3877ccf4793edfacf8317badc241daa274949b0dd677f9fc,1294,2
C:\SRS(ISIC_2019)\Dataset\BCC\ISIC_0032290.jpg,isic_0032290,1,1f5094fce9433d40bb1cdadc4a78c6631c6299b49120e7969d89105816bd7f69,1301,2
C:\SRS(ISIC_2019)\Dataset\BCC\ISIC_0032307.jpg,isic_0032307,1,99e8b280784df0e365694932d7ba72051e906218e6bebc901a992a77e99d2206,1303,2
C:\SRS(ISIC_2019)\Dataset\BCC\ISIC_0032384.jpg,isic_0032384,1,2f6068f670079551c1c2b905a975c823c395bfa26fff453785ddd35b79b3c19e,1307,2
C:\SRS(ISIC_2019)\Dataset\BCC\ISIC_0032439.jpg,isic_0032439,1,f4f6fa799fed97746f1078ff2b4697f3b45508117c23ffad703c9972ee2bfcc1,1311,2
C:\SRS(ISIC_2019)\Dataset\BCC\ISIC_0032652.jpg,isic_0032652,1,e3844667f323e95883b588b1709d032806ef3caca3f833a7ab5b40bc2ed359cd,1317,2
C:\SRS(ISIC_2019)\Dataset\BCC\ISIC_0032850.jpg,isic_0032850,1,3a04ce7f8b35a3fddced904d02d2b5dd4e50cdd1dcefcbb613757664b40fc585,1328,2
C:\SRS(ISIC_2019)\Dataset\BCC\ISIC_0033001.jpg,isic_0033001,1,ea34157d9550d845b7e52e5fef9aabcdbcde062cda63c51bb8510442c7185637,1334,2
C:\SRS(ISIC_2019)\Dataset\BCC\ISIC_0033012.jpg,isic_0033012,1,ad4602e926f11ffef10ed4c9fe22de4d46338e310b0c7a27ba64c1e2cb88ea14,1335,2
C:\SRS(ISIC_2019)\Dataset\BCC\ISIC_0033203.jpg,isic_0033203,1,b543d553764673829531784f3a47113f38a60b36598e986c208bb592031903f9,1340,2
C:\SRS(ISIC_2019)\Dataset\BCC\ISIC_0033271.jpg,isic_0033271,1,6d43af2b9eabb8291c21e8294233633f2c01ef1a8c6f1a7daab6cac3c0fe11c1,1345,2
C:\SRS(ISIC_2019)\Dataset\BCC\ISIC_0033354.jpg,isic_0033354,1,ee6d4719837e5376f627a4bda4ffa93dfda0ea5a692df5a65d2854fddf49d01a,1347,2
C:\SRS(ISIC_2019)\Dataset\BCC\ISIC_0033372.jpg,isic_0033372,1,c0f58a06448e93d3b4d0d84422b2811ddfc1df5a463d919244bc8f17360c10df,1349,2
C:\SRS(ISIC_2019)\Dataset\BCC\ISIC_0033579.jpg,isic_0033579,1,fe69b0fca4e29a6757b58a0aa6897aeb69fcd0c93e42f61f413f0e44db242fb6,1357,2
C:\SRS(ISIC_2019)\Dataset\BCC\ISIC_0033666.jpg,isic_0033666,1,f9d0b9964b289a4843761c542444a1a352934eb290b3531ecc5270f6414b5bd4,1359,2
C:\SRS(ISIC_2019)\Dataset\BCC\ISIC_0034143.jpg,isic_0034143,1,f920ffb6bb3a4816f1739378adefb55bab698d3a47760e0f87cf13ee067b4df5,1372,2
C:\SRS(ISIC_2019)\Dataset\BCC\ISIC_0034276.jpg,isic_0034276,1,4d2a90415267c7abbac6d53a1745b0cc12efbf2b2bf64210d226461afbf3a725,1378,2
C:\SRS(ISIC_2019)\Dataset\BCC\ISIC_0053474.jpg,isic_0053474,1,1a4cdfbc5bb021479ec4dd98bfdb36c1c383931360f8bd64598decaa18200d7f,1383,2
C:\SRS(ISIC_2019)\Dataset\BCC\ISIC_0053558.jpg,isic_0053558,1,b67237c622ebb58cb3fd26bd32d319ed2396c362a2598a334b1762e3105b0fc3,1399,2
C:\SRS(ISIC_2019)\Dataset\BCC\ISIC_0053601.jpg,isic_0053601,1,86207319f3f967cd6824fedfc41ee254f46974f492991d69f2d6214719571740,1405,2
C:\SRS(ISIC_2019)\Dataset\BCC\ISIC_0053631.jpg,isic_0053631,1,b83ae76e1107e0ba7a4b3ed40ab171d15d3a0c8123ed4fe1107e3ee82cb2c78e,1408,2
C:\SRS(ISIC_2019)\Dataset\BCC\ISIC_0053648.jpg,isic_0053648,1,674d1aa1030d3c034a258b8b899b54dede46142410acd4b899626da39e9a9209,1409,2
C:\SRS(ISIC_2019)\Dataset\BCC\ISIC_0053695.jpg,isic_0053695,1,41d11ece1e3fa390fcf51d7872ee097449eba21d05b6d12c2944a18cf5a9fd64,1414,2
C:\SRS(ISIC_2019)\Dataset\BCC\ISIC_0053712.jpg,isic_0053712,1,a8fcf03dd6454c65a0a3de53b49266b2746b517827dd9bcd632a91d3cd68b467,1415,2
C:\SRS(ISIC_2019)\Dataset\BCC\ISIC_0053817.jpg,isic_0053817,1,5944bb87e609d53519233b4445abb87dd43cb52714426f7db1dcda3f27480118,1430,2
C:\SRS(ISIC_2019)\Dataset\BCC\ISIC_0053858.jpg,isic_0053858,1,b39d0d3f9550a6d7000b91a8e6c8cc6538694c99c2f321981597e8029f3424ab,1433,2
C:\SRS(ISIC_2019)\Dataset\BCC\ISIC_0053873.jpg,isic_0053873,1,67981070ace86ebe4f66344f204fbcb3d83a1e2c3d8e7bce7a321ee5662bf104,1437,2
C:\SRS(ISIC_2019)\Dataset\BCC\ISIC_0053876.jpg,isic_0053876,1,68d57b4b48ba9c6923237090e4d82503019a6fbcca83640210d38d24c66ae6db,1438,2
C:\SRS(ISIC_2019)\Dataset\BCC\ISIC_0053972.jpg,isic_0053972,1,ea135b57eacb1b97cf57ba40aa9add5ce0f7394cf698999e676a653398403a4b,1448,2
C:\SRS(ISIC_2019)\Dataset\BCC\ISIC_0054036.jpg,isic_0054036,1,6b70900a4fe772a473b9bb31d408a76683053ca49a93f7fbd9a5271a5ea6350a,1453,2
C:\SRS(ISIC_2019)\Dataset\BCC\ISIC_0054063.jpg,isic_0054063,1,da11b03788589c9da7fd73373b232a9f199c0d3d8ed9a6fee07d5ef1720cb4c6,1456,2
C:\SRS(ISIC_2019)\Dataset\BCC\ISIC_0054144.jpg,isic_0054144,1,3021009cb52c2a72df521ddfd2cbad25d8d10e42fad1c5b4fe156b2d1dda344c,1468,2
C:\SRS(ISIC_2019)\Dataset\BCC\ISIC_0054150.jpg,isic_0054150,1,7b32ec2ae60270950ada0e39ef4ff059bf91390717211fa3e7bcd91b65f00ff1,1469,2
C:\SRS(ISIC_2019)\Dataset\BCC\ISIC_0054156.jpg,isic_0054156,1,39ad83438055ec53e9287d59f86454e839db676d00aa945ff8c3eda33ce62a83,1470,2
C:\SRS(ISIC_2019)\Dataset\BCC\ISIC_0054190.jpg,isic_0054190,1,d6cd2c5002e318b925755acdf94aeee0828bdcb7bb30176aa7202e4ff053e3b7,1477,2
C:\SRS(ISIC_2019)\Dataset\BCC\ISIC_0054227.jpg,isic_0054227,1,850e14a3b4fcf0a6899444ede65bf9e5db9db8f46468bc05b56785a4b1b73daf,1482,2
C:\SRS(ISIC_2019)\Dataset\BCC\ISIC_0054322.jpg,isic_0054322,1,406afc8d61a821f743c5458eec9dd75314e2dd673a5bca86830f50a64507f376,1491,2
C:\SRS(ISIC_2019)\Dataset\BCC\ISIC_0054353.jpg,isic_0054353,1,e6e0b9b55a5b045eef07adfa41c58d7da3a2661b8bd18e39fd856358b5734638,1499,2
C:\SRS(ISIC_2019)\Dataset\BCC\ISIC_0054396.jpg,isic_0054396,1,aeaca38ce3d05d92b0d8829b1f3418ec50d15e82a04e0979c0d6799c42e21ca3,1504,2
C:\SRS(ISIC_2019)\Dataset\BCC\ISIC_0054567.jpg,isic_0054567,1,1f7c967a04503cac423a079cda261d60d0a1b96067bf28eeec0766b8d44df02a,1527,2
C:\SRS(ISIC_2019)\Dataset\BCC\ISIC_0054569.jpg,isic_0054569,1,c954d057c472e14a0d6dda3450b74a2b6d49295cebd33fa7e5dc6c23c0634213,1528,2
C:\SRS(ISIC_2019)\Dataset\BCC\ISIC_0054575.jpg,isic_0054575,1,306b0e14f381d5d5dbee2517b303794c091c51b845f1da431e38bc4fef1bfe13,1529,2
C:\SRS(ISIC_2019)\Dataset\BCC\ISIC_0054589.jpg,isic_0054589,1,20e122b37d2f6abe1ef646447704b41acb0b49598703592ffc8f171aa83ba2e9,1530,2
C:\SRS(ISIC_2019)\Dataset\BCC\ISIC_0054649.jpg,isic_0054649,1,56a95acb5994871b3fa07adefd5130658f3dbd80bbb51baa69cb5175db034bf1,1543,2
C:\SRS(ISIC_2019)\Dataset\BCC\ISIC_0054697.jpg,isic_0054697,1,ee228c7a685b39832d424840c6509d6c38faf852b623a5b6efdcbcb2d7294406,1552,2
C:\SRS(ISIC_2019)\Dataset\BCC\ISIC_0054723.jpg,isic_0054723,1,988bc71f2018bcfb16b587fa1b5e5d93e9ec8d54957c6a9f7dca6e07a18507d5,1555,2
C:\SRS(ISIC_2019)\Dataset\BCC\ISIC_0054735.jpg,isic_0054735,1,bce5d16d0f98c78d8f42c557e19623135dfa11ff64397a08c01a8c0f9c474901,1556,2
C:\SRS(ISIC_2019)\Dataset\BCC\ISIC_0054834.jpg,isic_0054834,1,c9591f650210f51dd08d9cdf9be766188cbf78fac05118b6fa9f860de90d0a01,1569,2
C:\SRS(ISIC_2019)\Dataset\BCC\ISIC_0054873.jpg,isic_0054873,1,d312bd1662568e0c49d00ac19bdae5c7fa4f4d3b84de4fbb70ab658597c68ce1,1576,2
C:\SRS(ISIC_2019)\Dataset\BCC\ISIC_0054905.jpg,isic_0054905,1,9ed4cfb369fe42f427025784c6621583743a187cce385b2444bc3cc85adaa95c,1579,2
C:\SRS(ISIC_2019)\Dataset\BCC\ISIC_0054924.jpg,isic_0054924,1,12deb488fd25f11994df0ef427f7d4e5451d1df1f068cf3b2cc0540fb90c30d0,1581,2
C:\SRS(ISIC_2019)\Dataset\BCC\ISIC_0054942.jpg,isic_0054942,1,4fc88149439b848cd61a3bbe33c089b37447d8052cab48170d69f841f4b5ccdc,1585,2
C:\SRS(ISIC_2019)\Dataset\BCC\ISIC_0054994.jpg,isic_0054994,1,8c6ca93a77feb75c0205900746e6d294202e214b8127a710cba0a7087bc0615b,1595,2
C:\SRS(ISIC_2019)\Dataset\BCC\ISIC_0055021.jpg,isic_0055021,1,1cf8586e8f5694e1d1219fb6a0150ed554dee27ef94027ab42f57c3f38c38989,1598,2
C:\SRS(ISIC_2019)\Dataset\BCC\ISIC_0055098.jpg,isic_0055098,1,0f924cb18a7a4ce790fd767ee992911dd256d3993afd4ed908ca78554065c897,1610,2
C:\SRS(ISIC_2019)\Dataset\BCC\ISIC_0055206.jpg,isic_0055206,1,d68a0b932496bba61685421babc1c4b81c5eed33e45e4de41d85540c1f460e3e,1622,2
C:\SRS(ISIC_2019)\Dataset\BCC\ISIC_0055243.jpg,isic_0055243,1,6ba7ffa976a2589392e8933c27c0d23c9f70098f37d1924d976383e1e7adb073,1627,2
C:\SRS(ISIC_2019)\Dataset\BCC\ISIC_0055291.jpg,isic_0055291,1,c3446fcb6b22b6a01fcf1f8dc3488215672d8e61db33bc75cb0707b824f5aaca,1634,2
C:\SRS(ISIC_2019)\Dataset\BCC\ISIC_0055351.jpg,isic_0055351,1,a8c55c1ab4b49f7a7cd68474c12ea8702fd411ce31307bb3e0a108101d0a5fc6,1644,2
C:\SRS(ISIC_2019)\Dataset\BCC\ISIC_0055441.jpg,isic_0055441,1,2ccb0134ba9607fab0b2777503720ea6077375db347d8d5706139202db1e4cae,1657,2
C:\SRS(ISIC_2019)\Dataset\BCC\ISIC_0055444.jpg,isic_0055444,1,7fd5270f399fdb03d23b96891e29126147877e6f0fe5f09695899e3a9c6638d1,1658,2
C:\SRS(ISIC_2019)\Dataset\BCC\ISIC_0055604.jpg,isic_0055604,1,10fc89edd4418d191e8dabd2aff65c1d49817c46ea9cdc5bda05a15b3a35e51b,1674,2
C:\SRS(ISIC_2019)\Dataset\BCC\ISIC_0055673.jpg,isic_0055673,1,e555fa069e312b4b82c8fb492550c7ea824cb4b7f36b2da1ab91a6f8f1127751,1683,2
C:\SRS(ISIC_2019)\Dataset\BCC\ISIC_0055744.jpg,isic_0055744,1,5c707572970086e16ec57b896cfbe019d4e9044758b31a1f1e687a8a9591645a,1696,2
C:\SRS(ISIC_2019)\Dataset\BCC\ISIC_0055875.jpg,isic_0055875,1,e2d3bcde2a7a8e002f146365a325d52a6eabae48d35c630250ed96e3c8669f79,1718,2
C:\SRS(ISIC_2019)\Dataset\BCC\ISIC_0055886.jpg,isic_0055886,1,8416019b168d9c93cebf055b6e1daf4926a1d8479a6922a589b6dc66c4bf6bd2,1720,2
C:\SRS(ISIC_2019)\Dataset\BCC\ISIC_0055891.jpg,isic_0055891,1,2734c7d92954cb0d19734a59de8cd6b2b5c9b3be0c90320debb401040a34aa55,1722,2
C:\SRS(ISIC_2019)\Dataset\BCC\ISIC_0055950.jpg,isic_0055950,1,71ca936ce767c1e6236c9c99331eaa98d5d7f8461d614f577dbe502a11fa6091,1733,2
C:\SRS(ISIC_2019)\Dataset\BCC\ISIC_0055969.jpg,isic_0055969,1,c6b14e1e06283c7403adc165912be57037f732ab38a7fe06212ece75d3820bfb,1740,2
C:\SRS(ISIC_2019)\Dataset\BCC\ISIC_0056097.jpg,isic_0056097,1,9741c8cfccf0c06cc0a0317cb463c96b8729eebf4b604fad07f3ee24e8e61f39,1752,2
C:\SRS(ISIC_2019)\Dataset\BCC\ISIC_0056124.jpg,isic_0056124,1,3b25f6ed8f88cd2f65d4376bf453dd49fd230e9adf1ba1d4d0529193551f461e,1756,2
C:\SRS(ISIC_2019)\Dataset\BCC\ISIC_0056144.jpg,isic_0056144,1,d16b6a808a6d41b8126b5571c5d69922f829dcecf89dc1c6efde5c637db706ed,1759,2
C:\SRS(ISIC_2019)\Dataset\BCC\ISIC_0056151.jpg,isic_0056151,1,23aa45c1ff209eb4558633b4a76f626bf5ce0abb203fa378fba6a734e70f4469,1761,2
C:\SRS(ISIC_2019)\Dataset\BCC\ISIC_0056172.jpg,isic_0056172,1,8e5a6fcf1a40fe305f8e232d767802dd956b68b8e51d53abec8888cc1d7ff633,1764,2
C:\SRS(ISIC_2019)\Dataset\BCC\ISIC_0056219.jpg,isic_0056219,1,785823b3ef554b0c43b4ef9386fab2827da5a851cdaaf234ab3feb52bd3727b5,1771,2
C:\SRS(ISIC_2019)\Dataset\BCC\ISIC_0056235.jpg,isic_0056235,1,345c273ea7c48f529c9f6f8f6975f5fab47b63b2edd78204ebcdbd11980a0636,1774,2
C:\SRS(ISIC_2019)\Dataset\BCC\ISIC_0056372.jpg,isic_0056372,1,060213dcd7c3ce330d86be62e8df9f7b173ec01837f30ac6ba0849ead53c67f4,1792,2
C:\SRS(ISIC_2019)\Dataset\BCC\ISIC_0056486.jpg,isic_0056486,1,d0c65505a6c92a4ad6f4ad25c47ab149d2eec19d186a92e566cfa4a316ab0bd5,1801,2
C:\SRS(ISIC_2019)\Dataset\BCC\ISIC_0056548.jpg,isic_0056548,1,91974ada0ee2cdf688ea992bc48e2c3c9a469da95de339f7bd865083a5bf50c3,1808,2
C:\SRS(ISIC_2019)\Dataset\BCC\ISIC_0056556.jpg,isic_0056556,1,36cc0405fc951811f019deb52a7acebf46a859460b10f0c93edbe553a41361c3,1810,2
C:\SRS(ISIC_2019)\Dataset\BCC\ISIC_0056585.jpg,isic_0056585,1,f5421c25eaa8040658287f62e7ea4d54f67e9538bc4cdd6c101e3f023c001c39,1814,2
C:\SRS(ISIC_2019)\Dataset\BCC\ISIC_0056731.jpg,isic_0056731,1,89260938a8282b3c3ce0f9865407d7bbef25a767aa804529cd545fba6485aee2,1833,2
C:\SRS(ISIC_2019)\Dataset\BCC\ISIC_0056870.jpg,isic_0056870,1,5a884ee50622f6a3d151591274194314e00b581b2e6b04e54a36544396e01b57,1848,2
C:\SRS(ISIC_2019)\Dataset\BCC\ISIC_0056875.jpg,isic_0056875,1,8130beb645e0519f457858fef5fe6db2c09a4f0a29b688064ac6265a6d37aa2c,1849,2
C:\SRS(ISIC_2019)\Dataset\BCC\ISIC_0056895.jpg,isic_0056895,1,a0f9e779d72ccd9b4740f9637110991f4b6dfe12958ca65babb005b399a9b18b,1853,2
C:\SRS(ISIC_2019)\Dataset\BCC\ISIC_0056941.jpg,isic_0056941,1,0b910e9f4036c810064d99a4fd94c892cb68081dafc200efb43545feca72d2b3,1860,2
C:\SRS(ISIC_2019)\Dataset\BCC\ISIC_0056953.jpg,isic_0056953,1,3aa060793f663e62fd6832a6c210274d57288b17da1357824e458871ae6afc03,1864,2
C:\SRS(ISIC_2019)\Dataset\BCC\ISIC_0057054.jpg,isic_0057054,1,3ff081c57989eba5c562f6b84bee43562ea97fb792b5bae9084d88b5b9c5bc89,1874,2
C:\SRS(ISIC_2019)\Dataset\BCC\ISIC_0057058.jpg,isic_0057058,1,b3010a3100e52c088e5b2673fe2d0ea434f628fcccc8d5e87a017b6d5936fdcd,1877,2
C:\SRS(ISIC_2019)\Dataset\BCC\ISIC_0057088.jpg,isic_0057088,1,17dd67ccabfb7d6d208606915e038efb8b65b5cc57c5353830aa8ad4c2022b17,1881,2
C:\SRS(ISIC_2019)\Dataset\BCC\ISIC_0057104.jpg,isic_0057104,1,97c3bf8985b551c44577ba6959bac6f8e73ee25ca14ce07e7e157e0b9e57a94f,1884,2
C:\SRS(ISIC_2019)\Dataset\BCC\ISIC_0057117.jpg,isic_0057117,1,cbdf9133c69ad63f0c029a5fc9016aa23f9fccabaa70f4e34fa60e11ee6962b9,1888,2
C:\SRS(ISIC_2019)\Dataset\BCC\ISIC_0057161.jpg,isic_0057161,1,668e644ffd76d54e13253cd9467f38723c9ffe2c3f28c32d60f2c17dfc370740,1890,2
C:\SRS(ISIC_2019)\Dataset\BCC\ISIC_0057242.jpg,isic_0057242,1,c629774e546c9d0a317b24dc72d0f5359bbbeeb44995b9b41be5225da9a860de,1902,2
C:\SRS(ISIC_2019)\Dataset\BCC\ISIC_0057300.jpg,isic_0057300,1,02ae3308bd4e5fc4a7ddd0291fd881f88a138e4fb4efe6819abf2130769f06f0,1911,2
C:\SRS(ISIC_2019)\Dataset\BCC\ISIC_0057336.jpg,isic_0057336,1,815b9fd724fd503f6db25e1d9ad49b757c04368d5834f195e7f5380d9292c533,1916,2
C:\SRS(ISIC_2019)\Dataset\BCC\ISIC_0057347.jpg,isic_0057347,1,b1ea7de19da46331b3a1fa187373147e5a863fe0c24c6c3f4d00de643cd7b409,1917,2
C:\SRS(ISIC_2019)\Dataset\BCC\ISIC_0057359.jpg,isic_0057359,1,1b2775ffa08d122c0d73582970af5d3aa2d94cfedfb54124e154869fad0a237b,1921,2
C:\SRS(ISIC_2019)\Dataset\BCC\ISIC_0057392.jpg,isic_0057392,1,53ef7a22e6aeba04490fdb92ce5b53df97a1e09df06121cf68676de7b5851e2e,1925,2
C:\SRS(ISIC_2019)\Dataset\BCC\ISIC_0057393.jpg,isic_0057393,1,fa4b9bc94c95771d1a71f7f842178be00688e5303d9aca1d4607bb25d66cdf81,1926,2
C:\SRS(ISIC_2019)\Dataset\BCC\ISIC_0057404.jpg,isic_0057404,1,f68ca299086f4110cf75667e729b38763ca51246c99463e8ffe879fd6fa3ade5,1929,2
C:\SRS(ISIC_2019)\Dataset\BCC\ISIC_0057418.jpg,isic_0057418,1,1b9ea357595781760d5de55f79a0d820db69230f285756dad9d1c1ebcd801a21,1931,2
C:\SRS(ISIC_2019)\Dataset\BCC\ISIC_0057560.jpg,isic_0057560,1,37ea73baaad7bdf1a36d3b482b14c4a13110955dc2269efa66eeabe20970f99c,1948,2
C:\SRS(ISIC_2019)\Dataset\BCC\ISIC_0057662.jpg,isic_0057662,1,006c0586ee925a944c79444c1fd968a073ae8e195816508da92e197ceed6ed66,1963,2
C:\SRS(ISIC_2019)\Dataset\BCC\ISIC_0057757.jpg,isic_0057757,1,1bcc558acf84f9aa961a1d556dc7bdb28f4d68a28e7272192cac8cb9241a45b2,1972,2
C:\SRS(ISIC_2019)\Dataset\BCC\ISIC_0057822.jpg,isic_0057822,1,29d194bbc0bc4bd19ce3be4053e64bb13a06f737571ce91476787ca9be6628fc,1977,2
C:\SRS(ISIC_2019)\Dataset\BCC\ISIC_0057885.jpg,isic_0057885,1,e162277411bd5d09b97294d7b5851f81da0c6aa67030f2f33cb179c5e3d7fdc9,1983,2
C:\SRS(ISIC_2019)\Dataset\BCC\ISIC_0057893.jpg,isic_0057893,1,665756aed82e969b22292fa52412113719d85d406582d53e8bf6b8b998050015,1984,2
C:\SRS(ISIC_2019)\Dataset\BCC\ISIC_0057910.jpg,isic_0057910,1,e71139b34f3f51e0ba46298f351539b32256baac1417de4e7cd5463541de4f47,1990,2
C:\SRS(ISIC_2019)\Dataset\BCC\ISIC_0057937.jpg,isic_0057937,1,c4430a553b6a59db6403eb6c776be4ecec39e15df6cf3937f31a32cd1c72fa3e,1995,2
C:\SRS(ISIC_2019)\Dataset\BCC\ISIC_0057977.jpg,isic_0057977,1,423a3a3f0fb4264d4ba7cab3c35ea15706880fd7fb3920d74078895c0ad1faa1,1998,2
C:\SRS(ISIC_2019)\Dataset\BCC\ISIC_0057979.jpg,isic_0057979,1,33a4dfa0ca130f6114cbbb5c2633ddfd2dedfc764221c9403d4ac1a492d4923c,1999,2
C:\SRS(ISIC_2019)\Dataset\BCC\ISIC_0057998.jpg,isic_0057998,1,4712fefe567a472f351b2791c09e76071570a7b69c57fe281b202dc5f0067786,2001,2
C:\SRS(ISIC_2019)\Dataset\BCC\ISIC_0058043.jpg,isic_0058043,1,17d886fc40e0223b335c96029aaec6bfeba63eff978c64ff59697b9ca7dba7b1,2008,2
C:\SRS(ISIC_2019)\Dataset\BCC\ISIC_0058058.jpg,isic_0058058,1,a9b43a19a2faf95722db1f6232ef8b4a39952331c5f4c466e097d821e61387a0,2009,2
C:\SRS(ISIC_2019)\Dataset\BCC\ISIC_0058116.jpg,isic_0058116,1,6d4187ac7ad9824c4ca164be420dea6460654440127c78ce1e3dc66d3369aa8e,2020,2
C:\SRS(ISIC_2019)\Dataset\BCC\ISIC_0058130.jpg,isic_0058130,1,0e158c68f8ba4c44f147211f40943b9b55952901e01a5019201759981e174a11,2022,2
C:\SRS(ISIC_2019)\Dataset\BCC\ISIC_0058150.jpg,isic_0058150,1,5eef22a7b2bd27e2737933a6b60ee2a9bf2c7a885a519834294b2a4d8a427a70,2025,2
C:\SRS(ISIC_2019)\Dataset\BCC\ISIC_0058193.jpg,isic_0058193,1,2495bd8f6bec5f1af375073cff624089c12b3715d1e530334a5accbaa846a926,2029,2
C:\SRS(ISIC_2019)\Dataset\BCC\ISIC_0058220.jpg,isic_0058220,1,6bd76e7e7eaefb066be08f0a0de256a7a29c2af4fb248a157f712992e5de26fe,2031,2
C:\SRS(ISIC_2019)\Dataset\BCC\ISIC_0058227.jpg,isic_0058227,1,de773381cd6fc4998521f9c96ff809fcd27c203418aebffdd78787b0162d7788,2034,2
C:\SRS(ISIC_2019)\Dataset\BCC\ISIC_0058348.jpg,isic_0058348,1,d72f6f05c30d07f9a479187664ee54a59193be65b4670874bef380a3cd316606,2051,2
C:\SRS(ISIC_2019)\Dataset\BCC\ISIC_0058410.jpg,isic_0058410,1,c0a1f3933b4b99f10d26a4266f5ef37f02b2e4c11725410b7e5c0e84a19e2025,2058,2
C:\SRS(ISIC_2019)\Dataset\BCC\ISIC_0058468.jpg,isic_0058468,1,b61db46ba84857515daf031223f15451018d4c1660e23b9cd56978c7d7cf4104,2067,2
C:\SRS(ISIC_2019)\Dataset\BCC\ISIC_0058472.jpg,isic_0058472,1,d2df1f86e7645262f185dfdd2be3c0ed11738bc23d14338737e0e18191153956,2068,2
C:\SRS(ISIC_2019)\Dataset\BCC\ISIC_0058482.jpg,isic_0058482,1,644a48aab595e7c7c2407191bb521dab726d2728ae594d51e07e8373fc343294,2071,2
C:\SRS(ISIC_2019)\Dataset\BCC\ISIC_0058500.jpg,isic_0058500,1,48d8d82b6c34778accd73148b2e06ed973389b816d43f88e70b5971f67047dd6,2073,2
C:\SRS(ISIC_2019)\Dataset\BCC\ISIC_0058527.jpg,isic_0058527,1,6bd4f23cc34330a1ae686dcf3840fc36c117d2588a895acb1a965436dccdc362,2076,2
C:\SRS(ISIC_2019)\Dataset\BCC\ISIC_0058556.jpg,isic_0058556,1,da460f5b4ee05e33b2bc9406538f9d90c59a185844e6c908732d7e25e313fe54,2082,2
C:\SRS(ISIC_2019)\Dataset\BCC\ISIC_0058651.jpg,isic_0058651,1,3d56a7518c30e1357aaff21df54c198348dd1fc8d219d5c35f611853f9f46df1,2092,2
C:\SRS(ISIC_2019)\Dataset\BCC\ISIC_0058678.jpg,isic_0058678,1,e0fa76d8e4f2aa406186a06efaacc17db61e1cadff5e0357e4f89f8d770d7bbf,2096,2
C:\SRS(ISIC_2019)\Dataset\BCC\ISIC_0058689.jpg,isic_0058689,1,cfd7dadb4b832e21fbd00837e51ae4a8e94fe454be9cc819e8e60d72774fda22,2099,2
C:\SRS(ISIC_2019)\Dataset\BCC\ISIC_0058760.jpg,isic_0058760,1,244cd06d70ae47764bd41306aad2ce195c6c93c05aef8231f7a8b3238e963403,2112,2
C:\SRS(ISIC_2019)\Dataset\BCC\ISIC_0058782.jpg,isic_0058782,1,19b7666c2240f374edd46da497f1420080fd3fc60cf5207b3374e7e237bbfb2a,2118,2
C:\SRS(ISIC_2019)\Dataset\BCC\ISIC_0058897.jpg,isic_0058897,1,90a5258a798738319ba32515492b7b9a38126530d7b4412a614d8c5bfb412c03,2136,2
C:\SRS(ISIC_2019)\Dataset\BCC\ISIC_0058911.jpg,isic_0058911,1,aa70c14d3db3221a360d3ca6a80bf4c3a13cfc5292a8a29be05f6bc841f80a4b,2141,2
C:\SRS(ISIC_2019)\Dataset\BCC\ISIC_0059012.jpg,isic_0059012,1,ab24cf878cd9eacf7a1b2ef30fd96d0e65721b806e89774fba8b6c48e05c0062,2155,2
C:\SRS(ISIC_2019)\Dataset\BCC\ISIC_0059050.jpg,isic_0059050,1,39b415abc5a5d45d5f03e6829121a45437f8a32665deda7687c713b45eac5d00,2159,2
C:\SRS(ISIC_2019)\Dataset\BCC\ISIC_0059111.jpg,isic_0059111,1,5747bfdd88409bf187e90c6a00746a9683eb0b9b3746676a9ddcbbb4ad2210b0,2170,2
C:\SRS(ISIC_2019)\Dataset\BCC\ISIC_0059121.jpg,isic_0059121,1,adad1e4b87d8a4528b08cdd56b81c5e8942c5775b3128537ebf262eec66c08d8,2174,2
C:\SRS(ISIC_2019)\Dataset\BCC\ISIC_0059134.jpg,isic_0059134,1,f314d935052cad7191ff8b2a005894f23b4d24e97778e1c3ba9dc892561cc461,2177,2
C:\SRS(ISIC_2019)\Dataset\BCC\ISIC_0059135.jpg,isic_0059135,1,107088015b601f4d9107164891410c3c0e99c8af1137985b4a7501207f9a6f9f,2178,2
C:\SRS(ISIC_2019)\Dataset\BCC\ISIC_0059199.jpg,isic_0059199,1,dfd2f3f65e618486cda2748f1ee8f760c79fb03e337c986d962265cb2264df91,2183,2
C:\SRS(ISIC_2019)\Dataset\BCC\ISIC_0059236.jpg,isic_0059236,1,19e3a9f716489c8d57d8880a86f26a7cfdadda68ece40c458b9f23734cacb7db,2192,2
C:\SRS(ISIC_2019)\Dataset\BCC\ISIC_0059241.jpg,isic_0059241,1,fbe479b3f4b25b8267ce9998fef0ecc8557fff6d3443209cc02466618afdaeae,2193,2
C:\SRS(ISIC_2019)\Dataset\BCC\ISIC_0059243.jpg,isic_0059243,1,c44444097b2cce0f3cab255c05c92421b7af881ba86721a42b22c3d7bb583bb0,2194,2
C:\SRS(ISIC_2019)\Dataset\BCC\ISIC_0059275.jpg,isic_0059275,1,04b62a0305cdb18690652206178d1723f52499feba7fe6e0d99e5ccf8343eae8,2199,2
C:\SRS(ISIC_2019)\Dataset\BCC\ISIC_0059394.jpg,isic_0059394,1,aea7b9333b4f6756ff1d28634d595126210e7e566428b9dd1f36c1bdc9e62e4d,2211,2
C:\SRS(ISIC_2019)\Dataset\BCC\ISIC_0059453.jpg,isic_0059453,1,9777ebcf06c36b3413730a9ec13313863d1d3ee5f9651e7b471546e49eb67a56,2217,2
C:\SRS(ISIC_2019)\Dataset\BCC\ISIC_0059474.jpg,isic_0059474,1,30ecfdc784bf3e047670790ba9ce6cd025ecbba977c49c9da73a4917679d7cca,2219,2
C:\SRS(ISIC_2019)\Dataset\BCC\ISIC_0059491.jpg,isic_0059491,1,4bd90a0127030426c584318e99d13d642c76c3a9eef0071f8ac36f7b07b68c46,2220,2
C:\SRS(ISIC_2019)\Dataset\BCC\ISIC_0059517.jpg,isic_0059517,1,a691d924030963f17c826b7f4fc11670c83e3e510741183c79287c4e8e0b3ef6,2223,2
C:\SRS(ISIC_2019)\Dataset\BCC\ISIC_0059563.jpg,isic_0059563,1,ce20efe9c5e7ac1faa149bd6b72fccf01efa67f784e211cacaa8cea9ffcedb0e,2230,2
C:\SRS(ISIC_2019)\Dataset\BCC\ISIC_0059577.jpg,isic_0059577,1,dfd37c7c2728d54f9e391bfaae057cf2e9fcd99731787116b6218904767fa79c,2232,2
C:\SRS(ISIC_2019)\Dataset\BCC\ISIC_0059592.jpg,isic_0059592,1,6115849c2dfe7bd4746697f008cafb53b504b7e124fa694b4003de0c6d4cc619,2235,2
C:\SRS(ISIC_2019)\Dataset\BCC\ISIC_0059642.jpg,isic_0059642,1,d555d359df4163de79389f23c04ed6e8d41d4b5703ead8d29b6ff8ee759a205b,2240,2
C:\SRS(ISIC_2019)\Dataset\BCC\ISIC_0059644.jpg,isic_0059644,1,c533bd513e0c9361dcf6e1990ec51bdae59f8e487a9bc1de2f4869436c098d19,2241,2
C:\SRS(ISIC_2019)\Dataset\BCC\ISIC_0059673.jpg,isic_0059673,1,9db93bde00166f77636518316dabd05455f35a01b268e37762a5bffd79147077,2245,2
C:\SRS(ISIC_2019)\Dataset\BCC\ISIC_0059687.jpg,isic_0059687,1,33521602d04e27a394bf982eaa6c0e48f9d5a795f6bc828933259c5963b5c8cf,2248,2
C:\SRS(ISIC_2019)\Dataset\BCC\ISIC_0059725.jpg,isic_0059725,1,a04207e4880280ad07d67ab94f0243c4497fa55258f72a0c5c1d364ce67e57cd,2255,2
C:\SRS(ISIC_2019)\Dataset\BCC\ISIC_0059748.jpg,isic_0059748,1,61035017bf38d572c08f0f27b6dc2139aac9e7d248ce4876884a00d34a5e3e2b,2262,2
C:\SRS(ISIC_2019)\Dataset\BCC\ISIC_0059752.jpg,isic_0059752,1,4d8ab90b21e5da2ac65af7ddd2cc7853fa81b00bf044a8529bddc8699003ce7d,2263,2
C:\SRS(ISIC_2019)\Dataset\BCC\ISIC_0059776.jpg,isic_0059776,1,7b59c0d5fc298fe09d4c9391bfdfbbd7e6b58b89263d45b6c866f44f6d80b3a9,2268,2
C:\SRS(ISIC_2019)\Dataset\BCC\ISIC_0059793.jpg,isic_0059793,1,1f2be3ea27ae5c27e9104b297f32d3f379069225d8b31b7f6b788f204d99ee22,2269,2
C:\SRS(ISIC_2019)\Dataset\BCC\ISIC_0059865.jpg,isic_0059865,1,7eb32bf4f099e03292d63a0545cab5f187e5d156d43ea0b15fab3d9065d7875e,2280,2
C:\SRS(ISIC_2019)\Dataset\BCC\ISIC_0059877.jpg,isic_0059877,1,3691f5a5d26bae81bec2c597fa0bf5a0fff2a6b72f4f95d53263501feb6d8445,2282,2
C:\SRS(ISIC_2019)\Dataset\BCC\ISIC_0060006.jpg,isic_0060006,1,d093b029090b91f84abf06142ec6256e180482cbf39df30caf654cd92997043c,2305,2
C:\SRS(ISIC_2019)\Dataset\BCC\ISIC_0060021.jpg,isic_0060021,1,e8f418487454af8666421785384378533aacc3a659823ece0bd92a638f36d206,2310,2
C:\SRS(ISIC_2019)\Dataset\BCC\ISIC_0060040.jpg,isic_0060040,1,f4d91c44e20d62c2a42d5e32a1da8ce51f81e524a561c3aab0f7e768288001d1,2313,2
C:\SRS(ISIC_2019)\Dataset\BCC\ISIC_0060081.jpg,isic_0060081,1,d3ba476e0db7f43be07021936dee23ad8bbd38f94f87f6632fa6e03898bafa8a,2319,2
C:\SRS(ISIC_2019)\Dataset\BCC\ISIC_0060086.jpg,isic_0060086,1,752135d89251a83eceb00b42607cdd20a3597d6615d43efdf5b50c778110f5ae,2320,2
C:\SRS(ISIC_2019)\Dataset\BCC\ISIC_0060133.jpg,isic_0060133,1,f95dcc2c98655a67286c8ed07ca3c3296ca5767518dc1665f7fa98bc3ab55480,2330,2
C:\SRS(ISIC_2019)\Dataset\BCC\ISIC_0060135.jpg,isic_0060135,1,9c9f6fcca97dd30de2d03d727ec43ccdc27c9f76ddb9cfded16acfe785c707c5,2331,2
C:\SRS(ISIC_2019)\Dataset\BCC\ISIC_0060189.jpg,isic_0060189,1,32aff9ed92d184bfa7b3f8b1d46db2bafe6efce71f8f310581d32cf3195d951f,2342,2
C:\SRS(ISIC_2019)\Dataset\BCC\ISIC_0060191.jpg,isic_0060191,1,899abfc3afec6b4a107125b49e829fbfac065a21d2afe8136095b598dc567f6f,2343,2
C:\SRS(ISIC_2019)\Dataset\BCC\ISIC_0060214.jpg,isic_0060214,1,d1ed9881f8db215443cf84bdf9eb39265df8af2a5f291699fb5cc99996860a59,2349,2
C:\SRS(ISIC_2019)\Dataset\BCC\ISIC_0060254.jpg,isic_0060254,1,e59e60f4153b9def7ae972c4f3b385a05cbaba3a26433a5d0403168454361de5,2352,2
C:\SRS(ISIC_2019)\Dataset\BCC\ISIC_0060343.jpg,isic_0060343,1,fce9f609b8ba78e1c9611de42280db4b55ba12c8a415509eeb43e30cd8e290cc,2365,2
C:\SRS(ISIC_2019)\Dataset\BCC\ISIC_0060409.jpg,isic_0060409,1,63580d908f47df2bd63d5ca66a1bb76d61f931afba203a3c7afa3142ca38315c,2373,2
C:\SRS(ISIC_2019)\Dataset\BCC\ISIC_0060418.jpg,isic_0060418,1,6b4884cc2621281558362a7d2d2f82f7de494f21557333729f8146d40eab4683,2375,2
C:\SRS(ISIC_2019)\Dataset\BCC\ISIC_0060421.jpg,isic_0060421,1,8c6cfb75b419831c9f4fc3703fe6a8f765337da39d1b8667f4464ec19889346c,2376,2
C:\SRS(ISIC_2019)\Dataset\BCC\ISIC_0060542.jpg,isic_0060542,1,7628d45d4fd8c322fc4c24fb18e2ed6203eb3afd9a35f56ba1334eb6fa9609ce,2385,2
C:\SRS(ISIC_2019)\Dataset\BCC\ISIC_0060576.jpg,isic_0060576,1,5911f1447d81aed5818b9f8bf5041be85d4feeb3804271608502b324f65b05a9,2387,2
C:\SRS(ISIC_2019)\Dataset\BCC\ISIC_0060627.jpg,isic_0060627,1,45128464bae441a2602ef5df0d7e2dd6e1adbf4e293c8bf1938494736bd316c3,2399,2
C:\SRS(ISIC_2019)\Dataset\BCC\ISIC_0060643.jpg,isic_0060643,1,8dfb32c575826d302c6ca0527775550aed995746891f721aa625d9c1e1feef7e,2403,2
C:\SRS(ISIC_2019)\Dataset\BCC\ISIC_0060680.jpg,isic_0060680,1,e9a7f7fa168c435720a6ba56cd54293444167c28bcce124654eaecd275894d1f,2408,2
C:\SRS(ISIC_2019)\Dataset\BCC\ISIC_0060685.jpg,isic_0060685,1,b4b196091ab52172152ceb8f82bd2bddf1d44ceabb22cc44c354a23f1e2dee42,2412,2
C:\SRS(ISIC_2019)\Dataset\BCC\ISIC_0060702.jpg,isic_0060702,1,80016cd37eccda45cd88d40817a60d82f909e1db6afcfeece3bb86416247fe83,2414,2
C:\SRS(ISIC_2019)\Dataset\BCC\ISIC_0060748.jpg,isic_0060748,1,7dd491d0ae45caf87a80c4a66703d8d26c37d80b0466200eabba5f9d357db54f,2417,2
C:\SRS(ISIC_2019)\Dataset\BCC\ISIC_0060798.jpg,isic_0060798,1,aaddae6f6f35bb8a4777d633ddf2021efd155a56c8e7e6235d407ad5a3b2f594,2420,2
C:\SRS(ISIC_2019)\Dataset\BCC\ISIC_0060803.jpg,isic_0060803,1,4b28515f87299f9acabb17fe8db3f4f52c3797db350ce392dee1f0f13bd428bd,2421,2
C:\SRS(ISIC_2019)\Dataset\BCC\ISIC_0060844.jpg,isic_0060844,1,35c6ae1deee149ea8cb57c9a7d2d4eff04eea41cb794722976a7ef02166576d6,2426,2
C:\SRS(ISIC_2019)\Dataset\BCC\ISIC_0060859.jpg,isic_0060859,1,146d64a89822d5a8a591c13d55b909dcf38d898a7a027e30adb108bc372fa1d1,2428,2
C:\SRS(ISIC_2019)\Dataset\BCC\ISIC_0060868.jpg,isic_0060868,1,b13c4dae40fd0411c3313b0f58a4a209bc1461856f8fdffe92b8d058704aa0e2,2429,2
C:\SRS(ISIC_2019)\Dataset\BCC\ISIC_0060906.jpg,isic_0060906,1,8e4b543391061df6a1ec4b234d7bb345c16b92a4304130b0211e4515271e02ad,2436,2
C:\SRS(ISIC_2019)\Dataset\BCC\ISIC_0060983.jpg,isic_0060983,1,9e13ba4be269ca50b7b637d28e261ae174e309e3b355082eb484af2f28c0a1d4,2447,2
C:\SRS(ISIC_2019)\Dataset\BCC\ISIC_0061055.jpg,isic_0061055,1,91f11ac970dc1789ddced3309114757bbc4845124fa96ce212cb7faaf6d7abbd,2456,2
C:\SRS(ISIC_2019)\Dataset\BCC\ISIC_0061062.jpg,isic_0061062,1,8aff7f34d9f7fdb6421a8d9ed92ed011a58fc6829e3124931252dde58732a396,2458,2
C:\SRS(ISIC_2019)\Dataset\BCC\ISIC_0061081.jpg,isic_0061081,1,84375360cdb1175c814b8a78c45c7759f411c24a01fcf90d3f513ee28b589eb9,2460,2
C:\SRS(ISIC_2019)\Dataset\BCC\ISIC_0061124.jpg,isic_0061124,1,d41f01fe9344c4e66bc2c7eb2450ab2568dcf7ef22f61cee9f984926192ed232,2469,2
C:\SRS(ISIC_2019)\Dataset\BCC\ISIC_0061143.jpg,isic_0061143,1,4b27b8ddc8cd40055559a41a91afacd8aa223f9e32ce2e659058844d1c502187,2471,2
C:\SRS(ISIC_2019)\Dataset\BCC\ISIC_0061178.jpg,isic_0061178,1,8f8d11b9d3cb155862a9aa2c7e428336e3a82ab3c0a49e0b6711ea363870ef9d,2477,2
C:\SRS(ISIC_2019)\Dataset\BCC\ISIC_0061202.jpg,isic_0061202,1,78d8c58fb8c8a58f565007f707360b078935c0870f4435fbcf156beccb7558f4,2479,2
C:\SRS(ISIC_2019)\Dataset\BCC\ISIC_0061270.jpg,isic_0061270,1,0a0859537b27a0c0f799fdc1d8653e4f1813ffb583eb3769237235adce3f9e1d,2490,2
C:\SRS(ISIC_2019)\Dataset\BCC\ISIC_0061277.jpg,isic_0061277,1,729d767262779ab426b1df030dac237235173ab78bcb66e35c1dbd2fd0367b46,2491,2
C:\SRS(ISIC_2019)\Dataset\BCC\ISIC_0061328.jpg,isic_0061328,1,ae4b1f481ee5ca668db2fffadc78ead9c067f2317f96728c5e59f27e1a17609b,2502,2
C:\SRS(ISIC_2019)\Dataset\BCC\ISIC_0061346.jpg,isic_0061346,1,ceb4b23bcd02b0d52a0662cf04cb870effcc88d83b1201a9a94a2876ad1abb56,2506,2
C:\SRS(ISIC_2019)\Dataset\BCC\ISIC_0061348.jpg,isic_0061348,1,a9e90a6ba8025fefe9789894a9bb88cd9a632e3f83b2740bd13c65c383d92f5c,2507,2
C:\SRS(ISIC_2019)\Dataset\BCC\ISIC_0061363.jpg,isic_0061363,1,020c9247d60d15bc6be6b7ce8eb92bac4b33eb4991a36072e1d3814f23b5b909,2509,2
C:\SRS(ISIC_2019)\Dataset\BCC\ISIC_0061402.jpg,isic_0061402,1,a7b6b673ae9261a741f934c22a7ec5a09f6f5a4c88ff973dc9b56c80de71fb1e,2513,2
C:\SRS(ISIC_2019)\Dataset\BCC\ISIC_0061470.jpg,isic_0061470,1,e761f2989ebdb5c928a57e1a78b0876a457f86ae3a13a97289498b8670b88ed4,2523,2
C:\SRS(ISIC_2019)\Dataset\BCC\ISIC_0061481.jpg,isic_0061481,1,b20442bd4d8e525ccf65f5d377d8f7ff4be884caeb37ed3f5c17e362c65490f3,2526,2
C:\SRS(ISIC_2019)\Dataset\BCC\ISIC_0061504.jpg,isic_0061504,1,8ed65e6a9f9e52795a3433534aa306cfb28e19b1dfcd088b4fd0284434065f86,2531,2
C:\SRS(ISIC_2019)\Dataset\BCC\ISIC_0061511.jpg,isic_0061511,1,23792f6e65809f617e6848046fd9b68b4deb2ada74158c2ac5c9e51df16c65ae,2532,2
C:\SRS(ISIC_2019)\Dataset\BCC\ISIC_0061571.jpg,isic_0061571,1,c6e355942a65bfffe99e61afe27074c60ba7f5af2e18c5f3057c3e13cba91bc1,2539,2
C:\SRS(ISIC_2019)\Dataset\BCC\ISIC_0061600.jpg,isic_0061600,1,50aa17afa29680968fcbeaa15d767d1983e441981a8e2baae3bed54fd6620fe0,2543,2
C:\SRS(ISIC_2019)\Dataset\BCC\ISIC_0061603.jpg,isic_0061603,1,213c763e7fcd44b09e3849d2f57ca54b3e8c610b799c462384f6023144b94cd9,2544,2
C:\SRS(ISIC_2019)\Dataset\BCC\ISIC_0061719.jpg,isic_0061719,1,e1bd663eebd931dbf4b31060227d1d9cb764a014a26b3285c1690b6c74051561,2558,2
C:\SRS(ISIC_2019)\Dataset\BCC\ISIC_0061866.jpg,isic_0061866,1,d0e8d626eae687d1356d73744a0bbe5bbd1c113fba1af27679c0bac70a1b29c7,2570,2
C:\SRS(ISIC_2019)\Dataset\BCC\ISIC_0061874.jpg,isic_0061874,1,8cdb1a675aa3cf4c6f74e04542872d55730eaa92a279c7e3d143c4e94d2e4cd6,2573,2
C:\SRS(ISIC_2019)\Dataset\BCC\ISIC_0061889.jpg,isic_0061889,1,5dea61b4c729d2f95dc6bee593fb8232460b466de7a3f50f72120a9efa58a5d5,2575,2
C:\SRS(ISIC_2019)\Dataset\BCC\ISIC_0062007.jpg,isic_0062007,1,375ad1eea4a35630a3ad7a0536fc602d533ff940bd57fb71a3f3e80e8952d3a5,2588,2
C:\SRS(ISIC_2019)\Dataset\BCC\ISIC_0062021.jpg,isic_0062021,1,576ae83e06d7615dce147013fbefabdd02598b097d78240ab1d7577e736c41c8,2590,2
C:\SRS(ISIC_2019)\Dataset\BCC\ISIC_0062082.jpg,isic_0062082,1,b0d804fe61dc5877f1d15b130fb19b62e0faec6e3f690c0fe200554ae25a9e93,2594,2
C:\SRS(ISIC_2019)\Dataset\BCC\ISIC_0062167.jpg,isic_0062167,1,8837cb71918ff5e4f531b351eb14d0f8f971446d6bcad3b7fd5a851af118f38c,2603,2
C:\SRS(ISIC_2019)\Dataset\BCC\ISIC_0062191.jpg,isic_0062191,1,e584326d370f9f41a352fd0bd310ec3a53498295643d2011954eaf2a77bc5e76,2606,2
C:\SRS(ISIC_2019)\Dataset\BCC\ISIC_0062217.jpg,isic_0062217,1,8b0b6f7a4d3eb1b6a6e379a37ac702c1016b9270c4ff9b134f098728d34d9287,2609,2
C:\SRS(ISIC_2019)\Dataset\BCC\ISIC_0062218.jpg,isic_0062218,1,a7edd09ec232d217678f2b959514c23478baec7af7d95830fa171f7a1748897a,2610,2
C:\SRS(ISIC_2019)\Dataset\BCC\ISIC_0062250.jpg,isic_0062250,1,15d2123e2ba3d7200a91854e128cac8d8779ce6869af71d08422c37a6e455987,2618,2
C:\SRS(ISIC_2019)\Dataset\BCC\ISIC_0062271.jpg,isic_0062271,1,73389c8146176273b6780caca966d1ebbfc932aae797530631c245e4f22d302c,2621,2
C:\SRS(ISIC_2019)\Dataset\BCC\ISIC_0062278.jpg,isic_0062278,1,0b0978a38c29582f5c99411253d9dc93eba7fcf3060baa80779d91383c6a3fe3,2622,2
C:\SRS(ISIC_2019)\Dataset\BCC\ISIC_0062341.jpg,isic_0062341,1,edf358d5b1509eff9501a9299fc2bd08a2448b2e55000c6cdc55102495815b96,2629,2
C:\SRS(ISIC_2019)\Dataset\BCC\ISIC_0062342.jpg,isic_0062342,1,671e746fe775c07c8000a3f29c5126cfdd0015a83195a37682e7e501ce33403c,2630,2
C:\SRS(ISIC_2019)\Dataset\BCC\ISIC_0062356.jpg,isic_0062356,1,7db417c90492aeb818f16ec516f46079b58a8d264e0717c3ec914a233e33ce12,2633,2
C:\SRS(ISIC_2019)\Dataset\BCC\ISIC_0062501.jpg,isic_0062501,1,ed3c827f0bce47a3b11244465627fe3b6f72d56b75ed6665e81d648565f686e9,2648,2
C:\SRS(ISIC_2019)\Dataset\BCC\ISIC_0062623.jpg,isic_0062623,1,f1813f38783131705504beeb32e7a4124896a6c25cc7d04dd7400992e0e6bef8,2658,2
C:\SRS(ISIC_2019)\Dataset\BCC\ISIC_0062664.jpg,isic_0062664,1,74a94d60a4a68fe9bbfbcc55de9c390890404422a070e2db5dc12f7c3bf285b1,2664,2
C:\SRS(ISIC_2019)\Dataset\BCC\ISIC_0062737.jpg,isic_0062737,1,a57ce7bd4c84223d06b60556c5edade3c226143dd3d4b11f60fb9fa343d59bc4,2672,2
C:\SRS(ISIC_2019)\Dataset\BCC\ISIC_0062764.jpg,isic_0062764,1,aa5b56d6370d8d054a552d123fdb711078bb711e0362bccfd3c4a56d547215cb,2675,2
C:\SRS(ISIC_2019)\Dataset\BCC\ISIC_0062833.jpg,isic_0062833,1,c0ac16f85a21cf4d72cae3c89e42d5983d7f55a950ca56b46ac1f69e90a3b31a,2683,2
C:\SRS(ISIC_2019)\Dataset\BCC\ISIC_0062902.jpg,isic_0062902,1,0103841db74c43e7d4e616701305d06ca76bea4ec6c70113cc6a613b61e010be,2693,2
C:\SRS(ISIC_2019)\Dataset\BCC\ISIC_0062926.jpg,isic_0062926,1,d7b094123b3f8f948ed01302466b322197504a53ca7fa989707430edebc19b93,2698,2
C:\SRS(ISIC_2019)\Dataset\BCC\ISIC_0062929.jpg,isic_0062929,1,d778067a5041297f6cb2169a80392f33462e3fd361efbe7ae0a800c9aa34dfe6,2700,2
C:\SRS(ISIC_2019)\Dataset\BCC\ISIC_0062936.jpg,isic_0062936,1,1929b4d91f50e906a440e8ac3cbb15e4bd1d19635fc580caa435aea2cf4c4a94,2701,2
C:\SRS(ISIC_2019)\Dataset\BCC\ISIC_0063097.jpg,isic_0063097,1,c0196de1a8b19e116e1b0b44f1d28741af3b9bd8cfbda43c8bb05a5102e4a0d5,2723,2
C:\SRS(ISIC_2019)\Dataset\BCC\ISIC_0063111.jpg,isic_0063111,1,35fe81dd38cdafa426d4fd14ba9f156098b484fa8a113898e798d2a08b83d1ca,2725,2
C:\SRS(ISIC_2019)\Dataset\BCC\ISIC_0063129.jpg,isic_0063129,1,99360b82421cad69d40af9e7e4df7eb949301195de5cfda7e11951f11d94a646,2726,2
C:\SRS(ISIC_2019)\Dataset\BCC\ISIC_0063192.jpg,isic_0063192,1,4a920830547a1ccae48f6b9b688a8a5afd60fd91e799ddd91caf5a94c670eece,2734,2
C:\SRS(ISIC_2019)\Dataset\BCC\ISIC_0063195.jpg,isic_0063195,1,30897c82741088ab4a57b16acb4fe9592904f718adc0604c3504abe1ea1ac165,2735,2
C:\SRS(ISIC_2019)\Dataset\BCC\ISIC_0063199.jpg,isic_0063199,1,396e14288662f103981e4ed3560a76a6cb80f5d743de1245ef45b2bb525b068a,2736,2
C:\SRS(ISIC_2019)\Dataset\BCC\ISIC_0063200.jpg,isic_0063200,1,cf1531ab9e3779d54484efc9b2fb0994da11fdb9273f4d74385e484fb9685257,2737,2
C:\SRS(ISIC_2019)\Dataset\BCC\ISIC_0063209.jpg,isic_0063209,1,05d476e3e8cbe47ace6deabeaf6ca05d6231f4a9fc21dcf4861867582a5b8fd1,2739,2
C:\SRS(ISIC_2019)\Dataset\BCC\ISIC_0063274.jpg,isic_0063274,1,97976849a568382dc2ffcef96ba14d39a9a6fb2ef486a8bc93707964433e1499,2747,2
C:\SRS(ISIC_2019)\Dataset\BCC\ISIC_0063338.jpg,isic_0063338,1,865f32e4e94f6ebf9275b064a17c810123799c830396f5ec15fad62b75730005,2755,2
C:\SRS(ISIC_2019)\Dataset\BCC\ISIC_0063382.jpg,isic_0063382,1,9003b2ee4e18e44ff47ed0d4fc82c199a5b058f2f3026a93c4a4b1572e9cf20f,2761,2
C:\SRS(ISIC_2019)\Dataset\BCC\ISIC_0063413.jpg,isic_0063413,1,faa754a858b8a6fd06702408a95f0d490809cb1a0e659dec287e135ca9552d0f,2765,2
C:\SRS(ISIC_2019)\Dataset\BCC\ISIC_0063416.jpg,isic_0063416,1,da294e3054eada9aadc4805456ca93e075d38697e3eeca976fe64f855c8e7a29,2766,2
C:\SRS(ISIC_2019)\Dataset\BCC\ISIC_0063479.jpg,isic_0063479,1,9c3410958ea766003c73ab642c215b32f123c911bc8af486a55e00532e6a1046,2773,2
C:\SRS(ISIC_2019)\Dataset\BCC\ISIC_0063512.jpg,isic_0063512,1,0d124e99fe6fc2d2f162a3e48cb2d84c72061521dea365ba3ef905249fd181a3,2778,2
C:\SRS(ISIC_2019)\Dataset\BCC\ISIC_0063529.jpg,isic_0063529,1,1f49285dc6eec22d25e5c65cf1d630a0f54ac340060ffe1fa401024247290011,2781,2
C:\SRS(ISIC_2019)\Dataset\BCC\ISIC_0063532.jpg,isic_0063532,1,f04e9608a95bf03c93b43b702987a03e4967b61d80843a11cfd77f5b1c66ff96,2783,2
C:\SRS(ISIC_2019)\Dataset\BCC\ISIC_0063534.jpg,isic_0063534,1,e68513f372b06be2cd3051747931a66547396ff555e6c460b68fc8d188e9dce9,2784,2
C:\SRS(ISIC_2019)\Dataset\BCC\ISIC_0063612.jpg,isic_0063612,1,ea4ee10e2b9bb459ec1a3e3809daa279bf88bcf1bfec6c6b435ba7439be99368,2796,2
C:\SRS(ISIC_2019)\Dataset\BCC\ISIC_0063614.jpg,isic_0063614,1,249fa9ac50543e7ea579aa74ff325a27075f65adbaf11dc0c04917e2d16d80c4,2797,2
C:\SRS(ISIC_2019)\Dataset\BCC\ISIC_0063668.jpg,isic_0063668,1,1e49092a80861046a762759255a9b67d770b955f3d49c13cbd7ac3bf82c96bbd,2805,2
C:\SRS(ISIC_2019)\Dataset\BCC\ISIC_0063697.jpg,isic_0063697,1,40c9cee9734bb55b9ac7a921da15b310c60ddf3da6be42735d9e197c7bcd2003,2809,2
C:\SRS(ISIC_2019)\Dataset\BCC\ISIC_0063710.jpg,isic_0063710,1,05d77e68cb096e489cc638c850995bba260ff4c245f36cce063056a3ebff7e99,2811,2
C:\SRS(ISIC_2019)\Dataset\BCC\ISIC_0063736.jpg,isic_0063736,1,a41591263d441a81efdfca995e5f72898a7466c1d7517bc55a57a8bd1ae59890,2815,2
C:\SRS(ISIC_2019)\Dataset\BCC\ISIC_0063859.jpg,isic_0063859,1,09db3202906e9a1746c650166ad7da9418660ab9bed4d8bfa904612d5950c466,2829,2
C:\SRS(ISIC_2019)\Dataset\BCC\ISIC_0063905.jpg,isic_0063905,1,8fb5fc881f7d17e3486fa103144191c061edafe12cb35a5e00768577961c39e8,2835,2
C:\SRS(ISIC_2019)\Dataset\BCC\ISIC_0063928.jpg,isic_0063928,1,c924bc30ce5c796db3120c85dfd88381b7f7f0a48b82e6ccb683e2ed84e847b7,2837,2
C:\SRS(ISIC_2019)\Dataset\BCC\ISIC_0063931.jpg,isic_0063931,1,9ce6bb74792873b7153e22a39daa3431192479f0e4773714a1384b1bfd9e1a3e,2838,2
C:\SRS(ISIC_2019)\Dataset\BCC\ISIC_0063936.jpg,isic_0063936,1,2488b1fca421e104e45862745623a90e1c7f8454d92d2715858ae632cada2a31,2839,2
C:\SRS(ISIC_2019)\Dataset\BCC\ISIC_0064013.jpg,isic_0064013,1,5b865a25914681decbcec5136ef6fcd61f02a0bfdc2d683f8426514e2145f554,2850,2
C:\SRS(ISIC_2019)\Dataset\BCC\ISIC_0064021.jpg,isic_0064021,1,05673e84aeccd30f93ede57abb8b5d55f4e08689ab19cfb56bdffd70bd869d44,2853,2
C:\SRS(ISIC_2019)\Dataset\BCC\ISIC_0064099.jpg,isic_0064099,1,b55263a2ecd3b0317044e678bb2b3fe4af81b0b2bf1f44ac1f033e3bd8b2cdc5,2862,2
C:\SRS(ISIC_2019)\Dataset\BCC\ISIC_0064224.jpg,isic_0064224,1,ffdc3e0155c3b6663a2154d98dffdb66035eb7cd2f52f95a31f057a9e14f9b53,2877,2
C:\SRS(ISIC_2019)\Dataset\BCC\ISIC_0064238.jpg,isic_0064238,1,b6528744e2ba0c5463ec69fe38675909ad318b1c43d109c87d7491875cffa0de,2882,2
C:\SRS(ISIC_2019)\Dataset\BCC\ISIC_0064269.jpg,isic_0064269,1,86ff3481d0a18a4dad086d45542251fc3940ce937819831c442cd8cc70ec0452,2885,2
C:\SRS(ISIC_2019)\Dataset\BCC\ISIC_0064325.jpg,isic_0064325,1,d3d59bce9e2c79ab039e28ab5af907b04bf9f964dce678f64b90f1e9dda8d448,2895,2
C:\SRS(ISIC_2019)\Dataset\BCC\ISIC_0064519.jpg,isic_0064519,1,68dfba457fc706a2c27e7ac78cc1da6f7f2565da3346b0ecab03a69c36970375,2919,2
C:\SRS(ISIC_2019)\Dataset\BCC\ISIC_0064556.jpg,isic_0064556,1,e1214472f64106223b97d5e5f0a638a59a15e2c778515035cce264db09f352ad,2922,2
C:\SRS(ISIC_2019)\Dataset\BCC\ISIC_0064578.jpg,isic_0064578,1,1ec45cf89151e3280d089d2119c6d6f485ffdf5514b70be265c5f134ea7f4c82,2924,2
C:\SRS(ISIC_2019)\Dataset\BCC\ISIC_0064588.jpg,isic_0064588,1,acfcd5640ef8ab8af4118cf217ff5a3ddf29d635808310cbb81a1427b81cc509,2925,2
C:\SRS(ISIC_2019)\Dataset\BCC\ISIC_0064603.jpg,isic_0064603,1,6799170d2d7fc7297623dfb141308a015f65ee8164125e9b36abfecd80271b31,2927,2
C:\SRS(ISIC_2019)\Dataset\BCC\ISIC_0064605.jpg,isic_0064605,1,bce1826f881702b1eafb178d4724dceea8536ae465759b1a1395659c9a654146,2928,2
C:\SRS(ISIC_2019)\Dataset\BCC\ISIC_0064612.jpg,isic_0064612,1,bb97d3dbe933454d99ef59f5dc84524911f3ab86c51e5f5e65d674f2b7262bda,2930,2
C:\SRS(ISIC_2019)\Dataset\BCC\ISIC_0064649.jpg,isic_0064649,1,e8dd240c4a52fadd2d91de30fc550ef62aa0894445d6213aa566b1b647016797,2937,2
C:\SRS(ISIC_2019)\Dataset\BCC\ISIC_0064661.jpg,isic_0064661,1,f5bf90a087b68378447a1a386af27c80a2239576a18c70664dd126c19ed23b12,2941,2
C:\SRS(ISIC_2019)\Dataset\BCC\ISIC_0064679.jpg,isic_0064679,1,3e44c0fd4e40a5222a4dd616d1aa563838502595029496ff56a2889a25b0f040,2942,2
C:\SRS(ISIC_2019)\Dataset\BCC\ISIC_0064734.jpg,isic_0064734,1,d970379187c97b1a4cf7e4e5f54ccf7c7ce56977470787cca0218ff0bfa4e99b,2951,2
C:\SRS(ISIC_2019)\Dataset\BCC\ISIC_0064830.jpg,isic_0064830,1,0be909ae04fa93b5cb80dd3c1b1374a3a4747987a5f3bd1f39ebf69f58d474e7,2962,2
C:\SRS(ISIC_2019)\Dataset\BCC\ISIC_0064832.jpg,isic_0064832,1,ee6ee6e517d98eb6aeac44f6ca353628d32698adb912d51a89fa953b4c942b2e,2963,2
C:\SRS(ISIC_2019)\Dataset\BCC\ISIC_0064899.jpg,isic_0064899,1,65daa05d574720faec9a7b33863dbac9785654686af1d345cd4d6d1c1e7465c8,2971,2
C:\SRS(ISIC_2019)\Dataset\BCC\ISIC_0065004.jpg,isic_0065004,1,8eb6a19ce5eb1569a7f99dfe6b1ac68f83a7bc9beabcafd3151e85d231d13568,2980,2
C:\SRS(ISIC_2019)\Dataset\BCC\ISIC_0065061.jpg,isic_0065061,1,1b420ae7e0b22cc2105c91945a2208edbb7ca13f41538f1f9007423dda836ae7,2992,2
C:\SRS(ISIC_2019)\Dataset\BCC\ISIC_0065129.jpg,isic_0065129,1,688b566a76638c2a4dc5fec0c6ec849e3b15c95d76c796e892afe1295fcfeea4,3003,2
C:\SRS(ISIC_2019)\Dataset\BCC\ISIC_0065140.jpg,isic_0065140,1,6dc74a50d593e444b16dc9b6d05da45e54832005e74dcd80ad7b0cded0fef899,4145,2
C:\SRS(ISIC_2019)\Dataset\BCC\ISIC_0065157.jpg,isic_0065157,1,e7060be743cfd839f232279f564f24bbc2c8a8f60d4dc473b1eda15078bdf447,3009,2
C:\SRS(ISIC_2019)\Dataset\BCC\ISIC_0065170.jpg,isic_0065170,1,0269f79dc06cda168ac4d2b37b7bcd9fa7e2f1ddc0b9f2e82cc4bf4a6a9e6d8c,3011,2
C:\SRS(ISIC_2019)\Dataset\BCC\ISIC_0065174.jpg,isic_0065174,1,b7e306fd4ef2441d4f18d6ec096bf04c8c7764a7e67058077c63780ef3a8ce9f,3012,2
C:\SRS(ISIC_2019)\Dataset\BCC\ISIC_0065231.jpg,isic_0065231,1,8bd57f6fd940424a344599b4f5ff28d49004a13378300dcd4e96dfcad3b2d349,3021,2
C:\SRS(ISIC_2019)\Dataset\BCC\ISIC_0065328.jpg,isic_0065328,1,4999eb058858821e76995e000c88bc3a6b31395351a2c857cf7c63574a4bd4bc,3032,2
C:\SRS(ISIC_2019)\Dataset\BCC\ISIC_0065376.jpg,isic_0065376,1,0d1609e06fbf5d47a542b15ce8196f8a0beb98b46a40e63284905d134849b297,3039,2
C:\SRS(ISIC_2019)\Dataset\BCC\ISIC_0065440.jpg,isic_0065440,1,5f52920f8fab8124c5e0b3097ff3ee21f3af7b52dd65a9b076b8d997aaccd910,3050,2
C:\SRS(ISIC_2019)\Dataset\BCC\ISIC_0065462.jpg,isic_0065462,1,caf0e3e28de55bcec66c897fd5e53cf72c4345808e9e66cb6b88925d3b1fa6e9,3053,2
C:\SRS(ISIC_2019)\Dataset\BCC\ISIC_0065508.jpg,isic_0065508,1,7cde7b13dfc1e636a7cce5d1cba1ca7965cc591d5574f390d5ad8d462817433d,3059,2
C:\SRS(ISIC_2019)\Dataset\BCC\ISIC_0065561.jpg,isic_0065561,1,24bae65fbeec2b6293939948d154e12fb8cbae3e789c90a0d654aeb1d10c76a1,3065,2
C:\SRS(ISIC_2019)\Dataset\BCC\ISIC_0065579.jpg,isic_0065579,1,07a89f8943cd5c3f27df475f2a119247a0f37dcf1b8b00e84dd2bcf4e7ad00de,3069,2
C:\SRS(ISIC_2019)\Dataset\BCC\ISIC_0065648.jpg,isic_0065648,1,47ae30b2cb5c071cba02df3a60df06b7cb3ccfc2dbdbeea817d4cdefdc9efca6,3080,2
C:\SRS(ISIC_2019)\Dataset\BCC\ISIC_0065665.jpg,isic_0065665,1,322bbc547c21387adbac0024ba62630eef3fd83208c12f378589aaa793423195,3084,2
C:\SRS(ISIC_2019)\Dataset\BCC\ISIC_0065721.jpg,isic_0065721,1,032df0608bbfc4aea89b0a4783b12730c2d4f760c4d4c57761e35c9625768144,3092,2
C:\SRS(ISIC_2019)\Dataset\BCC\ISIC_0065743.jpg,isic_0065743,1,d7c76f8d564e59ed3979297e58387ec5314d2e4d8237d541d9922487384286eb,3094,2
C:\SRS(ISIC_2019)\Dataset\BCC\ISIC_0065751.jpg,isic_0065751,1,04fafbfaba995f7b28ac32f6b0314e470eb05ae34b402b2e7165dd8452b6ad07,3095,2
C:\SRS(ISIC_2019)\Dataset\BCC\ISIC_0065797.jpg,isic_0065797,1,d630e0536aeff4c2ae321dfee956927c2fa2da8f8c09309b5babeeba94e54a98,3101,2
C:\SRS(ISIC_2019)\Dataset\BCC\ISIC_0065826.jpg,isic_0065826,1,6d8b095cada8fe3ba82fd82efc49a60ba2ab6d737a8581242db6059c70c8750e,3104,2
C:\SRS(ISIC_2019)\Dataset\BCC\ISIC_0065830.jpg,isic_0065830,1,1a18d01550c285c14cb1d69ce3bb60ed03270fc5ea1fb1c96f25bfd146fdeca6,3105,2
C:\SRS(ISIC_2019)\Dataset\BCC\ISIC_0065953.jpg,isic_0065953,1,4fe91582928467db2ee41b2dbd0edff510eb0471acb5cc810857703773543915,3125,2
C:\SRS(ISIC_2019)\Dataset\BCC\ISIC_0065963.jpg,isic_0065963,1,64328608a3012c7a224b97328a06845514be6e05b730ebcd3746803ea10ed69f,3126,2
C:\SRS(ISIC_2019)\Dataset\BCC\ISIC_0065972.jpg,isic_0065972,1,d85d33a88137fa0b1f1ea73b811715b5a7148361813fb9e7da8f9aba285b3fe1,3128,2
C:\SRS(ISIC_2019)\Dataset\BCC\ISIC_0066020.jpg,isic_0066020,1,1f104b852d9cdcdb555f8d4cc84afa5201b8986ec8f858e77534abdf80a37eb4,3134,2
C:\SRS(ISIC_2019)\Dataset\BCC\ISIC_0066051.jpg,isic_0066051,1,91afbd4825ab5cce4a0d6e046765bf0dd0edad7690856bf4fd901f27c7f41482,3139,2
C:\SRS(ISIC_2019)\Dataset\BCC\ISIC_0066054.jpg,isic_0066054,1,6087047c251fb54bab26629b95a8a40d82294b85479806cccc6e82b1ba2a07cb,3140,2
C:\SRS(ISIC_2019)\Dataset\BCC\ISIC_0066103.jpg,isic_0066103,1,acfc5ef97af4ac9ab4440070476bab6fe2e1fed5ab0d721ff74b2c5acab716d5,3146,2
C:\SRS(ISIC_2019)\Dataset\BCC\ISIC_0066107.jpg,isic_0066107,1,7324efdfb7fbc7b983d6d78d7d37158d18c20863f4db49a77c71daf98f226f27,3147,2
C:\SRS(ISIC_2019)\Dataset\BCC\ISIC_0066119.jpg,isic_0066119,1,08b9dfd7c4c6b0231816f333b9fa469e928f5b30202807109b1f616f4b8c85e2,3149,2
C:\SRS(ISIC_2019)\Dataset\BCC\ISIC_0066121.jpg,isic_0066121,1,0969ff8f60a4c7297ad1b76e5a451cb4ed6ac817fd376e893a00f44a4ace4441,3150,2
C:\SRS(ISIC_2019)\Dataset\BCC\ISIC_0066148.jpg,isic_0066148,1,8ac1687a1d5df0581ac37a3e6b6bb2e15c620b2e00121b9049766a3ec8cee3de,3155,2
C:\SRS(ISIC_2019)\Dataset\BCC\ISIC_0066166.jpg,isic_0066166,1,b54a95059f64980deaf209fddb05779dda8c8e187eae9099ad2d32d837ff2ce8,3159,2
C:\SRS(ISIC_2019)\Dataset\BCC\ISIC_0066202.jpg,isic_0066202,1,f963691bf3b8de47c47e79de4949b6f46d8d62db2a88d38cb9ec6456aaa89243,3163,2
C:\SRS(ISIC_2019)\Dataset\BCC\ISIC_0066221.jpg,isic_0066221,1,b4f117be40bc23b10b1217bca52db2b0162a5af62f822b502f6ec7de50714ed9,3167,2
C:\SRS(ISIC_2019)\Dataset\BCC\ISIC_0066233.jpg,isic_0066233,1,35c4e0e40b3770e70c1147fede502b62e464f4f95934f6f42f294eddf823cbc5,3169,2
C:\SRS(ISIC_2019)\Dataset\BCC\ISIC_0066238.jpg,isic_0066238,1,3f794138e893eae82335fa96d27b2a950849a02d00317d35546cb0eada87fb8e,3170,2
C:\SRS(ISIC_2019)\Dataset\BCC\ISIC_0066271.jpg,isic_0066271,1,787f00d092d42ec9f3ac470acbd44b870ed1fcc8bac0ca9643a7a877233aadba,3174,2
C:\SRS(ISIC_2019)\Dataset\BCC\ISIC_0066282.jpg,isic_0066282,1,3eecacaa16f740202bdbd07deda727c9d318144591dcf92710f03e307218da0b,3175,2
C:\SRS(ISIC_2019)\Dataset\BCC\ISIC_0066290.jpg,isic_0066290,1,1ecd1c123c5f79bb6f5531d91c91d7670b310de8d7de55a009515018628e04c4,3176,2
C:\SRS(ISIC_2019)\Dataset\BCC\ISIC_0066292.jpg,isic_0066292,1,91ad013151ebfe4f0879b9e48d14b46ac12b09200f39ea3e4ecd4fd02651d783,3177,2
C:\SRS(ISIC_2019)\Dataset\BCC\ISIC_0066337.jpg,isic_0066337,1,8a1e17dc70216811005c84de139b7b84188d5edf81afcf242aca336df746b1be,3185,2
C:\SRS(ISIC_2019)\Dataset\BCC\ISIC_0066340.jpg,isic_0066340,1,e4eddbe46236835f6c22301bdbea75e45e2be3f20cf147a2e0f7f2216423df09,3186,2
C:\SRS(ISIC_2019)\Dataset\BCC\ISIC_0066511.jpg,isic_0066511,1,d65bccdfac7aa83badd3493c4e264eb40d9d8c9bc14320c2d18f4ab2f7416050,3210,2
C:\SRS(ISIC_2019)\Dataset\BCC\ISIC_0066549.jpg,isic_0066549,1,5904d099ec10cb9549fae5dbf079e151d39e04f2f000364efbce42950fc66289,3216,2
C:\SRS(ISIC_2019)\Dataset\BCC\ISIC_0066725.jpg,isic_0066725,1,079fd7c1606bcb7dcead309005c396cf158d146761b5a1dad65fc1cc64dff83f,3244,2
C:\SRS(ISIC_2019)\Dataset\BCC\ISIC_0066727.jpg,isic_0066727,1,3b503b00bb3f8a6791327697ea93fcd76d865bc590f5cb560bc0c88a4d8fb671,3245,2
C:\SRS(ISIC_2019)\Dataset\BCC\ISIC_0066745.jpg,isic_0066745,1,6e937574f3cfbee7fd234d9a10a822888166d94b80b5f67cdee7cdb8fb04d4fe,3248,2
C:\SRS(ISIC_2019)\Dataset\BCC\ISIC_0066747.jpg,isic_0066747,1,4563be03b4419d3c6d6960dc43323ad783aea1e08d510fd38394763e7967687d,3249,2
C:\SRS(ISIC_2019)\Dataset\BCC\ISIC_0066799.jpg,isic_0066799,1,5e2454e02d1d767db9d5f12af6c00c44551eb46ef7ac6e0d6c4eddcc0c0e9115,3257,2
C:\SRS(ISIC_2019)\Dataset\BCC\ISIC_0066820.jpg,isic_0066820,1,d7d889093963d93cff5bfe0e2933f1f363ff85a46c0b0b771b46a3375dbcca2d,3260,2
C:\SRS(ISIC_2019)\Dataset\BCC\ISIC_0066826.jpg,isic_0066826,1,e7005cb948fe23bf7500aa02b79271ca8fbf1b255b70a61420544a339f89324d,3264,2
C:\SRS(ISIC_2019)\Dataset\BCC\ISIC_0066830.jpg,isic_0066830,1,8b814662fc86afe19ff685619476b28e88f248744405bf69bd215dc2b2d06d2e,3265,2
C:\SRS(ISIC_2019)\Dataset\BCC\ISIC_0066841.jpg,isic_0066841,1,f02906cff9790ad61472ee27ad6527a55dc50371b5d9410c56d7588d15999c17,3268,2
C:\SRS(ISIC_2019)\Dataset\BCC\ISIC_0066890.jpg,isic_0066890,1,cf6b309f124c8f55c5eaf606d2c55a4b71d6953c6d8aa67eee8b1b91d6b9c178,3273,2
C:\SRS(ISIC_2019)\Dataset\BCC\ISIC_0067020.jpg,isic_0067020,1,cd0c275a1893775deafd6477b5fdfd9df755fc1f1c4057e2a98434b407a72406,3288,2
C:\SRS(ISIC_2019)\Dataset\BCC\ISIC_0067021.jpg,isic_0067021,1,da93dee5d92e13f6bba7e78cb4378322eadc4ed951cd7e597f98280943ec9bb1,3289,2
C:\SRS(ISIC_2019)\Dataset\BCC\ISIC_0067070.jpg,isic_0067070,1,dc0f6db193cb772aa379c45b9b7387229ced0b6e2eb0be76d6faa31e93c2dd0e,3297,2
C:\SRS(ISIC_2019)\Dataset\BCC\ISIC_0067089.jpg,isic_0067089,1,cd9a8ee8f94e8c0e099185776de29021c6f5377db27a891c4e4e790ac39207b1,3304,2
C:\SRS(ISIC_2019)\Dataset\BCC\ISIC_0067130.jpg,isic_0067130,1,e0503ccba81605c7a8c973e2425b5e88342627765c7c3de3b3d66319cc867b51,3309,2
C:\SRS(ISIC_2019)\Dataset\BCC\ISIC_0067146.jpg,isic_0067146,1,adb2daa55f2714295c843c6d839cb6feff457c1d1002c3f39b8db1635ab322e8,3313,2
C:\SRS(ISIC_2019)\Dataset\BCC\ISIC_0067221.jpg,isic_0067221,1,3ad8311c44caf1fbbeba2bca490e1d6223331bba89c6472dca5839bd209c81e5,3320,2
C:\SRS(ISIC_2019)\Dataset\BCC\ISIC_0067251.jpg,isic_0067251,1,1e7e8de69b4c83e72607a6ef51839e1a4d57ec1709dd9679195eec85cb9c7e08,3324,2
C:\SRS(ISIC_2019)\Dataset\BCC\ISIC_0067256.jpg,isic_0067256,1,bd0938ff9bca92538cd792be751618bc6805b078eb9cb32bfd1745061d64ac4f,3325,2
C:\SRS(ISIC_2019)\Dataset\BCC\ISIC_0067264.jpg,isic_0067264,1,22e621b18c90a77345d350bcd47de7a7d0982b89a68e0d6ed70b423703c16126,3326,2
C:\SRS(ISIC_2019)\Dataset\BCC\ISIC_0067277.jpg,isic_0067277,1,140944079a5c9bf7538ec156e6156f4de89b1500fb96dae06a49ad16896038b9,3329,2
C:\SRS(ISIC_2019)\Dataset\BCC\ISIC_0067301.jpg,isic_0067301,1,be59dc9c1517b0d1521466e7ae0f532c96cdc9e4eeedf421e24786a87e23a2bb,3336,2
C:\SRS(ISIC_2019)\Dataset\BCC\ISIC_0067303.jpg,isic_0067303,1,38e9738701f3180944b9f8e535be758f0fd2f5a08a0d6f735abaabea2b8e239d,3338,2
C:\SRS(ISIC_2019)\Dataset\BCC\ISIC_0067329.jpg,isic_0067329,1,d496e265b34be1c1ac6d449a1658e4d42d9c8f3bde8451b56170abff01322b29,3342,2
C:\SRS(ISIC_2019)\Dataset\BCC\ISIC_0067346.jpg,isic_0067346,1,807193719142b394c8c4da730ca154e6c1b1dc6118156d0be8ea705483e50483,3346,2
C:\SRS(ISIC_2019)\Dataset\BCC\ISIC_0067357.jpg,isic_0067357,1,2331760d97ad6d299215a590d8aa15147c52e37976e0be6070e030f4d5fabb45,3348,2
C:\SRS(ISIC_2019)\Dataset\BCC\ISIC_0067376.jpg,isic_0067376,1,1298e74e9d5d38bf56ac74050fc688e4c723102f34a630b0650a70aaf62a1596,3349,2
C:\SRS(ISIC_2019)\Dataset\BCC\ISIC_0067456.jpg,isic_0067456,1,2bc0a92c1ff645916356640aebcf5084328ab83ac89af336b1c1987b9abcf80f,3359,2
C:\SRS(ISIC_2019)\Dataset\BCC\ISIC_0067499.jpg,isic_0067499,1,129e4678991974ca96007d5d7c9f9651fd9fc8d286d5591b1c6fe01ad73b5a3f,3364,2
C:\SRS(ISIC_2019)\Dataset\BCC\ISIC_0067668.jpg,isic_0067668,1,5b4889978fee6bc0b68b4c14355b37456b01da868ea7d24edd216d6ef1aa2f23,3381,2
C:\SRS(ISIC_2019)\Dataset\BCC\ISIC_0067683.jpg,isic_0067683,1,86b46b6e4628512836e11ce00fada57d9fe2cd4879758c4dffe3cdf10a3eff80,3387,2
C:\SRS(ISIC_2019)\Dataset\BCC\ISIC_0067720.jpg,isic_0067720,1,b7094eeff36deb539fe84d184bbc7dd2d096f798a679f0cd20dc6619ff64ddb3,3391,2
C:\SRS(ISIC_2019)\Dataset\BCC\ISIC_0067736.jpg,isic_0067736,1,039f8ceb2ef63ec9b3c3ba74b66cbd9c7aac3a402709ed94fc6712f32b09364a,3394,2
C:\SRS(ISIC_2019)\Dataset\BCC\ISIC_0067778.jpg,isic_0067778,1,36ef851c1b0269920e3862b7d913d6b30760049ad824bbc9988a5bf5f4e023bf,3401,2
C:\SRS(ISIC_2019)\Dataset\BCC\ISIC_0067812.jpg,isic_0067812,1,c1e432a07831aa9613e0a6077cb9ce091ac7eb99a0440cf96d139423763a857d,3404,2
C:\SRS(ISIC_2019)\Dataset\BCC\ISIC_0067832.jpg,isic_0067832,1,33e1b05b683fd629b16977497c3884d112c26098c8308a95b00d9971d74a3808,3409,2
C:\SRS(ISIC_2019)\Dataset\BCC\ISIC_0067910.jpg,isic_0067910,1,9914fafc8424042541559d36d48080870b80eda6dc4384624f26331b63d73647,3417,2
C:\SRS(ISIC_2019)\Dataset\BCC\ISIC_0067940.jpg,isic_0067940,1,c85d8ebb4580a4ab3143fb25c5fd7e4e790755e009c0a8e95b058782a694e017,3418,2
C:\SRS(ISIC_2019)\Dataset\BCC\ISIC_0067991.jpg,isic_0067991,1,a8fe745c76fc20ac5c3b85224f877eb4c599114bc16c6b5189e6cba2a0fba35f,3424,2
C:\SRS(ISIC_2019)\Dataset\BCC\ISIC_0067997.jpg,isic_0067997,1,a62cebc1d06667f4f2421f4687c8e77297a9790d1c5d6003687a3d45beb7036a,3426,2
C:\SRS(ISIC_2019)\Dataset\BCC\ISIC_0068032.jpg,isic_0068032,1,2c3d904fed001980e6d7b64aa93969a7a483bcb3a7c23f5dfa5454073b05b234,3435,2
C:\SRS(ISIC_2019)\Dataset\BCC\ISIC_0068033.jpg,isic_0068033,1,c250b616e7cefe389d5199e893b35a70f1884f54079220e69df0bc7c5d765613,3436,2
C:\SRS(ISIC_2019)\Dataset\BCC\ISIC_0068036.jpg,isic_0068036,1,2a7363fd1573f1a9d5ddee87d48273b57b169fff2e3114a0697972e69982df88,3437,2
C:\SRS(ISIC_2019)\Dataset\BCC\ISIC_0068044.jpg,isic_0068044,1,9f15daea1cafb59ffbcaa01c46714454e3e206d143bf8abbbc5003bb6cdc1adc,3439,2
C:\SRS(ISIC_2019)\Dataset\BCC\ISIC_0068231.jpg,isic_0068231,1,b60620cd987e5efe3885fddce58320a775c2275706ffe9acbba9644d25b2f6ba,3460,2
C:\SRS(ISIC_2019)\Dataset\BCC\ISIC_0068287.jpg,isic_0068287,1,a608102fbcd01391563bc76be12b13446b8f326c236d997a81a9bd70a9590e58,3468,2
C:\SRS(ISIC_2019)\Dataset\BCC\ISIC_0068292.jpg,isic_0068292,1,7c4589ac67fe47565a745a95801744e75c630183248c137531c6b8fe92cd3e96,3469,2
C:\SRS(ISIC_2019)\Dataset\BCC\ISIC_0068306.jpg,isic_0068306,1,e93c8fffe41c05af07d186935041438dad9dc1dc89a95755b1bd399ba0bbed44,3471,2
C:\SRS(ISIC_2019)\Dataset\BCC\ISIC_0068345.jpg,isic_0068345,1,d241f1699f92ecc9764a3c1193e6db19fcad730e77e474fd3c0766621b7fe04a,3477,2
C:\SRS(ISIC_2019)\Dataset\BCC\ISIC_0068355.jpg,isic_0068355,1,c1467524d56b6f2b0f8299a1f754c86067fad5ace47361bd85e37646c8363143,3481,2
C:\SRS(ISIC_2019)\Dataset\BCC\ISIC_0068356.jpg,isic_0068356,1,19b02666c4c1ed32777e7234dbec48c4aafa36860495a2ac960db578b9ebce8e,3482,2
C:\SRS(ISIC_2019)\Dataset\BCC\ISIC_0068358.jpg,isic_0068358,1,100c9f069d99352c879f813574ee1fec3eace81a4f231a4d4b7495783001fd74,3483,2
C:\SRS(ISIC_2019)\Dataset\BCC\ISIC_0068461.jpg,isic_0068461,1,1784a78636a1322f6910d1c561f1f7fb715db8b7f4ae13940a9cda8e7e9c576f,3494,2
C:\SRS(ISIC_2019)\Dataset\BCC\ISIC_0068536.jpg,isic_0068536,1,eb7f6d2e6f4e0ba9ab12ad2d104493f6696c0a5e6f2ce1f0bc90bfa8ceb6adee,3500,2
C:\SRS(ISIC_2019)\Dataset\BCC\ISIC_0068559.jpg,isic_0068559,1,c77480eea62a6ac0cde731dcd63b8c61b769cc385b1a1e23954582b446973961,3501,2
C:\SRS(ISIC_2019)\Dataset\BCC\ISIC_0068637.jpg,isic_0068637,1,20930fce89d6359e97564ae57cb2214dd0126f9c0d9ec3073556c5560188974a,3509,2
C:\SRS(ISIC_2019)\Dataset\BCC\ISIC_0068639.jpg,isic_0068639,1,2d3569104d2b0f5c87f99c75d61ab7681c96673dcef005276bbdfa308f24dd61,3510,2
C:\SRS(ISIC_2019)\Dataset\BCC\ISIC_0068640.jpg,isic_0068640,1,3a92a95d1dc8ad66a4bc543e45024d1fb48357036660a4f884bf4b51e3374e27,3511,2
C:\SRS(ISIC_2019)\Dataset\BCC\ISIC_0068674.jpg,isic_0068674,1,643bf059badbaaddc05c7bc7b4691360955b4bd79b515d41382298bacb826527,3517,2
C:\SRS(ISIC_2019)\Dataset\BCC\ISIC_0068723.jpg,isic_0068723,1,47628391368a783602af2d2b96c7dc900286a31d3c243fdc675b34dfd7895d9c,3524,2
C:\SRS(ISIC_2019)\Dataset\BCC\ISIC_0068781.jpg,isic_0068781,1,e427c38956b3c8d9923b037b16a131796634510a7a72bca91302b0ae4e4cf4cc,3532,2
C:\SRS(ISIC_2019)\Dataset\BCC\ISIC_0068786.jpg,isic_0068786,1,ce755607f082d79d93c659818d8c98638aca480d004fc06bafa2fb3508a2f4c9,3534,2
C:\SRS(ISIC_2019)\Dataset\BCC\ISIC_0068856.jpg,isic_0068856,1,13d6d2e010a8190bc594f786941a4366312a2e73dd15e84a55c3f7138b40e8f5,3542,2
C:\SRS(ISIC_2019)\Dataset\BCC\ISIC_0068878.jpg,isic_0068878,1,e5d0e3be47d6f321f6d364ec012ef378252582a3fcb2015ed1f2c08bfb089d4e,3545,2
C:\SRS(ISIC_2019)\Dataset\BCC\ISIC_0068949.jpg,isic_0068949,1,74800db6e2f58a7b43f0d0637ab00a18d2c63cd46d35ee7c012a75a2c96aeaec,3554,2
C:\SRS(ISIC_2019)\Dataset\BCC\ISIC_0068957.jpg,isic_0068957,1,400c49a2693f290f81b71ff484365529048b6c245dfa638c2792726eead88512,3556,2
C:\SRS(ISIC_2019)\Dataset\BCC\ISIC_0069011.jpg,isic_0069011,1,fd24e912df798b230039b6ceb00e869f4ee1d2e379f1aa00ec8c3f41877a752c,3564,2
C:\SRS(ISIC_2019)\Dataset\BCC\ISIC_0069052.jpg,isic_0069052,1,18ab80f429571d31ebd957487801b29ff3cdc3d7f3c081cf61dc3194c307009a,3572,2
C:\SRS(ISIC_2019)\Dataset\BCC\ISIC_0069092.jpg,isic_0069092,1,f2dd0b27f16f78a740b0ed95b5cc2d1cd7c43acef96c825db792b67490fc720c,3576,2
C:\SRS(ISIC_2019)\Dataset\BCC\ISIC_0069188.jpg,isic_0069188,1,b6118757c35155843599993adbabbc90dde3d3f98566b26f257d716b4fcf171a,3590,2
C:\SRS(ISIC_2019)\Dataset\BCC\ISIC_0069215.jpg,isic_0069215,1,c194114f1df85f33c814e83b5b4f8cf4a9978013e5b9c5fea9e2b8680e89d213,3594,2
C:\SRS(ISIC_2019)\Dataset\BCC\ISIC_0069337.jpg,isic_0069337,1,b78cbbb1e08647c44bd24a39fbf134ef35f6501ffe50f588fd27d893294a96cf,3615,2
C:\SRS(ISIC_2019)\Dataset\BCC\ISIC_0069342.jpg,isic_0069342,1,3b8b0bf66b23e1436c35c8fca0ace5bb86a94c3912fab68f2d256f3c627ea6c9,3616,2
C:\SRS(ISIC_2019)\Dataset\BCC\ISIC_0069407.jpg,isic_0069407,1,72ddfc49f74c7265dbcb1b8fec3e679d12c85eed183cf989ac05e8e21a81e00b,3621,2
C:\SRS(ISIC_2019)\Dataset\BCC\ISIC_0069433.jpg,isic_0069433,1,cf3cbe1261429e870e3376cc9ac5532d8df2d2afa070f0ec56f3046bcb63c590,3626,2
C:\SRS(ISIC_2019)\Dataset\BCC\ISIC_0069476.jpg,isic_0069476,1,4a903888aee0823e7cc9a30fd28b4f16b729fec6ae7c3151e8760bd811a95020,3633,2
C:\SRS(ISIC_2019)\Dataset\BCC\ISIC_0069522.jpg,isic_0069522,1,1f03d0f6c0b502e7a2a2a4c575c18ee0b348b98e0b188f2cd61e112743deb311,3641,2
C:\SRS(ISIC_2019)\Dataset\BCC\ISIC_0069535.jpg,isic_0069535,1,d7241731906e1547a0ffc5ba014092773c186d4acb91b869cb0e754689d81813,3645,2
C:\SRS(ISIC_2019)\Dataset\BCC\ISIC_0069537.jpg,isic_0069537,1,7b38e8eb9cfac089080845e1d7ee297a01bf9d87877a2dfeea3c7831e5c43b86,3646,2
C:\SRS(ISIC_2019)\Dataset\BCC\ISIC_0069553.jpg,isic_0069553,1,f9b62c64730bd157918a2bd0eb7c58bcd2bd41404c17054f26fc1fac9b0f0dd4,3647,2
C:\SRS(ISIC_2019)\Dataset\BCC\ISIC_0069604.jpg,isic_0069604,1,cf7f4dfb002f9f0aea91c20343015f421ab65ed7fffaab0dc1a8ec8dca2021c4,3656,2
C:\SRS(ISIC_2019)\Dataset\BCC\ISIC_0069718.jpg,isic_0069718,1,8e48320922a6df4b23017b4c8f7a1f37c9d505b957aa10a6c9ed8d6981cc7a93,3672,2
C:\SRS(ISIC_2019)\Dataset\BCC\ISIC_0069773.jpg,isic_0069773,1,579372833747ac5c1b53bacb6db46608a4cc771a916993151937a4e0211226af,3680,2
C:\SRS(ISIC_2019)\Dataset\BCC\ISIC_0069794.jpg,isic_0069794,1,ed86256603ebb13fbc184a424eb749009d224ef205597819afc0eb4d350edf92,3683,2
C:\SRS(ISIC_2019)\Dataset\BCC\ISIC_0069813.jpg,isic_0069813,1,9331fa3fc456454f86a780ff84319d1cddc02e3b4226870fd482f7cdd49a0b0f,3689,2
C:\SRS(ISIC_2019)\Dataset\BCC\ISIC_0069828.jpg,isic_0069828,1,ab938018dcabfa8aa8c188d65e4d178d99a9be16c7fb1f90638179dea0ae6a2f,3690,2
C:\SRS(ISIC_2019)\Dataset\BCC\ISIC_0069831.jpg,isic_0069831,1,f289cd5b7c69555c71bf9423d626de925c457ac52360cbf99a43e6e9fd740044,3691,2
C:\SRS(ISIC_2019)\Dataset\BCC\ISIC_0069888.jpg,isic_0069888,1,c13efc031e7050259de3a641912969e8176d38a3280f1ac63db6fa20c48bd00d,3698,2
C:\SRS(ISIC_2019)\Dataset\BCC\ISIC_0069909.jpg,isic_0069909,1,ac0f05ac2da20b6170dfc84d37f0fd87b169a53b4648a8a6cdb1caf7c2d6f17d,3700,2
C:\SRS(ISIC_2019)\Dataset\BCC\ISIC_0069936.jpg,isic_0069936,1,d30eb701916387d63f5c4ecf6a390126f932bb06164a042a23e77483b488c99e,3705,2
C:\SRS(ISIC_2019)\Dataset\BCC\ISIC_0069972.jpg,isic_0069972,1,c344acc14f85803373da4492cfe73006253307286ae06a4cfcc75de39ac1aa6f,3709,2
C:\SRS(ISIC_2019)\Dataset\BCC\ISIC_0070060.jpg,isic_0070060,1,a394a64a4c46244d5adc1dffcaa2c730513e27d80c6e45e1beb05fcfa8ca2438,3721,2
C:\SRS(ISIC_2019)\Dataset\BCC\ISIC_0070101.jpg,isic_0070101,1,1affa94c59cbbdc0a6a1a519b4bf40f8f4d5fe9bc0c89f4de1368d70d2ec28c2,3727,2
C:\SRS(ISIC_2019)\Dataset\BCC\ISIC_0070128.jpg,isic_0070128,1,d9f9bb6823134acd1251819490d0a106adb858f4db7ca1d2449bc18967d74c69,3729,2
C:\SRS(ISIC_2019)\Dataset\BCC\ISIC_0070197.jpg,isic_0070197,1,7dd84980605617e86664e635e91e66261b657b26b3a87e3c0259d5b05a1cc17b,3742,2
C:\SRS(ISIC_2019)\Dataset\BCC\ISIC_0070199.jpg,isic_0070199,1,eaebe4c1fd38c44d1c3fd16f2bd2942e7498b286a3e209dc0c8f2a7c8971d72e,3743,2
C:\SRS(ISIC_2019)\Dataset\BCC\ISIC_0070201.jpg,isic_0070201,1,6ceb6896d4d7c3ca05a75645f58562f31d670dc614a19efacd468f0f9c546bce,3744,2
C:\SRS(ISIC_2019)\Dataset\BCC\ISIC_0070221.jpg,isic_0070221,1,bc559b97ac41fcd7663ed68a0552ee02424dcf85549fb0129a1f715b3a8f0d36,3747,2
C:\SRS(ISIC_2019)\Dataset\BCC\ISIC_0070355.jpg,isic_0070355,1,ce294809bf462945011cd4a56bd4431637ef71836b94fa207e3582c67b0c2e7c,3764,2
C:\SRS(ISIC_2019)\Dataset\BCC\ISIC_0070367.jpg,isic_0070367,1,351a45fff85a63b8bbf7b453272317ecc71642ecc2be015ba6ccb25605389cdb,3765,2
C:\SRS(ISIC_2019)\Dataset\BCC\ISIC_0070406.jpg,isic_0070406,1,9e7630c8f8dc5e9438cb414347773383673d5236413f90b0308d2d1e781c78a2,3770,2
C:\SRS(ISIC_2019)\Dataset\BCC\ISIC_0070536.jpg,isic_0070536,1,9c3553640ca240074abf5bf3ef2df981cbc43e72a07dc83b07f555644bcef7fb,3788,2
C:\SRS(ISIC_2019)\Dataset\BCC\ISIC_0070552.jpg,isic_0070552,1,fe9dc1063b10ca4c5be22654d9e95047ce827e1c8f2a45997f85ebc5ffa78695,3792,2
C:\SRS(ISIC_2019)\Dataset\BCC\ISIC_0070612.jpg,isic_0070612,1,4bc2a5a6f75f08d892ebdf401718cee62a55eaadf0e1e3921cd38f1816b73cbd,3796,2
C:\SRS(ISIC_2019)\Dataset\BCC\ISIC_0070798.jpg,isic_0070798,1,74141f2f843ab360c9b305178f33034a2266bc2f877a40a98b67cc2e1f7b24d8,3827,2
C:\SRS(ISIC_2019)\Dataset\BCC\ISIC_0070802.jpg,isic_0070802,1,b2046514cee2974360d76ecf748df842c3bbce676eb914bf8fecbb50aa3e1b73,3828,2
C:\SRS(ISIC_2019)\Dataset\BCC\ISIC_0070827.jpg,isic_0070827,1,edfad4ec95106f6d7450f98b954b0ef07ccad5ece6bbb60e127e2637526a36b2,3832,2
C:\SRS(ISIC_2019)\Dataset\BCC\ISIC_0070831.jpg,isic_0070831,1,c816542327ba3f4ac59af17b32ce4a66564a371beed3804df74904e734be5e2e,3833,2
C:\SRS(ISIC_2019)\Dataset\BCC\ISIC_0070880.jpg,isic_0070880,1,35cf2addcd116fc6019f0851a227068bc1d21e2595adf2f064f9a9affc4e9cde,3840,2
C:\SRS(ISIC_2019)\Dataset\BCC\ISIC_0070911.jpg,isic_0070911,1,395d61150d8d86bbc9f7bb9dfe42573f716e8dd8d78ea5ffabe4516c4cb0f2e0,3846,2
C:\SRS(ISIC_2019)\Dataset\BCC\ISIC_0070943.jpg,isic_0070943,1,b586a7cf9411b3893f784589ed5b91d22c7cdebb167c4a2193b1b8711a352ce4,3851,2
C:\SRS(ISIC_2019)\Dataset\BCC\ISIC_0070945.jpg,isic_0070945,1,59928620b0c446eaf2d2418271a91121d48a97fde9f0da47a9b211961e3760ff,3852,2
C:\SRS(ISIC_2019)\Dataset\BCC\ISIC_0070950.jpg,isic_0070950,1,759b3336b8b593d4f5cf63356e56486455fea0f0fad021104fc38a3249bbbf7b,3853,2
C:\SRS(ISIC_2019)\Dataset\BCC\ISIC_0071030.jpg,isic_0071030,1,c329268d53d2d6f515456f33a8fb51ff1d7c3ede6365c6512ef2d135520189c2,3864,2
C:\SRS(ISIC_2019)\Dataset\BCC\ISIC_0071053.jpg,isic_0071053,1,9ff8cf7342da828ffc544d66a373ebac6a2c4dad67ceb2a14a0c6a4e06895a09,3865,2
C:\SRS(ISIC_2019)\Dataset\BCC\ISIC_0071056.jpg,isic_0071056,1,9a3ec83f470e03727684e64c3b1f6e0d3cb2e286b40318b46f7069f6e952f4b1,3866,2
C:\SRS(ISIC_2019)\Dataset\BCC\ISIC_0071113.jpg,isic_0071113,1,4849d23abea85ae19c67bc5f494760b3f7a32794a8538885c64225a7feb4b2ec,3871,2
C:\SRS(ISIC_2019)\Dataset\BCC\ISIC_0071116.jpg,isic_0071116,1,68c00a9078a2bd8fefff8bc546d9cb125a6a113bf2b5e4be62f0216bdd7f4451,3873,2
C:\SRS(ISIC_2019)\Dataset\BCC\ISIC_0071157.jpg,isic_0071157,1,6b8a06c5f28807279a96cda3f5a5ea348d0d801a6747b9fd478ccdda297eeb1b,3877,2
C:\SRS(ISIC_2019)\Dataset\BCC\ISIC_0071236.jpg,isic_0071236,1,b6dfa29de95daa5b1d099ace9fd83a417aad5f0bc8669d897e7aec69662d7ab3,3887,2
C:\SRS(ISIC_2019)\Dataset\BCC\ISIC_0071296.jpg,isic_0071296,1,46f8f41e737ee7ad6f360c6ad8b7e93c42feb49834a8aac7495cca112447b9eb,3895,2
C:\SRS(ISIC_2019)\Dataset\BCC\ISIC_0071345.jpg,isic_0071345,1,1defebf3f8596cbd30b3220463bab168b256b452068f089551c7bf7a98321840,3898,2
C:\SRS(ISIC_2019)\Dataset\BCC\ISIC_0071366.jpg,isic_0071366,1,9b1b66f9df9eefb6749b5812ac6bd3758231282c3a0dccb0c9dd5cb897aa7eab,3900,2
C:\SRS(ISIC_2019)\Dataset\BCC\ISIC_0071369.jpg,isic_0071369,1,e9a31310bd6e84f3c3564a661c6458cabf5c0508f9d945e5814cdae3333287e0,3901,2
C:\SRS(ISIC_2019)\Dataset\BCC\ISIC_0071448.jpg,isic_0071448,1,ceae5d8006295cd7bb39d3e023fe847b60eb0287784fcb4722ce29995e409862,3917,2
C:\SRS(ISIC_2019)\Dataset\BCC\ISIC_0071549.jpg,isic_0071549,1,c94a79eb04f4a47aaa97110b54d690799817d84d5c18ee33a1d65e843f89a9da,3929,2
C:\SRS(ISIC_2019)\Dataset\BCC\ISIC_0071599.jpg,isic_0071599,1,ef1cead9546deb9315fc535b7f9a29376a7281d107172d1d22ed1675a8290797,3936,2
C:\SRS(ISIC_2019)\Dataset\BCC\ISIC_0071604.jpg,isic_0071604,1,aed13eb5ebdabdfcf81dc1a4e8e18e4230a9d5f750affe508f119d9edb6e06d0,3938,2
C:\SRS(ISIC_2019)\Dataset\BCC\ISIC_0071665.jpg,isic_0071665,1,7c9e2edb8a98f73b10b218e056263bd561d8e05fecc503c680c45c8367344418,3943,2
C:\SRS(ISIC_2019)\Dataset\BCC\ISIC_0071682.jpg,isic_0071682,1,6ce8e08cc789140434952402343b04f5151c31ef26ae7006dd9b77960201733e,3947,2
C:\SRS(ISIC_2019)\Dataset\BCC\ISIC_0071751.jpg,isic_0071751,1,b9c1368d5fd37f07b542b48a904521ff9aa059bb6c378e765c389e77f9233bd2,3955,2
C:\SRS(ISIC_2019)\Dataset\BCC\ISIC_0071763.jpg,isic_0071763,1,2edfc4b31d82ef4189d93b3bc47aa721492ca703f4fe14ce3ba0365b1b7c18dd,3958,2
C:\SRS(ISIC_2019)\Dataset\BCC\ISIC_0071864.jpg,isic_0071864,1,4570132ea02cbf846d40f6b067a521fe7803bce72cff2cbb2762801e6bf445b2,3964,2
C:\SRS(ISIC_2019)\Dataset\BCC\ISIC_0071882.jpg,isic_0071882,1,ea270b2b3225254ebf01278f2a7297bacb2612f8c95f515ad13db1bee732cdea,3968,2
C:\SRS(ISIC_2019)\Dataset\BCC\ISIC_0071885.jpg,isic_0071885,1,53aac98006a51e2c1f96781070d36920e1d0da4b3344ac3cec4c21d224e0e694,3969,2
C:\SRS(ISIC_2019)\Dataset\BCC\ISIC_0071899.jpg,isic_0071899,1,a45d19e40bb1cc0e5baa2b187fd9e53b1341d405ef78026c467e4273bfb4e388,3972,2
C:\SRS(ISIC_2019)\Dataset\BCC\ISIC_0071907.jpg,isic_0071907,1,9663708782f92051ed093a4f7d34840e619dc3e67d7664b81a91bd24530fc761,3973,2
C:\SRS(ISIC_2019)\Dataset\BCC\ISIC_0072023.jpg,isic_0072023,1,6ca72886c96dc20d5357c94c7e6dad3859fa2fe71206fe87371ed74012593811,3987,2
C:\SRS(ISIC_2019)\Dataset\BCC\ISIC_0072047.jpg,isic_0072047,1,35bb15e36b0bbe97e505e12406dad3a8c7cb44e1809bfb7be75d98876b5dbc6c,3992,2
C:\SRS(ISIC_2019)\Dataset\BCC\ISIC_0072117.jpg,isic_0072117,1,4524dca3c441a072b1c2895b0f879f0511d6c01eff4a8973c6a05a85f144f72a,4004,2
C:\SRS(ISIC_2019)\Dataset\BCC\ISIC_0072124.jpg,isic_0072124,1,2a1109f2b741baad5fc047b0276a9e64d44274b6d22d1f162733812e73ea2e6d,4005,2
C:\SRS(ISIC_2019)\Dataset\BCC\ISIC_0072141.jpg,isic_0072141,1,6d21e6a1a9a27d8a730aaa8c6ac26ef1e2acc46a712666b7cdcacbc39927ea2b,4012,2
C:\SRS(ISIC_2019)\Dataset\BCC\ISIC_0072239.jpg,isic_0072239,1,fda188c8636addd4f3f05da1eae016288f43239a4cb5af84261cb6f6f4344ccb,4022,2
C:\SRS(ISIC_2019)\Dataset\BCC\ISIC_0072269.jpg,isic_0072269,1,c1b4b6c99d59e67932a3264823405ed722c4da5ca7ca293a2663c2b1ca9daf26,4029,2
C:\SRS(ISIC_2019)\Dataset\BCC\ISIC_0072293.jpg,isic_0072293,1,8223a9fe04f1564c2587ee6990db63b7f54a031feb3029d0357ac49b855fe1c2,4032,2
C:\SRS(ISIC_2019)\Dataset\BCC\ISIC_0072386.jpg,isic_0072386,1,a74eb20c025e89e5539ec2f3bc01b8010e09bcdbfecda834d7cb0f94b975309d,4042,2
C:\SRS(ISIC_2019)\Dataset\BCC\ISIC_0072406.jpg,isic_0072406,1,8d2a4d513ac059107b2ab692dea8504b270c749e6d3a5339666ec2695525c911,4043,2
C:\SRS(ISIC_2019)\Dataset\BCC\ISIC_0072431.jpg,isic_0072431,1,215e1555e780734abc10789fb827f310702fd526954d40e8ed9828d53f675306,4045,2
C:\SRS(ISIC_2019)\Dataset\BCC\ISIC_0072433.jpg,isic_0072433,1,e2de0bd2b8dde5e80ef212d5962dffaaafb5dd7ce11a6565080421c70c3dd2fd,4046,2
C:\SRS(ISIC_2019)\Dataset\BCC\ISIC_0072465.jpg,isic_0072465,1,0f72055dee6041c08960c22dd3ea0d02d541ca090b81be822f9d07faf7b0edab,4054,2
C:\SRS(ISIC_2019)\Dataset\BCC\ISIC_0072573.jpg,isic_0072573,1,e708bf18f9c7b5c42fbd200d8cc403afda403ebaddfedb58d7e0e19171876e37,4073,2
C:\SRS(ISIC_2019)\Dataset\BCC\ISIC_0072656.jpg,isic_0072656,1,e8c80625c19c8ffd228ebd3d85728a68c4527e5db1d589fb031128cb6e042c47,4089,2
C:\SRS(ISIC_2019)\Dataset\BCC\ISIC_0072693.jpg,isic_0072693,1,eed50bdede2e7093261833c1698aa38c1368323662c9b3f7a197b829aa7120f9,4097,2
C:\SRS(ISIC_2019)\Dataset\BCC\ISIC_0072697.jpg,isic_0072697,1,609c332d08a9aa5ae78e309f0f48875b2c05ba476c4fcdfd1febee43c0ff0fa1,4098,2
C:\SRS(ISIC_2019)\Dataset\BCC\ISIC_0072744.jpg,isic_0072744,1,be1e94d405fae5c94492f09b103bcb2837d188dca05eaf4b994f29b03feedd98,4105,2
C:\SRS(ISIC_2019)\Dataset\BCC\ISIC_0072759.jpg,isic_0072759,1,81fd46889be45faa644929390a00e637e0052fd9dd448b93172db35b3ce3f1cb,4107,2
C:\SRS(ISIC_2019)\Dataset\BCC\ISIC_0072807.jpg,isic_0072807,1,1d5782033dfec27fb5b2f67055d5ab85cac0efa149fa72c2f732293c7616506c,4114,2
C:\SRS(ISIC_2019)\Dataset\BCC\ISIC_0072835.jpg,isic_0072835,1,9b7170cb64c300661ee7472560da93994d5f7bbf4cb99ea03d530672b055f582,4119,2
C:\SRS(ISIC_2019)\Dataset\BCC\ISIC_0072842.jpg,isic_0072842,1,0c592b4a8f594c434ee78b89ef378d805eedfd48faeeaef309045373a52de824,4121,2
C:\SRS(ISIC_2019)\Dataset\BCC\ISIC_0072859.jpg,isic_0072859,1,a3d749d5a17d5b2d478ba56e476f4a587aa4adcaf4697e1a721fb0adf2950fc5,4127,2
C:\SRS(ISIC_2019)\Dataset\BCC\ISIC_0072994.jpg,isic_0072994,1,6dc74a50d593e444b16dc9b6d05da45e54832005e74dcd80ad7b0cded0fef899,4145,2
C:\SRS(ISIC_2019)\Dataset\BCC\ISIC_0073002.jpg,isic_0073002,1,242cf67125e2d0850f75b6d828eb6e2d4199e882c7497d2fc38cd292930c30f2,4146,2
C:\SRS(ISIC_2019)\Dataset\BCC\ISIC_0073047.jpg,isic_0073047,1,9d58af8d54ecc6ea0404bda86d23690b8944e9f717d6c0ed398f880dc088a9e4,4154,2
C:\SRS(ISIC_2019)\Dataset\BCC\ISIC_0073063.jpg,isic_0073063,1,67efad01830fa9713160c8bf8274d2ceef632d2224b4bfb710587321c066d909,4159,2
C:\SRS(ISIC_2019)\Dataset\BCC\ISIC_0073091.jpg,isic_0073091,1,4ba2598df9bc3a546a9d82ecb6157c21520f76986b7e6ff2d09650282d8c6ef2,4165,2
C:\SRS(ISIC_2019)\Dataset\BCC\ISIC_0073123.jpg,isic_0073123,1,e484ca21a271b70a0ba7793a1ff50becbcdf668283419cedd4986e3a5be74da8,4171,2
C:\SRS(ISIC_2019)\Dataset\BCC\ISIC_0073151.jpg,isic_0073151,1,92abf9bf82b30298e8a8a11941276cfcc042572ec71ca3a9a7467393e7c7fa72,4176,2
C:\SRS(ISIC_2019)\Dataset\BCC\ISIC_0073154.jpg,isic_0073154,1,60baf824cdae95cb2bb1c5ee7ecce37924d424f79567bd139d5e2f2cf35b249e,4177,2
C:\SRS(ISIC_2019)\Dataset\BCC\ISIC_0073229.jpg,isic_0073229,1,13003495aff7d4a0c35f946ae892c215939a11240f96ef8852168f1e46dbbae5,4187,2
C:\SRS(ISIC_2019)\Dataset\BCC\ISIC_0073247.jpg,isic_0073247,1,89461d6d63aaf49092db546e1be4c00e2a527c1cb0e04b8a63bfbcc5122e8a0c,4189,2
C:\SRS(ISIC_2019)\Dataset\BKL\ISIC_0010491.jpg,isic_0010491,2,584a05ae18c46a5e85b39058bf484efba4b96f7b2801a28dd77c63ee45afbeda,4190,2
C:\SRS(ISIC_2019)\Dataset\BKL\ISIC_0012103_downsampled.jpg,isic_0012103_downsampled,2,2cea82d23f5da8e4947964d2270e51efd62a436f07c18bd6cb876e1f3f3367e3,4193,2
C:\SRS(ISIC_2019)\Dataset\BKL\ISIC_0012183_downsampled.jpg,isic_0012183_downsampled,2,115e83ea49e001e47f1da5d8af4d6f223d308f34b2466a522f0bb0ca548794ed,4203,2
C:\SRS(ISIC_2019)\Dataset\BKL\ISIC_0012282_downsampled.jpg,isic_0012282_downsampled,2,7577225de4a20fd2020d1fb4510627b439be8179244db9dd77950f3de7fcb6f5,4224,2
C:\SRS(ISIC_2019)\Dataset\BKL\ISIC_0012323_downsampled.jpg,isic_0012323_downsampled,2,6cbd6ded8034b35b22766ea7fa72ee13c9f959208d91d38265c80ed91376b918,4229,2
C:\SRS(ISIC_2019)\Dataset\BKL\ISIC_0012380_downsampled.jpg,isic_0012380_downsampled,2,536ffd8d7631a5364a8dc3dfff36fb8f4b82dd99b316904a55855928b25010fd,4240,2
C:\SRS(ISIC_2019)\Dataset\BKL\ISIC_0012414_downsampled.jpg,isic_0012414_downsampled,2,5abfdd36dfec22db120fbe150b9912d7867ea15a4479d0332274667fff497581,4247,2
C:\SRS(ISIC_2019)\Dataset\BKL\ISIC_0012417_downsampled.jpg,isic_0012417_downsampled,2,39c9206d95827395b9529663be4ce4e61a8ae1e5ccae0664651fd473ddf879b7,4250,2
C:\SRS(ISIC_2019)\Dataset\BKL\ISIC_0012452_downsampled.jpg,isic_0012452_downsampled,2,032ab1998f1a90ce781c3c25e9140b60c3a9e1882facd31634cc3c5442eab01b,4256,2
C:\SRS(ISIC_2019)\Dataset\BKL\ISIC_0012473_downsampled.jpg,isic_0012473_downsampled,2,628ece3acaabf8d6cc8e3b09af674b7ee2c8acb2b13cde1ab0bd2a3becd0e8d4,4260,2
C:\SRS(ISIC_2019)\Dataset\BKL\ISIC_0012510_downsampled.jpg,isic_0012510_downsampled,2,54c24ab6335f496e85a3b04462a9ca23f8feda36ad6e618e583f859062eb75f4,4265,2
C:\SRS(ISIC_2019)\Dataset\BKL\ISIC_0012517_downsampled.jpg,isic_0012517_downsampled,2,065d1e335eae5d547c047bd0a0343f4580e1a0047a91484f6d3da47d57d7759f,4268,2
C:\SRS(ISIC_2019)\Dataset\BKL\ISIC_0012522_downsampled.jpg,isic_0012522_downsampled,2,159dc2d713f7fa2cfa10ab9b3de4d64e97f2d0e17ab83cd6798ad5f822429f6a,4269,2
C:\SRS(ISIC_2019)\Dataset\BKL\ISIC_0012527_downsampled.jpg,isic_0012527_downsampled,2,e76fe425509404822a209366bf6dd440c0c8712f8eec626997071f4e106aabb5,4270,2
C:\SRS(ISIC_2019)\Dataset\BKL\ISIC_0012720_downsampled.jpg,isic_0012720_downsampled,2,454ee987d508156fd2f1343104cc05e0a5a3a9998f5fbd4ec27ca452608dd68a,4282,2
C:\SRS(ISIC_2019)\Dataset\BKL\ISIC_0012757_downsampled.jpg,isic_0012757_downsampled,2,bd1af756512977c1a61fe5e9c254d905cecd5931e2b29de7ab61b84922c1cd1c,4283,2
C:\SRS(ISIC_2019)\Dataset\BKL\ISIC_0012811.jpg,isic_0012811,2,5501ba012db5826ee4ab6a36ad640d65dd7fc4a06834c241866868c652d7ee0a,4292,2
C:\SRS(ISIC_2019)\Dataset\BKL\ISIC_0012813_downsampled.jpg,isic_0012813_downsampled,2,f845e15c7c32542cb6f85ade764dee332667b275ca763307b7ffb2e505409391,4293,2
C:\SRS(ISIC_2019)\Dataset\BKL\ISIC_0012880_downsampled.jpg,isic_0012880_downsampled,2,170cd5756ef76d8b69c9bb50c18b8b75ad6e4af16c5382ec43b49b9b41953d11,4303,2
C:\SRS(ISIC_2019)\Dataset\BKL\ISIC_0012927_downsampled.jpg,isic_0012927_downsampled,2,81bb0042d03a5a5d2728950c594a489058dbf65bcd1a0e10d368b60ce5b5281f,4308,2
C:\SRS(ISIC_2019)\Dataset\BKL\ISIC_0012955_downsampled.jpg,isic_0012955_downsampled,2,2b419abef558861f37a44700cf3b0889071d3b418557e4746400fae19f50e2da,4312,2
C:\SRS(ISIC_2019)\Dataset\BKL\ISIC_0012959_downsampled.jpg,isic_0012959_downsampled,2,c25d6086161c24eba0ead83b154acc0166afa6788b5295c9887671915dd2a903,4313,2
C:\SRS(ISIC_2019)\Dataset\BKL\ISIC_0012998.jpg,isic_0012998,2,16009c90d6a1e6900d51f573a2a79beffa2753174507b2268c69516164e4ee59,4317,2
C:\SRS(ISIC_2019)\Dataset\BKL\ISIC_0013014_downsampled.jpg,isic_0013014_downsampled,2,cbeb5b1b36a2b7bcf5276c283c7c2fa1917a3a1c0b4e05079dff9cd947b93612,4318,2
C:\SRS(ISIC_2019)\Dataset\BKL\ISIC_0013030_downsampled.jpg,isic_0013030_downsampled,2,e2d62a72884705f0168f83f03d36f8afbcb3983169b7a75dbc3f1ea6bc8be5b6,4319,2
C:\SRS(ISIC_2019)\Dataset\BKL\ISIC_0013035_downsampled.jpg,isic_0013035_downsampled,2,f33604ba246380c92b8ee485533dd4950495fda8df7c05f89d305a0620a862f0,4322,2
C:\SRS(ISIC_2019)\Dataset\BKL\ISIC_0013063_downsampled.jpg,isic_0013063_downsampled,2,8756dfa40e844c095195b6381ee1de388a96144a5a9ebef843aaf8c525e4944d,4328,2
C:\SRS(ISIC_2019)\Dataset\BKL\ISIC_0013092_downsampled.jpg,isic_0013092_downsampled,2,8f32b33fadabeffea03fcaf7cbdd3af81f9538657a3e1a014bea5073ca1cd8cb,4333,2
C:\SRS(ISIC_2019)\Dataset\BKL\ISIC_0013170_downsampled.jpg,isic_0013170_downsampled,2,5573e60ede5327e92ea1565405e0a60f45b4ddd2680ba89faf335d4f2e54145e,4344,2
C:\SRS(ISIC_2019)\Dataset\BKL\ISIC_0013189_downsampled.jpg,isic_0013189_downsampled,2,d43908bcc861b5de81d4aee334f76430651045fdb94394004896260650cdf319,4348,2
C:\SRS(ISIC_2019)\Dataset\BKL\ISIC_0013270_downsampled.jpg,isic_0013270_downsampled,2,22a7575bc240abb8c89073819bc49db25d0033beec9b1e551ff5b5d3f647750b,4355,2
C:\SRS(ISIC_2019)\Dataset\BKL\ISIC_0013281_downsampled.jpg,isic_0013281_downsampled,2,f72cd43fc195ca114538b3cc228e0448253e089624490d0f18821d87effec6a5,4357,2
C:\SRS(ISIC_2019)\Dataset\BKL\ISIC_0013333_downsampled.jpg,isic_0013333_downsampled,2,0e934a7665424561fcacbd12466935a5798804792521d53eb03b53c39b263907,4360,2
C:\SRS(ISIC_2019)\Dataset\BKL\ISIC_0013360_downsampled.jpg,isic_0013360_downsampled,2,c54197b350b8edd902916ff60062315d77d2a0fe59e6286936f1b460f0436137,4363,2
C:\SRS(ISIC_2019)\Dataset\BKL\ISIC_0013370_downsampled.jpg,isic_0013370_downsampled,2,1066faf8e25697afcecb88c817d29efe36945809c89600e2ec23e57daafb048e,4365,2
C:\SRS(ISIC_2019)\Dataset\BKL\ISIC_0013421_downsampled.jpg,isic_0013421_downsampled,2,5f2eb0389752da8f0bcc260d8047a7b61caac0d8395066839c3e453212ca8e02,4371,2
C:\SRS(ISIC_2019)\Dataset\BKL\ISIC_0013474_downsampled.jpg,isic_0013474_downsampled,2,857dbfdedf12e91a20c66a696be6aae4426335b1772112c8a1e0aa1abfd6d378,4375,2
C:\SRS(ISIC_2019)\Dataset\BKL\ISIC_0013632_downsampled.jpg,isic_0013632_downsampled,2,d29ee6c251ca080173b286415385d7190d1c29f081411a25ef46b655ef53408c,4382,2
C:\SRS(ISIC_2019)\Dataset\BKL\ISIC_0013680_downsampled.jpg,isic_0013680_downsampled,2,e685ab5447d909ca515228f00e26972f720340cd1528ccccb98137030d5a233b,4387,2
C:\SRS(ISIC_2019)\Dataset\BKL\ISIC_0013725_downsampled.jpg,isic_0013725_downsampled,2,0ebfd7fd5ca4ee85e90fe3ed060ae4d157e4f5a134dff3e507b283af6f7cbd4c,4397,2
C:\SRS(ISIC_2019)\Dataset\BKL\ISIC_0013980_downsampled.jpg,isic_0013980_downsampled,2,c87defb88c160d7f1f4b7821a21b5a9cbde55b5abd2063987049548b2b433fb6,4417,2
C:\SRS(ISIC_2019)\Dataset\BKL\ISIC_0014029_downsampled.jpg,isic_0014029_downsampled,2,4e05af3050f76463cefee37e5eba26f2107ac2526b013c45e25c08750fe07f36,4421,2
C:\SRS(ISIC_2019)\Dataset\BKL\ISIC_0014179_downsampled.jpg,isic_0014179_downsampled,2,06dd6c96c049ad6fdff34fdd2abd91a9646090b325ac60bca84cedcc7276d29f,4432,2
C:\SRS(ISIC_2019)\Dataset\BKL\ISIC_0014410_downsampled.jpg,isic_0014410_downsampled,2,67816524ad180c3277f66cfc3a5a627b9a53dae635ddf7859d73b4cd8490f5c2,4450,2
C:\SRS(ISIC_2019)\Dataset\BKL\ISIC_0014504_downsampled.jpg,isic_0014504_downsampled,2,c9b925cb46db8bb9b8e9ba6d30666c75b315b2e7594a995075c82b843f9aa234,4457,2
C:\SRS(ISIC_2019)\Dataset\BKL\ISIC_0014581_downsampled.jpg,isic_0014581_downsampled,2,1f23e5412f10fa17ea0c33ff2af4ff146bf1263e1d964401c60b1b01644fa85d,4477,2
C:\SRS(ISIC_2019)\Dataset\BKL\ISIC_0014598_downsampled.jpg,isic_0014598_downsampled,2,2183a07dc9587eba85eb282a590160d966d6eaa69c68015b60effa892f61c1c9,4493,2
C:\SRS(ISIC_2019)\Dataset\BKL\ISIC_0014611_downsampled.jpg,isic_0014611_downsampled,2,da751a68d7d2c161b7b8136590db73e773ce9a88dcbda702bb71e890aecda944,4505,2
C:\SRS(ISIC_2019)\Dataset\BKL\ISIC_0014615_downsampled.jpg,isic_0014615_downsampled,2,cee954e0a325472ae39f36d5de750303460242239921e9df099f49af77fb58c6,4508,2
C:\SRS(ISIC_2019)\Dataset\BKL\ISIC_0014621_downsampled.jpg,isic_0014621_downsampled,2,6dbe8efed37e393d815fd17d54713884f192e3749ef65398e47c495d69f4158f,4514,2
C:\SRS(ISIC_2019)\Dataset\BKL\ISIC_0014622_downsampled.jpg,isic_0014622_downsampled,2,c9f01e281e6b9c383bfe93bcb51b90dc86460c8d5441726ebfa7370a652f4df1,4515,2
C:\SRS(ISIC_2019)\Dataset\BKL\ISIC_0014624_downsampled.jpg,isic_0014624_downsampled,2,c14db166688cf198429c7c7eb8c1b892cfaed6337eaed62a0e0bec1c5f1f1d00,4517,2
C:\SRS(ISIC_2019)\Dataset\BKL\ISIC_0014628_downsampled.jpg,isic_0014628_downsampled,2,8dd7b15d93b80242cefdaddc751da705886e8f4a10b4a8ae7d795423dd58c26f,4521,2
C:\SRS(ISIC_2019)\Dataset\BKL\ISIC_0014633_downsampled.jpg,isic_0014633_downsampled,2,4d06201f4111b2c90ead39789ffb8f8e44c162a4673eaa0da641047547fa88b0,4526,2
C:\SRS(ISIC_2019)\Dataset\BKL\ISIC_0014637_downsampled.jpg,isic_0014637_downsampled,2,2e914e377b69d7953ea4f1ecd4400aa888e92fc740bb411ecf9675db789d0e9b,4530,2
C:\SRS(ISIC_2019)\Dataset\BKL\ISIC_0014638_downsampled.jpg,isic_0014638_downsampled,2,4a617549acaa402c61a29c4b49d628380f96b41eff4d0e7996830083da99ce63,4531,2
C:\SRS(ISIC_2019)\Dataset\BKL\ISIC_0014639_downsampled.jpg,isic_0014639_downsampled,2,5b9532c5124415ce775984a89bb4bcf073f11ae699bf8337d4e883754d462347,4532,2
C:\SRS(ISIC_2019)\Dataset\BKL\ISIC_0014641_downsampled.jpg,isic_0014641_downsampled,2,8644a8ed983164cd859e7f0ca2f0c99c490e611fa3a4e71dee7a06c991f91604,4534,2
C:\SRS(ISIC_2019)\Dataset\BKL\ISIC_0014646_downsampled.jpg,isic_0014646_downsampled,2,6ece28ee970bdfff11e02dccfa30a4c0a6c2ba72d485e2ac400a6d105ae506c1,4539,2
C:\SRS(ISIC_2019)\Dataset\BKL\ISIC_0014723_downsampled.jpg,isic_0014723_downsampled,2,2e45240a5f35e769d7151db1532a4d5f063511a4094bcb0a52463d715831b35c,4550,2
C:\SRS(ISIC_2019)\Dataset\BKL\ISIC_0014804_downsampled.jpg,isic_0014804_downsampled,2,80caf5d2fbb2d7926d77a01975d37162b4382be501247c54b11748bd6485fa66,4553,2
C:\SRS(ISIC_2019)\Dataset\BKL\ISIC_0014806_downsampled.jpg,isic_0014806_downsampled,2,50f8469cd129d1e076f4150c687f6a16b0ed4561de31a72320d2e3f5e34796f5,4554,2
C:\SRS(ISIC_2019)\Dataset\BKL\ISIC_0014811_downsampled.jpg,isic_0014811_downsampled,2,8d1240b26bee066fca6294f12788cde60f389c652bf762ae0dbc0fb59a8cef96,4555,2
C:\SRS(ISIC_2019)\Dataset\BKL\ISIC_0014823_downsampled.jpg,isic_0014823_downsampled,2,e0884bcd145f943cd52f0a4851bc882a370602304dc01619878903debb23ff81,4557,2
C:\SRS(ISIC_2019)\Dataset\BKL\ISIC_0015006_downsampled.jpg,isic_0015006_downsampled,2,c8a9dc3445e1b3011c2d95ab230d52730366141394aada58a6d1e56c57e1069d,4559,2
C:\SRS(ISIC_2019)\Dataset\BKL\ISIC_0015112_downsampled.jpg,isic_0015112_downsampled,2,2d89b52eb9aa90bb7318ec03354a8c4224c64689ffa846fb1b217f7043d9d989,4565,2
C:\SRS(ISIC_2019)\Dataset\BKL\ISIC_0015113_downsampled.jpg,isic_0015113_downsampled,2,2f23693be601211573b74cdfc957b8deb7ba381d35bbbcaeccffe24712df0155,4566,2
C:\SRS(ISIC_2019)\Dataset\BKL\ISIC_0015170_downsampled.jpg,isic_0015170_downsampled,2,ee9339c8e6eb4d67ec1d10cd4ae6db026b013f7aadc9394ede9307fea7332bf9,4570,2
C:\SRS(ISIC_2019)\Dataset\BKL\ISIC_0015181_downsampled.jpg,isic_0015181_downsampled,2,52e89ccf5a47a62a5f4638eda6e510b093e7045a5c3f2bf19fcb8cc914d31b2f,4571,2
C:\SRS(ISIC_2019)\Dataset\BKL\ISIC_0015233_downsampled.jpg,isic_0015233_downsampled,2,472dc8852b1d3a77131a279b3c4b652aa4d24bb2dc3c24dc35723c3fc7b73596,4574,2
C:\SRS(ISIC_2019)\Dataset\BKL\ISIC_0024312.jpg,isic_0024312,2,a17748ccc43fefbdcaccd9a8de239009ae4710145e414aecae8559c2be3c4ab8,4577,2
C:\SRS(ISIC_2019)\Dataset\BKL\ISIC_0024337.jpg,isic_0024337,2,2ce48ddf850d95692ae4b168b92fd24c0853d0e9a88508debb86ebe17f268385,4580,2
C:\SRS(ISIC_2019)\Dataset\BKL\ISIC_0024381.jpg,isic_0024381,2,ccda5684f9b66b6102b8e6c68036afd45e2d852983b58fbf501c472e570bf0bd,4584,2
C:\SRS(ISIC_2019)\Dataset\BKL\ISIC_0024382.jpg,isic_0024382,2,3a2262e5702177c629a8be58b1f53fbebbcc5da3033dfae3617ab402b08eaaef,4585,2
C:\SRS(ISIC_2019)\Dataset\BKL\ISIC_0024408.jpg,isic_0024408,2,2f55b86a7cdc40b126cc314dbe570f6ab5901ebf34ce96ff1af153c1436198d4,4587,2
C:\SRS(ISIC_2019)\Dataset\BKL\ISIC_0024471.jpg,isic_0024471,2,8cda45a24f605f2811df95d395d3349b116b5e1187965c40562347b4c56283df,4597,2
C:\SRS(ISIC_2019)\Dataset\BKL\ISIC_0024505.jpg,isic_0024505,2,f80fc42c558ef3a5805046f6956e34b011c6ddf4a4c3b3a31ab8596dddea1798,4604,2
C:\SRS(ISIC_2019)\Dataset\BKL\ISIC_0024623.jpg,isic_0024623,2,ae57495950e816528c2ef5cc6e7a267b92cf7027c653d2ba614571b93ae06c01,4610,2
C:\SRS(ISIC_2019)\Dataset\BKL\ISIC_0024672.jpg,isic_0024672,2,39bae33e16f685b2f9ecef0c749188853b46977d8754740043e45dafe22d030a,4614,2
C:\SRS(ISIC_2019)\Dataset\BKL\ISIC_0024772.jpg,isic_0024772,2,99f4d00f61cacc18150dcc3e61a1cea0c6b7aa84a348e32d3806a9b7c7a68577,4629,2
C:\SRS(ISIC_2019)\Dataset\BKL\ISIC_0024850.jpg,isic_0024850,2,5f8caafef590c8575208bdbc9226178b0de7001167a2d42fcfd65c33ea6c23ff,4638,2
C:\SRS(ISIC_2019)\Dataset\BKL\ISIC_0024883.jpg,isic_0024883,2,0ebeb0d97174594f458493fcd5184dde9d1da981479e7d8deffbe875d99cdc26,4644,2
C:\SRS(ISIC_2019)\Dataset\BKL\ISIC_0024893.jpg,isic_0024893,2,69e5158f37a59704664898dcc365c26ea2be24745657b4989138d72ebb73ad12,4646,2
C:\SRS(ISIC_2019)\Dataset\BKL\ISIC_0024947.jpg,isic_0024947,2,94e5d42f07d09a816ba9565315c90bb0731ec7e1fbeea4296bfd4792dfa8cf9d,4651,2
C:\SRS(ISIC_2019)\Dataset\BKL\ISIC_0025068.jpg,isic_0025068,2,6c5efd55fd5018a42193645a40894b6acf158bf00518de62975ae5bfb3f4fd09,4667,2
C:\SRS(ISIC_2019)\Dataset\BKL\ISIC_0025076.jpg,isic_0025076,2,ac3d17cb5ee0463339f8fb249a7aabbff11cab9c67167aaeb65381f186a5e4bf,4669,2
C:\SRS(ISIC_2019)\Dataset\BKL\ISIC_0025083.jpg,isic_0025083,2,cb7de864f3878386724d56fc53add5a11ff4ca552028da70f141113dd4eab4f6,4670,2
C:\SRS(ISIC_2019)\Dataset\BKL\ISIC_0025086.jpg,isic_0025086,2,6ac34b714f6efde3b3916220b013f87e8488710eff44346e293d5fa80875655f,4671,2
C:\SRS(ISIC_2019)\Dataset\BKL\ISIC_0025103.jpg,isic_0025103,2,d58b198fb936b707ba7bf84be4add2c7b03f94ccb6e47dedb153f7ff1ecd5ffa,4673,2
C:\SRS(ISIC_2019)\Dataset\BKL\ISIC_0025113.jpg,isic_0025113,2,d6ae0de86d1f22d5b1b465e6e1682c52cd3e746500b048ecba9062558149bb90,4674,2
C:\SRS(ISIC_2019)\Dataset\BKL\ISIC_0025275.jpg,isic_0025275,2,1a65690b4ab18111501cd053abf5b3d3ea673e28fc5906fe04b7facfb745d21f,4683,2
C:\SRS(ISIC_2019)\Dataset\BKL\ISIC_0025276.jpg,isic_0025276,2,af417866e0efa1c56fb6fcb4505b3ce5e4f8e26a6d7c00eab54c16109c5bbd16,4684,2
C:\SRS(ISIC_2019)\Dataset\BKL\ISIC_0025292.jpg,isic_0025292,2,5b111cb2eadedcb6b3891f5cdac8d0034a2a9aa36c13619133ccd31c877ea619,4686,2
C:\SRS(ISIC_2019)\Dataset\BKL\ISIC_0025312.jpg,isic_0025312,2,45423e1ab7027aa596354de94a74e7e9fb4d1ef11a769909144d82e2fdd679a8,4688,2
C:\SRS(ISIC_2019)\Dataset\BKL\ISIC_0025337.jpg,isic_0025337,2,3b8d7131fc84e4b2c6290b798cc12415102f76269f56fb78edbe69f0b421e3a8,4691,2
C:\SRS(ISIC_2019)\Dataset\BKL\ISIC_0025387.jpg,isic_0025387,2,d65ccf49c0e3deca52b2c3ad8eeab918ff82689db08d6c6834d2c51241c1e530,4699,2
C:\SRS(ISIC_2019)\Dataset\BKL\ISIC_0025392.jpg,isic_0025392,2,6bdc42ee4d62b7fca9e035768a44dd5307271171c5b68de260ab5c8e5c18ad55,4702,2
C:\SRS(ISIC_2019)\Dataset\BKL\ISIC_0025484.jpg,isic_0025484,2,b8c89f3bae0ac68d9b5d4e9c16b41f1a9ca1918404f04217d9bb487f8cca84f8,4710,2
C:\SRS(ISIC_2019)\Dataset\BKL\ISIC_0025507.jpg,isic_0025507,2,b90dd953d7712ea722b1d7b646b98644b51b2bceb7dfaaed524f4778bb5f79cd,4712,2
C:\SRS(ISIC_2019)\Dataset\BKL\ISIC_0025515.jpg,isic_0025515,2,580afd1eabcb1bd9fbcda4e0c8a93e390416a053ff08283c0c74079c97f8c626,4714,2
C:\SRS(ISIC_2019)\Dataset\BKL\ISIC_0025519.jpg,isic_0025519,2,546a9f95b3dba11aa6f4006d2f4fda1818c91c43d9c2b7c1b5382d801d1fe950,4715,2
C:\SRS(ISIC_2019)\Dataset\BKL\ISIC_0025656.jpg,isic_0025656,2,a577df3ab30a82fba0d2d8e33e4620e574990125844b6c0d10c81a94e73630af,4727,2
C:\SRS(ISIC_2019)\Dataset\BKL\ISIC_0025659.jpg,isic_0025659,2,14bb47a82acf867555e9a45c86315777e4be996d7a01874b63dd77b5ab4918bc,4728,2
C:\SRS(ISIC_2019)\Dataset\BKL\ISIC_0025699.jpg,isic_0025699,2,f6a08ea1bd67049919d469be4f28e8ae203131cc9eafa94f999bad7316d74777,4731,2
C:\SRS(ISIC_2019)\Dataset\BKL\ISIC_0025710.jpg,isic_0025710,2,8b02814c0352d1aab77913e3c863572ca6cd1ed69117038c938eb770fbf335e2,4733,2
C:\SRS(ISIC_2019)\Dataset\BKL\ISIC_0025753.jpg,isic_0025753,2,fbd95052a3ee8ef489f8cb13aa07121eda03ff355123132cb08f722aca5e0ba4,4738,2
C:\SRS(ISIC_2019)\Dataset\BKL\ISIC_0025767.jpg,isic_0025767,2,db571156d2ac65139f79aabcd9c814fa982cd1fc68e33609de3d3b09f50db63a,4740,2
C:\SRS(ISIC_2019)\Dataset\BKL\ISIC_0025819.jpg,isic_0025819,2,6d5f99d50374311da09e85af01b6664841cfa8d189b9c26188d2e3db3d5be387,4747,2
C:\SRS(ISIC_2019)\Dataset\BKL\ISIC_0025851.jpg,isic_0025851,2,1cad357d22234ec065ab2e8a2b369dc3f12e8ca61c6445cad065764cbaff4152,4752,2
C:\SRS(ISIC_2019)\Dataset\BKL\ISIC_0025874.jpg,isic_0025874,2,3aad37c726b22f63350589b7cdc72c00c177466b7a12c6917ef637a3f380695b,4755,2
C:\SRS(ISIC_2019)\Dataset\BKL\ISIC_0025876.jpg,isic_0025876,2,def8a6cd853acd982f6458cc6a57181b5313a35d055e6853f66595b26cd912b9,4756,2
C:\SRS(ISIC_2019)\Dataset\BKL\ISIC_0025939.jpg,isic_0025939,2,92b5f28084353d2b3a3953e5aee90661cdfebaac6f2e3796996a005b1a9e1e4b,4764,2
C:\SRS(ISIC_2019)\Dataset\BKL\ISIC_0025982.jpg,isic_0025982,2,b46eaa26974d0752b82ba01343528a70f87ff06666d26ff3a53232b6d0abf023,4766,2
C:\SRS(ISIC_2019)\Dataset\BKL\ISIC_0026044.jpg,isic_0026044,2,27cf44bc5af082fb88b940c0aba0302c306c1ea1f30c9258e0aa8683b38575ef,4774,2
C:\SRS(ISIC_2019)\Dataset\BKL\ISIC_0026245.jpg,isic_0026245,2,54c34abca4c534b4cd147a5045ca9abe510888d21f58340a1fcef2bbc84ca0e0,4791,2
C:\SRS(ISIC_2019)\Dataset\BKL\ISIC_0026248.jpg,isic_0026248,2,9c67541296c313adb3abd6d4e85ccebdb6d5057924eb328686f03ce6dd0d5416,4792,2
C:\SRS(ISIC_2019)\Dataset\BKL\ISIC_0026265.jpg,isic_0026265,2,93737e2ff925dee4e42fb3fe34f4b5c3451c8f8cccec195b8648face18e658b6,4796,2
C:\SRS(ISIC_2019)\Dataset\BKL\ISIC_0026286.jpg,isic_0026286,2,97803c742f04bb32310373292149b6495fcf8ec8e45938badaeb3fdec9688d27,4801,2
C:\SRS(ISIC_2019)\Dataset\BKL\ISIC_0026311.jpg,isic_0026311,2,8f3ddfb416e18664d69dc24328164b491139ca68fdd1d75edb108a6978d2a47a,4806,2
C:\SRS(ISIC_2019)\Dataset\BKL\ISIC_0026378.jpg,isic_0026378,2,a08b23a0f4e6bb15019937de79b58569a465d21c697c55c7c1aa84690d8350df,4811,2
C:\SRS(ISIC_2019)\Dataset\BKL\ISIC_0026614.jpg,isic_0026614,2,9d47ded0a2ab228fe2a4fa2ac1f0a65a24ee8ef24c47eafa9a6043af0cfe1f69,4839,2
C:\SRS(ISIC_2019)\Dataset\BKL\ISIC_0026737.jpg,isic_0026737,2,2b37c83bc6f8869d57916c69a77e6cfcfe745eed0d43d11310de9201d5f46f6d,4853,2
C:\SRS(ISIC_2019)\Dataset\BKL\ISIC_0026787.jpg,isic_0026787,2,47b536cc6458458c64a1625629caabdd99c6b2e7f7e27c2ab2e7a53b31a41a21,4858,2
C:\SRS(ISIC_2019)\Dataset\BKL\ISIC_0026846.jpg,isic_0026846,2,4bf2f535e7c23240f3d7bb3f736f45cc755f744f60f647361ff4b4a9274b4564,4867,2
C:\SRS(ISIC_2019)\Dataset\BKL\ISIC_0026861.jpg,isic_0026861,2,90d89928719ed99728aa8d1d6f2b87299af953215a6845cbd09252b92cd7edc8,4869,2
C:\SRS(ISIC_2019)\Dataset\BKL\ISIC_0026955.jpg,isic_0026955,2,740d2f0a0d1576edd9261f5d4a51da5d13d260a7f0104bda783bac2e41dcb434,4879,2
C:\SRS(ISIC_2019)\Dataset\BKL\ISIC_0026961.jpg,isic_0026961,2,7bfbee69892499eeb83a599a85faf1c6680d1eaeb56fa14aa3235dd53b324828,4882,2
C:\SRS(ISIC_2019)\Dataset\BKL\ISIC_0027006.jpg,isic_0027006,2,3905f683ed50b84dd942d9324366f8b5a291aaec3fa50041aaa29c3287b682e6,4884,2
C:\SRS(ISIC_2019)\Dataset\BKL\ISIC_0027083.jpg,isic_0027083,2,50b5b983d1be1806c2d761a68e9c72ae2e39bcba4b700a770d12ddc6c0410a8f,4897,2
C:\SRS(ISIC_2019)\Dataset\BKL\ISIC_0027194.jpg,isic_0027194,2,ef95a88ce99c619bc834e513df1b6aaec54906a72698203234ac9591a7f50ad8,4906,2
C:\SRS(ISIC_2019)\Dataset\BKL\ISIC_0027275.jpg,isic_0027275,2,3ef779a291edfd983855bcb4b9486d6ca64d873169897c249c0aa5371a7c571c,4912,2
C:\SRS(ISIC_2019)\Dataset\BKL\ISIC_0027320.jpg,isic_0027320,2,629c878b48df1d69a836a7775c5ff56a7e5af1b9f5f78240630f92a22ffb069a,4917,2
C:\SRS(ISIC_2019)\Dataset\BKL\ISIC_0027332.jpg,isic_0027332,2,24d66315669ff205bf64ab0129d9d7e11083ebb49542336fe92ca422140feced,4919,2
C:\SRS(ISIC_2019)\Dataset\BKL\ISIC_0027367.jpg,isic_0027367,2,0765b18cf41635db101bf03e2d8c5d9f77c8f632b35a90d7c7141f9143f4c5e4,4924,2
C:\SRS(ISIC_2019)\Dataset\BKL\ISIC_0027428.jpg,isic_0027428,2,ccee7304c0916a45827e45a69f77f0d6694482fd24fbe93289c264e3c824cd02,4931,2
C:\SRS(ISIC_2019)\Dataset\BKL\ISIC_0027470.jpg,isic_0027470,2,503a35ea4d671f6177db84d5d5a09cb614477642d792a0cfe6cceaefc82f81be,4938,2
C:\SRS(ISIC_2019)\Dataset\BKL\ISIC_0027606.jpg,isic_0027606,2,07e68fefd762d661897876b984e92c7bc9c06641e722f05f0ffc267c577170a5,4946,2
C:\SRS(ISIC_2019)\Dataset\BKL\ISIC_0027737.jpg,isic_0027737,2,097f5de8b206421348d6fa7651db2f861bc5eb7596becb403c76da2410b45f67,4957,2
C:\SRS(ISIC_2019)\Dataset\BKL\ISIC_0027739.jpg,isic_0027739,2,d8f3f64f56e93024d363d66fa3dffc77a9f4ca0ce11327322343f62c780adce3,4958,2
C:\SRS(ISIC_2019)\Dataset\BKL\ISIC_0027754.jpg,isic_0027754,2,c23a2118e21e72b53cc22e773249ae6d0ef82e09804997e6c5c946176aa455a1,4960,2
C:\SRS(ISIC_2019)\Dataset\BKL\ISIC_0027781.jpg,isic_0027781,2,edb9f40f72fe343043fe89c6a5092858a5eca9edb6c00fff7256382c9a36922a,4965,2
C:\SRS(ISIC_2019)\Dataset\BKL\ISIC_0027796.jpg,isic_0027796,2,99946aae76e45b043a0dd77456c4db07511562769a3f8328153538929b7ed9ec,4966,2
C:\SRS(ISIC_2019)\Dataset\BKL\ISIC_0027811.jpg,isic_0027811,2,075af1249bace54a878239d3e19163645136e1ef5a129d7afca6a302c6a1157a,4969,2
C:\SRS(ISIC_2019)\Dataset\BKL\ISIC_0027820.jpg,isic_0027820,2,1c5cf85ab86af218ce792d7cd2433b0c560b3ab4c262f8dd3c33682f7a30752b,4971,2
C:\SRS(ISIC_2019)\Dataset\BKL\ISIC_0027893.jpg,isic_0027893,2,ab308b1a98e715f40a073c6e19d9a12e0a19f586d0ff163941c25b1e9dbe3cca,4978,2
C:\SRS(ISIC_2019)\Dataset\BKL\ISIC_0027954.jpg,isic_0027954,2,d74318af9c3d1054ba019823c40ae6b5c1262c89aeb42c0dcbf122f14d4088b7,4982,2
C:\SRS(ISIC_2019)\Dataset\BKL\ISIC_0027982.jpg,isic_0027982,2,0b1167733a4dbd50c6dc340482de6b5158fb9e0de41906c3139ebcca5fdcf315,4988,2
C:\SRS(ISIC_2019)\Dataset\BKL\ISIC_0027989.jpg,isic_0027989,2,22109027c503e9a74f430b066a6730ec6ad2d61cc1c1d435732c136c97af1f37,4989,2
C:\SRS(ISIC_2019)\Dataset\BKL\ISIC_0028043.jpg,isic_0028043,2,f38b6e26db321403f19f9f1f6c3d474e3becbeacfe16ca6364c3bafe520d40a5,4994,2
C:\SRS(ISIC_2019)\Dataset\BKL\ISIC_0028052.jpg,isic_0028052,2,350c72b6a60e1b3aada511610d4db6d097e11482f1114170744fd669cd3fdeec,4995,2
C:\SRS(ISIC_2019)\Dataset\BKL\ISIC_0028080.jpg,isic_0028080,2,c9928a3b353d4cb109f1e0bdf718d7f59640f49707fab07158405bfb051e5a56,4996,2
C:\SRS(ISIC_2019)\Dataset\BKL\ISIC_0028104.jpg,isic_0028104,2,0d293efa71506f03a0f31d871c75bd446f20503a231ddc729e620dab33ddded8,4999,2
C:\SRS(ISIC_2019)\Dataset\BKL\ISIC_0028123.jpg,isic_0028123,2,4c0dc5dbec4b1b1a6478532ad3b0f1d0d11197ec0077a64382790a8159014eac,5002,2
C:\SRS(ISIC_2019)\Dataset\BKL\ISIC_0028229.jpg,isic_0028229,2,28d024a78128517d4b2111ffc756fdebd68edc70f6c527ede3d5a6b9d48ee4a0,5010,2
C:\SRS(ISIC_2019)\Dataset\BKL\ISIC_0028236.jpg,isic_0028236,2,1bae886c590ef740000b7e4c9cadb3d5ec9e6b5afeadf664cd5f19943b5893ef,5012,2
C:\SRS(ISIC_2019)\Dataset\BKL\ISIC_0028237.jpg,isic_0028237,2,b7285b800e6d4b6f42cc9b07088a3750c5ded81f6d4cf331ca4cef5c652a3a40,5013,2
C:\SRS(ISIC_2019)\Dataset\BKL\ISIC_0028347.jpg,isic_0028347,2,2c2c5a26ef1f9538ad58bf3c2fa4d91bcf37aca3d4703cbe3fa59655237a06aa,5023,2
C:\SRS(ISIC_2019)\Dataset\BKL\ISIC_0028354.jpg,isic_0028354,2,940133cc48f7c58bcfe03779920bb3a91ea7201b5fd02f920a90443dd1be5700,5024,2
C:\SRS(ISIC_2019)\Dataset\BKL\ISIC_0028386.jpg,isic_0028386,2,49ec9ab7dea6c0062ebe7b901d13eea53fe374a6deb55e0b262322300e84083f,5026,2
C:\SRS(ISIC_2019)\Dataset\BKL\ISIC_0028388.jpg,isic_0028388,2,2924962deaac626821138b099c97b6daa57d47f66c1dbf9976e72f26ecbd9ccc,5027,2
C:\SRS(ISIC_2019)\Dataset\BKL\ISIC_0028389.jpg,isic_0028389,2,ab6e545ed192d3eb4d18f6ba73fcd02593c77725dc7bfe022247ff89f32275e6,5028,2
C:\SRS(ISIC_2019)\Dataset\BKL\ISIC_0028497.jpg,isic_0028497,2,20dd8144797f15283b2264d3e6acfba49f0d07500e0a2e968867894841f4ed21,5039,2
C:\SRS(ISIC_2019)\Dataset\BKL\ISIC_0028587.jpg,isic_0028587,2,41537ea52444e9d25c61730e63f87cbc412cc653fe3dc9b0529873e1777dd433,5046,2
C:\SRS(ISIC_2019)\Dataset\BKL\ISIC_0028615.jpg,isic_0028615,2,40f77b2473c588d6c99fae78213c7a3f2fa60b37b5b45fa92445f5e333bb5272,5050,2
C:\SRS(ISIC_2019)\Dataset\BKL\ISIC_0028640.jpg,isic_0028640,2,97e9dd7c312a63df9cb8f2c58da3eccf02704d1e292c5ffb4a99c7e69370eecf,5054,2
C:\SRS(ISIC_2019)\Dataset\BKL\ISIC_0028702.jpg,isic_0028702,2,f59b780dd51408195b9240bed3591adbd7cc8f990aff52fc7c89651d7ca33a89,5061,2
C:\SRS(ISIC_2019)\Dataset\BKL\ISIC_0028750.jpg,isic_0028750,2,e1eb94c7f2021ec83b482aeaff5d374f4419d4940fc6d76614e65ac37e6f9a8c,5065,2
C:\SRS(ISIC_2019)\Dataset\BKL\ISIC_0028822.jpg,isic_0028822,2,cae66e074cbdeba5f6ffba759f5965506382ea19e9d9ef3fbbce8d734897f66b,5069,2
C:\SRS(ISIC_2019)\Dataset\BKL\ISIC_0028826.jpg,isic_0028826,2,3f45bb627bfb67dae117d5fd359ed2988c3f0e698edf244831982a1e44631e2d,5070,2
C:\SRS(ISIC_2019)\Dataset\BKL\ISIC_0028846.jpg,isic_0028846,2,e06a9dc450169cf20bfbd794e5595318cbb913fa20b128fa5de4a86f7c434677,5074,2
C:\SRS(ISIC_2019)\Dataset\BKL\ISIC_0028972.jpg,isic_0028972,2,4ec1ed2cd63100cad0ebf03ebcfc202df827146a6934eee9b9aa0af59eb4ea45,5086,2
C:\SRS(ISIC_2019)\Dataset\BKL\ISIC_0028995.jpg,isic_0028995,2,e605d47274beef895fc23ee9dc887a5684eb11e68eb8db83f34eca3daea98524,5089,2
C:\SRS(ISIC_2019)\Dataset\BKL\ISIC_0029029.jpg,isic_0029029,2,1c1222329984d0c0703d6fb6583f237dad02f931323663671e60863960fef177,5095,2
C:\SRS(ISIC_2019)\Dataset\BKL\ISIC_0029036.jpg,isic_0029036,2,88bc9a4ac18d63429684b48cae839bb1580db77d05e10555a7a6796b6414223f,5098,2
C:\SRS(ISIC_2019)\Dataset\BKL\ISIC_0029051.jpg,isic_0029051,2,4bdde5bec59f65d1d2c4496f51e3a0cc152c40fd0069fda21996c187b08c927a,5101,2
C:\SRS(ISIC_2019)\Dataset\BKL\ISIC_0029107.jpg,isic_0029107,2,7307fde8c496e3ac2dc00fc95c0721381afbc0ad1699bbe3af9a4abbaf8500ac,5111,2
C:\SRS(ISIC_2019)\Dataset\BKL\ISIC_0029147.jpg,isic_0029147,2,2d6ffba7e65b476fb1c33199528d75bdab6e3770eb81013e5bf46f9d8ac0a673,5118,2
C:\SRS(ISIC_2019)\Dataset\BKL\ISIC_0029161.jpg,isic_0029161,2,34145bd160b91256b01320eff9e3ed664e46814a2c4028ae0f6749aa5c869159,5119,2
C:\SRS(ISIC_2019)\Dataset\BKL\ISIC_0029232.jpg,isic_0029232,2,23c2445eb7ba98d844c057c944832e5907687e90c35ed1353e8a57702c7eebb3,5128,2
C:\SRS(ISIC_2019)\Dataset\BKL\ISIC_0029311.jpg,isic_0029311,2,651eccf617cc0bc6b9b8a0c0fe352e47dde24416f2e36795400e201ca9552dea,5142,2
C:\SRS(ISIC_2019)\Dataset\BKL\ISIC_0029358.jpg,isic_0029358,2,2eece29b4bf1d5b617adffeae49feb5da0639b14794d103b3a618c8659d01647,5147,2
C:\SRS(ISIC_2019)\Dataset\BKL\ISIC_0029505.jpg,isic_0029505,2,2f5bfe3475fad1b0a5c1c55c586fd49d6e1be1002313b2e06fb036c3f1d7b9f2,5162,2
C:\SRS(ISIC_2019)\Dataset\BKL\ISIC_0029522.jpg,isic_0029522,2,d26f82332e92ba4efcd69eb99be22827c58afcf383f425b75c9cbcaac4e1f6bb,5165,2
C:\SRS(ISIC_2019)\Dataset\BKL\ISIC_0029559.jpg,isic_0029559,2,5884a30f2154fcdb3e60b8de9212334bfff23dba6f1a2315ed8e1f21e2c2051f,5171,2
C:\SRS(ISIC_2019)\Dataset\BKL\ISIC_0029596.jpg,isic_0029596,2,c7ad68613e091e8182458b40b85b75e33b7ebd8b8d9874b3bd7cfa91c6248406,5177,2
C:\SRS(ISIC_2019)\Dataset\BKL\ISIC_0029741.jpg,isic_0029741,2,8ba4fc162b48893365a183823400c3c1819c305853e39adf6ea41f3c961df2e8,5191,2
C:\SRS(ISIC_2019)\Dataset\BKL\ISIC_0029791.jpg,isic_0029791,2,38845960264a206f9ee214e2613b76eff254e696bce3caf208b340e521971913,5197,2
C:\SRS(ISIC_2019)\Dataset\BKL\ISIC_0029793.jpg,isic_0029793,2,a89cb5ea95ec25dc7d040c876237b3e35d753b22aa0d42175064ed179bfef8ab,5198,2
C:\SRS(ISIC_2019)\Dataset\BKL\ISIC_0030026.jpg,isic_0030026,2,f0f4901bce59ccd1646db8b6c45b430d215cb9a0298f5f64ffc43cc8f11f929a,5220,2
C:\SRS(ISIC_2019)\Dataset\BKL\ISIC_0030088.jpg,isic_0030088,2,638d67d583deedc4ab6d6137716e1e2dac38b0e714fc7a797fc49b457f8190c2,5224,2
C:\SRS(ISIC_2019)\Dataset\BKL\ISIC_0030160.jpg,isic_0030160,2,9a879c5a3a444d4f38dc8d97e9c173d30534b16c6d1aac166df2efa23c41fe63,5232,2
C:\SRS(ISIC_2019)\Dataset\BKL\ISIC_0030173.jpg,isic_0030173,2,348a8fb89a711cfe23132d1604e5133674ad98d471652aaebe69e10bfe3a8aba,5234,2
C:\SRS(ISIC_2019)\Dataset\BKL\ISIC_0030189.jpg,isic_0030189,2,6a8dd55f674808579c5c3115ee8bc1357646f1750298cfe0c8f4c47f0e9d91d5,5236,2
C:\SRS(ISIC_2019)\Dataset\BKL\ISIC_0030241.jpg,isic_0030241,2,e25e3519b1fa45ac7c14c01f79d31fa0c470629f00576a118a62e1d3a0478cb0,5244,2
C:\SRS(ISIC_2019)\Dataset\BKL\ISIC_0030258.jpg,isic_0030258,2,9a1b286956812d2ccd12771c1d2daf9cd588437a8ed2709786962f6d472979de,5245,2
C:\SRS(ISIC_2019)\Dataset\BKL\ISIC_0030272.jpg,isic_0030272,2,a9d65ade156ff4b9b8ee8e4b0574d6419f665eec6eb2a4fb8d8f3cfa4fdba79c,5246,2
C:\SRS(ISIC_2019)\Dataset\BKL\ISIC_0030436.jpg,isic_0030436,2,152984ed4d3f47cdbe4bb9664ef24bf1258a6c683b544843d4e520b948fd539b,5262,2
C:\SRS(ISIC_2019)\Dataset\BKL\ISIC_0030683.jpg,isic_0030683,2,55e048fca4a97bfcc3f1ccb0dab8152348ba061f7097e8046ef99dc7ba9169c3,5281,2
C:\SRS(ISIC_2019)\Dataset\BKL\ISIC_0030700.jpg,isic_0030700,2,f67461b4c4be30e9bee84d62ec7901f6f1391a816392e84912741b6ac964dcca,5283,2
C:\SRS(ISIC_2019)\Dataset\BKL\ISIC_0030789.jpg,isic_0030789,2,1397186fdbfdd55eeed111765a8d6a22643d761c9963a40110c7a6601855f2f5,5293,2
C:\SRS(ISIC_2019)\Dataset\BKL\ISIC_0030959.jpg,isic_0030959,2,a7b80ad878641a1c8d938693f57fa7fd78fecf3ff3ab7d010773f842c3e9afa6,5303,2
C:\SRS(ISIC_2019)\Dataset\BKL\ISIC_0030988.jpg,isic_0030988,2,b567e75144cf7b83b3c87e3b6827e44bdef88f8b19b6dfc46470df127b369331,5306,2
C:\SRS(ISIC_2019)\Dataset\BKL\ISIC_0031008.jpg,isic_0031008,2,b6dcb74fac7fe0ebc223382a860c4fe8f9f6b0f30ee9afde3b912c31dd185265,5309,2
C:\SRS(ISIC_2019)\Dataset\BKL\ISIC_0031037.jpg,isic_0031037,2,44f6955896760dc724681a6d3ff4202139b77eb682590c1cb4c0faf07018b767,5314,2
C:\SRS(ISIC_2019)\Dataset\BKL\ISIC_0031050.jpg,isic_0031050,2,f50fd02594bf08ab873f8be18fe8fad5eadd94c206c17ee7b20df81d76e07924,5315,2
C:\SRS(ISIC_2019)\Dataset\BKL\ISIC_0031060.jpg,isic_0031060,2,c6865ecf5a056f590175320701646019bea8585694cd2fccdfb9a9202df1e4d6,5316,2
C:\SRS(ISIC_2019)\Dataset\BKL\ISIC_0031088.jpg,isic_0031088,2,7f2eb9e4033139be9d7a37c196cd3cfa53693a981a25bfdde354b5b559436c57,5319,2
C:\SRS(ISIC_2019)\Dataset\BKL\ISIC_0031132.jpg,isic_0031132,2,69d390c2a533cdeb062ae5f4f826814659663664224f0c2ca4c4e3ce6ebc3929,5322,2
C:\SRS(ISIC_2019)\Dataset\BKL\ISIC_0031150.jpg,isic_0031150,2,46a9a1bef5927bad7f027041bb3e0bb09a19fd30de27fc0dc4792724a063d1e5,5325,2
C:\SRS(ISIC_2019)\Dataset\BKL\ISIC_0031329.jpg,isic_0031329,2,23945709d1405c89a7dbe41c72d7dd6a3985ef6a98b626ff2cdfd7fc2849bf98,5342,2
C:\SRS(ISIC_2019)\Dataset\BKL\ISIC_0031349.jpg,isic_0031349,2,341fceeefe2db469a7cafd2ae055afa0c166358b1ec258515674513588823b63,5345,2
C:\SRS(ISIC_2019)\Dataset\BKL\ISIC_0031394.jpg,isic_0031394,2,c2174e55e89cbf9bd30b8b7fddddd79801df629c1068bab376ce85ff9f3f2ac0,5349,2
C:\SRS(ISIC_2019)\Dataset\BKL\ISIC_0031396.jpg,isic_0031396,2,f1e7abcda2d0de0487c2f3955e989f341a4170a9955e6ec007b8488458dd2e3b,5350,2
C:\SRS(ISIC_2019)\Dataset\BKL\ISIC_0031449.jpg,isic_0031449,2,79eae5d2c0596f84682fefed4252621f401d79ff1bb296571988eacb7924d41c,5354,2
C:\SRS(ISIC_2019)\Dataset\BKL\ISIC_0031459.jpg,isic_0031459,2,8415253afae66cc8e122b2ddf661b99836bd43d29cdc1e4d4110be7f742eaf79,5355,2
C:\SRS(ISIC_2019)\Dataset\BKL\ISIC_0031591.jpg,isic_0031591,2,db4ba6c77b8b7c7fa0e3721320ef92502b8b7bb9681601212daa297cfa1ef3b1,5373,2
C:\SRS(ISIC_2019)\Dataset\BKL\ISIC_0031650.jpg,isic_0031650,2,3a4d8417039011c9c1ce23a53211d5ba35bbba01f6851e7638e5916288a181f4,5383,2
C:\SRS(ISIC_2019)\Dataset\BKL\ISIC_0031686.jpg,isic_0031686,2,2db17e833752f687e9af01b4fd131f896520d47985fdc77fc1bd546b3af73ac6,5385,2
C:\SRS(ISIC_2019)\Dataset\BKL\ISIC_0031716.jpg,isic_0031716,2,9255a2d10bf5c8bf716370796e5ebe3879aca7fdd8f51acfc5fb62576fdb2c7b,5389,2
C:\SRS(ISIC_2019)\Dataset\BKL\ISIC_0031753.jpg,isic_0031753,2,924e0a5680df187a7eefb8daf18b87fce94e2a29e371ce46a1a686caba5fe537,5390,2
C:\SRS(ISIC_2019)\Dataset\BKL\ISIC_0031766.jpg,isic_0031766,2,1757235bfa5b940d489c4eaa751e3e38395a86e00f424401bdcb9fc5ff38c001,5392,2
C:\SRS(ISIC_2019)\Dataset\BKL\ISIC_0031876.jpg,isic_0031876,2,ff1569f06d935bbcef99a2fc1840bd59ab578ca3c097c5c7e942a5a404a7bee8,5403,2
C:\SRS(ISIC_2019)\Dataset\BKL\ISIC_0032063.jpg,isic_0032063,2,43c60d2b6bb0cbb1569579d3da3172c833669d5bfe3e3ccdda2f16a328249115,5424,2
C:\SRS(ISIC_2019)\Dataset\BKL\ISIC_0032103.jpg,isic_0032103,2,bf9272cd458437d6aac4500ba34e8e098d655dcf0c74db0628ee0d3991cdd90b,5426,2
C:\SRS(ISIC_2019)\Dataset\BKL\ISIC_0032123.jpg,isic_0032123,2,a7c1190781cde528f3e6461734610bbee32b886007712557cc3e8fd3c47f4b8f,5430,2
C:\SRS(ISIC_2019)\Dataset\BKL\ISIC_0032168.jpg,isic_0032168,2,fe1d88a5bfe5d555dfa1a4ae2ba168a0427d6e8a440c498ed537aea8764f6a06,5436,2
C:\SRS(ISIC_2019)\Dataset\BKL\ISIC_0032249.jpg,isic_0032249,2,1766e69bd8a5b6bc102129c0dcf73d02ed20c33d8911f6ae786a00b6f469934e,5443,2
C:\SRS(ISIC_2019)\Dataset\BKL\ISIC_0032271.jpg,isic_0032271,2,30bcebab18007a08ac6d17ddbcd559cf0f8b4fcf44f8f0c6e991f48a7b1434bd,5444,2
C:\SRS(ISIC_2019)\Dataset\BKL\ISIC_0032481.jpg,isic_0032481,2,7bb4f4085bd1dffad3a604f1f4c0edccaa3073deee1c490528e50d6432283867,5467,2
C:\SRS(ISIC_2019)\Dataset\BKL\ISIC_0032486.jpg,isic_0032486,2,802f0b07b81afadb451507e58d657b64fb2611a8def4162a01a960238599c4ce,5468,2
C:\SRS(ISIC_2019)\Dataset\BKL\ISIC_0032498.jpg,isic_0032498,2,dbc1809387269ecda4757539fb7a8c372454464bd2d7c3bb64d35a14b76497e8,5469,2
C:\SRS(ISIC_2019)\Dataset\BKL\ISIC_0032513.jpg,isic_0032513,2,28713144d92c74eee58f643a6b1cef73cfd382c4dbde018ad5fb8c2d26403d65,5471,2
C:\SRS(ISIC_2019)\Dataset\BKL\ISIC_0032567.jpg,isic_0032567,2,b81b966568bc103298222e2c93ec9172cf4176bc606e89c77b5f009b69835f82,5476,2
C:\SRS(ISIC_2019)\Dataset\BKL\ISIC_0032719.jpg,isic_0032719,2,fd30d8de6488d603fb37e896eb086a7397d77b46b80d702978fda8c7eb11e9f1,5489,2
C:\SRS(ISIC_2019)\Dataset\BKL\ISIC_0032756.jpg,isic_0032756,2,644d3abc8da158c35aa860faba8d0a8267e9929640e4f19b7f16260078f13daa,5493,2
C:\SRS(ISIC_2019)\Dataset\BKL\ISIC_0032778.jpg,isic_0032778,2,7f9f3da30be233805ecb4bec852c49b2d00cfc74af165fe48b8eb08e2216c97f,5498,2
C:\SRS(ISIC_2019)\Dataset\BKL\ISIC_0033127.jpg,isic_0033127,2,ff3ce33305d3771e49e4aac1fe29ce4ff227cfa7a8034265ffd22fe3f802f930,5526,2
C:\SRS(ISIC_2019)\Dataset\BKL\ISIC_0033195.jpg,isic_0033195,2,8e22289a3d3410ccfa164d67befd3a53ac185668322d6f529b3e26e2dc2d2d12,5532,2
C:\SRS(ISIC_2019)\Dataset\BKL\ISIC_0033252.jpg,isic_0033252,2,cf5f56b4fe358623bfc02ae54b191ad48cc286286bcef8f6337d8c6497cf79c6,5539,2
C:\SRS(ISIC_2019)\Dataset\BKL\ISIC_0033280.jpg,isic_0033280,2,5c10266e665e95f6e97d108aeed70cbba3bc314ba5c2959b6dfcd26a6161257e,5544,2
C:\SRS(ISIC_2019)\Dataset\BKL\ISIC_0033305.jpg,isic_0033305,2,815454c226da1a7355f31710bda1a53290e7f50904e53ddfe520f0712406aeec,5546,2
C:\SRS(ISIC_2019)\Dataset\BKL\ISIC_0033307.jpg,isic_0033307,2,e1666760b6cfc8f3010496b55b056d69745414b4daffc5807feaedbf3fdd11ac,5548,2
C:\SRS(ISIC_2019)\Dataset\BKL\ISIC_0033379.jpg,isic_0033379,2,2b6478e9c80bcf9b65e46b32c9800a7a114e3a9fdefb11b27839c0c4c3402234,5553,2
C:\SRS(ISIC_2019)\Dataset\BKL\ISIC_0033397.jpg,isic_0033397,2,ba3ff4ebf6a012ae2146008875cb297f233686c7340ad6582d5a179e5e42f6b7,5555,2
C:\SRS(ISIC_2019)\Dataset\BKL\ISIC_0033401.jpg,isic_0033401,2,014474306e069212e1a2e76a0eda2c574b331d6af036999cd993b46dac62094b,5557,2
C:\SRS(ISIC_2019)\Dataset\BKL\ISIC_0033414.jpg,isic_0033414,2,079b791daaa7dd9faf55482cd788cfdc4b165925dcb812130f6ca29d310e9438,5559,2
C:\SRS(ISIC_2019)\Dataset\BKL\ISIC_0033438.jpg,isic_0033438,2,4e2362c667d7fdc4517c42d07526b6d3d81a261042df211c7d4bb708fa204fcd,5561,2
C:\SRS(ISIC_2019)\Dataset\BKL\ISIC_0033449.jpg,isic_0033449,2,c220585eebb0e649428eaadbd6f81e0ec00ba12d9e11d595e2ffe2c57be4804c,5563,2
C:\SRS(ISIC_2019)\Dataset\BKL\ISIC_0033486.jpg,isic_0033486,2,8dfd1c5432dc2cd3ca363f5943854631aa832ebbef475e1f2ee5afb2adcbbd8f,5570,2
C:\SRS(ISIC_2019)\Dataset\BKL\ISIC_0033505.jpg,isic_0033505,2,f5663e8dcdd6be5b144a7bfd04f72a9c67dfcac106d1667e82f671884c09e48f,5574,2
C:\SRS(ISIC_2019)\Dataset\BKL\ISIC_0033523.jpg,isic_0033523,2,3433600ca5e7128b41356c8e353ebbdfec5b3d1df7103a8f72b98fabc89774f6,5577,2
C:\SRS(ISIC_2019)\Dataset\BKL\ISIC_0033592.jpg,isic_0033592,2,8d27245e04859e43e8baa979d4bc313b8381c332d795ce3452d46a232a5c0773,5588,2
C:\SRS(ISIC_2019)\Dataset\BKL\ISIC_0033631.jpg,isic_0033631,2,880e4414c94626c2a59917312e5848063b26ebba15d1945cf8374f3c742cadb4,5594,2
C:\SRS(ISIC_2019)\Dataset\BKL\ISIC_0033716.jpg,isic_0033716,2,dc763bdb149241aff8fdb7c928b82ef8b3dad4d178f6fdf324f7208e0d2c3b47,5607,2
C:\SRS(ISIC_2019)\Dataset\BKL\ISIC_0033828.jpg,isic_0033828,2,25a7bf4d522bf40551941cc866c7eea52f4472b44a7bccd0436633c06c512fb5,5622,2
C:\SRS(ISIC_2019)\Dataset\BKL\ISIC_0033913.jpg,isic_0033913,2,9712933dd830832bfeaa9e4d8dbdb9369ea4ac5e005221f78165868a45744618,5634,2
C:\SRS(ISIC_2019)\Dataset\BKL\ISIC_0033924.jpg,isic_0033924,2,bc567bae44042ee69d1031b8a5e146b04ffcb56d20f17d4c1c536b89fb2db69e,5635,2
C:\SRS(ISIC_2019)\Dataset\BKL\ISIC_0034037.jpg,isic_0034037,2,8d856f303d3077aed97275ecf758c0575b3895ba88d61418607982cbfdd39593,5646,2
C:\SRS(ISIC_2019)\Dataset\BKL\ISIC_0034040.jpg,isic_0034040,2,1d65b597ee7911f65378819a160155d01a9d0dd528d509ed06ab65ff3cbd6e1e,5647,2
C:\SRS(ISIC_2019)\Dataset\BKL\ISIC_0034201.jpg,isic_0034201,2,5c409ec639510f7965e9a529a1b0d7584f55663d9a870acae21cec06853e0bf0,5664,2
C:\SRS(ISIC_2019)\Dataset\BKL\ISIC_0053627.jpg,isic_0053627,2,8af8125dfd1c2045dbf58aaa590d1b1342e840a006db40c5b7f368dd88fafb03,5684,2
C:\SRS(ISIC_2019)\Dataset\BKL\ISIC_0054128.jpg,isic_0054128,2,9a3b01092f39d9128e152a91cad7a732485ad2a7afb56da69030e1cdae73dfb8,5706,2
C:\SRS(ISIC_2019)\Dataset\BKL\ISIC_0054257.jpg,isic_0054257,2,41226f3c4d576c11e336961ecd19811fdfd0ca148642f1f57f68191855bd8c30,5712,2
C:\SRS(ISIC_2019)\Dataset\BKL\ISIC_0054419.jpg,isic_0054419,2,8a245db5b175fb1e9866be0aa42fe00f726352a8d9c43e1a898a9c1f71a35321,5722,2
C:\SRS(ISIC_2019)\Dataset\BKL\ISIC_0054632.jpg,isic_0054632,2,38da03cdc9cb563022bbe86c7217af5f6d3a6bf35aa54ebf128f7ac02d30c439,5727,2
C:\SRS(ISIC_2019)\Dataset\BKL\ISIC_0054708.jpg,isic_0054708,2,e570a4bd27f1454c1a6bb972265b8ef6d331b51b1efb8937da58e4d64c69b4ea,5730,2
C:\SRS(ISIC_2019)\Dataset\BKL\ISIC_0054780.jpg,isic_0054780,2,7589bd70b5cd45e80c1d80ceb7007cd98c5be85e1b768abd6dbdc07ee5c923ab,5737,2
C:\SRS(ISIC_2019)\Dataset\BKL\ISIC_0054804.jpg,isic_0054804,2,c2e0bf84e21c711ff2380f8f628c6eb602f652e5a960673096b629470c65dfa1,5738,2
C:\SRS(ISIC_2019)\Dataset\BKL\ISIC_0054855.jpg,isic_0054855,2,a91a3b08f85f7150980eb25f7a99f99b2910eacfa9f1c96e0422dd1c4e489f89,5742,2
C:\SRS(ISIC_2019)\Dataset\BKL\ISIC_0054907.jpg,isic_0054907,2,09ca255329c1777763133e645ea28d9dde3633edaf2370ffa1325d8699c359e3,5747,2
C:\SRS(ISIC_2019)\Dataset\BKL\ISIC_0054911.jpg,isic_0054911,2,7aa1055a4e69878259d8e4fcd950317f7dffbc9d2ae084d3988584033eef8367,6183,2
C:\SRS(ISIC_2019)\Dataset\BKL\ISIC_0055097.jpg,isic_0055097,2,084d4f2e847e191237fbc922f475ac6a4af7a34df913badf67af1dbb93b142b0,5757,2
C:\SRS(ISIC_2019)\Dataset\BKL\ISIC_0055292.jpg,isic_0055292,2,b52671001729b8e08d7ba624cbadf83a52898d033d0ff7e1c4cf312645eff90e,5771,2
C:\SRS(ISIC_2019)\Dataset\BKL\ISIC_0055514.jpg,isic_0055514,2,d48998f4ff75411b093d9a4d8afd3e54b8bab47d3c927ec0d38d4d5093731bfb,5781,2
C:\SRS(ISIC_2019)\Dataset\BKL\ISIC_0055839.jpg,isic_0055839,2,70642834e7c507019da949adf61bdc8030a862218ad59a2822b69b7bb6c67b92,5797,2
C:\SRS(ISIC_2019)\Dataset\BKL\ISIC_0055973.jpg,isic_0055973,2,da77a89df9a0986f92ba70761202708be032eaf2cf636adcf8c5e694ae48b985,5802,2
C:\SRS(ISIC_2019)\Dataset\BKL\ISIC_0055988.jpg,isic_0055988,2,52810bf356ddf9f95c35ce80e5778e132762c127f249ee02df7e8fd31a811edf,5804,2
C:\SRS(ISIC_2019)\Dataset\BKL\ISIC_0056053.jpg,isic_0056053,2,040645b4441208448b1993a87d1489512885db674b299078e8b0f3040c95b0a8,5806,2
C:\SRS(ISIC_2019)\Dataset\BKL\ISIC_0056179.jpg,isic_0056179,2,694b8401c411593846365e255aed44ec3bc518a312a039a115cad123b25e163f,5813,2
C:\SRS(ISIC_2019)\Dataset\BKL\ISIC_0056240.jpg,isic_0056240,2,a9b9b0b697c5179cd7303ed0838808a80f9cb3006d18aef18386a0cda0cbd316,5816,2
C:\SRS(ISIC_2019)\Dataset\BKL\ISIC_0056241.jpg,isic_0056241,2,698413f9b924464ee8f296f9e47ecbff51d2b1489bd5aa22eefa0df9fc67d4c8,5817,2
C:\SRS(ISIC_2019)\Dataset\BKL\ISIC_0056312.jpg,isic_0056312,2,ea1148c9f4d768318c7065ba6138fa87d7fd196c96abb95a1e781ec0880ed73d,5819,2
C:\SRS(ISIC_2019)\Dataset\BKL\ISIC_0056432.jpg,isic_0056432,2,7323ec21157c18e63f608a2d1729fe902f949b41003a1b1f2f42a6aab0a64144,5823,2
C:\SRS(ISIC_2019)\Dataset\BKL\ISIC_0056456.jpg,isic_0056456,2,b9e21a951a63129c6d475952b1e25ebbeb444c8273d6afa909b5b804d7f57fc8,5825,2
C:\SRS(ISIC_2019)\Dataset\BKL\ISIC_0056515.jpg,isic_0056515,2,14226c6451441af16d0285e64f81acb6f1017c2a1b9e22b4f55cd4255f445663,5828,2
C:\SRS(ISIC_2019)\Dataset\BKL\ISIC_0056564.jpg,isic_0056564,2,30fcf2283f3235c7d82dc6462b9bbec5250ffb3bca45d03432b0bcdfec9952e8,5835,2
C:\SRS(ISIC_2019)\Dataset\BKL\ISIC_0056687.jpg,isic_0056687,2,f4f502c45ac6acd8b6f86a5ee717c3c8ca8e17d993e9e04f6e7424b95b66a2e9,5843,2
C:\SRS(ISIC_2019)\Dataset\BKL\ISIC_0056854.jpg,isic_0056854,2,fcfff193f983b65b4dae093c542c8f1b538ffcd63282f526b015a094f2b8f480,5856,2
C:\SRS(ISIC_2019)\Dataset\BKL\ISIC_0056909.jpg,isic_0056909,2,403a50d0dd1306f55695006531844bec33bafda539444214b0bdf74e66e6c8af,5861,2
C:\SRS(ISIC_2019)\Dataset\BKL\ISIC_0057368.jpg,isic_0057368,2,508959489eacaa263f1b793ca5fd8dabbe38643476aa76a294a2d53877c2c4e1,5887,2
C:\SRS(ISIC_2019)\Dataset\BKL\ISIC_0057576.jpg,isic_0057576,2,fe44cd3e26cae1a774e22767d2d53296d1ff47debf7ae4d03f89da0fe34df32e,5894,2
C:\SRS(ISIC_2019)\Dataset\BKL\ISIC_0057640.jpg,isic_0057640,2,30fb9259a752c1fefe3d6b2b9a102d92e168b4840521433b9e2d80058a233517,5898,2
C:\SRS(ISIC_2019)\Dataset\BKL\ISIC_0057794.jpg,isic_0057794,2,3da3a0ea2d86a2e7c6b2e043f6ec317164f1a6f6f4801a0c6d5d163a6ed7408d,5904,2
C:\SRS(ISIC_2019)\Dataset\BKL\ISIC_0057819.jpg,isic_0057819,2,6826810a17f9ecee327380f20d28028d5bac250915cd718fd840bf37d3f97774,5906,2
C:\SRS(ISIC_2019)\Dataset\BKL\ISIC_0057834.jpg,isic_0057834,2,2b65cdf9264cb39ed770b3190e5ed33c13a1b77ff47792bd34cb332b641efc4c,5907,2
C:\SRS(ISIC_2019)\Dataset\BKL\ISIC_0058041.jpg,isic_0058041,2,d5cd008007664fad26fadfc5fc89776c80a95abeeb80575e04169e797a12ae08,5916,2
C:\SRS(ISIC_2019)\Dataset\BKL\ISIC_0058080.jpg,isic_0058080,2,fd4cdeb12f805df02d05488ef05cfce9684c1dbb7993b53c5034aa07c82fb103,5919,2
C:\SRS(ISIC_2019)\Dataset\BKL\ISIC_0058101.jpg,isic_0058101,2,d62a037527d5fb3ea5e9ee6a5d2de55b20ea086525d21ae4fb5d251aa2d7deae,5920,2
C:\SRS(ISIC_2019)\Dataset\BKL\ISIC_0058269.jpg,isic_0058269,2,c1cb2772942dad71ac99219718ffd4329e82bcbaef535d28b748f906c3c72ff9,5933,2
C:\SRS(ISIC_2019)\Dataset\BKL\ISIC_0058449.jpg,isic_0058449,2,6d5092bf13eb027883354b25dbd4980a59556ccbc8f13ffdf0cc73a449a44182,5944,2
C:\SRS(ISIC_2019)\Dataset\BKL\ISIC_0058589.jpg,isic_0058589,2,7d306bea98d26978455330cfdcccea1dcc75013c5b9d56f29eff584b2caf6ed2,5955,2
C:\SRS(ISIC_2019)\Dataset\BKL\ISIC_0058684.jpg,isic_0058684,2,d492aa776657b0131694cee5fe4f9c968612aea612715ba6791e687e291e4e16,5958,2
C:\SRS(ISIC_2019)\Dataset\BKL\ISIC_0058821.jpg,isic_0058821,2,03faa9087f7646065bb78308d0579c9f2fe8502f99c3358adafb709a3653c337,5964,2
C:\SRS(ISIC_2019)\Dataset\BKL\ISIC_0058944.jpg,isic_0058944,2,b70fed8d898c6cc94d99873052456645c1026c0e7b6a6727a7a215ae9de13b9c,5975,2
C:\SRS(ISIC_2019)\Dataset\BKL\ISIC_0058974.jpg,isic_0058974,2,ff28ce27c178dba79ddc168320fc07fa6b36ec1a2c89e4738ef0a2c0d9349b4c,5976,2
C:\SRS(ISIC_2019)\Dataset\BKL\ISIC_0059022.jpg,isic_0059022,2,de8be1373cab3b5bc927e2f159ffb6cf05383e8234a819e64a05d69621e33eff,5979,2
C:\SRS(ISIC_2019)\Dataset\BKL\ISIC_0059155.jpg,isic_0059155,2,1238f550a3af0b58275b9f2c2ee3689928e12fe34de4c8fa8ef5dacbd6ddc81e,5989,2
C:\SRS(ISIC_2019)\Dataset\BKL\ISIC_0059381.jpg,isic_0059381,2,aa0c465284a383387ff729d9c8cf2e3facb741a2a3544232691439416894d4df,5999,2
C:\SRS(ISIC_2019)\Dataset\BKL\ISIC_0059383.jpg,isic_0059383,2,23a27737d861c0db0218bd6d8a209539141c9590b862717b8216a383151bd00f,6000,2
C:\SRS(ISIC_2019)\Dataset\BKL\ISIC_0059455.jpg,isic_0059455,2,a53759c08aeadb54e18ec2c2e2d9ca9f3dd63ba021f71204bdbf58837775a7bf,6001,2
C:\SRS(ISIC_2019)\Dataset\BKL\ISIC_0059460.jpg,isic_0059460,2,c2886b0f8122901523bc6ffabc8c2da24c8e9db905809107686b0f486e33cc98,6002,2
C:\SRS(ISIC_2019)\Dataset\BKL\ISIC_0059564.jpg,isic_0059564,2,1a52479bca04b9566a7f93c26135a0f9bc217f34b2f70d238a5120da58adb6d8,6008,2
C:\SRS(ISIC_2019)\Dataset\BKL\ISIC_0059616.jpg,isic_0059616,2,9f2981fdb8c85f2abc7bb2a8eefd6eabc54e678f6d87cf33e57c7a7dc43f0d6d,6011,2
C:\SRS(ISIC_2019)\Dataset\BKL\ISIC_0059695.jpg,isic_0059695,2,fbf659db0ee2d493febfc095d1b63aa79f12d7dc553e5a18492e03a44a9fb572,6019,2
C:\SRS(ISIC_2019)\Dataset\BKL\ISIC_0060210.jpg,isic_0060210,2,57d58d8b1b2278e2a940774714e2bfd78b2fdab906d3d681830f65db04cc53c6,6039,2
C:\SRS(ISIC_2019)\Dataset\BKL\ISIC_0060217.jpg,isic_0060217,2,f956768cd47355761e0954e13da030888ab4b6f620db4926d6dc565091a03a08,6040,2
C:\SRS(ISIC_2019)\Dataset\BKL\ISIC_0060282.jpg,isic_0060282,2,4a98e3b148f8b7302282ff3b9bc869d4966e971a07db5c1185104701508439f2,6045,2
C:\SRS(ISIC_2019)\Dataset\BKL\ISIC_0060464.jpg,isic_0060464,2,a4766732962c15bbb6ba09cad8e3fb4a75b768387056a55290dc6dc21adce5e4,6052,2
C:\SRS(ISIC_2019)\Dataset\BKL\ISIC_0060704.jpg,isic_0060704,2,5ea298f0775e345e2578302dd74dc1b9f2033e2855aefe73266a405158cedf65,6072,2
C:\SRS(ISIC_2019)\Dataset\BKL\ISIC_0060797.jpg,isic_0060797,2,038c3ef4392d83afa4144a65aed95305b9d5d6b4f820391547d8a3e56307735f,6076,2
C:\SRS(ISIC_2019)\Dataset\BKL\ISIC_0060833.jpg,isic_0060833,2,b87a61944f4a224fca62f87e016aaae481fbb9b462efe89b8879cd3b51e863c9,6080,2
C:\SRS(ISIC_2019)\Dataset\BKL\ISIC_0060920.jpg,isic_0060920,2,257269a41d7aa93ce4e3deba3fd4ec48525940cfceb766c31d72d21a51e13fa5,6088,2
C:\SRS(ISIC_2019)\Dataset\BKL\ISIC_0060933.jpg,isic_0060933,2,ca486ac2981cbb5390eca013e55854c10fcf1ba33003de48bd20525f2dff60f1,6091,2
C:\SRS(ISIC_2019)\Dataset\BKL\ISIC_0061063.jpg,isic_0061063,2,526e38c38b239af6251392a3cd3246368b0f92bc9924c03caa0dc0fd1ecd5b79,6095,2
C:\SRS(ISIC_2019)\Dataset\BKL\ISIC_0061069.jpg,isic_0061069,2,6a7af301c6a5cddefcf352dbb19113cb6ba048f28e8f75c10ab4c0a7a9e76754,6096,2
C:\SRS(ISIC_2019)\Dataset\BKL\ISIC_0061168.jpg,isic_0061168,2,e14ffd6cf79ef95e7de7d5aadd3766f3b9bb9894663b0d8a04a8fe9ab972d934,6102,2
C:\SRS(ISIC_2019)\Dataset\BKL\ISIC_0061171.jpg,isic_0061171,2,1cb65596046b1fd8df1350a3aac40346adaabbba743520f8c374ea0a4e2590a7,6103,2
C:\SRS(ISIC_2019)\Dataset\BKL\ISIC_0061423.jpg,isic_0061423,2,621ef6744adb06fe66261892a690446a634e9426e9f1e645a364f19b79be373f,6117,2
C:\SRS(ISIC_2019)\Dataset\BKL\ISIC_0061426.jpg,isic_0061426,2,ab3e5f6258dc814f8a66e72f6fc924ab718ec3aa5fa450c4b21ea4e5e106f6aa,6118,2
C:\SRS(ISIC_2019)\Dataset\BKL\ISIC_0061526.jpg,isic_0061526,2,526288dc0cf4e121a2bbeff72cb0c3d531800dff16bdbfb333a01c0193a43deb,6122,2
C:\SRS(ISIC_2019)\Dataset\BKL\ISIC_0061688.jpg,isic_0061688,2,1672eef430ffdda725cdec8977ddf523f4e8f2a60c0ac069a5e9273aa50f7119,6132,2
C:\SRS(ISIC_2019)\Dataset\BKL\ISIC_0061978.jpg,isic_0061978,2,d02422efefaea124a747a8ffc28cc23eca9fe75b04914e95ea656fc5e273ce44,6155,2
C:\SRS(ISIC_2019)\Dataset\BKL\ISIC_0061985.jpg,isic_0061985,2,fb3df24720b8b742ffda11f3bdc4a73836ce31d55323e9c2a9260b826d99b34a,6157,2
C:\SRS(ISIC_2019)\Dataset\BKL\ISIC_0062055.jpg,isic_0062055,2,1475e6c63e75c3b00da1076e734d37c549852b05954fc9a3a16074ff5476d13e,6164,2
C:\SRS(ISIC_2019)\Dataset\BKL\ISIC_0062066.jpg,isic_0062066,2,1cedfe665877bafa196d9f406d3040714d47fe2539100518d3cf03fa1c16fdba,6165,2
C:\SRS(ISIC_2019)\Dataset\BKL\ISIC_0062368.jpg,isic_0062368,2,7aa1055a4e69878259d8e4fcd950317f7dffbc9d2ae084d3988584033eef8367,6183,2
C:\SRS(ISIC_2019)\Dataset\BKL\ISIC_0062379.jpg,isic_0062379,2,5462f46302d71d6749a4a5a6500d9a75bb10a71eb2e0b3955d0c7f2ec0c2578a,6187,2
C:\SRS(ISIC_2019)\Dataset\BKL\ISIC_0062574.jpg,isic_0062574,2,4461724df739ce25c4e11ae61ee08d104a558834f2d597e19f2a75dfd59580e0,6196,2
C:\SRS(ISIC_2019)\Dataset\BKL\ISIC_0062754.jpg,isic_0062754,2,b6de42f2449de50392cac2d65482cd52437fd871f74354d0759b26b4fa30905c,6208,2
C:\SRS(ISIC_2019)\Dataset\BKL\ISIC_0062823.jpg,isic_0062823,2,0701d9be086da563fb6b32d99e72ad12f8da66733f0df9d9449ca30a0314b5af,6212,2
C:\SRS(ISIC_2019)\Dataset\BKL\ISIC_0063136.jpg,isic_0063136,2,df75425c202552bc113b61eeceda1468b66149ae6faa956b972fc5d64eb4e215,6229,2
C:\SRS(ISIC_2019)\Dataset\BKL\ISIC_0063272.jpg,isic_0063272,2,2b0133d579d321dc13fc3efa8f51ad84286a265e220fadabe891c02935b9a8c2,6236,2
C:\SRS(ISIC_2019)\Dataset\BKL\ISIC_0063304.jpg,isic_0063304,2,769f0b4d80dd1f01edcca77635053767fa50b43047d4b347c5a99dc443dfed03,6286,2
C:\SRS(ISIC_2019)\Dataset\BKL\ISIC_0063317.jpg,isic_0063317,2,8ec741fc9794ba94324d9c4f14afde595af43615e6da4b1c3acb6fa934668dad,6239,2
C:\SRS(ISIC_2019)\Dataset\BKL\ISIC_0063398.jpg,isic_0063398,2,f19228d6e2d29cb20b59c4703a915dff1011badd0d3f3a63e60c757a49defd68,6244,2
C:\SRS(ISIC_2019)\Dataset\BKL\ISIC_0063510.jpg,isic_0063510,2,01658425ec8114d30f7e568eb76506f84c807bc27a1e3b529c248f0f5ac32f76,6247,2
C:\SRS(ISIC_2019)\Dataset\BKL\ISIC_0063635.jpg,isic_0063635,2,dda12bff7561823c02f410aee6b44a1115ea55ccdfed90ac206b2b0ef4edbb5c,6251,2
C:\SRS(ISIC_2019)\Dataset\BKL\ISIC_0063646.jpg,isic_0063646,2,f26dc0fb43af0c2acc4129cb5a88554e9225cdaaeef5c2d58a25bdde7dc3a103,6252,2
C:\SRS(ISIC_2019)\Dataset\BKL\ISIC_0063716.jpg,isic_0063716,2,36d4352189badb1909bba152dbc225fba935073086527d764c9745b9c615e9d2,6254,2
C:\SRS(ISIC_2019)\Dataset\BKL\ISIC_0063740.jpg,isic_0063740,2,4636fb5d20ba4d5be5b271069302eca452c8de956378d190ec5be548b40c335d,6260,2
C:\SRS(ISIC_2019)\Dataset\BKL\ISIC_0063888.jpg,isic_0063888,2,03a377fb89021e4efca7d0cf67cf42ce0a9bca1ea35e934e9156759fac73f813,6272,2
C:\SRS(ISIC_2019)\Dataset\BKL\ISIC_0064225.jpg,isic_0064225,2,9b97b9ac66a5a5d1264e83b41103113f388f4e289806f505ae3add9ec1e523e0,6283,2
C:\SRS(ISIC_2019)\Dataset\BKL\ISIC_0064285.jpg,isic_0064285,2,769f0b4d80dd1f01edcca77635053767fa50b43047d4b347c5a99dc443dfed03,6286,2
C:\SRS(ISIC_2019)\Dataset\BKL\ISIC_0064301.jpg,isic_0064301,2,0a9be8b79a65adbc23c8bac610692cc03bb3cece55ab81ea62e93271784daa7b,6287,2
C:\SRS(ISIC_2019)\Dataset\BKL\ISIC_0064378.jpg,isic_0064378,2,8cfb6becd4999cef9cdd4516d192d37a92ac1c833e65d00f120a4be6bfc7baaf,6289,2
C:\SRS(ISIC_2019)\Dataset\BKL\ISIC_0064405.jpg,isic_0064405,2,a537fdc5b72f2aeb421640e0ead33199613e3c44ccc94480fc84d7c082ca17f1,6292,2
C:\SRS(ISIC_2019)\Dataset\BKL\ISIC_0064518.jpg,isic_0064518,2,0680da1b277e43ae34290694e76da5831a81eecc6d7c8248f3587ff2318f89a5,6299,2
C:\SRS(ISIC_2019)\Dataset\BKL\ISIC_0064687.jpg,isic_0064687,2,a0e9cce22a70769d2e8d74ac2e3a16719f75d85b3c5521b15483c3d8d32eea30,6306,2
C:\SRS(ISIC_2019)\Dataset\BKL\ISIC_0064810.jpg,isic_0064810,2,690f332207f417cb52c85bde69b5bc2f11cf10759c00cdf84b30a34928a6f331,6318,2
C:\SRS(ISIC_2019)\Dataset\BKL\ISIC_0064826.jpg,isic_0064826,2,68f2a33fcbf64f0492c418ed798aa9878c213bf47f9d7f954a40fc2490c0aee3,6321,2
C:\SRS(ISIC_2019)\Dataset\BKL\ISIC_0064883.jpg,isic_0064883,2,b7c1492a54b5f3aab897ea3628cd7505e1187d79fd9fa9ed3eba5ef1a77fbacd,6322,2
C:\SRS(ISIC_2019)\Dataset\BKL\ISIC_0064915.jpg,isic_0064915,2,e01d39869bd17bf90a293cfa8095c5b29a1d5e762719469240f8cc011eec9c50,6326,2
C:\SRS(ISIC_2019)\Dataset\BKL\ISIC_0065003.jpg,isic_0065003,2,72c48a5e979587397822365b850227d5105df53e7c75b888c385124c9cd9eee5,6329,2
C:\SRS(ISIC_2019)\Dataset\BKL\ISIC_0065291.jpg,isic_0065291,2,a856ca781feca2aac1fcbe3b586e9bad43f1891950abf2bfa077a31b17a58942,6340,2
C:\SRS(ISIC_2019)\Dataset\BKL\ISIC_0065415.jpg,isic_0065415,2,559d0223dfb80f181eba9f5b49391373b5018e7cff7a36129b30fa7b3310045b,6352,2
C:\SRS(ISIC_2019)\Dataset\BKL\ISIC_0065569.jpg,isic_0065569,2,22362df65bc8b01f85207b32be0fe2edb7f4949a077f5e64e394281c5797824c,6356,2
C:\SRS(ISIC_2019)\Dataset\BKL\ISIC_0065588.jpg,isic_0065588,2,8d0e36551e5275fe04c3dfd5c870c53bcd46d1a0f0ccb70fa96e43f4c0e401e8,6361,2
C:\SRS(ISIC_2019)\Dataset\BKL\ISIC_0065629.jpg,isic_0065629,2,41a21cc578c22b5fd75ac54a24b0fc83621349f4931cc353e93356a07cb222f4,6358,2
C:\SRS(ISIC_2019)\Dataset\BKL\ISIC_0065639.jpg,isic_0065639,2,8d0e36551e5275fe04c3dfd5c870c53bcd46d1a0f0ccb70fa96e43f4c0e401e8,6361,2
C:\SRS(ISIC_2019)\Dataset\BKL\ISIC_0065678.jpg,isic_0065678,2,3bea337465874470d7e3b1f2a88f0add7d21a01dde48ff46746cad8e5443fffa,6364,2
C:\SRS(ISIC_2019)\Dataset\BKL\ISIC_0065744.jpg,isic_0065744,2,39a5b9de3d7450961069459c63947e967a71f1425d1797d621d0203810602a95,6367,2
C:\SRS(ISIC_2019)\Dataset\BKL\ISIC_0065828.jpg,isic_0065828,2,cbe498c8a6d4749b39028449edf050f03d96fa779ef0010b7a797d50ec1f1131,6375,2
C:\SRS(ISIC_2019)\Dataset\BKL\ISIC_0065887.jpg,isic_0065887,2,b1056fe361b455c70a69098397b12f066c6d1e78af26970ea5b164d2b2611f02,6381,2
C:\SRS(ISIC_2019)\Dataset\BKL\ISIC_0066013.jpg,isic_0066013,2,7979f4039e045b80c821adad9132a2e53d6cc0e5fc957890a454b6c917478bd9,6391,2
C:\SRS(ISIC_2019)\Dataset\BKL\ISIC_0066089.jpg,isic_0066089,2,6d2b3a5100bab2212de9bbd26b29c367562295fb57e878c8d58cdd74aa125415,6395,2
C:\SRS(ISIC_2019)\Dataset\BKL\ISIC_0066264.jpg,isic_0066264,2,00c28f340c02d0b0fcc2e675425c7a8b36848df8a7e4f301cf0d6365875e629f,6407,2
C:\SRS(ISIC_2019)\Dataset\BKL\ISIC_0066618.jpg,isic_0066618,2,6df7fa2ce917ade4fd9aad4a1b16e9849da89a3e500b528a0255621f71f30ace,6422,2
C:\SRS(ISIC_2019)\Dataset\BKL\ISIC_0066646.jpg,isic_0066646,2,7675adb7d0cf279e3c3480d3225bb5a7659d7249ae31dac2f43bcea9e761bf44,6424,2
C:\SRS(ISIC_2019)\Dataset\BKL\ISIC_0066679.jpg,isic_0066679,2,23977ee355be3bb5024394004e3c6cd4451e3473bb5692a182549a6b7f3d6753,6426,2
C:\SRS(ISIC_2019)\Dataset\BKL\ISIC_0066706.jpg,isic_0066706,2,84d897605c78a7284babdcd02c14181be6f72bcbb6d17d8598311436e8cdc994,6428,2
C:\SRS(ISIC_2019)\Dataset\BKL\ISIC_0066773.jpg,isic_0066773,2,c8eacec0fe6933361e449c7389db711a657fc4f571e8a7e11de5c5947a83e6d1,6434,2
C:\SRS(ISIC_2019)\Dataset\BKL\ISIC_0066828.jpg,isic_0066828,2,5d40bdddd2aa243be10ee75ac4c81c7f88de070b167a6f0f85812584ebe730f5,6438,2
C:\SRS(ISIC_2019)\Dataset\BKL\ISIC_0066872.jpg,isic_0066872,2,127cd175c459d0434c48db607d00d927a172d9b8d7cb77ffd3fd64b992f75f84,6440,2
C:\SRS(ISIC_2019)\Dataset\BKL\ISIC_0066920.jpg,isic_0066920,2,6f61f1945e640db1fd21913259e2b96cafe76def2407edcb4f4af64ef67d0089,6444,2
C:\SRS(ISIC_2019)\Dataset\BKL\ISIC_0066945.jpg,isic_0066945,2,a28e8a437d645bfeddf7350027fd096af7a23f6be3817cbf3fe69aa0793605e9,6446,2
C:\SRS(ISIC_2019)\Dataset\BKL\ISIC_0066946.jpg,isic_0066946,2,2bd493a1055aae1aa43650e8e2306826ca753d71bdb7a4f119875cd8279e3ae0,6447,2
C:\SRS(ISIC_2019)\Dataset\BKL\ISIC_0067096.jpg,isic_0067096,2,a964e15f8b0a9dbfac967e8634a0b1c467260c8ab2860df632ad6c106ffb795e,6455,2
C:\SRS(ISIC_2019)\Dataset\BKL\ISIC_0067117.jpg,isic_0067117,2,48436473d850a57c47244a4028b18e330bcb1f4335e5075d67c2a6edebd8d37b,6457,2
C:\SRS(ISIC_2019)\Dataset\BKL\ISIC_0067125.jpg,isic_0067125,2,9f0c59ec5597efe6d6152b2fb4069c36e00820b0e26a41c1214231477aecd650,6458,2
C:\SRS(ISIC_2019)\Dataset\BKL\ISIC_0067501.jpg,isic_0067501,2,e4ee281a405ca086cbee704debfd513de5d6a89393da669114ab73dbee2f20e9,6469,2
C:\SRS(ISIC_2019)\Dataset\BKL\ISIC_0067546.jpg,isic_0067546,2,a90ff1ce81611dcdfde39817e579f00ab0721592c0e4a8ce0a8a29095914dd22,6470,2
C:\SRS(ISIC_2019)\Dataset\BKL\ISIC_0067559.jpg,isic_0067559,2,278aa908bf5592067029c101e58421bc8d617e2e90016f1013b460de8932a4dd,6472,2
C:\SRS(ISIC_2019)\Dataset\BKL\ISIC_0067627.jpg,isic_0067627,2,f13287589e37cd97d7dcc3e2b1ba018bfb03579a15e100a545fd5404267df432,6482,2
C:\SRS(ISIC_2019)\Dataset\BKL\ISIC_0067734.jpg,isic_0067734,2,b606058e8d4108d4870a31b42ee309c8dffb2e720e215a133494fbd3712be747,6488,2
C:\SRS(ISIC_2019)\Dataset\BKL\ISIC_0067740.jpg,isic_0067740,2,13bdf531109c1100a37d9fa6d508ba863185a90e57f2a2ed83f332c6dec4619a,6490,2
C:\SRS(ISIC_2019)\Dataset\BKL\ISIC_0068103.jpg,isic_0068103,2,2a2ce5d7b6d2ad0663f6a65045f2994ec651a597bb1d8e34068ebe37cabc7b50,6503,2
C:\SRS(ISIC_2019)\Dataset\BKL\ISIC_0068214.jpg,isic_0068214,2,058fdfe0319faa2c46ac0941aec70076202ae6b9d5d2a5f513298a8dcced47c2,6505,2
C:\SRS(ISIC_2019)\Dataset\BKL\ISIC_0068312.jpg,isic_0068312,2,3c57631e2f3339e541b1aea8d80e822478f2d06482906d16c39de48e1cda107e,6514,2
C:\SRS(ISIC_2019)\Dataset\BKL\ISIC_0068398.jpg,isic_0068398,2,a80e3c69ffdc9b25c1f459e1fac6664a224f3fb1ddcee5a83860cd599fdb0487,6519,2
C:\SRS(ISIC_2019)\Dataset\BKL\ISIC_0068521.jpg,isic_0068521,2,dd622ba7295401ed4a39b07a43ff92cf66f6e40fc85ae66c459de64e5a02ad81,6526,2
C:\SRS(ISIC_2019)\Dataset\BKL\ISIC_0068952.jpg,isic_0068952,2,9d44bc9920e798b736a6461e5b30d0c297c7de0ce88dac94e5842091a5c0deda,6541,2
C:\SRS(ISIC_2019)\Dataset\BKL\ISIC_0069010.jpg,isic_0069010,2,ff4a5bbaf5c546b1982dc36d6137e84782da67567437521dc829c04d1c3ea097,6544,2
C:\SRS(ISIC_2019)\Dataset\BKL\ISIC_0069145.jpg,isic_0069145,2,c84a2443da2a1492a1c9c4b4626a4124ab4afe13b20d3cdb72b595808f9ac277,6556,2
C:\SRS(ISIC_2019)\Dataset\BKL\ISIC_0069307.jpg,isic_0069307,2,73c7e21ff52d5a0f69de52326337c83eb6ff40dfa556ab721f415fa74842989f,6569,2
C:\SRS(ISIC_2019)\Dataset\BKL\ISIC_0069312.jpg,isic_0069312,2,39cb164a186b6b5d3bdd5dddeecb8c9088c3667f1fd08bf095884144e77bd5a0,6570,2
C:\SRS(ISIC_2019)\Dataset\BKL\ISIC_0069406.jpg,isic_0069406,2,3e1ff0cafaf1daa3d1617078cd2db38df821b19b8637e84330062e81e8d822be,6578,2
C:\SRS(ISIC_2019)\Dataset\BKL\ISIC_0069435.jpg,isic_0069435,2,4ec261f39e1f4fdaac4b82bfcbe7a6886921e757cbb104d23afc574289729d38,6580,2
C:\SRS(ISIC_2019)\Dataset\BKL\ISIC_0069454.jpg,isic_0069454,2,f20a452eb803ab152deca52d91e8032e26aa2d7f83f55233ae20ffc9dac7f349,6581,2
C:\SRS(ISIC_2019)\Dataset\BKL\ISIC_0069516.jpg,isic_0069516,2,cdf2feb4d350d7d6fa330d751bce78e7668592655f8c912c584ca58ce25883e2,6586,2
C:\SRS(ISIC_2019)\Dataset\BKL\ISIC_0069552.jpg,isic_0069552,2,50e8d56ec9ef1d11d7b7c12988894582c71318ada2a1c990a69c0aab04e04501,6587,2
C:\SRS(ISIC_2019)\Dataset\BKL\ISIC_0069642.jpg,isic_0069642,2,a0e18005b2733731990825a1d2ddeddabb52ca422b8ab138586dcc062a7b2ebf,6593,2
C:\SRS(ISIC_2019)\Dataset\BKL\ISIC_0069675.jpg,isic_0069675,2,dc82eac7f1a58f64d544ed0b988cff1eac3eed615d75086712ae51b0fce01f94,6598,2
C:\SRS(ISIC_2019)\Dataset\BKL\ISIC_0069682.jpg,isic_0069682,2,260d6731fd6f888417fb126dc076212f55dff7f41b6fc7ce8b035d8f586390f5,6599,2
C:\SRS(ISIC_2019)\Dataset\BKL\ISIC_0069768.jpg,isic_0069768,2,40326d4bbef49e09d1c62af7bed602acc58dcdd749452038bea418f77e3e201f,6604,2
C:\SRS(ISIC_2019)\Dataset\BKL\ISIC_0069806.jpg,isic_0069806,2,779f4b93371a708647e97bf59bd2abe4b17fe180578d94182a205f09f1a09fc8,6606,2
C:\SRS(ISIC_2019)\Dataset\BKL\ISIC_0069826.jpg,isic_0069826,2,e127a1f53492bd5247db493cb901488bac3342d0b6623868aa7a59f8b011d618,6607,2
C:\SRS(ISIC_2019)\Dataset\BKL\ISIC_0070073.jpg,isic_0070073,2,ee5b23f123681a2b8b03fe2dae258405ff4cf579a34cdd6db969e8a1c8298086,6622,2
C:\SRS(ISIC_2019)\Dataset\BKL\ISIC_0070082.jpg,isic_0070082,2,f073f94917873922988d460f645d48afd775acd9e7b2e5f2c28e04d5e57b90d7,6623,2
C:\SRS(ISIC_2019)\Dataset\BKL\ISIC_0070238.jpg,isic_0070238,2,46e73d3fdbdbf799cbf3caf564f2d6961fb20b2e828ec18dcbdde79c2ecd0194,6630,2
C:\SRS(ISIC_2019)\Dataset\BKL\ISIC_0070261.jpg,isic_0070261,2,cb3daafce5c6abe485642e21c9f85876d5c473616c9f34ec6aa2be8984697dd0,6633,2
C:\SRS(ISIC_2019)\Dataset\BKL\ISIC_0070467.jpg,isic_0070467,2,0ddadaa9f3292b8685bff034ad75e350e3f7168765fe2ae8a9e2c551bc8a62a7,6642,2
C:\SRS(ISIC_2019)\Dataset\BKL\ISIC_0070512.jpg,isic_0070512,2,a8bfd5ef73e43c7dd4605442dadd02bd29ccdce7eeb99cb1a72607319b0d70a4,6646,2
C:\SRS(ISIC_2019)\Dataset\BKL\ISIC_0070540.jpg,isic_0070540,2,da7d485ad409c68c8f7cf18fb25290d524f2d1b4dab249e5fb8df34b9eb93781,6647,2
C:\SRS(ISIC_2019)\Dataset\BKL\ISIC_0070575.jpg,isic_0070575,2,a4e4feb99772cf8d0be9ee96e52f22fc2da9f14298b653905fe91ebf8b16bae4,6649,2
C:\SRS(ISIC_2019)\Dataset\BKL\ISIC_0070589.jpg,isic_0070589,2,2eae52eebcf19ecb48efea667b61ff0af3d7968ad71b3ce8ba83fba0e3e02538,6650,2
C:\SRS(ISIC_2019)\Dataset\BKL\ISIC_0070646.jpg,isic_0070646,2,16628edd74e61e22fed5394d8fb2ddbebfc27eadfe1b07c7e273858d34abb03a,6655,2
C:\SRS(ISIC_2019)\Dataset\BKL\ISIC_0070683.jpg,isic_0070683,2,2613b88064e3351b40dd871f208a6777fefe494b3675210ab26cf25da6cdf032,6658,2
C:\SRS(ISIC_2019)\Dataset\BKL\ISIC_0070742.jpg,isic_0070742,2,849ca5cc84e7198a428530fee2dc4b39f5c8ce1837d56b7360de36911b7d9bba,6661,2
C:\SRS(ISIC_2019)\Dataset\BKL\ISIC_0070988.jpg,isic_0070988,2,95f7dbbf8d7dac4d7c50f291d19b93a8717f3a35a7a6f3648ce2ffb31aa0be38,6676,2
C:\SRS(ISIC_2019)\Dataset\BKL\ISIC_0071038.jpg,isic_0071038,2,bdd31bb555803b91c589652bbfde43821b352ab2acd557a2c734edcf50628ed8,6679,2
C:\SRS(ISIC_2019)\Dataset\BKL\ISIC_0071054.jpg,isic_0071054,2,71efc1101dbe7c7220cab92abec03c7861b76f2e77b71ead247b447c4149d34d,6681,2
C:\SRS(ISIC_2019)\Dataset\BKL\ISIC_0071076.jpg,isic_0071076,2,ff4234e9ec10ba32e02640deed31ea8544cccbcaced20eb41289f7064ae0920d,6683,2
C:\SRS(ISIC_2019)\Dataset\BKL\ISIC_0071090.jpg,isic_0071090,2,90aaf0dd06d2bf79df678fe7d7e72c7c6ff8af5c73451a949274d72e9d1cd962,6686,2
C:\SRS(ISIC_2019)\Dataset\BKL\ISIC_0071545.jpg,isic_0071545,2,43fce0867c5c8230db0bd01e7de7feea0a1d3cacb43a8b52dc7a66081d0cc76a,6713,2
C:\SRS(ISIC_2019)\Dataset\BKL\ISIC_0071615.jpg,isic_0071615,2,746af364dcdf8f0d93425a71484a2a3a5992ff6c697b33ef648b838d623e20d0,6715,2
C:\SRS(ISIC_2019)\Dataset\BKL\ISIC_0071638.jpg,isic_0071638,2,9b50a3c142a2b9e6a68f7f1b292a91e517babc18878d370128164f601789e5ea,6717,2
C:\SRS(ISIC_2019)\Dataset\BKL\ISIC_0071694.jpg,isic_0071694,2,c035cf52d6955c916edbbc6c1e428d8089ed0ec2ae740347e51c8f6dc45c0a06,6720,2
C:\SRS(ISIC_2019)\Dataset\BKL\ISIC_0071831.jpg,isic_0071831,2,d214d91f903b28b009a7ae67356ad550b59806f4849238d87d90b3bde5705217,6725,2
C:\SRS(ISIC_2019)\Dataset\BKL\ISIC_0071833.jpg,isic_0071833,2,d0eb2d3583ec2dc557c894e1f3144ce75f8db6b64ec20b9fcf24ddaffc7502a0,6726,2
C:\SRS(ISIC_2019)\Dataset\BKL\ISIC_0071902.jpg,isic_0071902,2,9fc6b07c5c168033101fe2e30392039eb4fd73954abfbeaff157c286d6e1e012,6730,2
C:\SRS(ISIC_2019)\Dataset\BKL\ISIC_0071978.jpg,isic_0071978,2,e9fc8b7d7eff286957a8d6b614fddc32a1f3165a0783ebf38291e49f0241f5f0,6734,2
C:\SRS(ISIC_2019)\Dataset\BKL\ISIC_0072153.jpg,isic_0072153,2,25a48ad29bba94b9575a8bd57b66d37a8b3edd5e73ed9732ccae0d1b39b36d4a,6747,2
C:\SRS(ISIC_2019)\Dataset\BKL\ISIC_0072224.jpg,isic_0072224,2,f55ef513e3e921acd8d29f79ac4c88494318a86e45584c2a5e5b2dd86a0df2e6,6750,2
C:\SRS(ISIC_2019)\Dataset\BKL\ISIC_0072262.jpg,isic_0072262,2,990941ebfe4912789f1586a922d704d6683905027fd3534d2e4d0460706b42a5,6752,2
C:\SRS(ISIC_2019)\Dataset\BKL\ISIC_0072322.jpg,isic_0072322,2,a228cb1193fac308a1746804217518096274700765629c4ab45b92cbff6e214e,6754,2
C:\SRS(ISIC_2019)\Dataset\BKL\ISIC_0072370.jpg,isic_0072370,2,cd2a92d817cf6d22c5f70d1bc1706c90ed1a21e64b916050734006f63b6e78ff,6757,2
C:\SRS(ISIC_2019)\Dataset\BKL\ISIC_0072436.jpg,isic_0072436,2,db9a4f6262954f290b1bc6159c2f77f2240d29e54dc67f7f57fa640e78fec6dc,6761,2
C:\SRS(ISIC_2019)\Dataset\BKL\ISIC_0072607.jpg,isic_0072607,2,3dc3bd1c42adf4e101a487c4546a04471a22df0ff5134f88071daef36fce47ab,6766,2
C:\SRS(ISIC_2019)\Dataset\BKL\ISIC_0072613.jpg,isic_0072613,2,10db69966d70dfcfe691b4e88c1aeffef0b1af5f4fb0878b3964c7195bb5a23a,6767,2
C:\SRS(ISIC_2019)\Dataset\BKL\ISIC_0072658.jpg,isic_0072658,2,6780892a5e0289755c00f08229a5639dd3ad3747294358a3beb30a5a198c9e5d,6770,2
C:\SRS(ISIC_2019)\Dataset\BKL\ISIC_0072895.jpg,isic_0072895,2,36d185cd4664175d1c10a47a2ef30a36a8a1fc5bc8d736331191ede7d22c81e9,6783,2
C:\SRS(ISIC_2019)\Dataset\BKL\ISIC_0072905.jpg,isic_0072905,2,8e195a1699b073972a6b9e26a6084a04998a318a901982e95619d28ff3324326,6787,2
C:\SRS(ISIC_2019)\Dataset\BKL\ISIC_0072928.jpg,isic_0072928,2,e0a43a20202e7216c10c79aab3ec5e006c1eb494e9fdcce4bd70e0f43b682437,6789,2
C:\SRS(ISIC_2019)\Dataset\BKL\ISIC_0073005.jpg,isic_0073005,2,3fbddaefc1681d9f5682e0ef64753404663858e454b8497f1f446cc438e41453,6792,2
C:\SRS(ISIC_2019)\Dataset\BKL\ISIC_0073099.jpg,isic_0073099,2,f078d12f292d96644d940f253a3913b497f6cbbcdf18ed4c94e672aee46bebd9,6800,2
C:\SRS(ISIC_2019)\Dataset\BKL\ISIC_0073104.jpg,isic_0073104,2,a8d3baee01153682a43910270eeba3256435060b7526369f0fe5ee22ae737dd2,6802,2
C:\SRS(ISIC_2019)\Dataset\BKL\ISIC_0073205.jpg,isic_0073205,2,bd868b9ac1c4817b8aa90b473e1f99755952c0e9298b980fcda789c87111ce9a,6809,2
C:\SRS(ISIC_2019)\Dataset\BKL\ISIC_0073235.jpg,isic_0073235,2,e6551909a5338e065bb5b96711c925b57c5b3a690f2c5ea8aa8d8844294d5038,6811,2
C:\SRS(ISIC_2019)\Dataset\BKL\ISIC_0073254.jpg,isic_0073254,2,8af548eb678eb10379131d93de6560da5c0afdc7f09fb37e88489100359473c7,6813,2
C:\SRS(ISIC_2019)\Dataset\DF\ISIC_0024318.jpg,isic_0024318,3,5385558c6c44a27dca3f12f33a7d982d577b07631ab0dfbe642f6f829cdfdf3b,6814,2
C:\SRS(ISIC_2019)\Dataset\DF\ISIC_0024553.jpg,isic_0024553,3,5966d3a6021d8022e157a251c2782d0400a3d8d8c19e46bdf9b0e3bbdde41571,6818,2
C:\SRS(ISIC_2019)\Dataset\DF\ISIC_0024994.jpg,isic_0024994,3,086d98bbad60a8f2762ca5dd84bf74d31836775b4735c0b6fc5e884df895a6f9,6821,2
C:\SRS(ISIC_2019)\Dataset\DF\ISIC_0025903.jpg,isic_0025903,3,976e8defe4159ecf636570342b4a5ec680b5afbc5ac4ecde1e4e6f8804fd454d,6832,2
C:\SRS(ISIC_2019)\Dataset\DF\ISIC_0026313.jpg,isic_0026313,3,f6db1d2667a7ca5ef6b3a974c4b01973a064d6f60e66f6fc23358f071eea5bfe,6837,2
C:\SRS(ISIC_2019)\Dataset\DF\ISIC_0027118.jpg,isic_0027118,3,24c212e8b25988eb4e6c8b28f04dea4d6e89069eda9597bd9abf17ccb0f1f0ad,6846,2
C:\SRS(ISIC_2019)\Dataset\DF\ISIC_0027598.jpg,isic_0027598,3,51f36c99d51a12d17a5068f1365a73563d546d045c2360bfea5836626dd5cf0c,6851,2
C:\SRS(ISIC_2019)\Dataset\DF\ISIC_0027613.jpg,isic_0027613,3,5edbaeec2dd1aa75980817b30e521d46e2fdd6ada98fe3e6ca45d0ae238f20c5,6852,2
C:\SRS(ISIC_2019)\Dataset\DF\ISIC_0027648.jpg,isic_0027648,3,c45aa8ac9b254cda64da3fbfd68cc36fce6441664091729f5eb0c0db99e298c1,6854,2
C:\SRS(ISIC_2019)\Dataset\DF\ISIC_0027727.jpg,isic_0027727,3,ba8783a32c1a3e3d2aaba32516b0175cd3e22f74b4ccf6151b3a3745a7a7ff11,6855,2
C:\SRS(ISIC_2019)\Dataset\DF\ISIC_0027745.jpg,isic_0027745,3,07e46f3411411e0e2f8108d5df9da90421b390d296877ca62755cc33c120c8cf,6856,2
C:\SRS(ISIC_2019)\Dataset\DF\ISIC_0028790.jpg,isic_0028790,3,ccbabce69a4205d9a22cde297da23c23085ce048996740ca499b299710232d92,6861,2
C:\SRS(ISIC_2019)\Dataset\DF\ISIC_0029039.jpg,isic_0029039,3,956ed30d44ec5121562d9da7e6974e1025d96ac4ec2101bdd35204d684f790cf,6864,2
C:\SRS(ISIC_2019)\Dataset\DF\ISIC_0029248.jpg,isic_0029248,3,b2b6db34e00d75394368837d5af00ba28022e4d5a47f352c5b76e7cc25bb516c,6868,2
C:\SRS(ISIC_2019)\Dataset\DF\ISIC_0031002.jpg,isic_0031002,3,fcb7ed08569dc2eafb53ff72cfaf6280d24cc8f96dbe87d736ef7c6116b1f79b,6891,2
C:\SRS(ISIC_2019)\Dataset\DF\ISIC_0031372.jpg,isic_0031372,3,de306d22bb04773a9e0a0705a3a831d95765b00944ac72abb8b4b06f4e73f01a,6898,2
C:\SRS(ISIC_2019)\Dataset\DF\ISIC_0031799.jpg,isic_0031799,3,b3943dae0c371010c27ae943e7a39e36abd0d32f41bea9c74ba31e50b1183cc6,6903,2
C:\SRS(ISIC_2019)\Dataset\DF\ISIC_0033422.jpg,isic_0033422,3,1c8837d1d60b738dc86e45cd641d41988eeb61cb738ef127c790afbba243132b,6915,2
C:\SRS(ISIC_2019)\Dataset\DF\ISIC_0033554.jpg,isic_0033554,3,2a6f555c1578a06c566a545dc5ad4fb9afde1d8f2ae7bc317e88acede7920fd2,6916,2
C:\SRS(ISIC_2019)\Dataset\DF\ISIC_0033790.jpg,isic_0033790,3,b6b10cb54ab18b4d221dbe4a51ab6dc29b2469c8f4795355445a99541675613e,6921,2
C:\SRS(ISIC_2019)\Dataset\DF\ISIC_0053519.jpg,isic_0053519,3,2ceebd25eb4641e9577ba5fd481760a578c608e0c78e378c80e354c40bafacdf,6929,2
C:\SRS(ISIC_2019)\Dataset\DF\ISIC_0053936.jpg,isic_0053936,3,f850ce75e30c824d2cb4dd65d549e8f791d604dfc6f528a4fd0248a6fc4451d7,6932,2
C:\SRS(ISIC_2019)\Dataset\DF\ISIC_0054702.jpg,isic_0054702,3,792b32fdc82bdacc9c7e3322f78ac8220d1cd6710a2025b5d27ac53549809cc5,6937,2
C:\SRS(ISIC_2019)\Dataset\DF\ISIC_0055258.jpg,isic_0055258,3,36f25b6994d6cd77a7e5f92ec0f8b973039e331389b9ab64735eb7f765611c46,6944,2
C:\SRS(ISIC_2019)\Dataset\DF\ISIC_0055308.jpg,isic_0055308,3,14c70c2b2737243b575cd9110adf96f5eaf15aa976f64a399a5f89d84051c691,6946,2
C:\SRS(ISIC_2019)\Dataset\DF\ISIC_0057236.jpg,isic_0057236,3,762d605c6444a170287f58df8b1f53c9b08e4f373dca7bad327e39a90b4a25c9,6953,2
C:\SRS(ISIC_2019)\Dataset\DF\ISIC_0058032.jpg,isic_0058032,3,d61d8c07968251a13986b9d71614cd61b16e23f55f0eaa62147e90b213c241bf,6958,2
C:\SRS(ISIC_2019)\Dataset\DF\ISIC_0059265.jpg,isic_0059265,3,557f7ab22c1ae16162ea452acad4e051e8e201f8759a3678b8ae794be60ec9f4,6966,2
C:\SRS(ISIC_2019)\Dataset\DF\ISIC_0059504.jpg,isic_0059504,3,33fb488d682319d812e3914f19e4f04a84bee2b3e703ed990cc550b73642ec96,6968,2
C:\SRS(ISIC_2019)\Dataset\DF\ISIC_0060024.jpg,isic_0060024,3,59bd83565ed98f719a7087f28588a112418622fa272f971be836c4e6a9696b0e,6969,2
C:\SRS(ISIC_2019)\Dataset\DF\ISIC_0060809.jpg,isic_0060809,3,0413bda7284ac858ce2f71d9d387b76a54e8b73cb43bc25ab14e3b06720f446e,6975,2
C:\SRS(ISIC_2019)\Dataset\DF\ISIC_0061904.jpg,isic_0061904,3,c576e3de666f33941c9135f81ff2e289b8af87c851175f0d586f41e1f0348dfd,6981,2
C:\SRS(ISIC_2019)\Dataset\DF\ISIC_0063605.jpg,isic_0063605,3,88904c5b351ec222ff0419fbbe4ada2a6898d10a7d211da2fe78a745de46da9d,6988,2
C:\SRS(ISIC_2019)\Dataset\DF\ISIC_0064029.jpg,isic_0064029,3,cbf598a28030b594af05c34fd625d7963a82ebc425880aaaef003ab026d30832,6992,2
C:\SRS(ISIC_2019)\Dataset\DF\ISIC_0065534.jpg,isic_0065534,3,05aaa3f3e0dd79b0123629e3a6a682c448a5a87fa88d6d5ddb9a497720e7bde1,6999,2
C:\SRS(ISIC_2019)\Dataset\DF\ISIC_0066413.jpg,isic_0066413,3,6c400b456c87973b3d7afeccc87b2e27a969aa9565d98a490d3df2eb34546729,7004,2
C:\SRS(ISIC_2019)\Dataset\DF\ISIC_0067414.jpg,isic_0067414,3,6806e254a243a44659499dff1593cfa832e47166f68e9396b42be014b866f325,7015,2
C:\SRS(ISIC_2019)\Dataset\DF\ISIC_0067480.jpg,isic_0067480,3,4992b9c2e3daeb2693bf3c90c2d1fa2662bc588203c3c77719ef4663ccc32ad2,7017,2
C:\SRS(ISIC_2019)\Dataset\DF\ISIC_0068803.jpg,isic_0068803,3,29f9454db8ab986efd70f9fc5e1a7febe2bbd88b322125b7cfebf21452b9825b,7023,2
C:\SRS(ISIC_2019)\Dataset\DF\ISIC_0071645.jpg,isic_0071645,3,3ccf6b83f480d02e7f59834f33886d1f96fbaf4de90f054be670054eff181dbe,7040,2
C:\SRS(ISIC_2019)\Dataset\DF\ISIC_0071858.jpg,isic_0071858,3,312c15ce456b1249a4e03ae80acf2f34a4e72c4c4d4f56c2b31f1bf18f919c05,7042,2
C:\SRS(ISIC_2019)\Dataset\DF\ISIC_0073141.jpg,isic_0073141,3,1c2807e015402962320a74bff2347df51f7cb9f85b6bc3761ebf5710c6c7c3b0,7050,2
C:\SRS(ISIC_2019)\Dataset\MEL\ISIC_0000004.jpg,isic_0000004,4,036678938dc7da0eecff14e3fe8f647e353060ac08e05226bf7e1d9433fed090,7054,2
C:\SRS(ISIC_2019)\Dataset\MEL\ISIC_0000043_downsampled.jpg,isic_0000043_downsampled,4,e92e75cf8a9b87928e7e4c73097f80b128d0b4c06647fc37a483560abab69b1e,7064,2
C:\SRS(ISIC_2019)\Dataset\MEL\ISIC_0000141_downsampled.jpg,isic_0000141_downsampled,4,398d3736340061de52826aef5c210916f4ed5a45c1dc2e5b1c38e36ecc702f13,7074,2
C:\SRS(ISIC_2019)\Dataset\MEL\ISIC_0000147_downsampled.jpg,isic_0000147_downsampled,4,afbdd4c5657f44e89ecb316358741f33fb871927fee4fb9a2d761787c7a43fce,7079,2
C:\SRS(ISIC_2019)\Dataset\MEL\ISIC_0000160.jpg,isic_0000160,4,7db634ba3ae2ee1e4a72d548713df017cb7919489978f680563ae19abea07da7,7091,2
C:\SRS(ISIC_2019)\Dataset\MEL\ISIC_0000165.jpg,isic_0000165,4,3921c1abc4689e91e4d18d52564cca8511110eded0f7cb3b4504d195ff860f0a,7096,2
C:\SRS(ISIC_2019)\Dataset\MEL\ISIC_0000288.jpg,isic_0000288,4,8e58f616d93ce3e4995b6188ed637122fb7b60d76cae7bd7b923898a05dbd2fc,7116,2
C:\SRS(ISIC_2019)\Dataset\MEL\ISIC_0000289.jpg,isic_0000289,4,0c9592a9786ddaa87e02c3f021c663b7c4cc1ac2a4e31d60b0f04fc243798d5e,7117,2
C:\SRS(ISIC_2019)\Dataset\MEL\ISIC_0000420_downsampled.jpg,isic_0000420_downsampled,4,2041a7d14749dee5eca9f2c727b23e899d09f29b54984dc25582bb95209f9e6f,7143,2
C:\SRS(ISIC_2019)\Dataset\MEL\ISIC_0000434_downsampled.jpg,isic_0000434_downsampled,4,159c544cb21ca14584c18cc940474ae8e2e4c6b9381b134d0d7dbf72e16c6bc3,7144,2
C:\SRS(ISIC_2019)\Dataset\MEL\ISIC_0000444_downsampled.jpg,isic_0000444_downsampled,4,63c9b6bd557d288229eca524d04092a0e6206d84fa498641031b3efc4e5cf34b,7145,2
C:\SRS(ISIC_2019)\Dataset\MEL\ISIC_0000513.jpg,isic_0000513,4,cde5f57da74415e06e78f0505b927af90e5014e79bd234fc8f16d141b2200843,7154,2
C:\SRS(ISIC_2019)\Dataset\MEL\ISIC_0000516.jpg,isic_0000516,4,e38ee3b985683a28b8991b10e372f41ce3854792851f99d534eaf851150732f6,7155,2
C:\SRS(ISIC_2019)\Dataset\MEL\ISIC_0000521_downsampled.jpg,isic_0000521_downsampled,4,8c0b0d8fec7c7281dd6cedf842126e0fb2e9146fff078e0dbd72311fe98d39c8,7160,2
C:\SRS(ISIC_2019)\Dataset\MEL\ISIC_0001119_downsampled.jpg,isic_0001119_downsampled,4,b5d85248bbda20e0703dfff581b598beae5eacdb88ae54c7bf5c77c310d3f083,7178,2
C:\SRS(ISIC_2019)\Dataset\MEL\ISIC_0009868.jpg,isic_0009868,4,25a3d9cc60a0dc4ffea38e955a2b5cdaa379eaac0d23407e7ded497aeb334946,7188,2
C:\SRS(ISIC_2019)\Dataset\MEL\ISIC_0009897.jpg,isic_0009897,4,f0c67f61fd8d01b7193c75bfecccbf5999d873a425f637e3deca58efe77276dc,7190,2
C:\SRS(ISIC_2019)\Dataset\MEL\ISIC_0010029.jpg,isic_0010029,4,bdb5d0e484f4a57f84e913542661af3cf946abbe2b9ffb0f824f3e887dc15043,7208,2
C:\SRS(ISIC_2019)\Dataset\MEL\ISIC_0010080.jpg,isic_0010080,4,a2db14dd5abe2f8bc48bbc4b35e386d9e41fffa777cf1b08cecacd5daab0faff,7214,2
C:\SRS(ISIC_2019)\Dataset\MEL\ISIC_0010094.jpg,isic_0010094,4,a9f47a9f1d4c541163eb85cb76ccefa295982a7f5f0fe0090de1c07ddcf9468d,7217,2
C:\SRS(ISIC_2019)\Dataset\MEL\ISIC_0010175.jpg,isic_0010175,4,9ddf00567d06887e4051eba50d5949eda9a18fb1f7788565577775ce1a90f2f1,7220,2
C:\SRS(ISIC_2019)\Dataset\MEL\ISIC_0010207.jpg,isic_0010207,4,9c3e467e57904fdc056194960c769454cdebcbe3472b763426696bec32a1625e,7223,2
C:\SRS(ISIC_2019)\Dataset\MEL\ISIC_0010225.jpg,isic_0010225,4,dc96389c03950dd493dc906b7510cf073d40f28cfb8d87002550c4be37a617f7,7224,2
C:\SRS(ISIC_2019)\Dataset\MEL\ISIC_0010251.jpg,isic_0010251,4,680dc936e4ee8b3ad6549ac372ad112fde6fe590af4b638b774baf86d9b0b942,7229,2
C:\SRS(ISIC_2019)\Dataset\MEL\ISIC_0010360.jpg,isic_0010360,4,3df1633773a6836ea2e91ad95441d820f12f0ff10ef987e26d78a036d50c22be,7239,2
C:\SRS(ISIC_2019)\Dataset\MEL\ISIC_0010476.jpg,isic_0010476,4,d2337887dee65367d18e4234987c6bffacf8d7b2b57520afd72fbf13e3ab243f,7247,2
C:\SRS(ISIC_2019)\Dataset\MEL\ISIC_0010860.jpg,isic_0010860,4,48744c214d988ba8b2eff438dfadac67d828a288fca4b1103df10f280139eaaa,7254,2
C:\SRS(ISIC_2019)\Dataset\MEL\ISIC_0011118.jpg,isic_0011118,4,face35a00f9febf8a4e82127c78f82e862494b9447992da6a0d45f75a07cd54e,7260,2
C:\SRS(ISIC_2019)\Dataset\MEL\ISIC_0011132.jpg,isic_0011132,4,e2db330f0e478ed0026f998806c4c31dbde9745ab2cd10b6021ad1743ec69349,7266,2
C:\SRS(ISIC_2019)\Dataset\MEL\ISIC_0011136.jpg,isic_0011136,4,9ecb5e5ce32f5a85d084a07b68151cdab58b90e88f6658c44b71bc7bb869d8eb,7268,2
C:\SRS(ISIC_2019)\Dataset\MEL\ISIC_0011137.jpg,isic_0011137,4,1833373b04afd9c4668d4c75d80555027199c0301d017b71c59801b0348518dc,7269,2
C:\SRS(ISIC_2019)\Dataset\MEL\ISIC_0011140.jpg,isic_0011140,4,f9b4030e222ec2a65ca6382ce208f781e317be0177d4f8f7a1e8085383dffa2b,7271,2
C:\SRS(ISIC_2019)\Dataset\MEL\ISIC_0011169.jpg,isic_0011169,4,5c08cf4aca27a12158b9c912c0c345f75167e6b5374394f477e9f00d0dadb0f2,7277,2
C:\SRS(ISIC_2019)\Dataset\MEL\ISIC_0011315.jpg,isic_0011315,4,cdeead2d277547266b746f6891eb5ddd3a1e76da901d127e660d244a2cd86a30,7282,2
C:\SRS(ISIC_2019)\Dataset\MEL\ISIC_0012288_downsampled.jpg,isic_0012288_downsampled,4,4e0499bc619108b9032246f9721c3206463cdd4790b306010393a95a5298b79e,7299,2
C:\SRS(ISIC_2019)\Dataset\MEL\ISIC_0012356_downsampled.jpg,isic_0012356_downsampled,4,ad8f951f3351ac18fc99e37f63608a44536d488757fc8aa857acd13d8252690a,7303,2
C:\SRS(ISIC_2019)\Dataset\MEL\ISIC_0012512_downsampled.jpg,isic_0012512_downsampled,4,3069fcfd3f4b7822a2652c4ce15ea54cd8697a0018f8a29549ee79a2c51b2bee,7312,2
C:\SRS(ISIC_2019)\Dataset\MEL\ISIC_0012701_downsampled.jpg,isic_0012701_downsampled,4,809e02ce3a18aec912f0d6dc7f2d45de41fba867d60a68d9cdd1136ba10011ed,7314,2
C:\SRS(ISIC_2019)\Dataset\MEL\ISIC_0012749_downsampled.jpg,isic_0012749_downsampled,4,fd56acbb9e99be494c8290c92f5ee6340924c67c467fb14055057f8bb6f245ee,7316,2
C:\SRS(ISIC_2019)\Dataset\MEL\ISIC_0012989_downsampled.jpg,isic_0012989_downsampled,4,665235bbd9d1516d2bb16ecbc9cbdbb2a6c8b94dbe7ae50b3e13aa4003247293,7322,2
C:\SRS(ISIC_2019)\Dataset\MEL\ISIC_0013072_downsampled.jpg,isic_0013072_downsampled,4,e63d381f9ce96f6762966783465f7e1bc14e0ef4b95824210c648c314a5d44ce,7324,2
C:\SRS(ISIC_2019)\Dataset\MEL\ISIC_0013073_downsampled.jpg,isic_0013073_downsampled,4,98e7e8c08204f02658a97c4c5dba1fc29dd8b8d9ab86fc12303a4740b122e6fa,7325,2
C:\SRS(ISIC_2019)\Dataset\MEL\ISIC_0013079_downsampled.jpg,isic_0013079_downsampled,4,0b1ffbeb03b9c2baba298c1b90f4bdd058a08230b5dc3e270040b2e2130abd7f,7326,2
C:\SRS(ISIC_2019)\Dataset\MEL\ISIC_0013141_downsampled.jpg,isic_0013141_downsampled,4,81269efbf3526bcb9420addeddc578e5a7ca36ecddbdc2b78edea85bef352b15,7327,2
C:\SRS(ISIC_2019)\Dataset\MEL\ISIC_0013242_downsampled.jpg,isic_0013242_downsampled,4,33c156362f0ed6bfdad916940bba235f4727222bcb60df1a0ffc06251283ef4e,7331,2
C:\SRS(ISIC_2019)\Dataset\MEL\ISIC_0013490_downsampled.jpg,isic_0013490_downsampled,4,40b2392b8583c6b1b6f82dc50a308bf74a32fc76783dd9c35b8ad3a47fefe4f7,7348,2
C:\SRS(ISIC_2019)\Dataset\MEL\ISIC_0013567_downsampled.jpg,isic_0013567_downsampled,4,445b269f43ea7bb23de519725ce892cc2400a80889800fcdf4b036b2305edc5a,7359,2
C:\SRS(ISIC_2019)\Dataset\MEL\ISIC_0013572_downsampled.jpg,isic_0013572_downsampled,4,b43dc78fee902d5ea0f0851e52a6448816b13406f3bb429baa792b3dc2234e9e,7360,2
C:\SRS(ISIC_2019)\Dataset\MEL\ISIC_0013578_downsampled.jpg,isic_0013578_downsampled,4,563a9a6bef39a31a79a4a21f63788ca25a3946b376865de38259b9ceaea6d37c,7363,2
C:\SRS(ISIC_2019)\Dataset\MEL\ISIC_0013610_downsampled.jpg,isic_0013610_downsampled,4,fe9e4ffb6d05a6d5aba8c7e02fb2546c4029ed833ac6a4b72882dc27cb2fb7a5,7369,2
C:\SRS(ISIC_2019)\Dataset\MEL\ISIC_0013615_downsampled.jpg,isic_0013615_downsampled,4,5f2168af7c5b14cfc330015b2f5ed80048eca94aa430c0e7091419bad48dfd07,7370,2
C:\SRS(ISIC_2019)\Dataset\MEL\ISIC_0013617_downsampled.jpg,isic_0013617_downsampled,4,e2846143bb399ba91859f82f284479200ffd4267d463701060b6d99af993a4c9,7371,2
C:\SRS(ISIC_2019)\Dataset\MEL\ISIC_0013618_downsampled.jpg,isic_0013618_downsampled,4,81223b14b55d6bb8be7b55f1e12370f6cefa6d256ede2053b0eb7494e5024e2a,7372,2
C:\SRS(ISIC_2019)\Dataset\MEL\ISIC_0013626_downsampled.jpg,isic_0013626_downsampled,4,a09faa2be0510a47d1db1f0a58bdd3a603e5b2acf111dbd9817db5758b84e9f1,7373,2
C:\SRS(ISIC_2019)\Dataset\MEL\ISIC_0013733_downsampled.jpg,isic_0013733_downsampled,4,ba1e20c79702b6561f6320028bf32bffa09cfa5dcdaba1134c0d971b91bbf75b,7387,2
C:\SRS(ISIC_2019)\Dataset\MEL\ISIC_0013775_downsampled.jpg,isic_0013775_downsampled,4,189acff6df909b242414386c9b1289d1c52b3f5b20187d832f108ec036538e63,7394,2
C:\SRS(ISIC_2019)\Dataset\MEL\ISIC_0013840_downsampled.jpg,isic_0013840_downsampled,4,d01737a21852f7fac04a339e419d7128227cce96db8ee3097a8e1ce32ce01cde,7405,2
C:\SRS(ISIC_2019)\Dataset\MEL\ISIC_0013842_downsampled.jpg,isic_0013842_downsampled,4,22b766b5771ddaf8c05c3ff336f32522ede34d032f08e96650c91027ec69e55d,7406,2
C:\SRS(ISIC_2019)\Dataset\MEL\ISIC_0013925_downsampled.jpg,isic_0013925_downsampled,4,c9a45f0171ff601802c6943a7bfcdda7e371feb97c9f569ac7fb7fa21fdc654c,7415,2
C:\SRS(ISIC_2019)\Dataset\MEL\ISIC_0013987_downsampled.jpg,isic_0013987_downsampled,4,3ad59947737ea0515fae166afda8299d84dbc56522ad3a48907519a0e5101f9f,7424,2
C:\SRS(ISIC_2019)\Dataset\MEL\ISIC_0013995_downsampled.jpg,isic_0013995_downsampled,4,8c20f31f1031bde4f7f0eb8470d7b948c2ab578e98b235552b325778c3ef31c8,7426,2
C:\SRS(ISIC_2019)\Dataset\MEL\ISIC_0013997_downsampled.jpg,isic_0013997_downsampled,4,8973f0e0267122323cca51371343c56a688186f36ee35cb2df20ce524b2ca667,7427,2
C:\SRS(ISIC_2019)\Dataset\MEL\ISIC_0014062_downsampled.jpg,isic_0014062_downsampled,4,ff301da496677711d263a815bef8810b70291422c29ff6af0557f0d954f88b15,7435,2
C:\SRS(ISIC_2019)\Dataset\MEL\ISIC_0014079_downsampled.jpg,isic_0014079_downsampled,4,ad9b74c3866f68921397bbd86e704021822393ceee3a65ddcc72f07dd12b169c,7439,2
C:\SRS(ISIC_2019)\Dataset\MEL\ISIC_0014129_downsampled.jpg,isic_0014129_downsampled,4,8ec8d3afcae2265ed78d6dfabc91aec51bb434df2c70e0ad6c07b3d7569d3fa6,7448,2
C:\SRS(ISIC_2019)\Dataset\MEL\ISIC_0014187_downsampled.jpg,isic_0014187_downsampled,4,2d8183afd5ee3d1f041628bc847fa9922a333e6f546a6217739859d5a1edc88f,7464,2
C:\SRS(ISIC_2019)\Dataset\MEL\ISIC_0014233_downsampled.jpg,isic_0014233_downsampled,4,9526a9d5741c771bf9e980084a40b8240a6491f16d8a8f5639781c4385049af2,7472,2
C:\SRS(ISIC_2019)\Dataset\MEL\ISIC_0014238_downsampled.jpg,isic_0014238_downsampled,4,c21b0b6086a8fd411165601d09be8a0db5de43e9ef5fd6b5580fed3a3fe4aca9,7473,2
C:\SRS(ISIC_2019)\Dataset\MEL\ISIC_0014284_downsampled.jpg,isic_0014284_downsampled,4,cf3a513a875c4d074304f92224c35bda94a7f0e17bb6ced4b1245d9da621ac63,7477,2
C:\SRS(ISIC_2019)\Dataset\MEL\ISIC_0014289_downsampled.jpg,isic_0014289_downsampled,4,4e5b01d36ceb1d24fb98356bd2ab7853b3ce508c148905d6ff8435fcc10b144e,7479,2
C:\SRS(ISIC_2019)\Dataset\MEL\ISIC_0014331_downsampled.jpg,isic_0014331_downsampled,4,49f6cdc8715d009e25be09a74b33f5c92169c61c99d7603d1ae356a72ce020c4,7489,2
C:\SRS(ISIC_2019)\Dataset\MEL\ISIC_0014372_downsampled.jpg,isic_0014372_downsampled,4,ff80e6ad6a53a29fedb2f0778be4582f86c9e3820d6e8c345e3fa3f144fbb2aa,7499,2
C:\SRS(ISIC_2019)\Dataset\MEL\ISIC_0014545_downsampled.jpg,isic_0014545_downsampled,4,720cc96c71d0ccf01128c6a862c3d0050b1d930ab701c209007bb4366df8171d,7522,2
C:\SRS(ISIC_2019)\Dataset\MEL\ISIC_0014826_downsampled.jpg,isic_0014826_downsampled,4,2b518f34ba18fef33dbc540dc7545f889834a7452ed4fec240c43b35bc0f5369,7544,2
C:\SRS(ISIC_2019)\Dataset\MEL\ISIC_0014857_downsampled.jpg,isic_0014857_downsampled,4,5a69ae3fa06689e2a055ff1df3afb18c8e074dcc64b47a1a85779b2bf8fbe014,7546,2
C:\SRS(ISIC_2019)\Dataset\MEL\ISIC_0014922_downsampled.jpg,isic_0014922_downsampled,4,adc0d4ff79e4531aa34952fedccb9fe9f13556a18f4cddc68229e75af5fb3391,7555,2
C:\SRS(ISIC_2019)\Dataset\MEL\ISIC_0014931_downsampled.jpg,isic_0014931_downsampled,4,69eea0f7064d866077654eda1917fa237b287004e3d0a98c65ab0b8bb9ef11cd,7557,2
C:\SRS(ISIC_2019)\Dataset\MEL\ISIC_0014982_downsampled.jpg,isic_0014982_downsampled,4,19f9c750a1ae92b5e95722aeb04fbebb99e966e8017e472f40262dfeef2c6dc7,7564,2
C:\SRS(ISIC_2019)\Dataset\MEL\ISIC_0015004_downsampled.jpg,isic_0015004_downsampled,4,1e3dbbb2fdaae1df266f4481803c62bd5eb5398b9d082a082d9bd985931d2490,7568,2
C:\SRS(ISIC_2019)\Dataset\MEL\ISIC_0015041_downsampled.jpg,isic_0015041_downsampled,4,be1df4b4ae990410a7a921eef6bfa27d4185b5db534c5b56cb87586b0887952b,7570,2
C:\SRS(ISIC_2019)\Dataset\MEL\ISIC_0015045_downsampled.jpg,isic_0015045_downsampled,4,9e94d5446c697094f30093c0bedf6d62c0ff0090d3baaab1e2e273a5fdfbceb2,7571,2
C:\SRS(ISIC_2019)\Dataset\MEL\ISIC_0015110_downsampled.jpg,isic_0015110_downsampled,4,53ea8b86bf8daa15d3ea4e1a77c7c5781cb1fbe956e8c618e1ea37bc00c639dd,7578,2
C:\SRS(ISIC_2019)\Dataset\MEL\ISIC_0015119_downsampled.jpg,isic_0015119_downsampled,4,9e3c4fc20cd8585ee71b02915f2b0356e926dbaa6418436769c45dd94f977578,7580,2
C:\SRS(ISIC_2019)\Dataset\MEL\ISIC_0015124_downsampled.jpg,isic_0015124_downsampled,4,842ff9c37e6045ee58029db8fc41a8d485edcf62769587032e2f73486438bf44,7581,2
C:\SRS(ISIC_2019)\Dataset\MEL\ISIC_0015132_downsampled.jpg,isic_0015132_downsampled,4,8cb8aa2f1f0946be5ccbb9678bf6a0260da83c8a8854e522dc6afad1d9fbecc0,7583,2
C:\SRS(ISIC_2019)\Dataset\MEL\ISIC_0015163_downsampled.jpg,isic_0015163_downsampled,4,807cf4a1ce629ac51301821c0b101fed50421f7e15a9dbb5365b2bcd412922c2,7588,2
C:\SRS(ISIC_2019)\Dataset\MEL\ISIC_0015185_downsampled.jpg,isic_0015185_downsampled,4,d634b7089c8e0d2e8d45e05bde1f97f9c8e062ed2cfb33a40da2acb8206ff949,7592,2
C:\SRS(ISIC_2019)\Dataset\MEL\ISIC_0015256_downsampled.jpg,isic_0015256_downsampled,4,83213e9fdb9033896bcb76fa25f3cdc9016d1ed2991f1ada91a4a0a1edab9ddc,7603,2
C:\SRS(ISIC_2019)\Dataset\MEL\ISIC_0024481.jpg,isic_0024481,4,bcfa65bef10abd2391623a6ed46396304f30d91230d64518f042e6fba1e47fb2,7616,2
C:\SRS(ISIC_2019)\Dataset\MEL\ISIC_0024552.jpg,isic_0024552,4,f5c1764f5cc6c358b71e5a72f4df08167ec35aa9ad740d568dbed9bf9e1d8394,7624,2
C:\SRS(ISIC_2019)\Dataset\MEL\ISIC_0024647.jpg,isic_0024647,4,f8a96b33fd79eb0ef327944f4d38cab6ab6db8eec95811c6be3e96139a7a74d9,7632,2
C:\SRS(ISIC_2019)\Dataset\MEL\ISIC_0024701.jpg,isic_0024701,4,82c1a091885ee44a6da1e926fa6fd70a2d242e2aa114f40de9318b9b22ef0648,7638,2
C:\SRS(ISIC_2019)\Dataset\MEL\ISIC_0024702.jpg,isic_0024702,4,8d1317a744b2cd78740ae40380ca0b36565789a38cc51db889fc1f1233838565,7639,2
C:\SRS(ISIC_2019)\Dataset\MEL\ISIC_0024756.jpg,isic_0024756,4,dd4658861ebf6c2e34f5bbd0d45008cd402a5dd5093a667711cbf2fcb13da061,7644,2
C:\SRS(ISIC_2019)\Dataset\MEL\ISIC_0024930.jpg,isic_0024930,4,47d1270d5d1211abe2ac1b7a71389f62ccf92d3bfb59daf0e5d7da8563ed11a5,7660,2
C:\SRS(ISIC_2019)\Dataset\MEL\ISIC_0024967.jpg,isic_0024967,4,82da2a0b1222d18b57e47c7c29254492bfcc38f0a778687ebfd967f6a5da8f4a,7668,2
C:\SRS(ISIC_2019)\Dataset\MEL\ISIC_0024999.jpg,isic_0024999,4,0ef8f85cd621c843a038b7cd80ca1af13f800dce6ed673d838607eb9d5b5c710,7671,2
C:\SRS(ISIC_2019)\Dataset\MEL\ISIC_0025081.jpg,isic_0025081,4,690dabead2774b64e0beba2c6ed1537d7b1abd03fbbb5027374e13d7e020e892,7674,2
C:\SRS(ISIC_2019)\Dataset\MEL\ISIC_0025105.jpg,isic_0025105,4,1e4053fcc7493adb70dc26bb7db3be33ae36de5ad7d62c5e00f2e29186bcb78d,7677,2
C:\SRS(ISIC_2019)\Dataset\MEL\ISIC_0025127.jpg,isic_0025127,4,a79c6fad27160a9e6b454b721e0f5897f08b087897aa63ba193d30c856b3ef74,7679,2
C:\SRS(ISIC_2019)\Dataset\MEL\ISIC_0025268.jpg,isic_0025268,4,84f1f2e46d038f51c475a6846dcdcbbca7420be3e1f5cbe4141e2617f73b67e6,7693,2
C:\SRS(ISIC_2019)\Dataset\MEL\ISIC_0025363.jpg,isic_0025363,4,fd939c8157a8554241c2aa53345ebf09d85aa7194c82ace90597e08d65e69eaf,7700,2
C:\SRS(ISIC_2019)\Dataset\MEL\ISIC_0025409.jpg,isic_0025409,4,b72ef0fe9470b2bba53e3de98e41b85364b84a94f3881cf8a8c59312c182d8e2,7703,2
C:\SRS(ISIC_2019)\Dataset\MEL\ISIC_0025439.jpg,isic_0025439,4,0cd293d437778513ed857e9c94f13ac223f70b273ad9525b0c8824df4cd4888d,7706,2
C:\SRS(ISIC_2019)\Dataset\MEL\ISIC_0025550.jpg,isic_0025550,4,d930b794a130586637777314f23b1d4fbd45b17077b04ab89ca3469cd5904cda,7718,2
C:\SRS(ISIC_2019)\Dataset\MEL\ISIC_0025592.jpg,isic_0025592,4,c05ace9d3591f3c97860876d49ca74c33d5d1f4db3de6732cbe86692bce6daee,7721,2
C:\SRS(ISIC_2019)\Dataset\MEL\ISIC_0025748.jpg,isic_0025748,4,bc48e7f901437ea5440d36eb5cb4442261b801cb2699af3e5458548c68b3cd32,7733,2
C:\SRS(ISIC_2019)\Dataset\MEL\ISIC_0025963.jpg,isic_0025963,4,55297504fcd04a3549b6a443d59623300614098ebd20aa4f2bd6da10fdd99e16,7748,2
C:\SRS(ISIC_2019)\Dataset\MEL\ISIC_0025964.jpg,isic_0025964,4,89beb080bc65f5458b9d31764b7917d3ef38bdd835383ed1c5edd85c8bdff58e,7749,2
C:\SRS(ISIC_2019)\Dataset\MEL\ISIC_0025987.jpg,isic_0025987,4,543e453d4d30faee6a463a72ea2e5faf5c109ca1e970ab56cb54918e38dbe069,7750,2
C:\SRS(ISIC_2019)\Dataset\MEL\ISIC_0026045.jpg,isic_0026045,4,83dffab74778242b2f1ec2c5d199bca2b4289191df0e3c6a7ba4b1788ad61075,7753,2
C:\SRS(ISIC_2019)\Dataset\MEL\ISIC_0026094.jpg,isic_0026094,4,0b4be71c72b8de9a714e551f8c478a5a2a3f93aba93d33715138cbae8d4f78c8,7757,2
C:\SRS(ISIC_2019)\Dataset\MEL\ISIC_0026115.jpg,isic_0026115,4,567f142ebe2b312317ef0d63ecb4213c1533add0d700006426c2f5534f98884d,7760,2
C:\SRS(ISIC_2019)\Dataset\MEL\ISIC_0026150.jpg,isic_0026150,4,4a7107356c91c08db699f3f5847ac863577eb21fba65d4aa9868cb4ff28acb42,7763,2
C:\SRS(ISIC_2019)\Dataset\MEL\ISIC_0026188.jpg,isic_0026188,4,acbd7779023b54efcdd68567f485d1a25157d115d46c6b00ce236e3f6e1dfd2d,7766,2
C:\SRS(ISIC_2019)\Dataset\MEL\ISIC_0026369.jpg,isic_0026369,4,f11f76d3654ac691f5e85904bbc58297a982a11e447aa6a7e3c09f4babbf66a9,7780,2
C:\SRS(ISIC_2019)\Dataset\MEL\ISIC_0026690.jpg,isic_0026690,4,573505e85bf27a020335ca74389a36b34fd40e16117ce042c58c0c63c9277440,7801,2
C:\SRS(ISIC_2019)\Dataset\MEL\ISIC_0026916.jpg,isic_0026916,4,96eea13d74e696d2114066ddc1572d7fc3da07a922e6d645ec0282a2798a1eee,7823,2
C:\SRS(ISIC_2019)\Dataset\MEL\ISIC_0026930.jpg,isic_0026930,4,cb90f738c4fcac6befc691bf5821238ed6b8bb58690577a02b519a2abfa141fc,7824,2
C:\SRS(ISIC_2019)\Dataset\MEL\ISIC_0027033.jpg,isic_0027033,4,0332e541799f813b793ac166b235394f65f7ead465a86d116615d2adcfb75809,7834,2
C:\SRS(ISIC_2019)\Dataset\MEL\ISIC_0027060.jpg,isic_0027060,4,75095b5ae6425c952546d2f25fbe4f39d91f282dbe135e4adc68699d15359271,7836,2
C:\SRS(ISIC_2019)\Dataset\MEL\ISIC_0027065.jpg,isic_0027065,4,637a1798f310e4164ff6e6d5b0ef5214e80f589527115afe55a537b36c35f06d,7838,2
C:\SRS(ISIC_2019)\Dataset\MEL\ISIC_0027069.jpg,isic_0027069,4,958b39a585186b90b924b5448d2485b9e677cc5ebf4df908bdac4c6bf941faf8,7840,2
C:\SRS(ISIC_2019)\Dataset\MEL\ISIC_0027076.jpg,isic_0027076,4,da863eeefd088633835695c91322b24cec0dec9733cabbbcfbc2c432c43cde65,7842,2
C:\SRS(ISIC_2019)\Dataset\MEL\ISIC_0027163.jpg,isic_0027163,4,c646dac567e78353ca137b35695ef4a2dbc78738320295e73e741eb4628cf836,7854,2
C:\SRS(ISIC_2019)\Dataset\MEL\ISIC_0027234.jpg,isic_0027234,4,566cce977c131de9cab14cb662c16213db23787f356def87ab89df67043e4a38,7861,2
C:\SRS(ISIC_2019)\Dataset\MEL\ISIC_0027253.jpg,isic_0027253,4,76dad68120e858e4b7d82234f4626c452e5747b23ecd764dff795ef5658a480c,7863,2
C:\SRS(ISIC_2019)\Dataset\MEL\ISIC_0027328.jpg,isic_0027328,4,1edc0e9ca8255c0f81b13f50160864743661b43cd68851ca9932a9b43eee669d,7873,2
C:\SRS(ISIC_2019)\Dataset\MEL\ISIC_0027352.jpg,isic_0027352,4,488925f71d737b150d97163a23db399028ca4c702169c1c94b1658cae6f0f459,7875,2
C:\SRS(ISIC_2019)\Dataset\MEL\ISIC_0027407.jpg,isic_0027407,4,968ab5ca19010df855831f84596043435e77e4527c06334ff8de73d205a5f064,7879,2
C:\SRS(ISIC_2019)\Dataset\MEL\ISIC_0027420.jpg,isic_0027420,4,f2aa529a89893b14fc8b73e8353a2895796cd3bfda166875974c80ab70cd86c4,7880,2
C:\SRS(ISIC_2019)\Dataset\MEL\ISIC_0027507.jpg,isic_0027507,4,e74623ae629706641f83da3c9082cd809e49a83a6b3fb7fed55dbb711d10f8f6,7886,2
C:\SRS(ISIC_2019)\Dataset\MEL\ISIC_0027560.jpg,isic_0027560,4,aa42164260f972dd9e32709bbd19841247b00dbe62513c895d8923f4ec65d818,7889,2
C:\SRS(ISIC_2019)\Dataset\MEL\ISIC_0027616.jpg,isic_0027616,4,0346346745c17b9b3b18e3dc5006cd4e2d38fe9339d5cff84df0bc51e50aed81,7894,2
C:\SRS(ISIC_2019)\Dataset\MEL\ISIC_0027620.jpg,isic_0027620,4,9a898f6678240ee0d824fe7ec8b3a2718ae87fc03ad03ac2938e50693bf39128,7895,2
C:\SRS(ISIC_2019)\Dataset\MEL\ISIC_0027651.jpg,isic_0027651,4,1e88ebaa70ce88cd187d9f174f498406f1c9d397b52a2ae569030438eb4290f0,7897,2
C:\SRS(ISIC_2019)\Dataset\MEL\ISIC_0027673.jpg,isic_0027673,4,bb95f75270b33eeea06dbe654dbd490abf7094408aa5cd0734e080a212f3b45f,7901,2
C:\SRS(ISIC_2019)\Dataset\MEL\ISIC_0027693.jpg,isic_0027693,4,7c29d8fe976910d9dc01f3ba9d8598cd3fa6eac86c2e44597bd99ca218698214,7902,2
C:\SRS(ISIC_2019)\Dataset\MEL\ISIC_0027822.jpg,isic_0027822,4,3ad7d49a63462954112560cd9c9802600f13b8527fb615be2b4af1938464d13e,7910,2
C:\SRS(ISIC_2019)\Dataset\MEL\ISIC_0028017.jpg,isic_0028017,4,c5f756442a9cb5fc44956e8b2f45f5bfd9189358bccd651cbfc3f4fe1663f574,7920,2
C:\SRS(ISIC_2019)\Dataset\MEL\ISIC_0028026.jpg,isic_0028026,4,04687d6b53f988174930ef63272dbd4e9ab172512f2a00dfb290f6d8d077232a,7922,2
C:\SRS(ISIC_2019)\Dataset\MEL\ISIC_0028033.jpg,isic_0028033,4,73f42f3f17b20c0dcde2d66b676bf416cc9c60e1daef3d14cccdeb8a23c87d3d,7924,2
C:\SRS(ISIC_2019)\Dataset\MEL\ISIC_0028086.jpg,isic_0028086,4,0a62f8f153adb9a0560d54ecec14ad43c16d8da7551acea89024a9120affe957,7932,2
C:\SRS(ISIC_2019)\Dataset\MEL\ISIC_0028109.jpg,isic_0028109,4,5cca1f02278c9d257c0e4c3ae6c29754cba64a62ad07e244a65359dd39a5d619,7935,2
C:\SRS(ISIC_2019)\Dataset\MEL\ISIC_0028114.jpg,isic_0028114,4,d67d48e13a101a323d36b0f807cb5a76d5c6cd51d0748c0b5556ccae58f80fad,7936,2
C:\SRS(ISIC_2019)\Dataset\MEL\ISIC_0028126.jpg,isic_0028126,4,2d8d2ef2c8ca6519998f42d36a338e9bb96f56a9d94cab9951cbb666be1c8e3e,7937,2
C:\SRS(ISIC_2019)\Dataset\MEL\ISIC_0028211.jpg,isic_0028211,4,2f61edb7cfb8f3ab2e0a1820718ab384f4de2862b542489bdfc4a68b647c467b,7943,2
C:\SRS(ISIC_2019)\Dataset\MEL\ISIC_0028225.jpg,isic_0028225,4,31b728628580a4a81fb8f78f2d03ad36cf7ddde3b6de0d1e51f83b1fcb1a506a,7948,2
C:\SRS(ISIC_2019)\Dataset\MEL\ISIC_0028306.jpg,isic_0028306,4,90ebc39dd476051295bacdcba6020c1475a902686576e2b1fdf6910ba3561d02,7954,2
C:\SRS(ISIC_2019)\Dataset\MEL\ISIC_0028410.jpg,isic_0028410,4,cfa1b4c767f8a36af02bd06133bd93e8afc7c889101df0bf63dd3abf4aba3b59,7960,2
C:\SRS(ISIC_2019)\Dataset\MEL\ISIC_0028415.jpg,isic_0028415,4,610f2f9a62ca9186cd31d3c37de77dabece682c1dea203f831338915a00b1de3,7962,2
C:\SRS(ISIC_2019)\Dataset\MEL\ISIC_0028442.jpg,isic_0028442,4,c58e38eab8543ade2a5b4f3bddebb620d8f6c40c04af4d54812558ce0b1712e4,7964,2
C:\SRS(ISIC_2019)\Dataset\MEL\ISIC_0028463.jpg,isic_0028463,4,6ab67a8408c3eab93e81cb29bcc2b0a25f8e09b8bb900be4a2f90b5702c07f23,7967,2
C:\SRS(ISIC_2019)\Dataset\MEL\ISIC_0028493.jpg,isic_0028493,4,d17841c52e28c2f84dc9c884c743b702ccc8f27fdecf7e64163c36d5b80a6a55,7972,2
C:\SRS(ISIC_2019)\Dataset\MEL\ISIC_0028505.jpg,isic_0028505,4,4b443e1e13f98d1639971f091f9c1ee2492c232b9ce55283b0f318bdf7e95fa2,7973,2
C:\SRS(ISIC_2019)\Dataset\MEL\ISIC_0028579.jpg,isic_0028579,4,88a4f1df6dbff21fb06193862dc6ee41781df17a9318e3306e6514907e717c47,7983,2
C:\SRS(ISIC_2019)\Dataset\MEL\ISIC_0028582.jpg,isic_0028582,4,ab83cbbf95edfe9352c1a8e4bed3b05fb17febab81e953e91a607c7378d27f06,7984,2
C:\SRS(ISIC_2019)\Dataset\MEL\ISIC_0028696.jpg,isic_0028696,4,10a47033cce2073f7fd57cedf5d3e4af1d3481bbab07ba9489c3931d100857a6,7990,2
C:\SRS(ISIC_2019)\Dataset\MEL\ISIC_0028764.jpg,isic_0028764,4,ae09f5b93e7fe9051518edfb5c6ad4a081a13bf358667eebe9f4fca04720c02e,7995,2
C:\SRS(ISIC_2019)\Dataset\MEL\ISIC_0028929.jpg,isic_0028929,4,fd2283343a6f712fa6d26425f80629e0069557cf28ad4e93ae4d75ab54bb3311,8008,2
C:\SRS(ISIC_2019)\Dataset\MEL\ISIC_0029021.jpg,isic_0029021,4,b22d231762b984fd93b243916ba4688d6832d767116c1773a6ca52e680bc93bb,8017,2
C:\SRS(ISIC_2019)\Dataset\MEL\ISIC_0029028.jpg,isic_0029028,4,5df6b072753b48e72859b57bbd36e38e97f69139464d8e29d44e7284217f3873,8018,2
C:\SRS(ISIC_2019)\Dataset\MEL\ISIC_0029089.jpg,isic_0029089,4,4c621ed0ef3b7b00001531087480898c6878cf16ca9041a229509ba5c56cefd1,8022,2
C:\SRS(ISIC_2019)\Dataset\MEL\ISIC_0029242.jpg,isic_0029242,4,647a332de3e945cc8850a6837ee8a747ac11633c387840b411595021f3a03e86,8035,2
C:\SRS(ISIC_2019)\Dataset\MEL\ISIC_0029265.jpg,isic_0029265,4,ebc66a51bc7bc03362fc3feac17d83b88909ec8f2edea7ce87e32d5b96ef9b30,8036,2
C:\SRS(ISIC_2019)\Dataset\MEL\ISIC_0029281.jpg,isic_0029281,4,100ad738aa2bd335557c7af0901585efc4d8f450120cb2e2a45787c7b0a74366,8039,2
C:\SRS(ISIC_2019)\Dataset\MEL\ISIC_0029316.jpg,isic_0029316,4,69203b86e95c7432332b01551ed804535f9f5313a9a6108474746f1fe92b7754,8040,2
C:\SRS(ISIC_2019)\Dataset\MEL\ISIC_0029480.jpg,isic_0029480,4,b1534bf84af54b78ef4b7204b6162617cac3d99a1a8b05579da5fa52eca0977f,8052,2
C:\SRS(ISIC_2019)\Dataset\MEL\ISIC_0029512.jpg,isic_0029512,4,f34c55de6a3c4eebf2307891b693a344b9d7e05ee1c934479079923bdc23d991,8055,2
C:\SRS(ISIC_2019)\Dataset\MEL\ISIC_0029642.jpg,isic_0029642,4,01c3d05e76b8ee747b5726a9ff1ea67b1554da944f41801229d2981f23573712,8069,2
C:\SRS(ISIC_2019)\Dataset\MEL\ISIC_0029652.jpg,isic_0029652,4,45a7c33b30ddccffcaa180444ced5397a5ef055b4e993582cd6b9ed1428dfeb1,8071,2
C:\SRS(ISIC_2019)\Dataset\MEL\ISIC_0029660.jpg,isic_0029660,4,ac5140cce45c57d6398d86248da98d9d61961c623e1d2c0cf2547d0a4cdc562e,8072,2
C:\SRS(ISIC_2019)\Dataset\MEL\ISIC_0029843.jpg,isic_0029843,4,2f9d2fb2fa2d652fe1b2375266b81b610b8f7ecb8f8f1dee7866526bcc69c89d,8081,2
C:\SRS(ISIC_2019)\Dataset\MEL\ISIC_0029885.jpg,isic_0029885,4,59d8bc6f60343bbb6c5c59aa096baae3093a6db81840ba4b34232c983f9b6c2b,8084,2
C:\SRS(ISIC_2019)\Dataset\MEL\ISIC_0029893.jpg,isic_0029893,4,cc4fdaf195dcd9be0f5cb9e849b2a7cf4fad966fd617c0d7df2d1b8d02df60cb,8085,2
C:\SRS(ISIC_2019)\Dataset\MEL\ISIC_0029937.jpg,isic_0029937,4,27c1c98b8e58a61b52ebc1bf22c5a214dd37e4eb1f60a30e84b55cc5d5e28523,8090,2
C:\SRS(ISIC_2019)\Dataset\MEL\ISIC_0029995.jpg,isic_0029995,4,75285f9abcbe39dc2cbcbcec3c319bcb17c9ca236d41b0c3e42b7b966993d16a,8092,2
C:\SRS(ISIC_2019)\Dataset\MEL\ISIC_0030089.jpg,isic_0030089,4,dd5811ce3be86f281fd8f58ceae7a3fdadb86dd91e609cc1840eb266f20432fe,8102,2
C:\SRS(ISIC_2019)\Dataset\MEL\ISIC_0030119.jpg,isic_0030119,4,84f375b5ab7bbcb21267354d014b0ab9d9cf50b5331aa849060a56f718439e20,8106,2
C:\SRS(ISIC_2019)\Dataset\MEL\ISIC_0030134.jpg,isic_0030134,4,86fdde9b2ba57ca4372fdbea57b18a9ace49c0c1982ea5773a0df2b45cc535b8,8109,2
C:\SRS(ISIC_2019)\Dataset\MEL\ISIC_0030150.jpg,isic_0030150,4,f0ec3f11b692d181a32d46b8d4fe4c1b6800bce80270bc378d8571b0a5bd84a5,8110,2
C:\SRS(ISIC_2019)\Dataset\MEL\ISIC_0030165.jpg,isic_0030165,4,f35b5231072ec816c0e7a3b88b475b0e3ba1a8f556b0ace34d16ebfe09c6c16d,8111,2
C:\SRS(ISIC_2019)\Dataset\MEL\ISIC_0030171.jpg,isic_0030171,4,023c3e4c7a30a84c7c0a625195733c100ad5743875710c56e055b01c0157447d,8112,2
C:\SRS(ISIC_2019)\Dataset\MEL\ISIC_0030211.jpg,isic_0030211,4,3397290025e829b7f837d7cf3f01ffa5e31bd65c491cb6c68a12d1c93ea67172,8116,2
C:\SRS(ISIC_2019)\Dataset\MEL\ISIC_0030281.jpg,isic_0030281,4,4f81072bc52d75f6639640ea9cba4b3f8987e4d85f082bac83f443fabe20b9ba,8122,2
C:\SRS(ISIC_2019)\Dataset\MEL\ISIC_0030382.jpg,isic_0030382,4,38b54d6a07b7a9571189f58d3737e01d4db60c56c0842bb21a0be33bc6afa394,8128,2
C:\SRS(ISIC_2019)\Dataset\MEL\ISIC_0030443.jpg,isic_0030443,4,8a3346e680e1901413182acc2f57af6a13c9495dcbfe647a50b447319f23fa8c,8134,2
C:\SRS(ISIC_2019)\Dataset\MEL\ISIC_0030575.jpg,isic_0030575,4,387d4aedb31e0b5567420b79001a6a626eaaa624dd30b367350fd75018ec5298,8144,2
C:\SRS(ISIC_2019)\Dataset\MEL\ISIC_0030681.jpg,isic_0030681,4,c87e656f83d9811a7b5c4df9d1074f38ea2a417e93b52aebaf2c3d59713c6ddc,8149,2
C:\SRS(ISIC_2019)\Dataset\MEL\ISIC_0030784.jpg,isic_0030784,4,f6ff145a4bd9646962e9cd32868cc224fa448d743b775b16f3d65c7d1649a667,8157,2
C:\SRS(ISIC_2019)\Dataset\MEL\ISIC_0030824.jpg,isic_0030824,4,475c87743945db82c33bcdcc5301001e6fe269d22f86c2309aad0195e4b3783e,8161,2
C:\SRS(ISIC_2019)\Dataset\MEL\ISIC_0030910.jpg,isic_0030910,4,356d48e7452e0ec34b0aede7f7c0b52683876692c5d86b3d45f3ca292da4a190,8167,2
C:\SRS(ISIC_2019)\Dataset\MEL\ISIC_0030951.jpg,isic_0030951,4,e814c55fd4e26dfb05ec7cc3c07361049f6190398e01d3678742ab0b9e806d5d,8172,2
C:\SRS(ISIC_2019)\Dataset\MEL\ISIC_0031077.jpg,isic_0031077,4,bd2824aeb7f26337d8a51dbd58c737fc98903a7fea87434b7bbdfe852aa6527d,8180,2
C:\SRS(ISIC_2019)\Dataset\MEL\ISIC_0031186.jpg,isic_0031186,4,146765509dc10f9d6503b75014429de6a4531fca55a71a76b402543db49715e4,8186,2
C:\SRS(ISIC_2019)\Dataset\MEL\ISIC_0031208.jpg,isic_0031208,4,5bab07ca085a2accf973b15ad42b03ab537f9c6df6ac16bc47ae88a20a7f543e,8189,2
C:\SRS(ISIC_2019)\Dataset\MEL\ISIC_0031295.jpg,isic_0031295,4,7a5d964216d0fa0c9be1d303cd738fde36bc6de58c88e670ede7982371a4af30,8192,2
C:\SRS(ISIC_2019)\Dataset\MEL\ISIC_0031339.jpg,isic_0031339,4,49187244bb3d30866b052dda06de12451bf9397f1ab1fe1b51924fb2da8f4197,8195,2
C:\SRS(ISIC_2019)\Dataset\MEL\ISIC_0031377.jpg,isic_0031377,4,f40f55daa9409433684ab093f6b7125895cb2cce1f3cad107c1382e83bfe0a81,8199,2
C:\SRS(ISIC_2019)\Dataset\MEL\ISIC_0031408.jpg,isic_0031408,4,77beea61c84553061a521a5921f6a85c7ab72f554b2fcbfd9547bc3f22a50135,8204,2
C:\SRS(ISIC_2019)\Dataset\MEL\ISIC_0031499.jpg,isic_0031499,4,3eead6f0d60c9b5fd1f7767b18598ca82ad629d5d450f9f493c20f7fa9cfd6ba,8210,2
C:\SRS(ISIC_2019)\Dataset\MEL\ISIC_0031550.jpg,isic_0031550,4,7718f020539d0e9f75ab8c94f698b54dbbfb912d1940def6daa06c401d756adb,8215,2
C:\SRS(ISIC_2019)\Dataset\MEL\ISIC_0031741.jpg,isic_0031741,4,9aab5a52b60c34d1937630ad3c9fc9350eebc1a9e1a5be76e721563b020b60ab,8228,2
C:\SRS(ISIC_2019)\Dataset\MEL\ISIC_0031844.jpg,isic_0031844,4,117359c57053aa55d3fa465968bf752a3fe609131e848e4e158186b15a187cd9,8236,2
C:\SRS(ISIC_2019)\Dataset\MEL\ISIC_0032019.jpg,isic_0032019,4,5ceb6c37e226577715bd40e826c4e17952f5935d55b6798da26f41e443041407,8250,2
C:\SRS(ISIC_2019)\Dataset\MEL\ISIC_0032046.jpg,isic_0032046,4,a390b23431e5bea402fa9750ede232e216471eb4921d5f8f9138168a9fa471f7,8253,2
C:\SRS(ISIC_2019)\Dataset\MEL\ISIC_0032134.jpg,isic_0032134,4,49444e8647f70a95cb3eb1f35165120c40c004d0e2f5bc3495e3c719a88cf811,8261,2
C:\SRS(ISIC_2019)\Dataset\MEL\ISIC_0032152.jpg,isic_0032152,4,dfb442d5244b60f368f19627318c97cd267211fc93feff88b1dcd4a18fd4c2dc,8263,2
C:\SRS(ISIC_2019)\Dataset\MEL\ISIC_0032220.jpg,isic_0032220,4,353568626f795888dd36fcbdfd28155d5571a9b8961303723f605866efb8d9a5,8273,2
C:\SRS(ISIC_2019)\Dataset\MEL\ISIC_0032232.jpg,isic_0032232,4,bf21b09ff2355f50ddfecdac5a5b298cf371554d06f6e8df3fdc7781c86e5138,8274,2
C:\SRS(ISIC_2019)\Dataset\MEL\ISIC_0032287.jpg,isic_0032287,4,d853a651da3080006b8fd30b398dcdc2aab81019317fbd20285c163a529c0331,8281,2
C:\SRS(ISIC_2019)\Dataset\MEL\ISIC_0032408.jpg,isic_0032408,4,c1fdf29d25346efb67806b9cbd7cf21bd7420225d34ca4a1defe5ad08a909e54,8289,2
C:\SRS(ISIC_2019)\Dataset\MEL\ISIC_0032420.jpg,isic_0032420,4,14cb67496e05647c70a3f183cf1f298d4674c258ce96972f0b5c6f8735472790,8290,2
C:\SRS(ISIC_2019)\Dataset\MEL\ISIC_0032462.jpg,isic_0032462,4,b16ab06d5e8e398f3728c87292245c3188aeccc78fdec24729681d4c9902a9e7,8298,2
C:\SRS(ISIC_2019)\Dataset\MEL\ISIC_0032531.jpg,isic_0032531,4,bf748e4616b8cf251af3ebd4062c2afb439052243170cbf01685d8dfc876196a,8307,2
C:\SRS(ISIC_2019)\Dataset\MEL\ISIC_0032544.jpg,isic_0032544,4,034d01bde2d8f277337a3418267f2f8443843f67f687805013d5b1bb48b13100,8312,2
C:\SRS(ISIC_2019)\Dataset\MEL\ISIC_0032559.jpg,isic_0032559,4,2fbc658b7d97c17bbc7fc8ae55404f8b7a356407421971d7829fa152f52ceafb,8316,2
C:\SRS(ISIC_2019)\Dataset\MEL\ISIC_0032564.jpg,isic_0032564,4,73edd91081373dc0b087b79ce22bcc30f2d16c7552a9474be287e41ed1ae18f0,8317,2
C:\SRS(ISIC_2019)\Dataset\MEL\ISIC_0032598.jpg,isic_0032598,4,eedfd93ee0316ee5a51bf868641b5441078b66106f6245a0c703e07389e451cc,8324,2
C:\SRS(ISIC_2019)\Dataset\MEL\ISIC_0032610.jpg,isic_0032610,4,a73d4e4d9b6bce9b00453a706971e3069ee21d072a1aacfed2e786a2d2df2eda,8328,2
C:\SRS(ISIC_2019)\Dataset\MEL\ISIC_0032637.jpg,isic_0032637,4,7afe3ed8e3a7b04fdf5739248d36cfa355cfc3061cbf8aa20f550c3c9b251d83,8335,2
C:\SRS(ISIC_2019)\Dataset\MEL\ISIC_0032638.jpg,isic_0032638,4,eacb76015dbfb8f462bb25901bf7f6cf66731152da217f213b94f5b5c45d51a1,8336,2
C:\SRS(ISIC_2019)\Dataset\MEL\ISIC_0032645.jpg,isic_0032645,4,71e1326615dc7237cd29c8390589f70f5597dff4fe3de387ae63941df90666cf,8337,2
C:\SRS(ISIC_2019)\Dataset\MEL\ISIC_0032653.jpg,isic_0032653,4,cd552a8f255afc2ebfd5f8e9342d646fc5b489a8675a0deb338529ba2bf55d5a,8338,2
C:\SRS(ISIC_2019)\Dataset\MEL\ISIC_0032662.jpg,isic_0032662,4,e2e474329afe9e9770b7b6a096329ee4cd1b8b39d4d06fe658983c18cc38dbda,8340,2
C:\SRS(ISIC_2019)\Dataset\MEL\ISIC_0032684.jpg,isic_0032684,4,7ce5acb26c40fca0307822bd1c321b1f9d071229143a6b9364d37d1e52d4b111,8342,2
C:\SRS(ISIC_2019)\Dataset\MEL\ISIC_0032685.jpg,isic_0032685,4,b0b2153df4db7b7146273e3001303bf5e8d1216edd04762a283db99be815d466,8343,2
C:\SRS(ISIC_2019)\Dataset\MEL\ISIC_0032726.jpg,isic_0032726,4,f08c711ee32c24e6078b713284fedbc5406f256156b89e4c027572a83507a269,8355,2
C:\SRS(ISIC_2019)\Dataset\MEL\ISIC_0032751.jpg,isic_0032751,4,1648df098788b0fb9049e198bacb03b88cae0a444574c666c100c808c0890087,8360,2
C:\SRS(ISIC_2019)\Dataset\MEL\ISIC_0032807.jpg,isic_0032807,4,e1bb37afd8ba7185d2a8d53641ebe5543c0c751182c0049a13c1af060cd9d14a,8367,2
C:\SRS(ISIC_2019)\Dataset\MEL\ISIC_0032836.jpg,isic_0032836,4,b4bddc3792f3ca4d8589dbc1b4628728bc61b67b54927c1abe2c9057da85c2b0,8372,2
C:\SRS(ISIC_2019)\Dataset\MEL\ISIC_0032844.jpg,isic_0032844,4,09d0470365094ef548d9390ad21626d03bf0a96c83b519a95509da63aca32527,8375,2
C:\SRS(ISIC_2019)\Dataset\MEL\ISIC_0032913.jpg,isic_0032913,4,218f30e2ea42ea31b6f281789693c995c8d2b0811243142874f4135a711cfe8f,8390,2
C:\SRS(ISIC_2019)\Dataset\MEL\ISIC_0032927.jpg,isic_0032927,4,89eaba84ae608eb48c62806d6b9b2e2b59720ce0a28a721686dd2b0e5e2692f8,8397,2
C:\SRS(ISIC_2019)\Dataset\MEL\ISIC_0032940.jpg,isic_0032940,4,a4521f63d2da03b35a35c55fd7daabf9f607a8ac46f7f77d0fffb6a59dc58ef1,8400,2
C:\SRS(ISIC_2019)\Dataset\MEL\ISIC_0032975.jpg,isic_0032975,4,3f4964831cc6c005e2973d8cc3ae6dff55fb94483aeb972a9d37ff5d198902e4,8407,2
C:\SRS(ISIC_2019)\Dataset\MEL\ISIC_0033023.jpg,isic_0033023,4,bc2704e2b5eac67d2067b5f6513f6d4bd663c6f0a784a8a046d4b0f8a72090a2,8418,2
C:\SRS(ISIC_2019)\Dataset\MEL\ISIC_0033038.jpg,isic_0033038,4,a51ab1ca4259fd6207e5152045b934bc7a2583ebc45f1b6b7eca9c91fd4fb5b9,8424,2
C:\SRS(ISIC_2019)\Dataset\MEL\ISIC_0033042.jpg,isic_0033042,4,dd34edf2a779f40359994758f559145e5fe46170a270cae272e8453e5e9c45f7,8425,2
C:\SRS(ISIC_2019)\Dataset\MEL\ISIC_0033089.jpg,isic_0033089,4,7c83da1993e5dc6cf9f1b7eace411336bc8ae2958a6f5d618a3a6ceb1333430b,8436,2
C:\SRS(ISIC_2019)\Dataset\MEL\ISIC_0033166.jpg,isic_0033166,4,00fa3dd3644f10dd0c7f7c49888973639d912b9aea46fa29dc430aae326c8d61,8448,2
C:\SRS(ISIC_2019)\Dataset\MEL\ISIC_0033175.jpg,isic_0033175,4,8aa62a14a7813f3525df5bb74089a00069fcb97c28ac57d10e4b39783002bf01,8451,2
C:\SRS(ISIC_2019)\Dataset\MEL\ISIC_0033183.jpg,isic_0033183,4,503795423646f4d26dc8145bee807a383862747e717f3ab751798be1c03269ff,8454,2
C:\SRS(ISIC_2019)\Dataset\MEL\ISIC_0033192.jpg,isic_0033192,4,93269221cbd5b1bf17ea734669d74047e452a2621cf1547e91826538ff15d866,8456,2
C:\SRS(ISIC_2019)\Dataset\MEL\ISIC_0033204.jpg,isic_0033204,4,5bbbb6bcfe9e5ab3972cc962b61c5671d4446d640983e8503a41efdfb06e091c,8460,2
C:\SRS(ISIC_2019)\Dataset\MEL\ISIC_0033217.jpg,isic_0033217,4,a3f7d163a3306352454faecf743d3a68c064c930040908d2bdada8fa91df5079,8464,2
C:\SRS(ISIC_2019)\Dataset\MEL\ISIC_0033241.jpg,isic_0033241,4,81fe03c9dc56095555418adb82016ba636a4d2cb809c07fb17eaf655d1c28078,8470,2
C:\SRS(ISIC_2019)\Dataset\MEL\ISIC_0033245.jpg,isic_0033245,4,8316c7cc06199407909d9f15f66eb05d8be9cb2ee471c15045f92332d8e5a78b,8471,2
C:\SRS(ISIC_2019)\Dataset\MEL\ISIC_0033258.jpg,isic_0033258,4,d84e6e9643090edab51bc75693b2d56481605a9a114c101c9250086ef176f142,8472,2
C:\SRS(ISIC_2019)\Dataset\MEL\ISIC_0033261.jpg,isic_0033261,4,dd4b19fa307f8807319495aad2d080414e93b2b1a7e6ebcfa16f95c4db8ac056,8473,2
C:\SRS(ISIC_2019)\Dataset\MEL\ISIC_0033278.jpg,isic_0033278,4,8bae04a6932f3e1cf558d6051f56b25425c4fc92db006bc568e77440c266c599,8480,2
C:\SRS(ISIC_2019)\Dataset\MEL\ISIC_0033299.jpg,isic_0033299,4,e63d905594c7c6957a10fe64d9a50418d7ebd6119ac4141bc4db232dd795513f,8484,2
C:\SRS(ISIC_2019)\Dataset\MEL\ISIC_0033323.jpg,isic_0033323,4,bfd7862bc04ae1024da3ec1dad738399dc20ec5d4a413734dbef5ba229f4aee2,8492,2
C:\SRS(ISIC_2019)\Dataset\MEL\ISIC_0033324.jpg,isic_0033324,4,bd190da1a0c2477f9844da60a38958383b9bf9e722fbfa46210605c38484df94,8493,2
C:\SRS(ISIC_2019)\Dataset\MEL\ISIC_0033333.jpg,isic_0033333,4,eb9936c6a823842d6be0992a67e3ed7b0524b15d5c9e3801c76943177d3ce232,8495,2
C:\SRS(ISIC_2019)\Dataset\MEL\ISIC_0033368.jpg,isic_0033368,4,26525f6c51d66b0dabadd3407fb266d3d6eabc51de1ae86d2a172803abdb6c0d,8500,2
C:\SRS(ISIC_2019)\Dataset\MEL\ISIC_0033369.jpg,isic_0033369,4,952fff18d75a4e49573f4d70df05a57d6fe557c9c0e1d96874ca0d3fa6b54cff,8501,2
C:\SRS(ISIC_2019)\Dataset\MEL\ISIC_0033399.jpg,isic_0033399,4,8330b5f278a247c15bdfc6f8a5a7378f97e3e2bbf0aa3a7a6c392893ccf74437,8507,2
C:\SRS(ISIC_2019)\Dataset\MEL\ISIC_0033428.jpg,isic_0033428,4,6b9b47b8e5db8d661312c66b3718f6c0bbfe71cf7df12bf8736336b47e672d2a,8513,2
C:\SRS(ISIC_2019)\Dataset\MEL\ISIC_0033431.jpg,isic_0033431,4,c6b1a30885359f7e1358dc7d1fdca134a14d1ceb1d517d2871290c244d5469be,8515,2
C:\SRS(ISIC_2019)\Dataset\MEL\ISIC_0033479.jpg,isic_0033479,4,f23829822fe088b0eeed4a2f464825492b2992051d952a9fbc31d86edc005c20,8526,2
C:\SRS(ISIC_2019)\Dataset\MEL\ISIC_0033496.jpg,isic_0033496,4,d0f4b2b9cc718654b9255b7f9b9faf954c81f384455ba6472932505100a3d481,8529,2
C:\SRS(ISIC_2019)\Dataset\MEL\ISIC_0033498.jpg,isic_0033498,4,5d4472f0203ad93ef0d2ccf87b570a862e55008a7ab3f2456e82dcf6355ba4cd,8530,2
C:\SRS(ISIC_2019)\Dataset\MEL\ISIC_0033500.jpg,isic_0033500,4,d0c39b59f4d334078c739ce2271ae3a5a4f145e8310f906483ea80f4dbb97068,8531,2
C:\SRS(ISIC_2019)\Dataset\MEL\ISIC_0033533.jpg,isic_0033533,4,e86a4c7aa9708cfa6b7f9cbe7e82ab1d597feccccf525e5f54d26508dabd338c,8537,2
C:\SRS(ISIC_2019)\Dataset\MEL\ISIC_0033538.jpg,isic_0033538,4,d7db9b0bf6238c84ced895bfaedc0daeefa65ba4e1fac87c7d021acaccb75a84,8539,2
C:\SRS(ISIC_2019)\Dataset\MEL\ISIC_0033568.jpg,isic_0033568,4,b812637d13eb88cbac06ea10a7a3e7b5ccff939c7b44940bc745aa56985b298e,8545,2
C:\SRS(ISIC_2019)\Dataset\MEL\ISIC_0033570.jpg,isic_0033570,4,e2c0c5048c4c9e57c8c53a848b5e26f43e6175c119923305806eb24d38840c8d,8547,2
C:\SRS(ISIC_2019)\Dataset\MEL\ISIC_0033593.jpg,isic_0033593,4,f42e2e4695f1c97172d0e1bd6914fd63ac635a5a79455e7641e69fa2f34ae382,8551,2
C:\SRS(ISIC_2019)\Dataset\MEL\ISIC_0033607.jpg,isic_0033607,4,5e0179126e063779f2b35be9cb7f55395bb902d5765aa9fa7c9d3f2e18dbfcea,8555,2
C:\SRS(ISIC_2019)\Dataset\MEL\ISIC_0033611.jpg,isic_0033611,4,5c142a3693bc6622b4730862bebb231d161b43796cae024950e73bb382b101d2,8556,2
C:\SRS(ISIC_2019)\Dataset\MEL\ISIC_0033663.jpg,isic_0033663,4,1d836c0e4af9f178f4930a56607ac743ee76a5bdfa29f594a8588522a06ef60f,8571,2
C:\SRS(ISIC_2019)\Dataset\MEL\ISIC_0033668.jpg,isic_0033668,4,f6283357aee6d2d249a976756c508b96f12c6d6450bb26c2ef8f33bb69f6a52f,8572,2
C:\SRS(ISIC_2019)\Dataset\MEL\ISIC_0033670.jpg,isic_0033670,4,2401b6e306b23f54d857a20b2a737bd85c82641e979d8aad05c1a514dc03ba06,8573,2
C:\SRS(ISIC_2019)\Dataset\MEL\ISIC_0033678.jpg,isic_0033678,4,cff1f63f3a1fd9e5c7bb5676cb1e2b9bb26de7b94d8e8f83c8c6c565bef0fbd0,8574,2
C:\SRS(ISIC_2019)\Dataset\MEL\ISIC_0033696.jpg,isic_0033696,4,60ccff90c9d082df7bd3155ebc31d54e32cf3d4157ac9087150b8e24d5aab567,8577,2
C:\SRS(ISIC_2019)\Dataset\MEL\ISIC_0033725.jpg,isic_0033725,4,342d143137cad2307c9baf223c3e744916a5ab206af0edf232998b737dc5e630,8584,2
C:\SRS(ISIC_2019)\Dataset\MEL\ISIC_0033802.jpg,isic_0033802,4,5754bbef24e2d9d5a462dd5df172f4e04f2593ce81d43cdfc5b8784f5a21689a,8592,2
C:\SRS(ISIC_2019)\Dataset\MEL\ISIC_0033814.jpg,isic_0033814,4,231238d1a50585365ad83b5ad5cf2e61334dc566a09ca131b139f3cc8c57ab2c,8599,2
C:\SRS(ISIC_2019)\Dataset\MEL\ISIC_0033831.jpg,isic_0033831,4,fe1d4e3f91a8ac83f748300bf81c1b980d2e6c0b80c872ffa1c8d972bb631da9,8602,2
C:\SRS(ISIC_2019)\Dataset\MEL\ISIC_0033863.jpg,isic_0033863,4,454e26b866092d2ad2070a37e026da58cc6217b994e2f9f3761566a5494ad5ee,8607,2
C:\SRS(ISIC_2019)\Dataset\MEL\ISIC_0033871.jpg,isic_0033871,4,40506d257ced25265746c82f71302aabe368aaf6d1bcb67ebe0a9383e8c0b193,8608,2
C:\SRS(ISIC_2019)\Dataset\MEL\ISIC_0033872.jpg,isic_0033872,4,8d75b0247fd5cff5d16c417dceb30fc1ad225278f5748e23eaf6155b40db6c5e,8609,2
C:\SRS(ISIC_2019)\Dataset\MEL\ISIC_0033956.jpg,isic_0033956,4,62876c007372bc99d6f80b2fa4f20237545c667bed62ea9770c4a58fc1f12e36,8628,2
C:\SRS(ISIC_2019)\Dataset\MEL\ISIC_0033977.jpg,isic_0033977,4,0eb0bebfb0dc88031648da687b0523f5b54ad4d08dcaf6e6909bd071a2f47281,8634,2
C:\SRS(ISIC_2019)\Dataset\MEL\ISIC_0033999.jpg,isic_0033999,4,ed439780d14ab5daa0270a46b984e2c03c478fece45dab6a6d41fe7843848376,8640,2
C:\SRS(ISIC_2019)\Dataset\MEL\ISIC_0034022.jpg,isic_0034022,4,1dad6021397f4e3e82dd593682198c0d022abaaba323d13a546e0e6b25a81232,8646,2
C:\SRS(ISIC_2019)\Dataset\MEL\ISIC_0034028.jpg,isic_0034028,4,f15d8ce31af3a275cb87706d3e7d59df3901c8f1559749399113e299403fead5,8647,2
C:\SRS(ISIC_2019)\Dataset\MEL\ISIC_0034074.jpg,isic_0034074,4,38bb2c9c55855db7a2021ff15416d27523f8ae22fbf7b0af14a5ee08e0e068ec,8663,2
C:\SRS(ISIC_2019)\Dataset\MEL\ISIC_0034104.jpg,isic_0034104,4,4145e69f2e62cb06de026750b6c664bc28a60fb9ba6ce0a0f9329f1fc3dcfb50,8672,2
C:\SRS(ISIC_2019)\Dataset\MEL\ISIC_0034107.jpg,isic_0034107,4,cd9d732071f48b092e69693ba3f3dc4383456c418c0a4a6dde5dada2dbf4d353,8674,2
C:\SRS(ISIC_2019)\Dataset\MEL\ISIC_0034262.jpg,isic_0034262,4,aa398661cc8ab02e6164bc149e642ae77a9880683ed6f28dadfaecda9db09b97,8707,2
C:\SRS(ISIC_2019)\Dataset\MEL\ISIC_0053469.jpg,isic_0053469,4,6d090af83c4d4a50dfaa2744dba0da85f07bbc847dd41327c98ea3950e098ed1,8720,2
C:\SRS(ISIC_2019)\Dataset\MEL\ISIC_0053485.jpg,isic_0053485,4,1c3c9755b027b103d7b25108c64d251033fb8f5853e7741a09ed126dde4c35cf,8724,2
C:\SRS(ISIC_2019)\Dataset\MEL\ISIC_0053509.jpg,isic_0053509,4,26c4561035fced0f830b6c79c443767dad1f20cf8b76cc23cdb753ff3ad54847,8730,2
C:\SRS(ISIC_2019)\Dataset\MEL\ISIC_0053570.jpg,isic_0053570,4,0a8d34055757ccdc0b1db87cb1347e8862d06f60d4cc6415753cfe4763d55317,8739,2
C:\SRS(ISIC_2019)\Dataset\MEL\ISIC_0053691.jpg,isic_0053691,4,71df50793d65f9f7e0243003ee7d442077fae757b7ee990ac0de8b83aeed486d,8754,2
C:\SRS(ISIC_2019)\Dataset\MEL\ISIC_0053698.jpg,isic_0053698,4,863a81ea77f1a3512fc8d3ffb2d291de0306a0d4f3987235d0f9fc8309096bc7,8755,2
C:\SRS(ISIC_2019)\Dataset\MEL\ISIC_0053751.jpg,isic_0053751,4,2d70d4f93e3341902289d58cab28fe5fbe0af0524b187eb8fe9494a5e8017337,8763,2
C:\SRS(ISIC_2019)\Dataset\MEL\ISIC_0053827.jpg,isic_0053827,4,c501f945d23dcf5df50e49bae7e351b2cedf41c9c7696551c353925ab9a0bf9e,8781,2
C:\SRS(ISIC_2019)\Dataset\MEL\ISIC_0053841.jpg,isic_0053841,4,8c6db4e321e8f59ecd4b49d947e8a613516a7cf2d8fd98126b855a882e3b7c71,8784,2
C:\SRS(ISIC_2019)\Dataset\MEL\ISIC_0053846.jpg,isic_0053846,4,892eab58d078975c7e1bee7846a728e719064ec71d42af3361d591fcd3b931f9,8786,2
C:\SRS(ISIC_2019)\Dataset\MEL\ISIC_0053909.jpg,isic_0053909,4,1ec746163e8bd5fbae3c534e07e4d8f833a89a000c9274695fcf7e9ca396802c,8790,2
C:\SRS(ISIC_2019)\Dataset\MEL\ISIC_0053916.jpg,isic_0053916,4,31abb3a716027e5b185eb65d8fe17e0769cbfd11c1314316dff39b58ab62ab21,8791,2
C:\SRS(ISIC_2019)\Dataset\MEL\ISIC_0053971.jpg,isic_0053971,4,a5be1fb30b6257f838910a5b8ae2a64d2147563b18cb7cb081de7073e92e2e8f,8797,2
C:\SRS(ISIC_2019)\Dataset\MEL\ISIC_0053981.jpg,isic_0053981,4,b3d6cd472f430343dbee45bcd932d34b9948928964c661dee8903752e8aa9d4f,8800,2
C:\SRS(ISIC_2019)\Dataset\MEL\ISIC_0054006.jpg,isic_0054006,4,637fa06b9e1a1de2e66780a016d9d8fe188532f42f28379ed286d3c99eaad3d5,8803,2
C:\SRS(ISIC_2019)\Dataset\MEL\ISIC_0054021.jpg,isic_0054021,4,8d3a79561d2882c74334e3df46fc3dabf723c210feec2fa34e7a96eadd96ec0d,8804,2
C:\SRS(ISIC_2019)\Dataset\MEL\ISIC_0054079.jpg,isic_0054079,4,6265cbd541d184fd2a129a76ba136cf52262c19ed3f548d86580ebe77f70e3ea,8815,2
C:\SRS(ISIC_2019)\Dataset\MEL\ISIC_0054110.jpg,isic_0054110,4,50c43bbbcb24b9f80ea9718d410aab970c587034e994bfcdc361e01ed9285321,8822,2
C:\SRS(ISIC_2019)\Dataset\MEL\ISIC_0054146.jpg,isic_0054146,4,96063368b0f5e8d2350ce21b65e4225191505fb603c6f65fa63a0914dd962621,8827,2
C:\SRS(ISIC_2019)\Dataset\MEL\ISIC_0054193.jpg,isic_0054193,4,3d496781624c9af206c8274d10033cdb10269d3007a932ff53d1678e3ddc2794,8833,2
C:\SRS(ISIC_2019)\Dataset\MEL\ISIC_0054205.jpg,isic_0054205,4,6450d872dfb5f84f2e711f5350ea98536c756c95794782d3d0e5b41ce435e873,8836,2
C:\SRS(ISIC_2019)\Dataset\MEL\ISIC_0054244.jpg,isic_0054244,4,3f4143dd191ff4a208b7232010189943d9c0b05aba60e521b0699c2164983676,8843,2
C:\SRS(ISIC_2019)\Dataset\MEL\ISIC_0054355.jpg,isic_0054355,4,58fbeaf91e1ccbbfa4319ccf5f7d9ad4f4ae67a43fb1ecf9b519602307aa751f,8862,2
C:\SRS(ISIC_2019)\Dataset\MEL\ISIC_0054377.jpg,isic_0054377,4,b9bff235add24b0935a969772948b15711eb7a88cfb0148114f0ff0538ca1514,8864,2
C:\SRS(ISIC_2019)\Dataset\MEL\ISIC_0054395.jpg,isic_0054395,4,8f6af04a338f884714e16bfa354fdf426bd30e5ddd70cce15aa60be464e64def,8868,2
C:\SRS(ISIC_2019)\Dataset\MEL\ISIC_0054427.jpg,isic_0054427,4,f26dd005b40241890954471b9ca73402a42bbdbc056ce6f6d9be5bd7c47b9f02,8870,2
C:\SRS(ISIC_2019)\Dataset\MEL\ISIC_0054445.jpg,isic_0054445,4,b4aa2b0c5ba6dc611291daac33bd724425b5510185d60c3d8c2375626f91a176,8873,2
C:\SRS(ISIC_2019)\Dataset\MEL\ISIC_0054464.jpg,isic_0054464,4,8a42f11b726dac777ffcbc63031286e5b1086809385cfb41d04a4d1b394b18cd,8876,2
C:\SRS(ISIC_2019)\Dataset\MEL\ISIC_0054544.jpg,isic_0054544,4,622825a5c5709fb614d53300280ab4fd1b648a493143727b3258def51a731640,8888,2
C:\SRS(ISIC_2019)\Dataset\MEL\ISIC_0054568.jpg,isic_0054568,4,ec3b8ba083a9abcf9cff6353bf7459dc8a5af6b68720402608312d8380695c29,8889,2
C:\SRS(ISIC_2019)\Dataset\MEL\ISIC_0054624.jpg,isic_0054624,4,7132219cb7d29ae99c855b7ea008cb5307c89d34b403ead229acf6cc6f8fb0f0,8894,2
C:\SRS(ISIC_2019)\Dataset\MEL\ISIC_0054664.jpg,isic_0054664,4,808db476af04eba18cebf35fc578f6417e18947b29a83f416160d7069bb20937,8900,2
C:\SRS(ISIC_2019)\Dataset\MEL\ISIC_0054677.jpg,isic_0054677,4,f29bbacef9fef649b0053f3a9ab9767e38841a05e906e8bed3560dbf26694e54,8904,2
C:\SRS(ISIC_2019)\Dataset\MEL\ISIC_0054694.jpg,isic_0054694,4,8568c477874e7c0409c62e9793bd143b6bd2e16a5909f8f4f1952edfad97e56c,8906,2
C:\SRS(ISIC_2019)\Dataset\MEL\ISIC_0054728.jpg,isic_0054728,4,e937908bccdff27518f5624760a09b1f2e75c068df8a7d9f414694a685e5df9c,8910,2
C:\SRS(ISIC_2019)\Dataset\MEL\ISIC_0054787.jpg,isic_0054787,4,454cbcae0949b623c57aeaec8c17ac9da979db474917ac40ad5ef9eb3ea74b90,8920,2
C:\SRS(ISIC_2019)\Dataset\MEL\ISIC_0054852.jpg,isic_0054852,4,29e813850a764c51e9dc53dfb890a7127cce5b60c375e3c96968a44de0cb8437,8928,2
C:\SRS(ISIC_2019)\Dataset\MEL\ISIC_0054853.jpg,isic_0054853,4,b82c4b3016773eab1f9cb197ddc85015e383877c1800d8e772b3e1e598c6209d,8929,2
C:\SRS(ISIC_2019)\Dataset\MEL\ISIC_0054870.jpg,isic_0054870,4,ef5111f405ba8126c22b592f0ad95f161c444e46ed319830b481f828c03e5b48,8931,2
C:\SRS(ISIC_2019)\Dataset\MEL\ISIC_0054874.jpg,isic_0054874,4,224d7b8d93319ce6cfd650361574fe2d90798c1027601857c2740da3eba6f6a6,8932,2
C:\SRS(ISIC_2019)\Dataset\MEL\ISIC_0054979.jpg,isic_0054979,4,0854364740a26da15f41aa24d2bdaf3292ce868e0cdf88baf9ae6c659e4dbe74,8950,2
C:\SRS(ISIC_2019)\Dataset\MEL\ISIC_0055046.jpg,isic_0055046,4,8ffa6d9b12ce8c37a3bc6af5b242330400ecf8dcc3e417b04bd5352308f1aae4,8960,2
C:\SRS(ISIC_2019)\Dataset\MEL\ISIC_0055081.jpg,isic_0055081,4,27c3267a6ba0faf9d62ad9739fba64030ac8cf792412208e5dfe4ac211ed3a94,8965,2
C:\SRS(ISIC_2019)\Dataset\MEL\ISIC_0055086.jpg,isic_0055086,4,83c5d305476ae0f1f3ba250a6098c628eb217d13a2135b57ca7580521587b3a7,8966,2
C:\SRS(ISIC_2019)\Dataset\MEL\ISIC_0055087.jpg,isic_0055087,4,e5ebb0aae81f8ffdddb1763e856e05111a83442fe3ba37d4dc0fce7af7acb446,8967,2
C:\SRS(ISIC_2019)\Dataset\MEL\ISIC_0055147.jpg,isic_0055147,4,5750da3865e81e8620de3d9170eca64e77e9f5dacce5fe9cdfacd5fdd4294105,8974,2
C:\SRS(ISIC_2019)\Dataset\MEL\ISIC_0055156.jpg,isic_0055156,4,026179f0d55f5d3ea817f85cb4efca027408abf7321346dd332849513c0d72b2,8975,2
C:\SRS(ISIC_2019)\Dataset\MEL\ISIC_0055205.jpg,isic_0055205,4,a9f7b3c2739565902ef85b814e062fb17899e490616f49d24e92739e125c8249,8984,2
C:\SRS(ISIC_2019)\Dataset\MEL\ISIC_0055208.jpg,isic_0055208,4,a4900cb11e74e4eb782cab7da123ead3e3e75dc7dfa0811ecec8fc268ea65d0a,8985,2
C:\SRS(ISIC_2019)\Dataset\MEL\ISIC_0055287.jpg,isic_0055287,4,5ecd724d0bc5b26ecd15679856b6ace627cd0c254e5a15a6b10eeddfc1b491a4,8999,2
C:\SRS(ISIC_2019)\Dataset\MEL\ISIC_0055297.jpg,isic_0055297,4,97a6cf47497e7b5660021630fc969e4269613793a41f0d10f8501f130d8e037a,9003,2
C:\SRS(ISIC_2019)\Dataset\MEL\ISIC_0055309.jpg,isic_0055309,4,910b11b0c201b706f894442345199b91c79ed6b49304ca16b9c11fdbe1772430,9004,2
C:\SRS(ISIC_2019)\Dataset\MEL\ISIC_0055318.jpg,isic_0055318,4,bf6822e409fff94b2821505612ad1771a1f864cf7772db38e1298759ce93b7b6,9008,2
C:\SRS(ISIC_2019)\Dataset\MEL\ISIC_0055367.jpg,isic_0055367,4,945a2ff2a03ecffb5ec5759666baa085e30abeed2fc778cd0ba855f47ec0c919,9015,2
C:\SRS(ISIC_2019)\Dataset\MEL\ISIC_0055376.jpg,isic_0055376,4,ee89306b51c7d19d88ae494fc35781f4171bf7c432bfdaee74593ee2effd5189,9016,2
C:\SRS(ISIC_2019)\Dataset\MEL\ISIC_0055451.jpg,isic_0055451,4,09f4d88f24461c33164ef90f075e7ee9e348176b4f4345e86081945da35e38cf,9026,2
C:\SRS(ISIC_2019)\Dataset\MEL\ISIC_0055465.jpg,isic_0055465,4,b1c011a0d1bb47358c271bd888512d1804a2f49b2c59f65c9c224814b887e05f,9033,2
C:\SRS(ISIC_2019)\Dataset\MEL\ISIC_0055468.jpg,isic_0055468,4,1080d5b77c8d3082e051eef030d088a69c1df8677fdb8da2f56f6fbefabb970f,9035,2
C:\SRS(ISIC_2019)\Dataset\MEL\ISIC_0055496.jpg,isic_0055496,4,b5741b9e95accb0bb01bc9db03f68fc9afe33371b1b7bfa77148322b7fa33572,9039,2
C:\SRS(ISIC_2019)\Dataset\MEL\ISIC_0055513.jpg,isic_0055513,4,492751a798ab30f6da302cbcc4e7858ae0eef4133257f1586c4ca1482ba41a68,9043,2
C:\SRS(ISIC_2019)\Dataset\MEL\ISIC_0055549.jpg,isic_0055549,4,03b81b8c310b275400f1319fa0b89e7e08748c116a9dbfc602b150e336a55c20,9049,2
C:\SRS(ISIC_2019)\Dataset\MEL\ISIC_0055624.jpg,isic_0055624,4,8a33b290d75c2e1a503564853d8672bb9978ec1a13f81cfe9acbe6282aa2579a,9054,2
C:\SRS(ISIC_2019)\Dataset\MEL\ISIC_0055660.jpg,isic_0055660,4,6b92e009e354f2c4a05b7b4401bc74b2cfd87071b412641fa40dec9748a0ef2c,9057,2
C:\SRS(ISIC_2019)\Dataset\MEL\ISIC_0055707.jpg,isic_0055707,4,5e9cffa5997021b5d95d90c8bb0dcadbdc8096870859e5c8760212900233301c,9064,2
C:\SRS(ISIC_2019)\Dataset\MEL\ISIC_0055714.jpg,isic_0055714,4,ee2a45c9bab4f6d2b1313565e3614fa7b85693042a3a610cbccc9ae5ab450ba2,9066,2
C:\SRS(ISIC_2019)\Dataset\MEL\ISIC_0055781.jpg,isic_0055781,4,b57fb7d475c59c962ed3dedee0ff48dceab23e86868b19fe4448841e993f8a37,9077,2
C:\SRS(ISIC_2019)\Dataset\MEL\ISIC_0055796.jpg,isic_0055796,4,ea5ae8b6e49d7a738c74ab2ef0d2afded799e2f59704cfac3e67adfa60658b02,9079,2
C:\SRS(ISIC_2019)\Dataset\MEL\ISIC_0055825.jpg,isic_0055825,4,25431bfe2a9a5d9604efbad0c70e172848a6c799d981fe2f29077891d4b7dde3,9087,2
C:\SRS(ISIC_2019)\Dataset\MEL\ISIC_0055828.jpg,isic_0055828,4,6152c3b5d3a1e685b57329f5b16d6e29a2fa30edd709d83334999fbab74aa95f,9088,2
C:\SRS(ISIC_2019)\Dataset\MEL\ISIC_0055876.jpg,isic_0055876,4,38b05e25c6df1549c0ff5d1a95349f92a8e1610eccb5dc8ca618ff02ed1eb20d,9094,2
C:\SRS(ISIC_2019)\Dataset\MEL\ISIC_0055907.jpg,isic_0055907,4,5780503c2256f230d7e284b3f8eefc83e5e5353752862a8c480725e8c9839723,9100,2
C:\SRS(ISIC_2019)\Dataset\MEL\ISIC_0055937.jpg,isic_0055937,4,07a2ed63a369ca56d5891a469ad746f540592dbeb458a47ed3c6bc6af809ab8b,9106,2
C:\SRS(ISIC_2019)\Dataset\MEL\ISIC_0056046.jpg,isic_0056046,4,b87d24f02347eb68d017d614331d3f1a22f33224ad63ffc70a2a32b1bebaf8d5,9117,2
C:\SRS(ISIC_2019)\Dataset\MEL\ISIC_0056072.jpg,isic_0056072,4,709a6328c1eeb31d936e52573aa4022da7d3872dc001b4d4986dec2dea4d7a16,9120,2
C:\SRS(ISIC_2019)\Dataset\MEL\ISIC_0056089.jpg,isic_0056089,4,f31890e2e70f6ae73fb43702a294c224312a23abd0a33c6194c5a3897c117b61,9122,2
C:\SRS(ISIC_2019)\Dataset\MEL\ISIC_0056138.jpg,isic_0056138,4,bf8f8b7efb12ae4c25502fb295c322054bd1dd1ce029e555513ed232f8d5535c,9131,2
C:\SRS(ISIC_2019)\Dataset\MEL\ISIC_0056141.jpg,isic_0056141,4,306802f84f532e4b84d9573057aa00bddd5dab76fdc44d728467015fd2a8e7d8,9132,2
C:\SRS(ISIC_2019)\Dataset\MEL\ISIC_0056152.jpg,isic_0056152,4,7e6beafd182522f76d1f80420a9c62058b9500ca8c94cedd275a39d5f98f23f8,9133,2
C:\SRS(ISIC_2019)\Dataset\MEL\ISIC_0056221.jpg,isic_0056221,4,c393f618ccc33a5915eac69b9de3f06077c12ba2f4d2501835ff09e6d49eb95c,9147,2
C:\SRS(ISIC_2019)\Dataset\MEL\ISIC_0056246.jpg,isic_0056246,4,9a0e51b941559376e02200acedd28750af704208210bc5da12a5b8dd2fcc2b2a,9151,2
C:\SRS(ISIC_2019)\Dataset\MEL\ISIC_0056263.jpg,isic_0056263,4,7c33a74b4ae5fc2ee599003a7aa27b88bc70e25323215f2dc1a917023d167165,9154,2
C:\SRS(ISIC_2019)\Dataset\MEL\ISIC_0056269.jpg,isic_0056269,4,e3052b7e44d4e17ba0123319afe5e7f5026ea35af0cc57525de0315389e31805,9155,2
C:\SRS(ISIC_2019)\Dataset\MEL\ISIC_0056436.jpg,isic_0056436,4,5ad481e545e7ef2246be0455a13a5c1a05497b27b3975ccadd3cbbbc3f9068ce,9173,2
C:\SRS(ISIC_2019)\Dataset\MEL\ISIC_0056440.jpg,isic_0056440,4,983b75ccaf2392ddc80578fd176e7f414223838eb3a57a062d006f325068b240,9174,2
C:\SRS(ISIC_2019)\Dataset\MEL\ISIC_0056483.jpg,isic_0056483,4,909f4c6a7001366d8d03741d43153729caeec61034c10cb983af754a9ec615b7,9177,2
C:\SRS(ISIC_2019)\Dataset\MEL\ISIC_0056501.jpg,isic_0056501,4,625a65194103eef2e72b172b946c867068c3e7686e032c18821efdf2850f73a3,9181,2
C:\SRS(ISIC_2019)\Dataset\MEL\ISIC_0056511.jpg,isic_0056511,4,c0182a5f765c23995a8fef0fb30c7500a05a724eac0f33694195e0bf71b9ea01,9182,2
C:\SRS(ISIC_2019)\Dataset\MEL\ISIC_0056525.jpg,isic_0056525,4,8ae1344ff10890572868551ec96322e018ee0a8015bb38980d8013bf373c37d3,9183,2
C:\SRS(ISIC_2019)\Dataset\MEL\ISIC_0056604.jpg,isic_0056604,4,e519daa8385fce1de530ab1c439238cffe2c464bf4586f3bd23c37afcd6bad83,9192,2
C:\SRS(ISIC_2019)\Dataset\MEL\ISIC_0056614.jpg,isic_0056614,4,416d34acacc2df7411ad15b9187ef6d5a38b34456333a59773e48589cf0a8215,9193,2
C:\SRS(ISIC_2019)\Dataset\MEL\ISIC_0056788.jpg,isic_0056788,4,e4ca7056aaabd8b7a5ee8107d53ebd9e26d64b9542ba973b4da807e78dfe9631,9222,2
C:\SRS(ISIC_2019)\Dataset\MEL\ISIC_0056796.jpg,isic_0056796,4,9c83cab0865d6d5eb452900a115470cb5b96d42871eb870d5e946ac4721d7038,9225,2
C:\SRS(ISIC_2019)\Dataset\MEL\ISIC_0056849.jpg,isic_0056849,4,5a167ba6ea852e97d7fe05ce29f276be9be5909edc337503a9e7d26bfd4845ca,9232,2
C:\SRS(ISIC_2019)\Dataset\MEL\ISIC_0056921.jpg,isic_0056921,4,e85f05d3b42d9b89a402c6a1399d8ccfd67211ead3232cf5445d8377d60e7ae8,9242,2
C:\SRS(ISIC_2019)\Dataset\MEL\ISIC_0056937.jpg,isic_0056937,4,8b7fd493448c9ef127ffa4cf217e49668d9ddedd46c97bdb2242f77d27e8eca3,9245,2
C:\SRS(ISIC_2019)\Dataset\MEL\ISIC_0056979.jpg,isic_0056979,4,47e1b4eebc0e8a76f94c7fb48d96455b22f1fad27c675cda81746649b2044f23,9252,2
C:\SRS(ISIC_2019)\Dataset\MEL\ISIC_0056981.jpg,isic_0056981,4,c470d0584a64ecf9d5df768d64235f13218dfc5f53ab8d4936970f5b2a44e533,9253,2
C:\SRS(ISIC_2019)\Dataset\MEL\ISIC_0056991.jpg,isic_0056991,4,04387ccd7b1737b3d1fbfa18c7aae9702ba500e1b7f2e7a5db6a5ea2f82c4bf9,9257,2
C:\SRS(ISIC_2019)\Dataset\MEL\ISIC_0057015.jpg,isic_0057015,4,13fb0014d4f5248353b2ca310c874c1b077533a16eb9ae6318b07894da2ab7cb,9260,2
C:\SRS(ISIC_2019)\Dataset\MEL\ISIC_0057016.jpg,isic_0057016,4,bc7625b68dd9f88741320ff5f6452df2b259aac753d846d865a78fb8ccd33e81,9261,2
C:\SRS(ISIC_2019)\Dataset\MEL\ISIC_0057025.jpg,isic_0057025,4,d81b33eef35330433f2e18e4519bb7d6af7a70055a21c2afd53c64a0ad4bc835,9263,2
C:\SRS(ISIC_2019)\Dataset\MEL\ISIC_0057061.jpg,isic_0057061,4,282f7b1f2f57a8eadb5cde2ac35792620c0b2109ba87adfe85caf90297abd8aa,9269,2
C:\SRS(ISIC_2019)\Dataset\MEL\ISIC_0057286.jpg,isic_0057286,4,05f9353052bf3146e0b2919b2410b58ab1f33b877a37f314b4dff487a41d7367,9295,2
C:\SRS(ISIC_2019)\Dataset\MEL\ISIC_0057299.jpg,isic_0057299,4,f93c7d22363f068f3e050714bcd673fee575006d575b35564efcd61e003f4252,9296,2
C:\SRS(ISIC_2019)\Dataset\MEL\ISIC_0057344.jpg,isic_0057344,4,d415fd1b37e4efcda8f610e6453a103f7d4abdb93c1eb1924fe7afe7969bc3fb,9305,2
C:\SRS(ISIC_2019)\Dataset\MEL\ISIC_0057408.jpg,isic_0057408,4,b52c394d12e2b3964dfa017d2f6f3556a34a22d48e5744f6363c1c31b5bf43e6,9315,2
C:\SRS(ISIC_2019)\Dataset\MEL\ISIC_0057518.jpg,isic_0057518,4,39bf97b1ce34e2620354082d6979399beaf2b841f10ceeaa21eb36d0850bdc15,9324,2
C:\SRS(ISIC_2019)\Dataset\MEL\ISIC_0057594.jpg,isic_0057594,4,4ca3a94fe6e771c398e20896848a8965b8e2790c0ed9f50f8242ac4f6c8ef754,9335,2
C:\SRS(ISIC_2019)\Dataset\MEL\ISIC_0057609.jpg,isic_0057609,4,f6094a3c6db9235b13777d429a0461f9dbdef98834e1608b0e6d6bc9c11d4a40,9336,2
C:\SRS(ISIC_2019)\Dataset\MEL\ISIC_0057702.jpg,isic_0057702,4,eb2d2a94626753b7fc718ee772b03814221e10e78c3424259ade8a5eece403d7,9350,2
C:\SRS(ISIC_2019)\Dataset\MEL\ISIC_0057716.jpg,isic_0057716,4,a195e948fe9146a8e0490f959d803ea5942ea1b8e04a04aea8041d9035bf43c6,9352,2
C:\SRS(ISIC_2019)\Dataset\MEL\ISIC_0057736.jpg,isic_0057736,4,bd5f290d2a03447a41b2d65f5e8e30bab3a935062fa68ce35db5441ffd6ad607,9358,2
C:\SRS(ISIC_2019)\Dataset\MEL\ISIC_0057747.jpg,isic_0057747,4,33ee0128ebb2c8a15c98144ff38dee1c2aaf86712bd238b34fa29fccae9682c1,9360,2
C:\SRS(ISIC_2019)\Dataset\MEL\ISIC_0057753.jpg,isic_0057753,4,492c3e677d859334ffc9d956cf7e81c772aade365f7ad2990a43bf1461f8ec15,9361,2
C:\SRS(ISIC_2019)\Dataset\MEL\ISIC_0057759.jpg,isic_0057759,4,52ee4203dd7ff8f90a96e5d735e39af39507cfe8d7b4beca5a5c006e3841a13b,9362,2
C:\SRS(ISIC_2019)\Dataset\MEL\ISIC_0057762.jpg,isic_0057762,4,75eaddd9ff3bb36cc4ee5bde81ce393ad88fd1183d18cb1264e5bf7b1e809301,9363,2
C:\SRS(ISIC_2019)\Dataset\MEL\ISIC_0057771.jpg,isic_0057771,4,35ba5bf8a3f8fea91b8a28bb88c835ea405e4603a7b6877d8e42a8e55e31d956,9364,2
C:\SRS(ISIC_2019)\Dataset\MEL\ISIC_0057823.jpg,isic_0057823,4,fbdb4da0c141dc1e01e555a496ca6b62705f03477ee675e6be9c6ae1e48ee96b,9370,2
C:\SRS(ISIC_2019)\Dataset\MEL\ISIC_0057828.jpg,isic_0057828,4,14f97e7c30b68996c65887efcc463138aa6f834d8310997cdf31c699e71e31b0,9371,2
C:\SRS(ISIC_2019)\Dataset\MEL\ISIC_0057864.jpg,isic_0057864,4,985d42a228c234306ea95bb2bcc4d48344be91fb0583fc26e730bbcf39028b65,9375,2
C:\SRS(ISIC_2019)\Dataset\MEL\ISIC_0057870.jpg,isic_0057870,4,ecb15a23628202146c3d7bc6d1dd6002840de5d61d99ecc5d9946779808a2c97,9376,2
C:\SRS(ISIC_2019)\Dataset\MEL\ISIC_0057884.jpg,isic_0057884,4,1eb78bccdcd12241287f69c0788f0f2a235d8113b048f7631ac20d4fe893fa5f,9378,2
C:\SRS(ISIC_2019)\Dataset\MEL\ISIC_0057947.jpg,isic_0057947,4,d9b0562a60686a242d0cc67e4699eb4d449d1e88bffe18f0eb25fe36f71d01df,9386,2
C:\SRS(ISIC_2019)\Dataset\MEL\ISIC_0057953.jpg,isic_0057953,4,c38571beedec865c046065386676d1a0d87c58f9dfae61b966534193bde9a424,9388,2
C:\SRS(ISIC_2019)\Dataset\MEL\ISIC_0058021.jpg,isic_0058021,4,348350eac281e52efdc68e36a8937c1562b0d511eed495ea4ac7c64561a975c7,9402,2
C:\SRS(ISIC_2019)\Dataset\MEL\ISIC_0058033.jpg,isic_0058033,4,a856d7017d15db609e9ea71fb47e3b2bedb100127e07f14144bcfd811ce379c4,9405,2
C:\SRS(ISIC_2019)\Dataset\MEL\ISIC_0058040.jpg,isic_0058040,4,7ab23c11286478fa9e1af36b770c253135bbc36e8c3cd0dd1688ad135908c8ab,9407,2
C:\SRS(ISIC_2019)\Dataset\MEL\ISIC_0058047.jpg,isic_0058047,4,453e8e896b33061cd4ef16f3f5a25cc2f9591e2c09d2b8930f10a647021e32b7,9409,2
C:\SRS(ISIC_2019)\Dataset\MEL\ISIC_0058059.jpg,isic_0058059,4,217949a5663dd9619875179d72758dde3613ddf8c41bcfc712e88be29093b69a,9411,2
C:\SRS(ISIC_2019)\Dataset\MEL\ISIC_0058075.jpg,isic_0058075,4,392f36309d49a438a5384655a324995f8ebb27424a2c0586d3959daa9668a017,9413,2
C:\SRS(ISIC_2019)\Dataset\MEL\ISIC_0058118.jpg,isic_0058118,4,c4eb885991ae12945f4e3137300b93a318024142bd15ce17f90d594c5f5857cc,9417,2
C:\SRS(ISIC_2019)\Dataset\MEL\ISIC_0058168.jpg,isic_0058168,4,22fccbe8351568b1f6d19a5616d7cd2c180acb8353b1ff02ed4f874ac1fbe64a,9426,2
C:\SRS(ISIC_2019)\Dataset\MEL\ISIC_0058206.jpg,isic_0058206,4,85a5affa1e98e043df59d6ba61a54657f229787a262c9eee754f065f8be7fb09,9432,2
C:\SRS(ISIC_2019)\Dataset\MEL\ISIC_0058255.jpg,isic_0058255,4,285d0374a0b5538c2a864a782d560a275ee8325aca9a9a47e08e63f3227c9849,9438,2
C:\SRS(ISIC_2019)\Dataset\MEL\ISIC_0058285.jpg,isic_0058285,4,99bba9300ea4f78f9e56bd73591e5d6879be31b3c8d5e464ba1700a2a0ff39cc,9442,2
C:\SRS(ISIC_2019)\Dataset\MEL\ISIC_0058315.jpg,isic_0058315,4,7cacf7ce93b5d8b4229679443be63842bf51dd0ccd3d7a32ae5c58286334bab0,9446,2
C:\SRS(ISIC_2019)\Dataset\MEL\ISIC_0058362.jpg,isic_0058362,4,ea4f45ffec32908996f85fdc6877d713d544ee846e10b207dfd36aed95e8d417,9454,2
C:\SRS(ISIC_2019)\Dataset\MEL\ISIC_0058367.jpg,isic_0058367,4,c01516ede6970d258a19aafbf2db7b151a7b0eb781e5a94e5e022c668dc53a18,9456,2
C:\SRS(ISIC_2019)\Dataset\MEL\ISIC_0058376.jpg,isic_0058376,4,cc5010b2ba515c269b8100f7775ef21913ab57033de821c5f85c78d508f3547b,9458,2
C:\SRS(ISIC_2019)\Dataset\MEL\ISIC_0058380.jpg,isic_0058380,4,f5a588976981806d0bafa4e755c80bb5580c76ea17bde621037bb1ada06f3493,9459,2
C:\SRS(ISIC_2019)\Dataset\MEL\ISIC_0058425.jpg,isic_0058425,4,6676a9e841a114dd16e9c80fea20d43955159c9af1d84ca3f54dd4dd0431bb64,9466,2
C:\SRS(ISIC_2019)\Dataset\MEL\ISIC_0058508.jpg,isic_0058508,4,60eba16eea0ccd64ee52fe026c7a3117c80ccf6ddf80a293257e35570238529b,9479,2
C:\SRS(ISIC_2019)\Dataset\MEL\ISIC_0058518.jpg,isic_0058518,4,f8324cc4315735447aed875fd10c69790d219ea7b4cc656da3f2330e19abaab8,9481,2
C:\SRS(ISIC_2019)\Dataset\MEL\ISIC_0058544.jpg,isic_0058544,4,571fd029d838220cc96d799e34ce89eb8dd2884d1795a8c9d2ed1e027d6dfc96,9483,2
C:\SRS(ISIC_2019)\Dataset\MEL\ISIC_0058617.jpg,isic_0058617,4,f80cf7cc79edee891ff643da98421b155dcc3b08444c06fa18cea70b9019aa29,9491,2
C:\SRS(ISIC_2019)\Dataset\MEL\ISIC_0058644.jpg,isic_0058644,4,b65a9955f8f977a091a0cb62dba7612c77511a51561ba0383947130c838d13ad,9494,2
C:\SRS(ISIC_2019)\Dataset\MEL\ISIC_0058666.jpg,isic_0058666,4,24b659bea7dcc35977a2c6ee39b5da9e64b39852ffe5c101c1321a3be2036407,9502,2
C:\SRS(ISIC_2019)\Dataset\MEL\ISIC_0058676.jpg,isic_0058676,4,e1c1cddbc624b51a594de7b788b683b4f89680ec723305c18cc019a095143f65,9503,2
C:\SRS(ISIC_2019)\Dataset\MEL\ISIC_0058768.jpg,isic_0058768,4,00d34948e7e4186b8de2ccd00cc45d36fd92d70122ddeb602617d5b97312ed25,9511,2
C:\SRS(ISIC_2019)\Dataset\MEL\ISIC_0058770.jpg,isic_0058770,4,caaddc4c7681a53ea3f245b88a598e93d08aa86f203b3dd5fa5e34bb5bffa0e7,11562,2
C:\SRS(ISIC_2019)\Dataset\MEL\ISIC_0058863.jpg,isic_0058863,4,faf572dd5a505ff71fe4f0e8b6b8444829cd32f86dedb9f3e7b0b66233b48c4b,9525,2
C:\SRS(ISIC_2019)\Dataset\MEL\ISIC_0058909.jpg,isic_0058909,4,38cc61b9795e2878652049a093eb3156f9f25207d6708d69bef4e34b0bf1818a,9531,2
C:\SRS(ISIC_2019)\Dataset\MEL\ISIC_0058947.jpg,isic_0058947,4,f82cd78c2b6c61e840453acd7fb35bd3c168f5cccfdf1d35c5b6989d5b487429,9535,2
C:\SRS(ISIC_2019)\Dataset\MEL\ISIC_0059005.jpg,isic_0059005,4,a952c8039610e2a01d2cc85ae87f5947cb01ec7724054a61bbe0f9382aa8ce11,9539,2
C:\SRS(ISIC_2019)\Dataset\MEL\ISIC_0059074.jpg,isic_0059074,4,be8332990f7bdf21d78ed10ecb30993497d03a6b2fdb0774ae1166d8452f8d84,9548,2
C:\SRS(ISIC_2019)\Dataset\MEL\ISIC_0059089.jpg,isic_0059089,4,492890449523bc225a7d24394cbb971a56256f74a0e6833f54ace289611c3ce6,9553,2
C:\SRS(ISIC_2019)\Dataset\MEL\ISIC_0059178.jpg,isic_0059178,4,3161149567c4cdddd8d70c63d02e347c866505f4c6071115237c7fa556ee2fc3,9565,2
C:\SRS(ISIC_2019)\Dataset\MEL\ISIC_0059181.jpg,isic_0059181,4,e48fe2ab2357d7bc3d932759c5630088c2d9bdf8550d2b0b5c3a294e9326db6f,9566,2
C:\SRS(ISIC_2019)\Dataset\MEL\ISIC_0059229.jpg,isic_0059229,4,0dfdd28fa2bff65ffaed75a87ca658f00371dde77e0dc9a93d625d757fbd4713,9572,2
C:\SRS(ISIC_2019)\Dataset\MEL\ISIC_0059291.jpg,isic_0059291,4,263c9fa301a4ac9193f785b7210bc8879cc6dd424b06165636725625bbc706af,9580,2
C:\SRS(ISIC_2019)\Dataset\MEL\ISIC_0059294.jpg,isic_0059294,4,f8e1d4a9abeb617d3f62174199245379f3f307d08b007c95d927b7edc92d3de9,9581,2
C:\SRS(ISIC_2019)\Dataset\MEL\ISIC_0059353.jpg,isic_0059353,4,959a61057353ad71840fcdb80c576195802e1fd0607b833514f77584cd9f6cc8,9592,2
C:\SRS(ISIC_2019)\Dataset\MEL\ISIC_0059382.jpg,isic_0059382,4,8ef96af5a857baec2bedaf2c084348bd50e8a992bc660d7d25f5a647b223bb9f,9596,2
C:\SRS(ISIC_2019)\Dataset\MEL\ISIC_0059424.jpg,isic_0059424,4,bcd4a58ada91978904e75e34320bb523840f78d7378514dafda9a46df1d85db5,9604,2
C:\SRS(ISIC_2019)\Dataset\MEL\ISIC_0059547.jpg,isic_0059547,4,73591dae580da930c2de3d467dc092d8766a30786238fdab91c6e28a45d8c68b,9626,2
C:\SRS(ISIC_2019)\Dataset\MEL\ISIC_0059601.jpg,isic_0059601,4,b16ac2b572350b54abea8cebe06356ffe2c06da7c21e06be8a5971927d28c4fb,9633,2
C:\SRS(ISIC_2019)\Dataset\MEL\ISIC_0059707.jpg,isic_0059707,4,a3bb3a85376618b94ce0ad7def398609c08fae35f950e99a076ad308301e4d71,9647,2
C:\SRS(ISIC_2019)\Dataset\MEL\ISIC_0059733.jpg,isic_0059733,4,12ae445b853d1672a2438f3c27eafa320100da8f5aeadc415d8b0cbfb77af5c8,9648,2
C:\SRS(ISIC_2019)\Dataset\MEL\ISIC_0059840.jpg,isic_0059840,4,6265b6c9fa53da4e25b945657fb74c7d6c3ee698073b167b0eb565f49066292d,9665,2
C:\SRS(ISIC_2019)\Dataset\MEL\ISIC_0059869.jpg,isic_0059869,4,3f39fec00179bc0f8835b21013958a099db2fdfe4b0970bff0f17581b13afad0,9668,2
C:\SRS(ISIC_2019)\Dataset\MEL\ISIC_0059879.jpg,isic_0059879,4,bf8921766d11d3e82d48aced561101b9ccec00292fdf06724e3d0cc16284cdcb,9669,2
C:\SRS(ISIC_2019)\Dataset\MEL\ISIC_0060032.jpg,isic_0060032,4,8fc2312a202688739564a884789b71fa2a3c93367db2d683e5e648939c08af55,9687,2
C:\SRS(ISIC_2019)\Dataset\MEL\ISIC_0060033.jpg,isic_0060033,4,f1b4ace7275e77d2f87e4d770a19526ef174d1526d9873852969704e7c8c87f8,9688,2
C:\SRS(ISIC_2019)\Dataset\MEL\ISIC_0060148.jpg,isic_0060148,4,3d17eddd0603076e8421835fa6047e70b0bef60d6423636b0590fa4cb90796fe,9701,2
C:\SRS(ISIC_2019)\Dataset\MEL\ISIC_0060233.jpg,isic_0060233,4,f9eb3826fc162b088a66502b49105632a1550b6a4110f30bf794065c55b2872d,9717,2
C:\SRS(ISIC_2019)\Dataset\MEL\ISIC_0060239.jpg,isic_0060239,4,90cb4aceee99534c0c37b94fc9905b12d8d5beded89100a68fe042aac94dcaba,9719,2
C:\SRS(ISIC_2019)\Dataset\MEL\ISIC_0060266.jpg,isic_0060266,4,c3ea5b24bf8b31a7237eff61cebbbc1cb89843c6b0dd22ed2fc09deca2c98c5b,9723,2
C:\SRS(ISIC_2019)\Dataset\MEL\ISIC_0060270.jpg,isic_0060270,4,b11405a58c341c3e13b898ff59f3dd12053c8c8721a55be43e812d9c209c87f8,9724,2
C:\SRS(ISIC_2019)\Dataset\MEL\ISIC_0060341.jpg,isic_0060341,4,69c0aad00b1ca096adff3df53befa35cfa452a91d233307218c85c7172992fab,9732,2
C:\SRS(ISIC_2019)\Dataset\MEL\ISIC_0060380.jpg,isic_0060380,4,09c975f9d37a6323d0b6f93c08af7194c7108d7f08897df92c514c27b316535b,9738,2
C:\SRS(ISIC_2019)\Dataset\MEL\ISIC_0060390.jpg,isic_0060390,4,7828bb55c374eaf09f0925a76801dd1074482afd0f411952dac5f93960aabdfb,9740,2
C:\SRS(ISIC_2019)\Dataset\MEL\ISIC_0060393.jpg,isic_0060393,4,8f6342074d0c8327a0d9bcd8acb0e850b104099e8ca0fcb9bbb712e7349ac787,9741,2
C:\SRS(ISIC_2019)\Dataset\MEL\ISIC_0060403.jpg,isic_0060403,4,2611b3441a12c8f56e625591190e651a73dd9239c4573a7dc6b665f112843527,9744,2
C:\SRS(ISIC_2019)\Dataset\MEL\ISIC_0060431.jpg,isic_0060431,4,0043b81347a1b876de837dfe900823e1964f5bee5ff5ce5f78837b341bfba24e,9746,2
C:\SRS(ISIC_2019)\Dataset\MEL\ISIC_0060508.jpg,isic_0060508,4,9db4fa58a016185d36920d9e05878eb7facc1b3711d857641ce9397554e6acca,9755,2
C:\SRS(ISIC_2019)\Dataset\MEL\ISIC_0060511.jpg,isic_0060511,4,f6791d6f4713202860d33e504dad013524d33411c180af56ac43fcbc4cf747de,9757,2
C:\SRS(ISIC_2019)\Dataset\MEL\ISIC_0060521.jpg,isic_0060521,4,242b824758f4e52f14f1de71e034e29452947b0dd4679bc0a57fea1f74e6a6f5,9758,2
C:\SRS(ISIC_2019)\Dataset\MEL\ISIC_0060555.jpg,isic_0060555,4,6c843210fb3f948c8f80c34096b3732684ec999d5447f2240cf6c4922e6dff20,9761,2
C:\SRS(ISIC_2019)\Dataset\MEL\ISIC_0060577.jpg,isic_0060577,4,63956339b5d88055953660e9e38b06c4581550dc08d47fa85ab7424f7e53a26e,9765,2
C:\SRS(ISIC_2019)\Dataset\MEL\ISIC_0060589.jpg,isic_0060589,4,9122033b89c2bfd70654d3691a8a271769346f759f4c41c3bab36340df9910d3,9768,2
C:\SRS(ISIC_2019)\Dataset\MEL\ISIC_0060671.jpg,isic_0060671,4,69c0c728678084545da9a9189729bf3a2bb4d185c0f49edf16f99ca7e6a13436,9781,2
C:\SRS(ISIC_2019)\Dataset\MEL\ISIC_0060677.jpg,isic_0060677,4,a4792c9bcc22aeffbd3a649569501d810734063ff30803d41792e6cf1b871781,9783,2
C:\SRS(ISIC_2019)\Dataset\MEL\ISIC_0060718.jpg,isic_0060718,4,8332fc04e251ade313841605a37b2e72eea4bc2d6ef10fca48ce8053c01a6451,9792,2
C:\SRS(ISIC_2019)\Dataset\MEL\ISIC_0060741.jpg,isic_0060741,4,20c1728d97d4d39a432ff427f5be08b29aacaf908c2f0b5d00c20fac2202547c,9796,2
C:\SRS(ISIC_2019)\Dataset\MEL\ISIC_0060827.jpg,isic_0060827,4,a960fbb7cc4eeab8eacde487dd722edc7c8557e3757d33a942c9a5b74d19b148,9805,2
C:\SRS(ISIC_2019)\Dataset\MEL\ISIC_0060832.jpg,isic_0060832,4,53535f86e5ce4c19ad770ecd836750f5695d3cdd7a37e76868ef07170652e979,9807,2
C:\SRS(ISIC_2019)\Dataset\MEL\ISIC_0060962.jpg,isic_0060962,4,ddb8b48ad0a5ba5201a50429536d17488e2b322a4222cc699f03e291efe55f60,9822,2
C:\SRS(ISIC_2019)\Dataset\MEL\ISIC_0060994.jpg,isic_0060994,4,e35c662d19189689416437de7687fdf154b2f2717ffbd1094380e6a981b2a5ff,9829,2
C:\SRS(ISIC_2019)\Dataset\MEL\ISIC_0061003.jpg,isic_0061003,4,3a8dbe8921d24417e3d90d6047013af75b953f2438e3950a5d6eb72e8a5f81c3,9833,2
C:\SRS(ISIC_2019)\Dataset\MEL\ISIC_0061011.jpg,isic_0061011,4,c7611db479a95be0faae07b1fd62cf1be81d4fceb554c83ddcc75785a5892f20,9836,2
C:\SRS(ISIC_2019)\Dataset\MEL\ISIC_0061057.jpg,isic_0061057,4,70ebecb8ce021a9b7db9b71eeaf1b4f03d2a31a11aafb923d8c5663d21cc253d,9842,2
C:\SRS(ISIC_2019)\Dataset\MEL\ISIC_0061078.jpg,isic_0061078,4,abd7dd362bc40782cc5fc3181750f5fdda76df1ca7101cc3e85868fc50561a7c,9847,2
C:\SRS(ISIC_2019)\Dataset\MEL\ISIC_0061163.jpg,isic_0061163,4,1e34f4e2dbbf6e6791ebd4f0161833719dc79f1069373a461c827cdc01ec5d79,9864,2
C:\SRS(ISIC_2019)\Dataset\MEL\ISIC_0061194.jpg,isic_0061194,4,cd415434ada600a4fe8beff23c2a89cce3edb6fc640d0773ad06bfdda4d4349a,9870,2
C:\SRS(ISIC_2019)\Dataset\MEL\ISIC_0061224.jpg,isic_0061224,4,ea759b6c2dbd0553ff2c5c7da246476190ea6849e8539c67c08d4fc2d7f98b59,9872,2
C:\SRS(ISIC_2019)\Dataset\MEL\ISIC_0061231.jpg,isic_0061231,4,3687d035628293dcd309f353528d39f1540b9d70e613e788591aac98d9e55af5,9873,2
C:\SRS(ISIC_2019)\Dataset\MEL\ISIC_0061252.jpg,isic_0061252,4,df3406035eb2fad985290894b30ad0faa8db77a087149a1ac22f33f8426e5bb4,9876,2
C:\SRS(ISIC_2019)\Dataset\MEL\ISIC_0061257.jpg,isic_0061257,4,182fc541e25a1846db5f8fef2cc01c91832cb50cfd88f5ba8b15d30c5734e513,9878,2
C:\SRS(ISIC_2019)\Dataset\MEL\ISIC_0061281.jpg,isic_0061281,4,bef247e8cd8230e6044f4f6e4bfcb3fea878bb18d70bae243730b79572528c36,9882,2
C:\SRS(ISIC_2019)\Dataset\MEL\ISIC_0061320.jpg,isic_0061320,4,33f736852b9c0ed320c725f96be096e82d4ebdb866a884eb9bccd54474013585,9886,2
C:\SRS(ISIC_2019)\Dataset\MEL\ISIC_0061359.jpg,isic_0061359,4,07bdad9feacde41188d69d51de704de865bc9fdbfa916f81f697d47e77db15a4,9891,2
C:\SRS(ISIC_2019)\Dataset\MEL\ISIC_0061371.jpg,isic_0061371,4,f2f19d101d0a405e9ab064ac747762be24242a4307f339c8c9f1e5ee515ffc15,9894,2
C:\SRS(ISIC_2019)\Dataset\MEL\ISIC_0061404.jpg,isic_0061404,4,b612b511a71e1018bb54c42faa0665b8603d802c668b5fd6130ce5f2d5597288,9898,2
C:\SRS(ISIC_2019)\Dataset\MEL\ISIC_0061407.jpg,isic_0061407,4,8d55cfc641bfa371c386d8f466cdcb6100054ab2e098ba89ed71abd0466a1363,9899,2
C:\SRS(ISIC_2019)\Dataset\MEL\ISIC_0061441.jpg,isic_0061441,4,9d009f5d4db6672068c1f1f1ee21a5fb02f8ec40d4a9f6859041e878a853fc5f,9902,2
C:\SRS(ISIC_2019)\Dataset\MEL\ISIC_0061496.jpg,isic_0061496,4,102dcdb93b20ca8d7fe47810971e90c79552685f04a27fcb0e559a8dda8c9942,9909,2
C:\SRS(ISIC_2019)\Dataset\MEL\ISIC_0061606.jpg,isic_0061606,4,a90dda0ff3a9077b76eab809d1eca43f2267bee3b448599468558a7c416ca29a,9930,2
C:\SRS(ISIC_2019)\Dataset\MEL\ISIC_0061629.jpg,isic_0061629,4,73cd2b38a65cd58bcb9a8837b70e8269fdb7c9134cf22a0e3e15d2e535a7a052,9935,2
C:\SRS(ISIC_2019)\Dataset\MEL\ISIC_0061643.jpg,isic_0061643,4,ff4f022a698aaf6e56cdb20f85946e9a72863ec0a6c7d6fb205d8effb45b1fa0,9938,2
C:\SRS(ISIC_2019)\Dataset\MEL\ISIC_0061670.jpg,isic_0061670,4,443dc8f85cd8054a1459cf4135d26af88b1c59fc5c42e9379f8f46fd3aa80483,9942,2
C:\SRS(ISIC_2019)\Dataset\MEL\ISIC_0061761.jpg,isic_0061761,4,a0bd67623b3059d3ac15d85bad8cde18bd433323c99cb6f8ebf7e2ce45b2c03d,9958,2
C:\SRS(ISIC_2019)\Dataset\MEL\ISIC_0061799.jpg,isic_0061799,4,59fa620b3bdc164672bac9fd653a0571df83635c0b008da3f4dd005f125e8709,9962,2
C:\SRS(ISIC_2019)\Dataset\MEL\ISIC_0061918.jpg,isic_0061918,4,59588bcf637e5717b6cc908914168b0f7a57daff5fce773536462fcf63102f15,9978,2
C:\SRS(ISIC_2019)\Dataset\MEL\ISIC_0061936.jpg,isic_0061936,4,9f111c3442b81cd978dd5db9a5032c7f68246daba0daa5bac4055ef20bc08ce7,9983,2
C:\SRS(ISIC_2019)\Dataset\MEL\ISIC_0061941.jpg,isic_0061941,4,032f7cee2ffd054462a27637b64bb32dce25877f253141156912556ce3164b60,9984,2
C:\SRS(ISIC_2019)\Dataset\MEL\ISIC_0062005.jpg,isic_0062005,4,4efc36aa2f258883eccff8b01d115a21a1ba40daa948c73ec5e7e6a47c7c9667,9994,2
C:\SRS(ISIC_2019)\Dataset\MEL\ISIC_0062016.jpg,isic_0062016,4,8439bb06d0c25d354f04761fb7a2f981b40e362993e8b29be4eb68cb75d6f63f,9995,2
C:\SRS(ISIC_2019)\Dataset\MEL\ISIC_0062031.jpg,isic_0062031,4,0f4135f1a9476dc1a69439fe051415924d257cdef09e490fae66579cf38a5959,9998,2
C:\SRS(ISIC_2019)\Dataset\MEL\ISIC_0062133.jpg,isic_0062133,4,1973f04711127bb6ef85ffa0b5d5f711614a288c96a82f40ad066740de2a9d32,10016,2
C:\SRS(ISIC_2019)\Dataset\MEL\ISIC_0062155.jpg,isic_0062155,4,e54f4333de1b3602dc0c70d18c720b3713e69b0f988d01fc5bd6c04f2ca64978,10019,2
C:\SRS(ISIC_2019)\Dataset\MEL\ISIC_0062163.jpg,isic_0062163,4,1b2fd7a9444e64c7d818414d0dc04e9a0ca5c747ec41f95e65e0e4a7239882c7,10024,2
C:\SRS(ISIC_2019)\Dataset\MEL\ISIC_0062204.jpg,isic_0062204,4,2b12da6efc58730d5e5138d92cedd5a5374c15b05cba25c24c9fab25970eb71f,10028,2
C:\SRS(ISIC_2019)\Dataset\MEL\ISIC_0062208.jpg,isic_0062208,4,a26d29cc1579e4accfaadd53756e665a5beded42ff31a7b08098364e7068124f,10029,2
C:\SRS(ISIC_2019)\Dataset\MEL\ISIC_0062234.jpg,isic_0062234,4,12029e53f68c03938c040c674393a0fdcdd68ca88d41ca5dbbcbf5caee953381,10030,2
C:\SRS(ISIC_2019)\Dataset\MEL\ISIC_0062235.jpg,isic_0062235,4,9a6848d7d8b9f420cce9307b3a145720403347e360349eb454c6abb0ed07e734,10031,2
C:\SRS(ISIC_2019)\Dataset\MEL\ISIC_0062239.jpg,isic_0062239,4,a99adda8ba10f9eef3bacf4fdc697855fcce2497357bbf4152b009d6b6bef455,10032,2
C:\SRS(ISIC_2019)\Dataset\MEL\ISIC_0062242.jpg,isic_0062242,4,32fd11ff5d8390239f68fe6b80a6277fc21aae135e192602ea8e88f355c94da5,10034,2
C:\SRS(ISIC_2019)\Dataset\MEL\ISIC_0062251.jpg,isic_0062251,4,13c57ef780624e8731289373e39bcebba771c2f1ab805c5f195b6337ebe021e0,10035,2
C:\SRS(ISIC_2019)\Dataset\MEL\ISIC_0062359.jpg,isic_0062359,4,0af170564b4cff5aae6aa4a8127be16dc30613cdfa7a39e970246a4eb9f28474,10048,2
C:\SRS(ISIC_2019)\Dataset\MEL\ISIC_0062389.jpg,isic_0062389,4,c9e9b59d9c9e3258ebe3700a843c385e2247efdf61746cc8511652d712b3caba,10051,2
C:\SRS(ISIC_2019)\Dataset\MEL\ISIC_0062423.jpg,isic_0062423,4,1435d5c49840fe53de9cced0f21d8d2be055c1fb548de5c72330e5cc49e2e285,10055,2
C:\SRS(ISIC_2019)\Dataset\MEL\ISIC_0062477.jpg,isic_0062477,4,894dfe355dd1c6ae88e7aca419261f616238fa1468efe4e40928f5a95b4f336a,10067,2
C:\SRS(ISIC_2019)\Dataset\MEL\ISIC_0062517.jpg,isic_0062517,4,75f2059d842d6aefbbb5afc5638860b7d7ce768cabe27462248c7707f0631ab1,10073,2
C:\SRS(ISIC_2019)\Dataset\MEL\ISIC_0062575.jpg,isic_0062575,4,01f3ce2b1bb5d65e9f3ab6b4e70bd01ef89864693c4a59db8e99a851ac2588a1,10082,2
C:\SRS(ISIC_2019)\Dataset\MEL\ISIC_0062596.jpg,isic_0062596,4,1d810744b7defaf89fe1acc4578052be6f2fc9e85c92d5aeb7e6e03d6535ea4e,10084,2
C:\SRS(ISIC_2019)\Dataset\MEL\ISIC_0062633.jpg,isic_0062633,4,ffb7a96c4fbbed16df3301459cfddea58632f2c4f7818e8eea186d92a2466382,10089,2
C:\SRS(ISIC_2019)\Dataset\MEL\ISIC_0062649.jpg,isic_0062649,4,6d8e53e3a105d24dd4d9b7996f7ec2a5e2c8541658b11858be469031e85069bb,10092,2
C:\SRS(ISIC_2019)\Dataset\MEL\ISIC_0062680.jpg,isic_0062680,4,83d740859874b011fc1a5ce76311da71f21d7c816394b7317ec825772b307311,10094,2
C:\SRS(ISIC_2019)\Dataset\MEL\ISIC_0062684.jpg,isic_0062684,4,da1c797dc4527d3704120ba3c32a9c25f933f344bab3b960a5ea4d8d943d53dc,10095,2
C:\SRS(ISIC_2019)\Dataset\MEL\ISIC_0062792.jpg,isic_0062792,4,1ace90913c53044923c92ff2696ea795e6353eb496a4945cb116495e305a538a,10111,2
C:\SRS(ISIC_2019)\Dataset\MEL\ISIC_0062809.jpg,isic_0062809,4,f9acaf4b08000fef624b7846dc0a2828264fe79c2f31e2955b3ecbfddb6c4c31,10113,2
C:\SRS(ISIC_2019)\Dataset\MEL\ISIC_0062864.jpg,isic_0062864,4,681ac29e868d6f06097bfff7105dc70e23d15bf58593134787c510a58e9040a0,10119,2
C:\SRS(ISIC_2019)\Dataset\MEL\ISIC_0062978.jpg,isic_0062978,4,edf015706754670b39ec8222016afdefc6ececcb47be78d05b7a49ff6fbc61cd,10132,2
C:\SRS(ISIC_2019)\Dataset\MEL\ISIC_0062994.jpg,isic_0062994,4,c590af67bba0871db84660e48f5729063f0fa2c0a30873b0084a60d298efb1ba,10138,2
C:\SRS(ISIC_2019)\Dataset\MEL\ISIC_0063026.jpg,isic_0063026,4,eff65e83d754830fda23c659c67b07f9d5bbd80d380489eb68440dc2012a3f61,10141,2
C:\SRS(ISIC_2019)\Dataset\MEL\ISIC_0063046.jpg,isic_0063046,4,8afe9dbda92dfba07d7c65045e721b6099a4aee3674a2d5c079c4638b899cb2c,10144,2
C:\SRS(ISIC_2019)\Dataset\MEL\ISIC_0063081.jpg,isic_0063081,4,79168ec32f3df123f528bf7e7224835d4ebc6ab62880e1d0aa1dee20786a25e3,10151,2
C:\SRS(ISIC_2019)\Dataset\MEL\ISIC_0063093.jpg,isic_0063093,4,746cdeab16d410200ccf0fe061f3fc396143616bd7a98e7286c8323ae990bfee,10153,2
C:\SRS(ISIC_2019)\Dataset\MEL\ISIC_0063133.jpg,isic_0063133,4,ac8da85ef1ebd1f37942f9e88aab6c8a0bb01ecd76f51ce5beaf7e6c7d952736,10160,2
C:\SRS(ISIC_2019)\Dataset\MEL\ISIC_0063143.jpg,isic_0063143,4,f392fb43ec6803b11769c62321bbdd9714bdefb2e0effca273b357a5b5ff29e6,10162,2
C:\SRS(ISIC_2019)\Dataset\MEL\ISIC_0063234.jpg,isic_0063234,4,56b19d465b5fc748282b6a2fad4a8cb2720861de3cb860504b751a67f05d580b,10183,2
C:\SRS(ISIC_2019)\Dataset\MEL\ISIC_0063241.jpg,isic_0063241,4,8abda80d21989101b5534fe9f394d445a1a94c6a9b8a4ec2dbc26575c39ffb8b,10184,2
C:\SRS(ISIC_2019)\Dataset\MEL\ISIC_0063258.jpg,isic_0063258,4,2e85ed76cef9d400f404183ac8d17923c2f57a41264eec6168d644e99f94f3fe,10186,2
C:\SRS(ISIC_2019)\Dataset\MEL\ISIC_0063264.jpg,isic_0063264,4,27fd8e691d8686a7555c5f4567dbffeb3b3c09ecde8fa20b471813fcd6040ccf,10187,2
C:\SRS(ISIC_2019)\Dataset\MEL\ISIC_0063289.jpg,isic_0063289,4,9ced9bdc7d36330119f31293010bbe29c077e77021a4318a27e68bcba143f69e,10191,2
C:\SRS(ISIC_2019)\Dataset\MEL\ISIC_0063373.jpg,isic_0063373,4,10631fe0613121ada5a765b014ee57acccb19ecbbe2cef43bef32212f4280f8a,10201,2
C:\SRS(ISIC_2019)\Dataset\MEL\ISIC_0063394.jpg,isic_0063394,4,979906cfb24dc65c3fc52c8184b78d9c6ad00d0ec764b920e24101c5d53a7083,10202,2
C:\SRS(ISIC_2019)\Dataset\MEL\ISIC_0063445.jpg,isic_0063445,4,b8f94694bc20504533c79dc1da4e4820c49b9c9d1a575c5b0cf1da86150831b9,10208,2
C:\SRS(ISIC_2019)\Dataset\MEL\ISIC_0063467.jpg,isic_0063467,4,f69f87b7fc485fdedef1f1d8bf6b90614336682292bc0e675297c73ed39c2e42,10213,2
C:\SRS(ISIC_2019)\Dataset\MEL\ISIC_0063493.jpg,isic_0063493,4,9b5c18c926a881afeccfa37a38d7bd0b6d93377c9eccc96930a2adceff8bb4c4,10217,2
C:\SRS(ISIC_2019)\Dataset\MEL\ISIC_0063606.jpg,isic_0063606,4,ece45a43b86bd768e3e4469c5b68a24b75bce10e42c141b19869eb4c177ddebf,10227,2
C:\SRS(ISIC_2019)\Dataset\MEL\ISIC_0063630.jpg,isic_0063630,4,ea9e3ff9d0df7142ef8897033a67269963c6f4ecc121a3c8599576eb15dd76eb,10229,2
C:\SRS(ISIC_2019)\Dataset\MEL\ISIC_0063704.jpg,isic_0063704,4,89e0957c7c0ffecbda5f0cd56f1619746f8cf797ed04230c5d86b67c9aa123ce,10239,2
C:\SRS(ISIC_2019)\Dataset\MEL\ISIC_0063723.jpg,isic_0063723,4,84a996695b207cfe4009156bff5c1a29313ecf192c932d07f647805e160700bc,10241,2
C:\SRS(ISIC_2019)\Dataset\MEL\ISIC_0063742.jpg,isic_0063742,4,9bcc2ee1c289d73f4525ee67d689709ea179561ec0e6931d4e4343aa9db769a6,10245,2
C:\SRS(ISIC_2019)\Dataset\MEL\ISIC_0063748.jpg,isic_0063748,4,8f79719fd55c267a2d903ed42cae433bdb969d016da1f1e8b8aeb4b69dc66dc7,10246,2
C:\SRS(ISIC_2019)\Dataset\MEL\ISIC_0063775.jpg,isic_0063775,4,6165d5e7ccf352a292976343521dfb7270299dfc5d558260bad810f27961c6b3,10251,2
C:\SRS(ISIC_2019)\Dataset\MEL\ISIC_0063793.jpg,isic_0063793,4,be35fa68fdc9d54d0353d2e52e27aa5fb01922fd290bb7d59a983a12391120e4,10253,2
C:\SRS(ISIC_2019)\Dataset\MEL\ISIC_0063945.jpg,isic_0063945,4,41bf81ce957b6d0ce87ba10fa9fde72570b64c090896372183c92d76089681b2,10273,2
C:\SRS(ISIC_2019)\Dataset\MEL\ISIC_0063952.jpg,isic_0063952,4,d72112c93b0b029ac8fff5df9030c51234bd9098290437fdfdb17cd542774972,10276,2
C:\SRS(ISIC_2019)\Dataset\MEL\ISIC_0063981.jpg,isic_0063981,4,5fb6a70ae6f762a0d9d3a38b265ae71e3372f417c2037b9b00f5511d7b98026e,10282,2
C:\SRS(ISIC_2019)\Dataset\MEL\ISIC_0064066.jpg,isic_0064066,4,09037c690cc0a5e4013b326fd0f93c9606cd6524f9725387615534cf97ee0b06,10296,2
C:\SRS(ISIC_2019)\Dataset\MEL\ISIC_0064102.jpg,isic_0064102,4,3955f6aac4093f610fde644c3b57317bd0d61522b0ecdd7464482fd63f04ec0d,10302,2
C:\SRS(ISIC_2019)\Dataset\MEL\ISIC_0064114.jpg,isic_0064114,4,0b9f797eeab26d727d69da94eadd7463a6b4c87b05c5d6f03aec0c5cf9698ca9,10306,2
C:\SRS(ISIC_2019)\Dataset\MEL\ISIC_0064213.jpg,isic_0064213,4,d4b7728b21f606c7f10b67bfc8cf32e95b0ef903c5d8485c5895209df5e79750,10321,2
C:\SRS(ISIC_2019)\Dataset\MEL\ISIC_0064276.jpg,isic_0064276,4,5f87998c0730bd833e1e98c6c03c49396a82dc0d6f664f91bf202fec929290c1,10328,2
C:\SRS(ISIC_2019)\Dataset\MEL\ISIC_0064307.jpg,isic_0064307,4,abf31293058e7e1e2ea086d972a308bad36043c69ba9e55935a22c79e2f8337f,10332,2
C:\SRS(ISIC_2019)\Dataset\MEL\ISIC_0064341.jpg,isic_0064341,4,3879d171f225b6053ebb1aa2c32a6a05117d0311a8de7c2232f898a1b78df8b5,10338,2
C:\SRS(ISIC_2019)\Dataset\MEL\ISIC_0064344.jpg,isic_0064344,4,849406225149e98670bbce415bca1043fe87f3665868aa19ce1cc88714bd793f,10340,2
C:\SRS(ISIC_2019)\Dataset\MEL\ISIC_0064396.jpg,isic_0064396,4,e239aabb6064a82b86dd3417b90fc961c07cc564c9cc2b976b164190dc73c255,10345,2
C:\SRS(ISIC_2019)\Dataset\MEL\ISIC_0064423.jpg,isic_0064423,4,c59540e2a6b13a6773873b57cb93801ac7cdf503bae3ff5d0f0038da070a7bbe,10349,2
C:\SRS(ISIC_2019)\Dataset\MEL\ISIC_0064427.jpg,isic_0064427,4,db47ef7d66ca076b1b0484307a54acc25ee9c8f3253f1561cc98973f0bee1dbe,10350,2
C:\SRS(ISIC_2019)\Dataset\MEL\ISIC_0064515.jpg,isic_0064515,4,fcffeb6dac698746a5745e470c4e9cb85823062c7fe4cc1318a392f4119918ef,10363,2
C:\SRS(ISIC_2019)\Dataset\MEL\ISIC_0064563.jpg,isic_0064563,4,ae6ca9b0fd9ba625009933e3562708ca3bc431eb3f79502f83a93d67ff50fd9f,10370,2
C:\SRS(ISIC_2019)\Dataset\MEL\ISIC_0064625.jpg,isic_0064625,4,c3c0b98130e738fa255a8443fc0663c805990d3dbb76a55acb2be4f682cd6da5,10376,2
C:\SRS(ISIC_2019)\Dataset\MEL\ISIC_0064656.jpg,isic_0064656,4,7ea686aaf1725e23bf6a50ca1f0101f84000febe56057eda42fcb1b0e3c3930b,10380,2
C:\SRS(ISIC_2019)\Dataset\MEL\ISIC_0064673.jpg,isic_0064673,4,9492e614817cf69c52a420c49f30c1f4a6555e07a4be9f567ff0fe2568344b95,10384,2
C:\SRS(ISIC_2019)\Dataset\MEL\ISIC_0064676.jpg,isic_0064676,4,85c7dedead122d21794e23c1ca27a2a1de7accaada5a2cac5f5b7a38a547679c,10385,2
C:\SRS(ISIC_2019)\Dataset\MEL\ISIC_0064686.jpg,isic_0064686,4,7f93dcae124d66303f68ab8b6d78b29a4bae591437a5d5e51be4b8217611f990,10387,2
C:\SRS(ISIC_2019)\Dataset\MEL\ISIC_0064692.jpg,isic_0064692,4,d968bb42b0f282243266922b3c87b57f52c5c1f235686c3ac899c88c3cd5a449,10388,2
C:\SRS(ISIC_2019)\Dataset\MEL\ISIC_0064742.jpg,isic_0064742,4,82e639043102874be205871eec35f3e838498bb86cbb3709f96b679cdcb88644,10392,2
C:\SRS(ISIC_2019)\Dataset\MEL\ISIC_0064803.jpg,isic_0064803,4,7424bbefbbcb77542d38a3d9e75e1461c2d0842f5311b2b0d2d56ca691f9a08f,10400,2
C:\SRS(ISIC_2019)\Dataset\MEL\ISIC_0064874.jpg,isic_0064874,4,fbb0630d7f4a7b44d59ac878407f3428b0bea70c4ba8f3d624bc0bbcb3b602a0,10411,2
C:\SRS(ISIC_2019)\Dataset\MEL\ISIC_0064875.jpg,isic_0064875,4,9084ac10abf20f5ab1e7ca00a83e51216b4fcc57a0b336973692dea4407a8acc,10412,2
C:\SRS(ISIC_2019)\Dataset\MEL\ISIC_0064881.jpg,isic_0064881,4,0fcda9bc4a00dbda4dfa4b576f864858c5831f8613bcbe00c6913951972ea763,10414,2
C:\SRS(ISIC_2019)\Dataset\MEL\ISIC_0064933.jpg,isic_0064933,4,8aa598c1150d9e16051d52ce2d4e4dc4d856ed83d0d86bacdd387da661c29c42,10424,2
C:\SRS(ISIC_2019)\Dataset\MEL\ISIC_0064965.jpg,isic_0064965,4,ade12c57baa95beaed49805ac946c78db82dfdaa2006af3c9af8aa491c64d9bd,10429,2
C:\SRS(ISIC_2019)\Dataset\MEL\ISIC_0064982.jpg,isic_0064982,4,d18531e106d6d77c1da6261582ca3dcb8dd0a616b39519e644122073a77e7d94,10431,2
C:\SRS(ISIC_2019)\Dataset\MEL\ISIC_0065022.jpg,isic_0065022,4,a410000e0b509f133d98ee6921f95aa6ee96a99d28f8cf86179aa130549e8d2f,10439,2
C:\SRS(ISIC_2019)\Dataset\MEL\ISIC_0065023.jpg,isic_0065023,4,3085702325c452831fa6716cefa84761dd7b8d5c64ddcb4402d1d26dfb6ecb95,10440,2
C:\SRS(ISIC_2019)\Dataset\MEL\ISIC_0065099.jpg,isic_0065099,4,3ff4aa8fe213063cb99b8eedac70811567f199bd8b4215cfa702ad42dfe0bf25,10451,2
C:\SRS(ISIC_2019)\Dataset\MEL\ISIC_0065133.jpg,isic_0065133,4,723f59613d0777b3ad0b270cf8f98985d59cbad13be6b4b4c65fe4bbd6ee550b,10456,2
C:\SRS(ISIC_2019)\Dataset\MEL\ISIC_0065142.jpg,isic_0065142,4,20fcc544c4cab94b98bcfa4e947603266a39c3268316e2319c1ad1624b421854,10457,2
C:\SRS(ISIC_2019)\Dataset\MEL\ISIC_0065181.jpg,isic_0065181,4,ff5e2bbe0e6f4e0e414d3b0fd4f151d4b188694dddc2c1d769239c83d96ce168,10461,2
C:\SRS(ISIC_2019)\Dataset\MEL\ISIC_0065186.jpg,isic_0065186,4,85f0e7984689a658556a0e32867d788142ae67f57824cc0b642d60a39a3c9446,10462,2
C:\SRS(ISIC_2019)\Dataset\MEL\ISIC_0065195.jpg,isic_0065195,4,313dbd9af6b1e697d8126db6bf056787a9cfe8e7f9f65557baebf2fc6ad4ad21,10465,2
C:\SRS(ISIC_2019)\Dataset\MEL\ISIC_0065206.jpg,isic_0065206,4,3eed5d617b672ed69d354055b088dfb80f5e15de42af1a7275b2fb2127f769d3,10466,2
C:\SRS(ISIC_2019)\Dataset\MEL\ISIC_0065307.jpg,isic_0065307,4,11e79bca08200749753560eaac5a5ba3cef99326979e2fa2f2c2ec38be0350ff,10481,2
C:\SRS(ISIC_2019)\Dataset\MEL\ISIC_0065313.jpg,isic_0065313,4,8dbb42cd68c45d520e5861d37a9d3d23d096871b2427609323298e2099d0097c,10482,2
C:\SRS(ISIC_2019)\Dataset\MEL\ISIC_0065360.jpg,isic_0065360,4,44a83ba37bc2a283875fa9086b48b27fd603011f2b8dd178cc5e133ebe322907,10489,2
C:\SRS(ISIC_2019)\Dataset\MEL\ISIC_0065463.jpg,isic_0065463,4,13e4978227d4608e98c7beddd961705a93addb3a4e01ad344a2d0714d60f011e,10504,2
C:\SRS(ISIC_2019)\Dataset\MEL\ISIC_0065521.jpg,isic_0065521,4,1068151fd0031984b687fc9e893cbbc8b2d206aaa2dac48b4bef29cfb7468cb8,10511,2
C:\SRS(ISIC_2019)\Dataset\MEL\ISIC_0065537.jpg,isic_0065537,4,d0787e195e0b007575e462779a9335f0f528224c4bb8ae7b3ffa499908c416e8,10516,2
C:\SRS(ISIC_2019)\Dataset\MEL\ISIC_0065550.jpg,isic_0065550,4,cb257e55443e605070a7e7acfc8c8d12a628525ed3d74805e1f6866475222fa5,10518,2
C:\SRS(ISIC_2019)\Dataset\MEL\ISIC_0065577.jpg,isic_0065577,4,3f99ec43bb2f1bba6b7fb8cfade617731e37dcda5cb1c57f5c6f846a41d5f9a3,10519,2
C:\SRS(ISIC_2019)\Dataset\MEL\ISIC_0065644.jpg,isic_0065644,4,0496d842f09604708e7ce06721a5f50ae375670dc871fa5bf1a527db89836fff,10527,2
C:\SRS(ISIC_2019)\Dataset\MEL\ISIC_0065658.jpg,isic_0065658,4,566a7f3bba2b4256bb31f2948e90e0ed4d0e51e8903189544751fce59f413e16,10529,2
C:\SRS(ISIC_2019)\Dataset\MEL\ISIC_0065681.jpg,isic_0065681,4,18b80db1ee32854a47329a0d34f90710670888fe747620ca59073514a6f507c0,10533,2
C:\SRS(ISIC_2019)\Dataset\MEL\ISIC_0065714.jpg,isic_0065714,4,36606306ceabc9adc0b0653a4e2971f76e99ed8754873cdb0e16c778c2dcdfc8,10537,2
C:\SRS(ISIC_2019)\Dataset\MEL\ISIC_0065740.jpg,isic_0065740,4,4b9a1bffcd2e64503913f5fc1472efaff98419794b128c590b3218d0b69de1e1,10543,2
C:\SRS(ISIC_2019)\Dataset\MEL\ISIC_0065742.jpg,isic_0065742,4,a2d122cf056a99b53e010b8adf2dd71c3a9ac05c605bfe676d42eef1f88bb3ea,10544,2
C:\SRS(ISIC_2019)\Dataset\MEL\ISIC_0065766.jpg,isic_0065766,4,1d3a341ec9cff5d39bf49e8986e242f04cf0b354d25afc68187ce8c06d2cf710,10547,2
C:\SRS(ISIC_2019)\Dataset\MEL\ISIC_0065843.jpg,isic_0065843,4,1b4d50ca65db1dd18e30673939dc424716939316c4cf2e4d3c3b3fa64b5da7c6,10556,2
C:\SRS(ISIC_2019)\Dataset\MEL\ISIC_0065954.jpg,isic_0065954,4,77f70bed898caf72ca7a7700753396f9f60156788a8601fd45283b1971491ae8,10571,2
C:\SRS(ISIC_2019)\Dataset\MEL\ISIC_0066001.jpg,isic_0066001,4,1da25fcd3b4a21e89c338b25aca36da4ed55b6ef33202a27c076e0b7666eb48a,10576,2
C:\SRS(ISIC_2019)\Dataset\MEL\ISIC_0066098.jpg,isic_0066098,4,e360006d18bd79da628f0f02c801e95e67fbb6aedfbfbb56622a38fccb6b3a20,10585,2
C:\SRS(ISIC_2019)\Dataset\MEL\ISIC_0066105.jpg,isic_0066105,4,a518a76c331665591b2d9608b72129cb069fd588384ad6f621411b6ce248897c,10588,2
C:\SRS(ISIC_2019)\Dataset\MEL\ISIC_0066154.jpg,isic_0066154,4,ff6f41dfe072cbbfd9125f79c3bbf7bec8df0ad28c0353173778b828e68bff26,10598,2
C:\SRS(ISIC_2019)\Dataset\MEL\ISIC_0066200.jpg,isic_0066200,4,ebdebf057414e2afe94e3e8947c3c38d112143b335b94f3316f334e4bfa57a5a,10602,2
C:\SRS(ISIC_2019)\Dataset\MEL\ISIC_0066217.jpg,isic_0066217,4,318e4f50b6c70df87cb5aee540537bea52653e64f204ad11514cfb1d17042039,10607,2
C:\SRS(ISIC_2019)\Dataset\MEL\ISIC_0066225.jpg,isic_0066225,4,498c42449a36d17f91454854daad399bd37f83e5c6cb76e18c146b421271df88,10608,2
C:\SRS(ISIC_2019)\Dataset\MEL\ISIC_0066237.jpg,isic_0066237,4,561072cb42c81a3298c9bf08aeca804554a9e6494a46d6f9edb5ba696c4015fc,10609,2
C:\SRS(ISIC_2019)\Dataset\MEL\ISIC_0066347.jpg,isic_0066347,4,22d59da78e4bd735b8f5b25a551d365000f5e3682af5cd79da632fd1a4b6179b,10620,2
C:\SRS(ISIC_2019)\Dataset\MEL\ISIC_0066354.jpg,isic_0066354,4,343f47783814a3e37208d5e09163f6319cac1862fc26ef5e9a3ab369ca67d454,10622,2
C:\SRS(ISIC_2019)\Dataset\MEL\ISIC_0066382.jpg,isic_0066382,4,798671c0cbf7732000ae82bb09eb71d04316793ff9e474aa4261c685695f3f90,10630,2
C:\SRS(ISIC_2019)\Dataset\MEL\ISIC_0066386.jpg,isic_0066386,4,399268f9cf155a2d80be0417409680a635bd6c48367756d96f6a781e3a7dcce9,10632,2
C:\SRS(ISIC_2019)\Dataset\MEL\ISIC_0066399.jpg,isic_0066399,4,e846bb08ad4bdd05d273b5af67857a828a44302205b8e2a98a87a58832dd1f8b,10634,2
C:\SRS(ISIC_2019)\Dataset\MEL\ISIC_0066423.jpg,isic_0066423,4,4e1b6c709bf0de32aa857162b82d776bf23e585e60a6f5aa6b1151a82824f3ff,10643,2
C:\SRS(ISIC_2019)\Dataset\MEL\ISIC_0066470.jpg,isic_0066470,4,207a77ae396046c1f4da809b0375837dec1654a989f2ebc88ab3f8e73749b337,10648,2
C:\SRS(ISIC_2019)\Dataset\MEL\ISIC_0066506.jpg,isic_0066506,4,b4cef50ba8447502e1a31f59e17875fc6d9acedc4b736cf27d0d46b35d07d34a,10656,2
C:\SRS(ISIC_2019)\Dataset\MEL\ISIC_0066588.jpg,isic_0066588,4,07319b747f26f1ff48604087f08859bf0964a5a9b382fd9e5b2c5b827a387047,10663,2
C:\SRS(ISIC_2019)\Dataset\MEL\ISIC_0066589.jpg,isic_0066589,4,81d3ec224cf3e083d91fad9a7c0a31fc9684e83ca75fcc0dc9a15ed0ae705bf4,10664,2
C:\SRS(ISIC_2019)\Dataset\MEL\ISIC_0066593.jpg,isic_0066593,4,6f0c64ca241f5458069adebf334a838dbdd99372323896d2cad7e0592c98286b,10665,2
C:\SRS(ISIC_2019)\Dataset\MEL\ISIC_0066613.jpg,isic_0066613,4,7479584180ab68799d3d6380bc3a9092dd280800296e661b47baad24f9c4efbc,10668,2
C:\SRS(ISIC_2019)\Dataset\MEL\ISIC_0066615.jpg,isic_0066615,4,9b3425f04702667a3a90e9ea3b61fb6b79aa834f388235bcf2f3447850cc6524,10669,2
C:\SRS(ISIC_2019)\Dataset\MEL\ISIC_0066633.jpg,isic_0066633,4,7737d18459185701fee3a5b754e60404be59965b31b35cfe047be9e73ea75b6e,10672,2
C:\SRS(ISIC_2019)\Dataset\MEL\ISIC_0066666.jpg,isic_0066666,4,c169c097d9f2982e1154776565dd95cb1fc49b5c7416165b9741e0ad3cdfdbc1,10677,2
C:\SRS(ISIC_2019)\Dataset\MEL\ISIC_0066671.jpg,isic_0066671,4,5166679b02d8ab1d4130740ddf4ae49b2e2f2583a621ff0b3da1b92aa8021f8c,10678,2
C:\SRS(ISIC_2019)\Dataset\MEL\ISIC_0066685.jpg,isic_0066685,4,f66c3f9d5ed857fc0d062c9ab052b977ce685fa1a28d21aa5928b8b48d59968f,10680,2
C:\SRS(ISIC_2019)\Dataset\MEL\ISIC_0066690.jpg,isic_0066690,4,c73dea1d7287091236fe56be09d490f8267f756bae82f13f97db31da2ae6b1bf,10681,2
C:\SRS(ISIC_2019)\Dataset\MEL\ISIC_0066756.jpg,isic_0066756,4,bdc36da648615e2e08b6b0b377a642965d9b020592626622e168014ba4071d5a,10687,2
C:\SRS(ISIC_2019)\Dataset\MEL\ISIC_0066783.jpg,isic_0066783,4,25dcd82552b3892aa271fdd4a0c5a3ab44ec23feb360a692d20991e45d2682b8,10691,2
C:\SRS(ISIC_2019)\Dataset\MEL\ISIC_0066910.jpg,isic_0066910,4,0e1d46fe7f393a3cd8923c45b2e0df51ff8c5c0d7e6acd68e4f76250a7b2ef7a,10704,2
C:\SRS(ISIC_2019)\Dataset\MEL\ISIC_0066947.jpg,isic_0066947,4,6685769312cf27cdc591ec49ad18e0003551766b67de6843f07af45c6ab94400,10707,2
C:\SRS(ISIC_2019)\Dataset\MEL\ISIC_0067005.jpg,isic_0067005,4,c22f9b7067062b731c6d30af7ab5f149adec5082a8e0b0159c1e13a5edb9572e,10711,2
C:\SRS(ISIC_2019)\Dataset\MEL\ISIC_0067006.jpg,isic_0067006,4,a959883baa6d34ceaad6880b382ddb947a374b6e42830727ee690fe512f5637d,10712,2
C:\SRS(ISIC_2019)\Dataset\MEL\ISIC_0067043.jpg,isic_0067043,4,d8d79e4054579eb64a09f287ff41172a2eafb895305ff4ef6e7b2d561da96ec3,10715,2
C:\SRS(ISIC_2019)\Dataset\MEL\ISIC_0067183.jpg,isic_0067183,4,0a480108dd87300ff0ebceebc64845a7b58add641eb177b99d22db7e8013a691,10731,2
C:\SRS(ISIC_2019)\Dataset\MEL\ISIC_0067240.jpg,isic_0067240,4,8b54d24e726eea3d92c847d3e64f327c20f61c2f26e526ffd95db28e8869320d,10739,2
C:\SRS(ISIC_2019)\Dataset\MEL\ISIC_0067289.jpg,isic_0067289,4,715dadef1191dbb8955c7066af81616731c932d73d340986f8d30056bcd32691,10746,2
C:\SRS(ISIC_2019)\Dataset\MEL\ISIC_0067318.jpg,isic_0067318,4,25618bb39d8b4aa933c871fe32094f04b3633766e726f6f917310f0f7db2e6b0,10751,2
C:\SRS(ISIC_2019)\Dataset\MEL\ISIC_0067339.jpg,isic_0067339,4,ab6b354189567a9395b5bc23e66c0df6cbc7807c3ea8f0021626212e91c63846,10755,2
C:\SRS(ISIC_2019)\Dataset\MEL\ISIC_0067543.jpg,isic_0067543,4,24d21421ab05c1ee8acaa4c1efe848bd0ceea9ae6429d92b95512cf7d665b717,10781,2
C:\SRS(ISIC_2019)\Dataset\MEL\ISIC_0067598.jpg,isic_0067598,4,061b0ceb282c4172f42569cdadf2fce5d3e333aa52f2152b2f90349f796fcfe9,10789,2
C:\SRS(ISIC_2019)\Dataset\MEL\ISIC_0067666.jpg,isic_0067666,4,57eddc7cced61b299636ea732eaa847babe5c350c21266ddead6e3c48485c464,10796,2
C:\SRS(ISIC_2019)\Dataset\MEL\ISIC_0067689.jpg,isic_0067689,4,95717458c730b6d469f765d795aa2a1511315c0aafe4631e8ce81f9d9375be20,10798,2
C:\SRS(ISIC_2019)\Dataset\MEL\ISIC_0067696.jpg,isic_0067696,4,3c1acddb33e03761759799cf0582f88c83dab56302a52d7e65ff1bd1df4830a3,10801,2
C:\SRS(ISIC_2019)\Dataset\MEL\ISIC_0067743.jpg,isic_0067743,4,53514d5c86f1f96ed6d7120a22cc760adce672d3efbf02d18cad4b21ffc10b05,10807,2
C:\SRS(ISIC_2019)\Dataset\MEL\ISIC_0067757.jpg,isic_0067757,4,b0b408f673a7276d94c03c680deb7cd4e4d1df6e1e293bfb44b6e6f5e9376bb6,10810,2
C:\SRS(ISIC_2019)\Dataset\MEL\ISIC_0067836.jpg,isic_0067836,4,09f3810c910b609d384ea1511cae8f84eae5d94bfa6f3d3f5e6e9f268170b557,10823,2
C:\SRS(ISIC_2019)\Dataset\MEL\ISIC_0067891.jpg,isic_0067891,4,f2867105c944f976230c8c1e8b59454aceeef28bae0bb78432838f080241b88e,10830,2
C:\SRS(ISIC_2019)\Dataset\MEL\ISIC_0067947.jpg,isic_0067947,4,600d7e151e3aaf2676c5097acf315cd7c7910fbe43fe1657ef4d165293362f21,10839,2
C:\SRS(ISIC_2019)\Dataset\MEL\ISIC_0067949.jpg,isic_0067949,4,73c6a3b40d7541517812d32a9013da73760f190bbb6ad564e719147acf72eda9,10840,2
C:\SRS(ISIC_2019)\Dataset\MEL\ISIC_0068051.jpg,isic_0068051,4,44f25cdf4ab5064023b3019bcf1df1b34ae4866bd7ec25748fa4db5e2d3b444b,10854,2
C:\SRS(ISIC_2019)\Dataset\MEL\ISIC_0068116.jpg,isic_0068116,4,8af82f851bf3a39062e01d22b1ed0d2b6b71265e37581c7eaa2039f206795134,10862,2
C:\SRS(ISIC_2019)\Dataset\MEL\ISIC_0068137.jpg,isic_0068137,4,c9f4788f0f52e2219f813180f41c4708da9e5d824bc6e849f9b3562572e8730e,10868,2
C:\SRS(ISIC_2019)\Dataset\MEL\ISIC_0068153.jpg,isic_0068153,4,d6be8109a1fc5827a9ddbb6f5a90369b0122648e4f8507b8106bc13519a76aaf,10872,2
C:\SRS(ISIC_2019)\Dataset\MEL\ISIC_0068188.jpg,isic_0068188,4,bddb7f9f2f670f1bf05baf67287ad3ffed71705c792e7dd04e20106548ec833c,10877,2
C:\SRS(ISIC_2019)\Dataset\MEL\ISIC_0068200.jpg,isic_0068200,4,2339d2f01445f3031a86704ab2af01055662294c29b8cb38fd3179416c2fafdc,10878,2
C:\SRS(ISIC_2019)\Dataset\MEL\ISIC_0068276.jpg,isic_0068276,4,cb7c86968361a004703b42b5c9879c279e112e92e659e6e8eef2e4ee5c5d5063,10890,2
C:\SRS(ISIC_2019)\Dataset\MEL\ISIC_0068291.jpg,isic_0068291,4,c33b0784440ae6a2571220f84541739846747d2d4d8956d23a2d69732c4e35e9,10892,2
C:\SRS(ISIC_2019)\Dataset\MEL\ISIC_0068299.jpg,isic_0068299,4,d468fccc7415763e833aecd8081bf39b61197b621f60f3bdf4e2a38b252d8c7d,10895,2
C:\SRS(ISIC_2019)\Dataset\MEL\ISIC_0068303.jpg,isic_0068303,4,9653a90e558f7785b2c1789f45d651c3b07e0c8c11f2f201d40624cda349092a,10896,2
C:\SRS(ISIC_2019)\Dataset\MEL\ISIC_0068310.jpg,isic_0068310,4,2112c5709dbbab6c89d212efced364589904220f533c0f9d54e3f16d96019809,10898,2
C:\SRS(ISIC_2019)\Dataset\MEL\ISIC_0068381.jpg,isic_0068381,4,02337a95be330b2930e535539de1bfe7389845fc3be2c078017c17b98a78a03c,10903,2
C:\SRS(ISIC_2019)\Dataset\MEL\ISIC_0068488.jpg,isic_0068488,4,3af358b2c2f3c82e0ee6762194dea9d04fce42fbbdc30bcc0f8c318992724d90,10917,2
C:\SRS(ISIC_2019)\Dataset\MEL\ISIC_0068548.jpg,isic_0068548,4,22a7b0366ed4b97b433fb980a8c4aedf31c881ce66d58514dd40a4739b6c870a,10923,2
C:\SRS(ISIC_2019)\Dataset\MEL\ISIC_0068580.jpg,isic_0068580,4,932b52ce452909bad4e5b447cad2447cbbde734a5831045f331937c93b327a6d,10929,2
C:\SRS(ISIC_2019)\Dataset\MEL\ISIC_0068586.jpg,isic_0068586,4,45339febf4a13e72c3777c7fa9198f5dfb4d07c7698af432b41b2b6b7ef46441,10933,2
C:\SRS(ISIC_2019)\Dataset\MEL\ISIC_0068682.jpg,isic_0068682,4,3469f130fef805f3ee8a353caf644ffb02d32030703def7a25793b7652a35240,10944,2
C:\SRS(ISIC_2019)\Dataset\MEL\ISIC_0068692.jpg,isic_0068692,4,48cc0c72b601343b6facc74aca129905a8bfe90b9e2360daa913895dbebb2b97,10945,2
C:\SRS(ISIC_2019)\Dataset\MEL\ISIC_0068840.jpg,isic_0068840,4,8a4ca5b5a9411f14ee3d9d3512898968ccce1cf7eee4be365798c3c6a76924a8,10968,2
C:\SRS(ISIC_2019)\Dataset\MEL\ISIC_0068847.jpg,isic_0068847,4,58531f368cf5f0c16eb02a939a7debb11f560f371bc2fbec44225ee9243f3e42,10969,2
C:\SRS(ISIC_2019)\Dataset\MEL\ISIC_0068907.jpg,isic_0068907,4,9e1291969ed45b797702c959ed90ded8e3bbf806425974625f94c1ea16d045aa,10981,2
C:\SRS(ISIC_2019)\Dataset\MEL\ISIC_0068936.jpg,isic_0068936,4,74c5d4c618d460a7b9ee627657196e5bba9dcc2b1cd10426e67f839db56e96bd,10988,2
C:\SRS(ISIC_2019)\Dataset\MEL\ISIC_0068950.jpg,isic_0068950,4,510fbcf4a92c9974cddce96ea2fd1dc33052a173bcf9f468f11fe60f3129e504,10990,2
C:\SRS(ISIC_2019)\Dataset\MEL\ISIC_0069059.jpg,isic_0069059,4,71d8198c25dff67f32d9041a6a5c9cbda64426820123d0b5591b0001b05cb425,11000,2
C:\SRS(ISIC_2019)\Dataset\MEL\ISIC_0069105.jpg,isic_0069105,4,eb555a54c3d505b7a969f801656b82c8a8385a6977d4659bc097f293871ea56f,11011,2
C:\SRS(ISIC_2019)\Dataset\MEL\ISIC_0069248.jpg,isic_0069248,4,dc5202d24f58dbaa402f3588df6a095bacc23a8d3ecfba2f70c99ed20ba633e9,11024,2
C:\SRS(ISIC_2019)\Dataset\MEL\ISIC_0069365.jpg,isic_0069365,4,60fee753626c96cb5ddc7c14fda47a4dcd69d1b804657c3fd68ce48114b3ed3e,11040,2
C:\SRS(ISIC_2019)\Dataset\MEL\ISIC_0069370.jpg,isic_0069370,4,09af851f3899f38602a1a4900fbe5fb2d452f8ebd9d7bc4d82c503c728a1d757,11041,2
C:\SRS(ISIC_2019)\Dataset\MEL\ISIC_0069381.jpg,isic_0069381,4,c1156123054e8f9f450ebfb2ebca55fb2771d133672674c2ce85150a9aea3f03,11044,2
C:\SRS(ISIC_2019)\Dataset\MEL\ISIC_0069395.jpg,isic_0069395,4,994c230334a15c1b2845032b2fe47f0c11c8b9f3fb3bb55441af7d31376de21c,11048,2
C:\SRS(ISIC_2019)\Dataset\MEL\ISIC_0069457.jpg,isic_0069457,4,b8f56086c8f9676cc52c4a1551003e9c1987656ebdd75d55852956675c6e8eae,11054,2
C:\SRS(ISIC_2019)\Dataset\MEL\ISIC_0069540.jpg,isic_0069540,4,c315ac913a895245a0a7360247416b6af5d91b929d755dca016ffa09137311fc,11065,2
C:\SRS(ISIC_2019)\Dataset\MEL\ISIC_0069593.jpg,isic_0069593,4,82b6b29458490c179af5c9a24b9c9ce64f350b3f13971a719ab59d4aeb9165ba,11071,2
C:\SRS(ISIC_2019)\Dataset\MEL\ISIC_0069781.jpg,isic_0069781,4,fcbc6fbb8ebe0f361356a6f48b16fb374fe1806f667883fbc78137840a4635a0,11091,2
C:\SRS(ISIC_2019)\Dataset\MEL\ISIC_0069821.jpg,isic_0069821,4,2a480e19c6fe44c96c1e3f6fc0b8e85362561e0bec3dce2b5ca51d79029e40be,11093,2
C:\SRS(ISIC_2019)\Dataset\MEL\ISIC_0069873.jpg,isic_0069873,4,4c862db78e80627c1707ac72b0b7919f5b0e360a7564494fc42a528eeacc9226,11098,2
C:\SRS(ISIC_2019)\Dataset\MEL\ISIC_0069988.jpg,isic_0069988,4,0e2194914e4b566a21eafc54657d30c06cc5ebef6fb2e304a033392569e0e63c,11115,2
C:\SRS(ISIC_2019)\Dataset\MEL\ISIC_0070012.jpg,isic_0070012,4,9b9421367f9611d8be6918fe233e9fcfb9aa52704e5ebdef452dd44cd3fbc2de,11119,2
C:\SRS(ISIC_2019)\Dataset\MEL\ISIC_0070017.jpg,isic_0070017,4,e5da725f593b98e116f9caac3a9713aaffc35cea8d66e7191fee7a9b54d874c8,11120,2
C:\SRS(ISIC_2019)\Dataset\MEL\ISIC_0070070.jpg,isic_0070070,4,a5a336c641b9dfb37f5b32b9bd51bef3081e5626dc919b4aaedad109e4d37b5f,11130,2
C:\SRS(ISIC_2019)\Dataset\MEL\ISIC_0070160.jpg,isic_0070160,4,1e90ae6bf436d6f769960ee26991588ecaedb7f8ca7dc3af236a506ddf76832a,11144,2
C:\SRS(ISIC_2019)\Dataset\MEL\ISIC_0070220.jpg,isic_0070220,4,1ce98ff4bb07eca61519c05ba4e035e17fb62d8eedf952d89bc35224c21471ca,11152,2
C:\SRS(ISIC_2019)\Dataset\MEL\ISIC_0070250.jpg,isic_0070250,4,453e19ec794ba96683d84b1c0e26725167e5e230cfd1d2e75ffbc41ed30a35a6,11157,2
C:\SRS(ISIC_2019)\Dataset\MEL\ISIC_0070253.jpg,isic_0070253,4,59312892f36fccfc66d2ed753592536e217649e0f9d5ab9f3eb378f54e9e742f,11158,2
C:\SRS(ISIC_2019)\Dataset\MEL\ISIC_0070313.jpg,isic_0070313,4,b70afd0a4b8fce01218dbf1ab55a572628c56de507c944ed7c71f363922f9213,11163,2
C:\SRS(ISIC_2019)\Dataset\MEL\ISIC_0070344.jpg,isic_0070344,4,99b4aad2992fa3a0f22cb04d029db15733ca53e79626f44c9ca2749cdb8e9db8,11168,2
C:\SRS(ISIC_2019)\Dataset\MEL\ISIC_0070380.jpg,isic_0070380,4,803b9fa8f215c4b7ec36933cc4db229876df474757dab6ef151afe9940a637c3,11176,2
C:\SRS(ISIC_2019)\Dataset\MEL\ISIC_0070387.jpg,isic_0070387,4,dab75e092e1fdf60bdf9e7ae5f84cc3c517cac1d373b99595683081e7ffede6e,11177,2
C:\SRS(ISIC_2019)\Dataset\MEL\ISIC_0070398.jpg,isic_0070398,4,057552371019d56c996595f249cefe7323e0f97c3f4d830451cd1e87e7be0130,11178,2
C:\SRS(ISIC_2019)\Dataset\MEL\ISIC_0070410.jpg,isic_0070410,4,cc6be4e08256981a88b71175e0780250c2c6f8faad82253a758e486e8fb908ca,11181,2
C:\SRS(ISIC_2019)\Dataset\MEL\ISIC_0070553.jpg,isic_0070553,4,c63da2ca08c2de761ccce9996a837b21cbc44377668c68aa8057e3d6f1558c66,11199,2
C:\SRS(ISIC_2019)\Dataset\MEL\ISIC_0070581.jpg,isic_0070581,4,4b6b22626e8e454b044a927c386a5ebcc2ce63fb75402343a4ef582d59a65fcb,11202,2
C:\SRS(ISIC_2019)\Dataset\MEL\ISIC_0070611.jpg,isic_0070611,4,1c1ba850b09c41dc96a3d675ad3cb075f44d11659904b9ef43def92ca19a37fe,11208,2
C:\SRS(ISIC_2019)\Dataset\MEL\ISIC_0070727.jpg,isic_0070727,4,90b964ac379315c034a126bb8bf33da8194207d97d3edeef566ab8fc7af86645,11218,2
C:\SRS(ISIC_2019)\Dataset\MEL\ISIC_0070794.jpg,isic_0070794,4,b710498d9535ff9e078eb77bbaedcb2e11fc9c27e6898f78b91601c1b8f1f623,11227,2
C:\SRS(ISIC_2019)\Dataset\MEL\ISIC_0070888.jpg,isic_0070888,4,33a8589d00ac0689193d1ab12fff6586e96765a0e8a447e779ac5fb6d55d63ff,11238,2
C:\SRS(ISIC_2019)\Dataset\MEL\ISIC_0070938.jpg,isic_0070938,4,43b5355af8430f9201b9c3e30bcfd17527da9bb96894e308f0d2a5729d830b60,11245,2
C:\SRS(ISIC_2019)\Dataset\MEL\ISIC_0071000.jpg,isic_0071000,4,32d02f09fa1838dbb06d63b9d45398d3a911b98d3090fdea810f6b76dc4b9086,11258,2
C:\SRS(ISIC_2019)\Dataset\MEL\ISIC_0071095.jpg,isic_0071095,4,7fbc742b2e4ad8710f0dbd4052735ba0e47655747c124d2ccc66af4487553b74,11269,2
C:\SRS(ISIC_2019)\Dataset\MEL\ISIC_0071119.jpg,isic_0071119,4,acee368fc3b193fd03d66c3ae3d350f4d02c268a996046141636f24ab7af8cc0,11272,2
C:\SRS(ISIC_2019)\Dataset\MEL\ISIC_0071179.jpg,isic_0071179,4,bd383129effe57bc76af750dbc7d952137731a43c54f57046fed881b9577781c,11279,2
C:\SRS(ISIC_2019)\Dataset\MEL\ISIC_0071245.jpg,isic_0071245,4,f88aa2e80626d7606f787c3df876825cce610f8a4bb7c438c86ce605e7083db1,11288,2
C:\SRS(ISIC_2019)\Dataset\MEL\ISIC_0071257.jpg,isic_0071257,4,94ac92507f4dadec5f6164c69d62084cc8c57bf93d963223dcdbcbc2a5e76017,11289,2
C:\SRS(ISIC_2019)\Dataset\MEL\ISIC_0071335.jpg,isic_0071335,4,59eeb083ba364792044bc18746cd235611cdc5850cab5cd3499cff7edb857264,11298,2
C:\SRS(ISIC_2019)\Dataset\MEL\ISIC_0071392.jpg,isic_0071392,4,5afaae09a080c2eaacb7b6de6e03eca7ddfaa6717cb14811688b2d1464838c22,11303,2
C:\SRS(ISIC_2019)\Dataset\MEL\ISIC_0071408.jpg,isic_0071408,4,be6efcad7c380976aab7683f904165587bb491259715739ebacd32514a817ca4,11305,2
C:\SRS(ISIC_2019)\Dataset\MEL\ISIC_0071415.jpg,isic_0071415,4,a1969f52ee60ba8f0a57030ae842fd127928d7cace60d9d20f1c44cb60ab56db,11306,2
C:\SRS(ISIC_2019)\Dataset\MEL\ISIC_0071431.jpg,isic_0071431,4,9b0af990b714b7b812272196580a1ea112c828f09b11b2824a1886ec4345c05a,11308,2
C:\SRS(ISIC_2019)\Dataset\MEL\ISIC_0071434.jpg,isic_0071434,4,50757d06ab42a72863489d5f92739fe5a5781bf9e9f5c9f9d62be9217e791577,11309,2
C:\SRS(ISIC_2019)\Dataset\MEL\ISIC_0071455.jpg,isic_0071455,4,d5a15c1769b5c73b3e6bae0ada87d52331e7f379b5ca893d1349ac994aa089a8,11310,2
C:\SRS(ISIC_2019)\Dataset\MEL\ISIC_0071536.jpg,isic_0071536,4,fd1de5220066ac5f45a081746ea98b39c3ba8ff3b7ab5b7b17e57f7f633a9a24,11317,2
C:\SRS(ISIC_2019)\Dataset\MEL\ISIC_0071612.jpg,isic_0071612,4,43038265b92fa2c0f87fbd70933e3180cadcae28dc43279fbea7dacf7cbe3c54,11331,2
C:\SRS(ISIC_2019)\Dataset\MEL\ISIC_0071651.jpg,isic_0071651,4,c6ee72c7acac57f36d35aff3e28db93ac323c2ccd69e504ce18107c86b4a05d0,11335,2
C:\SRS(ISIC_2019)\Dataset\MEL\ISIC_0071668.jpg,isic_0071668,4,304107645d1e88103301d317d6b2cd8f84aac9e61e63b90cdc061bf677503e9b,11337,2
C:\SRS(ISIC_2019)\Dataset\MEL\ISIC_0071673.jpg,isic_0071673,4,29484a449a3e8ab3f5dc550006f5d3094f7f67a4508a70880e476a3a84f4762f,11338,2
C:\SRS(ISIC_2019)\Dataset\MEL\ISIC_0071678.jpg,isic_0071678,4,188b0f9723384580d66d0184475070b99ea70946b8c91c844a4af8342d776ebb,11339,2
C:\SRS(ISIC_2019)\Dataset\MEL\ISIC_0071707.jpg,isic_0071707,4,c257c5b2efb895dbf9dab966826d9b942dceec274c94b0d6c167bbcf04f27da0,11345,2
C:\SRS(ISIC_2019)\Dataset\MEL\ISIC_0071712.jpg,isic_0071712,4,bb46778ea9440dbb5f6a7189df8a2d3f0602bc8cc1175899f79c36a776ff52a7,11347,2
C:\SRS(ISIC_2019)\Dataset\MEL\ISIC_0071783.jpg,isic_0071783,4,97d35e2f565d221e0b86c175a3cc3c63bf5cf03072cae4afe35b833f3064bd80,11362,2
C:\SRS(ISIC_2019)\Dataset\MEL\ISIC_0071788.jpg,isic_0071788,4,72a261505b6afdb9c7f1f2319707d5545dd1c261d12618b9e5120a05119a60c7,11363,2
C:\SRS(ISIC_2019)\Dataset\MEL\ISIC_0071827.jpg,isic_0071827,4,ee4ff8444d46b2b33a8fa2eb1d789cf35fb47cc10f3e96f4211a70ae64f399fb,11370,2
C:\SRS(ISIC_2019)\Dataset\MEL\ISIC_0071875.jpg,isic_0071875,4,c6d6a2427e9f40106f8004cf4bf5f71d93794de37b531c030ea41f2f8d5bd129,11375,2
C:\SRS(ISIC_2019)\Dataset\MEL\ISIC_0071913.jpg,isic_0071913,4,eee45120bfee679e7be1acceb3c38a12dc7c532166cc77af3e580f54db7e8288,11382,2
C:\SRS(ISIC_2019)\Dataset\MEL\ISIC_0071957.jpg,isic_0071957,4,7f31c50d57570a3fe96d177694b85b14f522ca97f87bb416bfd09f23b9d4e3cb,11388,2
C:\SRS(ISIC_2019)\Dataset\MEL\ISIC_0071988.jpg,isic_0071988,4,1044abb1590f92a5a417321b695aca03ff2b73fdb3248d705857ac29be04d7c0,11391,2
C:\SRS(ISIC_2019)\Dataset\MEL\ISIC_0072004.jpg,isic_0072004,4,9d3c79cf54ee2e8c32ac39b782886c9ec5883c16fe2581e2eed902c5c6339f4b,11397,2
C:\SRS(ISIC_2019)\Dataset\MEL\ISIC_0072087.jpg,isic_0072087,4,7de9daaa62c613d008728324e34748221febc83a2f20092d351bf9a729d59e5d,11408,2
C:\SRS(ISIC_2019)\Dataset\MEL\ISIC_0072136.jpg,isic_0072136,4,8c59c8661c12ae87e85865fa95999226757d37a6bf7cc4280e0a0206d7361ce6,11416,2
C:\SRS(ISIC_2019)\Dataset\MEL\ISIC_0072157.jpg,isic_0072157,4,41b74cee5ead03064b740ebcf35805a3d55da17a72028bf92ea1d632232ace49,11419,2
C:\SRS(ISIC_2019)\Dataset\MEL\ISIC_0072175.jpg,isic_0072175,4,9c20e0496f7f3bb20711a70a3a5b01bea092a224ae572ebde741abc2d1707ede,11423,2
C:\SRS(ISIC_2019)\Dataset\MEL\ISIC_0072195.jpg,isic_0072195,4,49043dbe3fc1b1a8cb16c02391b30fac629021c8d3d1710dbb2afcb22dc07a21,11426,2
C:\SRS(ISIC_2019)\Dataset\MEL\ISIC_0072230.jpg,isic_0072230,4,2a097c768c4af38ccc3e44ba35c8556dbd9ebbfdd8c6c15424b9a62ee0a413b6,11431,2
C:\SRS(ISIC_2019)\Dataset\MEL\ISIC_0072271.jpg,isic_0072271,4,d82e697162ba469a5259a283dc5d98ea1590deb6280634fe6abad625e309c7ae,11434,2
C:\SRS(ISIC_2019)\Dataset\MEL\ISIC_0072280.jpg,isic_0072280,4,af37c8c056d6739c7e3078f8a2ed7d8f066badebf04844c9a109264b90ce9bc6,11435,2
C:\SRS(ISIC_2019)\Dataset\MEL\ISIC_0072337.jpg,isic_0072337,4,e5e8407b54b4d1342623e5709172fd1b9e022668e4cbdeeb965d4e0b970556af,11443,2
C:\SRS(ISIC_2019)\Dataset\MEL\ISIC_0072441.jpg,isic_0072441,4,e86032791dfec974ac1d6626f628c9e9ca497177f908ff969ab966d58495ac89,11465,2
C:\SRS(ISIC_2019)\Dataset\MEL\ISIC_0072507.jpg,isic_0072507,4,6846fd9cd7e1eb2861621feac562845f0d7c66572355fef411f9505b70146fab,11471,2
C:\SRS(ISIC_2019)\Dataset\MEL\ISIC_0072534.jpg,isic_0072534,4,4430f6256a59811d046b8e3ff887b353b2d2ae167ebd58761900fd5526192ab4,11477,2
C:\SRS(ISIC_2019)\Dataset\MEL\ISIC_0072557.jpg,isic_0072557,4,95814cb30edff31c0ac9666e1a281cb45ed5c0d097c6a31b01ee19b9d41de70a,11480,2
C:\SRS(ISIC_2019)\Dataset\MEL\ISIC_0072568.jpg,isic_0072568,4,f1f6bcf62c12208a2c7c569c7b3ca646dd35a723a51ce715e9baee80bc3ac1fe,11483,2
C:\SRS(ISIC_2019)\Dataset\MEL\ISIC_0072586.jpg,isic_0072586,4,d8a109c8b41af307ae27d647fa012c0d01ec8716a208fffe80293379e3437c5c,11488,2
C:\SRS(ISIC_2019)\Dataset\MEL\ISIC_0072594.jpg,isic_0072594,4,5b6dca5b24d2da8d41ec72b34fefeb7e659e5a01babca40f63f5336a49f5d782,11489,2
C:\SRS(ISIC_2019)\Dataset\MEL\ISIC_0072595.jpg,isic_0072595,4,1318318a8b6c7ea45eae018a74b7874a5fcaf5c19b873ed598e6ac44687d3b0e,11490,2
C:\SRS(ISIC_2019)\Dataset\MEL\ISIC_0072654.jpg,isic_0072654,4,70f30d638e6ae0132d7f0a7cf420741f5a5c97b6953cd8554b7c878d4b7febbc,11499,2
C:\SRS(ISIC_2019)\Dataset\MEL\ISIC_0072713.jpg,isic_0072713,4,96c0d6ee5480afd14d160195640a46be372a3e50e0155161fb5cde000b02487c,11502,2
C:\SRS(ISIC_2019)\Dataset\MEL\ISIC_0072755.jpg,isic_0072755,4,e64b16b3fc6d520ee972899be00f6ca3f538b213bc11d14f51f0414549215e3b,11509,2
C:\SRS(ISIC_2019)\Dataset\MEL\ISIC_0072799.jpg,isic_0072799,4,9f08b60cdfd345b29e3a9c4b61a147fd6e00068a4fe58175d338ab5189cc5286,11514,2
C:\SRS(ISIC_2019)\Dataset\MEL\ISIC_0072820.jpg,isic_0072820,4,7efc42bf439bf73cdb2280dfe8ced76d0d51ee96418a8d01e3ba01e99ad52772,11515,2
C:\SRS(ISIC_2019)\Dataset\MEL\ISIC_0072826.jpg,isic_0072826,4,d2f15f5bf559e64ca68d58865de24648bc8475bd08ebf8c7c9836e01fc17685e,11518,2
C:\SRS(ISIC_2019)\Dataset\MEL\ISIC_0072865.jpg,isic_0072865,4,78ceaa6f238884287b6a8a7848af6c98f5b00ba04789ce7fd7ba04e3ae484061,11523,2
C:\SRS(ISIC_2019)\Dataset\MEL\ISIC_0072887.jpg,isic_0072887,4,50ac19d0957bbdad82a163a8d72866885478f0472cdff95394753a6e7df80cc3,11527,2
C:\SRS(ISIC_2019)\Dataset\MEL\ISIC_0072923.jpg,isic_0072923,4,ddaeaafe8bd0a4fbd0350bb8ad0d7620c1ea7a839c2bc2cc931b6105a6adf11a,11532,2
C:\SRS(ISIC_2019)\Dataset\MEL\ISIC_0073097.jpg,isic_0073097,4,1df705ea905b28f8e6826963877c5b7aa85dd2367697b763352e8faacd44aebc,11552,2
C:\SRS(ISIC_2019)\Dataset\MEL\ISIC_0073119.jpg,isic_0073119,4,543a2d977e7d1ed039857d772531c098c8e3068f63b88f9829e895615a683d77,11555,2
C:\SRS(ISIC_2019)\Dataset\MEL\ISIC_0073143.jpg,isic_0073143,4,5ecdd942a7c3c373334504b82f96bc827680be45c223f3412ea1c8a32aaf8001,11558,2
C:\SRS(ISIC_2019)\Dataset\MEL\ISIC_0073173.jpg,isic_0073173,4,caaddc4c7681a53ea3f245b88a598e93d08aa86f203b3dd5fa5e34bb5bffa0e7,11562,2
C:\SRS(ISIC_2019)\Dataset\NV\ISIC_0000014.jpg,isic_0000014,5,cbcc87991c8d8521031d19f73b7d1fd79c9a99930da07ed3c33c1e78eff1c22b,11583,2
C:\SRS(ISIC_2019)\Dataset\NV\ISIC_0000018_downsampled.jpg,isic_0000018_downsampled,5,36ced0e1c33eb3eaf34c478f223cbc37d091458a06444d7caf07d4f01c7f551a,11587,2
C:\SRS(ISIC_2019)\Dataset\NV\ISIC_0000024_downsampled.jpg,isic_0000024_downsampled,5,8b6e2c73b7677a1d6fc35d94e87022a6938a950c500d3dba6cb057b4827bb74d,11592,2
C:\SRS(ISIC_2019)\Dataset\NV\ISIC_0000027_downsampled.jpg,isic_0000027_downsampled,5,78a27d8fae008cf74604b1460476763e1b80dfd558e9cfccc885373aafc8ed6d,11594,2
C:\SRS(ISIC_2019)\Dataset\NV\ISIC_0000034_downsampled.jpg,isic_0000034_downsampled,5,052789dbb9789888b7a87618930ce5275aeda01f75e895d47a6138666bdc614e,11597,2
C:\SRS(ISIC_2019)\Dataset\NV\ISIC_0000044_downsampled.jpg,isic_0000044_downsampled,5,c0a3cca7733a636dda7697fe4c34e7ba0b9a7ac8db6c2b16d89964b1ce0e291c,11603,2
C:\SRS(ISIC_2019)\Dataset\NV\ISIC_0000059_downsampled.jpg,isic_0000059_downsampled,5,4a6be003a155c46c64de6707e32de1b50025c7cad5d79468bc3318cc59bfe42f,11614,2
C:\SRS(ISIC_2019)\Dataset\NV\ISIC_0000088_downsampled.jpg,isic_0000088_downsampled,5,cdc7f43301e0eb530e9c2ba9c2c20ca214dc667d56884ae7db6d167fd6398a6f,11636,2
C:\SRS(ISIC_2019)\Dataset\NV\ISIC_0000095_downsampled.jpg,isic_0000095_downsampled,5,1dd64f238550b8a5ede207b8fcfc8553a65e6aefe395659a28fa600d6e7109fe,11642,2
C:\SRS(ISIC_2019)\Dataset\NV\ISIC_0000107_downsampled.jpg,isic_0000107_downsampled,5,94401aff91c81ad5c3b59b5d02b48e53984874ca898e1ab07a5781b2cde5a7e0,11653,2
C:\SRS(ISIC_2019)\Dataset\NV\ISIC_0000108_downsampled.jpg,isic_0000108_downsampled,5,cda8a1ca8665ff3e12ea0a20eeb297f6a390b67839ee3074e2b10d1d10e464fe,11654,2
C:\SRS(ISIC_2019)\Dataset\NV\ISIC_0000109_downsampled.jpg,isic_0000109_downsampled,5,e3cd38aba6a7462dd4c5e412ef910be26669248d44713cb33d89e634c4dc124d,11655,2
C:\SRS(ISIC_2019)\Dataset\NV\ISIC_0000116_downsampled.jpg,isic_0000116_downsampled,5,032e11d8415f9a8d6e9747028a262c425115991817e59e312cd1c7c4729d4582,11662,2
C:\SRS(ISIC_2019)\Dataset\NV\ISIC_0000123_downsampled.jpg,isic_0000123_downsampled,5,3d0444686aedd5c3d53d67d6bbef6e7da320c94efeb917b44710d3e89f79fcdd,11669,2
C:\SRS(ISIC_2019)\Dataset\NV\ISIC_0000131_downsampled.jpg,isic_0000131_downsampled,5,c32b69061b93cb6839f7c8bdf889f7a68521fb260f3bcdd44d119bad298d70c3,11677,2
C:\SRS(ISIC_2019)\Dataset\NV\ISIC_0000135_downsampled.jpg,isic_0000135_downsampled,5,3bff4b4a7624c089f6081f776ea4efcdeb6d7e28ee8ef5caa3b5d2acfa57f914,11681,2
C:\SRS(ISIC_2019)\Dataset\NV\ISIC_0000136_downsampled.jpg,isic_0000136_downsampled,5,2977d3c7d25d9ed41507e53a4e734cef14dfd3a2491c34f3460817feb09c2b70,11682,2
C:\SRS(ISIC_2019)\Dataset\NV\ISIC_0000182_downsampled.jpg,isic_0000182_downsampled,5,e5857f821b4f5291aee55059add626512ccb3676b57de8ee31bdcc2921e5e9b2,11688,2
C:\SRS(ISIC_2019)\Dataset\NV\ISIC_0000190.jpg,isic_0000190,5,ca9a11c8abc2d1303f207d1308ac77b3954b5ba0abfc89a699a2cd4e0039a672,11696,2
C:\SRS(ISIC_2019)\Dataset\NV\ISIC_0000192_downsampled.jpg,isic_0000192_downsampled,5,5500508864e563c0bbc18426e153d99b242409119c1f594bbb9fa72ff6236b19,11698,2
C:\SRS(ISIC_2019)\Dataset\NV\ISIC_0000207_downsampled.jpg,isic_0000207_downsampled,5,51a9b533975408c041786eec8f53401113baf16f8947deed19c82fe22cd62163,11712,2
C:\SRS(ISIC_2019)\Dataset\NV\ISIC_0000213.jpg,isic_0000213,5,d666e50078569084e21ec334d14ea8575e160f783342fc58d8dbc1a319a9f2b4,11718,2
C:\SRS(ISIC_2019)\Dataset\NV\ISIC_0000222.jpg,isic_0000222,5,288b5e0a914fb329578a19f74e39db776c5d4fcee8f2a7544e12b6926f4f4415,11727,2
C:\SRS(ISIC_2019)\Dataset\NV\ISIC_0000229.jpg,isic_0000229,5,5d0bb96d1210e4e15cdd1e334eb2ccbde3137a4c5e40f37dc7f13901243ca7ca,11734,2
C:\SRS(ISIC_2019)\Dataset\NV\ISIC_0000230.jpg,isic_0000230,5,180bdd759da89a97b0d38819a38ab1d78855d55b01e81281ffd11f298d8c8333,11735,2
C:\SRS(ISIC_2019)\Dataset\NV\ISIC_0000232.jpg,isic_0000232,5,0c9b26eaa991fa272fd5153e6710a34a7f4039a6cdca9ba7edb66a642ac88815,11737,2
C:\SRS(ISIC_2019)\Dataset\NV\ISIC_0000256.jpg,isic_0000256,5,7031d9adc777fbbef042f9403c55d50b534ac0ba26a4e83b0e411ec2f1df32fe,11758,2
C:\SRS(ISIC_2019)\Dataset\NV\ISIC_0000260.jpg,isic_0000260,5,4e29d4cdbc5d9886b45f5dbdfc40ae730f500a7bf50d70ed3c5f61c8d8cff340,11761,2
C:\SRS(ISIC_2019)\Dataset\NV\ISIC_0000263.jpg,isic_0000263,5,d3436b710b1b7fae369d4dadcf6c5caf380bc64e8eab63cd98fabd9280d796af,11764,2
C:\SRS(ISIC_2019)\Dataset\NV\ISIC_0000264.jpg,isic_0000264,5,4f51a4c75c344341ca2e4a817c652996593b420dceeb3071f9546d3f95b7f05b,11765,2
C:\SRS(ISIC_2019)\Dataset\NV\ISIC_0000326.jpg,isic_0000326,5,b80d555dc60a622df297eb2d98444164710be9c96a3f63c538c22865cdbae731,11782,2
C:\SRS(ISIC_2019)\Dataset\NV\ISIC_0000327.jpg,isic_0000327,5,97fa727beee223af01f838124024f49b10f79a5ed2eddddef7044edeac860f60,11783,2
C:\SRS(ISIC_2019)\Dataset\NV\ISIC_0000359.jpg,isic_0000359,5,2ca4c001d8f9b1ef15b5336e5a9958394fd2a438ce22674af9ff55759d2dad05,11812,2
C:\SRS(ISIC_2019)\Dataset\NV\ISIC_0000361.jpg,isic_0000361,5,c8eae8a0e4e35b951462d112c8aad3f1422c264d3c3a7cfe27594623f5de9d6c,11814,2
C:\SRS(ISIC_2019)\Dataset\NV\ISIC_0000364.jpg,isic_0000364,5,e3c6c67714d06968e14fcb04c789cac05d2c040c8fb30752f78e5bd21edbf74c,11816,2
C:\SRS(ISIC_2019)\Dataset\NV\ISIC_0000368.jpg,isic_0000368,5,3330dae13ae1b00614d0840f25496e3ce15709039f6155151d7ca88840683c05,11820,2
C:\SRS(ISIC_2019)\Dataset\NV\ISIC_0000379_downsampled.jpg,isic_0000379_downsampled,5,3ca98dd88f53f8b3a0053046cf53e3f2b6213f4a981ef8ef6ecf79d1786619bb,11829,2
C:\SRS(ISIC_2019)\Dataset\NV\ISIC_0000396_downsampled.jpg,isic_0000396_downsampled,5,0d7e0ccb4a1b324a74cabd8e37866b731484f0dfa290a6d087a2a4cf4e4e003b,11841,2
C:\SRS(ISIC_2019)\Dataset\NV\ISIC_0000397_downsampled.jpg,isic_0000397_downsampled,5,9573b81058b8e5121057f7a5d6aa8669f2b1c1e356999dcc1adad11328b980d2,11842,2
C:\SRS(ISIC_2019)\Dataset\NV\ISIC_0000409_downsampled.jpg,isic_0000409_downsampled,5,2734c46a1abd59e99eb2d0d1cde155b04ad312acec280ffcf7ad4c8d1f38ea74,11846,2
C:\SRS(ISIC_2019)\Dataset\NV\ISIC_0000427_downsampled.jpg,isic_0000427_downsampled,5,86e92c1f206c9659803074a72df0ab36046a4bc8858df8695d702baecbedd0e9,11854,2
C:\SRS(ISIC_2019)\Dataset\NV\ISIC_0000433_downsampled.jpg,isic_0000433_downsampled,5,88b5fdc4139c8a02cf5779cc4eee4c6a5f276eed531fb17fc18ba34fc72e83a7,11856,2
C:\SRS(ISIC_2019)\Dataset\NV\ISIC_0000436_downsampled.jpg,isic_0000436_downsampled,5,ff663ed79b2227bcfdfc2dfb444f07a195fae94cfe284ea29239aef798f8ae49,11857,2
C:\SRS(ISIC_2019)\Dataset\NV\ISIC_0000449_downsampled.jpg,isic_0000449_downsampled,5,3c101ab5e5727b9e319afa5dc7349740b65e3f2986c4d655d27161f34eea6ab7,11863,2
C:\SRS(ISIC_2019)\Dataset\NV\ISIC_0000452_downsampled.jpg,isic_0000452_downsampled,5,b58983a128a2b5a15f0d07f2b6de940b37c72bb4149ba1e193c7edee6ae2221b,11865,2
C:\SRS(ISIC_2019)\Dataset\NV\ISIC_0000453_downsampled.jpg,isic_0000453_downsampled,5,fc590745e5ea9ad81136c9c56a11e59a7b3cc3e46a262d6ab8213eb399dfcad2,11866,2
C:\SRS(ISIC_2019)\Dataset\NV\ISIC_0000455_downsampled.jpg,isic_0000455_downsampled,5,84d8c90e2154ac27e930a440fe50c4e1ce1ea2ffba2769f1fba89652b82e09ef,11867,2
C:\SRS(ISIC_2019)\Dataset\NV\ISIC_0000458.jpg,isic_0000458,5,f0d868d6a1be99337f89aa18bb97b318ba21bb5a7705f3c0dc5ada79dde36680,11870,2
C:\SRS(ISIC_2019)\Dataset\NV\ISIC_0000468.jpg,isic_0000468,5,63aee7444c054bab3f7074ac8b77888e7466b4faa73f1ddaf1edb6868c78703a,11875,2
C:\SRS(ISIC_2019)\Dataset\NV\ISIC_0000474.jpg,isic_0000474,5,b080bd326cedb53e15751a81d301dc932b0c104e75fd5cd8412d2999b3fddd88,11879,2
C:\SRS(ISIC_2019)\Dataset\NV\ISIC_0000489.jpg,isic_0000489,5,cd6a84e89c30fe9ec23a5a1413c7053e519ccbbaabf69b015f18aee424953374,11891,2
C:\SRS(ISIC_2019)\Dataset\NV\ISIC_0000496.jpg,isic_0000496,5,06ddb82ca6dd345f121af6b393968653044f7bdd352f91d87b35579ba6f5e642,11898,2
C:\SRS(ISIC_2019)\Dataset\NV\ISIC_0000501.jpg,isic_0000501,5,c2f509ef361399fca90d8b03cb81f439da467e3c18bbc4e7fe10c8aa113308a8,11902,2
C:\SRS(ISIC_2019)\Dataset\NV\ISIC_0000509.jpg,isic_0000509,5,f54b9c7196e178fbfe3a4ee5a0135364e2f749141d3e4dbb03bf546ce8ee4119,11909,2
C:\SRS(ISIC_2019)\Dataset\NV\ISIC_0000510.jpg,isic_0000510,5,1686639ee0b5b966d3afd928c82557e03e0532a26acb6832b26c1c56c15b228e,11910,2
C:\SRS(ISIC_2019)\Dataset\NV\ISIC_0000532.jpg,isic_0000532,5,dfe57f09ed02dcc1dc312573f79460478b96c61ff4eacaeaf0c263f998e21d96,11920,2
C:\SRS(ISIC_2019)\Dataset\NV\ISIC_0000534.jpg,isic_0000534,5,08b6cd4c557625fc086f1dce190a3b9408b91604f5a801929c9acee2f8ff1d58,11921,2
C:\SRS(ISIC_2019)\Dataset\NV\ISIC_0000537.jpg,isic_0000537,5,54d770f4064483c66faad9974e49bdb555adb4919657596db3f974140f2428c0,11924,2
C:\SRS(ISIC_2019)\Dataset\NV\ISIC_0000542.jpg,isic_0000542,5,79f38f2ac5b27d5825ef3d8e08221b2da8ae9d34db790a0738f0499749499ec1,11929,2
C:\SRS(ISIC_2019)\Dataset\NV\ISIC_0000546.jpg,isic_0000546,5,cc5e92c8c08454e5036db0201f838c3cd02e496fd9e47263190d0d979b975841,11933,2
C:\SRS(ISIC_2019)\Dataset\NV\ISIC_0001186_downsampled.jpg,isic_0001186_downsampled,5,3486d0f60b05fb22c58d954784c24517bca03401b9535831cbdb66b97c1b4d7e,11942,2
C:\SRS(ISIC_2019)\Dataset\NV\ISIC_0001204_downsampled.jpg,isic_0001204_downsampled,5,0bc72457bacfd43f04175bf9ca92de3992e888886b508d9e30b200cc07ac2602,11947,2
C:\SRS(ISIC_2019)\Dataset\NV\ISIC_0001292_downsampled.jpg,isic_0001292_downsampled,5,5844abad14fc575b7315ac6cb2a2185db14ce9ab5ce05c16ded91af5e8634e24,11958,2
C:\SRS(ISIC_2019)\Dataset\NV\ISIC_0002287_downsampled.jpg,isic_0002287_downsampled,5,5fdfc77528796d966efe931aa8b2c42c838b8c770a03b0095a33f595e08bd1a3,11979,2
C:\SRS(ISIC_2019)\Dataset\NV\ISIC_0002353_downsampled.jpg,isic_0002353_downsampled,5,42836c748e7b72006bcee522a52d3a169cf1b8940df86bbed2d46c64a802b1f7,11980,2
C:\SRS(ISIC_2019)\Dataset\NV\ISIC_0002469_downsampled.jpg,isic_0002469_downsampled,5,3efeafbfbd0099b04bb5da392e9317e6396aca1aebb693a1e7cc814c8e62b119,11986,2
C:\SRS(ISIC_2019)\Dataset\NV\ISIC_0002616_downsampled.jpg,isic_0002616_downsampled,5,333c93e96b4369517f8baa6181b80cbfd3c1e5652a0facea4224bcc45a022371,11990,2
C:\SRS(ISIC_2019)\Dataset\NV\ISIC_0002780_downsampled.jpg,isic_0002780_downsampled,5,c5497b582280cf3403759b3103240733f2edb21bda2e99a3f9a885a987c52e54,11993,2
C:\SRS(ISIC_2019)\Dataset\NV\ISIC_0002975_downsampled.jpg,isic_0002975_downsampled,5,27086cd65e866d8c4c3e7cf3dc4fc45551048be3ef5342efd4ffe41d216ced7e,12001,2
C:\SRS(ISIC_2019)\Dataset\NV\ISIC_0003056_downsampled.jpg,isic_0003056_downsampled,5,484ef6ddc9f5cb8e080a3e40909ef6e3ecc01b58b9abeb31e4f9f7249f54a246,12005,2
C:\SRS(ISIC_2019)\Dataset\NV\ISIC_0004110_downsampled.jpg,isic_0004110_downsampled,5,74551d95ff526b82592c1b3347508054fafcc36be68e276624c8e41218cf01ad,12016,2
C:\SRS(ISIC_2019)\Dataset\NV\ISIC_0004346_downsampled.jpg,isic_0004346_downsampled,5,6653b25406f3c00bb8e29451cdab4fc7ee29341b5474a1d934e63bc0fff9db55,12022,2
C:\SRS(ISIC_2019)\Dataset\NV\ISIC_0004715_downsampled.jpg,isic_0004715_downsampled,5,898daeb0f52a6a51b5b74a3394a92e4e116feb0eb5a3074410429b4f850573cb,12023,2
C:\SRS(ISIC_2019)\Dataset\NV\ISIC_0005000_downsampled.jpg,isic_0005000_downsampled,5,504b4b25485fb7f42b62cfb9153366c2b3c12ba65f395d80506b7e0df17dad30,12025,2
C:\SRS(ISIC_2019)\Dataset\NV\ISIC_0005555_downsampled.jpg,isic_0005555_downsampled,5,5a4f3d347a26a356de63ae01e524a8e5b2680a4486ec06259312167eaa31d6b9,12029,2
C:\SRS(ISIC_2019)\Dataset\NV\ISIC_0005787_downsampled.jpg,isic_0005787_downsampled,5,a2c2f3c99ccbad89b2292daa3170dd19a0a18b19dddc7c66ee8a63107daa7d57,12034,2
C:\SRS(ISIC_2019)\Dataset\NV\ISIC_0006021_downsampled.jpg,isic_0006021_downsampled,5,c1ae0254664066e8198a41b8c8b43e9ddba18711d5fc96bd9ec3a026e9127fc1,12035,2
C:\SRS(ISIC_2019)\Dataset\NV\ISIC_0007241_downsampled.jpg,isic_0007241_downsampled,5,7e0ca7f8510e1529f1a65462e960320beef9d5bbea1f4c8b3ba02b232e92ca44,12056,2
C:\SRS(ISIC_2019)\Dataset\NV\ISIC_0008025_downsampled.jpg,isic_0008025_downsampled,5,1af5734dc3e1df277e9e4445848b239abc9e60e9dc9adac0371507c649b17dba,12067,2
C:\SRS(ISIC_2019)\Dataset\NV\ISIC_0008029_downsampled.jpg,isic_0008029_downsampled,5,11417fa1a87360bdccb40dd3b83a8de7643d4f6dea9ab6b24e4f3f785b2cf6cf,12068,2
C:\SRS(ISIC_2019)\Dataset\NV\ISIC_0008280_downsampled.jpg,isic_0008280_downsampled,5,09c219b21ef8d96117ef10c657d01c7d523243fa29832bfbb29465d2bac98b82,12074,2
C:\SRS(ISIC_2019)\Dataset\NV\ISIC_0008403_downsampled.jpg,isic_0008403_downsampled,5,fe5440180235a68a49801b0357333c2500b7f43d9b8bd1808d68c25ec76da3ca,12078,2
C:\SRS(ISIC_2019)\Dataset\NV\ISIC_0008785_downsampled.jpg,isic_0008785_downsampled,5,2174b9ceb1392402e2671237c8d4a17a66f3d2066c4aacc1f19fd409e748ac7f,12088,2
C:\SRS(ISIC_2019)\Dataset\NV\ISIC_0009165_downsampled.jpg,isic_0009165_downsampled,5,790f7fbee6879a28f79a0ba456f3e1b5f989bc697cd96ecd3a76c53056b3eac6,12099,2
C:\SRS(ISIC_2019)\Dataset\NV\ISIC_0009860_downsampled.jpg,isic_0009860_downsampled,5,2a10d81c2fab84d5d352b46472581aff66cc54fc40c1ddbefb4b25c15fbd81dd,12115,2
C:\SRS(ISIC_2019)\Dataset\NV\ISIC_0009885.jpg,isic_0009885,5,2c2800c3ef1ef6d90b671fb4fc6780e1bfe8afd3f096db56d90875d23113c250,12129,2
C:\SRS(ISIC_2019)\Dataset\NV\ISIC_0009914.jpg,isic_0009914,5,c8f12c81f393d959e8c84a0da6d6587122e2ec0663a4ccc891c3beba9919b64b,12143,2
C:\SRS(ISIC_2019)\Dataset\NV\ISIC_0009929.jpg,isic_0009929,5,c29872d6fa5674dfcf8e2d285d0356191ce7b524f690fa0bc6cad8c95bbaa628,12152,2
C:\SRS(ISIC_2019)\Dataset\NV\ISIC_0009930.jpg,isic_0009930,5,643e2eec58579b1be17ae112f6e5dbb0cb27af12ac2d5ed077614961c8535b1f,12153,2
C:\SRS(ISIC_2019)\Dataset\NV\ISIC_0009935.jpg,isic_0009935,5,ab140f223cf2f84e4a81e179fafd571c36adfe7dafb83b4eb3cc7395e0f3be0c,12157,2
C:\SRS(ISIC_2019)\Dataset\NV\ISIC_0009948.jpg,isic_0009948,5,fe22a3f1c8655e1cee34e290b087308ef5ba6dc04294ad684259b06aad5fa73e,12170,2
C:\SRS(ISIC_2019)\Dataset\NV\ISIC_0009949.jpg,isic_0009949,5,baccc7f41bb309739db92d7d8962ff3746e98749fa982e73264c5e51875b8b19,12171,2
C:\SRS(ISIC_2019)\Dataset\NV\ISIC_0009956.jpg,isic_0009956,5,9c613220f07f4d53e17bb0af7ccaf1d70150881b84f1ab042f4868fd56992da5,12175,2
C:\SRS(ISIC_2019)\Dataset\NV\ISIC_0009961.jpg,isic_0009961,5,b10e708bba5aef5b8485b2d197740c9dcf767ce5d40fcc7eb438467f4f4bc99e,12177,2
C:\SRS(ISIC_2019)\Dataset\NV\ISIC_0009962.jpg,isic_0009962,5,5cc840473aeac993d2d9145b44a478d76378fd1f9af452b3870c2c32bb2ad700,12178,2
C:\SRS(ISIC_2019)\Dataset\NV\ISIC_0009964.jpg,isic_0009964,5,cfc33efd629d2cdaea409f492c3f036bbc8bb456d850d9353fb901d253c45e46,12180,2
C:\SRS(ISIC_2019)\Dataset\NV\ISIC_0009966.jpg,isic_0009966,5,ea8f0215c2be2887b4f60dfa39f9cfe1dddac1b80059acdae1a0d07a52cce30b,12182,2
C:\SRS(ISIC_2019)\Dataset\NV\ISIC_0009969.jpg,isic_0009969,5,f442fa4122deea05d6874bd8502bfb5a97649cc1d5cda75f1e49dfdf74ef15dc,12185,2
C:\SRS(ISIC_2019)\Dataset\NV\ISIC_0009976.jpg,isic_0009976,5,ef1053c3df31884714a8f0f68f16f8d4c383458b0f88485495eaf33a5c8830a7,12191,2
C:\SRS(ISIC_2019)\Dataset\NV\ISIC_0009990.jpg,isic_0009990,5,f899ef8ebfeeb7ad6fcc09b580b811b41be0927bcea86752580d00a35dfb9d57,12200,2
C:\SRS(ISIC_2019)\Dataset\NV\ISIC_0009991.jpg,isic_0009991,5,dec6c9d1b16eb2e7a36a34a6984f7e660dc3eb3a1649494948836e96d3c5f9a6,12201,2
C:\SRS(ISIC_2019)\Dataset\NV\ISIC_0010002.jpg,isic_0010002,5,16d26a1a048a3a8c69a689db74e9b103eb2028cbb3c1c0690b9442b65e684e8f,12205,2
C:\SRS(ISIC_2019)\Dataset\NV\ISIC_0010017.jpg,isic_0010017,5,b99f4485850a783eb27817c4bc898e8f271093d24314bc04f3e00d45cfcddde3,12214,2
C:\SRS(ISIC_2019)\Dataset\NV\ISIC_0010037.jpg,isic_0010037,5,2c546ba5c2d382e13726f569899b6f07ceec5b40ba0ec4f6d4d0e561ac4e5e5e,12223,2
C:\SRS(ISIC_2019)\Dataset\NV\ISIC_0010044.jpg,isic_0010044,5,9a28dcd2248b46b8007c52d19f2cb5be94d6aa8e59f4fe437c22a01845e2a2e4,12229,2
C:\SRS(ISIC_2019)\Dataset\NV\ISIC_0010069.jpg,isic_0010069,5,e257ffaadc43ecb64f79fa1fc38bea659fe50374e5a5e1b3885c3e69942e4890,12244,2
C:\SRS(ISIC_2019)\Dataset\NV\ISIC_0010073.jpg,isic_0010073,5,1683c22759c3890f3aac1c1fd6171e1b60c3ee87a5c908e0ab593676941b0be8,12247,2
C:\SRS(ISIC_2019)\Dataset\NV\ISIC_0010074.jpg,isic_0010074,5,ff21a38af23e779f86166d45196101e90266b360e4937fbf84b56db1e314c493,12248,2
C:\SRS(ISIC_2019)\Dataset\NV\ISIC_0010078.jpg,isic_0010078,5,3395503ff9744f1815929db7b2c3fff297780d7f90b5b59f8ecb6080dbdbbee3,12251,2
C:\SRS(ISIC_2019)\Dataset\NV\ISIC_0010093.jpg,isic_0010093,5,ddb4fada575780b1505a71f3db19b488a822f642d54cb9a6c595741f2f335e59,12258,2
C:\SRS(ISIC_2019)\Dataset\NV\ISIC_0010100.jpg,isic_0010100,5,0c33c145523b6f7c2f4cf1d15cd3e44b716c571cc91260fa59f4ce942622375e,12259,2
C:\SRS(ISIC_2019)\Dataset\NV\ISIC_0010193.jpg,isic_0010193,5,53e636d0711bab105170fbda4878ce02e2a0f10acf36f6812ec678b7baa1165c,12280,2
C:\SRS(ISIC_2019)\Dataset\NV\ISIC_0010201.jpg,isic_0010201,5,8b7b77236c33aa5d76d6046c8e9cfd267098c7a6f0007bad12555e7fa0d87d3b,12281,2
C:\SRS(ISIC_2019)\Dataset\NV\ISIC_0010215.jpg,isic_0010215,5,d9bd4dc3a6851c96a15257d6d5b7f576208e843b948abb2cd84eca05c24186da,12288,2
C:\SRS(ISIC_2019)\Dataset\NV\ISIC_0010228.jpg,isic_0010228,5,10f460c4a98054dc67a6909cfa063755e726c82588902f5055aa9bea84ce70f3,12295,2
C:\SRS(ISIC_2019)\Dataset\NV\ISIC_0010246.jpg,isic_0010246,5,999396fafd141a174babc72627b2200c0434753a9a22706f0666ac15d865bb9a,12305,2
C:\SRS(ISIC_2019)\Dataset\NV\ISIC_0010249.jpg,isic_0010249,5,4327ae13f5628a5f7ed89936a814c4794b4fbf0f0e1f898d9ccfce14f5aa4491,12308,2
C:\SRS(ISIC_2019)\Dataset\NV\ISIC_0010318.jpg,isic_0010318,5,4df41d3ab615ad81626d0e34deb92c6817d79d1c5e3cc201e4395d8698ea40da,12319,2
C:\SRS(ISIC_2019)\Dataset\NV\ISIC_0010326.jpg,isic_0010326,5,34c27c0dbcdc4d39405d42f4a099d93153ded61f58a0b15e249eb0b9f3f197dd,12322,2
C:\SRS(ISIC_2019)\Dataset\NV\ISIC_0010339.jpg,isic_0010339,5,e6c348b95ae49c964cfd69c8c669a7331b3c4aa216123af493eff63acafaf769,12331,2
C:\SRS(ISIC_2019)\Dataset\NV\ISIC_0010340.jpg,isic_0010340,5,317a49e3ce574a72d74915773a8892e5cc2bfd0ca27a45b44cf3578aad28b839,12332,2
C:\SRS(ISIC_2019)\Dataset\NV\ISIC_0010344.jpg,isic_0010344,5,f823802d1bc33e10a0e0445855f733db24e1ad38746fd670dd5cdfde5ebd2144,12335,2
C:\SRS(ISIC_2019)\Dataset\NV\ISIC_0010347.jpg,isic_0010347,5,3ec0c5c9526c3908da375463112a5149c797adfa2eda8fd87f15f5fbdcb2e25a,12337,2
C:\SRS(ISIC_2019)\Dataset\NV\ISIC_0010374.jpg,isic_0010374,5,49d782d48458e2eb92591267ef69cf7788ce9299b1754f2b9acc704ef10f1918,12349,2
C:\SRS(ISIC_2019)\Dataset\NV\ISIC_0010443.jpg,isic_0010443,5,5969dcc4e50035f0747786d00784a883b5a2013e1309165fe0887e694aabc03f,12355,2
C:\SRS(ISIC_2019)\Dataset\NV\ISIC_0010452.jpg,isic_0010452,5,ef7c07657c1882af80cd45249bfc613d6cfbefcfa088739cf096f75e6d411cab,12361,2
C:\SRS(ISIC_2019)\Dataset\NV\ISIC_0010455.jpg,isic_0010455,5,333df650c4a46deae57b6fbf44b51a7a01425f2246631071b67e2677ee4f0785,12362,2
C:\SRS(ISIC_2019)\Dataset\NV\ISIC_0010461.jpg,isic_0010461,5,2875659b27bccd6fb7d28c63df42f58e3bc0b1bedd1f46c133e7f20a73c8fc05,12368,2
C:\SRS(ISIC_2019)\Dataset\NV\ISIC_0010463.jpg,isic_0010463,5,2499f22abcbf0b69ddaa3442cbf564017b5d0f3d12566d98604fcfbce15bf34c,12370,2
C:\SRS(ISIC_2019)\Dataset\NV\ISIC_0010557.jpg,isic_0010557,5,eca1ccf08d9eb7659eb2fd3e2f0301f2e88991e010f31e91cbe0679cf6155406,12395,2
C:\SRS(ISIC_2019)\Dataset\NV\ISIC_0010562.jpg,isic_0010562,5,1b5f7d7c1cdb339e16a6e5ae301921cec19a2abbb76932655840f98385825fcb,12397,2
C:\SRS(ISIC_2019)\Dataset\NV\ISIC_0010567.jpg,isic_0010567,5,bacdf3d94fd4dc4647a483521b46d96f6af9b7534ec738c0ea65c968ca1aed36,12400,2
C:\SRS(ISIC_2019)\Dataset\NV\ISIC_0010568.jpg,isic_0010568,5,541b725606bc9e946ff64e9a969a74995359d4b15fa73f5e92d9040c148522c8,12401,2
C:\SRS(ISIC_2019)\Dataset\NV\ISIC_0010571.jpg,isic_0010571,5,906f1fb8725834de486ead0f6127770c9a03a298da764d54d79103330667db52,12404,2
C:\SRS(ISIC_2019)\Dataset\NV\ISIC_0010584.jpg,isic_0010584,5,13edae8a246e907102cdd88d40851d01f9ed29ce3fa6fb86f7165bdf1ee88751,12411,2
C:\SRS(ISIC_2019)\Dataset\NV\ISIC_0010586.jpg,isic_0010586,5,22bf11f284027515a108e056bf07a527a943e052550ae6d47abb37247aa8711b,12413,2
C:\SRS(ISIC_2019)\Dataset\NV\ISIC_0010588.jpg,isic_0010588,5,0685d172ec01f3eab90b9c8f7a59b360b9a1a5344375f0b58f27e209f046b92b,12414,2
C:\SRS(ISIC_2019)\Dataset\NV\ISIC_0010599.jpg,isic_0010599,5,2d218acc9e7af8d688d9595e3881d3414f0c0b48edf5ab124a1a8bb15e6b2e6a,12421,2
C:\SRS(ISIC_2019)\Dataset\NV\ISIC_0010603.jpg,isic_0010603,5,27697d5a548c10ba57c25bd6bff3f588088a09966c8e1679005d9cb0bf6ed065,12423,2
C:\SRS(ISIC_2019)\Dataset\NV\ISIC_0010850.jpg,isic_0010850,5,66e860678554c515495fa1d8777dc324cf227381c3ce02e896b63bfa57cbd9e8,12433,2
C:\SRS(ISIC_2019)\Dataset\NV\ISIC_0010858.jpg,isic_0010858,5,c27a67cfdc8a56b4c58521ef9c8304343cbacb1b75a9a8a1ef087cbbf04947aa,12439,2
C:\SRS(ISIC_2019)\Dataset\NV\ISIC_0011088.jpg,isic_0011088,5,c067f484f99993bbf0270c83d67184701f9d9b57186eae4cb23488dae44f6b73,12448,2
C:\SRS(ISIC_2019)\Dataset\NV\ISIC_0011090.jpg,isic_0011090,5,fd4d9ec9faf6b8e6df110ec344a81ffbed34663851b6000954dc16089a173781,12450,2
C:\SRS(ISIC_2019)\Dataset\NV\ISIC_0011101.jpg,isic_0011101,5,eb21d334e7239bc8c7be6bf31b700db611bf8c54169c036b1ef04687f4b5acea,12455,2
C:\SRS(ISIC_2019)\Dataset\NV\ISIC_0011109.jpg,isic_0011109,5,4dc6fd1da76018ccb344a869000b7b67d4f5502289fb08a55966d8829ca013a8,12460,2
C:\SRS(ISIC_2019)\Dataset\NV\ISIC_0011110.jpg,isic_0011110,5,fc3a2981fad052bf515d6cb9dc56dc92383a153ba8d89e1b16096678ffabe6d8,12461,2
C:\SRS(ISIC_2019)\Dataset\NV\ISIC_0011114.jpg,isic_0011114,5,9771f4b92b286683b9a38978340f9a19b8446eb5354e250552c96eeac770a089,12462,2
C:\SRS(ISIC_2019)\Dataset\NV\ISIC_0011115.jpg,isic_0011115,5,b93c57af19002c5c3430e2c847a7df0ac7027264d2ffbb55a0854f5cd5fdb174,12463,2
C:\SRS(ISIC_2019)\Dataset\NV\ISIC_0011119.jpg,isic_0011119,5,fd883c63a83cac69d271515013e92e8684d4bde65a228609797e9a593ae18a65,12465,2
C:\SRS(ISIC_2019)\Dataset\NV\ISIC_0011120.jpg,isic_0011120,5,e554eb8b5b1e80d7b23a93adcfaec725397c9992489f4ffa7e9564d555fc35d2,12466,2
C:\SRS(ISIC_2019)\Dataset\NV\ISIC_0011124.jpg,isic_0011124,5,ae4a675d916eb62e6773f6d392e179c211c5fd40efe3faa7d0615f0bf9a5dffd,12468,2
C:\SRS(ISIC_2019)\Dataset\NV\ISIC_0011144.jpg,isic_0011144,5,d09b953628dd44cb7253d0b05ecc07e2a859cca9fd435d9ec30eef2f5ed3dcdf,12473,2
C:\SRS(ISIC_2019)\Dataset\NV\ISIC_0011159.jpg,isic_0011159,5,ee7febddbc1c7e4c57681bfdd983a332995517be2d769a81470ac288e8446576,12481,2
C:\SRS(ISIC_2019)\Dataset\NV\ISIC_0011164.jpg,isic_0011164,5,2f01651f2a0b74ca954f3efa12be674172a9e8cbc2c9b4536951d6e8bb393b10,12483,2
C:\SRS(ISIC_2019)\Dataset\NV\ISIC_0011168.jpg,isic_0011168,5,9b6d8b100a4f830694e6e9dc1214daf8f72d3f77150f616f8cb9b3a01af4cfed,12486,2
C:\SRS(ISIC_2019)\Dataset\NV\ISIC_0011171.jpg,isic_0011171,5,76cec85d68916396320c350ae2b4e623abc5529649f3d44fb2b6bd6adc2283f3,12488,2
C:\SRS(ISIC_2019)\Dataset\NV\ISIC_0011215.jpg,isic_0011215,5,9564890ebc6a635ef71a9d02d1e9d31d3db4d4af796612a269e5c8c5ba2c9495,12503,2
C:\SRS(ISIC_2019)\Dataset\NV\ISIC_0011217.jpg,isic_0011217,5,ce8db2c21a1883b0eabd55d4f1670ed7c0741552251e499c5335e8ebb32ddce2,12504,2
C:\SRS(ISIC_2019)\Dataset\NV\ISIC_0011228.jpg,isic_0011228,5,01f651bae31c2b2eb4e03761bf389ba99ce67aec5c5d0989d399f1d42e53cc63,12512,2
C:\SRS(ISIC_2019)\Dataset\NV\ISIC_0011292.jpg,isic_0011292,5,2b5d452dc28b5bfdc37d6fd714347eaad841f6c697ed0460bdf9737657af4545,12515,2
C:\SRS(ISIC_2019)\Dataset\NV\ISIC_0011297.jpg,isic_0011297,5,cfd8ea5f16ed290f302abf0a7fa515f7daf127359db37dada7e904aa19309a32,12518,2
C:\SRS(ISIC_2019)\Dataset\NV\ISIC_0011303.jpg,isic_0011303,5,3a052f3e58e5220b9962420d981da3282a18ac03f681894d253435c61dfe577d,12522,2
C:\SRS(ISIC_2019)\Dataset\NV\ISIC_0011323.jpg,isic_0011323,5,ffdfa0ee728b46d85908a6130d338805ae773ed08ef2fcfb48a58f92c3056387,12529,2
C:\SRS(ISIC_2019)\Dataset\NV\ISIC_0011326.jpg,isic_0011326,5,dc9aef371f4cf7e8bf12a488c9f807ca97d3fadb3d3faf0f2795401621fba515,12531,2
C:\SRS(ISIC_2019)\Dataset\NV\ISIC_0011330.jpg,isic_0011330,5,3c05db9cbe4a0d891b78310ce2de7e35b0ff389b2537ba342338699b431bd5ef,12534,2
C:\SRS(ISIC_2019)\Dataset\NV\ISIC_0011333.jpg,isic_0011333,5,6a067326783266c12252a771e857877eacfb4fc3e8d2d8513449aab9972f2c49,12535,2
C:\SRS(ISIC_2019)\Dataset\NV\ISIC_0011336.jpg,isic_0011336,5,47eeabd9558c9c9f083c9d8db3df49416ac110642ffb0bfe852fb5c455fae333,12536,2
C:\SRS(ISIC_2019)\Dataset\NV\ISIC_0011338.jpg,isic_0011338,5,ba28fd33738518c6d9d5b6be1dd26b3117a6e0a18d64999730c48c99c698ede7,12537,2
C:\SRS(ISIC_2019)\Dataset\NV\ISIC_0011353.jpg,isic_0011353,5,2637766ade172968b0050e159e1978fc11375afd2eaa73763f83ec3dbb1f66cf,12544,2
C:\SRS(ISIC_2019)\Dataset\NV\ISIC_0011372.jpg,isic_0011372,5,2710ccd78215fb6b9ddf968bb6e9c55250750263fe4c81a9a9c0d9a5a06ddfda,12553,2
C:\SRS(ISIC_2019)\Dataset\NV\ISIC_0011373.jpg,isic_0011373,5,32e79a3275f952492b0b9682010097b22d0d7eac0471316f52fa34f88aa37fc9,12554,2
C:\SRS(ISIC_2019)\Dataset\NV\ISIC_0011397.jpg,isic_0011397,5,bbf513d533bfbac7b1d3432b1dd5c80f940d1f1a713194c28bdf6fa20c16bb4a,12562,2
C:\SRS(ISIC_2019)\Dataset\NV\ISIC_0011402.jpg,isic_0011402,5,a90343b669d56008fbb78af4542b7f8451c651c98b38af9bb7133700b6ca015b,12564,2
C:\SRS(ISIC_2019)\Dataset\NV\ISIC_0012095_downsampled.jpg,isic_0012095_downsampled,5,ac1e6f2457a34bf2d8c15c554aa080d122f4ac426d2e95c66c0a6e09f9f85b6e,12568,2
C:\SRS(ISIC_2019)\Dataset\NV\ISIC_0012126_downsampled.jpg,isic_0012126_downsampled,5,55a36353dcd83e03bb22797fbc66988919e4c95243716ccee90ab21ca89cb855,12577,2
C:\SRS(ISIC_2019)\Dataset\NV\ISIC_0012127_downsampled.jpg,isic_0012127_downsampled,5,7675fa6a4beaf4a1cf77d9be3dfdc10ea525cd7532831d165e95c164b756cfcf,12789,2
C:\SRS(ISIC_2019)\Dataset\NV\ISIC_0012141_downsampled.jpg,isic_0012141_downsampled,5,8c3ac24053385f32a3a4ec6a44688f9a54337696da7fb180c81784132a42f6fb,12580,2
C:\SRS(ISIC_2019)\Dataset\NV\ISIC_0012187_downsampled.jpg,isic_0012187_downsampled,5,b27f8070c97129e62331b33c03b02d372e98149c4bd8d155037d8f6e041424db,12595,2
C:\SRS(ISIC_2019)\Dataset\NV\ISIC_0012191_downsampled.jpg,isic_0012191_downsampled,5,412f90eed5a8fde0fa0d76f4244e5fe89acf2d2f2242420456126266967e07c5,12596,2
C:\SRS(ISIC_2019)\Dataset\NV\ISIC_0012206_downsampled.jpg,isic_0012206_downsampled,5,be9d6940ef0007b2202f2101d13dcffbf27a60fc9404cf610a88b8223d21f03f,12600,2
C:\SRS(ISIC_2019)\Dataset\NV\ISIC_0012260_downsampled.jpg,isic_0012260_downsampled,5,6b1216e3b432f8a74bbe3e6e14183ff5f375b679f63b7fb02ec345d6e29e4e0b,12619,2
C:\SRS(ISIC_2019)\Dataset\NV\ISIC_0012261_downsampled.jpg,isic_0012261_downsampled,5,d5350b269c55ebf172d12e0c3b494077e0aa82a8b7fd428d487046fed1361a8d,12620,2
C:\SRS(ISIC_2019)\Dataset\NV\ISIC_0012303_downsampled.jpg,isic_0012303_downsampled,5,065a09064f48c5c43d32d7ab4064286e6edc2fe523184f73b68a9e5a32ff4837,12629,2
C:\SRS(ISIC_2019)\Dataset\NV\ISIC_0012316_downsampled.jpg,isic_0012316_downsampled,5,a4b268454a8401d0c6d2ab5259661dac9a05d5fb56cf777394fa6553d1bd8ae1,12634,2
C:\SRS(ISIC_2019)\Dataset\NV\ISIC_0012338_downsampled.jpg,isic_0012338_downsampled,5,793f9a21f1e0ba4c877994ffe86957ca0bbbcb7ac781905b9c2a8ec574be5700,12644,2
C:\SRS(ISIC_2019)\Dataset\NV\ISIC_0012360_downsampled.jpg,isic_0012360_downsampled,5,a6e847e99bff2103e24f801a67e9f8c61758e537efa26f2e515f704356b599b7,12648,2
C:\SRS(ISIC_2019)\Dataset\NV\ISIC_0012376_downsampled.jpg,isic_0012376_downsampled,5,c86df50ace94eb3ebad7ad23591cef59b8e06b361c1d0b6e1c1b409e613e3111,12651,2
C:\SRS(ISIC_2019)\Dataset\NV\ISIC_0012518_downsampled.jpg,isic_0012518_downsampled,5,b93c816c9d8a4df62f016d0f2e53cc3b471c893273eb26aee9d7d07d8aa002e2,12675,2
C:\SRS(ISIC_2019)\Dataset\NV\ISIC_0012529_downsampled.jpg,isic_0012529_downsampled,5,8c8d999b206d43a0092d4d6f147384802010bc92e3b192252749cdcfe1e23567,12680,2
C:\SRS(ISIC_2019)\Dataset\NV\ISIC_0012550_downsampled.jpg,isic_0012550_downsampled,5,4dc04115a59000feb153f598dc62d28e8a7bc2144cb3bfa34c39cd8a8aca92fa,12686,2
C:\SRS(ISIC_2019)\Dataset\NV\ISIC_0012657_downsampled.jpg,isic_0012657_downsampled,5,b8e62ef9ac060940fe7deab0875f4f2308b9a9d8b90ca309d8d45b161e1af3be,12692,2
C:\SRS(ISIC_2019)\Dataset\NV\ISIC_0012658_downsampled.jpg,isic_0012658_downsampled,5,56551b238e44239e1277b4e667d0740b36318849904806bd31bf511b9ae81a01,12693,2
C:\SRS(ISIC_2019)\Dataset\NV\ISIC_0012659_downsampled.jpg,isic_0012659_downsampled,5,b7757607b39e3c739df7860e957ac2cc901e681b3ba34bde7b82fa5a468c5990,12694,2
C:\SRS(ISIC_2019)\Dataset\NV\ISIC_0012682_downsampled.jpg,isic_0012682_downsampled,5,1af7c62fe2c1937d6ab9c785037f0472d49ea4c23088c91f463a603858d5de32,12712,2
C:\SRS(ISIC_2019)\Dataset\NV\ISIC_0012725_downsampled.jpg,isic_0012725_downsampled,5,72044dd153149e978637870f6d9dcceabd3f94a9e39a4c8d7963bc648d03fce2,12729,2
C:\SRS(ISIC_2019)\Dataset\NV\ISIC_0012737_downsampled.jpg,isic_0012737_downsampled,5,76110e9a9dfa4068817c6bc20d5993cf96ccbd58a1382c521df25a3d6870be45,12732,2
C:\SRS(ISIC_2019)\Dataset\NV\ISIC_0012739_downsampled.jpg,isic_0012739_downsampled,5,8d9769fe99ad9c646122ffc404f2c0ea3f9fc02e407baee6ea665ff82f9a78bd,12733,2
C:\SRS(ISIC_2019)\Dataset\NV\ISIC_0012793_downsampled.jpg,isic_0012793_downsampled,5,91f8582bea747b78ea81021b8d0564702fbd87bdcb992dee8750d710e841b110,12745,2
C:\SRS(ISIC_2019)\Dataset\NV\ISIC_0012826_downsampled.jpg,isic_0012826_downsampled,5,2bc9ec3b4c838e76edfa118cd158f4331e8ecda152106063b9ae69adaef58ed0,12751,2
C:\SRS(ISIC_2019)\Dataset\NV\ISIC_0012855_downsampled.jpg,isic_0012855_downsampled,5,9f341577f2f982d8ebbcc6c448f4261480bbd00c50638d2b3cf7978b74436d87,12757,2
C:\SRS(ISIC_2019)\Dataset\NV\ISIC_0012865_downsampled.jpg,isic_0012865_downsampled,5,48ab850123effbde0d31f2979d33a27cb5235c4fb910c5495b9bb39957686c45,12758,2
C:\SRS(ISIC_2019)\Dataset\NV\ISIC_0012878_downsampled.jpg,isic_0012878_downsampled,5,8505e238b8b9079397a8d0566b32e5b26ec20b56890a57a2582f74d69f22e8e2,12763,2
C:\SRS(ISIC_2019)\Dataset\NV\ISIC_0012907_downsampled.jpg,isic_0012907_downsampled,5,ef294a5835d82dc7793646d1bfb041c0d003dc2fcbfc58930f21f0b1a3a0ef8d,12773,2
C:\SRS(ISIC_2019)\Dataset\NV\ISIC_0012939_downsampled.jpg,isic_0012939_downsampled,5,01852026b51d36eab03e28fec05504ebe015e266b8ad8f6655fb3f5b235a56de,12775,2
C:\SRS(ISIC_2019)\Dataset\NV\ISIC_0012970_downsampled.jpg,isic_0012970_downsampled,5,7675fa6a4beaf4a1cf77d9be3dfdc10ea525cd7532831d165e95c164b756cfcf,12789,2
C:\SRS(ISIC_2019)\Dataset\NV\ISIC_0012981_downsampled.jpg,isic_0012981_downsampled,5,5ce93738e6cc5aafbe3e3c5cc5bd43354b57185e92d01347740d6666b69a31d7,12791,2
C:\SRS(ISIC_2019)\Dataset\NV\ISIC_0013025_downsampled.jpg,isic_0013025_downsampled,5,f1bbeb34cd71cb39ec38cc6d7b668db307ff9d46151bb33f0efd23366aff2ef5,12803,2
C:\SRS(ISIC_2019)\Dataset\NV\ISIC_0013027_downsampled.jpg,isic_0013027_downsampled,5,2310c024fe2448ea38d5000591bfa494aae95e17ccd10d31b5f98abc010b2227,12805,2
C:\SRS(ISIC_2019)\Dataset\NV\ISIC_0013047_downsampled.jpg,isic_0013047_downsampled,5,57c7e14aad311639ed63b3f7a21a985530b385e903363e7882583df439337073,12812,2
C:\SRS(ISIC_2019)\Dataset\NV\ISIC_0013048_downsampled.jpg,isic_0013048_downsampled,5,148b1696effcd6e1af1d54c5bf771c6b6622af8308c87213e082cc336d08c902,12813,2
C:\SRS(ISIC_2019)\Dataset\NV\ISIC_0013070_downsampled.jpg,isic_0013070_downsampled,5,a440fb9d600852cd02bf3465f3dc2bbf280ec9a0eeaf5122f93e8c0d2ae15ffd,12816,2
C:\SRS(ISIC_2019)\Dataset\NV\ISIC_0013082_downsampled.jpg,isic_0013082_downsampled,5,80861f13c72e45e5409a4a8d1244e386bca588c40af49555c70f232468c91700,12820,2
C:\SRS(ISIC_2019)\Dataset\NV\ISIC_0013090_downsampled.jpg,isic_0013090_downsampled,5,763db35a507173f2f5bf94d8f0ebb93c017f91b5ecee60336ad655f8e2332b31,12824,2
C:\SRS(ISIC_2019)\Dataset\NV\ISIC_0013106_downsampled.jpg,isic_0013106_downsampled,5,19a6ea9e28390d69619120025b40c0a004ba4ff4b0d8373bc60bffb54b0b9aa0,12829,2
C:\SRS(ISIC_2019)\Dataset\NV\ISIC_0013155_downsampled.jpg,isic_0013155_downsampled,5,79e92252554287e557c4d95a335a8a28fb6e8af9ce7566ab4a8e91d75658d663,12843,2
C:\SRS(ISIC_2019)\Dataset\NV\ISIC_0013193_downsampled.jpg,isic_0013193_downsampled,5,af83397fc8f4a94dfde662bb9ea93d89222e0b264543559a20025fa571d6529c,12856,2
C:\SRS(ISIC_2019)\Dataset\NV\ISIC_0013204_downsampled.jpg,isic_0013204_downsampled,5,458198f477eee6521b42fb8cdecf9bdde74e2533fcee4f3fda9c2c692ab17f49,12860,2
C:\SRS(ISIC_2019)\Dataset\NV\ISIC_0013212_downsampled.jpg,isic_0013212_downsampled,5,cac31bba10e9a265d1afa796a22bcdf1e1bf9238378997ce0707bf1847c126d7,12864,2
C:\SRS(ISIC_2019)\Dataset\NV\ISIC_0013219_downsampled.jpg,isic_0013219_downsampled,5,d64d9704d80427149b127063cf8326e6c8ffb4bbdd62ffee18207aef7e6f30da,12868,2
C:\SRS(ISIC_2019)\Dataset\NV\ISIC_0013269_downsampled.jpg,isic_0013269_downsampled,5,7f5d19f48944fc476727a3bd097a7b22363d473ff729966e245800b4ad88bdc7,12884,2
C:\SRS(ISIC_2019)\Dataset\NV\ISIC_0013275_downsampled.jpg,isic_0013275_downsampled,5,2000cb4a3fa4865d89ebfba3ed81667752ad713b8b70c56ea5aeece709d09bf1,12886,2
C:\SRS(ISIC_2019)\Dataset\NV\ISIC_0013288_downsampled.jpg,isic_0013288_downsampled,5,6b959d889f0ec9f165ddaa6b830d568b3360e1467d5069404b9502ce2bb11677,12888,2
C:\SRS(ISIC_2019)\Dataset\NV\ISIC_0013304_downsampled.jpg,isic_0013304_downsampled,5,a12620299b5501842306f516e87e75261b49f5dd66d58e323af4f675376412b6,12892,2
C:\SRS(ISIC_2019)\Dataset\NV\ISIC_0013310_downsampled.jpg,isic_0013310_downsampled,5,16ec5336072c68d779b380952715c140de50afa34930c571360b33828a8219f9,12894,2
C:\SRS(ISIC_2019)\Dataset\NV\ISIC_0013326_downsampled.jpg,isic_0013326_downsampled,5,6227afa53ebe04cfedb6721928652147e823ff9560deb4493eed6ec96a515a5a,12900,2
C:\SRS(ISIC_2019)\Dataset\NV\ISIC_0013340_downsampled.jpg,isic_0013340_downsampled,5,3093996f20990ae8b13734de920027c4f8e1067fe8edb7eaac3f5453db225f1e,12903,2
C:\SRS(ISIC_2019)\Dataset\NV\ISIC_0013342_downsampled.jpg,isic_0013342_downsampled,5,55da4668a16d2bbc79dce551cb225012ac3427eb98dd09fab8793b2c036996f4,12904,2
C:\SRS(ISIC_2019)\Dataset\NV\ISIC_0013346_downsampled.jpg,isic_0013346_downsampled,5,2bb7f96ba42fd09743332bf1e1a8e0cee9dc68a8eee4ac98c9dd5fde21fe1892,12905,2
C:\SRS(ISIC_2019)\Dataset\NV\ISIC_0013369_downsampled.jpg,isic_0013369_downsampled,5,ed9a5ccb3a6e1fe39170d366fa5b933abb39f55598cd87d00672e21a34b1da33,12908,2
C:\SRS(ISIC_2019)\Dataset\NV\ISIC_0013390_downsampled.jpg,isic_0013390_downsampled,5,0b738cbd8f45e6060e26c1d47a33cb62f39bb7474ce1fa8d9f6b231c04588914,12912,2
C:\SRS(ISIC_2019)\Dataset\NV\ISIC_0013399_downsampled.jpg,isic_0013399_downsampled,5,b047e9547cd546c355699a1b8a9f4ded888ee84bbdc35a57735029215a386224,12916,2
C:\SRS(ISIC_2019)\Dataset\NV\ISIC_0013416_downsampled.jpg,isic_0013416_downsampled,5,7367e9e584807e1874cadfb279623402e3e4ad857032995322b3e8171cf345bd,12920,2
C:\SRS(ISIC_2019)\Dataset\NV\ISIC_0013417_downsampled.jpg,isic_0013417_downsampled,5,3a6468cd939b04ae76707f5a04807ce598b9434c6c6697b7bb282d25f9340379,12921,2
C:\SRS(ISIC_2019)\Dataset\NV\ISIC_0013437_downsampled.jpg,isic_0013437_downsampled,5,cd9b83ef1315a2d8d5f3e5841482c4f988f566ed785ca14f72927777943d9513,12930,2
C:\SRS(ISIC_2019)\Dataset\NV\ISIC_0013487_downsampled.jpg,isic_0013487_downsampled,5,4b330eddbc353059e5361ae2cae287f7170e54469c0dab2dfa474aa3d394a6ec,12936,2
C:\SRS(ISIC_2019)\Dataset\NV\ISIC_0013489_downsampled.jpg,isic_0013489_downsampled,5,9c6f40e61ac5022f786060ec28ff8f52d8248b0daae6d7de956cf826d8fae9e2,12938,2
C:\SRS(ISIC_2019)\Dataset\NV\ISIC_0013511_downsampled.jpg,isic_0013511_downsampled,5,37595dcf3c676e7b2f39006775d0da3b76c4a8d74dae4e95b448654f9785fc2d,12943,2
C:\SRS(ISIC_2019)\Dataset\NV\ISIC_0013554_downsampled.jpg,isic_0013554_downsampled,5,4053b90d3cea1ca452d63719528b9945ca6022563c564b828ddeca55f445afd9,12953,2
C:\SRS(ISIC_2019)\Dataset\NV\ISIC_0013559_downsampled.jpg,isic_0013559_downsampled,5,014a0e366db895654b14f9c7bc40764e6cfd885a59b8b9da0fe0e5350aae84b1,12955,2
C:\SRS(ISIC_2019)\Dataset\NV\ISIC_0013664_downsampled.jpg,isic_0013664_downsampled,5,7a923e012ee488e2ff515754ba6dc4eea3bc88b900720d2c02a287f01fbbbe6b,12970,2
C:\SRS(ISIC_2019)\Dataset\NV\ISIC_0013670_downsampled.jpg,isic_0013670_downsampled,5,67caf2008708418012d8ba6e26fb644259167094c2cb57f37b9e212dd32bcdf2,12971,2
C:\SRS(ISIC_2019)\Dataset\NV\ISIC_0013772_downsampled.jpg,isic_0013772_downsampled,5,018c046c80742e73f5f529144081b269b91641a7f2280bc667b64ce5455c0c36,12988,2
C:\SRS(ISIC_2019)\Dataset\NV\ISIC_0013793_downsampled.jpg,isic_0013793_downsampled,5,81cad580a50d28de2e533d0effdf1742c299975e60a55031c0c7225055bc0588,12992,2
C:\SRS(ISIC_2019)\Dataset\NV\ISIC_0013797_downsampled.jpg,isic_0013797_downsampled,5,284715daa098c56f57496f08cba87a1d69a74ffd5cad3642cbc3c83e2d6fad26,12996,2
C:\SRS(ISIC_2019)\Dataset\NV\ISIC_0013803_downsampled.jpg,isic_0013803_downsampled,5,6288a5c815a9df78e6674bb2a976f180614b5108c3bc3a67d0f1c50d4d4448a6,13002,2
C:\SRS(ISIC_2019)\Dataset\NV\ISIC_0013809_downsampled.jpg,isic_0013809_downsampled,5,efea4ce144e6af6fc1ae3a7713c7bb2120eb99e5a2d44cb549d2e424c6912486,13008,2
C:\SRS(ISIC_2019)\Dataset\NV\ISIC_0013816_downsampled.jpg,isic_0013816_downsampled,5,a00360ad049558bc219581622d3a51a13c6ca8cd022af971cc259f491b97b724,13009,2
C:\SRS(ISIC_2019)\Dataset\NV\ISIC_0013835_downsampled.jpg,isic_0013835_downsampled,5,c5cab1aa94e05310df3e77d3743ba2f745446c8d4c1e9e34e86ce1ffc710d5da,13012,2
C:\SRS(ISIC_2019)\Dataset\NV\ISIC_0013843_downsampled.jpg,isic_0013843_downsampled,5,68c44c59988eb027031ccabfdb8def01c91bb8284bd4ac676fafb603e470934a,13015,2
C:\SRS(ISIC_2019)\Dataset\NV\ISIC_0013888_downsampled.jpg,isic_0013888_downsampled,5,eb20ed99d46d0fd2f5a28b5071baa120fc4b52c1946f1a798d113991dd44b3bd,13019,2
C:\SRS(ISIC_2019)\Dataset\NV\ISIC_0013911_downsampled.jpg,isic_0013911_downsampled,5,3b31be8ac0a868f7bd07800ec68991a1ee1b4e342b96d2b96b3a4e11fb219c17,13024,2
C:\SRS(ISIC_2019)\Dataset\NV\ISIC_0014066_downsampled.jpg,isic_0014066_downsampled,5,74efe9e47beafa82efe735b290a9381c1025060d27de5bb3c1347b5872671567,13046,2
C:\SRS(ISIC_2019)\Dataset\NV\ISIC_0014131_downsampled.jpg,isic_0014131_downsampled,5,243355591eea53d131fecd60c0b9e54a78bc4ebafb089b19176d745785840d00,13057,2
C:\SRS(ISIC_2019)\Dataset\NV\ISIC_0014166_downsampled.jpg,isic_0014166_downsampled,5,4f1173ae89dca5bf16f9e5760190ce4737c011e69b0ee000a344ea69d0d35b61,13063,2
C:\SRS(ISIC_2019)\Dataset\NV\ISIC_0014225_downsampled.jpg,isic_0014225_downsampled,5,ab270fbb346f06f82f30d828dbcd381f2eda073e8b5602421464759f05a08f22,13070,2
C:\SRS(ISIC_2019)\Dataset\NV\ISIC_0014274_downsampled.jpg,isic_0014274_downsampled,5,26752a37c01f3c6778222637d4b95eb8d016fdca22e581cdd87ace4a33f7c571,13074,2
C:\SRS(ISIC_2019)\Dataset\NV\ISIC_0014286_downsampled.jpg,isic_0014286_downsampled,5,3a15b4253107d366057bb458f297f170c6aeb3d4ddf16322a1a9088635463f3b,13075,2
C:\SRS(ISIC_2019)\Dataset\NV\ISIC_0014430_downsampled.jpg,isic_0014430_downsampled,5,eb581d05120a7811e16304a82f051562e33d203f2b2f41e2cb7a9b2e6290619a,13083,2
C:\SRS(ISIC_2019)\Dataset\NV\ISIC_0014438_downsampled.jpg,isic_0014438_downsampled,5,bcb681e6d1cda1557b96840009e9d619004e6b587358abfe06d6df1208b711dc,13086,2
C:\SRS(ISIC_2019)\Dataset\NV\ISIC_0014498_downsampled.jpg,isic_0014498_downsampled,5,d2a775967bec9f78c9e381df67a8cb4a9768e539e9a2a58dc1ed9531b50b2d57,13096,2
C:\SRS(ISIC_2019)\Dataset\NV\ISIC_0014684_downsampled.jpg,isic_0014684_downsampled,5,8bf7a33a4cd5a03f341387a156074e411d0e26157adccf379a9d9533713b837c,13114,2
C:\SRS(ISIC_2019)\Dataset\NV\ISIC_0014694_downsampled.jpg,isic_0014694_downsampled,5,af50fe1640e47b8890db97e9bd7e6b2137e9f2647a4146dd2e7cf2033828e573,13119,2
C:\SRS(ISIC_2019)\Dataset\NV\ISIC_0014714_downsampled.jpg,isic_0014714_downsampled,5,39a95032338d020e6057d508f61d7783a21bdd5751903a9894078fcbfc07e8f5,13128,2
C:\SRS(ISIC_2019)\Dataset\NV\ISIC_0014725_downsampled.jpg,isic_0014725_downsampled,5,351b71852ad818a0f562c6d8935f161fff58b32b4943ff33f0bfc084ce89a43e,13133,2
C:\SRS(ISIC_2019)\Dataset\NV\ISIC_0014728_downsampled.jpg,isic_0014728_downsampled,5,09b7aeeff57194246c714d8b89bdd9acfafd9e5586b226567c8efdfdef83622e,13135,2
C:\SRS(ISIC_2019)\Dataset\NV\ISIC_0014729_downsampled.jpg,isic_0014729_downsampled,5,683fc57c86159648c2fdcc243f20473dd94e6d5374ce4bba641a6b4222293f24,13136,2
C:\SRS(ISIC_2019)\Dataset\NV\ISIC_0014731_downsampled.jpg,isic_0014731_downsampled,5,aa908d9516e1ea7cc82ad9543493834937297903928da4daff4ee0a2bb169427,13138,2
C:\SRS(ISIC_2019)\Dataset\NV\ISIC_0014748_downsampled.jpg,isic_0014748_downsampled,5,a39dcb944e0a7885aca633f64537780980fe7b6a0341495becf518f49795b892,13145,2
C:\SRS(ISIC_2019)\Dataset\NV\ISIC_0014755_downsampled.jpg,isic_0014755_downsampled,5,f50effcf6af0bdd0fbc95470351adc9f4e02c6cb0f9cd29908b37403ee30adbb,13149,2
C:\SRS(ISIC_2019)\Dataset\NV\ISIC_0014763_downsampled.jpg,isic_0014763_downsampled,5,2dbadaff089598e5f39e08584cae0a2ef54e3041a0c3a05aa79ad2f5ecd5e8ec,13152,2
C:\SRS(ISIC_2019)\Dataset\NV\ISIC_0014768_downsampled.jpg,isic_0014768_downsampled,5,47a60f871b8f21dacc013d3c9029dd2ab1070be1d622d76f1222cb928ed83509,13154,2
C:\SRS(ISIC_2019)\Dataset\NV\ISIC_0014773_downsampled.jpg,isic_0014773_downsampled,5,90f5d49d20e48c86a1dd02820ff6e78a2a65b0cc84c145586994f6763ddc62d9,13157,2
C:\SRS(ISIC_2019)\Dataset\NV\ISIC_0014783_downsampled.jpg,isic_0014783_downsampled,5,72c0ea7ec5e1e99b5b3c0a41c9062cff44394d5e872606992c63b67ff93e013e,13163,2
C:\SRS(ISIC_2019)\Dataset\NV\ISIC_0014798_downsampled.jpg,isic_0014798_downsampled,5,bec7a2461e5570c0d170bd77bc8763f85afd5827f06dd9a104b181f8deeea12f,13172,2
C:\SRS(ISIC_2019)\Dataset\NV\ISIC_0014833_downsampled.jpg,isic_0014833_downsampled,5,dc5f77c4f29d84f56a208a99268c1b5c9a7eea3ee603256733b2854a6fa65567,13188,2
C:\SRS(ISIC_2019)\Dataset\NV\ISIC_0014849_downsampled.jpg,isic_0014849_downsampled,5,698e317487209636f12ecceff4da89efaded736d80bfe6b5795fc362c7f8f836,13199,2
C:\SRS(ISIC_2019)\Dataset\NV\ISIC_0014868_downsampled.jpg,isic_0014868_downsampled,5,739169f5921ee39d3e13c20852a0662a5cb8ba83f5f100f1ce7a7d305cafe3a3,13209,2
C:\SRS(ISIC_2019)\Dataset\NV\ISIC_0014869_downsampled.jpg,isic_0014869_downsampled,5,1e3df01fb698c8d7832c06fabb77252899bc6f8fb7700d23e1177373e2faf079,13210,2
C:\SRS(ISIC_2019)\Dataset\NV\ISIC_0014904_downsampled.jpg,isic_0014904_downsampled,5,90605b22caf522c96c088379a7d1e7d0ec0abe69ba810226a3578aa7df401b57,13217,2
C:\SRS(ISIC_2019)\Dataset\NV\ISIC_0014910_downsampled.jpg,isic_0014910_downsampled,5,97d2fe01ed921a4c16b8f92bbcf0fca78908f507114cb141cbd9e33e631333d6,13220,2
C:\SRS(ISIC_2019)\Dataset\NV\ISIC_0014911_downsampled.jpg,isic_0014911_downsampled,5,c50d7aef9c5b424af06561fda6df1aa63fd514a12612745444bf9704d7ee5f74,13221,2
C:\SRS(ISIC_2019)\Dataset\NV\ISIC_0014921_downsampled.jpg,isic_0014921_downsampled,5,a930e4069fdde3a23f2b73573507b865622930332418ff3c6c045673350531d4,13224,2
C:\SRS(ISIC_2019)\Dataset\NV\ISIC_0014926_downsampled.jpg,isic_0014926_downsampled,5,38b97049e1756347e07bc45243bc6771cfe5477bacc9bbb90f358aa992836fb7,13227,2
C:\SRS(ISIC_2019)\Dataset\NV\ISIC_0014930_downsampled.jpg,isic_0014930_downsampled,5,c6d061a7a6dfb41b9cad17c516a953a591a6ed147d36a5011c3afb0c63fe665b,13230,2
C:\SRS(ISIC_2019)\Dataset\NV\ISIC_0014936_downsampled.jpg,isic_0014936_downsampled,5,bae467f21b6fb83063f1c10a3daa1a54f98868a0e43af28427a65c2d02365890,13232,2
C:\SRS(ISIC_2019)\Dataset\NV\ISIC_0014949_downsampled.jpg,isic_0014949_downsampled,5,181f62a5a2ef14c80b1ecd872f37babfeeb0f5bf1e53e80e6029822a75e445cf,13243,2
C:\SRS(ISIC_2019)\Dataset\NV\ISIC_0014955_downsampled.jpg,isic_0014955_downsampled,5,cb745584031fe548992e1f27c8d0e4d250c254b44cef6fa8c8f6c1f7c0384183,13245,2
C:\SRS(ISIC_2019)\Dataset\NV\ISIC_0014956_downsampled.jpg,isic_0014956_downsampled,5,9aa0bbd1cfef7280333afb86932e3f7bb18735c2bf5e7583c25e2410a0d0d4a6,13246,2
C:\SRS(ISIC_2019)\Dataset\NV\ISIC_0014959_downsampled.jpg,isic_0014959_downsampled,5,ee0ac73e5c0064715da89c095c708e396a4c704bdc09e2c10f492a68f8c6a392,13249,2
C:\SRS(ISIC_2019)\Dataset\NV\ISIC_0014977_downsampled.jpg,isic_0014977_downsampled,5,a018315561878a789a5f764bc12f7817cf84f7e3ac43dbeaa48def4ce1527239,13258,2
C:\SRS(ISIC_2019)\Dataset\NV\ISIC_0014989_downsampled.jpg,isic_0014989_downsampled,5,0a4a12f7913ae92293c85dc54d6832037fc356cda058a0cd7d65086fd2d61b03,13259,2
C:\SRS(ISIC_2019)\Dataset\NV\ISIC_0015013_downsampled.jpg,isic_0015013_downsampled,5,ff359581508cdb4f2bc5e5bc09e5036317dae8aa6b1f7ca8f8a8d0cceb2fc80c,13269,2
C:\SRS(ISIC_2019)\Dataset\NV\ISIC_0015015_downsampled.jpg,isic_0015015_downsampled,5,c01b1a53081577f60493c77237131a01f74b89dec655100501646e8ecc3516ef,13270,2
C:\SRS(ISIC_2019)\Dataset\NV\ISIC_0015020_downsampled.jpg,isic_0015020_downsampled,5,e5306e0e3bbda6d7de1b1ad41a4dca67892c683230ef60b1d5b0f736ee043cc1,13274,2
C:\SRS(ISIC_2019)\Dataset\NV\ISIC_0015035_downsampled.jpg,isic_0015035_downsampled,5,b59aecdf2ed99bca9564a5dd8ddb6ce2d59c9fa3d9ca13206a8d1f73ff78171d,13281,2
C:\SRS(ISIC_2019)\Dataset\NV\ISIC_0015037_downsampled.jpg,isic_0015037_downsampled,5,647c0ab2816f062dca3a803997842f2d9c2f3d0fff8baa15e0cc8a5ad7680f9a,13282,2
C:\SRS(ISIC_2019)\Dataset\NV\ISIC_0015051_downsampled.jpg,isic_0015051_downsampled,5,0f16e267986667362d97a7a0dbd26c1c403e0ecabccab8c996ffa90d61808ab5,13285,2
C:\SRS(ISIC_2019)\Dataset\NV\ISIC_0015057_downsampled.jpg,isic_0015057_downsampled,5,b92fc09c1839735e20d088da09e34af6989345cc94b52b3079322118273ee337,13287,2
C:\SRS(ISIC_2019)\Dataset\NV\ISIC_0015060_downsampled.jpg,isic_0015060_downsampled,5,b647f7dbc38302c31922051524f4c275098b9bab769677bbd2df8cee64104980,13288,2
C:\SRS(ISIC_2019)\Dataset\NV\ISIC_0015089_downsampled.jpg,isic_0015089_downsampled,5,bea0465e61dbf35b96d2c21b6a3176218f0911f50e5286bc1c0306f1ce4d0157,13291,2
C:\SRS(ISIC_2019)\Dataset\NV\ISIC_0015102_downsampled.jpg,isic_0015102_downsampled,5,16d29d6c411c1b5a535d17a8cb0044ec657845342719e1f188b920afadb1f891,13292,2
C:\SRS(ISIC_2019)\Dataset\NV\ISIC_0015118_downsampled.jpg,isic_0015118_downsampled,5,b2beccf42c4a8c1e81fa3ad43207040df502b206768a9b14a59e7a7a51e63e2c,13293,2
C:\SRS(ISIC_2019)\Dataset\NV\ISIC_0015130_downsampled.jpg,isic_0015130_downsampled,5,b7cc2e24ef52e24e9634b9cf61ca311793471ed26c27670bb8f255e2840404d9,13296,2
C:\SRS(ISIC_2019)\Dataset\NV\ISIC_0015146_downsampled.jpg,isic_0015146_downsampled,5,66548dbba5d0426b2c594adb96c681af01a52da6cc1d3bad861dff52d0e46f0e,13300,2
C:\SRS(ISIC_2019)\Dataset\NV\ISIC_0015175_downsampled.jpg,isic_0015175_downsampled,5,31ca57d1191dd1e334dfbcfcc639ec65129167a9bf2e8575b166e3b318d36040,13311,2
C:\SRS(ISIC_2019)\Dataset\NV\ISIC_0015201_downsampled.jpg,isic_0015201_downsampled,5,8d155ae9f83168e841dd7ff555b3dfe351a70024e90537c5a51cbcb37b3905eb,13315,2
C:\SRS(ISIC_2019)\Dataset\NV\ISIC_0015211_downsampled.jpg,isic_0015211_downsampled,5,a978546e26b47f72458c58d941f68dcc86ee9a2438bc4e27220999b6f58b4f66,13320,2
C:\SRS(ISIC_2019)\Dataset\NV\ISIC_0015237_downsampled.jpg,isic_0015237_downsampled,5,87e261f8c1e36105ae637fcb29b282fdbfd87bc78e20924de542e1981a465000,13330,2
C:\SRS(ISIC_2019)\Dataset\NV\ISIC_0015241_downsampled.jpg,isic_0015241_downsampled,5,60bc3e08ecfb0e14f04e34efc0a98d9aa806227d05c1f10dca6c78243f31068d,13331,2
C:\SRS(ISIC_2019)\Dataset\NV\ISIC_0015254_downsampled.jpg,isic_0015254_downsampled,5,cb87f004a64b8096038a425c792c8b8803b30c9204b2a0ecb42da466c9c755ae,13335,2
C:\SRS(ISIC_2019)\Dataset\NV\ISIC_0015309_downsampled.jpg,isic_0015309_downsampled,5,473934152b0bc63d89b52c09405c8f5713977adec86e95cf21c6f72456e9495b,13348,2
C:\SRS(ISIC_2019)\Dataset\NV\ISIC_0015312_downsampled.jpg,isic_0015312_downsampled,5,c17409768a8297d9e339ba4357ecfac15e620f64df81711e439a6f5603ef38e7,13351,2
C:\SRS(ISIC_2019)\Dataset\NV\ISIC_0015355_downsampled.jpg,isic_0015355_downsampled,5,bf38c2b64cc330552438b457d38d8095fd39ed262842f4103f4b1b4ae45a31c0,13357,2
C:\SRS(ISIC_2019)\Dataset\NV\ISIC_0015443_downsampled.jpg,isic_0015443_downsampled,5,5cd9138c41ec1c7c501b3bccf4aad7ed08dce01a592633ea262a76424746ace1,13380,2
C:\SRS(ISIC_2019)\Dataset\NV\ISIC_0015466_downsampled.jpg,isic_0015466_downsampled,5,5f4e2262378a52d4c72f07f7525752b89a7de543e77f2ed43d5679ceca2b43cf,13385,2
C:\SRS(ISIC_2019)\Dataset\NV\ISIC_0015485_downsampled.jpg,isic_0015485_downsampled,5,1054fc8158dcf3c6ab518b08dbfa74eabdbe50640cfc2cc054cfc2abfd439363,13391,2
C:\SRS(ISIC_2019)\Dataset\NV\ISIC_0015510_downsampled.jpg,isic_0015510_downsampled,5,df6f2b6b727eb4ce46830f49c3c2890679637c7405c0e7a6adbbccf715827aab,13393,2
C:\SRS(ISIC_2019)\Dataset\NV\ISIC_0015582_downsampled.jpg,isic_0015582_downsampled,5,524b6066da8d2f5badf07365d0ab706e5ddc1ba057996cea79d8e657aeb6c69e,13401,2
C:\SRS(ISIC_2019)\Dataset\NV\ISIC_0015936_downsampled.jpg,isic_0015936_downsampled,5,2bcd1b64da697a95ae8b45f05926991df4122ea380635bdc3a95837a826b3940,13414,2
C:\SRS(ISIC_2019)\Dataset\NV\ISIC_0015954_downsampled.jpg,isic_0015954_downsampled,5,cfa46eaba00ea0af9e73e69946edc09d7d1fa47f1b236996e64c2c2bfada2932,13432,2
C:\SRS(ISIC_2019)\Dataset\NV\ISIC_0015955_downsampled.jpg,isic_0015955_downsampled,5,b2767e96d06a521797e5bea92a0cea203b92ae48dc27af05e348ddad65121547,13433,2
C:\SRS(ISIC_2019)\Dataset\NV\ISIC_0015966_downsampled.jpg,isic_0015966_downsampled,5,82f94efc42b7631329c959a2b02bb59b8af023902cb23b07e01c5ab2eca03cb6,13444,2
C:\SRS(ISIC_2019)\Dataset\NV\ISIC_0015971_downsampled.jpg,isic_0015971_downsampled,5,2a35364e491bfa172b30b8ad1b0168c9d2d41a375c11805bab9067cd0ca0ab65,13448,2
C:\SRS(ISIC_2019)\Dataset\NV\ISIC_0015993_downsampled.jpg,isic_0015993_downsampled,5,b3ebe716bcb6934abfae7527588c28d7bd434bd00ed46c8f2a88fc3c06910c7a,13467,2
C:\SRS(ISIC_2019)\Dataset\NV\ISIC_0016004_downsampled.jpg,isic_0016004_downsampled,5,252f3293a218a9a0dff332bc8f62d3d554a121a3e327693bd1f5606cceeca7df,13476,2
C:\SRS(ISIC_2019)\Dataset\NV\ISIC_0016017_downsampled.jpg,isic_0016017_downsampled,5,3d0a6cb1ecbb60f42511a6fb10ff243425f9ed70fda3f12894e69613437a5e08,13488,2
C:\SRS(ISIC_2019)\Dataset\NV\ISIC_0016022_downsampled.jpg,isic_0016022_downsampled,5,99a648238443cf3994e89dee72262d26b056e327042ab36d2349749e08c1f4b8,13490,2
C:\SRS(ISIC_2019)\Dataset\NV\ISIC_0016050_downsampled.jpg,isic_0016050_downsampled,5,b551bb17ab4855ad4bf275085792b79be1e9e3790cf67ee1bde9aa5ad61b8b79,13515,2
C:\SRS(ISIC_2019)\Dataset\NV\ISIC_0016064_downsampled.jpg,isic_0016064_downsampled,5,0c4ddc1bc6d38e17663e3b8e9273aca968cbd49ca07d580dc6687bbc027b7949,13529,2
C:\SRS(ISIC_2019)\Dataset\NV\ISIC_0016065_downsampled.jpg,isic_0016065_downsampled,5,74a9971ae6060e650b1eb47af75f97c675fcf6355a8f93db0b1b5215b50628b5,13530,2
C:\SRS(ISIC_2019)\Dataset\NV\ISIC_0016069_downsampled.jpg,isic_0016069_downsampled,5,c676112c879720e3c356cb041b1033b21312f952a418bf0acdd1b00a18a7bf6e,13533,2
C:\SRS(ISIC_2019)\Dataset\NV\ISIC_0024343.jpg,isic_0024343,5,718c2b0a3175d184a4854971661b05db242293e9fa1bf058699220d49158b2e9,13559,2
C:\SRS(ISIC_2019)\Dataset\NV\ISIC_0024350.jpg,isic_0024350,5,be38e54a21981511afc341d997df9b2e3810bf994319fa3197b4814ad6673bbd,13565,2
C:\SRS(ISIC_2019)\Dataset\NV\ISIC_0024374.jpg,isic_0024374,5,b434537944c3ad0f3d45263e9d5237aa384da3b6a74668a8ac98b9e292f9023c,13582,2
C:\SRS(ISIC_2019)\Dataset\NV\ISIC_0024378.jpg,isic_0024378,5,f5aeddb7fd7a65999c7372e63d190d8a060efac941cdd7acee8c426d785ac73f,13585,2
C:\SRS(ISIC_2019)\Dataset\NV\ISIC_0024398.jpg,isic_0024398,5,4e55bf69a81f70f2d77434d7c2c8ef6fcf59dba6a379621fbbbab7930e07b902,13600,2
C:\SRS(ISIC_2019)\Dataset\NV\ISIC_0024405.jpg,isic_0024405,5,004e0795bad79fd9008e7accc4917d3cd6768b674fddaac138abf524254ce26b,13604,2
C:\SRS(ISIC_2019)\Dataset\NV\ISIC_0024413.jpg,isic_0024413,5,d1713b05f7c35456223f3b1f95dceb7137c1cf84a5775fa1e81948c72f0903c0,13607,2
C:\SRS(ISIC_2019)\Dataset\NV\ISIC_0024414.jpg,isic_0024414,5,51835db6a4e9458d5a856c197b70985f878ffe2e5487cc015498bb5af94023db,13608,2
C:\SRS(ISIC_2019)\Dataset\NV\ISIC_0024417.jpg,isic_0024417,5,959c29fd1f57bd8c739a11f529e7c063abf8a212770ee59f2a7d494bfc23f898,13611,2
C:\SRS(ISIC_2019)\Dataset\NV\ISIC_0024427.jpg,isic_0024427,5,5274b41409ff774520e8f5c1b072e25119ee97d767f5900ced233541793d92a9,13617,2
C:\SRS(ISIC_2019)\Dataset\NV\ISIC_0024439.jpg,isic_0024439,5,02bd796ba1a888c279d78cb498d5fa4602e3c38134ed6464f1d167a0ff83554c,13625,2
C:\SRS(ISIC_2019)\Dataset\NV\ISIC_0024444.jpg,isic_0024444,5,ebb69f9e9044dbba6afe561550c6ff6fefdd1e30d77327db891d509f2ff4cbce,13629,2
C:\SRS(ISIC_2019)\Dataset\NV\ISIC_0024447.jpg,isic_0024447,5,9099e65f49c08f680cdbbc40825d5dd8866be3cbd2220d2b295df5dcfebb572b,13630,2
C:\SRS(ISIC_2019)\Dataset\NV\ISIC_0024455.jpg,isic_0024455,5,b658d141ee7ea48d616476cd88227dc4e921f75f41ddf18a94e928e4aa92f096,13632,2
C:\SRS(ISIC_2019)\Dataset\NV\ISIC_0024458.jpg,isic_0024458,5,19ac927e8ed42a49e3c8613fd7984e912018e73014c50f40c0d94930198d4672,13634,2
C:\SRS(ISIC_2019)\Dataset\NV\ISIC_0024464.jpg,isic_0024464,5,4ce3d1f247d64a6b1c63a19df6db30ab53e8aa0bd62fd49d2722bedbb69f3758,13637,2
C:\SRS(ISIC_2019)\Dataset\NV\ISIC_0024469.jpg,isic_0024469,5,fc99102114dc219d8de0118901ee9220a2fa2b148b7b8511c89716dc917964d0,13641,2
C:\SRS(ISIC_2019)\Dataset\NV\ISIC_0024488.jpg,isic_0024488,5,0dd915cbf615e7136aafbb33530a105a40d667d91660b3bbcd5a26d7335df6bb,13653,2
C:\SRS(ISIC_2019)\Dataset\NV\ISIC_0024492.jpg,isic_0024492,5,1c95192779963d50421c77dceea9cd6962e75f2e5313425e8084715f5053b9a0,13655,2
C:\SRS(ISIC_2019)\Dataset\NV\ISIC_0024493.jpg,isic_0024493,5,1c38b46430c2d15342bf628e2e76d3e45f982375d14fe9cc17fe3333e01acf95,13656,2
C:\SRS(ISIC_2019)\Dataset\NV\ISIC_0024514.jpg,isic_0024514,5,b5224fb735fd7de324f9905161b41d9f8be2fb2e88a19a4034481cc97dface72,13670,2
C:\SRS(ISIC_2019)\Dataset\NV\ISIC_0024523.jpg,isic_0024523,5,0b14fb4af892056d0b49ca88585d9e7e627a2283f00e08c8711584bdeefcedf4,13675,2
C:\SRS(ISIC_2019)\Dataset\NV\ISIC_0024524.jpg,isic_0024524,5,c96eb985e1e4f5cdbc798e0aadde3e1479514cf866ff43b78a5e03d786f46dcf,13676,2
C:\SRS(ISIC_2019)\Dataset\NV\ISIC_0024529.jpg,isic_0024529,5,3e7a76170ed62cc8a3082db2f42b2f4597099a0949d3e01240418057a062d817,13680,2
C:\SRS(ISIC_2019)\Dataset\NV\ISIC_0024531.jpg,isic_0024531,5,5d59509ff1bec48be752769c38e303560acdff1f2e820ff193fa973cfe65418f,13682,2
C:\SRS(ISIC_2019)\Dataset\NV\ISIC_0024532.jpg,isic_0024532,5,f9e3fa1308a01a7329605eacec44d5e90105e2b621944656421e237882a13a12,13683,2
C:\SRS(ISIC_2019)\Dataset\NV\ISIC_0024534.jpg,isic_0024534,5,5b0148729576f86bcc2df5cb63b34bf7055ada541ab0f3e1bb8b0097c75964cb,13685,2
C:\SRS(ISIC_2019)\Dataset\NV\ISIC_0024535.jpg,isic_0024535,5,9899122c7d5003a985798a69ee27ee66b9682ebc3fd7dbb25d184f79fa7e5437,13686,2
C:\SRS(ISIC_2019)\Dataset\NV\ISIC_0024557.jpg,isic_0024557,5,ad1e306e09367eec789d8a29c16d91235b80d9d64133778ac4fb3d9a1e58084a,13699,2
C:\SRS(ISIC_2019)\Dataset\NV\ISIC_0024559.jpg,isic_0024559,5,3b6b0f9a6dc20fd58570bc94596986549073a2920d1e6d0e65d1367fcdf76843,13701,2
C:\SRS(ISIC_2019)\Dataset\NV\ISIC_0024563.jpg,isic_0024563,5,9cdf2092d6cad4bb0fe6956eb7ca8229a41c51e1969a3f48b4ee12b28b80ad14,13704,2
C:\SRS(ISIC_2019)\Dataset\NV\ISIC_0024568.jpg,isic_0024568,5,71ec2818ed50139ff449697c997c81406e479576dc0cf83355a6d40d3f2219e8,13708,2
C:\SRS(ISIC_2019)\Dataset\NV\ISIC_0024576.jpg,isic_0024576,5,059a90b11e9b2bb5824ecd001d306bcb9b37db9d239244ad0990c16512f3b478,13712,2
C:\SRS(ISIC_2019)\Dataset\NV\ISIC_0024585.jpg,isic_0024585,5,48400aed49825cf9e3f233909a9e9836f3718b78ba327f8a2976b0125c49fc76,13718,2
C:\SRS(ISIC_2019)\Dataset\NV\ISIC_0024594.jpg,isic_0024594,5,220acacf415a230508132bdfd7b822a0bcbc7f6d81560ebdf27f584a7a3e56cf,13724,2
C:\SRS(ISIC_2019)\Dataset\NV\ISIC_0024596.jpg,isic_0024596,5,f12c6d9eedcad6b24d67fca2128e92a298234bba7623fd115efe96e9dfb2f467,13725,2
C:\SRS(ISIC_2019)\Dataset\NV\ISIC_0024606.jpg,isic_0024606,5,e23fef379420e0f8045cbeafc7700836e55bbff8cc161939417bba410de5b97a,13734,2
C:\SRS(ISIC_2019)\Dataset\NV\ISIC_0024616.jpg,isic_0024616,5,2d8db60cff3294bd1a9e32c652e75af1e6d64c7964a5838716c0dcf95928ee76,13743,2
C:\SRS(ISIC_2019)\Dataset\NV\ISIC_0024628.jpg,isic_0024628,5,b16015164b6626ca9809fd320ae6bf3ac95ba565cc58514fb71b600faa053766,13752,2
C:\SRS(ISIC_2019)\Dataset\NV\ISIC_0024637.jpg,isic_0024637,5,3b922859e87d48a16e24e246a41cf9b82841af242a914a841a49396a0c364bc8,13757,2
C:\SRS(ISIC_2019)\Dataset\NV\ISIC_0024642.jpg,isic_0024642,5,ba2d0cfb20990c4f9f39dca6eef498360762427f64590518e43dbc236fe1d9a1,13761,2
C:\SRS(ISIC_2019)\Dataset\NV\ISIC_0024649.jpg,isic_0024649,5,355ea8b019da029d936333d83999acecda77428f3f45fd7ab9f7173562a84869,13764,2
C:\SRS(ISIC_2019)\Dataset\NV\ISIC_0024653.jpg,isic_0024653,5,aeec0132ada789e78892e2e52fe2b4bec044862bc8618d1ea2f112a63fe77bb5,13767,2
C:\SRS(ISIC_2019)\Dataset\NV\ISIC_0024655.jpg,isic_0024655,5,0b2f178e6d74408ad0ae2a209b6c3a2221e5b357a8a1d6e3d176b30a3064a3b7,13768,2
C:\SRS(ISIC_2019)\Dataset\NV\ISIC_0024670.jpg,isic_0024670,5,96f2982e7392da33ff4f4708b67783f30261051db16b048d8464b0f54107fa06,13779,2
C:\SRS(ISIC_2019)\Dataset\NV\ISIC_0024674.jpg,isic_0024674,5,a958d2ac4891622d7fe52d6e23b61af841a76f866b732797e9bf0f672cbeca56,13781,2
C:\SRS(ISIC_2019)\Dataset\NV\ISIC_0024678.jpg,isic_0024678,5,4e86cb44ae8350d32ef5f49dee1853f4453fa3a274fab818c514dd072caedd7c,13783,2
C:\SRS(ISIC_2019)\Dataset\NV\ISIC_0024687.jpg,isic_0024687,5,d6203805d7cefceaa34b706d9a5c963fba77777719c3c45c7f8a81324b0139cd,13791,2
C:\SRS(ISIC_2019)\Dataset\NV\ISIC_0024690.jpg,isic_0024690,5,c59fcf5612d2ce9afc5fd379fae8bdc46dc9b86acb31c57f8d8a7f7519ec8247,13793,2
C:\SRS(ISIC_2019)\Dataset\NV\ISIC_0024695.jpg,isic_0024695,5,ebad523bd0c74e3da766ba6d881d2cc0dfa95ce411acfde72355052ed0d8e290,13798,2
C:\SRS(ISIC_2019)\Dataset\NV\ISIC_0024715.jpg,isic_0024715,5,49684ffaf2cefef7d51ad1dd2da2113f02fc5c185304238c015b49cb8cfddaee,13807,2
C:\SRS(ISIC_2019)\Dataset\NV\ISIC_0024730.jpg,isic_0024730,5,1d0b6e36ab6f19798fca7e3aa0eec25a2ece385493b3dfbc9cf020718fcc10b9,13820,2
C:\SRS(ISIC_2019)\Dataset\NV\ISIC_0024736.jpg,isic_0024736,5,70557610dda7169ca227b397dd46e5c9bf24acb3d7b7da895317ae324c0addd3,13824,2
C:\SRS(ISIC_2019)\Dataset\NV\ISIC_0024755.jpg,isic_0024755,5,c1dc5a6177f58374ef721123676106b1d86dbbc27ce1886bae29bbfa328aec00,13837,2
C:\SRS(ISIC_2019)\Dataset\NV\ISIC_0024768.jpg,isic_0024768,5,3603053a05785ab3235bd0b86a772243d18e6af1763992c87637dabc8359ac4f,13844,2
C:\SRS(ISIC_2019)\Dataset\NV\ISIC_0024788.jpg,isic_0024788,5,bad642b7d30617c41fc5369760d5c88c5375fbb20b1fc9a81b0d46cac987bbdb,13856,2
C:\SRS(ISIC_2019)\Dataset\NV\ISIC_0024809.jpg,isic_0024809,5,acbd9e66cab0515d96022786190946afa53fd46d3928251853b4d23397ae64d2,13871,2
C:\SRS(ISIC_2019)\Dataset\NV\ISIC_0024828.jpg,isic_0024828,5,c4d2f0f46f746235544d7abd852783ab2d1cf3d7adc24eb94e00410527070260,13887,2
C:\SRS(ISIC_2019)\Dataset\NV\ISIC_0024830.jpg,isic_0024830,5,22b3a002cd113c4e15e00792d7e9ff19cfa9cb5ddc4dbed54c70782c18bf0095,13888,2
C:\SRS(ISIC_2019)\Dataset\NV\ISIC_0024837.jpg,isic_0024837,5,d8cbc57bf01e2f03995acc771d67108df7404bf30ff727b7c5d5cb6a0828c3d6,13893,2
C:\SRS(ISIC_2019)\Dataset\NV\ISIC_0024842.jpg,isic_0024842,5,2d3f2fb3f5454659d3aa28b1cefc521a66d30be8bb806969d7929dfedb6e3f80,13897,2
C:\SRS(ISIC_2019)\Dataset\NV\ISIC_0024861.jpg,isic_0024861,5,fce3a636ea5ee953ad9bc3a7777f4327b259c4a2c7c8a27b4a0087d2cbe0f02e,13910,2
C:\SRS(ISIC_2019)\Dataset\NV\ISIC_0024868.jpg,isic_0024868,5,fda87f15e05cece4770ec96394c0d2e69712fd72b7293f5efb28f919073d51d1,13914,2
C:\SRS(ISIC_2019)\Dataset\NV\ISIC_0024870.jpg,isic_0024870,5,97afa69fa28a5257d2e73a889880c5e58a14756ae696529ca28cdd98b8b4ad66,13916,2
C:\SRS(ISIC_2019)\Dataset\NV\ISIC_0024876.jpg,isic_0024876,5,4145c738704222fa9b4272f211334ad78de89c7f9d1fa346f7dc2e42ebbf3e92,13920,2
C:\SRS(ISIC_2019)\Dataset\NV\ISIC_0024884.jpg,isic_0024884,5,a3bcb8018e418f9fc85df20eb612cbdf35980f16dacf0dad3b22cd09d64db59f,13924,2
C:\SRS(ISIC_2019)\Dataset\NV\ISIC_0024888.jpg,isic_0024888,5,bfe246496637ab877950f7be923569fd2ce7bf5753456456be9e7cb5888bb889,13926,2
C:\SRS(ISIC_2019)\Dataset\NV\ISIC_0024906.jpg,isic_0024906,5,6897359c08be5514dc50e52644adcfb100d76812e35ac76b7d6906b2863e0ca8,13938,2
C:\SRS(ISIC_2019)\Dataset\NV\ISIC_0024912.jpg,isic_0024912,5,28842b87e13e356ebc0dfcdbe4d902df28b311def7953cab8769121ec4fab7ae,13941,2
C:\SRS(ISIC_2019)\Dataset\NV\ISIC_0024916.jpg,isic_0024916,5,fc6a5fb84636e9e210b422ef2e4c1fc6df023b10ead4ce0ef6fab92ade224f93,13943,2
C:\SRS(ISIC_2019)\Dataset\NV\ISIC_0024924.jpg,isic_0024924,5,cacee9acfe5ddb0ee0b60e2b4d484713a0236e9d0030c4079eea82242d613196,13949,2
C:\SRS(ISIC_2019)\Dataset\NV\ISIC_0024945.jpg,isic_0024945,5,cfe449e2b929ddcc02381bf747021f1c0df07c11f76316dacc2a8c4f9ab9d988,13963,2
C:\SRS(ISIC_2019)\Dataset\NV\ISIC_0024955.jpg,isic_0024955,5,ac4472c6a7dd2a7d1f7fb880b62a92e642468abded746f1b433f47a8e4bf484a,13967,2
C:\SRS(ISIC_2019)\Dataset\NV\ISIC_0024966.jpg,isic_0024966,5,ff22d08283b5816c517f3fb4e162016cd99f5470f42556e340b76bfbed95d36b,13975,2
C:\SRS(ISIC_2019)\Dataset\NV\ISIC_0024985.jpg,isic_0024985,5,2eecd8b90acdb351572804868e81b1abda1cfdef35c32267d787497fd11b912c,13986,2
C:\SRS(ISIC_2019)\Dataset\NV\ISIC_0024986.jpg,isic_0024986,5,78bf328f81ab5e13e23026dcc1e80862c4adca9fa2b8a7ab9c6912369158ed05,13987,2
C:\SRS(ISIC_2019)\Dataset\NV\ISIC_0024989.jpg,isic_0024989,5,1468c38aadb576c35883e75d7a0746311cc3355f69ebf1f99ff7c5600c7af3d0,13989,2
C:\SRS(ISIC_2019)\Dataset\NV\ISIC_0024996.jpg,isic_0024996,5,2078ebb7b25e029f5863ac2d2327e3fe99d5efc5379516b45eec9b7336ae07ae,13995,2
C:\SRS(ISIC_2019)\Dataset\NV\ISIC_0025000.jpg,isic_0025000,5,864c061dabcff8ba5c9290e263d7c5b74d554b65f691240925965d96eb4371a8,13997,2
C:\SRS(ISIC_2019)\Dataset\NV\ISIC_0025013.jpg,isic_0025013,5,5747a49e4d8fe387e4179ee2caf2829cba7d2375997b7404ac502c1ccaa41e2a,14009,2
C:\SRS(ISIC_2019)\Dataset\NV\ISIC_0025022.jpg,isic_0025022,5,d1b964307a1e724a44c35d83610c80047645b1628b6b19d48100ebf99cbffe54,14015,2
C:\SRS(ISIC_2019)\Dataset\NV\ISIC_0025036.jpg,isic_0025036,5,d1f81c5e8d4572b029819c8d52ec8146ee444d531c776df204f6fd17a663dbcd,14023,2
C:\SRS(ISIC_2019)\Dataset\NV\ISIC_0025039.jpg,isic_0025039,5,1bdb785b04f033fbdcceb33552abb02c819254814f4930da5931208ad914ce8d,14025,2
C:\SRS(ISIC_2019)\Dataset\NV\ISIC_0025042.jpg,isic_0025042,5,4a247258d1c66278a51bd4498a89b2fcd13ff6dfe1f04c19ece20e80df778c18,14027,2
C:\SRS(ISIC_2019)\Dataset\NV\ISIC_0025047.jpg,isic_0025047,5,bf3da23b0f1b1d75d0bd9d1b914dffd86c6cfe97f1b8595fdb41074ddd3b0ff4,14031,2
C:\SRS(ISIC_2019)\Dataset\NV\ISIC_0025049.jpg,isic_0025049,5,e0c9df6802360588f1d357a3d7f6c5549a9ef04088db1dcecfb62153baa0226b,14033,2
C:\SRS(ISIC_2019)\Dataset\NV\ISIC_0025051.jpg,isic_0025051,5,f5b5e8a8b59bc76dfbf9d487fa7bc6790c3890047c61578df3abffeb9b77bfd1,14035,2
C:\SRS(ISIC_2019)\Dataset\NV\ISIC_0025052.jpg,isic_0025052,5,045b881792738fd924fcf0f2ca86062cd0a6c92889d6f4538c6c4829eee5c428,14036,2
C:\SRS(ISIC_2019)\Dataset\NV\ISIC_0025055.jpg,isic_0025055,5,53220e49754d724572038e89a34b7ccd390cc421d93139b52a304bd740e9c390,14039,2
C:\SRS(ISIC_2019)\Dataset\NV\ISIC_0025058.jpg,isic_0025058,5,e6299f83fe92b31a8594f0cc08da42341bc3772c61d28d9100804a41ce3e0070,14042,2
C:\SRS(ISIC_2019)\Dataset\NV\ISIC_0025060.jpg,isic_0025060,5,f373f4c8bcb3623b9ec999dfb35d818204649d9c54f193dee54632b1fb09bc92,14044,2
C:\SRS(ISIC_2019)\Dataset\NV\ISIC_0025065.jpg,isic_0025065,5,70c2ad91ef3a655c6163bb0635c867ddae24a4a04d930e0ae50d2906916b4710,14047,2
C:\SRS(ISIC_2019)\Dataset\NV\ISIC_0025067.jpg,isic_0025067,5,03bebc24fa8aab39c0ef92cbd7f8d7dc8cff279db99b85a92f457d660e0cd049,14048,2
C:\SRS(ISIC_2019)\Dataset\NV\ISIC_0025072.jpg,isic_0025072,5,e8ca7147a56420c2b93b7cd76dfa86c000acf8deaa5e13f8db671fc1e6008044,14051,2
C:\SRS(ISIC_2019)\Dataset\NV\ISIC_0025077.jpg,isic_0025077,5,35a973ccc18865a423304e740e010a8709a2e788765df6787f688aaa2216461e,14054,2
C:\SRS(ISIC_2019)\Dataset\NV\ISIC_0025079.jpg,isic_0025079,5,6cc92380b7746766dc539fc75125c625eb16ebcaa57071d061c7b41ea64ae818,14056,2
C:\SRS(ISIC_2019)\Dataset\NV\ISIC_0025082.jpg,isic_0025082,5,585225d6089d939e8b27475cfa44c3af4d59d01c671c2490809c16db691f4579,14058,2
C:\SRS(ISIC_2019)\Dataset\NV\ISIC_0025088.jpg,isic_0025088,5,4cf6f866531390fc1b2fe4f4cae9d26c570f504a2b7f9541f44307521a1381a7,14061,2
C:\SRS(ISIC_2019)\Dataset\NV\ISIC_0025101.jpg,isic_0025101,5,303cd9cd4d1b394b9e17a1812810b9e9a86fd9a1ec277bcb7cf471aff1cace63,14071,2
C:\SRS(ISIC_2019)\Dataset\NV\ISIC_0025112.jpg,isic_0025112,5,0c9b881a964fb3ee78805b90c5d321e1a40bc64e3a2dcc913d3902ba04930655,14079,2
C:\SRS(ISIC_2019)\Dataset\NV\ISIC_0025114.jpg,isic_0025114,5,4f7d538f1a0788c006b6bb7a092e0ef5674b2575132e3eac8c80fb9a4f43c865,14080,2
C:\SRS(ISIC_2019)\Dataset\NV\ISIC_0025116.jpg,isic_0025116,5,c4048602cb81c78f909b4ce8a394f2cdc3a9c1febab023e3865846e76a4bddb9,14082,2
C:\SRS(ISIC_2019)\Dataset\NV\ISIC_0025125.jpg,isic_0025125,5,5cd67070d0b1db98bd1d70503fb1181e2536e456bb2f4f59aa7f35376eed2e58,14090,2
C:\SRS(ISIC_2019)\Dataset\NV\ISIC_0025133.jpg,isic_0025133,5,1e15fad36a073a0df1c80a39a61767d4422ff99b16506d3daa67376c3b545903,14093,2
C:\SRS(ISIC_2019)\Dataset\NV\ISIC_0025135.jpg,isic_0025135,5,55d431ccfa45e56f93edd62bc26415a590b1cb55b34858bb437b35e3eeece86c,14095,2
C:\SRS(ISIC_2019)\Dataset\NV\ISIC_0025137.jpg,isic_0025137,5,978750c5882fc208f23a8b801bdc2d4297d3988d710dee980bb303e363323c24,14096,2
C:\SRS(ISIC_2019)\Dataset\NV\ISIC_0025143.jpg,isic_0025143,5,aa41117f99de408eaecf415b4ea526383dfac51a3fb2e33d849df14df7810bcd,14101,2
C:\SRS(ISIC_2019)\Dataset\NV\ISIC_0025148.jpg,isic_0025148,5,89a35279f502ecca579986b636c22f2e0b0a194b40f21f282400fbcfad6c70cd,14104,2
C:\SRS(ISIC_2019)\Dataset\NV\ISIC_0025149.jpg,isic_0025149,5,135918ab92ba7aab2cfce53515cdd51b20a5eeb3d1312de52ea66985be211aa9,14105,2
C:\SRS(ISIC_2019)\Dataset\NV\ISIC_0025151.jpg,isic_0025151,5,7275ed406c847b1f6d6a702110bcd69bafc5864faf15145e16e5d26c37d5c588,14107,2
C:\SRS(ISIC_2019)\Dataset\NV\ISIC_0025152.jpg,isic_0025152,5,d47dbbe9a8e1ab07108b1e6fa4d073ffac6cfa9e7a1fcb299c461f1de42f4c0b,14108,2
C:\SRS(ISIC_2019)\Dataset\NV\ISIC_0025156.jpg,isic_0025156,5,82d01939037ba58872edb9756d370bc548b3646bf542c86cf0df0538ab188fe1,14109,2
C:\SRS(ISIC_2019)\Dataset\NV\ISIC_0025165.jpg,isic_0025165,5,4709f80edfe5b9af5dd2b6f1a6160827acc7857397c82adb8b345248b868b14d,14117,2
C:\SRS(ISIC_2019)\Dataset\NV\ISIC_0025166.jpg,isic_0025166,5,a7bc4c3524bd08506ebd091dbd8a03a24d3e9c6cffbfc6f3aee3643a1334f9ee,14118,2
C:\SRS(ISIC_2019)\Dataset\NV\ISIC_0025167.jpg,isic_0025167,5,0f584223daf0605cbb30ae57727e8a29ee3d30055925e3c26daa02d4af5f2ad0,14119,2
C:\SRS(ISIC_2019)\Dataset\NV\ISIC_0025174.jpg,isic_0025174,5,1273df0d0457cfb9dd757e1a766bc29123f4fbde9c3789c384334e834ed28e89,14126,2
C:\SRS(ISIC_2019)\Dataset\NV\ISIC_0025189.jpg,isic_0025189,5,ef9c31909240610a85244df48e8a0611d7e4976ae7fb5ef0bb02228bd91caf21,14137,2
C:\SRS(ISIC_2019)\Dataset\NV\ISIC_0025200.jpg,isic_0025200,5,2ca0ca702f46cf01d1cde2955d19bbf1c779c96c2dd4aed27063916b5fbbfe1b,14144,2
C:\SRS(ISIC_2019)\Dataset\NV\ISIC_0025205.jpg,isic_0025205,5,a2b9d1d868cf1f34b965b685ac0dd73eae9c63cd8fa1281d7f95136dc079dd44,14149,2
C:\SRS(ISIC_2019)\Dataset\NV\ISIC_0025210.jpg,isic_0025210,5,de24418c739c167d458f7a69a77e80128bcb5ee37197f99b886860ee4fd29a9a,14153,2
C:\SRS(ISIC_2019)\Dataset\NV\ISIC_0025224.jpg,isic_0025224,5,737df8fca58f025819487c542e06e98133f6f402829a687358ee71e777b52b15,14164,2
C:\SRS(ISIC_2019)\Dataset\NV\ISIC_0025227.jpg,isic_0025227,5,3fe97d6769af10af77a1ab21a5fe39ba2b9d1c56bd8cb6602307fd1b1c06943d,14167,2
C:\SRS(ISIC_2019)\Dataset\NV\ISIC_0025232.jpg,isic_0025232,5,3910985ca8413bf8e582aa3ebeea730a5468140fc6689ccf41c7d1006f9431a5,14172,2
C:\SRS(ISIC_2019)\Dataset\NV\ISIC_0025243.jpg,isic_0025243,5,c0dfd17459540f561b0c52664349b38617ed588899b0eafe887d08b15fa0d668,14180,2
C:\SRS(ISIC_2019)\Dataset\NV\ISIC_0025251.jpg,isic_0025251,5,41ac1f6bc1fd19e63a7ee6eaa05d55a68ff391c4580928d70c33d9a4d84a2fae,14183,2
C:\SRS(ISIC_2019)\Dataset\NV\ISIC_0025258.jpg,isic_0025258,5,d6e3f3c72274fee228522ee4bbb7fb9f8c2ee8112afb466b2c794834e2d23761,14190,2
C:\SRS(ISIC_2019)\Dataset\NV\ISIC_0025259.jpg,isic_0025259,5,57a0aee8fd6ccad0da04abc18add2f46422a9644e6725ecf6c101c644c5efe02,14191,2
C:\SRS(ISIC_2019)\Dataset\NV\ISIC_0025283.jpg,isic_0025283,5,07a90166c2405ccadd25d5cac5699f6447cda7b7ca65efdd1114e63daf22ae8f,14207,2
C:\SRS(ISIC_2019)\Dataset\NV\ISIC_0025287.jpg,isic_0025287,5,529a397866c2cd055d1d3431256b9042b87648b36eb47e66f0adb474dbfd7efd,14209,2
C:\SRS(ISIC_2019)\Dataset\NV\ISIC_0025291.jpg,isic_0025291,5,320367a605613585c26d82f7d62920bf04442c9b0a74516d37682e663ad45e9a,14213,2
C:\SRS(ISIC_2019)\Dataset\NV\ISIC_0025294.jpg,isic_0025294,5,2543b7a84a278908f99460209e4552320077efbd73894441500d64c33797a880,14215,2
C:\SRS(ISIC_2019)\Dataset\NV\ISIC_0025296.jpg,isic_0025296,5,98ea70c673c2a31902e9f09df0920d12980fef5b20b18888b7e5060727b6967f,14217,2
C:\SRS(ISIC_2019)\Dataset\NV\ISIC_0025298.jpg,isic_0025298,5,b7e81099b634ef99f7423439391651c465778d5b9eb3e96fa8117ffa89b9a851,14218,2
C:\SRS(ISIC_2019)\Dataset\NV\ISIC_0025305.jpg,isic_0025305,5,a2efc4e268dfad67b32cb892e7070a63a2a224117663e277ee8e5cfadc7405cf,14221,2
C:\SRS(ISIC_2019)\Dataset\NV\ISIC_0025307.jpg,isic_0025307,5,25621aad3e9b4d853ee31aec46b541adb3c0c497c88a9f7383b423fe9f26465d,14223,2
C:\SRS(ISIC_2019)\Dataset\NV\ISIC_0025308.jpg,isic_0025308,5,221e024822e2765c165911363b71fd7d51195d35c695128f2f349a6db124a246,14224,2
C:\SRS(ISIC_2019)\Dataset\NV\ISIC_0025311.jpg,isic_0025311,5,e9c12eb3bbbf664b5f65d6bce3833b67eae0368a5587ad41f6d2284a8e5615e6,14227,2
C:\SRS(ISIC_2019)\Dataset\NV\ISIC_0025320.jpg,isic_0025320,5,c8bc90d5eeda6ab2bc93b40a6a2b95f58c6e5a7e93b2896df14958fde74b0304,14230,2
C:\SRS(ISIC_2019)\Dataset\NV\ISIC_0025335.jpg,isic_0025335,5,292fddfb771b8cd8126c79c6dd9dde89e434a35cf5b2d10900223534f018f9b3,14239,2
C:\SRS(ISIC_2019)\Dataset\NV\ISIC_0025360.jpg,isic_0025360,5,f3dfb4539200b48fbcd5310b1a37c9f681eb59b3e3d9674892be256ad6c5f65f,14258,2
C:\SRS(ISIC_2019)\Dataset\NV\ISIC_0025361.jpg,isic_0025361,5,272d828dbc3ea91fe4db46b2adcf2c770e9a89a939afe58454b92e72ca8918f5,14259,2
C:\SRS(ISIC_2019)\Dataset\NV\ISIC_0025369.jpg,isic_0025369,5,cc81b6c2b907bf5e243ba1e1ee225cb4fc399fc42045e77f92a48635d7178a2a,14263,2
C:\SRS(ISIC_2019)\Dataset\NV\ISIC_0025382.jpg,isic_0025382,5,91a48bc66ff95c626155ab99f9bc21a9e315cae7e7d42c53bf3839d875d3530b,14272,2
C:\SRS(ISIC_2019)\Dataset\NV\ISIC_0025384.jpg,isic_0025384,5,cf8e5b34a1e62dd3addd037480fee2ffebbf1095db568992201fec195f8375e2,14273,2
C:\SRS(ISIC_2019)\Dataset\NV\ISIC_0025421.jpg,isic_0025421,5,18e33df5196ebbab8633504b38a19a9fe3883a555c82aa53d548efbcd68b9142,14298,2
C:\SRS(ISIC_2019)\Dataset\NV\ISIC_0025428.jpg,isic_0025428,5,7c0a5d7f5f42dcd50b1c46b3be03daa602a211aeaa0299601a76630c7c1d38db,14303,2
C:\SRS(ISIC_2019)\Dataset\NV\ISIC_0025430.jpg,isic_0025430,5,133c8e22822a7c94a86dc12dd484c3da7d885501fbb28cb1057fe39f1a925334,14305,2
C:\SRS(ISIC_2019)\Dataset\NV\ISIC_0025437.jpg,isic_0025437,5,81e4d5f5cfc9ab5ed2625a625bd573413b2c534f7ebc5dda3c01f1bbe7dde397,14309,2
C:\SRS(ISIC_2019)\Dataset\NV\ISIC_0025457.jpg,isic_0025457,5,a1763186955c07c85f0ac03d623028a18677d759bf1e1098109efa10d445055c,14324,2
C:\SRS(ISIC_2019)\Dataset\NV\ISIC_0025460.jpg,isic_0025460,5,6674b97930bd739bada1ec3007f46b0788ab6c345c91f22154a19f7858c0d523,14327,2
C:\SRS(ISIC_2019)\Dataset\NV\ISIC_0025481.jpg,isic_0025481,5,3d64691cc4234abda72c1a1a2f034a3f3616fb0096b4d529563c3002b56863de,14342,2
C:\SRS(ISIC_2019)\Dataset\NV\ISIC_0025492.jpg,isic_0025492,5,f78958a25fa0b8bb124f45d1135a3c1da35a48e74e21b11bc27fc08bc626a562,14350,2
C:\SRS(ISIC_2019)\Dataset\NV\ISIC_0025493.jpg,isic_0025493,5,eb6674b00eec099c5a86b01810708782cdd2bcc2a11e4f5a91f4268285cc96ac,14351,2
C:\SRS(ISIC_2019)\Dataset\NV\ISIC_0025497.jpg,isic_0025497,5,86b2c5a6a6dbea78d93a71b7833da6a898a86720b68149e984af85125614d387,14355,2
C:\SRS(ISIC_2019)\Dataset\NV\ISIC_0025516.jpg,isic_0025516,5,b2a1632ca95cefb44e07af74722bf7f5198c187e248ff1a091dbb2fc8e9589be,14366,2
C:\SRS(ISIC_2019)\Dataset\NV\ISIC_0025517.jpg,isic_0025517,5,45223ff68898d40f429bff8c1d6b3f538c20034c045c6d13e554a07d19cd87cc,14367,2
C:\SRS(ISIC_2019)\Dataset\NV\ISIC_0025518.jpg,isic_0025518,5,fea9e40a66651c505011734920c7c82268e34eb00551bd64eb427156e6ffb4df,14368,2
C:\SRS(ISIC_2019)\Dataset\NV\ISIC_0025527.jpg,isic_0025527,5,edc728f4c3be55cc22f822b8861e978e495217b4c2868a4628adaed7cc437f3d,14373,2
C:\SRS(ISIC_2019)\Dataset\NV\ISIC_0025534.jpg,isic_0025534,5,38505cf13b3ae755d34b8aa25216b100a25f4cd98b6ec59d73eeb3c1e51a4180,14377,2
C:\SRS(ISIC_2019)\Dataset\NV\ISIC_0025536.jpg,isic_0025536,5,2ff957f29854a9d4bc0a693a7d269b5c2c89a422cd28da743fffe28db4aa55dd,14379,2
C:\SRS(ISIC_2019)\Dataset\NV\ISIC_0025553.jpg,isic_0025553,5,1b6404f32ada172eb8986cc6994a61b40cd4378beb25eea8012ca49c719c2d06,14391,2
C:\SRS(ISIC_2019)\Dataset\NV\ISIC_0025561.jpg,isic_0025561,5,936fa88861254079b704e6a8376a4fdc09aacc0a34fa3958ef128ae65bedfd8f,14397,2
C:\SRS(ISIC_2019)\Dataset\NV\ISIC_0025566.jpg,isic_0025566,5,12d83105a14faa64359090d653c5848c9e5ee0a546b2bd0a8c16580fa2608d78,14401,2
C:\SRS(ISIC_2019)\Dataset\NV\ISIC_0025581.jpg,isic_0025581,5,cde13f2d19adbe18902b059389783079d8213a7f6b0a6c64d08f83be40851621,14410,2
C:\SRS(ISIC_2019)\Dataset\NV\ISIC_0025586.jpg,isic_0025586,5,52c173c438ffe3fe6dcb067d0945cb20f7b0eb8fb6387d768e0182f0dea7d969,14413,2
C:\SRS(ISIC_2019)\Dataset\NV\ISIC_0025598.jpg,isic_0025598,5,232f9514371f539fc6e7be51df7d4a310b9a21b7bc8f432ca8a75ac71def2661,14421,2
C:\SRS(ISIC_2019)\Dataset\NV\ISIC_0025607.jpg,isic_0025607,5,99b251755302df9888e266079a63e58af9c26067e93c8d81556a614a3cc69212,14424,2
C:\SRS(ISIC_2019)\Dataset\NV\ISIC_0025608.jpg,isic_0025608,5,aec637f4b075c09d1f3209ffdff8b03c690f694ed8f3b85f2377a52d68442906,14425,2
C:\SRS(ISIC_2019)\Dataset\NV\ISIC_0025634.jpg,isic_0025634,5,d5a497a5eeb6a9b5f18369a070f5f7dfcaf107b19693a69606d47b31c15065b6,14442,2
C:\SRS(ISIC_2019)\Dataset\NV\ISIC_0025660.jpg,isic_0025660,5,c320bca390a1d1fa04212b58f6bf73d85d8220a2ae3ec57b26c1b3f03b0f598e,14460,2
C:\SRS(ISIC_2019)\Dataset\NV\ISIC_0025664.jpg,isic_0025664,5,37e942253fc769ef3df98e473bee5762a5e488ee7cd520fb0c598454719c60f4,14462,2
C:\SRS(ISIC_2019)\Dataset\NV\ISIC_0025672.jpg,isic_0025672,5,07059cd1c2de3c303a9a574c0f60ba42798bc86d2c8b510c3e0956b65839a5cb,14469,2
C:\SRS(ISIC_2019)\Dataset\NV\ISIC_0025673.jpg,isic_0025673,5,4cf22547ff0b769376c7247315146e3031068f716b737b81a10e730c5025848c,14470,2
C:\SRS(ISIC_2019)\Dataset\NV\ISIC_0025682.jpg,isic_0025682,5,1fa36988ddf169ac66008544d7146b4140cd80c5ab6bd0dd1262635f215881a4,14476,2
C:\SRS(ISIC_2019)\Dataset\NV\ISIC_0025683.jpg,isic_0025683,5,5d7c04140f8bf02311dd29233ef1e4ec9cf4746e1ae346f1af47e3333cf92dd8,14477,2
C:\SRS(ISIC_2019)\Dataset\NV\ISIC_0025684.jpg,isic_0025684,5,0aeb9f29883e6e4bb8ee08d09f02295ef3153b37a151d40603c5851490615258,14478,2
C:\SRS(ISIC_2019)\Dataset\NV\ISIC_0025706.jpg,isic_0025706,5,991fb193747d5b6a5de3d3a97e8436ab400dae7b26a89c9d464176b2ccb9ddc0,14494,2
C:\SRS(ISIC_2019)\Dataset\NV\ISIC_0025715.jpg,isic_0025715,5,e6cd8304697582b5a00d4df05366466ebdac928ee748cb211c59e06273ca520c,14497,2
C:\SRS(ISIC_2019)\Dataset\NV\ISIC_0025734.jpg,isic_0025734,5,312dc6f71303e2e9f195f37f8c0d97f273b36b22716251a12bb2bb6611ac9c37,14510,2
C:\SRS(ISIC_2019)\Dataset\NV\ISIC_0025735.jpg,isic_0025735,5,6db86ed8a1eafbb2429bccb48b875884a0af9897c6f54787ce3130a23c9c963f,14511,2
C:\SRS(ISIC_2019)\Dataset\NV\ISIC_0025757.jpg,isic_0025757,5,03708671068efb40eb94b7a4934e7df00a9c474e5b457b60a838d9f1b0969e9c,14525,2
C:\SRS(ISIC_2019)\Dataset\NV\ISIC_0025759.jpg,isic_0025759,5,8f22ab7195d60fc3c595eb46ae2be85253c97a1ccefacc505bdc1e55d3343f17,14526,2
C:\SRS(ISIC_2019)\Dataset\NV\ISIC_0025762.jpg,isic_0025762,5,5c6d243916762571deba1ef81df43693129b4dca24ebbc3b96e8f5edb4df7376,14529,2
C:\SRS(ISIC_2019)\Dataset\NV\ISIC_0025773.jpg,isic_0025773,5,274549ded324f22cf66b64ef4de645932566fef365c1421a894991dbfeca4293,14537,2
C:\SRS(ISIC_2019)\Dataset\NV\ISIC_0025782.jpg,isic_0025782,5,32aecf28333fab69b51acbd644ad1ba4fccde2096865f2312155b546fe8bb64f,14543,2
C:\SRS(ISIC_2019)\Dataset\NV\ISIC_0025795.jpg,isic_0025795,5,39cd3e66bb1a66f9ca93b01ebb7f41e84ed3a6f211f2627b3b3f23efcf4d90b3,14552,2
C:\SRS(ISIC_2019)\Dataset\NV\ISIC_0025797.jpg,isic_0025797,5,91c028d5be250fc5ff7fc9b0c4a6e740ac133f26a5ade066653220084ff038b5,14554,2
C:\SRS(ISIC_2019)\Dataset\NV\ISIC_0025820.jpg,isic_0025820,5,7f75cbca54417a1adcd3c83c3fc84a03ab7e5b5fa4b5ed50b06338ecd7ccfcf1,14565,2
C:\SRS(ISIC_2019)\Dataset\NV\ISIC_0025821.jpg,isic_0025821,5,07f2643de6d85938b2237a3a00f01b03e72ee556688ebbe1380829845a620109,14566,2
C:\SRS(ISIC_2019)\Dataset\NV\ISIC_0025823.jpg,isic_0025823,5,d45f6ba01461b81f96d54d93060b770f5ed3065569f80fed324d455c700d9ff8,14568,2
C:\SRS(ISIC_2019)\Dataset\NV\ISIC_0025849.jpg,isic_0025849,5,2be6c4da0c9087f56e43b68e0039c9f1676528cfc8c8a84c4e3e5d31c086c5c8,14584,2
C:\SRS(ISIC_2019)\Dataset\NV\ISIC_0025853.jpg,isic_0025853,5,4233847e49d045907011e6b6b9e15555a9b7d8b6b1bd31988fcef116eb8c0ed3,14587,2
C:\SRS(ISIC_2019)\Dataset\NV\ISIC_0025861.jpg,isic_0025861,5,a2716c8ab36bf5d28a94355d16702bf471984204d9cc014fb361e5d74ca14267,14594,2
C:\SRS(ISIC_2019)\Dataset\NV\ISIC_0025863.jpg,isic_0025863,5,8628c197c146b82a5a8b3e33b00f87a82e1fcbd34216616cb6deeeaad7a54544,14596,2
C:\SRS(ISIC_2019)\Dataset\NV\ISIC_0025869.jpg,isic_0025869,5,3f88bc336c2edbd2eaefcea382f2e6a2409d2cd418394f7a2ffedc4545bcf5bd,14601,2
C:\SRS(ISIC_2019)\Dataset\NV\ISIC_0025881.jpg,isic_0025881,5,72b7c0f249c0abcb40d427b1f6048cdf22fb16ef2160b2cc66016e8d5ac9354e,14609,2
C:\SRS(ISIC_2019)\Dataset\NV\ISIC_0025888.jpg,isic_0025888,5,c9e86a06426f6f43a10572d5c0c8348a7c2c1e01b158b63b537d66d37e08aa71,14614,2
C:\SRS(ISIC_2019)\Dataset\NV\ISIC_0025895.jpg,isic_0025895,5,ed9ee649da1ec4f7860a13f8f57bbf33e2b8ecca9b4cfd193a6dd5631caf7700,14620,2
C:\SRS(ISIC_2019)\Dataset\NV\ISIC_0025901.jpg,isic_0025901,5,51f9d41fedf8c66ce72cf020122015c334d4b38a007b41438b1ce7989bc75a29,14626,2
C:\SRS(ISIC_2019)\Dataset\NV\ISIC_0025912.jpg,isic_0025912,5,3a40e99b6c20d02bd624fa15b4d670af0dbcd0236a10e14317521130b9019dd6,14633,2
C:\SRS(ISIC_2019)\Dataset\NV\ISIC_0025920.jpg,isic_0025920,5,6331929263d3507fecb675a68ada0c37ccf963146bdfccfe8f2f48b295413903,14640,2
C:\SRS(ISIC_2019)\Dataset\NV\ISIC_0025922.jpg,isic_0025922,5,2ac6a8873a308ca794accace52a1c7b3e0ca43f12b9690477be340bf0473afd2,14642,2
C:\SRS(ISIC_2019)\Dataset\NV\ISIC_0025938.jpg,isic_0025938,5,94568ac72192f7364048ea030246b3baa7479d7bc75c93836a3722b25a85ed16,14653,2
C:\SRS(ISIC_2019)\Dataset\NV\ISIC_0025944.jpg,isic_0025944,5,5ccbf8f43558faf4dedbe5c4b2666a30b90b429ea29a5377d7bf2806c284c5f9,14656,2
C:\SRS(ISIC_2019)\Dataset\NV\ISIC_0025952.jpg,isic_0025952,5,f2f7a3a4cf42212c22b0b9460ae46a35088cfd2e9feb6c158dbc9e3644acc79c,14663,2
C:\SRS(ISIC_2019)\Dataset\NV\ISIC_0025960.jpg,isic_0025960,5,16378221c2af92a86d39b969101bb5dbf3782ba86a506f8a642bd195369ee8ae,14667,2
C:\SRS(ISIC_2019)\Dataset\NV\ISIC_0025961.jpg,isic_0025961,5,24edb731cf65e2c9cc1ace4b1950a1c22a4d6d3592296a128502ce70f5badb5d,14668,2
C:\SRS(ISIC_2019)\Dataset\NV\ISIC_0025972.jpg,isic_0025972,5,ef4fac1d15ca6abdf305bea8c46f05abcb2edd4a10a3f58094ae032ecb7568ea,14676,2
C:\SRS(ISIC_2019)\Dataset\NV\ISIC_0025977.jpg,isic_0025977,5,1ea76c000c883a51fc195ad07878d1ef3c42ca257e31a4241ce74c15bfe37bc7,14679,2
C:\SRS(ISIC_2019)\Dataset\NV\ISIC_0025988.jpg,isic_0025988,5,1872e814fa9ee4e143fbb239c7a90853e90d51a4687468fd013d6dd333267a50,14684,2
C:\SRS(ISIC_2019)\Dataset\NV\ISIC_0025991.jpg,isic_0025991,5,689a9cc19c2eb5a600a668fe4ab4b22752e4f6292d766297ed3b2fb394eca24b,14687,2
C:\SRS(ISIC_2019)\Dataset\NV\ISIC_0026003.jpg,isic_0026003,5,8d2639457c1df6ef2f42d9dd7873c6db44672c62b52ed19f4f9ceeebfaa3a5d9,14697,2
C:\SRS(ISIC_2019)\Dataset\NV\ISIC_0026005.jpg,isic_0026005,5,aa119fe74e7191809a5508d5810560fe5cd6b5e3bd19209aa0d724f7316b9f7f,14699,2
C:\SRS(ISIC_2019)\Dataset\NV\ISIC_0026019.jpg,isic_0026019,5,4173fafd5079d0e08d6b622ef40cfb9ec1113bea4f8228d60738a3980a3c6b1a,14708,2
C:\SRS(ISIC_2019)\Dataset\NV\ISIC_0026036.jpg,isic_0026036,5,1867f14a3581dc23c8a9c3b09f4ee4ead21658cccdc1d2c739921bed7a5be859,14725,2
C:\SRS(ISIC_2019)\Dataset\NV\ISIC_0026038.jpg,isic_0026038,5,ab43a9e3715e6f4a6858edf57a672a56fd11e0f4223dae80f21e736c3d0f3483,14727,2
C:\SRS(ISIC_2019)\Dataset\NV\ISIC_0026039.jpg,isic_0026039,5,31f63a734493f25cb70ed6e47e7e0ca36417409cb3a7e257da866ada30aedf2c,14728,2
C:\SRS(ISIC_2019)\Dataset\NV\ISIC_0026043.jpg,isic_0026043,5,e1ac2c30ef3973ab0d6835d48c2eb52dfafbd4947bcb3ce5e66829de25fc7c56,14730,2
C:\SRS(ISIC_2019)\Dataset\NV\ISIC_0026048.jpg,isic_0026048,5,c8891a17edb7884a75e46693c76cae2bc5185ad6eb2ef122c599f2d459d55e9b,14732,2
C:\SRS(ISIC_2019)\Dataset\NV\ISIC_0026053.jpg,isic_0026053,5,243c3ace977a58161b6d2cb209460c63c8ff3ddc70a4292fb8aa255727f7bafd,14737,2
C:\SRS(ISIC_2019)\Dataset\NV\ISIC_0026055.jpg,isic_0026055,5,3cea1653fa3bdf0c4b70efdc9acd2ce4c998ef57e6be5b6ed14eb1c054d747a5,14739,2
C:\SRS(ISIC_2019)\Dataset\NV\ISIC_0026062.jpg,isic_0026062,5,5c38e6cc3eda1d88278c5d033b589c76dac4c7edf243f3cf8d862cda88193b3c,14744,2
C:\SRS(ISIC_2019)\Dataset\NV\ISIC_0026063.jpg,isic_0026063,5,21d58af9a5b7e8d55ee4f897c62cea11d6e80d167cdd63aa5f1a7f45b0556ab4,14745,2
C:\SRS(ISIC_2019)\Dataset\NV\ISIC_0026078.jpg,isic_0026078,5,1246d5e02d79fb267bf03280b99a4670c1ecb0437d6e99cc0b14010b893f3ffa,14755,2
C:\SRS(ISIC_2019)\Dataset\NV\ISIC_0026079.jpg,isic_0026079,5,c2abdeceb984b0d4529afdbc7a06e99ed3515241f280b74d36b7a2149b3e5169,14756,2
C:\SRS(ISIC_2019)\Dataset\NV\ISIC_0026087.jpg,isic_0026087,5,b92dd392b45f531c345e8499a326ce91f5561552769407d8d48faeb3ee3b8a14,14760,2
C:\SRS(ISIC_2019)\Dataset\NV\ISIC_0026088.jpg,isic_0026088,5,5f72a26c7592c026ceb569da1785c79fa04cdfb7a461d98aa3f190310f78ea4f,14761,2
C:\SRS(ISIC_2019)\Dataset\NV\ISIC_0026097.jpg,isic_0026097,5,abf7d94e0fd1413b52312a85b83fe18257baffb6c645a053a62fa95d9b1f8911,14765,2
C:\SRS(ISIC_2019)\Dataset\NV\ISIC_0026103.jpg,isic_0026103,5,7778eeac1bf8a38b83b9d50eeb41cb2f5a1bddb151290436afd35bb64cd55662,14770,2
C:\SRS(ISIC_2019)\Dataset\NV\ISIC_0026108.jpg,isic_0026108,5,34a9f8c1ecfa0d0b1b01cc984cd08c53e9d12380c9ea93160c5d60b0796f3016,14772,2
C:\SRS(ISIC_2019)\Dataset\NV\ISIC_0026111.jpg,isic_0026111,5,9516732c527925a2aa00e12fef1ca7539e475db006e3a1d9e09256481eeec2e1,14775,2
C:\SRS(ISIC_2019)\Dataset\NV\ISIC_0026116.jpg,isic_0026116,5,9edce15f3cd5f6c4c8e827c4e62902dbec59c256c20bb0fbac7febbe9036dfe6,14778,2
C:\SRS(ISIC_2019)\Dataset\NV\ISIC_0026119.jpg,isic_0026119,5,9c40d35c30e2ec6a8ebf4a88006625777bcaf01541842f1c33fe54ef3d024600,14779,2
C:\SRS(ISIC_2019)\Dataset\NV\ISIC_0026123.jpg,isic_0026123,5,a05d252de3b47c85cd906d241099ff206592b488cf3971611672d02f9f93c5e0,14782,2
C:\SRS(ISIC_2019)\Dataset\NV\ISIC_0026124.jpg,isic_0026124,5,13ebc46e449ac6665cdc49cd2591da6dd9870df4bc6fdab6596e9c96a31cf33f,14783,2
C:\SRS(ISIC_2019)\Dataset\NV\ISIC_0026125.jpg,isic_0026125,5,e5a54895ad1c8dc86e03eea18299b1a9a90adf3553e8e9bd4d27a4f1ea50f215,14784,2
C:\SRS(ISIC_2019)\Dataset\NV\ISIC_0026127.jpg,isic_0026127,5,98a2dd8816ca1b2b59ba63f4da379e3a992eee5e48923060d4e4c6a43d3de065,14786,2
C:\SRS(ISIC_2019)\Dataset\NV\ISIC_0026128.jpg,isic_0026128,5,b8e0fa898efe1616d8f3450ba983d42f1d8b69d92bf07a9fc4db4317c746c842,14787,2
C:\SRS(ISIC_2019)\Dataset\NV\ISIC_0026136.jpg,isic_0026136,5,0731436a92417d02da79662be89560a0055e5e74c86d6b80c3aed7089f4aa7b5,14792,2
C:\SRS(ISIC_2019)\Dataset\NV\ISIC_0026141.jpg,isic_0026141,5,2edac11cc436e99589dc9dd1141916dd9cab2c7c8439cda088e547129d94e31c,14795,2
C:\SRS(ISIC_2019)\Dataset\NV\ISIC_0026143.jpg,isic_0026143,5,38fae3592ed819141548228779f677f789e18b1c47eac602e88e7ffffa9ca315,14796,2
C:\SRS(ISIC_2019)\Dataset\NV\ISIC_0026162.jpg,isic_0026162,5,13388acefe9b5455c233c5a1a8dd30b36b4c16e013bc29e20355151c99407c80,14807,2
C:\SRS(ISIC_2019)\Dataset\NV\ISIC_0026168.jpg,isic_0026168,5,e0f5b149d6110233fa4af48ec151da8e46662d41c57d43f34b643877796f7bc5,14811,2
C:\SRS(ISIC_2019)\Dataset\NV\ISIC_0026175.jpg,isic_0026175,5,de47936a6e80e6cd3a80b4cf911d31f8ec9a32b5c32c750a712a763515007e71,14816,2
C:\SRS(ISIC_2019)\Dataset\NV\ISIC_0026184.jpg,isic_0026184,5,0c0edbbe1d0004d20a6138ec437dda9fc01caa8521b71d2192306092df470aa3,14824,2
C:\SRS(ISIC_2019)\Dataset\NV\ISIC_0026200.jpg,isic_0026200,5,4293ee79dbeeb48012a81df2a10700233fee9d7c73523547e1dc8961ad1a3877,14837,2
C:\SRS(ISIC_2019)\Dataset\NV\ISIC_0026201.jpg,isic_0026201,5,e541096ab4f7c0b1718fa629fe6c76f4156dcf166243dbaa081831c00e314437,14838,2
C:\SRS(ISIC_2019)\Dataset\NV\ISIC_0026210.jpg,isic_0026210,5,41a2c4e61917bc42eea29928a881db20bfcec731e5e6ba3adda8ef95112ff092,14843,2
C:\SRS(ISIC_2019)\Dataset\NV\ISIC_0026211.jpg,isic_0026211,5,9674d7239dd36b76aa8269078fd7caf78448b702990449b9c5c096bf0fe28ead,14844,2
C:\SRS(ISIC_2019)\Dataset\NV\ISIC_0026214.jpg,isic_0026214,5,18f08a07b679c26a5b28cb44bb1197471144c337ec7e0156922851cddc2a186b,14845,2
C:\SRS(ISIC_2019)\Dataset\NV\ISIC_0026217.jpg,isic_0026217,5,73d48fc2b1c49184d1bd4b45f893efba783c439558d2079d0cc0a2a37ede3ca2,14848,2
C:\SRS(ISIC_2019)\Dataset\NV\ISIC_0026220.jpg,isic_0026220,5,30512d985a1cea0d1d57f1c99585583e9281c61aa73a18f0b037d14f71db174c,14850,2
C:\SRS(ISIC_2019)\Dataset\NV\ISIC_0026226.jpg,isic_0026226,5,0b3f5c3288f1f48011b6cae9dbbd43921b005d7c0cc81c00eaa43359f041490c,14856,2
C:\SRS(ISIC_2019)\Dataset\NV\ISIC_0026227.jpg,isic_0026227,5,5f0a3e7142ad8654d117b63a76a1aa8b23301078479520277cb9ad470a9d33be,14857,2
C:\SRS(ISIC_2019)\Dataset\NV\ISIC_0026228.jpg,isic_0026228,5,47c557a42d7b91862d85c00a5c926e7e58c72306b650e8f5bc7a3a26d9908243,14858,2
C:\SRS(ISIC_2019)\Dataset\NV\ISIC_0026231.jpg,isic_0026231,5,adbfcd7896d35ecdd084b4cb662d228424f36766d2f190636200959cf41bc312,14859,2
C:\SRS(ISIC_2019)\Dataset\NV\ISIC_0026237.jpg,isic_0026237,5,e730a11630101e4b96f45c53499c067d138abd1e2061f2a06a3abfe183b50e4b,14864,2
C:\SRS(ISIC_2019)\Dataset\NV\ISIC_0026242.jpg,isic_0026242,5,0fadbd5af0160013280a3f58108f4a49720de2c193c12bbb369c0ab2edfa9415,14868,2
C:\SRS(ISIC_2019)\Dataset\NV\ISIC_0026244.jpg,isic_0026244,5,1a313be1acb703cd97f38b7fe2e316cf5f403fee98d6a9c22ef56f6eab113942,14870,2
C:\SRS(ISIC_2019)\Dataset\NV\ISIC_0026257.jpg,isic_0026257,5,d0811fdd367f9fa749f1d8bd2af3c4f4d54a6588193b80182fcd97da6d4851ef,14878,2
C:\SRS(ISIC_2019)\Dataset\NV\ISIC_0026259.jpg,isic_0026259,5,8d272319a82cc339b2f56d1c16a18c852f3e5b4d184c2c9addac00ee88758496,14879,2
C:\SRS(ISIC_2019)\Dataset\NV\ISIC_0026267.jpg,isic_0026267,5,b31a60895549de78578ee92882aeff2dbe0de0e84485f6225a8d76551cd1f7cd,14883,2
C:\SRS(ISIC_2019)\Dataset\NV\ISIC_0026278.jpg,isic_0026278,5,e77ce781d2eefb58546ab487d070b90eadc8a9bafa8fe9006e525e3ecd961fcf,14889,2
C:\SRS(ISIC_2019)\Dataset\NV\ISIC_0026293.jpg,isic_0026293,5,d51dc4308b52f143549e7f347bca318c0e4fc701da873a2c14382f821d8e9d94,14898,2
C:\SRS(ISIC_2019)\Dataset\NV\ISIC_0026306.jpg,isic_0026306,5,16f4867ed59e2d673655563e2056fd3c93070df2310736f7237ba0cf5158f866,14908,2
C:\SRS(ISIC_2019)\Dataset\NV\ISIC_0026315.jpg,isic_0026315,5,8b54465c7b72ae80fbfd07dcd10a7e64f24d05164969d9fbd519b1acec655f46,14914,2
C:\SRS(ISIC_2019)\Dataset\NV\ISIC_0026322.jpg,isic_0026322,5,7926f46ecee093eacbd256e594dd8f171ef0e97868d7bd089e4206d2b6d1ab24,14918,2
C:\SRS(ISIC_2019)\Dataset\NV\ISIC_0026328.jpg,isic_0026328,5,88b00e002216a035ced135d870e3f7cdaca360b6131f2a489f7b84bdf5bfb94f,14922,2
C:\SRS(ISIC_2019)\Dataset\NV\ISIC_0026329.jpg,isic_0026329,5,9300f424964202983ff9ea35ce0d3c23a37b9569d9d3ed5342a3289dfcb756ac,14923,2
C:\SRS(ISIC_2019)\Dataset\NV\ISIC_0026338.jpg,isic_0026338,5,a81b03e3f1aeed4910129ec14e83487d5710cb3d7daaed5c3813ec4d63019ed4,14929,2
C:\SRS(ISIC_2019)\Dataset\NV\ISIC_0026339.jpg,isic_0026339,5,92329c1d47d1d61b8ff02c1434fd71866f932d693daf435e413aa7402d6e89c7,14930,2
C:\SRS(ISIC_2019)\Dataset\NV\ISIC_0026342.jpg,isic_0026342,5,ce5517e9199a6547cebb3df924deaacaf2cb5cf12e4b8afab732058ed702da99,14933,2
C:\SRS(ISIC_2019)\Dataset\NV\ISIC_0026356.jpg,isic_0026356,5,6382062b722a52d603a1e1795953a059ab58964be442ff3c5e1dc5b04fb6ee9f,14942,2
C:\SRS(ISIC_2019)\Dataset\NV\ISIC_0026363.jpg,isic_0026363,5,9b7fb1884857a11c7c8ce766b75602b69c5f9ecbc1d0bf3519f3490671738482,14947,2
C:\SRS(ISIC_2019)\Dataset\NV\ISIC_0026373.jpg,isic_0026373,5,6551d4fefcc2e0c537104faac9c85356145738c394e0a027d4ced2bd4446027f,14955,2
C:\SRS(ISIC_2019)\Dataset\NV\ISIC_0026375.jpg,isic_0026375,5,fbf2481aa5aad904e1cdd73470e4f1ca2d063c33f2684b545261a5780e1653d2,14957,2
C:\SRS(ISIC_2019)\Dataset\NV\ISIC_0026386.jpg,isic_0026386,5,b0a52fbb5626214904a657258afe646cb814ffb687dc82bbdc9b4792948bf548,14967,2
C:\SRS(ISIC_2019)\Dataset\NV\ISIC_0026407.jpg,isic_0026407,5,3d98787172b7de099660c1949eff4c932b58786bde6cb303b08e804c738d8dbc,14985,2
C:\SRS(ISIC_2019)\Dataset\NV\ISIC_0026419.jpg,isic_0026419,5,58783d8bc721809496ce3aae2672e185c228dcb93bbb603032617b2d69da32f4,14993,2
C:\SRS(ISIC_2019)\Dataset\NV\ISIC_0026423.jpg,isic_0026423,5,be31d12be0d77601cfe79183afa62b312f46bf97763d52f51b263144fc76a8ee,14995,2
C:\SRS(ISIC_2019)\Dataset\NV\ISIC_0026426.jpg,isic_0026426,5,92c18c571c2d546c51e9c2a56d056eb832ee101c97d885991f887c1b01611123,14998,2
C:\SRS(ISIC_2019)\Dataset\NV\ISIC_0026435.jpg,isic_0026435,5,c47334a3ebf853c5f5d5ba88804d35088dbf47f7f4f6631fc6505234178aa189,15005,2
C:\SRS(ISIC_2019)\Dataset\NV\ISIC_0026454.jpg,isic_0026454,5,12913651ab6aa144f3f7564ff644ca23fc5d18f5d0871318865abaf374f4967c,15016,2
C:\SRS(ISIC_2019)\Dataset\NV\ISIC_0026461.jpg,isic_0026461,5,2da70964ffa35ddcb7e5a47174de3960d218da8ad1d4d4069d79460e7244e245,15020,2
C:\SRS(ISIC_2019)\Dataset\NV\ISIC_0026462.jpg,isic_0026462,5,9d054614eb7cb73bcd2c6f7dba510dae3c70657b8c76f6c211aa78004cde920e,15021,2
C:\SRS(ISIC_2019)\Dataset\NV\ISIC_0026483.jpg,isic_0026483,5,7b6a6d58991e477152508897c24f991529cf4496d1e22c7345d4952f1e84b920,15034,2
C:\SRS(ISIC_2019)\Dataset\NV\ISIC_0026484.jpg,isic_0026484,5,c08a927aca80ef9ad709e0ff9baf2dc753f481c3d55a6d326525b0ede0f2687e,15035,2
C:\SRS(ISIC_2019)\Dataset\NV\ISIC_0026487.jpg,isic_0026487,5,9e661dfef682f009896c9fe1e6ce30b82a7b9372e75785bd159bfdd93232244c,15038,2
C:\SRS(ISIC_2019)\Dataset\NV\ISIC_0026491.jpg,isic_0026491,5,7ef6c9085bdecc1aa8810f7098dc737257e4a78addafbc5c3c804136d1a95344,15040,2
C:\SRS(ISIC_2019)\Dataset\NV\ISIC_0026498.jpg,isic_0026498,5,7227d4646b114d4dd4fcafec2dd36621629a0851924fabb7f3c1692ee5f0190d,15044,2
C:\SRS(ISIC_2019)\Dataset\NV\ISIC_0026508.jpg,isic_0026508,5,5347a1f7100972c3ad6df9dead2f30221a9daf9a7568a017b86ac14010a547cd,15052,2
C:\SRS(ISIC_2019)\Dataset\NV\ISIC_0026520.jpg,isic_0026520,5,4f27b57acc27164bc41f0975441cb4229d805ae5e0594a71c849dd934fd16c20,15061,2
C:\SRS(ISIC_2019)\Dataset\NV\ISIC_0026535.jpg,isic_0026535,5,93e99a8e0fd9c9b64d45841f2f3639d7f18cea2b6ec78d93004c0306a9fe7acb,15067,2
C:\SRS(ISIC_2019)\Dataset\NV\ISIC_0026541.jpg,isic_0026541,5,260ae6047d1bbe1df8ef0d58853478d8242874742d10a16465a0b0ef197cc52f,15071,2
C:\SRS(ISIC_2019)\Dataset\NV\ISIC_0026562.jpg,isic_0026562,5,92324b633ba9741e192aa3686df5b3b5c865a3608449c5ed7a716313510557fa,15087,2
C:\SRS(ISIC_2019)\Dataset\NV\ISIC_0026573.jpg,isic_0026573,5,7df67a7e45c8089835196fcb809aca22dd62bd8fca51d58e549abf880faf4986,15095,2
C:\SRS(ISIC_2019)\Dataset\NV\ISIC_0026585.jpg,isic_0026585,5,27336f6ee80ec106921b2d84b12e1cf37f3431630b5012e60f24cd37aaa51416,15104,2
C:\SRS(ISIC_2019)\Dataset\NV\ISIC_0026603.jpg,isic_0026603,5,c0b4e8bf56aba83498653b002bc4a93930a9f2416da7f1ecbefd32f10bae074c,15118,2
C:\SRS(ISIC_2019)\Dataset\NV\ISIC_0026610.jpg,isic_0026610,5,7c0055f8a1e764c90bf2e28afafa11a692a470f4bbbee103fe13d0a9044eaaf6,15122,2
C:\SRS(ISIC_2019)\Dataset\NV\ISIC_0026613.jpg,isic_0026613,5,eb1a73d2cb81ffc83304600be35ad7afc29d6586added3b8a8d160d27ead9a34,15125,2
C:\SRS(ISIC_2019)\Dataset\NV\ISIC_0026633.jpg,isic_0026633,5,e4a5d1c085a807af343211254066273d53f7cc86b2ab163d2c3614c4a2d8324d,15138,2
C:\SRS(ISIC_2019)\Dataset\NV\ISIC_0026667.jpg,isic_0026667,5,172cf1f470673fafb98c7fbf2ddf2e1fdb5048a988838821be5106eaa86e620b,15160,2
C:\SRS(ISIC_2019)\Dataset\NV\ISIC_0026732.jpg,isic_0026732,5,af8465bcb36d31f6c1d887c6bb6043c04d213afd0ebc60a05a9ea8694da034a1,15207,2
C:\SRS(ISIC_2019)\Dataset\NV\ISIC_0026733.jpg,isic_0026733,5,2e67108c95b518bb0e457869393ae0746fdd87c2b0c77e0d9b7008c851460a1a,15208,2
C:\SRS(ISIC_2019)\Dataset\NV\ISIC_0026734.jpg,isic_0026734,5,979f9a59eee332558ca16aaa01745149313f514dd8862b1de5eafa7e761d8862,15209,2
C:\SRS(ISIC_2019)\Dataset\NV\ISIC_0026740.jpg,isic_0026740,5,08f01b4964615bd5a4570091612d19d2bdaee883ae287edcbbd03dc17ea791d4,15212,2
C:\SRS(ISIC_2019)\Dataset\NV\ISIC_0026750.jpg,isic_0026750,5,10d57bd6541c775b3d43824060871f5ff54b2d60bb722a3d3eab411e1489c31d,15219,2
C:\SRS(ISIC_2019)\Dataset\NV\ISIC_0026752.jpg,isic_0026752,5,eb7e13ea04eac5b57f9597111373c7d1a3b4c4dba84de2cf164139d1e2b5d632,15221,2
C:\SRS(ISIC_2019)\Dataset\NV\ISIC_0026755.jpg,isic_0026755,5,f3996ed105b47af7d72764f3b064ee1d4667b33e3754ec29121ef1c3f1dbd27a,15223,2
C:\SRS(ISIC_2019)\Dataset\NV\ISIC_0026758.jpg,isic_0026758,5,f43e1940c206c5c5e7db8e08bc653085cca8fb6d2ef3e15c518eece01bc38feb,15226,2
C:\SRS(ISIC_2019)\Dataset\NV\ISIC_0026779.jpg,isic_0026779,5,28ae37dc7407360a9e19e042977dc6e319759ae303eb1f699409a6494c5df791,15240,2
C:\SRS(ISIC_2019)\Dataset\NV\ISIC_0026784.jpg,isic_0026784,5,59cf28601c1e344d2e4909ce5448db49202c764052accdfe3c7d469f5971dba9,15244,2
C:\SRS(ISIC_2019)\Dataset\NV\ISIC_0026788.jpg,isic_0026788,5,97029c2a7388dc240fee20fd0b4deefc938ec8682ad9bb159674ddd9367e5d8a,15247,2
C:\SRS(ISIC_2019)\Dataset\NV\ISIC_0026808.jpg,isic_0026808,5,9fe0252f539faa9482c3c66eb6ffbf12d05b671bb377f67f0610db58f082fd6d,15260,2
C:\SRS(ISIC_2019)\Dataset\NV\ISIC_0026809.jpg,isic_0026809,5,cec5b168c7e56361020c8728c2b5f554f7ad1adce3eaef30f10697f7e3d87b35,15261,2
C:\SRS(ISIC_2019)\Dataset\NV\ISIC_0026815.jpg,isic_0026815,5,c751bdf92ad955f1238c168240e5a2fcbb57007c4c51f19cdd0731b1a6bdda20,15266,2
C:\SRS(ISIC_2019)\Dataset\NV\ISIC_0026816.jpg,isic_0026816,5,9b887947d8385422b6e970bd961d8b36fddb7dfa09b34b996cfe67163c925f59,15267,2
C:\SRS(ISIC_2019)\Dataset\NV\ISIC_0026828.jpg,isic_0026828,5,a3b62b5475a39373477c0213eb19687bdbede6b7c6431f7777fbceaaca997b84,15277,2
C:\SRS(ISIC_2019)\Dataset\NV\ISIC_0026838.jpg,isic_0026838,5,6a2232b3f46923a1fbe9b3192adfd23e12fecd3ba72701a278d3208174631635,15284,2
C:\SRS(ISIC_2019)\Dataset\NV\ISIC_0026864.jpg,isic_0026864,5,9d78f8275d011e7b0b5665283907c22cbfe73dfd4cef1ca40d44f46d21734314,15298,2
C:\SRS(ISIC_2019)\Dataset\NV\ISIC_0026878.jpg,isic_0026878,5,bf796bf474a5ec16bf0087c8670f1ea1b9b0818ff334673349cdf7b6842987f0,15304,2
C:\SRS(ISIC_2019)\Dataset\NV\ISIC_0026879.jpg,isic_0026879,5,6cae5c14ac9cfe3ea3d81ab9666b66763be5128913bcee58673f8c4aff66ada6,15305,2
C:\SRS(ISIC_2019)\Dataset\NV\ISIC_0026883.jpg,isic_0026883,5,185447713eb77cab86f3aa4b8d26dc95ed1411bd4fe7980f03beb5a4d83afee7,15309,2
C:\SRS(ISIC_2019)\Dataset\NV\ISIC_0026884.jpg,isic_0026884,5,96b8e9cca3bb87fa492178197a92a40bbe3c56f0b1eb9fb42d27e9c06ec285a5,15310,2
C:\SRS(ISIC_2019)\Dataset\NV\ISIC_0026899.jpg,isic_0026899,5,2bc5e03599d00747aaf88279b9e8bb51a56eb529e598e43eb49da182c1076f92,15321,2
C:\SRS(ISIC_2019)\Dataset\NV\ISIC_0026903.jpg,isic_0026903,5,4744652b67f915de8876f002ed2a5acae89f67999005b5f8e38efa3a35292ea2,15324,2
C:\SRS(ISIC_2019)\Dataset\NV\ISIC_0026924.jpg,isic_0026924,5,614daa4b1050201fa1e8659173f5c7d81c99da608492c795779d6fbb6ea30f3b,15339,2
C:\SRS(ISIC_2019)\Dataset\NV\ISIC_0026932.jpg,isic_0026932,5,842c05d71daa15217b280b1d5ff335e688d9b2051bac05fffc45e2610997505e,15345,2
C:\SRS(ISIC_2019)\Dataset\NV\ISIC_0026934.jpg,isic_0026934,5,594f6391d405e4f6d27983ba55d011df7f948404c651c4ff5090ac1d9c444703,15347,2
C:\SRS(ISIC_2019)\Dataset\NV\ISIC_0026938.jpg,isic_0026938,5,a2297e571c3fd592f12b7d923bbe67e7bd6c53e634444eee7b9e69e28f52c791,15351,2
C:\SRS(ISIC_2019)\Dataset\NV\ISIC_0026948.jpg,isic_0026948,5,d6182e3297b579d527e8b57df21cba3d4dbea6154fde9c5758002d338ed4bc2e,15358,2
C:\SRS(ISIC_2019)\Dataset\NV\ISIC_0026964.jpg,isic_0026964,5,79ff52c63e70a50b13e197e0f405b90f1e7aae625b8619c594c50d44620b2648,15365,2
C:\SRS(ISIC_2019)\Dataset\NV\ISIC_0026973.jpg,isic_0026973,5,9d8d117ab9421982b80d28af256f890835e72778f00d4897da3756409c3c0a49,15371,2
C:\SRS(ISIC_2019)\Dataset\NV\ISIC_0026977.jpg,isic_0026977,5,aa3bdd5bd198e8ef805350dbce5624192b1a4968444ad80be9a911b79bd32b07,15374,2
C:\SRS(ISIC_2019)\Dataset\NV\ISIC_0026986.jpg,isic_0026986,5,76323608d4ca489fc9b0f1031727ff0fd366b5bbc0664f29a3ae5e7b09f2c28f,15380,2
C:\SRS(ISIC_2019)\Dataset\NV\ISIC_0026994.jpg,isic_0026994,5,9316461af073c86a3d3c6dda7284a6580c774b6a7453758d504f89a711195cde,15384,2
C:\SRS(ISIC_2019)\Dataset\NV\ISIC_0026997.jpg,isic_0026997,5,da9f78eadd1779c2d3cd2354facb8c4c5366f81b84fc63f5f6b9afac31dfd3b8,15385,2
C:\SRS(ISIC_2019)\Dataset\NV\ISIC_0026998.jpg,isic_0026998,5,89c4dd5ca8d10eb48cf5fda3595b0bfd0116dd55f7135506b4ba74b4ddfa6fbd,15386,2
C:\SRS(ISIC_2019)\Dataset\NV\ISIC_0027003.jpg,isic_0027003,5,5e5465737e982b7dea0ebfb898fbfb6b1e2c443e1204095d9fa67dc5dc547629,15391,2
C:\SRS(ISIC_2019)\Dataset\NV\ISIC_0027010.jpg,isic_0027010,5,35dcf6665ee89297cdece0e3902bedeab0278d4bff8e4283102f23ce3e87f2c3,15395,2
C:\SRS(ISIC_2019)\Dataset\NV\ISIC_0027014.jpg,isic_0027014,5,35aece0f7c4bc24457ab28cc6fef8855b64df3a13fd07de692ebcade0702f79d,15399,2
C:\SRS(ISIC_2019)\Dataset\NV\ISIC_0027016.jpg,isic_0027016,5,5960f661586d75b75f97ac037ba5fd89d4e428f345578a75ffa8cc25a744704b,15401,2
C:\SRS(ISIC_2019)\Dataset\NV\ISIC_0027022.jpg,isic_0027022,5,5c3282f3be96f9bbc67770f632d74db046194755c6699dd94cfa0694c8e129f3,15404,2
C:\SRS(ISIC_2019)\Dataset\NV\ISIC_0027035.jpg,isic_0027035,5,e680976bd01e651c9f26b6bb8c357aed1a0bee4009237321dcc775fb2ea97013,15411,2
C:\SRS(ISIC_2019)\Dataset\NV\ISIC_0027082.jpg,isic_0027082,5,05aa51ef3570de04866bf0615114d8debd311dd1527cd542df3267e6a12f85f9,15438,2
C:\SRS(ISIC_2019)\Dataset\NV\ISIC_0027087.jpg,isic_0027087,5,fc272b86b0870e3b147dc1bd16f004ecd7883aceff5cfaa73832bdd7c97f38ab,15441,2
C:\SRS(ISIC_2019)\Dataset\NV\ISIC_0027110.jpg,isic_0027110,5,d43084b73b3b79622d5c9760e1f1781b60a6bcaa1a6c72aaa1d96b30ae0a1329,15455,2
C:\SRS(ISIC_2019)\Dataset\NV\ISIC_0027121.jpg,isic_0027121,5,a03dfaaef4e51b65665ca57e36abec1f6d27293050d0a8ab34e1d715d1ddda1e,15463,2
C:\SRS(ISIC_2019)\Dataset\NV\ISIC_0027123.jpg,isic_0027123,5,d09e153fcc319a1a875b55872734a2c74e1600888471e4527bda8ec36d277bd0,15465,2
C:\SRS(ISIC_2019)\Dataset\NV\ISIC_0027133.jpg,isic_0027133,5,34eb8c3295abc766fc1481014bab94389166184189ff8e1dfbbeb04554025c61,15472,2
C:\SRS(ISIC_2019)\Dataset\NV\ISIC_0027137.jpg,isic_0027137,5,6686a38b9b15b6c9a79269c12709856b23cc208e6c4564b41615e104272ab829,15475,2
C:\SRS(ISIC_2019)\Dataset\NV\ISIC_0027140.jpg,isic_0027140,5,59386333042f91ecb58eb2a78a8eca1cf51eca1373e64bf1193061ef0f2f2555,15477,2
C:\SRS(ISIC_2019)\Dataset\NV\ISIC_0027177.jpg,isic_0027177,5,44d3d9a6ea6b0f250f983058d37dfad3e55d40223778fc1bebae33f765b4fe8d,15498,2
C:\SRS(ISIC_2019)\Dataset\NV\ISIC_0027180.jpg,isic_0027180,5,53ec94537b876dee39e71752817f593908fb58c68267aa8d8892269bf26d6cbc,15499,2
C:\SRS(ISIC_2019)\Dataset\NV\ISIC_0027211.jpg,isic_0027211,5,7d6c741b8fa4ec19dac7f6c2fc6093da5c82c611ccb0b1c6fcf13e858467d8ba,15520,2
C:\SRS(ISIC_2019)\Dataset\NV\ISIC_0027221.jpg,isic_0027221,5,270aa24c0e96fdf2c04d91838e300b56309af51d0541432cab5084e578c708db,15527,2
C:\SRS(ISIC_2019)\Dataset\NV\ISIC_0027222.jpg,isic_0027222,5,e59a6337384fb8e767519b3c22148f1d764ca331bf4f7d997b2726b9528a8107,15528,2
C:\SRS(ISIC_2019)\Dataset\NV\ISIC_0027230.jpg,isic_0027230,5,94fbfd68b96c64eab0832ceb32d2c14a7418a460403232ab69644bfa5ec75e36,15535,2
C:\SRS(ISIC_2019)\Dataset\NV\ISIC_0027235.jpg,isic_0027235,5,10a0c788dd4c2b909c284af167b545b5a8a13f8e07f28a067042181a267f19f2,15538,2
C:\SRS(ISIC_2019)\Dataset\NV\ISIC_0027265.jpg,isic_0027265,5,f64dce6712c4fc185d2b9186cc75e2f746f4e538f8e0040ec3d73b19bcbe1919,15560,2
C:\SRS(ISIC_2019)\Dataset\NV\ISIC_0027274.jpg,isic_0027274,5,4ca66b757dc8bd6ed6bc4577e983aefeb83fc967724a75816d64ff0e2f2d83c5,15567,2
C:\SRS(ISIC_2019)\Dataset\NV\ISIC_0027298.jpg,isic_0027298,5,95772b1f3b1a660d666e8c01f01202f728eeb625cbf0118f72e603a28f31b879,15581,2
C:\SRS(ISIC_2019)\Dataset\NV\ISIC_0027307.jpg,isic_0027307,5,5ae483bfbf1027acb12ae7237a58b223c7d9245d7a6edf886f0889def019089c,15586,2
C:\SRS(ISIC_2019)\Dataset\NV\ISIC_0027313.jpg,isic_0027313,5,f09915d2a23b70cf78cc1f68182f5ab2d7505e22995e21624f4850e92212ab79,15591,2
C:\SRS(ISIC_2019)\Dataset\NV\ISIC_0027314.jpg,isic_0027314,5,ff1c4956a6cbdf8bb2a6c36f4a98bf7d9ecb485764dc1cb48c5c2d1d02dcc3a4,15592,2
C:\SRS(ISIC_2019)\Dataset\NV\ISIC_0027324.jpg,isic_0027324,5,ccc49f382309ed081261f2f9b25b8a59329a178118cd74ade2a99b4d7874060f,15601,2
C:\SRS(ISIC_2019)\Dataset\NV\ISIC_0027329.jpg,isic_0027329,5,56e1fd96c8b5aed81677b998f5b9467ef84118f6e9da8c9b2dadc7895e49f566,15603,2
C:\SRS(ISIC_2019)\Dataset\NV\ISIC_0027342.jpg,isic_0027342,5,f217538af2f165592d0b7f30a6578d57c9c5dabba89e759ca54ba1b433922838,15612,2
C:\SRS(ISIC_2019)\Dataset\NV\ISIC_0027353.jpg,isic_0027353,5,23a1063476b5159de332b6f4f5de6ddcaae0f6217517175de15468323953e0bb,15619,2
C:\SRS(ISIC_2019)\Dataset\NV\ISIC_0027358.jpg,isic_0027358,5,5557e611b7272834569744647f75d0b0feeb15bfdfe069052ef65a85048bd3d2,15622,2
C:\SRS(ISIC_2019)\Dataset\NV\ISIC_0027362.jpg,isic_0027362,5,b590d71434bf0afc68849d9383b0575d651bb0dd6a2a488cfa6cf04b986de710,15625,2
C:\SRS(ISIC_2019)\Dataset\NV\ISIC_0027378.jpg,isic_0027378,5,f520d2c003595639268ac4c5b10094a24001127c23d18c053b6a52ecb19114b4,15636,2
C:\SRS(ISIC_2019)\Dataset\NV\ISIC_0027379.jpg,isic_0027379,5,64e928b262bd918f69ca2007d7b71f0768f2f6a13e4ce2771f066154dddd96af,15637,2
C:\SRS(ISIC_2019)\Dataset\NV\ISIC_0027384.jpg,isic_0027384,5,cf77f2c435428a096cc8a0d5156e1c04f9b877e1240b1ad01bef63de84bd18d4,15642,2
C:\SRS(ISIC_2019)\Dataset\NV\ISIC_0027390.jpg,isic_0027390,5,0518467d415389b991963c61133087f2f9ec21be25ac3d3f24e45f4a797217ff,15645,2
C:\SRS(ISIC_2019)\Dataset\NV\ISIC_0027398.jpg,isic_0027398,5,816ae22af2eac16f9c828e15f6d427e543a8210100c11173ba1a8e5cd7014c48,15651,2
C:\SRS(ISIC_2019)\Dataset\NV\ISIC_0027404.jpg,isic_0027404,5,31d334ea19a0042e2d4590883df6a47eef051a9e7a62edc0af00b8249837b522,15656,2
C:\SRS(ISIC_2019)\Dataset\NV\ISIC_0027408.jpg,isic_0027408,5,2327d6f3882805700accd7d366cdd066333b8029f62e55b59be225900d100d96,15659,2
C:\SRS(ISIC_2019)\Dataset\NV\ISIC_0027410.jpg,isic_0027410,5,5af1d23c122e854899c1b4093d41368cd027612a2d01dd40ea0bf22ae07b9514,15661,2
C:\SRS(ISIC_2019)\Dataset\NV\ISIC_0027411.jpg,isic_0027411,5,7b9dcf84a127b6e3095b01554028277c674d1ccccd55f5b54926290ac3fa7161,15662,2
C:\SRS(ISIC_2019)\Dataset\NV\ISIC_0027417.jpg,isic_0027417,5,e99e7bd4d4f80ab0abb5e58499273ef76cb54b33951e6ffb683d0254dec39b3f,15668,2
C:\SRS(ISIC_2019)\Dataset\NV\ISIC_0027422.jpg,isic_0027422,5,23104b26884deacbbdf76ed22d76f1367f5f81e7143a77524587e459eb7a70b4,15671,2
C:\SRS(ISIC_2019)\Dataset\NV\ISIC_0027427.jpg,isic_0027427,5,aefde13fe3f0203cfc23de6e5a5c0ee0ef9db96b3a4dcfac1a33ba12c763e340,15675,2
C:\SRS(ISIC_2019)\Dataset\NV\ISIC_0027440.jpg,isic_0027440,5,27493d2717f91b86f977a484c69f7e838b0819bdec53a683da27160f06956b92,15683,2
C:\SRS(ISIC_2019)\Dataset\NV\ISIC_0027444.jpg,isic_0027444,5,3f47c5f5d30c76519cc69f62eb0c006a25320c4af23a16f84663433efeed904b,15686,2
C:\SRS(ISIC_2019)\Dataset\NV\ISIC_0027449.jpg,isic_0027449,5,810c4c84a1cc76a9cc97ea67c290c38cff41dae29082f1ce865fbc8d4d80f15f,15690,2
C:\SRS(ISIC_2019)\Dataset\NV\ISIC_0027453.jpg,isic_0027453,5,0a1eea40c59ab1930626ea56ab9bc8e61d9a1e16495619f79a88054443ae8605,15692,2
C:\SRS(ISIC_2019)\Dataset\NV\ISIC_0027459.jpg,isic_0027459,5,b734256a1878cff82e6fa5f74a71476e0a10ca6820d94350331ffd1f4f594a40,15696,2
C:\SRS(ISIC_2019)\Dataset\NV\ISIC_0027481.jpg,isic_0027481,5,6c3586ba20b65801a439b862875c27b4773a02011a76165eeeb7e92edb9469e4,15713,2
C:\SRS(ISIC_2019)\Dataset\NV\ISIC_0027490.jpg,isic_0027490,5,65a496fe8787a9f431831e03b175a8842594b1ff7ce074cc2c0eef7b8681ccc1,15720,2
C:\SRS(ISIC_2019)\Dataset\NV\ISIC_0027520.jpg,isic_0027520,5,27e48b2a041dd4d4f45243b29ba7a4c7e423656fde38ecc323cfb2fc0160b973,15743,2
C:\SRS(ISIC_2019)\Dataset\NV\ISIC_0027523.jpg,isic_0027523,5,5f17adaddf7d2bf25860e00424459ef5eb24c5ce572caee05bd8f38a80f21717,15745,2
C:\SRS(ISIC_2019)\Dataset\NV\ISIC_0027528.jpg,isic_0027528,5,2fbb11c0f64d4b9f1917882c30f868243e62dc44dc695b2503479d9880fd6701,15747,2
C:\SRS(ISIC_2019)\Dataset\NV\ISIC_0027537.jpg,isic_0027537,5,0689454e31282a0bda1ee144816a47b083e987ad2cd8edac65a52310ba879378,15752,2
C:\SRS(ISIC_2019)\Dataset\NV\ISIC_0027547.jpg,isic_0027547,5,e02598a4432eff9c247df12b78b1447907ddd74fa114ce0da4a431aab506f9bb,15759,2
C:\SRS(ISIC_2019)\Dataset\NV\ISIC_0027551.jpg,isic_0027551,5,3f4a2da02c1f9a00212caeb28f715d5977eef7c8fe08a6dfb66dbb0039a1a2c6,15762,2
C:\SRS(ISIC_2019)\Dataset\NV\ISIC_0027555.jpg,isic_0027555,5,108242cd3526d0b426ef1a6b0dd552afd43be208f0b416c146f8678c09fbd88d,15765,2
C:\SRS(ISIC_2019)\Dataset\NV\ISIC_0027571.jpg,isic_0027571,5,9e80d016e7b5286cb6c7dd0a681bbfce5df804a3d36458b0da7c337476366533,15776,2
C:\SRS(ISIC_2019)\Dataset\NV\ISIC_0027575.jpg,isic_0027575,5,8aa1ed49c96c30a647806423fb27f3789fc3bb79ffbd5899c4ae662fdf427b8c,15779,2
C:\SRS(ISIC_2019)\Dataset\NV\ISIC_0027581.jpg,isic_0027581,5,197b70bfb202fea856dace68bf23279c97ebd8d3e7920ce8619fda86f03277a4,15783,2
C:\SRS(ISIC_2019)\Dataset\NV\ISIC_0027585.jpg,isic_0027585,5,5c448ebc627b7309dfece614c1e0f82ceb799afba96505ef9077de8e3cb71703,15786,2
C:\SRS(ISIC_2019)\Dataset\NV\ISIC_0027591.jpg,isic_0027591,5,73ec577e1324f14648554667975679dadc0b04d1803521000bb7e07c1623c24c,15790,2
C:\SRS(ISIC_2019)\Dataset\NV\ISIC_0027594.jpg,isic_0027594,5,6ff45ae43db9a2a816f50be35655123f93b6fe2d45f19e9bc14f5194ff2f541e,15793,2
C:\SRS(ISIC_2019)\Dataset\NV\ISIC_0027603.jpg,isic_0027603,5,80d346063a80989b7ac8c61bac3eb23ce732391b95b2db0c3dcdcec4916a5e93,15799,2
C:\SRS(ISIC_2019)\Dataset\NV\ISIC_0027624.jpg,isic_0027624,5,1a52aeec626be9d9539975803b5d62d6d3fd5fcd0198c492dbde300a8799ce52,15810,2
C:\SRS(ISIC_2019)\Dataset\NV\ISIC_0027654.jpg,isic_0027654,5,e939eedc3d579a46ed4d81c440ea70aea6fcbfb9d456da1d8dc309b590d45352,15832,2
C:\SRS(ISIC_2019)\Dataset\NV\ISIC_0027657.jpg,isic_0027657,5,8ab68fee08df1150621f020d2495dd232691b76ae55d9903dfbf7663bba1588e,15835,2
C:\SRS(ISIC_2019)\Dataset\NV\ISIC_0027660.jpg,isic_0027660,5,d7083fb928507acc70d9e5473f7cd04a190cf5cbb68176ce23c185bc9ed19808,15837,2
C:\SRS(ISIC_2019)\Dataset\NV\ISIC_0027667.jpg,isic_0027667,5,867238d6391d4d04248cd9a31082ecc68e4bc5f4ef2212ec8edc5f1ca86238d2,15842,2
C:\SRS(ISIC_2019)\Dataset\NV\ISIC_0027676.jpg,isic_0027676,5,a373606e6cb6cbc2e5fce071cd8e7a90ae877614c8475bcf9151badbb04ee133,15846,2
C:\SRS(ISIC_2019)\Dataset\NV\ISIC_0027684.jpg,isic_0027684,5,479040d43cc23e29d4aed2628ea41406c373890d7c9f7ef9024c9c81e7277281,15850,2
C:\SRS(ISIC_2019)\Dataset\NV\ISIC_0027686.jpg,isic_0027686,5,ad3d56abecc607563790343bc195d52a83055734ee9a601048ce54a261b99ccb,15852,2
C:\SRS(ISIC_2019)\Dataset\NV\ISIC_0027707.jpg,isic_0027707,5,d0692dc3df714d231ce2011dbc617da3d436657743f896284717196019de55cc,15868,2
C:\SRS(ISIC_2019)\Dataset\NV\ISIC_0027716.jpg,isic_0027716,5,b16b17acb16c7c698891c61a07d79078a25562f485138d6884834dd1d06968d2,15874,2
C:\SRS(ISIC_2019)\Dataset\NV\ISIC_0027723.jpg,isic_0027723,5,ff93ad29ccbac34083b702036324689537e4795073170815ea0b91de3f9cbcae,15878,2
C:\SRS(ISIC_2019)\Dataset\NV\ISIC_0027725.jpg,isic_0027725,5,988bd717488677a409ae82aa6ccf2dbd7f170a429b998b30a25e0e3cc8d7f704,15880,2
C:\SRS(ISIC_2019)\Dataset\NV\ISIC_0027726.jpg,isic_0027726,5,de00fb7af6b69419a73d265b0a2186d8e24be28d04db3485a7c68d9164547fca,15881,2
C:\SRS(ISIC_2019)\Dataset\NV\ISIC_0027728.jpg,isic_0027728,5,eb0718068b3b605766308a326620b657398af7e42569bba849c853403f868934,15882,2
C:\SRS(ISIC_2019)\Dataset\NV\ISIC_0027730.jpg,isic_0027730,5,f4ef12083d498bf6b6b321965136031667ff8e68f3aa8cf4f95ce0d054186c18,15884,2
C:\SRS(ISIC_2019)\Dataset\NV\ISIC_0027736.jpg,isic_0027736,5,f23b7ab41749ead59e0b256aaf22cf630b3290ef7513f133a308462de07f9cde,15889,2
C:\SRS(ISIC_2019)\Dataset\NV\ISIC_0027749.jpg,isic_0027749,5,d721a5243745ed4a4c33367162edc272457c1040f2d1413293d33fc9b1d66be0,15896,2
C:\SRS(ISIC_2019)\Dataset\NV\ISIC_0027758.jpg,isic_0027758,5,e6b58a005ded27403919e23cdb3b175e5c0b1a9f87c260f8170d5932f99a24b5,15903,2
C:\SRS(ISIC_2019)\Dataset\NV\ISIC_0027772.jpg,isic_0027772,5,8e0a5d90ece3a728545ac52a5051e2512e564d204b74a3434b5beae2f5ddc1de,15911,2
C:\SRS(ISIC_2019)\Dataset\NV\ISIC_0027773.jpg,isic_0027773,5,fc84eb945d4805365f1c3569c4dd2ce07d968ed3ada341ca5f9b17efd23258fb,15912,2
C:\SRS(ISIC_2019)\Dataset\NV\ISIC_0027775.jpg,isic_0027775,5,e959b4039cd4a953b7088e77b5225e7cf98466748d1d59c61fd817a8a154514c,15913,2
C:\SRS(ISIC_2019)\Dataset\NV\ISIC_0027791.jpg,isic_0027791,5,2cd7ca0e1070fdf5539d5f98647f9ca414b6135e60d87fe64eb1f2fd73727647,15923,2
C:\SRS(ISIC_2019)\Dataset\NV\ISIC_0027808.jpg,isic_0027808,5,36c6c5a309317e90d20a738ec6963ed5cfd7500114a9c51a84a02e4e55b75262,15933,2
C:\SRS(ISIC_2019)\Dataset\NV\ISIC_0027813.jpg,isic_0027813,5,47922aacdbbd49b9dbad5353792b24109b9d800ceca007f991f7bccc11e810da,15937,2
C:\SRS(ISIC_2019)\Dataset\NV\ISIC_0027834.jpg,isic_0027834,5,caca6e435027b36d7a96f8bca4a46e80f9773c4845298ee05fa639da3df5cc15,15947,2
C:\SRS(ISIC_2019)\Dataset\NV\ISIC_0027835.jpg,isic_0027835,5,661ba3234e118d4c558447fd2b26b08a8fb6b8f306bf4d70030791807f25a549,15948,2
C:\SRS(ISIC_2019)\Dataset\NV\ISIC_0027839.jpg,isic_0027839,5,e213bc3cb2daf3b7eff7bcceccbac65f1d75fba9deb2df59a30d94136dedd63c,15951,2
C:\SRS(ISIC_2019)\Dataset\NV\ISIC_0027849.jpg,isic_0027849,5,c57665a659a93eba7dcc124b4c84fa2f6e3725710d0e8ad04d47687f2d0723b0,15960,2
C:\SRS(ISIC_2019)\Dataset\NV\ISIC_0027853.jpg,isic_0027853,5,ff0e5d72fe1445d91974637d8aa61737ff81c851cf215c16106f662d79ba3a10,15962,2
C:\SRS(ISIC_2019)\Dataset\NV\ISIC_0027861.jpg,isic_0027861,5,de7b97b2a908e5d69244c6ece9b97f9c9b1edf0354138d5272406e3482e84975,15967,2
C:\SRS(ISIC_2019)\Dataset\NV\ISIC_0027864.jpg,isic_0027864,5,8fe35b19a3ce61384f1ae886d67a74eded5406b5946acaaa39d08b43930e07dc,15969,2
C:\SRS(ISIC_2019)\Dataset\NV\ISIC_0027878.jpg,isic_0027878,5,9b97225a6151946276e82c8cf11f9e7e121538e6e4376fbbdd133f1097e8f2e2,15979,2
C:\SRS(ISIC_2019)\Dataset\NV\ISIC_0027880.jpg,isic_0027880,5,ea81f6294873d16df13bc3c32e4963859bf12a99aee32a0da880587a4a6553b4,15981,2
C:\SRS(ISIC_2019)\Dataset\NV\ISIC_0027886.jpg,isic_0027886,5,fd8c09cc3deafee959e0ffe1b1adca303a584d3e6010e081f322760a3c31b281,15986,2
C:\SRS(ISIC_2019)\Dataset\NV\ISIC_0027887.jpg,isic_0027887,5,bb76f2f1a191cba98389fc313e0fed1a71f731c7376fb8b6952c3c8d8008fc4e,15987,2
C:\SRS(ISIC_2019)\Dataset\NV\ISIC_0027890.jpg,isic_0027890,5,f821ed6227ee67de40179a863065bc4b036a15c39074a9061bd56c9df3bc7687,15989,2
C:\SRS(ISIC_2019)\Dataset\NV\ISIC_0027906.jpg,isic_0027906,5,ffe2baabec061d5be55e32ffbc934bc09125243433dc9aafb1c5cb3f5d825427,15999,2
C:\SRS(ISIC_2019)\Dataset\NV\ISIC_0027933.jpg,isic_0027933,5,eec3d9799aa271b8b039120ccecfbc043d2ee081be6e7704bb7749645dedcacc,16022,2
C:\SRS(ISIC_2019)\Dataset\NV\ISIC_0027938.jpg,isic_0027938,5,74781fc8531a0c6d469a418988351fdd9c94ec046670c7d5aaaf670db1fd3325,16026,2
C:\SRS(ISIC_2019)\Dataset\NV\ISIC_0027945.jpg,isic_0027945,5,3647b483e79ed0ba95fdd72c79bf298c66f324de52efb4996b4c5c79afa3bfa6,16033,2
C:\SRS(ISIC_2019)\Dataset\NV\ISIC_0027955.jpg,isic_0027955,5,29d7346557f1a7a48fcbd6828dc83a6ea7ae28ddc9247f3920aa624e52460c47,16040,2
C:\SRS(ISIC_2019)\Dataset\NV\ISIC_0027965.jpg,isic_0027965,5,ab9d0af64adb7e886435da6e781b9412653b78154e9483efe36ae9962eaf6be8,16045,2
C:\SRS(ISIC_2019)\Dataset\NV\ISIC_0027974.jpg,isic_0027974,5,72a498dd728fa1437f4616978cb192f534de20d3dbd10f077875c372eb1e33ce,16050,2
C:\SRS(ISIC_2019)\Dataset\NV\ISIC_0027978.jpg,isic_0027978,5,80184311294d59278500970b3ff80c2b1619fbd110a35460af81fe8402667bb7,16053,2
C:\SRS(ISIC_2019)\Dataset\NV\ISIC_0027988.jpg,isic_0027988,5,ba7d9bf9c26e6beee922496c97f3d76dfadbc8d5b95fadac03b906aaac144af0,16061,2
C:\SRS(ISIC_2019)\Dataset\NV\ISIC_0028004.jpg,isic_0028004,5,11bc82c807fcb35ccdaa98b2f5b3809fc84a17b50918fd11dbff289768d43a6a,16071,2
C:\SRS(ISIC_2019)\Dataset\NV\ISIC_0028005.jpg,isic_0028005,5,8cc9a2ce7663757b5123b59ec5fc0b6dfdb31aed4ba46d3769be81090568e023,16072,2
C:\SRS(ISIC_2019)\Dataset\NV\ISIC_0028031.jpg,isic_0028031,5,99bd1df966297d34c1f0226100f06965480154659b644bcb9ffed6b046f50dcd,16093,2
C:\SRS(ISIC_2019)\Dataset\NV\ISIC_0028057.jpg,isic_0028057,5,b41f43162617b907782f27475ac3d11f7b9fd6963c61c253a64c0e353915c959,16111,2
C:\SRS(ISIC_2019)\Dataset\NV\ISIC_0028072.jpg,isic_0028072,5,feb2f0db682877d65173f17c732eee24c65e4883f24be595dfbd0112797cbcff,16122,2
C:\SRS(ISIC_2019)\Dataset\NV\ISIC_0028078.jpg,isic_0028078,5,f0a68f4b0e66a60b252b8570df4829dfb5980cc259ddc8b48bfd2b3e8be95932,16126,2
C:\SRS(ISIC_2019)\Dataset\NV\ISIC_0028083.jpg,isic_0028083,5,bcffff89e0588759cf477dac349bcaa517df71ede789093c41e80822dd1f8d1c,16128,2
C:\SRS(ISIC_2019)\Dataset\NV\ISIC_0028088.jpg,isic_0028088,5,9273152ab553fc88c0ae566883c1d68af54fe68cc9c0aa6ff47cdb0695e4dbea,16129,2
C:\SRS(ISIC_2019)\Dataset\NV\ISIC_0028089.jpg,isic_0028089,5,fda4e029498c60d00bc7e24e9889289215d7db7dd9f056084086bcc44ca374d6,16130,2
C:\SRS(ISIC_2019)\Dataset\NV\ISIC_0028092.jpg,isic_0028092,5,a6280ef82acf18d34350589a421362924fe2681f636295f145ab9eb67e631e38,16133,2
C:\SRS(ISIC_2019)\Dataset\NV\ISIC_0028098.jpg,isic_0028098,5,d15c3b7cf02bce5082c22e6326c64284f065bff0cc537856e56c97b66d996b83,16137,2
C:\SRS(ISIC_2019)\Dataset\NV\ISIC_0028099.jpg,isic_0028099,5,e703781d5606343e028714ad781f470109c4eec921d5e9ed839ba736be5bd769,16138,2
C:\SRS(ISIC_2019)\Dataset\NV\ISIC_0028115.jpg,isic_0028115,5,ba195112dde585f4f4fc03e0364401c7d90c43c33f7569457741ab9925bccbfd,16146,2
C:\SRS(ISIC_2019)\Dataset\NV\ISIC_0028119.jpg,isic_0028119,5,49396f0fbfa5292bf69319d74cefc358bd4e0a5a87b3a3984040e6f8c3856c3c,16150,2
C:\SRS(ISIC_2019)\Dataset\NV\ISIC_0028125.jpg,isic_0028125,5,ea3f57d405856a4cd93a19f8ee3fbe677f12eb21e30b047280bc41e2ca0edad2,16151,2
C:\SRS(ISIC_2019)\Dataset\NV\ISIC_0028137.jpg,isic_0028137,5,ae32438cd6304f64116936e51cddc6fc5650a6658104a5642578b8d1112c3ce6,16160,2
C:\SRS(ISIC_2019)\Dataset\NV\ISIC_0028149.jpg,isic_0028149,5,0cfc7cc862dffa8626586a682e92be7125840f4bd58c3da626d3e870746f8425,16169,2
C:\SRS(ISIC_2019)\Dataset\NV\ISIC_0028157.jpg,isic_0028157,5,ee903dc0b6351d2a5c08767b026993d868dd63ea5ecba448180ca2d1fdc7efa1,16175,2
C:\SRS(ISIC_2019)\Dataset\NV\ISIC_0028169.jpg,isic_0028169,5,6ad6e593e7827001efd0513591398a00674160f14afad09424c43c50e84716ad,16183,2
C:\SRS(ISIC_2019)\Dataset\NV\ISIC_0028172.jpg,isic_0028172,5,9ed4962aa87da89b5ce6fff753aa843d2b77646e2725536ee7361555be9a83ae,16186,2
C:\SRS(ISIC_2019)\Dataset\NV\ISIC_0028178.jpg,isic_0028178,5,e0b3fa0176bf2f1e3af442a7257042484cc355876c455f2a1b82720dba14aded,16191,2
C:\SRS(ISIC_2019)\Dataset\NV\ISIC_0028182.jpg,isic_0028182,5,c8d2cc20c5a3198c1b7d267b4fde6736d16a75ab51daed232dc4e71662165956,16194,2
C:\SRS(ISIC_2019)\Dataset\NV\ISIC_0028195.jpg,isic_0028195,5,41cb14c1c0f04bfb5a976d022fd66c332ef4839823834bf896995f1b26103b15,16205,2
C:\SRS(ISIC_2019)\Dataset\NV\ISIC_0028199.jpg,isic_0028199,5,b8c1364ac241c431e7f620e8d4aa6b05d8bd153ef4e1f19155339d3177861d36,16207,2
C:\SRS(ISIC_2019)\Dataset\NV\ISIC_0028206.jpg,isic_0028206,5,f9a714a86f008c11e26b42f21a58f8453807c1ab7d9d9a539a458a5dab84cf67,16212,2
C:\SRS(ISIC_2019)\Dataset\NV\ISIC_0028212.jpg,isic_0028212,5,b0320910c2ec6b419c08ac715fd8fba84a52ee9f2c0ab54945c0301515a6cb4f,16216,2
C:\SRS(ISIC_2019)\Dataset\NV\ISIC_0028214.jpg,isic_0028214,5,d497cec624044a8cca5940bddde12bf037f2d6b7b56c82504fc5fcfe836677f9,16218,2
C:\SRS(ISIC_2019)\Dataset\NV\ISIC_0028239.jpg,isic_0028239,5,05ee8537ac410690034ae2f8d5090d3e5ffbc99b6dfb0af4bad4426ee4533c91,16227,2
C:\SRS(ISIC_2019)\Dataset\NV\ISIC_0028241.jpg,isic_0028241,5,310794da2d5121ffb4bcba4d511ea7715628322fe8d0db846f2641f496afc0a7,16229,2
C:\SRS(ISIC_2019)\Dataset\NV\ISIC_0028242.jpg,isic_0028242,5,fc16002cbbd67ee7be1c9762d68b22e97e93309097758b0a996f9d6dd23455d8,16230,2
C:\SRS(ISIC_2019)\Dataset\NV\ISIC_0028246.jpg,isic_0028246,5,5ba104d36d9959d66b823d63b3fd7eb68c1eb3c80b456f67e542042d6f22b0db,16234,2
C:\SRS(ISIC_2019)\Dataset\NV\ISIC_0028251.jpg,isic_0028251,5,698cffccb2fc4bb44c14b48e80bf1c28516325c96af9c4308c0d5a8114961dbe,16239,2
C:\SRS(ISIC_2019)\Dataset\NV\ISIC_0028275.jpg,isic_0028275,5,08070811c79d6b7f63d887062c941826bb540df22ea9b528cf0aab06ab0c8bce,16260,2
C:\SRS(ISIC_2019)\Dataset\NV\ISIC_0028292.jpg,isic_0028292,5,1c14397ccfcb6795bd1518e4ce15fd08824d64cd5da1a2eb0d17a1fac6986d9f,16273,2
C:\SRS(ISIC_2019)\Dataset\NV\ISIC_0028304.jpg,isic_0028304,5,b660f280a99b4b496e91cdd0773e5bae30702ad903b8aae616a9c82109aa87f4,16283,2
C:\SRS(ISIC_2019)\Dataset\NV\ISIC_0028328.jpg,isic_0028328,5,ce3cd8497679fa27b61a5f2eeda3bb458bd2fe4f63b5c33ddc56c0b1dae9c9a4,16298,2
C:\SRS(ISIC_2019)\Dataset\NV\ISIC_0028337.jpg,isic_0028337,5,b1779ed721988837c341d35681800e575f57e677ba9ba7da76154604c907a549,16303,2
C:\SRS(ISIC_2019)\Dataset\NV\ISIC_0028338.jpg,isic_0028338,5,92024c586ab1a4130badbff08e7a6f55890a4abe8c0c327ff7f0ab1ed8ca7e6a,16304,2
C:\SRS(ISIC_2019)\Dataset\NV\ISIC_0028342.jpg,isic_0028342,5,e93b514f52323e6831da6f48aede54794668c119358fae02b7cda4035a2f581b,16308,2
C:\SRS(ISIC_2019)\Dataset\NV\ISIC_0028345.jpg,isic_0028345,5,659aa37579c05efd916450b80a27036004babc0004181af9b01b744ed7733155,16310,2
C:\SRS(ISIC_2019)\Dataset\NV\ISIC_0028349.jpg,isic_0028349,5,749cee0340bd7a967f731f56c2f5e6e38ccfc9eacc3fc6aeba38fbea62fac58d,16312,2
C:\SRS(ISIC_2019)\Dataset\NV\ISIC_0028351.jpg,isic_0028351,5,dcb90f8aed35135032d98bf8cfb140f8ba2512df15bf1da1a17021b3e8fc1779,16313,2
C:\SRS(ISIC_2019)\Dataset\NV\ISIC_0028382.jpg,isic_0028382,5,2ed8e6e20c2bf9b259d738a97a3f4808e3e608e32d21a6297c66153c8e913ebe,16337,2
C:\SRS(ISIC_2019)\Dataset\NV\ISIC_0028394.jpg,isic_0028394,5,5880fc57a5f68fab606b9e9cf1271d4855ecab878082d3afcbd9f466ff10e5df,16345,2
C:\SRS(ISIC_2019)\Dataset\NV\ISIC_0028399.jpg,isic_0028399,5,c63c25a711344fa5019db3d60a9a9ad0d3d6c9461de1ba3978ae5e11a185f1d2,16350,2
C:\SRS(ISIC_2019)\Dataset\NV\ISIC_0028421.jpg,isic_0028421,5,0f2b280af92fac68e8c8edb1d809805fc09c96b273cb95b7348f0dcf9ca13717,16363,2
C:\SRS(ISIC_2019)\Dataset\NV\ISIC_0028425.jpg,isic_0028425,5,b45b955b914e95b6f79fa316c16c75ddfbc58c7c3496df1ae12b6116b1880d36,16367,2
C:\SRS(ISIC_2019)\Dataset\NV\ISIC_0028426.jpg,isic_0028426,5,8b7014adeabf79dfa13d72143dacdb87ea165ff7dba2a2707f888ccb8e6a6d79,16368,2
C:\SRS(ISIC_2019)\Dataset\NV\ISIC_0028438.jpg,isic_0028438,5,ef71d9a87236704f9c06bbd66c7584bd8c4bd3ede4fd7c791838d560d3c022aa,16379,2
C:\SRS(ISIC_2019)\Dataset\NV\ISIC_0028450.jpg,isic_0028450,5,3c554ffee5871d2884ab4dc95b24716362457e0778f9b5ea5243b74f47677d3d,16387,2
C:\SRS(ISIC_2019)\Dataset\NV\ISIC_0028455.jpg,isic_0028455,5,6af12261831c922377676ecee25abc11bffbaad874038e804e7df3e1ba007ed9,16391,2
C:\SRS(ISIC_2019)\Dataset\NV\ISIC_0028462.jpg,isic_0028462,5,9b99720ecec87f4d27cefe77cbe6de2556ac059a128030480566a2fe0c96348f,16396,2
C:\SRS(ISIC_2019)\Dataset\NV\ISIC_0028488.jpg,isic_0028488,5,c71c5c5b1ce43ea9cec12c84206b0cde1c85ead1d83f4d5b550864aef69d3ac3,16415,2
C:\SRS(ISIC_2019)\Dataset\NV\ISIC_0028494.jpg,isic_0028494,5,0a4536c731b16609129760b83d22090b6677b28a9d434b29640f9fc6c5b3cbad,16418,2
C:\SRS(ISIC_2019)\Dataset\NV\ISIC_0028500.jpg,isic_0028500,5,3d5d7077cbca351620984f082fdfb8849a35a0300b15fbc1663bb551a193ea5f,16420,2
C:\SRS(ISIC_2019)\Dataset\NV\ISIC_0028502.jpg,isic_0028502,5,129f2223ff27a7c6efe922a152d4a7335ea3c1e291be893cf46357b01125b32e,16422,2
C:\SRS(ISIC_2019)\Dataset\NV\ISIC_0028504.jpg,isic_0028504,5,f0a813a5b0a93d04d6c7178051175806f88c0ae6a66d823388695df62935cb5e,16423,2
C:\SRS(ISIC_2019)\Dataset\NV\ISIC_0028514.jpg,isic_0028514,5,625c9c88f09407cf21e0a86aefe699714fbf2826de5967dedef10d367faa04ac,16429,2
C:\SRS(ISIC_2019)\Dataset\NV\ISIC_0028535.jpg,isic_0028535,5,c1915260e6395e8325667fea67d1ddc782f4e2e05ed0fbf153fd6796f435fb12,16446,2
C:\SRS(ISIC_2019)\Dataset\NV\ISIC_0028536.jpg,isic_0028536,5,5987ed72f8cdc05da8650a71778d17ab5a4d09e5ac9701501d509bf74c45564c,16447,2
C:\SRS(ISIC_2019)\Dataset\NV\ISIC_0028539.jpg,isic_0028539,5,887242e89b40dac709f54c0635d4a7deca8d893dd4efddc30acc500912446611,16449,2
C:\SRS(ISIC_2019)\Dataset\NV\ISIC_0028545.jpg,isic_0028545,5,312d77c84c59db2407179ef7219577884cf999680beadcaaa26f1daf4a2a4294,16453,2
C:\SRS(ISIC_2019)\Dataset\NV\ISIC_0028549.jpg,isic_0028549,5,de3198129cde7f0f13038ab8299b298398fc398d42d5d44dbb06512e66fcbd5c,16456,2
C:\SRS(ISIC_2019)\Dataset\NV\ISIC_0028554.jpg,isic_0028554,5,6bc838eed9dd6c587affba728e9cf77566c090adc85055d11e049ee399c5c7a2,16460,2
C:\SRS(ISIC_2019)\Dataset\NV\ISIC_0028564.jpg,isic_0028564,5,5f0515ede67379f6162787e5bec324881a1906d729f4e7984b4ac965275d774f,16466,2
C:\SRS(ISIC_2019)\Dataset\NV\ISIC_0028569.jpg,isic_0028569,5,10cdd734d5583be2e8bebb5a8c3cb44a980d829eeb66db7637a3b3ca814ff988,16468,2
C:\SRS(ISIC_2019)\Dataset\NV\ISIC_0028574.jpg,isic_0028574,5,f9eb2e9a09d5c51af6bee0b7e0d6c7263a4a7b52ba4e98b1ec96c2e90f03a3a7,16472,2
C:\SRS(ISIC_2019)\Dataset\NV\ISIC_0028576.jpg,isic_0028576,5,f7fac0f7515fafd956b9bd9ad093326cb28b957bdf3a704b6d75208db9e71213,16474,2
C:\SRS(ISIC_2019)\Dataset\NV\ISIC_0028580.jpg,isic_0028580,5,8237e060506c484793c0b050ef90eb49a8ac56c65ff10c4ddf6a3976c0665781,16476,2
C:\SRS(ISIC_2019)\Dataset\NV\ISIC_0028591.jpg,isic_0028591,5,a581c2837369465c301df6002258ccd14736d4587211a13c8477a12623f7e050,16483,2
C:\SRS(ISIC_2019)\Dataset\NV\ISIC_0028597.jpg,isic_0028597,5,e7af698655e3922480d676f88f17ad4dd55e041a100c28bf5bcd29504a32f7a7,16488,2
C:\SRS(ISIC_2019)\Dataset\NV\ISIC_0028598.jpg,isic_0028598,5,ab1d1a752310f5f69d3bf52b3823e73aa125c6077fba063d6819913d8d1b1c99,16489,2
C:\SRS(ISIC_2019)\Dataset\NV\ISIC_0028600.jpg,isic_0028600,5,72bdae6613932b79ad7c8dbe56b2f33f375072c51fb575deb256a0236e18588e,16491,2
C:\SRS(ISIC_2019)\Dataset\NV\ISIC_0028601.jpg,isic_0028601,5,45577f4028e4f583e0844c1d71ca150bb1b6e79265115666b2eb66b5677a551c,16492,2
C:\SRS(ISIC_2019)\Dataset\NV\ISIC_0028602.jpg,isic_0028602,5,bbb4dee744ccf72770deb05fabaa95cf0a6ca9aa8e6830540d8c1f412c49549f,16493,2
C:\SRS(ISIC_2019)\Dataset\NV\ISIC_0028606.jpg,isic_0028606,5,39f752782528c6a102ada967f44a5f7a7b3d039884423b9da7c5a150d500c8c0,16497,2
C:\SRS(ISIC_2019)\Dataset\NV\ISIC_0028620.jpg,isic_0028620,5,fed6a09ba31fe9b363ea952bb8fe8fc94dfb706ec3ffa80fcf23925121876cde,16507,2
C:\SRS(ISIC_2019)\Dataset\NV\ISIC_0028641.jpg,isic_0028641,5,a7499bd5bb067322865048de64f86cb2172b6de536a85a00865fa3c53d00478e,16524,2
C:\SRS(ISIC_2019)\Dataset\NV\ISIC_0028643.jpg,isic_0028643,5,c086ece4f14b9142490ac79f56c28ee8541e6923577ac0014d58a86e09db04f9,16525,2
C:\SRS(ISIC_2019)\Dataset\NV\ISIC_0028654.jpg,isic_0028654,5,dd2afc98fea173a32808880ca780292f20e543a06f7776a2e784987994fe6554,16530,2
C:\SRS(ISIC_2019)\Dataset\NV\ISIC_0028675.jpg,isic_0028675,5,ff4e90ab9ad3c06d1d0d908c51e14b2788197bd516411d5e0ea7ad2d1defbb8b,16544,2
C:\SRS(ISIC_2019)\Dataset\NV\ISIC_0028694.jpg,isic_0028694,5,715c9dfc953d67ea9624c3f0dd3ab09ccf137725bd82aab662b5be3292cf5f7f,16556,2
C:\SRS(ISIC_2019)\Dataset\NV\ISIC_0028708.jpg,isic_0028708,5,f58f74bcf2769660d2edb23a50caed78026f6e718cbb0fc289191ef5c11a604e,16566,2
C:\SRS(ISIC_2019)\Dataset\NV\ISIC_0028724.jpg,isic_0028724,5,07cc760db24828ed0d09a14705100c299bc445778a673eb1dcf93121b9eeecc8,16577,2
C:\SRS(ISIC_2019)\Dataset\NV\ISIC_0028726.jpg,isic_0028726,5,feb90ec04d7fe18b4f4132160ca7a494e9726db614281b5600fb743bfdaeda9c,16579,2
C:\SRS(ISIC_2019)\Dataset\NV\ISIC_0028736.jpg,isic_0028736,5,472e9d6503637313bf91030cf899764caf20fc33049801fe9e294dc046007421,16586,2
C:\SRS(ISIC_2019)\Dataset\NV\ISIC_0028741.jpg,isic_0028741,5,152f1069d2089c53b17f31d6a9f5389a2dc3e8c8a7da18b79a0ac09a30d77211,16590,2
C:\SRS(ISIC_2019)\Dataset\NV\ISIC_0028754.jpg,isic_0028754,5,8f0ee0ace8095edf0fae4549b71d28d7ff2b4dde9c0c2cbf6f0bdc964fbf7dd3,16599,2
C:\SRS(ISIC_2019)\Dataset\NV\ISIC_0028762.jpg,isic_0028762,5,5f1e840b7e2995958c397e78c3df75b98c9ef84c17237fc31f3a1f495dd22d31,16606,2
C:\SRS(ISIC_2019)\Dataset\NV\ISIC_0028771.jpg,isic_0028771,5,7bfcd7e22f890a7293e0b6cf6424e078de48539e69704930f235af4dc597601a,16612,2
C:\SRS(ISIC_2019)\Dataset\NV\ISIC_0028775.jpg,isic_0028775,5,b8e916da395572e8a0e23a64f9113339329528450780b61eafe0784a03fc2e11,16614,2
C:\SRS(ISIC_2019)\Dataset\NV\ISIC_0028779.jpg,isic_0028779,5,cc1e5b7266bfeb354ad1d0c395d60c5b189b2514907547b66d1a182668f19267,16617,2
C:\SRS(ISIC_2019)\Dataset\NV\ISIC_0028791.jpg,isic_0028791,5,e3aae934c4b67e813c2979c418329353a2eee41664801940e4869ba9b64d1b0e,16628,2
C:\SRS(ISIC_2019)\Dataset\NV\ISIC_0028794.jpg,isic_0028794,5,8d0ceaee2283112068de45aae8d2d3858aeee1d832a6ad29a0f4bb0589a741b9,16630,2
C:\SRS(ISIC_2019)\Dataset\NV\ISIC_0028796.jpg,isic_0028796,5,6e372d4e96078f8a111fa3f6f030e368d3a20c659e459483bfa70e6537b52696,16631,2
C:\SRS(ISIC_2019)\Dataset\NV\ISIC_0028798.jpg,isic_0028798,5,9683d18360b71ad752c416f4d451c86c7faf6d255363375cebf3151b0d54812d,16632,2
C:\SRS(ISIC_2019)\Dataset\NV\ISIC_0028801.jpg,isic_0028801,5,c261d3d17c480f3f8ecb97da37cea8f1993ba359589a10d098634ed556039c62,16635,2
C:\SRS(ISIC_2019)\Dataset\NV\ISIC_0028804.jpg,isic_0028804,5,7c5bb9ef3638996e475631990b73b03be3800ec5494935dc395f455432fd2d48,16638,2
C:\SRS(ISIC_2019)\Dataset\NV\ISIC_0028805.jpg,isic_0028805,5,e0ece562469de0833b85dfbf66fd3c582ad1ccec0efd0e07d676a8fd201be9f6,16639,2
C:\SRS(ISIC_2019)\Dataset\NV\ISIC_0028827.jpg,isic_0028827,5,2f2a454a1579807517251bcb429544b4481f325cf7904d76204d0f74d507fa95,16653,2
C:\SRS(ISIC_2019)\Dataset\NV\ISIC_0028845.jpg,isic_0028845,5,bf5d86127b8f25cf385cb74dc2188335b6c1d1bcc9d6b7ea2036bd9b53e848cd,16668,2
C:\SRS(ISIC_2019)\Dataset\NV\ISIC_0028848.jpg,isic_0028848,5,37756f22f8be0cf304f7d1b4b501837e6bd0758f302801c3ae636ae057459500,16669,2
C:\SRS(ISIC_2019)\Dataset\NV\ISIC_0028857.jpg,isic_0028857,5,fed6fe25d88239b01bf9776d5e33cfc976d4a82db83ad9dab1f810042cc25bf3,16676,2
C:\SRS(ISIC_2019)\Dataset\NV\ISIC_0028861.jpg,isic_0028861,5,285d6d86285005ccd6d9e7fe9146a1bee725de09ad9bcdf6d5f24a5c47bcf20d,16678,2
C:\SRS(ISIC_2019)\Dataset\NV\ISIC_0028862.jpg,isic_0028862,5,c43a4720983280e9c651d1725823a5e16d471a605b3f9d22d7bf8c6ef30c0b9f,16679,2
C:\SRS(ISIC_2019)\Dataset\NV\ISIC_0028863.jpg,isic_0028863,5,b668d8059011c0bc2cc6fcbd063f6e310e05111d00ed94b18dd20bd99f6eb409,16680,2
C:\SRS(ISIC_2019)\Dataset\NV\ISIC_0028870.jpg,isic_0028870,5,ae38e9164c79574cb087269f203c1a479b2234680d8e1324d01d52f8bbf9c5b8,16687,2
C:\SRS(ISIC_2019)\Dataset\NV\ISIC_0028883.jpg,isic_0028883,5,23b8b6188759086e42f1477134ab871827699d4089091b0eaf7b6aecdad8249b,16693,2
C:\SRS(ISIC_2019)\Dataset\NV\ISIC_0028922.jpg,isic_0028922,5,1ee84773764ff0fa2cb179d335823441bcf3a30eb57923a8cbcc4ec272341428,16721,2
C:\SRS(ISIC_2019)\Dataset\NV\ISIC_0028927.jpg,isic_0028927,5,2dcb78310719e97b18cb336c0389515b19f5cf50f6992869af7e604c279b55c5,16724,2
C:\SRS(ISIC_2019)\Dataset\NV\ISIC_0028932.jpg,isic_0028932,5,72197e596deb10131f7dddd394c6ee7630548be627a4a36166ec8e3d8c4763f9,16725,2
C:\SRS(ISIC_2019)\Dataset\NV\ISIC_0028934.jpg,isic_0028934,5,c795162f5718d24fc3f3343f94a0202ce5d3309bd5e6663dbfe3f9b8055dce6c,16727,2
C:\SRS(ISIC_2019)\Dataset\NV\ISIC_0028938.jpg,isic_0028938,5,fea67a588be76361cce85808b5453ba1786e46709a57efba45a4b2489aff7aa5,16730,2
C:\SRS(ISIC_2019)\Dataset\NV\ISIC_0028946.jpg,isic_0028946,5,82c63dff8e18f5b3d38c8683e5a94be7d0a8eac62be3c988c912a360752a73a9,16736,2
C:\SRS(ISIC_2019)\Dataset\NV\ISIC_0028947.jpg,isic_0028947,5,c6b1a522f7cdc1f131def1b87f9b850263f871ca0fefa11e628452e2adfdfb2d,16737,2
C:\SRS(ISIC_2019)\Dataset\NV\ISIC_0028948.jpg,isic_0028948,5,3b8dcece6ccf0536277513462b520f17e4e5cff5909868d46ec4df7ed71b6e71,16738,2
C:\SRS(ISIC_2019)\Dataset\NV\ISIC_0028953.jpg,isic_0028953,5,201cc2d7721b0822e28a94599958dfa8642534688d60bec080c74c43a619326b,16742,2
C:\SRS(ISIC_2019)\Dataset\NV\ISIC_0028960.jpg,isic_0028960,5,9ed1748a7e4df2d818519b66d31114b641ae13e0d642bd9efa08635652f856e0,16748,2
C:\SRS(ISIC_2019)\Dataset\NV\ISIC_0028963.jpg,isic_0028963,5,0ea2fe58565acd7fb71c6dffe42dd5454fbfadf91febc7ed7e61beba17795d5d,16751,2
C:\SRS(ISIC_2019)\Dataset\NV\ISIC_0028979.jpg,isic_0028979,5,a61ed56a988b1e07dbfd70999485c6b5453822fb23a8136f0f341f1aedceb1e3,16758,2
C:\SRS(ISIC_2019)\Dataset\NV\ISIC_0028981.jpg,isic_0028981,5,e343af7b60133f6f30dafc30c316425de9fab92a3465f54f228ca08ce346dd22,16759,2
C:\SRS(ISIC_2019)\Dataset\NV\ISIC_0028982.jpg,isic_0028982,5,1286ae681fcd77841ec89ddbfc6d21fc4e5261f12e3b9573ecf8b85fb0d167d6,16760,2
C:\SRS(ISIC_2019)\Dataset\NV\ISIC_0028983.jpg,isic_0028983,5,7d208aabc74a49b570e88d1000cba2bc18de2eef5e7b90e5b3089934e346129b,16761,2
C:\SRS(ISIC_2019)\Dataset\NV\ISIC_0029008.jpg,isic_0029008,5,0ec195cf29a939405e2a764d7b7396f6a81e735e46e300f2b0ff223c2ba24595,16777,2
C:\SRS(ISIC_2019)\Dataset\NV\ISIC_0029016.jpg,isic_0029016,5,1f8c1f29b9bb4985dc2fd9cd8a161397e9bb37eb6c9344c7bbd1f4ac7303d9d5,16781,2
C:\SRS(ISIC_2019)\Dataset\NV\ISIC_0029018.jpg,isic_0029018,5,12d86001a3e44164f037f8da6aa4e5e2ee72d36aec46c86a5cfc97b36ecfdcd2,16782,2
C:\SRS(ISIC_2019)\Dataset\NV\ISIC_0029023.jpg,isic_0029023,5,5b29dc6be9daea879fbe876d236401dcee59a1adb438bd1324f7d6f42836ba2f,16784,2
C:\SRS(ISIC_2019)\Dataset\NV\ISIC_0029026.jpg,isic_0029026,5,12db355827e7056441e62a1d9b9fa98274ff32cdb51091f6e1f777006617a5e2,16786,2
C:\SRS(ISIC_2019)\Dataset\NV\ISIC_0029046.jpg,isic_0029046,5,e0f99f84a964d3f056ccd7ca15f62cca0222e7a40be6b486e28fb05a5ca12f2d,16794,2
C:\SRS(ISIC_2019)\Dataset\NV\ISIC_0029057.jpg,isic_0029057,5,6a94d388fa5054efe4cf9f175020f86d0c9a9e2041459dee7f29e04ad5c47cd9,16800,2
C:\SRS(ISIC_2019)\Dataset\NV\ISIC_0029078.jpg,isic_0029078,5,73a31a45f639a3b937bafcda35f90227bba171bc764e3e5254072ddf65d61ab4,16814,2
C:\SRS(ISIC_2019)\Dataset\NV\ISIC_0029090.jpg,isic_0029090,5,a8a516eef65f1e541d868b641bcf8d88026d6a84671fddf94d188be33d661ea4,16821,2
C:\SRS(ISIC_2019)\Dataset\NV\ISIC_0029106.jpg,isic_0029106,5,2d72e3ab68bbc423e7ce61918fa3c79c9866bbbc1c5c467e004bdce04859c599,16831,2
C:\SRS(ISIC_2019)\Dataset\NV\ISIC_0029110.jpg,isic_0029110,5,c85db9a7881f948f41a9c0a1327f08f1d568d1f5e49a530decb67cc44eec058c,16833,2
C:\SRS(ISIC_2019)\Dataset\NV\ISIC_0029112.jpg,isic_0029112,5,be9c035605149d28133dc69ad1679498f7cd29d9e531b43cb93c7937b4bcba82,16835,2
C:\SRS(ISIC_2019)\Dataset\NV\ISIC_0029116.jpg,isic_0029116,5,63e02157908559b084b33975b79e2019e63bfb52f145ce25762cf184dd67b41c,16837,2
C:\SRS(ISIC_2019)\Dataset\NV\ISIC_0029119.jpg,isic_0029119,5,42526860a26a3313561b78bf2b0bf8542ae969596644c601792599a4798b6a50,16840,2
C:\SRS(ISIC_2019)\Dataset\NV\ISIC_0029125.jpg,isic_0029125,5,1f2de4bd3fbd746fe30bc5154cc9f7b662d1fc74bd4a0afb0aedef4498c77e1f,16845,2
C:\SRS(ISIC_2019)\Dataset\NV\ISIC_0029160.jpg,isic_0029160,5,8e75882b278a22e54af24f4a380d3ce5ef15e187cd125b1ff9c7265d37cd3a08,16870,2
C:\SRS(ISIC_2019)\Dataset\NV\ISIC_0029175.jpg,isic_0029175,5,a494781c203f6dca8b8423b2bd77df75e08174d5bd791d66e69d735b9c162f28,16880,2
C:\SRS(ISIC_2019)\Dataset\NV\ISIC_0029183.jpg,isic_0029183,5,22c6f36582448e738e5e1ab3316097eb2c5cd42985960295cb57a02f122f0e3e,16886,2
C:\SRS(ISIC_2019)\Dataset\NV\ISIC_0029186.jpg,isic_0029186,5,696d155014d8418c19ac62cabb2168764cacf99c7dd6204ac90537cdd5307ed2,16889,2
C:\SRS(ISIC_2019)\Dataset\NV\ISIC_0029198.jpg,isic_0029198,5,0dc5c4324dcae87297a6b48a63976e3abee289d52d6c00fa26adeda3f4e2231b,16898,2
C:\SRS(ISIC_2019)\Dataset\NV\ISIC_0029203.jpg,isic_0029203,5,3624a26f96ed443d998b5392cc13ea151b8a84ff43d1c9e1c08a6a549e428e29,16901,2
C:\SRS(ISIC_2019)\Dataset\NV\ISIC_0029205.jpg,isic_0029205,5,4c71a2a6c4e0fc5b74f7234c27d7b4fc871a4199d263ffe3cf58cd195571f8aa,16903,2
C:\SRS(ISIC_2019)\Dataset\NV\ISIC_0029208.jpg,isic_0029208,5,3b8919dc9a4f4351068290421d72ead0a8fe37921d4bd3dd44650adae98f5a8e,16905,2
C:\SRS(ISIC_2019)\Dataset\NV\ISIC_0029214.jpg,isic_0029214,5,849ee68412d2bc9ad643b2c02aea57659fdf53c248713e6a6408ea4e96dea004,16907,2
C:\SRS(ISIC_2019)\Dataset\NV\ISIC_0029224.jpg,isic_0029224,5,2a40b6d5fe840c29a3e914ef685349376de59345de05e0083549409a76129701,16914,2
C:\SRS(ISIC_2019)\Dataset\NV\ISIC_0029236.jpg,isic_0029236,5,d6b3904ff871365f04a52f7622284c27b50f44e3eeb841c828f3270be55828a5,16921,2
C:\SRS(ISIC_2019)\Dataset\NV\ISIC_0029247.jpg,isic_0029247,5,925d8d68c2c2b373f8ee4b3ac342935d150560b6ab7e4a2b232c42f9d16bf726,16928,2
C:\SRS(ISIC_2019)\Dataset\NV\ISIC_0029252.jpg,isic_0029252,5,50076a031e360b981e93e1d9fd8aacd9a6844fea1f93e7be722a5a398a3b2981,16930,2
C:\SRS(ISIC_2019)\Dataset\NV\ISIC_0029280.jpg,isic_0029280,5,505fed020d09d5e3843b57926c5176e8dba04b6b1ee5306111f393d4be773856,16949,2
C:\SRS(ISIC_2019)\Dataset\NV\ISIC_0029283.jpg,isic_0029283,5,a5b071da83bd187bbf6f52f77b90684aa58a8710c1754176beeded75c78b9616,16951,2
C:\SRS(ISIC_2019)\Dataset\NV\ISIC_0029300.jpg,isic_0029300,5,51e6866fec8ec940b3da326c7656779347361efec2282b5dc5b6fca588fe579e,16964,2
C:\SRS(ISIC_2019)\Dataset\NV\ISIC_0029306.jpg,isic_0029306,5,c8a901ebbc3d94c595cdbec415b90b2a39f5335e8305f58e4b1832670b1fe8f3,16968,2
C:\SRS(ISIC_2019)\Dataset\NV\ISIC_0029313.jpg,isic_0029313,5,240a1eb93d14f1023abf0faabf710e39ad010be1c8ad71c4d23c7310d46bc34e,16972,2
C:\SRS(ISIC_2019)\Dataset\NV\ISIC_0029324.jpg,isic_0029324,5,6a1370ca48752549a6bd3af99a8e1c42b44a3c58a8d5e62d8f61d63351c201c1,16977,2
C:\SRS(ISIC_2019)\Dataset\NV\ISIC_0029327.jpg,isic_0029327,5,6141c21fddbacb4a4d0e996038c7e6e9c51b7c1eb30abeb63e19a447e94eb176,16980,2
C:\SRS(ISIC_2019)\Dataset\NV\ISIC_0029334.jpg,isic_0029334,5,dd5ab42e50081423a927afc9828746b1645bc41464c99b3b782510396a032bc8,16985,2
C:\SRS(ISIC_2019)\Dataset\NV\ISIC_0029347.jpg,isic_0029347,5,cae0d3110100beadbdddd18f7f9b46b54c96edba430050b77553e2b335c76162,16992,2
C:\SRS(ISIC_2019)\Dataset\NV\ISIC_0029356.jpg,isic_0029356,5,9b55980ef9df68a0466b4c719a3b1a6d4ff3fbb063774a4756c62afb499b7684,16999,2
C:\SRS(ISIC_2019)\Dataset\NV\ISIC_0029357.jpg,isic_0029357,5,20a27222b42de9113b22b3e417b574a1a6ac8e36fd1d80c766c38fc5fdcace3d,17000,2
C:\SRS(ISIC_2019)\Dataset\NV\ISIC_0029374.jpg,isic_0029374,5,70a6206bdedacddc9194c9b4cd7c61a8110f5c39c6a80245089023ab35720a1a,17010,2
C:\SRS(ISIC_2019)\Dataset\NV\ISIC_0029375.jpg,isic_0029375,5,76485b84938a256bf346ae3ce8dfcc3ba76b1e5459f881a1f47d9c917d5b1fd7,17011,2
C:\SRS(ISIC_2019)\Dataset\NV\ISIC_0029378.jpg,isic_0029378,5,97d784bfb82793f5be5535a3ea06507a9def29a6b553cb2e4300bede08591a71,17014,2
C:\SRS(ISIC_2019)\Dataset\NV\ISIC_0029386.jpg,isic_0029386,5,f09b7bb815e902657f7cfdef8232f5a2d10e9c8ef1abd66850c6a602168b763e,17021,2
C:\SRS(ISIC_2019)\Dataset\NV\ISIC_0029389.jpg,isic_0029389,5,ad9f8018332c00d4441aabc3d973302a2470dfcaf331fa125dcaa16ed33ee4e1,17024,2
C:\SRS(ISIC_2019)\Dataset\NV\ISIC_0029390.jpg,isic_0029390,5,2142a19c3621683774fbff5aa02e05432110a5ae09108d33e52c4159f931b220,17025,2
C:\SRS(ISIC_2019)\Dataset\NV\ISIC_0029398.jpg,isic_0029398,5,2d8ea271c0bbc6525141155b82a0142ddaeeb776698eb8207bcf59f4f9109bad,17028,2
C:\SRS(ISIC_2019)\Dataset\NV\ISIC_0029400.jpg,isic_0029400,5,8ffb0bef27d7b25279d9369e7a537a0e57ef14c130af2fc11a5760430d45e71d,17030,2
C:\SRS(ISIC_2019)\Dataset\NV\ISIC_0029405.jpg,isic_0029405,5,1752540319082fd99a08efe3c015fbb8ad03d0aee0ebc2be232fb2985eea6422,17034,2
C:\SRS(ISIC_2019)\Dataset\NV\ISIC_0029408.jpg,isic_0029408,5,27ef51c1a83dee3ce3c59b378d20cbcaa5b6cd724b016101dd1fad37a158656b,17036,2
C:\SRS(ISIC_2019)\Dataset\NV\ISIC_0029414.jpg,isic_0029414,5,0a73321ab6d733a93c9cac0057c3a4b62dac2241a6e489e30d4db77b0fa7d85d,17040,2
C:\SRS(ISIC_2019)\Dataset\NV\ISIC_0029423.jpg,isic_0029423,5,7ceb2b2d449f778bdeb91608791303954ab41466ab91d1e858f1810bfd41817c,17046,2
C:\SRS(ISIC_2019)\Dataset\NV\ISIC_0029437.jpg,isic_0029437,5,a7c106a3b526293874fd50a26d81eea20578072108aa07546ea600a69d34e450,17057,2
C:\SRS(ISIC_2019)\Dataset\NV\ISIC_0029440.jpg,isic_0029440,5,98c4d295a75299403af584c2a914cb20af52833b555926ba9553d09efc702a67,17059,2
C:\SRS(ISIC_2019)\Dataset\NV\ISIC_0029441.jpg,isic_0029441,5,65de11ea5ca769e9cfc3cceab2fd4f5a7f050c0ac612a0e9df89c4f628d4c84a,17060,2
C:\SRS(ISIC_2019)\Dataset\NV\ISIC_0029458.jpg,isic_0029458,5,9767b43ba3b049cc87428d25f48d4cc11ef90e90d45fc0543696a5793c0f309e,17072,2
C:\SRS(ISIC_2019)\Dataset\NV\ISIC_0029461.jpg,isic_0029461,5,c6af058848154852f0d32e995af52e4932c7cf6030a39ba4817146a5f77d12f9,17074,2
C:\SRS(ISIC_2019)\Dataset\NV\ISIC_0029463.jpg,isic_0029463,5,5ee91b876c826e5ce9a41c51e2dde20115871211d5a6169b26328b8ed531e1e5,17075,2
C:\SRS(ISIC_2019)\Dataset\NV\ISIC_0029470.jpg,isic_0029470,5,cfd9652573a2abacbd574fc5202c92d6275c606df9d0ad1ea108ec083d8e9a24,17080,2
C:\SRS(ISIC_2019)\Dataset\NV\ISIC_0029471.jpg,isic_0029471,5,f1f90875f3a3ff5c789478176c323f5d951536a9192341b6bdb0d4b490829478,17081,2
C:\SRS(ISIC_2019)\Dataset\NV\ISIC_0029481.jpg,isic_0029481,5,28ee09a27059f3349b641cb07d86515c1fd5ccd67c589cf062a43f5c2cc9be0a,17087,2
C:\SRS(ISIC_2019)\Dataset\NV\ISIC_0029485.jpg,isic_0029485,5,cc64ba542851c1337f48567437904efc69bb9ad177b9e350c12c854fef8cadf0,17091,2
C:\SRS(ISIC_2019)\Dataset\NV\ISIC_0029494.jpg,isic_0029494,5,e22c4879b6cfdf0f0736841a4840f8be9b522feaea455a5251c644eacd27c4b7,17098,2
C:\SRS(ISIC_2019)\Dataset\NV\ISIC_0029499.jpg,isic_0029499,5,140bf3a71272fe507445486020e6785a99d49cd1c12ba1b519cd0b8c7c7a8853,17102,2
C:\SRS(ISIC_2019)\Dataset\NV\ISIC_0029504.jpg,isic_0029504,5,1240d2d6abe4200767961a51eee2125f0c4f07ac321b05c82ce7d370e18de2c9,17104,2
C:\SRS(ISIC_2019)\Dataset\NV\ISIC_0029511.jpg,isic_0029511,5,5301768b23d01cd784f86fb7fa013715cf090d2d3c6e942e862bb11c9c271c93,17110,2
C:\SRS(ISIC_2019)\Dataset\NV\ISIC_0029517.jpg,isic_0029517,5,8525b4587306558416d97bf623ddc1e0dc6661a9ed8953cb3956c95e6c9c055a,17112,2
C:\SRS(ISIC_2019)\Dataset\NV\ISIC_0029530.jpg,isic_0029530,5,b58834176093155013565c1ea0d411185c8347f82b53fa50325760f94924c02a,17119,2
C:\SRS(ISIC_2019)\Dataset\NV\ISIC_0029534.jpg,isic_0029534,5,561c37a4502cb7e43c91ccac564576a5b980815f1a4c6fb1375b04a6c0049286,17122,2
C:\SRS(ISIC_2019)\Dataset\NV\ISIC_0029537.jpg,isic_0029537,5,fc7294c758dc593194c9ba2781bae4a3e857e8e054be3a2a33f6734433ec47a9,17125,2
C:\SRS(ISIC_2019)\Dataset\NV\ISIC_0029565.jpg,isic_0029565,5,8bc476857cab1f930f3016478d41a946ff737b274d245d8da5b11b02cd94c814,17138,2
C:\SRS(ISIC_2019)\Dataset\NV\ISIC_0029583.jpg,isic_0029583,5,0804671c0cceb4e8881d3313170b4b793c4f39f60cf9c8255df54e50db541254,17145,2
C:\SRS(ISIC_2019)\Dataset\NV\ISIC_0029584.jpg,isic_0029584,5,6164909e5aac49095ff79ebc7eb043ff5f244bbfbf1df585fb4227e43c02d1da,17146,2
C:\SRS(ISIC_2019)\Dataset\NV\ISIC_0029601.jpg,isic_0029601,5,476a6dc473172abf68cf071e7754f9e7dced802779baeb6fe21f0f59f81ccb32,17157,2
C:\SRS(ISIC_2019)\Dataset\NV\ISIC_0029668.jpg,isic_0029668,5,cc27ac255b6d4295ffada8960fc08acbde13277ff76d443f60330e52fc341abd,17203,2
C:\SRS(ISIC_2019)\Dataset\NV\ISIC_0029673.jpg,isic_0029673,5,20eac0c4fdab5c2a4c8f3b9fe171cb3dab8a77710d2974a9a6ab51d217a2c0b0,17207,2
C:\SRS(ISIC_2019)\Dataset\NV\ISIC_0029691.jpg,isic_0029691,5,68ec84a6f4f934e9d89dde138fdec7ba79e065bad3ac36862b917854e4ad1d62,17218,2
C:\SRS(ISIC_2019)\Dataset\NV\ISIC_0029693.jpg,isic_0029693,5,67ed5df567ffe7e681c1f6a1788c5183dd1c6842897caf5c8ea0a246f5b0b01a,17220,2
C:\SRS(ISIC_2019)\Dataset\NV\ISIC_0029699.jpg,isic_0029699,5,7a0f9c950a8b4d16ec6eed79bb964ee9a4da0570e67613ce039199c14f1dd51b,17225,2
C:\SRS(ISIC_2019)\Dataset\NV\ISIC_0029704.jpg,isic_0029704,5,703f28de6b685b4d01e6a6aaee4f4e7a63615de06d9ee8a162772a2a3dc72116,17230,2
C:\SRS(ISIC_2019)\Dataset\NV\ISIC_0029707.jpg,isic_0029707,5,ceca6ca2b9b56f2c78d3d0928a6ca6d7b04806cb23767e88a32d118ddb361047,17232,2
C:\SRS(ISIC_2019)\Dataset\NV\ISIC_0029719.jpg,isic_0029719,5,1f4bdd23f9e58d39d1f3a028d6e993a6361fcb9a638c2ce28bfd7028cda2dc1a,17242,2
C:\SRS(ISIC_2019)\Dataset\NV\ISIC_0029720.jpg,isic_0029720,5,f57c4062be622b7604d0025c48c128de93861ae0a50e1e9be1103dbd24749530,17243,2
C:\SRS(ISIC_2019)\Dataset\NV\ISIC_0029727.jpg,isic_0029727,5,ccd98b8549014e129e231166c4462ddf538f180c078a466fe82d8c771e3ae334,17249,2
C:\SRS(ISIC_2019)\Dataset\NV\ISIC_0029737.jpg,isic_0029737,5,7556aa37a6a02042cba5da9a0ba872c98b8553258e21bfa2c36d0e5dc2493d03,17258,2
C:\SRS(ISIC_2019)\Dataset\NV\ISIC_0029746.jpg,isic_0029746,5,6ea13f2e26267850b9811a5ecba94f8a30a6a47c859aa4ab57d31267c9d45342,17262,2
C:\SRS(ISIC_2019)\Dataset\NV\ISIC_0029749.jpg,isic_0029749,5,8ab6f1ca243e89d5fce8a80f23de484227a2d1fe7ce5eee25a591c22e106ed3b,17264,2
C:\SRS(ISIC_2019)\Dataset\NV\ISIC_0029762.jpg,isic_0029762,5,e12a453155baef9947c5a6c64fb835a23f314c191f1e1af27cd91eee2ea33be5,17275,2
C:\SRS(ISIC_2019)\Dataset\NV\ISIC_0029771.jpg,isic_0029771,5,1b293930057ee45ad3c0cc72f9adb8011d04505d83141d5583c910ffa27eb633,17282,2
C:\SRS(ISIC_2019)\Dataset\NV\ISIC_0029772.jpg,isic_0029772,5,4d99eb0efe7b1e735f0e1412fd88166289279ef6fa68c62979b4346a68a5f2c9,17283,2
C:\SRS(ISIC_2019)\Dataset\NV\ISIC_0029782.jpg,isic_0029782,5,2d702a749127e0b9b05a773c7b73d53bef4ce89b6351ddd375e86a32da529f95,17288,2
C:\SRS(ISIC_2019)\Dataset\NV\ISIC_0029785.jpg,isic_0029785,5,29320b68ca3f9a3d1e29c8fb536c6f2cb772b92798bcea7f5dafa209cb982da2,17290,2
C:\SRS(ISIC_2019)\Dataset\NV\ISIC_0029799.jpg,isic_0029799,5,d45a30053ee96c84149fe2cc6f68ac2f16c750a47c644c53f69886d2ba6e3e78,17301,2
C:\SRS(ISIC_2019)\Dataset\NV\ISIC_0029807.jpg,isic_0029807,5,54a4846b1fdea8eab033230b1409594dca4a8d7c7a76eb345c7ab6e4037c9812,17306,2
C:\SRS(ISIC_2019)\Dataset\NV\ISIC_0029814.jpg,isic_0029814,5,da3f51f8a39ad5f89b4d51fd93eeb7bdcbd9994f8e154eae64e1dea27c78d761,17311,2
C:\SRS(ISIC_2019)\Dataset\NV\ISIC_0029816.jpg,isic_0029816,5,8bb6cc5b77f61a4d3691e511d4db5d99f93578ee2f5a5f5261d129013c872cb7,17313,2
C:\SRS(ISIC_2019)\Dataset\NV\ISIC_0029818.jpg,isic_0029818,5,af6a4cd13361e56c0f953dbb1bb32e8f868b705cdbba56b01b4ee6c404840778,17315,2
C:\SRS(ISIC_2019)\Dataset\NV\ISIC_0029853.jpg,isic_0029853,5,c75a2a859594ab3647d05d63dca520365a3cab590b23bd39f31b04ca8a802163,17334,2
C:\SRS(ISIC_2019)\Dataset\NV\ISIC_0029875.jpg,isic_0029875,5,fc3f17559e10c0a65f60d6e76def9c79d148a0fd216698c78e33a675451e4c8d,17351,2
C:\SRS(ISIC_2019)\Dataset\NV\ISIC_0029879.jpg,isic_0029879,5,14e2f3f2e90429e38a0e774fae5c323902c8e14c479d0785e6ef3ced5323dc51,17353,2
C:\SRS(ISIC_2019)\Dataset\NV\ISIC_0029888.jpg,isic_0029888,5,2e236ce257652e66135b819538d6fec9a105464aef45593e326a713ca5b8612c,17359,2
C:\SRS(ISIC_2019)\Dataset\NV\ISIC_0029892.jpg,isic_0029892,5,66d8fe7777edf121dd8959a60e799931234a1d6f98f9634d3a38afef6c684a98,17361,2
C:\SRS(ISIC_2019)\Dataset\NV\ISIC_0029895.jpg,isic_0029895,5,975c761650e7bdc69f8cd26de322093ea5d06738c0e58b9d39de9a129b4ca82e,17363,2
C:\SRS(ISIC_2019)\Dataset\NV\ISIC_0029896.jpg,isic_0029896,5,c628f94201fe1ae12038e08227ff1964d18f1177a17638bd3ef16c51d9e80bda,17364,2
C:\SRS(ISIC_2019)\Dataset\NV\ISIC_0029902.jpg,isic_0029902,5,159bf1c8b71acad9acec684ea87bfd7a7522da6c5c8476b1ac12b4416c16da96,17367,2
C:\SRS(ISIC_2019)\Dataset\NV\ISIC_0029905.jpg,isic_0029905,5,b2b05658e1d7c1ff02c14acf4b035fd4d8a7d759e3006382ff39944ff8a5ac6e,17370,2
C:\SRS(ISIC_2019)\Dataset\NV\ISIC_0029906.jpg,isic_0029906,5,9af29a3aa7bb436197a52cf35d95f782ea147f5630ef076e89a97588a1b7c7ce,17371,2
C:\SRS(ISIC_2019)\Dataset\NV\ISIC_0029911.jpg,isic_0029911,5,de119f10294be0f8f575752c61a69fe421ffcb45b498261fe2f98e7d442da777,17375,2
C:\SRS(ISIC_2019)\Dataset\NV\ISIC_0029926.jpg,isic_0029926,5,6a70af39f8ed1decb038981b2800bdd1b7de81a24ce1a52038a327b50afdbeed,17383,2
C:\SRS(ISIC_2019)\Dataset\NV\ISIC_0029940.jpg,isic_0029940,5,41c1c181040cdbae9d9dd0f8ef13daa714c6dfa159a4b86f617d80bf162ea910,17390,2
C:\SRS(ISIC_2019)\Dataset\NV\ISIC_0029953.jpg,isic_0029953,5,389b057ec9b0da90a7e2845cbffd3be8e8ba9cf39cae327621575077be29d7c7,17401,2
C:\SRS(ISIC_2019)\Dataset\NV\ISIC_0029955.jpg,isic_0029955,5,8f775a05c70abbf45c3f3e2a992ab73cfac8f9c72861117ce7102c0def5a7a2e,17403,2
C:\SRS(ISIC_2019)\Dataset\NV\ISIC_0029963.jpg,isic_0029963,5,a8c8ae6df6db3fe06f5c193300045f21aef15dd2c0a2cad4faeff06d073d248a,17409,2
C:\SRS(ISIC_2019)\Dataset\NV\ISIC_0029971.jpg,isic_0029971,5,552a844114b1f1563eb132f6d23414332cd916431a4cd41a441252f449814c27,17416,2
C:\SRS(ISIC_2019)\Dataset\NV\ISIC_0029979.jpg,isic_0029979,5,f0826b20b559eaaf6b32c7d446b6a2081e5d0e2bc691e1cdb259a77e56989c2e,17422,2
C:\SRS(ISIC_2019)\Dataset\NV\ISIC_0029990.jpg,isic_0029990,5,cec8c1dc1c7c2c91e83e46c0763608674d229f9097e1bcf57386c4d577ff9ab0,17433,2
C:\SRS(ISIC_2019)\Dataset\NV\ISIC_0029992.jpg,isic_0029992,5,10855935e7ede051d0101b41c648ec8d734fcb73a53867ebefe6983a6b78e8de,17434,2
C:\SRS(ISIC_2019)\Dataset\NV\ISIC_0029996.jpg,isic_0029996,5,01f74f086b899c671f545334bd2b849788f227db91b0e5cdcd544c631b29cb4a,17437,2
C:\SRS(ISIC_2019)\Dataset\NV\ISIC_0029997.jpg,isic_0029997,5,3310983b242588a50cf17418c0d64cc6ad2b899145e60ce143120d17a0be2cdd,17438,2
C:\SRS(ISIC_2019)\Dataset\NV\ISIC_0029998.jpg,isic_0029998,5,35b2ec23cd25989785b03826f73ce3c18d1ab239f12ce64aa9a57bd2bb625383,17439,2
C:\SRS(ISIC_2019)\Dataset\NV\ISIC_0030003.jpg,isic_0030003,5,368737c6ec74a1a5844872967037e279045a589ff7e902f4271d457250107a53,17443,2
C:\SRS(ISIC_2019)\Dataset\NV\ISIC_0030008.jpg,isic_0030008,5,c48cc54a7fb36660adee86b92f908b705acce2005d4ccedded5af1ec7141a1a8,17446,2
C:\SRS(ISIC_2019)\Dataset\NV\ISIC_0030018.jpg,isic_0030018,5,a494eab2d48e67924a452dc361d43d41e8677e810695d2980000f801c6ab6c07,17452,2
C:\SRS(ISIC_2019)\Dataset\NV\ISIC_0030019.jpg,isic_0030019,5,d415584ea467d088b50fb9cce3d747c55419c54c43530253c88f56aff8c5e785,17453,2
C:\SRS(ISIC_2019)\Dataset\NV\ISIC_0030020.jpg,isic_0030020,5,2fe10af4d49c0e9c8bb418456af923c4237d678b42d92ab626175ecbdab91d11,17454,2
C:\SRS(ISIC_2019)\Dataset\NV\ISIC_0030042.jpg,isic_0030042,5,625e4edbe62ad42ef583cdb3ee4a8dfc3c7e31581a641686f4e3d255526cf140,17470,2
C:\SRS(ISIC_2019)\Dataset\NV\ISIC_0030045.jpg,isic_0030045,5,e4ef3bc015415010ab683ccf83468f07c5f9306ce4393d3ee4db19ecf310e7bc,17473,2
C:\SRS(ISIC_2019)\Dataset\NV\ISIC_0030049.jpg,isic_0030049,5,15472fe06744f5880583b6610b1ff394b65131e6ab5e2eb1d757279d819b4ca1,17476,2
C:\SRS(ISIC_2019)\Dataset\NV\ISIC_0030054.jpg,isic_0030054,5,69aa38bd771c30fd36a6c62100a5b588a1cf2cd70d0fd3bbba8ed2a4c3fb9848,17481,2
C:\SRS(ISIC_2019)\Dataset\NV\ISIC_0030066.jpg,isic_0030066,5,a4796ef973977a531d0d93e86bd704b29fac1cd57639e8b548f280b1509ba2d8,17491,2
C:\SRS(ISIC_2019)\Dataset\NV\ISIC_0030075.jpg,isic_0030075,5,c9c030e4912a995e60f599f04386f2d2aa5b69df2b179300c7937bed2adfb633,17498,2
C:\SRS(ISIC_2019)\Dataset\NV\ISIC_0030082.jpg,isic_0030082,5,54e9a85777878b080bfcaa7613cc354dc80c5a34efc5869d34175ff47aee81c7,17502,2
C:\SRS(ISIC_2019)\Dataset\NV\ISIC_0030097.jpg,isic_0030097,5,94d07d405ace75a259d724e0501dd5a79362261efdd6431607012c2f62ff719b,17511,2
C:\SRS(ISIC_2019)\Dataset\NV\ISIC_0030100.jpg,isic_0030100,5,74852cf3db7fbe783ae49ab4bf437e685531c113b83e0d7e71aa03de1f101251,17514,2
C:\SRS(ISIC_2019)\Dataset\NV\ISIC_0030109.jpg,isic_0030109,5,eeee01cb2a2486031d3a1c2e14316746f341887d79047b1cc619e2b3e9d3624b,17519,2
C:\SRS(ISIC_2019)\Dataset\NV\ISIC_0030113.jpg,isic_0030113,5,d8be293f1078222e01c03ec9640a049225a6efb9fc97f0e623d749c2d523df06,17522,2
C:\SRS(ISIC_2019)\Dataset\NV\ISIC_0030141.jpg,isic_0030141,5,7cefcad0023dffd6221f4f24b7423f996d56684011bd1d33642891e28f17a889,17538,2
C:\SRS(ISIC_2019)\Dataset\NV\ISIC_0030149.jpg,isic_0030149,5,92c9b45b00f4d38467ddaeba802bcda8f07c8ce0f9f202a4c83e1511be1b290b,17543,2
C:\SRS(ISIC_2019)\Dataset\NV\ISIC_0030156.jpg,isic_0030156,5,6b636cbfff90f744f7045f1fcd8585568978c4d780ca97811c7d74d91c19cda4,17549,2
C:\SRS(ISIC_2019)\Dataset\NV\ISIC_0030159.jpg,isic_0030159,5,caa46c410abcf2ff11864d380a65bd95c25308f9a5a938acda6f0f319690b8f7,17551,2
C:\SRS(ISIC_2019)\Dataset\NV\ISIC_0030161.jpg,isic_0030161,5,7805538e19ccfad460836c303f872fe1a83ac5a236d538f332865d6b792f7303,17552,2
C:\SRS(ISIC_2019)\Dataset\NV\ISIC_0030164.jpg,isic_0030164,5,2227c6c89a03f99f27a9b144307d3a0716327f872c258b482eb1a1fb9ca8b25c,17555,2
C:\SRS(ISIC_2019)\Dataset\NV\ISIC_0030176.jpg,isic_0030176,5,0587c212ac8e377988f08e36351f80bedd982f3ad26717eb868bf5d85fafc336,17562,2
C:\SRS(ISIC_2019)\Dataset\NV\ISIC_0030198.jpg,isic_0030198,5,7fd968f25fab9de6ae68cb8412e90dda02700665ca0807350cb2abcbc325f58e,17575,2
C:\SRS(ISIC_2019)\Dataset\NV\ISIC_0030200.jpg,isic_0030200,5,be197a32c39aafbf5149c395c7fef48bcc4d7e061c2befeb4ef385216eb66c0c,17577,2
C:\SRS(ISIC_2019)\Dataset\NV\ISIC_0030210.jpg,isic_0030210,5,4eb62843e8752d2f06bace7a0fae06a1743c3595987b533f2ee51665dffe70ce,17584,2
C:\SRS(ISIC_2019)\Dataset\NV\ISIC_0030215.jpg,isic_0030215,5,9657d7c5c40b30bb617e524acf3633f9c0e4cd704cfe95ab3aa8b200f42e72a8,17588,2
C:\SRS(ISIC_2019)\Dataset\NV\ISIC_0030217.jpg,isic_0030217,5,d0a1992777bc8de04fb65d4276140f0f95e6e87b03b803ca9bdd3c7b31cb87c6,17590,2
C:\SRS(ISIC_2019)\Dataset\NV\ISIC_0030218.jpg,isic_0030218,5,beeef5d36d505d35cd96ba9e38ecc8cb0466922c8f6a1c549a75169f6e61a967,17591,2
C:\SRS(ISIC_2019)\Dataset\NV\ISIC_0030221.jpg,isic_0030221,5,250974eb1dfc94b2bf2dc1a12fcaf3491a3499e0c75f4e743cdc4dbf7c601615,17594,2
C:\SRS(ISIC_2019)\Dataset\NV\ISIC_0030236.jpg,isic_0030236,5,d731b32c28b027101555ebbae955c99ca96304352c7f8f461be227f5895a19c8,17603,2
C:\SRS(ISIC_2019)\Dataset\NV\ISIC_0030239.jpg,isic_0030239,5,cada0a8dd33208c1ee25c2e2f10f2e0935308b46d17ce9b5bd6b9fb2178c8422,17605,2
C:\SRS(ISIC_2019)\Dataset\NV\ISIC_0030252.jpg,isic_0030252,5,a006beedce9ec2d4de2829a39a4adbe5ecd404217b87c8740bc5d87624231dad,17611,2
C:\SRS(ISIC_2019)\Dataset\NV\ISIC_0030253.jpg,isic_0030253,5,243b479b9189e191e285ed527fa8d19f05c00319e219394ffa2085adca5891c3,17612,2
C:\SRS(ISIC_2019)\Dataset\NV\ISIC_0030257.jpg,isic_0030257,5,3e1f8a74c822007bc1b93faf4659baff44f0a24e538fff961d21e21fbbd6449b,17615,2
C:\SRS(ISIC_2019)\Dataset\NV\ISIC_0030274.jpg,isic_0030274,5,137192aaa69bf89d4fd5217bf027ca8a3d867f3b2b8ac4d9eee7d01777e081ed,17628,2
C:\SRS(ISIC_2019)\Dataset\NV\ISIC_0030291.jpg,isic_0030291,5,ca3fad7981422037e40426fde6f940081aa5ff6adb9becb8cf4663a93f9bbe1b,17639,2
C:\SRS(ISIC_2019)\Dataset\NV\ISIC_0030299.jpg,isic_0030299,5,43cac30b12dfcac0029a4902928039e1372349a7624ad4df18f5db81f67c7edf,17646,2
C:\SRS(ISIC_2019)\Dataset\NV\ISIC_0030303.jpg,isic_0030303,5,6cee0622342b2480a280aea2e6a389b879b8bd8d78d86342ef238c92c2bddde2,17650,2
C:\SRS(ISIC_2019)\Dataset\NV\ISIC_0030334.jpg,isic_0030334,5,864322106bd7249d29214ccdd6e432dc4b440865fad32848e54a8bdf56e3d71c,17671,2
C:\SRS(ISIC_2019)\Dataset\NV\ISIC_0030336.jpg,isic_0030336,5,b81c368a6f40dade4118df4c90454f567f6af6594bd29de4a850dba8e29d0c7f,17672,2
C:\SRS(ISIC_2019)\Dataset\NV\ISIC_0030337.jpg,isic_0030337,5,f43014f908d28ff93016d9b11c3443998d6f65a86965a31978fe88d0263f2dee,17673,2
C:\SRS(ISIC_2019)\Dataset\NV\ISIC_0030342.jpg,isic_0030342,5,a8caccde14b6f8b33869cc2fd52b0952b635606ddec352286d50f7839a0b55ba,17676,2
C:\SRS(ISIC_2019)\Dataset\NV\ISIC_0030345.jpg,isic_0030345,5,9ad768ce34b1c41098875bf393b6f1c2c99fb62f95cd27cf01fcaa7853200b59,17678,2
C:\SRS(ISIC_2019)\Dataset\NV\ISIC_0030359.jpg,isic_0030359,5,242a9755aec05f3041af2875f34a0cff950c6dd51a5d479cc2d289590bf7d0b4,17688,2
C:\SRS(ISIC_2019)\Dataset\NV\ISIC_0030361.jpg,isic_0030361,5,0cf47022bf86aa3f6b282f011a15071a5e8f9c3c6c39f0988e129c61f67f37ff,17689,2
C:\SRS(ISIC_2019)\Dataset\NV\ISIC_0030362.jpg,isic_0030362,5,5e43e276f110d65e3b0ed63b732b15ac597c0a1645a2cdebccfa5ebcc5db188e,17690,2
C:\SRS(ISIC_2019)\Dataset\NV\ISIC_0030368.jpg,isic_0030368,5,c155432f4a49776c35c511b6d69f8ab293ea1a6b7a2c2f218c30e19971ef8a3d,17694,2
C:\SRS(ISIC_2019)\Dataset\NV\ISIC_0030380.jpg,isic_0030380,5,cc955c05917937b6c7a4a9eec148bab05f3be564c6b1dfc80a1e32aa7be26f18,17702,2
C:\SRS(ISIC_2019)\Dataset\NV\ISIC_0030381.jpg,isic_0030381,5,409957811540f1cd3b910f550fb3e387e86fd611636bbe658fc4da56ff3738f7,17703,2
C:\SRS(ISIC_2019)\Dataset\NV\ISIC_0030384.jpg,isic_0030384,5,ed9ea3bf177ea1bbcf51bd330834d6f6c29f8ee0295cd8817d1a55153f698ab4,17704,2
C:\SRS(ISIC_2019)\Dataset\NV\ISIC_0030389.jpg,isic_0030389,5,aacf3f527ba056f114e0817c8c9ce0097a60f76f31e9dee2c12834ffba7ec6bd,17708,2
C:\SRS(ISIC_2019)\Dataset\NV\ISIC_0030393.jpg,isic_0030393,5,4fe5a805c5bd24325c25e952e21068b2816f97886873b1c5d6a2e63d7456e11f,17710,2
C:\SRS(ISIC_2019)\Dataset\NV\ISIC_0030399.jpg,isic_0030399,5,250b3afb5c5a56231007c5bcbfc8ff0abdd51be7bf8eccf8649afbd7442d6e5b,17714,2
C:\SRS(ISIC_2019)\Dataset\NV\ISIC_0030410.jpg,isic_0030410,5,303de0ad6bdc7b6421e9713f08ea78f513912f205c75dac9c679241fe6c9bdd9,17723,2
C:\SRS(ISIC_2019)\Dataset\NV\ISIC_0030411.jpg,isic_0030411,5,63c4947ece592405ebb0b83411a16b4003a4e65097d35954113bcc9c7b356543,17724,2
C:\SRS(ISIC_2019)\Dataset\NV\ISIC_0030412.jpg,isic_0030412,5,0f5478eb51a686db808c27b5cd28f59481829b4ec76ce11ed44bac18a7ab8024,17725,2
C:\SRS(ISIC_2019)\Dataset\NV\ISIC_0030420.jpg,isic_0030420,5,4981f57b5cb56eb266ca87065a3e6478ec651c3a4868c28ca3d152954514c141,17732,2
C:\SRS(ISIC_2019)\Dataset\NV\ISIC_0030428.jpg,isic_0030428,5,a7cf96840761132f957b30c23ba494727a98c813144b3c88c28143fc87b8ad11,17738,2
C:\SRS(ISIC_2019)\Dataset\NV\ISIC_0030429.jpg,isic_0030429,5,5840b7d0af3146a491940a9cc273333ddb53cb961af8a4d1a70ac888a8ecc855,17739,2
C:\SRS(ISIC_2019)\Dataset\NV\ISIC_0030433.jpg,isic_0030433,5,123b4c2572f410ad68a3b84cc179dde0daf048297137507d41b0d81fcf50b144,17743,2
C:\SRS(ISIC_2019)\Dataset\NV\ISIC_0030437.jpg,isic_0030437,5,49cca0dc3383948049e474b67aeafc53c61b6b4b35177096c0ccf1fe5fdfc778,17746,2
C:\SRS(ISIC_2019)\Dataset\NV\ISIC_0030449.jpg,isic_0030449,5,7fea5faa64084ed599f1f432766e48aee4f28a0ddd0ac97b2620c2ce8d3f7f7e,17753,2
C:\SRS(ISIC_2019)\Dataset\NV\ISIC_0030455.jpg,isic_0030455,5,bfa108020bc1083f6869b74be2e6f6bd78e9caa34d959d950d1bd662b6d97025,17758,2
C:\SRS(ISIC_2019)\Dataset\NV\ISIC_0030476.jpg,isic_0030476,5,9e14cfbcc121d2b42aacd1f444588c113565de96aecb94c5ac0bf76f379da70a,17775,2
C:\SRS(ISIC_2019)\Dataset\NV\ISIC_0030480.jpg,isic_0030480,5,515e55cb568b7f6dbaddc58c5cbb8067b692b29196954b9b0af639ad75188a90,17779,2
C:\SRS(ISIC_2019)\Dataset\NV\ISIC_0030509.jpg,isic_0030509,5,11a40c8a69e03f35699d374cb76696286c9a6b5ca3726538152b885504b97796,17802,2
C:\SRS(ISIC_2019)\Dataset\NV\ISIC_0030518.jpg,isic_0030518,5,ba699283e2971e7093e0047e8abc23ba3ec849cd5c738350e5291dd54c230acd,17808,2
C:\SRS(ISIC_2019)\Dataset\NV\ISIC_0030541.jpg,isic_0030541,5,3d1970c15879e897afea5f7d6cffc0ae2a59cb4e93cc09dc1d8b5fecd3380ef6,17825,2
C:\SRS(ISIC_2019)\Dataset\NV\ISIC_0030554.jpg,isic_0030554,5,0a48305378ff135933a4fa5d5755dcd5e6efd19caf22f0af20131b75ded94db5,17835,2
C:\SRS(ISIC_2019)\Dataset\NV\ISIC_0030556.jpg,isic_0030556,5,ef71e3c8d7c999ac2572c6a0cb75ffc5d3bb58976351e0c0d9fa1db6cd4765c9,17836,2
C:\SRS(ISIC_2019)\Dataset\NV\ISIC_0030563.jpg,isic_0030563,5,da337fc544c7a184552579eed2ef1fcfeb6064b3f44c3cab2e18fed35df0606c,17842,2
C:\SRS(ISIC_2019)\Dataset\NV\ISIC_0030566.jpg,isic_0030566,5,d35e24a9a65fb8c392160f8b672d9a539c951c756590f03780c2a3deb6bf425e,17843,2
C:\SRS(ISIC_2019)\Dataset\NV\ISIC_0030569.jpg,isic_0030569,5,fd0db5b69fb6f7024ee486c0d42029b750d962bebab52089d197f3c878319cc0,17846,2
C:\SRS(ISIC_2019)\Dataset\NV\ISIC_0030572.jpg,isic_0030572,5,d344c473bd01c9e84a48a9269ae86da18cbf1d89c06ef9eb3609e585c29e5d48,17849,2
C:\SRS(ISIC_2019)\Dataset\NV\ISIC_0030581.jpg,isic_0030581,5,41e60178f8fea17ce1fd0a4ed6e39ba7da6d43e52af996a2e62c1edbc0209ad8,17855,2
C:\SRS(ISIC_2019)\Dataset\NV\ISIC_0030588.jpg,isic_0030588,5,e4c77e54d64db3671e11a26a909885a6bb70f68e58027b81839f18cccf58e5af,17860,2
C:\SRS(ISIC_2019)\Dataset\NV\ISIC_0030592.jpg,isic_0030592,5,f0f38a0691bdc89cbf3ef3b988e26a5e27e1ea5a9d2aaff87c71289118b9d004,17863,2
C:\SRS(ISIC_2019)\Dataset\NV\ISIC_0030593.jpg,isic_0030593,5,ae14ef4b1ec411d7192f4ab33fdf8b3088deeb8579d80501b75a13cbb8aebbb0,17864,2
C:\SRS(ISIC_2019)\Dataset\NV\ISIC_0030595.jpg,isic_0030595,5,8f8d22c1dc6aec2348ecf29d2b7b6baee8bbc0965f273bc942f31671dca5a039,17865,2
C:\SRS(ISIC_2019)\Dataset\NV\ISIC_0030603.jpg,isic_0030603,5,4b8828d43eb986f253e1da0b0a630df75e187cb6ae48f3fae945826007585bf8,17872,2
C:\SRS(ISIC_2019)\Dataset\NV\ISIC_0030628.jpg,isic_0030628,5,aef63e26d5314cd26817dc4faf01cd30f69441f22f06c3ed1cf0a58dbd1f7012,17890,2
C:\SRS(ISIC_2019)\Dataset\NV\ISIC_0030638.jpg,isic_0030638,5,c7851d278bbd309df27ba1286b19e62d251915011440c52707517522dfb218b9,17898,2
C:\SRS(ISIC_2019)\Dataset\NV\ISIC_0030642.jpg,isic_0030642,5,21c2647643f7e7396399fa73ab38efa5767b4ae250059e9728b36890c861359c,17902,2
C:\SRS(ISIC_2019)\Dataset\NV\ISIC_0030647.jpg,isic_0030647,5,95515b5f27ea52f2b36c6388ea19a32f74b18b967fe455f01c8f61ee796795bb,17906,2
C:\SRS(ISIC_2019)\Dataset\NV\ISIC_0030648.jpg,isic_0030648,5,e3416a6fca229c2c173e8330bacd46f3f93ee1d159094d2d476362db597e719f,17907,2
C:\SRS(ISIC_2019)\Dataset\NV\ISIC_0030668.jpg,isic_0030668,5,3e3a247177aefaac2b32e5b3b924efa505759b10405645d382bb3d54af6cf467,17921,2
C:\SRS(ISIC_2019)\Dataset\NV\ISIC_0030669.jpg,isic_0030669,5,ee808b73c6d0667757eaadb096cbef442a6708554d6d72b87be26b856cf12a20,17922,2
C:\SRS(ISIC_2019)\Dataset\NV\ISIC_0030672.jpg,isic_0030672,5,52bd0edf13bd354da731f8d81f417e48292c794cd437e2046ae0cb5dd4505738,17925,2
C:\SRS(ISIC_2019)\Dataset\NV\ISIC_0030694.jpg,isic_0030694,5,bd2eae5d78a9f484ffe28454cb60b9c2887b033158a2ea2621cf463569c9c164,17941,2
C:\SRS(ISIC_2019)\Dataset\NV\ISIC_0030738.jpg,isic_0030738,5,6161019786c0f6e820d43abeffade0b55871e909e90cbf4e4ee91f92c0ec83ef,17971,2
C:\SRS(ISIC_2019)\Dataset\NV\ISIC_0030740.jpg,isic_0030740,5,7a8ce4f1c39a81dbae6cbb76a029e7ea685e55437658cccf71b2dd32911c6552,17973,2
C:\SRS(ISIC_2019)\Dataset\NV\ISIC_0030749.jpg,isic_0030749,5,3d35f65bf6f9eac6cb5539dfc4028b5433046380d98fb08475d28603a33d9b7f,17979,2
C:\SRS(ISIC_2019)\Dataset\NV\ISIC_0030762.jpg,isic_0030762,5,110a9b932bac6db2575dc2a557de252142e01b9bdd8de7254148a4ba2782d035,17985,2
C:\SRS(ISIC_2019)\Dataset\NV\ISIC_0030765.jpg,isic_0030765,5,c6a2a4d2cd64153880453185fb5404464bbc3d57cb5bb3f97dc3e3f5736b41d2,17988,2
C:\SRS(ISIC_2019)\Dataset\NV\ISIC_0030772.jpg,isic_0030772,5,10dd01d331ff4cc17a6c61f14e32fa80687823c22a348e9db4cbe5b5b64cb94f,17991,2
C:\SRS(ISIC_2019)\Dataset\NV\ISIC_0030790.jpg,isic_0030790,5,ddad94fc99c49c33d206c73c95bd2e1b7cb42fe46b0ac06885d6c756c2bfa458,18003,2
C:\SRS(ISIC_2019)\Dataset\NV\ISIC_0030797.jpg,isic_0030797,5,9451017e1f89b3af29b956da5b9a5596e715ff13a724d77cb01e5e402dfd4975,18008,2
C:\SRS(ISIC_2019)\Dataset\NV\ISIC_0030807.jpg,isic_0030807,5,67372044a80603814da8064cb840c9b0b21d2d93a4c1882df93f33b20a032929,18013,2
C:\SRS(ISIC_2019)\Dataset\NV\ISIC_0030816.jpg,isic_0030816,5,0ced159c8b1eae0c6f8d712a43911cf95f23cd4f1f27128cde517d8169d6e02f,18020,2
C:\SRS(ISIC_2019)\Dataset\NV\ISIC_0030833.jpg,isic_0030833,5,307aee86c606e36a37e7ec367c16b5a2c7e2cd0a4725b58a971861461b66e1ed,18028,2
C:\SRS(ISIC_2019)\Dataset\NV\ISIC_0030834.jpg,isic_0030834,5,14025a274265bbb7077d0ae791f516e2f018cb77d0f4ef03c1ff52f25b2d2b84,18029,2
C:\SRS(ISIC_2019)\Dataset\NV\ISIC_0030842.jpg,isic_0030842,5,8bbf838cc5f23b75f883e1fa055e1f4ba94a4bcc18548311400af7932b1ae794,18036,2
C:\SRS(ISIC_2019)\Dataset\NV\ISIC_0030851.jpg,isic_0030851,5,f535a22bc197468295cb269ecb33d8214da271f2a52758cac0b2254b8f4fe49e,18042,2
C:\SRS(ISIC_2019)\Dataset\NV\ISIC_0030854.jpg,isic_0030854,5,e6684ccc3ba286b744fded628580e07c781b982c07f95fec8b581dd05dd7d4c4,18045,2
C:\SRS(ISIC_2019)\Dataset\NV\ISIC_0030871.jpg,isic_0030871,5,3853dabb234ad3d592b0f376a6a2069aa0617327150c5f249c7f718f98bc7367,18060,2
C:\SRS(ISIC_2019)\Dataset\NV\ISIC_0030886.jpg,isic_0030886,5,b8f481de11687df1978111324572c20ee5df0de8d2794418af471401aefe5a91,18071,2
C:\SRS(ISIC_2019)\Dataset\NV\ISIC_0030887.jpg,isic_0030887,5,874104eb1b4039814a3ec0390308539e0297188f540d86284f8f9362a7e094e6,18072,2
C:\SRS(ISIC_2019)\Dataset\NV\ISIC_0030895.jpg,isic_0030895,5,8d968ccc5283feb95eaa97deb19fd656fd2f05480dcd7d5255d1d0f39a269b14,18079,2
C:\SRS(ISIC_2019)\Dataset\NV\ISIC_0030899.jpg,isic_0030899,5,e9dda613e8cae96f710e3d8006546379c7acc9d13742848839fbf25d90253cb6,18082,2
C:\SRS(ISIC_2019)\Dataset\NV\ISIC_0030902.jpg,isic_0030902,5,0638290687b4d609ef1fd1bfd89da69b0dc8b6ecac0a33fa49949c9d1c81b0cf,18084,2
C:\SRS(ISIC_2019)\Dataset\NV\ISIC_0030903.jpg,isic_0030903,5,5e4e1f464ffca144bc3c961249dc00d0572ca51858c62f0e4fc89978eaad5356,18085,2
C:\SRS(ISIC_2019)\Dataset\NV\ISIC_0030911.jpg,isic_0030911,5,fbaae88c3032d78144f36ba5f36a26a3ea628f45d27cb9e90d05f6107b4fb5eb,18092,2
C:\SRS(ISIC_2019)\Dataset\NV\ISIC_0030917.jpg,isic_0030917,5,1dcac7cf5860df3e2c27c246765811923f96010ca4a722d9ae7940ba1beff647,18097,2
C:\SRS(ISIC_2019)\Dataset\NV\ISIC_0030920.jpg,isic_0030920,5,3aaee3abd749db45f90a1e5905234ce3ec7a192403ec9d38c374928e1ad19ffa,18100,2
C:\SRS(ISIC_2019)\Dataset\NV\ISIC_0030923.jpg,isic_0030923,5,a0772646db6c9cfae623f29e6bba00f33c73f7c5e22c97718d9276c7935c5a75,18103,2
C:\SRS(ISIC_2019)\Dataset\NV\ISIC_0030934.jpg,isic_0030934,5,a008adb2b90d116b777e50a08754eb9045f62874389ed5d175b3a340caff9efe,18110,2
C:\SRS(ISIC_2019)\Dataset\NV\ISIC_0030938.jpg,isic_0030938,5,c59f2778471cc87a6362a552af0a8e15b6f6ac25cd5764c8e12fac92bdc51262,18113,2
C:\SRS(ISIC_2019)\Dataset\NV\ISIC_0030939.jpg,isic_0030939,5,508643e31e5cfbbb9178014f3ce1cb9e783bca53ac83ee99d27ed03e8859aa19,18114,2
C:\SRS(ISIC_2019)\Dataset\NV\ISIC_0030978.jpg,isic_0030978,5,5a219429dbb0d6a002dd30425c597e44c7513659f68b2e38e8ce277349f78859,18143,2
C:\SRS(ISIC_2019)\Dataset\NV\ISIC_0030979.jpg,isic_0030979,5,156b7d2fcb6969f03c69ac0a3d51e19efb947dbd6dff44bf2d90793e1c5a046d,18144,2
C:\SRS(ISIC_2019)\Dataset\NV\ISIC_0030984.jpg,isic_0030984,5,6aaa4b489cb51e273e5b81e9783f22feabd1d0f9b440d0752c40f4512aad8b58,18149,2
C:\SRS(ISIC_2019)\Dataset\NV\ISIC_0030993.jpg,isic_0030993,5,090ba5fa7c77438cb4832622f270b360c555b6546bb62641c62ec60bb504c70c,18155,2
C:\SRS(ISIC_2019)\Dataset\NV\ISIC_0030999.jpg,isic_0030999,5,e475a83be0346fb06fbae6bb710166d4eaf4935a8d62f813b6a51773f49a2aeb,18159,2
C:\SRS(ISIC_2019)\Dataset\NV\ISIC_0031001.jpg,isic_0031001,5,d46ca7321d03cdc2c3a23d87629aeec6927c37c4d49ad2c3e3472c55f8753548,18160,2
C:\SRS(ISIC_2019)\Dataset\NV\ISIC_0031019.jpg,isic_0031019,5,09f40b2cd2454f20184bb11ce7d48d376cddccb36ca2836aee115a444150c3c0,18169,2
C:\SRS(ISIC_2019)\Dataset\NV\ISIC_0031028.jpg,isic_0031028,5,b3d64a4e66100b7006618d0ba1d70ba99869ccb40cc7c0e5f56ff2d56df0163c,18174,2
C:\SRS(ISIC_2019)\Dataset\NV\ISIC_0031030.jpg,isic_0031030,5,4c1e1a1dd19e91e56996e13db5ec87bec0aa7635c1985484a32d12a8b7369e41,18175,2
C:\SRS(ISIC_2019)\Dataset\NV\ISIC_0031046.jpg,isic_0031046,5,5fc2cc0223514344aa4a8cb9885b10a7949de61c03f0f41e3e3d550d6eacfac2,18185,2
C:\SRS(ISIC_2019)\Dataset\NV\ISIC_0031051.jpg,isic_0031051,5,47478c5a70440bf052c3ec9fee5ecf221a864ec5364e1baf3c49c6c863a53840,18189,2
C:\SRS(ISIC_2019)\Dataset\NV\ISIC_0031054.jpg,isic_0031054,5,5bccc6b729b736194c54de21df96d0f0120bb4bdccd3e1385b1aed9fc36aa815,18192,2
C:\SRS(ISIC_2019)\Dataset\NV\ISIC_0031068.jpg,isic_0031068,5,07f2d593d68b0cfc6c560dbf666e0fd7fdd0ba80fa145051845a53a1099ac2b4,18199,2
C:\SRS(ISIC_2019)\Dataset\NV\ISIC_0031071.jpg,isic_0031071,5,4edd807034570b5eb732e9da15fd80db2a999274342bef1c8ba83070adcf3d00,18202,2
C:\SRS(ISIC_2019)\Dataset\NV\ISIC_0031073.jpg,isic_0031073,5,a142728b9f2f83bddc1b374e2e2f460a6f5c7d7df51d63e352b5f03044554f74,18204,2
C:\SRS(ISIC_2019)\Dataset\NV\ISIC_0031084.jpg,isic_0031084,5,d0aa307b0d475715c395cf2191ee0dec026322427473f2a9c52242f7a9d06685,18213,2
C:\SRS(ISIC_2019)\Dataset\NV\ISIC_0031100.jpg,isic_0031100,5,d2135da44f67bba0fcdb6561f92cc0887d19472a63306b803ee498aee1064724,18224,2
C:\SRS(ISIC_2019)\Dataset\NV\ISIC_0031107.jpg,isic_0031107,5,a187ba10dbd541d533ee0697ba10dd50788477f2dd27285586be07b4ba856451,18230,2
C:\SRS(ISIC_2019)\Dataset\NV\ISIC_0031135.jpg,isic_0031135,5,0e3bbb786022c46be760d169e8a027be7a32f20dfd556ad39d3fddbf103e7311,18249,2
C:\SRS(ISIC_2019)\Dataset\NV\ISIC_0031137.jpg,isic_0031137,5,5c78192c695d6684d5af9fa697d6de3de8a51ec5c13530fff3ee1ebe9d72ca9a,18251,2
C:\SRS(ISIC_2019)\Dataset\NV\ISIC_0031139.jpg,isic_0031139,5,6b0d65f176802a33b8206922349c4e87ec9f631978d25df61172bc5526c8b4c2,18252,2
C:\SRS(ISIC_2019)\Dataset\NV\ISIC_0031141.jpg,isic_0031141,5,d171283fbc69af86be4c9e083a1d404d191709bac5c0269aba59c5c4dbe026fc,18253,2
C:\SRS(ISIC_2019)\Dataset\NV\ISIC_0031145.jpg,isic_0031145,5,b640c1437e6844da287166732f683b2220a64f36311f509e2af76ef31250cd6d,18257,2
C:\SRS(ISIC_2019)\Dataset\NV\ISIC_0031160.jpg,isic_0031160,5,35eb039ab5da4444665a53b76dbcc71ecc2a77748a98dc9f7979acfbd63b14bd,18268,2
C:\SRS(ISIC_2019)\Dataset\NV\ISIC_0031173.jpg,isic_0031173,5,947d331c4e9e8ec766cc5fd053f025a91d5438a067623207fc3fc8d0f275a5c4,18276,2
C:\SRS(ISIC_2019)\Dataset\NV\ISIC_0031182.jpg,isic_0031182,5,551394993d5d9423ab1403adf76e4cd21e3782cf4d9e9406e7c057cea1daf001,18282,2
C:\SRS(ISIC_2019)\Dataset\NV\ISIC_0031187.jpg,isic_0031187,5,936255b209279505daa53533492ae664107e07fd8da2dd5172246f2ebbfdae53,18286,2
C:\SRS(ISIC_2019)\Dataset\NV\ISIC_0031192.jpg,isic_0031192,5,fd6a2aedc1d19a2c5feeaee1b9481238da9241fd163f87049d2728159c960065,18289,2
C:\SRS(ISIC_2019)\Dataset\NV\ISIC_0031216.jpg,isic_0031216,5,a4f2a3ae58a838bf1151b3a03c13023ae59a9766668ca2a56064ba610329838f,18303,2
C:\SRS(ISIC_2019)\Dataset\NV\ISIC_0031230.jpg,isic_0031230,5,bd6056561a3cc581d715a2f2f5fa17dd151e497835f2323aa12039ef1e07d97d,18311,2
C:\SRS(ISIC_2019)\Dataset\NV\ISIC_0031238.jpg,isic_0031238,5,6026995f1a98f59c9135fa5435cf55368c97c26f33fd365d73b0ea060a98de87,18317,2
C:\SRS(ISIC_2019)\Dataset\NV\ISIC_0031244.jpg,isic_0031244,5,1a5ee283227119a231d720e3955369e0f3a32057fd6de5202e855bf2d20174de,18321,2
C:\SRS(ISIC_2019)\Dataset\NV\ISIC_0031248.jpg,isic_0031248,5,461a011be2209f16e43a19d28eb3a780a46d4e2f1668bc2207396beafe9aa80d,18324,2
C:\SRS(ISIC_2019)\Dataset\NV\ISIC_0031249.jpg,isic_0031249,5,f8389b94348884c71893c8097f8427eb88327aaafb4ae5f6ae03dcf022e77ad8,18325,2
C:\SRS(ISIC_2019)\Dataset\NV\ISIC_0031259.jpg,isic_0031259,5,5a11f2eb5ccd1db4d69da39c7018f44a140967bd55a66d620c03e0d0b2210499,18332,2
C:\SRS(ISIC_2019)\Dataset\NV\ISIC_0031264.jpg,isic_0031264,5,328a129dce1743e3e4d1c6f350303d4f00798c21981f03b04870d24c7d03b476,18335,2
C:\SRS(ISIC_2019)\Dataset\NV\ISIC_0031269.jpg,isic_0031269,5,35266658c82da7f62c4c959f95c3a8962b0b2ab61e4a3d880a2414f11365da2c,18339,2
C:\SRS(ISIC_2019)\Dataset\NV\ISIC_0031283.jpg,isic_0031283,5,b4a99cbc3d23e95b0dd8ae01d26a038f8e8b0a0e962bb3e1a32467c8dad31f0f,18348,2
C:\SRS(ISIC_2019)\Dataset\NV\ISIC_0031288.jpg,isic_0031288,5,77ebd5ea64dcaa358602c7fc3a2d1f0a745b066dbdfadacff8eed9c2a932bbd3,18350,2
C:\SRS(ISIC_2019)\Dataset\NV\ISIC_0031290.jpg,isic_0031290,5,e803286b3c0755470532c87f620d867ee41b7fe3a06f2ea64955b96d777df24b,18351,2
C:\SRS(ISIC_2019)\Dataset\NV\ISIC_0031291.jpg,isic_0031291,5,78bd06734d9f463a00d7255c385b4bcd27b0d21c8d24377cf9c90c41db6b9644,18352,2
C:\SRS(ISIC_2019)\Dataset\NV\ISIC_0031296.jpg,isic_0031296,5,7cf1a3a225b0e32955af3da01d7dc5becf0cc23747c067e277e1641dd5347bf7,18354,2
C:\SRS(ISIC_2019)\Dataset\NV\ISIC_0031307.jpg,isic_0031307,5,d04ef0d81daa3da6103e20dadd2758920efc53dab40bc1d13f824304d5df1665,18363,2
C:\SRS(ISIC_2019)\Dataset\NV\ISIC_0031311.jpg,isic_0031311,5,220c67142d9e9d8f357db3349bdee8ab30d175e75a7db627a0b774fc433214c6,18365,2
C:\SRS(ISIC_2019)\Dataset\NV\ISIC_0031314.jpg,isic_0031314,5,d7cfd7fb2c49c2213d0695458fa5b35c452df5ede3ae896e20fac48752a4950c,18368,2
C:\SRS(ISIC_2019)\Dataset\NV\ISIC_0031332.jpg,isic_0031332,5,ffed4831c4eb56c7f97b6939eb51f0626ec5bdafdebd3712e82214f98d9bd471,18382,2
C:\SRS(ISIC_2019)\Dataset\NV\ISIC_0031342.jpg,isic_0031342,5,01d2d306c3fdaa5e3f69276cfbb0309b78075e6a7f2f327ccf6475a075f6a9ce,18389,2
C:\SRS(ISIC_2019)\Dataset\NV\ISIC_0031343.jpg,isic_0031343,5,7fb290ea9a58715f50ce096e0c96845ec28d341ec72de4244ac20ff39832fccd,18390,2
C:\SRS(ISIC_2019)\Dataset\NV\ISIC_0031353.jpg,isic_0031353,5,6b4eed1e3bd92c5af51e72906aad9383dec89540d15c174b03ca0f7cc6454448,18393,2
C:\SRS(ISIC_2019)\Dataset\NV\ISIC_0031357.jpg,isic_0031357,5,dfb1cf46f38aa3dc07a3437888968ce253d07b5f5ef7556e12ca4ecd546142ea,18397,2
C:\SRS(ISIC_2019)\Dataset\NV\ISIC_0031361.jpg,isic_0031361,5,2b1458c1c8acbad5d834ee22dd7e6872b02a2211ffd6dea6f3693e1e5072bd04,18400,2
C:\SRS(ISIC_2019)\Dataset\NV\ISIC_0031364.jpg,isic_0031364,5,1992f986cf2a00964e5fa056beffaa895956cfa6fc921eb96ee696cda91fd111,18402,2
C:\SRS(ISIC_2019)\Dataset\NV\ISIC_0031365.jpg,isic_0031365,5,c03c89bea891320a91b663a7b379c6462bdbf37c7aff3b8f8be237d3130d3364,18403,2
C:\SRS(ISIC_2019)\Dataset\NV\ISIC_0031382.jpg,isic_0031382,5,1873f0e2b08dcee32d67d1c4e9e088144cc5be853e56f9adda84b22cdff135ee,18413,2
C:\SRS(ISIC_2019)\Dataset\NV\ISIC_0031385.jpg,isic_0031385,5,bc45f543451482e48a5c14a967dfd51b7330b4fbbaa0450d83b3f711d08b52e3,18415,2
C:\SRS(ISIC_2019)\Dataset\NV\ISIC_0031388.jpg,isic_0031388,5,6b4f1ca099fc697e77f7959ec8ad9a06627546f7547ab50db8447e1f74882813,18417,2
C:\SRS(ISIC_2019)\Dataset\NV\ISIC_0031403.jpg,isic_0031403,5,6cfef8b76badceb4ddc317c618ffe8e957fbaa152e7689adda1c7210998bdade,18427,2
C:\SRS(ISIC_2019)\Dataset\NV\ISIC_0031409.jpg,isic_0031409,5,bf7e23c2ebd02380ae1364920f2b904f0a8446abd68e74202a320596532ff3d8,18430,2
C:\SRS(ISIC_2019)\Dataset\NV\ISIC_0031418.jpg,isic_0031418,5,d99a4e501544e595150e4d8d3e9282d7adf2b7c53856a183afdbf08658d90625,18436,2
C:\SRS(ISIC_2019)\Dataset\NV\ISIC_0031420.jpg,isic_0031420,5,df2878c865ad490dc85a974224d898164503b51f56a92e7b590f2368b9b506a5,18438,2
C:\SRS(ISIC_2019)\Dataset\NV\ISIC_0031423.jpg,isic_0031423,5,be6378b73998f4e4b5e4581f36c9a8243caaa365cb4c3eb1e13810f425bbefc3,18440,2
C:\SRS(ISIC_2019)\Dataset\NV\ISIC_0031435.jpg,isic_0031435,5,e9aca86ba7d881ff5fde3dde63bb20535e2a81502a9ac4d249135eaed2e85efb,18447,2
C:\SRS(ISIC_2019)\Dataset\NV\ISIC_0031438.jpg,isic_0031438,5,73b47b9a9c915f757b70db2efd2e401c1657f17a3968cf6228dfac45ed189763,18449,2
C:\SRS(ISIC_2019)\Dataset\NV\ISIC_0031439.jpg,isic_0031439,5,3d1332f240c3d930896d138c68dcc7fde0bf3658e492db2f09c9b23c206a568e,18450,2
C:\SRS(ISIC_2019)\Dataset\NV\ISIC_0031441.jpg,isic_0031441,5,4452dec8f869c53263042cc66bc79e90d7bb68dd106ce5b40db8814b7868497d,18452,2
C:\SRS(ISIC_2019)\Dataset\NV\ISIC_0031469.jpg,isic_0031469,5,b0912a5f9165c3734826e7e5da8016a8bfd417db812e36730e3fea5d207371b4,18471,2
C:\SRS(ISIC_2019)\Dataset\NV\ISIC_0031475.jpg,isic_0031475,5,1edbf855868b34edd53c2b357ad646088cff0adfcbc1a4b98cc6416ee9c695a4,18476,2
C:\SRS(ISIC_2019)\Dataset\NV\ISIC_0031486.jpg,isic_0031486,5,cee17fddb735b191b4535a6c75b2550cde835dd1b45b599bef7ce581db45d4a5,18485,2
C:\SRS(ISIC_2019)\Dataset\NV\ISIC_0031490.jpg,isic_0031490,5,9e87a51ab24b1d684d64d5f8742b01befb5b1166dd229be9cef3df823e552471,18488,2
C:\SRS(ISIC_2019)\Dataset\NV\ISIC_0031492.jpg,isic_0031492,5,7462e85bbd469c60afd91eb9399a6a21d2b489739fc167b495a359fded75ecaa,18490,2
C:\SRS(ISIC_2019)\Dataset\NV\ISIC_0031500.jpg,isic_0031500,5,0df61b2da667cdbe5177938d1c5d8f5adccd0ba65fa5108b43240a65b742fa2c,18493,2
C:\SRS(ISIC_2019)\Dataset\NV\ISIC_0031503.jpg,isic_0031503,5,d61375d94ce070ab44bb3060f125c65b44a47acf2f27a5418bcc1d21a7941be7,18496,2
C:\SRS(ISIC_2019)\Dataset\NV\ISIC_0031518.jpg,isic_0031518,5,a8d81ebf7ce929434d012fc8d21fcc16ed62619f88d3cc571cee5cd4477d12e7,18507,2
C:\SRS(ISIC_2019)\Dataset\NV\ISIC_0031523.jpg,isic_0031523,5,f88564b154a7e56db4112b349f8180a0eb0cf3f0cd3f3de1f588aee93d753353,18509,2
C:\SRS(ISIC_2019)\Dataset\NV\ISIC_0031549.jpg,isic_0031549,5,0cd6d1370da5e10bb029d497e9363514a33eabf973ae86651e12eb32a4bce39f,18525,2
C:\SRS(ISIC_2019)\Dataset\NV\ISIC_0031553.jpg,isic_0031553,5,2ded09f8b39bc51b2a962c50745c607ec8d01d5f0e82cf385d4b0c67e9fdb3c7,18527,2
C:\SRS(ISIC_2019)\Dataset\NV\ISIC_0031562.jpg,isic_0031562,5,0021ebdb0395814a2c8b76892ff8a6fc2c14ad2e3043e1c476e89abcc9cdc0f5,18531,2
C:\SRS(ISIC_2019)\Dataset\NV\ISIC_0031583.jpg,isic_0031583,5,1164724a0a9c9c9d53efdbd072a68bddde786cc24008ffcded61c7196a2857de,18546,2
C:\SRS(ISIC_2019)\Dataset\NV\ISIC_0031587.jpg,isic_0031587,5,75346422054f344efcee78f59526700a80e23bca4f2517218e32263420db44a7,18547,2
C:\SRS(ISIC_2019)\Dataset\NV\ISIC_0031588.jpg,isic_0031588,5,7b69621cb1e3162ea783d7768df5f589215e1746d5fd93628b9852320dd07141,18548,2
C:\SRS(ISIC_2019)\Dataset\NV\ISIC_0031607.jpg,isic_0031607,5,f6144b79b4bbe191104cdea793a8e49753b8a14b63003401399b796d7f80d1ae,18561,2
C:\SRS(ISIC_2019)\Dataset\NV\ISIC_0031611.jpg,isic_0031611,5,dec8659b03351502965d70e7e5b98a5104b1bfdf182203fccbe5e6e78e33d034,18564,2
C:\SRS(ISIC_2019)\Dataset\NV\ISIC_0031674.jpg,isic_0031674,5,f60217aa6bdcd80fb93201b698862ed31aff844cb87b793e111e9cf11a3b97a7,18610,2
C:\SRS(ISIC_2019)\Dataset\NV\ISIC_0031675.jpg,isic_0031675,5,95bdde05abf16b4e562213f0d969181f6c82369f110793cb76d9ace2794211fb,18611,2
C:\SRS(ISIC_2019)\Dataset\NV\ISIC_0031679.jpg,isic_0031679,5,34bf2f94c90caee1233f73085da9db65c80d50d1b8e152ca1f57c0303680d4f5,18614,2
C:\SRS(ISIC_2019)\Dataset\NV\ISIC_0031683.jpg,isic_0031683,5,5934d3412f3ba6b5219d1e1c8fc1f899b1a93edb07be4151f189412ef45a7366,18618,2
C:\SRS(ISIC_2019)\Dataset\NV\ISIC_0031689.jpg,isic_0031689,5,305891708df4107abd341f3b4ccd7c9c3901848af5a447bc577a3f16ddcbe933,18623,2
C:\SRS(ISIC_2019)\Dataset\NV\ISIC_0031690.jpg,isic_0031690,5,2c6dc3482255f454646c5bf6f941bc5575f390b3a6d47947cc47bcfb9963913f,18624,2
C:\SRS(ISIC_2019)\Dataset\NV\ISIC_0031731.jpg,isic_0031731,5,4c75ae4cb96de59355fafdac8f24c1f0b6931d2e0d82a4d8ffe59a2bee3e9814,18650,2
C:\SRS(ISIC_2019)\Dataset\NV\ISIC_0031737.jpg,isic_0031737,5,12ebd34ae1e4e2141852d66bb6bc8adca8cc0dc9ebf89818c187cc81ca7a6e6f,18655,2
C:\SRS(ISIC_2019)\Dataset\NV\ISIC_0031763.jpg,isic_0031763,5,b9f903a8a901d5e28a4077c86e7740ea666f23a9c9baa119ff913c8b0fbc2832,18671,2
C:\SRS(ISIC_2019)\Dataset\NV\ISIC_0031774.jpg,isic_0031774,5,8ad1012ff5707710e9aca6f9e25ada2bc1b0467a0e628a40b64e2ee3b3fe048a,18680,2
C:\SRS(ISIC_2019)\Dataset\NV\ISIC_0031790.jpg,isic_0031790,5,eb3eb5551b46c0173aa3a61a55f173de50271e300cb3ec241af86312f8b2f6f9,18691,2
C:\SRS(ISIC_2019)\Dataset\NV\ISIC_0031793.jpg,isic_0031793,5,eb355c53e8b7379c5485c28d28c0ebace6fc7c3ad9742122d6b56bc608e9e910,18694,2
C:\SRS(ISIC_2019)\Dataset\NV\ISIC_0031816.jpg,isic_0031816,5,ee999b5bfb3fd3b43864a431836b78de372f25a8f16fa67f14bd2e48b1817443,18713,2
C:\SRS(ISIC_2019)\Dataset\NV\ISIC_0031817.jpg,isic_0031817,5,dae87e2b24be77049514c089244a3f47a12c09884a91b9abe3b47d16b2a143bd,18714,2
C:\SRS(ISIC_2019)\Dataset\NV\ISIC_0031832.jpg,isic_0031832,5,0e3f32b4a8aff6b70b3297e1c0ca0f846a95a677fbcdac2ba81257aea4e3a862,18722,2
C:\SRS(ISIC_2019)\Dataset\NV\ISIC_0031835.jpg,isic_0031835,5,216d9b0cb9bb3b0461c3eefa8940b6abfc61921ac3aaf7deb55acc1d1eafa9ec,18725,2
C:\SRS(ISIC_2019)\Dataset\NV\ISIC_0031837.jpg,isic_0031837,5,844a32ad73f651c20fa01c3dfc193ddd0c286c545d46d473de9e7113b2447284,18726,2
C:\SRS(ISIC_2019)\Dataset\NV\ISIC_0031845.jpg,isic_0031845,5,8148b9783267275b309c8223367f0a03008b104d1150643d44fa082e09d42fe8,18733,2
C:\SRS(ISIC_2019)\Dataset\NV\ISIC_0031847.jpg,isic_0031847,5,93f9176feebb936119ab4c894bfd1cfdb279a8a82c1e03e9c074d997fec52d2b,18735,2
C:\SRS(ISIC_2019)\Dataset\NV\ISIC_0031848.jpg,isic_0031848,5,346d7a5f2ef944a03aac696d66cee7ce0fff638aa7fe83a362abda0b5092acf9,18736,2
C:\SRS(ISIC_2019)\Dataset\NV\ISIC_0031850.jpg,isic_0031850,5,c3b9d5ec9401e3f36e50eb6a4d734649d2de1df4e032b9a5d7ebaa9854cf67bc,18738,2
C:\SRS(ISIC_2019)\Dataset\NV\ISIC_0031856.jpg,isic_0031856,5,4a621e58df85336c03e7f87bc670932d0d9060ff5dfb3e596ee6b87af706385b,18741,2
C:\SRS(ISIC_2019)\Dataset\NV\ISIC_0031870.jpg,isic_0031870,5,0813d0454c041ca0594d6f736a53f982b5520572e17fc6acdfd9d0708954bfaf,18755,2
C:\SRS(ISIC_2019)\Dataset\NV\ISIC_0031877.jpg,isic_0031877,5,0b01d9d988b32de32707a5fdb6a6e525d182e3bfd5c16d99ccc86903ddb81d1a,18759,2
C:\SRS(ISIC_2019)\Dataset\NV\ISIC_0031881.jpg,isic_0031881,5,ecc7ed3d55e0ea5c713ec43b2ad479704aa972105b7fa9876c9c7fac084fdc69,18763,2
C:\SRS(ISIC_2019)\Dataset\NV\ISIC_0031884.jpg,isic_0031884,5,dd011ce64c8ac5190828960cb0ff5a533a55083cca33b06c8967d9f8a68e66bc,18766,2
C:\SRS(ISIC_2019)\Dataset\NV\ISIC_0031896.jpg,isic_0031896,5,617cf55a79fd61f229b7ff030f0e5d19e7dfdc3f213bbb8354e3174eca8fe5ca,18775,2
C:\SRS(ISIC_2019)\Dataset\NV\ISIC_0031905.jpg,isic_0031905,5,80e2a713ba18723037fbf8fe667db89d684d20064ede75cb6ec78438c36de860,18780,2
C:\SRS(ISIC_2019)\Dataset\NV\ISIC_0031910.jpg,isic_0031910,5,97460e4cdfac9e20c228656cea6f9eedcc9a08bf99d82840faca588a82e3dd3f,18784,2
C:\SRS(ISIC_2019)\Dataset\NV\ISIC_0031913.jpg,isic_0031913,5,8f30c56f0465a66dd0fc54e1c732954ad7a73bab81a0662060cf0633d9d182eb,18787,2
C:\SRS(ISIC_2019)\Dataset\NV\ISIC_0031916.jpg,isic_0031916,5,71dd576bad410736c8fbf7949f68dfdb8d8607ff64aa1e3d2f308905a7a459f9,18789,2
C:\SRS(ISIC_2019)\Dataset\NV\ISIC_0031933.jpg,isic_0031933,5,f82be871357560de68752551f165b1848fcc7965288e8b8170e32de7c8daadba,18800,2
C:\SRS(ISIC_2019)\Dataset\NV\ISIC_0031934.jpg,isic_0031934,5,52c48faedccd152c2e63bc6a621fd5865adecf498440bfca2a48b9b969d559a8,18801,2
C:\SRS(ISIC_2019)\Dataset\NV\ISIC_0031939.jpg,isic_0031939,5,296e95118c45c89a9285426e5daaf86322bf09c2a94652fc9e388a9e0b3e1a32,18805,2
C:\SRS(ISIC_2019)\Dataset\NV\ISIC_0031960.jpg,isic_0031960,5,0764f6fae93748d3527671aa01ec9880682c5bb8cc6136774007f3fa747d287b,18816,2
C:\SRS(ISIC_2019)\Dataset\NV\ISIC_0031963.jpg,isic_0031963,5,86188413c9157de10b7617bff873a9b1d8ea51edd4e335aa0c084ab95adcf8d4,18818,2
C:\SRS(ISIC_2019)\Dataset\NV\ISIC_0031979.jpg,isic_0031979,5,a8be2729cd1de42364ed5731f88fa453c571c57def3ae6a8200ff00625095ed9,18829,2
C:\SRS(ISIC_2019)\Dataset\NV\ISIC_0031990.jpg,isic_0031990,5,4c1b10d584cfa2556ca535d1726cbf9729396a6c3efdb659c73db822c0c4e999,18836,2
C:\SRS(ISIC_2019)\Dataset\NV\ISIC_0032002.jpg,isic_0032002,5,c270f5730e356bc2cb5e2149401fa184ca18cf6826cbfd7216124c38a63efcea,18845,2
C:\SRS(ISIC_2019)\Dataset\NV\ISIC_0032011.jpg,isic_0032011,5,ee39a9061561f469f4a0890443f353aa89b4d2093a22808f8c3a9efc832eec51,18853,2
C:\SRS(ISIC_2019)\Dataset\NV\ISIC_0032012.jpg,isic_0032012,5,3e2f6bbd36830ecdd35f5d09479afe68134cbce589caaf6d3e4dafd3a26492d6,18854,2
C:\SRS(ISIC_2019)\Dataset\NV\ISIC_0032015.jpg,isic_0032015,5,cddc1715137e9473dda66185734bf0a4200b3f0c50b6a0cf443841ad62d6ce93,18855,2
C:\SRS(ISIC_2019)\Dataset\NV\ISIC_0032021.jpg,isic_0032021,5,49634055a1462710fc816e4145ff07fd8268a99fccd25e7215bf72b00c501f44,18859,2
C:\SRS(ISIC_2019)\Dataset\NV\ISIC_0032029.jpg,isic_0032029,5,7b2ed42e76da080753e464ad579df4df60f7e706b12ace4e41060689b04a5ae9,18865,2
C:\SRS(ISIC_2019)\Dataset\NV\ISIC_0032034.jpg,isic_0032034,5,94bb9df8ba731bc6df1504b0badba2fa9f1849a552886a753b7af753204763ca,18868,2
C:\SRS(ISIC_2019)\Dataset\NV\ISIC_0032056.jpg,isic_0032056,5,1b17fe16582c0a238ca749bcaab354c45bba5e2a8883b457711a28e6d78bc540,18883,2
C:\SRS(ISIC_2019)\Dataset\NV\ISIC_0032067.jpg,isic_0032067,5,681200c3e03e26928895d27a420987df0aec71399dc4b58acc4c6c41817637c8,18891,2
C:\SRS(ISIC_2019)\Dataset\NV\ISIC_0032073.jpg,isic_0032073,5,c4ce95ab2c7787f7863c101815d8b14f695b701ce1a00993282af0fc0b652b94,18895,2
C:\SRS(ISIC_2019)\Dataset\NV\ISIC_0032075.jpg,isic_0032075,5,5937426023184379dcc487f4e7c42353a02a2f57f177cc3b7e3bed2a01261680,18897,2
C:\SRS(ISIC_2019)\Dataset\NV\ISIC_0032084.jpg,isic_0032084,5,7c7572c8c1bb605e854f2606d5bac00dfc73d327f018e9fabd02c4634aa5e34f,18903,2
C:\SRS(ISIC_2019)\Dataset\NV\ISIC_0032090.jpg,isic_0032090,5,16dc645b037717e0704b7f56bc6a2157ee59dd5b1a480722e2fc190f7c5b9e61,18909,2
C:\SRS(ISIC_2019)\Dataset\NV\ISIC_0032093.jpg,isic_0032093,5,12fbc203acd39531f5a7d8e82999a3f65331300aa3c4df4e2141f22b537d1a92,18911,2
C:\SRS(ISIC_2019)\Dataset\NV\ISIC_0032094.jpg,isic_0032094,5,c74cd059954c36b02737f214b83935000d57fd0e5310fa6ebb32d973e7131687,18912,2
C:\SRS(ISIC_2019)\Dataset\NV\ISIC_0032096.jpg,isic_0032096,5,eb80b5a0c2d9eaca5facf3d29b00feaa89d68b168a692022807fd4b01b1616ea,18913,2
C:\SRS(ISIC_2019)\Dataset\NV\ISIC_0032100.jpg,isic_0032100,5,1a67712880e81f78cc5a8424bb8bbc35b535072f3fb3de5bef8b466b1cd9946a,18915,2
C:\SRS(ISIC_2019)\Dataset\NV\ISIC_0032102.jpg,isic_0032102,5,3f94c77229712cd4e84be9fc15de36d9fc7988f95c48d6501966443cdb77d4fc,18917,2
C:\SRS(ISIC_2019)\Dataset\NV\ISIC_0032106.jpg,isic_0032106,5,26ad1f4c2ecb50418992b4f25d7ec213b6162237c42a611508162eb68362db75,18920,2
C:\SRS(ISIC_2019)\Dataset\NV\ISIC_0032112.jpg,isic_0032112,5,8290240342dd27a0058fc56792aefa57deded5e7c94b6ad260ccbaa91ccacaf6,18924,2
C:\SRS(ISIC_2019)\Dataset\NV\ISIC_0032133.jpg,isic_0032133,5,f902e8ba04602ada6c9d09c5ee05bfa4285b54bab24d39c1e315ce67c330bff5,18937,2
C:\SRS(ISIC_2019)\Dataset\NV\ISIC_0032158.jpg,isic_0032158,5,45ea10564fd0c19d32e726d3b7b0983005525528b9fefab4af9e959a5cc614c0,18953,2
C:\SRS(ISIC_2019)\Dataset\NV\ISIC_0032165.jpg,isic_0032165,5,997d879f38da704802addcc882188f48888d11c99016ab944dbef82a37de5f22,18958,2
C:\SRS(ISIC_2019)\Dataset\NV\ISIC_0032169.jpg,isic_0032169,5,187cf3e6b8789c0d8186d5a0f4ac305843523af2b442326f53b986c6a38b5764,18961,2
C:\SRS(ISIC_2019)\Dataset\NV\ISIC_0032171.jpg,isic_0032171,5,8b087281e18f0102eac14849c4570ecd43aa18c3063d50c511c33ba60b76c205,18962,2
C:\SRS(ISIC_2019)\Dataset\NV\ISIC_0032183.jpg,isic_0032183,5,5da6c487028bbe44d1787824e2b92710e2fd900ea21c01d050a27499eab1a863,18970,2
C:\SRS(ISIC_2019)\Dataset\NV\ISIC_0032184.jpg,isic_0032184,5,96d05ee20e853f18dde111e1d902d15cc1cfe9d275417b7457669bde65bfc337,18971,2
C:\SRS(ISIC_2019)\Dataset\NV\ISIC_0032186.jpg,isic_0032186,5,4b06ef8167fd156ddf237c95003ecad9aeb224e5c75876d617aa3649e42d82a5,18972,2
C:\SRS(ISIC_2019)\Dataset\NV\ISIC_0032208.jpg,isic_0032208,5,3a7abf5ffc00821ac200efbfee093c5de33f645b0f005b310fed2aa417bb7076,18983,2
C:\SRS(ISIC_2019)\Dataset\NV\ISIC_0032210.jpg,isic_0032210,5,0efd370b8cf67ba1f6d0874e0acb153c176aedba4555ec40c1693cb42412f811,18985,2
C:\SRS(ISIC_2019)\Dataset\NV\ISIC_0032212.jpg,isic_0032212,5,e791a7ef4ab9eb1ba95331c6fd064dd70bf141a4e58d24244b6b7b8994e5ae1e,18987,2
C:\SRS(ISIC_2019)\Dataset\NV\ISIC_0032213.jpg,isic_0032213,5,13913369f97c23dcbd2cad399e1dc119100fc4d75f63581b0733d76f8f381ea2,18988,2
C:\SRS(ISIC_2019)\Dataset\NV\ISIC_0032216.jpg,isic_0032216,5,0606bbd5cf2412fc8e2a72f9eb32a31509c714d89144950133a2898c8da33f3e,18989,2
C:\SRS(ISIC_2019)\Dataset\NV\ISIC_0032218.jpg,isic_0032218,5,289aa9b352d3798cd8a69fd4c92ffa1f71a1b50e5da3eb9f119346accf840fe0,18991,2
C:\SRS(ISIC_2019)\Dataset\NV\ISIC_0032233.jpg,isic_0032233,5,b884c1c160d04d495a48dd1e56a393a6d909d193f65ddf60e76abe842a4a3318,19000,2
C:\SRS(ISIC_2019)\Dataset\NV\ISIC_0032236.jpg,isic_0032236,5,ea858c9814254bb89487694c065a2f2d5881eee1aee2772f119cd56d5851590a,19002,2
C:\SRS(ISIC_2019)\Dataset\NV\ISIC_0032241.jpg,isic_0032241,5,3957813ef134abc7d3ed27482655fe6a632b21cee735253782982335270ec8db,19005,2
C:\SRS(ISIC_2019)\Dataset\NV\ISIC_0032253.jpg,isic_0032253,5,349caae1f45ae422a6cd4d74893f34c72c98441a90dafd6f81c27942e8db64e0,19011,2
C:\SRS(ISIC_2019)\Dataset\NV\ISIC_0032254.jpg,isic_0032254,5,3badbe5f54e887c5a21616166e414929c3e681c9ca4922ac250ab449b195cd09,19012,2
C:\SRS(ISIC_2019)\Dataset\NV\ISIC_0032259.jpg,isic_0032259,5,aa7ef9c2bf0040284c8611a78a44670c71e45ce416423a4931d4f42cdd410b8c,19016,2
C:\SRS(ISIC_2019)\Dataset\NV\ISIC_0032274.jpg,isic_0032274,5,25743bb8579878dc46b774ca11f15c294c591841cba158306398bb82ad68e7a4,19027,2
C:\SRS(ISIC_2019)\Dataset\NV\ISIC_0032282.jpg,isic_0032282,5,7a6b0a5cd986c1b396804048d378b9a98aac6df70625e116d32f215ba746a20c,19033,2
C:\SRS(ISIC_2019)\Dataset\NV\ISIC_0032285.jpg,isic_0032285,5,63753a055f037404d605942baf4c554ca329ddf508a1d0a2d65f98a60f2fcb7f,19035,2
C:\SRS(ISIC_2019)\Dataset\NV\ISIC_0032286.jpg,isic_0032286,5,9b179806e04d609e30e7ebab6c055abf25f82df1d4550b6194a9b1c54a7c5366,19036,2
C:\SRS(ISIC_2019)\Dataset\NV\ISIC_0032289.jpg,isic_0032289,5,c8e4acfcaae92988150023c43d25ee1b466ade74dd3e798c9056c57761d9778e,19038,2
C:\SRS(ISIC_2019)\Dataset\NV\ISIC_0032291.jpg,isic_0032291,5,fe31005a3ebc20f4cea0ed4e72ac57a7c7451a989fea3d1b15eff88ebf79021f,19039,2
C:\SRS(ISIC_2019)\Dataset\NV\ISIC_0032296.jpg,isic_0032296,5,637fdf28a0da0c6199964c68e94fb3bc0337f7a49da1d42d9daea3d101dfee7f,19044,2
C:\SRS(ISIC_2019)\Dataset\NV\ISIC_0032301.jpg,isic_0032301,5,317af2d4e80b8dc257d236f358ce16a71c4b413ad53b968f0b1cf1fdd603c8e5,19049,2
C:\SRS(ISIC_2019)\Dataset\NV\ISIC_0032310.jpg,isic_0032310,5,b0f7f6e350d63832bc1798443ed99196f9a116ae8961217a155bb0aad5848619,19052,2
C:\SRS(ISIC_2019)\Dataset\NV\ISIC_0032336.jpg,isic_0032336,5,065d5b2c2036bf7474bd1f85a2245d35c54feedb9ba9f0ce26915c6f0cef06cd,19068,2
C:\SRS(ISIC_2019)\Dataset\NV\ISIC_0032345.jpg,isic_0032345,5,ddee29d4d6c0f717f1c9a7b5a8680b2064463fef6f3100980940be1f472e6f40,19076,2
C:\SRS(ISIC_2019)\Dataset\NV\ISIC_0032351.jpg,isic_0032351,5,48ba9980c0aab3c2a0d268dc7462d694c0b9f4f9b2e897aa97d39ababd88a27c,19080,2
C:\SRS(ISIC_2019)\Dataset\NV\ISIC_0032362.jpg,isic_0032362,5,fe76e22b7e63385825b29b83d8926b8f6a2d902eb89070783c798966df4aa9c4,19088,2
C:\SRS(ISIC_2019)\Dataset\NV\ISIC_0032368.jpg,isic_0032368,5,7bfbe73b093e82b1cf3e07f298827e638e30061f189d960fd7124e990ba24ab6,19093,2
C:\SRS(ISIC_2019)\Dataset\NV\ISIC_0032380.jpg,isic_0032380,5,78097ccd8b691f0392771141673aec9a18fc7132844820a1a2501f0f52a12405,19102,2
C:\SRS(ISIC_2019)\Dataset\NV\ISIC_0032399.jpg,isic_0032399,5,c8236fd17bb8c47c7ba88d9ea738d25cc613b6f9f0281d7a6f0d0ee90f13204d,19115,2
C:\SRS(ISIC_2019)\Dataset\NV\ISIC_0032412.jpg,isic_0032412,5,08faad76388b050987373b06a1603ba25d4cc04677ce263303fc6a7c0d3bd003,19123,2
C:\SRS(ISIC_2019)\Dataset\NV\ISIC_0032419.jpg,isic_0032419,5,7c218d259551bcb301a26d1095dbede92916957587e6cd0cf99b3925532e5c86,19127,2
C:\SRS(ISIC_2019)\Dataset\NV\ISIC_0032423.jpg,isic_0032423,5,e8346389493e9c01bdf93a460811dd2f512eb86186d26782c845b7fd2550d703,19129,2
C:\SRS(ISIC_2019)\Dataset\NV\ISIC_0032431.jpg,isic_0032431,5,805348cd6f0e84ef82f5a41aadb3393173df1084a941f7364f3054726f31d931,19133,2
C:\SRS(ISIC_2019)\Dataset\NV\ISIC_0032443.jpg,isic_0032443,5,34a39d3e5a4a39e0f5b8596fd5932fe25ebd1bf2ffd7035ee8d2b83e790522b4,19141,2
C:\SRS(ISIC_2019)\Dataset\NV\ISIC_0032452.jpg,isic_0032452,5,efffa424dde767a1dc07c3c186694553740092a56837d18e79d1ce710066c485,19147,2
C:\SRS(ISIC_2019)\Dataset\NV\ISIC_0032458.jpg,isic_0032458,5,db97178db6bb8b4251a8256663330c5badbe0a46b7d18f2bcfc4a2a9040900ac,19151,2
C:\SRS(ISIC_2019)\Dataset\NV\ISIC_0032484.jpg,isic_0032484,5,724722a7331959c2a713d9df3cd8eef926bcf86d96f75352a000baffb9698691,19168,2
C:\SRS(ISIC_2019)\Dataset\NV\ISIC_0032485.jpg,isic_0032485,5,cb588fd9a8a37070a9180a150a2a058c06ed59ec982f4edde6603e60cc0d55b6,19169,2
C:\SRS(ISIC_2019)\Dataset\NV\ISIC_0032489.jpg,isic_0032489,5,ee0cde849268e0a67f3e65c63c096fb41e9f54099ed6ce2aac3da75446c1c191,19172,2
C:\SRS(ISIC_2019)\Dataset\NV\ISIC_0032493.jpg,isic_0032493,5,41dc41021c67109764dc85137765bd12663d0c7843dd9944a9405e94d580ffdf,19176,2
C:\SRS(ISIC_2019)\Dataset\NV\ISIC_0032542.jpg,isic_0032542,5,a91835659be080955eb467006443e42a79de03166e5fc4cf0f4081612911af75,19206,2
C:\SRS(ISIC_2019)\Dataset\NV\ISIC_0032590.jpg,isic_0032590,5,92d52648f915a0aff4634c22c799f00c2478c7fab3e85e604d248fe0051f341d,19238,2
C:\SRS(ISIC_2019)\Dataset\NV\ISIC_0032593.jpg,isic_0032593,5,096095d316ff00ffc2e119c7e106aa1e73e74c9d2d3571fd61f951f5e878c97f,19240,2
C:\SRS(ISIC_2019)\Dataset\NV\ISIC_0032607.jpg,isic_0032607,5,cfb4973194d2ea8c51276361e0bcf2435a0fef575f33dcc215aeab0d9e960898,19248,2
C:\SRS(ISIC_2019)\Dataset\NV\ISIC_0032608.jpg,isic_0032608,5,3eead9c1e9a2675e55a9b8b5236230c3972b55b547f7ca67d53480304f9a86a1,19249,2
C:\SRS(ISIC_2019)\Dataset\NV\ISIC_0032633.jpg,isic_0032633,5,08ba0681c4d625e2315a1d6d580ad1cb3abbeb1c95cd462382bcf8791084033b,19263,2
C:\SRS(ISIC_2019)\Dataset\NV\ISIC_0032647.jpg,isic_0032647,5,b4b07533f513c0010b4c5236f89e4678c08206083ba369b5a729649d40a13edf,19271,2
C:\SRS(ISIC_2019)\Dataset\NV\ISIC_0032648.jpg,isic_0032648,5,b0858321469660874a7f31cb49498bbf22f68178916d863fea1292da4ebfd9e4,19272,2
C:\SRS(ISIC_2019)\Dataset\NV\ISIC_0032649.jpg,isic_0032649,5,e3c4ac1abbf076046d9f07eb757d9c808a46e5c16675716bbf1fe3e7fff05e13,19273,2
C:\SRS(ISIC_2019)\Dataset\NV\ISIC_0032659.jpg,isic_0032659,5,15c46454380375dbf480aafd9cc386be86b0d34a8bd2c0bfe72e4dca846927a0,19278,2
C:\SRS(ISIC_2019)\Dataset\NV\ISIC_0032670.jpg,isic_0032670,5,c050a78fbdf98ddf10da4cc767d20ab5c41193f455956db37cba20c9c21a8ebb,19286,2
C:\SRS(ISIC_2019)\Dataset\NV\ISIC_0032671.jpg,isic_0032671,5,401d2438ee93aac82085de3942630a5db50f0d9c94f2024b28cc82dec851e82a,19287,2
C:\SRS(ISIC_2019)\Dataset\NV\ISIC_0032674.jpg,isic_0032674,5,9565d765083c6a65d57ff35c5c71d71711126d645dcb1e0a54eb7329e38a6a24,19289,2
C:\SRS(ISIC_2019)\Dataset\NV\ISIC_0032682.jpg,isic_0032682,5,780690a52580101ea81392cf1a1fe1b6278f87e73e9dc390cceac55b6dda15bd,19295,2
C:\SRS(ISIC_2019)\Dataset\NV\ISIC_0032689.jpg,isic_0032689,5,e2b57c2b749c4da3e863aa47249691af87dfdd10defb9366f3e647be67fdaa8a,19298,2
C:\SRS(ISIC_2019)\Dataset\NV\ISIC_0032700.jpg,isic_0032700,5,fb2b6b2cc7608fdbbebd0785be736b9c8a36f2bd0ee41916949a68a330784244,19302,2
C:\SRS(ISIC_2019)\Dataset\NV\ISIC_0032710.jpg,isic_0032710,5,2fd4f8293864784f5856fb33e2bf390ba05c770fa4ab9ec2e884ef347dbadbe1,19311,2
C:\SRS(ISIC_2019)\Dataset\NV\ISIC_0032712.jpg,isic_0032712,5,4e22b19ef4e213b3925e6eb6c9281a38ddd5e55ef92be64750deba64d18892c7,19313,2
C:\SRS(ISIC_2019)\Dataset\NV\ISIC_0032713.jpg,isic_0032713,5,fd1c8cc3bc15b483bff512d7b7efe8f084aac60808e340e54e7d699b8ad4689e,19314,2
C:\SRS(ISIC_2019)\Dataset\NV\ISIC_0032714.jpg,isic_0032714,5,184bc22e2b31797d48444959ce839eb5afb125237ad035aed7f80ffff362fb3d,19315,2
C:\SRS(ISIC_2019)\Dataset\NV\ISIC_0032742.jpg,isic_0032742,5,357586544616fefd4a5e41237ef4a37f5955699770fff6936c14b2336884a173,19327,2
C:\SRS(ISIC_2019)\Dataset\NV\ISIC_0032753.jpg,isic_0032753,5,9ee8e168f3eefb4e4fa5f3b652e5c4b542d692797324927e8b737bdc1dd3d064,19335,2
C:\SRS(ISIC_2019)\Dataset\NV\ISIC_0032759.jpg,isic_0032759,5,cc69554fef38e0e5f7838a897a27b6e30c1d246c723428d33ee33ffc137a04de,19339,2
C:\SRS(ISIC_2019)\Dataset\NV\ISIC_0032762.jpg,isic_0032762,5,fe75d42d4e22fde17461ab08e088faa457e9728b0dc8cbb6e636442eb1c8b7e7,19342,2
C:\SRS(ISIC_2019)\Dataset\NV\ISIC_0032771.jpg,isic_0032771,5,c7bcd1c97ab5379af373f5c612e4ef100c13fbda107ff87e762eeb4207ec0621,19348,2
C:\SRS(ISIC_2019)\Dataset\NV\ISIC_0032785.jpg,isic_0032785,5,d01d4003cfc07981a0851a662f552c9c8138bbdfc30c5d174b23fc31e5fcad53,19355,2
C:\SRS(ISIC_2019)\Dataset\NV\ISIC_0032792.jpg,isic_0032792,5,d501b0e34b2c9f4b431cf44cfc2931e9d54219981d6a377bb8b8167c660063f1,19361,2
C:\SRS(ISIC_2019)\Dataset\NV\ISIC_0032800.jpg,isic_0032800,5,d80d107904981ae44f6aa9549e00460211e3dbd85eb2838208e439ed0375fc75,19367,2
C:\SRS(ISIC_2019)\Dataset\NV\ISIC_0032825.jpg,isic_0032825,5,16fde7a2a4a8b02db6731e8d43540dfd5c16911ddb7c72c8883db397f087301d,19384,2
C:\SRS(ISIC_2019)\Dataset\NV\ISIC_0032853.jpg,isic_0032853,5,e250cfffb33723f9c7ee7734942a6073c84649491cc6161abf9f57cbd42f3164,19396,2
C:\SRS(ISIC_2019)\Dataset\NV\ISIC_0032855.jpg,isic_0032855,5,06c4bbb93c82f74769508459c23b2f72628417926cb0a4d0b09e21f561d820a9,19397,2
C:\SRS(ISIC_2019)\Dataset\NV\ISIC_0032861.jpg,isic_0032861,5,70a9a1eedf1a4021aee88b1abeef8b323a2bc436545fab880a70fdcd9002e97b,19401,2
C:\SRS(ISIC_2019)\Dataset\NV\ISIC_0032864.jpg,isic_0032864,5,77f2771ed977bc6ab61aff4402b3ceb6f59963a6ca0483b32a31128a7aba2c0a,19402,2
C:\SRS(ISIC_2019)\Dataset\NV\ISIC_0032868.jpg,isic_0032868,5,afa98a2e6c977b321dd1b72f065ba08f9ea8efae29565714f0dc454dfebca53f,19404,2
C:\SRS(ISIC_2019)\Dataset\NV\ISIC_0032896.jpg,isic_0032896,5,9a5e0345d629f4a973362d462006b469926f4dbcffd9892be6b184bb18a4ddac,19418,2
C:\SRS(ISIC_2019)\Dataset\NV\ISIC_0032899.jpg,isic_0032899,5,8128c78a3fbbca924a48242b6d78cbf8df9b6f845c88e653a4d832563addcf88,19419,2
C:\SRS(ISIC_2019)\Dataset\NV\ISIC_0032910.jpg,isic_0032910,5,da2d2d495b2043affc7e801819e7cfc7a5029f826a2645bc01ac6c4b51d0a403,19428,2
C:\SRS(ISIC_2019)\Dataset\NV\ISIC_0032935.jpg,isic_0032935,5,b9628c5dd439035eb32f7d7d6ccb8ad8601fd1b040bd774ed2a3007b603e0a36,19442,2
C:\SRS(ISIC_2019)\Dataset\NV\ISIC_0032961.jpg,isic_0032961,5,b9248d7109eeaf9413636afe752532ed6b41d1a657cd0978d97bcf71c8ee90ed,19458,2
C:\SRS(ISIC_2019)\Dataset\NV\ISIC_0032995.jpg,isic_0032995,5,b5334a890e24dc1c4c131848b182e4be0923a71984fcb51ceec2eb43e6fd3ae5,19474,2
C:\SRS(ISIC_2019)\Dataset\NV\ISIC_0032996.jpg,isic_0032996,5,784731a751f15dd152e5affe06ebb98d61a06616d2c5d55b6af9e6161cd1d878,19475,2
C:\SRS(ISIC_2019)\Dataset\NV\ISIC_0032998.jpg,isic_0032998,5,f4db799c050749cb735afcbd0a3c1df704a0cd70dbcd639c6a9cb3a1e6915680,19476,2
C:\SRS(ISIC_2019)\Dataset\NV\ISIC_0033003.jpg,isic_0033003,5,a0e8355d4cdf1b2603e14111152a913c73798b77f3f1ecf0e066e6483f843d47,19479,2
C:\SRS(ISIC_2019)\Dataset\NV\ISIC_0033007.jpg,isic_0033007,5,192b98afe7c0d70dc3563595a24f9ce584f8724acc55c4fb4ded9848fbd04508,19481,2
C:\SRS(ISIC_2019)\Dataset\NV\ISIC_0033025.jpg,isic_0033025,5,dc66afffb7b5232cc834d69ff0127cf7842ff6dc3e557b0e7f9c0f2645faeed6,19492,2
C:\SRS(ISIC_2019)\Dataset\NV\ISIC_0033067.jpg,isic_0033067,5,f88833d142bbe33ec53be7c5ccccc95e062e09aca867d667b0f34368f36b63bd,19517,2
C:\SRS(ISIC_2019)\Dataset\NV\ISIC_0033071.jpg,isic_0033071,5,77e5c8cc21aff19a16e700939d3efd8ae32d8894c48ce02b0ea17cb412650636,19520,2
C:\SRS(ISIC_2019)\Dataset\NV\ISIC_0033075.jpg,isic_0033075,5,39b62afaa5568e8924e37710fdafbd2bd87a1677b4676c7c72cb9f7190905267,19522,2
C:\SRS(ISIC_2019)\Dataset\NV\ISIC_0033078.jpg,isic_0033078,5,8c1f3f42d95032b3eb648544e1f38a18cc044558728a458f5f2dae952c513552,19525,2
C:\SRS(ISIC_2019)\Dataset\NV\ISIC_0033087.jpg,isic_0033087,5,875c9757083f088bda555ea9b28803146c905271e717b9a3939cd917d47314b2,19531,2
C:\SRS(ISIC_2019)\Dataset\NV\ISIC_0033093.jpg,isic_0033093,5,2e43b1b0af8bd28f1fcb82711e9f67a1f119ca40eefbe64dac570e2e44819db1,19534,2
C:\SRS(ISIC_2019)\Dataset\NV\ISIC_0033105.jpg,isic_0033105,5,ddb67926125e8bb465cc18c2fff508908dde980d446585f46c6114cdb2aa4e2c,19544,2
C:\SRS(ISIC_2019)\Dataset\NV\ISIC_0033107.jpg,isic_0033107,5,fc40f25555b67dd159bcda7e8f791e90ae99b7f7acf73e2ecc153017f0b2d363,19546,2
C:\SRS(ISIC_2019)\Dataset\NV\ISIC_0033108.jpg,isic_0033108,5,355c455b35abbb45ea08d2c3e2c31825ba3f316a535ae163d16b3cf2a52b7e90,19547,2
C:\SRS(ISIC_2019)\Dataset\NV\ISIC_0033112.jpg,isic_0033112,5,00c9b1c027ba521ddbeb59fb34d1c219efde963938507856b1f07cdd621507de,19551,2
C:\SRS(ISIC_2019)\Dataset\NV\ISIC_0033113.jpg,isic_0033113,5,7d54ae665d7c515fe899bdf05af3ed9b3ac3a39f8ccc710a47974d1b0997f2dd,19552,2
C:\SRS(ISIC_2019)\Dataset\NV\ISIC_0033131.jpg,isic_0033131,5,c023b03658d02266afa49c0607be31ccd89687d8f232fba64ece19d3edeb518e,19560,2
C:\SRS(ISIC_2019)\Dataset\NV\ISIC_0033133.jpg,isic_0033133,5,4a19afd06519a62e9d9f833445ec26ed7ca6263e02c40247b7d097848257ed74,19562,2
C:\SRS(ISIC_2019)\Dataset\NV\ISIC_0033138.jpg,isic_0033138,5,987d3f49dcfb6f19fc65e15b6c3bff0936c4d48d569c234d0691404ac1436714,19566,2
C:\SRS(ISIC_2019)\Dataset\NV\ISIC_0033142.jpg,isic_0033142,5,7e7ed280918eea0500b190a1e953073729bf58a8cff880a2868a4d72552b44c0,19569,2
C:\SRS(ISIC_2019)\Dataset\NV\ISIC_0033147.jpg,isic_0033147,5,b08c83cbb0119265a48b08266e13906ed3b08e8029f7f7abcdae4c183283fb4d,19573,2
C:\SRS(ISIC_2019)\Dataset\NV\ISIC_0033148.jpg,isic_0033148,5,945eda1361049cb655ac2c3eaabc28b5b208327fda00cbd41e388cb08b9beb54,19574,2
C:\SRS(ISIC_2019)\Dataset\NV\ISIC_0033163.jpg,isic_0033163,5,ca44c1196852f66f70b82c25b34cf314992576b5b1eac55dfea07b206e82a296,19584,2
C:\SRS(ISIC_2019)\Dataset\NV\ISIC_0033164.jpg,isic_0033164,5,d8b53d894ab51376f2c3b5345018375de283712638b693b6c8df94d796ad1911,19585,2
C:\SRS(ISIC_2019)\Dataset\NV\ISIC_0033190.jpg,isic_0033190,5,e2f2771cd423dfd1ef53b6ffa63139bcc58bae6277cca408ea984fb7217e89a8,19600,2
C:\SRS(ISIC_2019)\Dataset\NV\ISIC_0033194.jpg,isic_0033194,5,748f4d56c7f15d8b175cd2fa4f8627a9d6f94924e05d12f6a42690807f4db697,19602,2
C:\SRS(ISIC_2019)\Dataset\NV\ISIC_0033208.jpg,isic_0033208,5,f925a7840bb41b5f3accab10e0a291845cf23ca446dea0939fd946885289dfb7,19606,2
C:\SRS(ISIC_2019)\Dataset\NV\ISIC_0033222.jpg,isic_0033222,5,7eb623c6b9390593d11f8c4a3abc9e4b80d5af79d9fa115dd0959cc546d65689,19615,2
C:\SRS(ISIC_2019)\Dataset\NV\ISIC_0033225.jpg,isic_0033225,5,6a4f19523270dd5c4e299e4d0d8e20ea90aa441165c7905e24e9b5a19a696314,19618,2
C:\SRS(ISIC_2019)\Dataset\NV\ISIC_0033249.jpg,isic_0033249,5,e959d38ffc18d84796f673642799d7e6e58fd43b33e48e95f4f69f32f25d9302,19631,2
C:\SRS(ISIC_2019)\Dataset\NV\ISIC_0033250.jpg,isic_0033250,5,22116c7fdb94fae05c4dc36ddc270af046cf8598f84868a0fb8ec1bbb1250339,19632,2
C:\SRS(ISIC_2019)\Dataset\NV\ISIC_0033251.jpg,isic_0033251,5,e6039712e8d1b04372b578a713c8d2a4af423d9a5921b859c13cba717d1d2ad6,19633,2
C:\SRS(ISIC_2019)\Dataset\NV\ISIC_0033259.jpg,isic_0033259,5,66d9ce9026d85d602a5e5119911f883d55dbd39c1c6e1dfa9eb2ca183eb3c361,19636,2
C:\SRS(ISIC_2019)\Dataset\NV\ISIC_0033273.jpg,isic_0033273,5,2888645f8c735cf7a595b171ea832ef6c4b2e4d1339abff52ffde7b1a2480b25,19640,2
C:\SRS(ISIC_2019)\Dataset\NV\ISIC_0033277.jpg,isic_0033277,5,9bc0b5d7c6ae0820fedd982d017056ca608885a33234f9e23f18d2fec6d1562b,19642,2
C:\SRS(ISIC_2019)\Dataset\NV\ISIC_0033294.jpg,isic_0033294,5,812fa5c9c34bc1fc5858381efe6043cdeb3fd48c28950388ef21bb290ca5591e,19653,2
C:\SRS(ISIC_2019)\Dataset\NV\ISIC_0033308.jpg,isic_0033308,5,5674db2b7bccc9238ff8a95a387e4b90d7271e2d3b70727296d1c3cf10bf8b90,19658,2
C:\SRS(ISIC_2019)\Dataset\NV\ISIC_0033335.jpg,isic_0033335,5,fae28ea5d21d3b9f87f3431b7fcca10eef4e49222f831a1d32b69a94883803bc,19675,2
C:\SRS(ISIC_2019)\Dataset\NV\ISIC_0033339.jpg,isic_0033339,5,b11272ba482c8faaaee43014f7c0df0e2801aca47057cbebb53a3417ede416a0,19677,2
C:\SRS(ISIC_2019)\Dataset\NV\ISIC_0033342.jpg,isic_0033342,5,2bc88128ef1bb845c0cf3903c36f992473ef5ad8eb4716bf666ac453bd6627ff,19680,2
C:\SRS(ISIC_2019)\Dataset\NV\ISIC_0033343.jpg,isic_0033343,5,e34637b9c7eeff7fa7fd8f4fac9c7ab6dc162c59d1060325f2093df7d8fd3811,19681,2
C:\SRS(ISIC_2019)\Dataset\NV\ISIC_0033346.jpg,isic_0033346,5,b4edda59eda7bce5c93e0ca4945cf745a6223b0e5b5d2bcc5ee20094f663a9dd,19683,2
C:\SRS(ISIC_2019)\Dataset\NV\ISIC_0033347.jpg,isic_0033347,5,d280e9845c83d0feec24bc5a24a89a46797d734f1584459669910121bddfe8a5,19684,2
C:\SRS(ISIC_2019)\Dataset\NV\ISIC_0033350.jpg,isic_0033350,5,c1ea6ee1cd792ce1b508331a027cf18eadfca9e56f04cccf2489f585c0e4311b,19686,2
C:\SRS(ISIC_2019)\Dataset\NV\ISIC_0033352.jpg,isic_0033352,5,5145aa93e82095a2dd450dd1b4c06ebf72d9390d75bd08b1ad874b840ebb2245,19688,2
C:\SRS(ISIC_2019)\Dataset\NV\ISIC_0033355.jpg,isic_0033355,5,2bddd3881ef6f90ffdcc426f41f9ba5270811843f0454ff90bf6c89256db293b,19690,2
C:\SRS(ISIC_2019)\Dataset\NV\ISIC_0033359.jpg,isic_0033359,5,a8dabf3f04f1cb75a2a3d8b03dd556714de219aad7ebcaadad980517e2f63d51,19693,2
C:\SRS(ISIC_2019)\Dataset\NV\ISIC_0033360.jpg,isic_0033360,5,b763454ff150093b7b88489ea5cdfb8f9e09782fc5211900a6a732479c8c39a2,19694,2
C:\SRS(ISIC_2019)\Dataset\NV\ISIC_0033370.jpg,isic_0033370,5,466dea8f4dbaf90314a4cfb74cbfb99ec02db5aab53b00f89e881fb683d49533,19699,2
C:\SRS(ISIC_2019)\Dataset\NV\ISIC_0033381.jpg,isic_0033381,5,8926713f1f98fa83193e64682f33a31594232c7d8d2c2e024fb8c660f4c18a76,19706,2
C:\SRS(ISIC_2019)\Dataset\NV\ISIC_0033383.jpg,isic_0033383,5,7658180a89948b38a14f6ab844e3e5a5e55ca1fbd6e864f6dcd885eea7f8ad3d,19708,2
C:\SRS(ISIC_2019)\Dataset\NV\ISIC_0033395.jpg,isic_0033395,5,d0a21555b6dc7a726b48ff845e039dd6124156280fb6bfb02786ce9eec3d2fd3,19715,2
C:\SRS(ISIC_2019)\Dataset\NV\ISIC_0033403.jpg,isic_0033403,5,a856329d603acc64670fa8b3fac61bb4da48c8c83a87f854b648891b96b9fb3f,19719,2
C:\SRS(ISIC_2019)\Dataset\NV\ISIC_0033406.jpg,isic_0033406,5,c7d7882836a57e63788174d0628781080bd3c7ada621ce63d4a692178c3af1b9,19721,2
C:\SRS(ISIC_2019)\Dataset\NV\ISIC_0033412.jpg,isic_0033412,5,4baef3e468b852eba9ed2df66ec1426ead21cee8949ac18451deb716c5a23c2a,19726,2
C:\SRS(ISIC_2019)\Dataset\NV\ISIC_0033471.jpg,isic_0033471,5,ba3d639804282cef6d2024611f4a6bf7fca176beebafd40572ebffa3ce804277,19756,2
C:\SRS(ISIC_2019)\Dataset\NV\ISIC_0033472.jpg,isic_0033472,5,2e94bc6cc651efbcba023c99043323f92894fb39abdda489797d917d2f00aba8,19757,2
C:\SRS(ISIC_2019)\Dataset\NV\ISIC_0033475.jpg,isic_0033475,5,91c8bdc8afd20bf977ea39c96e8443b805a03042eea1fc921b88696357f1608a,19759,2
C:\SRS(ISIC_2019)\Dataset\NV\ISIC_0033502.jpg,isic_0033502,5,572860a58de1ebb21c44067fadacf8b3449b08f159530d543cebbdddd3c286c4,19769,2
C:\SRS(ISIC_2019)\Dataset\NV\ISIC_0033506.jpg,isic_0033506,5,4dc6ab37f24e5a39a42847c29df798542f28db97a5aaab2261aa78e5695ebc6f,19771,2
C:\SRS(ISIC_2019)\Dataset\NV\ISIC_0033514.jpg,isic_0033514,5,bd23526f2d461f9acdf6913e0b5e84454aa59a217a3c11c78d29a7e08f0a6ec6,19777,2
C:\SRS(ISIC_2019)\Dataset\NV\ISIC_0033519.jpg,isic_0033519,5,c281f3e714a4dd3e6602df848ecad221ee5c1939f46a30d679f8e3d416733ed1,19781,2
C:\SRS(ISIC_2019)\Dataset\NV\ISIC_0033530.jpg,isic_0033530,5,4216b490dcec4547c1059005ca5d2f5abf50c2929d0d0efa08fc0594365e6196,19785,2
C:\SRS(ISIC_2019)\Dataset\NV\ISIC_0033543.jpg,isic_0033543,5,e4c63b22a6655f0d77246ff43586036327961f71e0f581601330da4b8ef2b058,19792,2
C:\SRS(ISIC_2019)\Dataset\NV\ISIC_0033555.jpg,isic_0033555,5,1e41638104143a8405740cfe1a8e97e45f6afb1a56099f82d51338db534eec70,19798,2
C:\SRS(ISIC_2019)\Dataset\NV\ISIC_0033567.jpg,isic_0033567,5,d68304416798a888b4ca5a0be0823a4fcf5f7419be4e1d26eac90bd5ec1a6a99,19806,2
C:\SRS(ISIC_2019)\Dataset\NV\ISIC_0033572.jpg,isic_0033572,5,6727765e2a9bd7a67746d14ad89988bec90be650ffee8c1385ed37e6514a9829,19807,2
C:\SRS(ISIC_2019)\Dataset\NV\ISIC_0033588.jpg,isic_0033588,5,9940c840d853c5b3867b92c8190aa8f169400c75b664b2dc81537fae81e5cacb,19813,2
C:\SRS(ISIC_2019)\Dataset\NV\ISIC_0033622.jpg,isic_0033622,5,d021f79538f569bb5f2e7443d8f1d634c3451f36ce139261836dec97942dbf7d,19830,2
C:\SRS(ISIC_2019)\Dataset\NV\ISIC_0033657.jpg,isic_0033657,5,aff87eecb4ba5f5fe61ef88c35fccf77ad0779f8bb9ff884a9bbcb18a48d399e,19849,2
C:\SRS(ISIC_2019)\Dataset\NV\ISIC_0033683.jpg,isic_0033683,5,06fc7601f157dd80899c543260ed3874a59926be2a0b0fcc959ee1b91631bc25,19863,2
C:\SRS(ISIC_2019)\Dataset\NV\ISIC_0033694.jpg,isic_0033694,5,29f0dba1b8431718f523676f5cd294f4e86c3311bacb899bc63e5c82af5ed3cc,19870,2
C:\SRS(ISIC_2019)\Dataset\NV\ISIC_0033739.jpg,isic_0033739,5,cbec11d3e0c4176d6e99381ba7153a297df33cc39c0df6639d498774756d1382,19896,2
C:\SRS(ISIC_2019)\Dataset\NV\ISIC_0033748.jpg,isic_0033748,5,533cfaec946d9a4bb2bd3c38f06e913925ae6b2273c3b27d11ff33571fbfbc12,19903,2
C:\SRS(ISIC_2019)\Dataset\NV\ISIC_0033769.jpg,isic_0033769,5,a494074575c658503d063a4e3d230c38f01fef9cebfcc2c0e6420e345384a048,19917,2
C:\SRS(ISIC_2019)\Dataset\NV\ISIC_0033772.jpg,isic_0033772,5,d607815e42dc3400ab7b247d7c356a40eb570c7820b62b6607a2e1df5bf21ed1,19919,2
C:\SRS(ISIC_2019)\Dataset\NV\ISIC_0033781.jpg,isic_0033781,5,4c3b537dd7cc244de136b4df78da392c01f01847f7e3d04f9ceeab6bf05251ea,19923,2
C:\SRS(ISIC_2019)\Dataset\NV\ISIC_0033782.jpg,isic_0033782,5,4747ff7c73be1363d0e215485727f459ff98e4e7871835e129e52f5ae9aff753,19924,2
C:\SRS(ISIC_2019)\Dataset\NV\ISIC_0033800.jpg,isic_0033800,5,56433f0dc8f86a34c9e9e21aee606f7558ffc804dffe1ef8a56e78bcf0d3e4a9,19937,2
C:\SRS(ISIC_2019)\Dataset\NV\ISIC_0033803.jpg,isic_0033803,5,4a1507926fdef7679278af8b8d602ab3f1d57cd30596b879858fa8ddc54cb93e,19938,2
C:\SRS(ISIC_2019)\Dataset\NV\ISIC_0033833.jpg,isic_0033833,5,50b990e21122c30abc06aadb0dbc29711e05759599c411c935855da17346abd0,19952,2
C:\SRS(ISIC_2019)\Dataset\NV\ISIC_0033837.jpg,isic_0033837,5,a39549d9581669623641b75c6b778ecf5453a863de9d5871c26e911633e98cab,19955,2
C:\SRS(ISIC_2019)\Dataset\NV\ISIC_0033839.jpg,isic_0033839,5,bae77337d75a65a4c434db1c8576914e8447ac9ffc67ff3d17fd9b987d2bb77e,19957,2
C:\SRS(ISIC_2019)\Dataset\NV\ISIC_0033879.jpg,isic_0033879,5,ce258111c9afb5c49186f7589521cd039595e000c5aa24dfc7a9af6b78494da8,19979,2
C:\SRS(ISIC_2019)\Dataset\NV\ISIC_0033880.jpg,isic_0033880,5,6e6f4da724ceb787dccbb546a84cd9f2b1503778ade708c17236322bc45ab58e,19980,2
C:\SRS(ISIC_2019)\Dataset\NV\ISIC_0033920.jpg,isic_0033920,5,e144d9227a8a3a8e8294aadd7b52d34dff1ccb1bed159d0b8eb528ec370cb736,20004,2
C:\SRS(ISIC_2019)\Dataset\NV\ISIC_0033933.jpg,isic_0033933,5,3ab738340e3ce7100e0afd8163aad82591b9871cadd57b6cb989c70d47f47435,20014,2
C:\SRS(ISIC_2019)\Dataset\NV\ISIC_0033961.jpg,isic_0033961,5,2d990490d6a872e3fa891cd90918655b8f98b30ebdd0ab6bff45b429fecbae65,20032,2
C:\SRS(ISIC_2019)\Dataset\NV\ISIC_0033988.jpg,isic_0033988,5,dbf5979d7001feec7c8a9c652b7cdb5554cf7c7f2d49f520ca901c4c283ca5c5,20046,2
C:\SRS(ISIC_2019)\Dataset\NV\ISIC_0033992.jpg,isic_0033992,5,f8900f56690009471c41e1eb9d469680caebafc689d176614d3d06056d8d6115,20049,2
C:\SRS(ISIC_2019)\Dataset\NV\ISIC_0034004.jpg,isic_0034004,5,f94a135a9222f48788852bf1f709565dcf64692f3707040bf05204a1868004a2,20056,2
C:\SRS(ISIC_2019)\Dataset\NV\ISIC_0034020.jpg,isic_0034020,5,231d1e87ab4f63d701c60ffc2fe87e4147037cb4e2e6b4eed078f5bd21bac3ca,20066,2
C:\SRS(ISIC_2019)\Dataset\NV\ISIC_0034027.jpg,isic_0034027,5,602e9beed8d5250916ed103eade6e55584ae3a90d6952a6fa6996f64f30d3862,20070,2
C:\SRS(ISIC_2019)\Dataset\NV\ISIC_0034030.jpg,isic_0034030,5,53a674f99d86354b33f4498e9a231c26bd19dedd7ba5ce5ea1697008576e5e54,20072,2
C:\SRS(ISIC_2019)\Dataset\NV\ISIC_0034032.jpg,isic_0034032,5,b6f9f0f26a024ad3e6a9e72b86f6a70a7b9b85646594251fe2579abcc4a65755,20073,2
C:\SRS(ISIC_2019)\Dataset\NV\ISIC_0034044.jpg,isic_0034044,5,c329f2d129edce0883af80b5af2750740de1efbe302a278586ede199a671af75,20081,2
C:\SRS(ISIC_2019)\Dataset\NV\ISIC_0034053.jpg,isic_0034053,5,549b496f2179713a540a27130007de9bcb24350bb6473c5f952a3486d84b5800,20083,2
C:\SRS(ISIC_2019)\Dataset\NV\ISIC_0034060.jpg,isic_0034060,5,b377fc35a5fb167dfb7ffc0105192c54409c85db2c617839017e0d604149f5b2,20087,2
C:\SRS(ISIC_2019)\Dataset\NV\ISIC_0034073.jpg,isic_0034073,5,57565320551416702794ca04bb8caf76eb4c47b6eff1462cdebe73ec2d5ce5d7,20092,2
C:\SRS(ISIC_2019)\Dataset\NV\ISIC_0034080.jpg,isic_0034080,5,091ace7b7c0319f4e8440c74effc73e3f1c535856d2db301da11c15a622944a8,20097,2
C:\SRS(ISIC_2019)\Dataset\NV\ISIC_0034090.jpg,isic_0034090,5,cfb79232bf05603dc80de6256af62426cccba748593a2c947a31017c67d7b080,20104,2
C:\SRS(ISIC_2019)\Dataset\NV\ISIC_0034099.jpg,isic_0034099,5,dd13f1ed1f2e16b389255d694be46446f1eb5542446c4a04ee1c99a23d877072,20109,2
C:\SRS(ISIC_2019)\Dataset\NV\ISIC_0034105.jpg,isic_0034105,5,12ff3a93e8a49e2b25bcced242a38bcf1c8373a3b261f54f5150902fadf7cc9a,20111,2
C:\SRS(ISIC_2019)\Dataset\NV\ISIC_0034112.jpg,isic_0034112,5,4dde8473255d34fea4b8fa5fccf4fa121823df92ae18a175db1a989919ada17b,20116,2
C:\SRS(ISIC_2019)\Dataset\NV\ISIC_0034116.jpg,isic_0034116,5,6fe440c2b9e42523864429616ab5820305b2b241f9042363d4b892d68b2e287e,20118,2
C:\SRS(ISIC_2019)\Dataset\NV\ISIC_0034128.jpg,isic_0034128,5,f26e3eaf96f4ce89dd4f72fc6df640495c4489910c90331633608c36824d9a69,20123,2
C:\SRS(ISIC_2019)\Dataset\NV\ISIC_0034131.jpg,isic_0034131,5,a5bffac01636007eccb18c7fe33e8ef97ebde7e4e70f4c3bcf62b4af5860f236,20126,2
C:\SRS(ISIC_2019)\Dataset\NV\ISIC_0034148.jpg,isic_0034148,5,e29af600deb3e0c8991ee421185e246e9419e1e7aaf57065cd96bf72efeb556f,20135,2
C:\SRS(ISIC_2019)\Dataset\NV\ISIC_0034153.jpg,isic_0034153,5,aff1fc53affa24d3ce4f88003b8d43b90eb461bfdca8543c03a7b8e97f4eac89,20138,2
C:\SRS(ISIC_2019)\Dataset\NV\ISIC_0034164.jpg,isic_0034164,5,9ad7139a63a562b7bcb80b3be09a66a79909851c79297ee592b9f5d42befffe9,20144,2
C:\SRS(ISIC_2019)\Dataset\NV\ISIC_0034174.jpg,isic_0034174,5,45836614826335b33a7aff453413a4b6f45eb755d211a98074548bf266559bfa,20147,2
C:\SRS(ISIC_2019)\Dataset\NV\ISIC_0034184.jpg,isic_0034184,5,0838178aff59135bd1ceff6b961ecae5f8f8438056b68a74ba35b802dddb96cf,20154,2
C:\SRS(ISIC_2019)\Dataset\NV\ISIC_0034190.jpg,isic_0034190,5,0a45bfbd004908898d8844107545df935a6b6f4ef2f200699927840e50b78b3e,20157,2
C:\SRS(ISIC_2019)\Dataset\NV\ISIC_0034193.jpg,isic_0034193,5,c590373627bc318bc26c4e7ccbda684fc8549b6d45aaf78591b47cf4c9ab5468,20160,2
C:\SRS(ISIC_2019)\Dataset\NV\ISIC_0034194.jpg,isic_0034194,5,d64f4013defd284a00f09c0ac05a43cf167890d6c0115ed31bf1f81f8c82c3ed,20161,2
C:\SRS(ISIC_2019)\Dataset\NV\ISIC_0034220.jpg,isic_0034220,5,f163a6cf65e4307acfab758b9b0ddf0749377906d2e7d7a08d05f221ea577654,20177,2
C:\SRS(ISIC_2019)\Dataset\NV\ISIC_0034232.jpg,isic_0034232,5,b6b79246d32eebcae098078d968c36a6d8f8e473689c5ea079901e35e82bb40d,20186,2
C:\SRS(ISIC_2019)\Dataset\NV\ISIC_0034244.jpg,isic_0034244,5,161eac6ba2f2c343a7e11602488056e74162acee7d8cff0d998540ed285ea074,20192,2
C:\SRS(ISIC_2019)\Dataset\NV\ISIC_0034245.jpg,isic_0034245,5,3a95fbe1d5b8f09c5c2a6ae34aa7c23df5d93b9cce5e2789272aad69ba68b861,20193,2
C:\SRS(ISIC_2019)\Dataset\NV\ISIC_0034247.jpg,isic_0034247,5,4db7d5677ccb64d196d51d21f3d42fdc193c92ab5fd431bc320f6a97da3cb3b6,20194,2
C:\SRS(ISIC_2019)\Dataset\NV\ISIC_0034281.jpg,isic_0034281,5,ebcf4396d3f34cc34db1cb81d3ddae698731cc4940e8ba0d5907a3409ab19ff1,20217,2
C:\SRS(ISIC_2019)\Dataset\NV\ISIC_0034297.jpg,isic_0034297,5,31e4429be3e488bfcccb782fcbb20d74c6aff84d6b646f3ebdbec9fffeadb92e,20226,2
C:\SRS(ISIC_2019)\Dataset\NV\ISIC_0034300.jpg,isic_0034300,5,8a1db3edf1b828891edd1c4fa6cf0efd794f9dd60f35d364b703915274b45acf,20228,2
C:\SRS(ISIC_2019)\Dataset\NV\ISIC_0053482.jpg,isic_0053482,5,ac0623703e6eb564ab966b2256ca093d222a5816c114df7161901b4268eb7fac,20245,2
C:\SRS(ISIC_2019)\Dataset\NV\ISIC_0053497.jpg,isic_0053497,5,2ab1764053a5b3d74c0398ff764313117a10c5889113e29335a1031241ca3616,20247,2
C:\SRS(ISIC_2019)\Dataset\NV\ISIC_0053529.jpg,isic_0053529,5,cc85f777fe9c535b4729439d6a8d3c84f4df57e78ccaa31ad851ffb76e13fd6b,20250,2
C:\SRS(ISIC_2019)\Dataset\NV\ISIC_0053540.jpg,isic_0053540,5,79a1fb8aeac78d445ee830b128ebd663234274b9722f852a25145cc78e2da8b9,20254,2
C:\SRS(ISIC_2019)\Dataset\NV\ISIC_0053544.jpg,isic_0053544,5,94978dffe7376efdaeaa37cd09ec71ddc71bc0b8801062112131248b2b4b5fde,20255,2
C:\SRS(ISIC_2019)\Dataset\NV\ISIC_0053554.jpg,isic_0053554,5,f0365e0cc2852e638cd7e59a61515d55a48b33b6337f1303212dea0386a3b2bb,20257,2
C:\SRS(ISIC_2019)\Dataset\NV\ISIC_0053564.jpg,isic_0053564,5,e44d4c80c6c7ef9a71c5cf8d5b0fcd6f5b014adefe72f7e08f1a58851d60c56c,20260,2
C:\SRS(ISIC_2019)\Dataset\NV\ISIC_0053618.jpg,isic_0053618,5,7b32880686abe5ea01835167f3ebe031952586d09b4907a4cad8b46e7721291f,20269,2
C:\SRS(ISIC_2019)\Dataset\NV\ISIC_0053637.jpg,isic_0053637,5,0a412cc97ddcfffe90768c1720b95c2206f2ae650815d7e3072dbe91fa989eca,20275,2
C:\SRS(ISIC_2019)\Dataset\NV\ISIC_0053645.jpg,isic_0053645,5,15999515bd4c67bd3c7076327307ae0bb188aba38cf2a6480ade27470315405e,20279,2
C:\SRS(ISIC_2019)\Dataset\NV\ISIC_0053713.jpg,isic_0053713,5,f24fcca731972452637d10703fbfd07959dc86d990b90a0b64370027005f555b,20294,2
C:\SRS(ISIC_2019)\Dataset\NV\ISIC_0053720.jpg,isic_0053720,5,e7c91e5f01f7658482c3c4246e8c31b31cab2367fe179cfa345024ce2afe4b9d,20296,2
C:\SRS(ISIC_2019)\Dataset\NV\ISIC_0053724.jpg,isic_0053724,5,dfd874ef75ac52f60e4a897a551e1332715002a7198a578da58135bcdebdac9e,20297,2
C:\SRS(ISIC_2019)\Dataset\NV\ISIC_0053732.jpg,isic_0053732,5,b215cfe4323e879dfcb589a9b018ea6dcc57d79ec8526828e276083bc8c9fb5a,20299,2
C:\SRS(ISIC_2019)\Dataset\NV\ISIC_0053920.jpg,isic_0053920,5,454f6ce7ae332d797b1460e7e7e8b4b177171b53e9469b8012a859e5d4725d63,20337,2
C:\SRS(ISIC_2019)\Dataset\NV\ISIC_0053937.jpg,isic_0053937,5,967c75aa6ddae31d52ee144ed011b591f67d74bd0e56d87ab30b74ec01a0ad36,20341,2
C:\SRS(ISIC_2019)\Dataset\NV\ISIC_0053948.jpg,isic_0053948,5,84cf5580fa33c67554c29584cb99929c29983c685541818cb838ab6cbd801252,20343,2
C:\SRS(ISIC_2019)\Dataset\NV\ISIC_0053975.jpg,isic_0053975,5,2ba0c2158e2022c18a5fe073f87c629a9cec90755cfccecc8cab4e845e88c8de,20347,2
C:\SRS(ISIC_2019)\Dataset\NV\ISIC_0054039.jpg,isic_0054039,5,deb2ad363fb888224d3c9a62296e232c6c254cea9f13a53ee01b7c45ee40842b,20357,2
C:\SRS(ISIC_2019)\Dataset\NV\ISIC_0054041.jpg,isic_0054041,5,7206568f82f7abbd4a30870076ca883fcd9dd4f1122b9b84142b7d9cd15828ef,20358,2
C:\SRS(ISIC_2019)\Dataset\NV\ISIC_0054056.jpg,isic_0054056,5,39c658785df11ded2a8c95dc95be309a737bb4c2a969d0d2fd42cab9f8560bf7,20363,2
C:\SRS(ISIC_2019)\Dataset\NV\ISIC_0054071.jpg,isic_0054071,5,e53778d808eb5c805f9d6c72ed36b7c9eac515c7848a056f0b92b6f2b5ee53d9,20366,2
C:\SRS(ISIC_2019)\Dataset\NV\ISIC_0054115.jpg,isic_0054115,5,da3f73178b6aefcd0d4bd7e408c00a1a036ed6c08b99df81daea66ebb15b16e5,20374,2
C:\SRS(ISIC_2019)\Dataset\NV\ISIC_0054149.jpg,isic_0054149,5,93cb5ad6cbc4f22df08143ff389be01a0da724d5dbea7d63b22aafc968b19eb2,20380,2
C:\SRS(ISIC_2019)\Dataset\NV\ISIC_0054197.jpg,isic_0054197,5,32b7d25c394e7e234945bae116af3fcdf5fa518c9baab89e5110651a58e0d877,20388,2
C:\SRS(ISIC_2019)\Dataset\NV\ISIC_0054278.jpg,isic_0054278,5,634c73e2a15c91eb813cf43468046c16ada9d6ba8612e225f2dc6b290cdb7d6c,20401,2
C:\SRS(ISIC_2019)\Dataset\NV\ISIC_0054291.jpg,isic_0054291,5,e6ebcc76893abf72c607ce6d4dcb526de6078583a6e67df9d5d6f1b16dd75510,20405,2
C:\SRS(ISIC_2019)\Dataset\NV\ISIC_0054307.jpg,isic_0054307,5,7b0f3d04ab69183804574417cce7aff7f4fb62a04e67ce1f908fdc25553ef068,20409,2
C:\SRS(ISIC_2019)\Dataset\NV\ISIC_0054310.jpg,isic_0054310,5,60c45e7a590590537a6d2796188c68de464ff633d81b2bbdce8d1878460585cd,20411,2
C:\SRS(ISIC_2019)\Dataset\NV\ISIC_0054327.jpg,isic_0054327,5,6be9b54ab984a28d525897bbb705ebc46c2438433a1bbcd8b973e6c3af893f54,20414,2
C:\SRS(ISIC_2019)\Dataset\NV\ISIC_0054348.jpg,isic_0054348,5,d44b12e4ec17ecd2612e0ff798c586205d1e461d707e407050091abf7fb775dc,20416,2
C:\SRS(ISIC_2019)\Dataset\NV\ISIC_0054352.jpg,isic_0054352,5,f18b8c1e458349c11b10139430d9ba941a3432100e2be4772b8beb4ca6aebeb3,20417,2
C:\SRS(ISIC_2019)\Dataset\NV\ISIC_0054381.jpg,isic_0054381,5,e2688a0b3f7b9f61909fb2305232af0ea9620b79c090cfd0e65548e59bd9c514,20422,2
C:\SRS(ISIC_2019)\Dataset\NV\ISIC_0054400.jpg,isic_0054400,5,4dee4edc27ff359131a2871ac92335144a0b81edc9e89b63fb0eee936b6d8553,20427,2
C:\SRS(ISIC_2019)\Dataset\NV\ISIC_0054414.jpg,isic_0054414,5,cd3a810d8a5533480b3b672ea3bbd18788348c6926b0c19a644780f1eaf3db4c,20432,2
C:\SRS(ISIC_2019)\Dataset\NV\ISIC_0054514.jpg,isic_0054514,5,5dde95a855a900568712de1e30508a962bc2b72a91342f8727a4a4b544349bbc,20455,2
C:\SRS(ISIC_2019)\Dataset\NV\ISIC_0054541.jpg,isic_0054541,5,da4aaf50c10bef9b69f94f870e07929abe42ceee7653ed086c9021754ddccf76,20459,2
C:\SRS(ISIC_2019)\Dataset\NV\ISIC_0054557.jpg,isic_0054557,5,ce56b958b2be2f9f6affea7ab316af2a097a63c88a460adc56c1f7242de406e3,20462,2
C:\SRS(ISIC_2019)\Dataset\NV\ISIC_0054559.jpg,isic_0054559,5,af204683484e6fede5a2df2a78923a2ba68dae35729c842c3f526346a089e2af,20464,2
C:\SRS(ISIC_2019)\Dataset\NV\ISIC_0054562.jpg,isic_0054562,5,2474c6a078ef5d9154351ebee7a33d536e99684710a2904ef06644323208f58e,20465,2
C:\SRS(ISIC_2019)\Dataset\NV\ISIC_0054576.jpg,isic_0054576,5,8b6adc8124030ae67bba46d50940e2fc16cf6858987590da9b8c87501432974a,20468,2
C:\SRS(ISIC_2019)\Dataset\NV\ISIC_0054597.jpg,isic_0054597,5,89c545466cb81b5dca8bec3172cc8daf925b58528317f245ba51d1c732ca8e80,20476,2
C:\SRS(ISIC_2019)\Dataset\NV\ISIC_0054650.jpg,isic_0054650,5,6ddcea8cd9ff54fc5366ad12ba5d2df7fffaef335c11ee24667e8a31d1c221d1,20485,2
C:\SRS(ISIC_2019)\Dataset\NV\ISIC_0054659.jpg,isic_0054659,5,492a226af7d66f58f8d2d4141a952e97a785371a47ecbf4f422f35e22c1de677,20488,2
C:\SRS(ISIC_2019)\Dataset\NV\ISIC_0054682.jpg,isic_0054682,5,91aac2793147f52c3e940e1eefc1798b3b2de74e8981f0dec2185e78a13eb0ca,20492,2
C:\SRS(ISIC_2019)\Dataset\NV\ISIC_0054706.jpg,isic_0054706,5,57cc47eab23b9aa31cdc11d6dad06cc499cdb210da2b835b2727437d92b2f68c,20500,2
C:\SRS(ISIC_2019)\Dataset\NV\ISIC_0054729.jpg,isic_0054729,5,04ee6f447263a1805eeb49e206f121aafc1455b55c76ea265efe27eba53ca7e7,20506,2
C:\SRS(ISIC_2019)\Dataset\NV\ISIC_0054741.jpg,isic_0054741,5,88d42b9d969a0f7711add52d5c3626b2fe379303e95ac7a8280693d12d946f74,20510,2
C:\SRS(ISIC_2019)\Dataset\NV\ISIC_0054759.jpg,isic_0054759,5,156341bffe5ded55b822ab868dd4a6cfa46151f1bd45a19505ca13f5d887f573,20514,2
C:\SRS(ISIC_2019)\Dataset\NV\ISIC_0054797.jpg,isic_0054797,5,04f3c1febb61099cd275a7111208a633d42d3c4a8f513419f8a47c403f5544a7,20519,2
C:\SRS(ISIC_2019)\Dataset\NV\ISIC_0054798.jpg,isic_0054798,5,9fafd70d1a60d0280f2fde28d9ccd4176917bc2953740f201eb5238c6a12c5d9,20520,2
C:\SRS(ISIC_2019)\Dataset\NV\ISIC_0054831.jpg,isic_0054831,5,aa2365777094eb6c30ebda13a838ad276e062014d1b049dc22e0b7584fc64c1a,20527,2
C:\SRS(ISIC_2019)\Dataset\NV\ISIC_0054909.jpg,isic_0054909,5,24571c641a7e3f5923db335aa4db063258df9b669426bd9e03c99545c93aee22,20542,2
C:\SRS(ISIC_2019)\Dataset\NV\ISIC_0054923.jpg,isic_0054923,5,3ef212494bea98265712e459ff02d738517e36ca958e454ae690a22a431ca81c,20543,2
C:\SRS(ISIC_2019)\Dataset\NV\ISIC_0054958.jpg,isic_0054958,5,a5dfbfd0f6387bb2a10b3c9dda46f058cf0889ef94d3b357012d65d9aca48afa,20552,2
C:\SRS(ISIC_2019)\Dataset\NV\ISIC_0055013.jpg,isic_0055013,5,6ef52f7a3c97c6a294618c36cef828c9239b75b27339c6b454595c4e22832bff,20560,2
C:\SRS(ISIC_2019)\Dataset\NV\ISIC_0055066.jpg,isic_0055066,5,87e9cf35fab83d46f7d3da20f767ccac86ae7099b6e8a843dc4cf2b1ed08874c,20570,2
C:\SRS(ISIC_2019)\Dataset\NV\ISIC_0055080.jpg,isic_0055080,5,a3be9df2bbe1d97edefdf62596ff4cad7bb647970493b068c05ea066945b4499,20574,2
C:\SRS(ISIC_2019)\Dataset\NV\ISIC_0055133.jpg,isic_0055133,5,79890e21053708bb5358a4d08fcb4af024a438a9372da9d73c8ff2bb1c83dbc9,20584,2
C:\SRS(ISIC_2019)\Dataset\NV\ISIC_0055248.jpg,isic_0055248,5,2a0285f038dde45fc39040db4d2e62858a924f3a514c5947709c3e5314573027,20602,2
C:\SRS(ISIC_2019)\Dataset\NV\ISIC_0055294.jpg,isic_0055294,5,3cc7d494da5dd9fa5f0799554823e4b1356837578dd91c006dd4e9367764bb94,20611,2
C:\SRS(ISIC_2019)\Dataset\NV\ISIC_0055301.jpg,isic_0055301,5,cfebf5faef5d1dcc993a340908dada866eb6e2e42b7c880fcb5835a73771b144,20614,2
C:\SRS(ISIC_2019)\Dataset\NV\ISIC_0055326.jpg,isic_0055326,5,fd21db013b32bd7a07a0b2b685807707d78ed9a31e308dc2f1da6ed754ab7953,20621,2
C:\SRS(ISIC_2019)\Dataset\NV\ISIC_0055354.jpg,isic_0055354,5,e4af3604d153c641883a70e5f6193f03760b08a22565bddd1b150b8d064c356a,20627,2
C:\SRS(ISIC_2019)\Dataset\NV\ISIC_0055410.jpg,isic_0055410,5,d9cfff0e241aa3a856e475df3935702abba6792d70926090a3a29c7ecca6a8e1,20636,2
C:\SRS(ISIC_2019)\Dataset\NV\ISIC_0055414.jpg,isic_0055414,5,9f134208ceecf2dc015b1d63c6a497e004f396dfb5a75e148b90eca808191138,20637,2
C:\SRS(ISIC_2019)\Dataset\NV\ISIC_0055416.jpg,isic_0055416,5,4e6728d7719126325090993702ee1ad598aa1d8fe49c4be12f5193a70970d67c,20638,2
C:\SRS(ISIC_2019)\Dataset\NV\ISIC_0055463.jpg,isic_0055463,5,2e4b5f8e5b51767a46059328ec37419949391185c3ecd56bb946e9f9deda0e63,20647,2
C:\SRS(ISIC_2019)\Dataset\NV\ISIC_0055470.jpg,isic_0055470,5,bcd43dafb4e9714a401a1841fdd3c2d6c35739a108e2931a87423247df4c0a0c,20648,2
C:\SRS(ISIC_2019)\Dataset\NV\ISIC_0055495.jpg,isic_0055495,5,99e13b3f056fe9c983f095205a3cd2f4f1e9cd91acd977f8540551bce5436bd2,20653,2
C:\SRS(ISIC_2019)\Dataset\NV\ISIC_0055501.jpg,isic_0055501,5,7aef5d94fb1eed06f83e3d219724c6b1ecedeab0502265b2accc18c6ee407e20,20655,2
C:\SRS(ISIC_2019)\Dataset\NV\ISIC_0055520.jpg,isic_0055520,5,b064ed4c367d550afd08cb2f8eb8a6324ce3bca87924197e38697891acbb5769,20658,2
C:\SRS(ISIC_2019)\Dataset\NV\ISIC_0055535.jpg,isic_0055535,5,68eda543fcc430634b687e13de9a1987e7007bb48d815f89278b13b138c072fe,20662,2
C:\SRS(ISIC_2019)\Dataset\NV\ISIC_0055553.jpg,isic_0055553,5,e5b9c07879b8e21c61af8a13e5a12b5c0e21f0e747ea1cd5b0f180147452ca57,20668,2
C:\SRS(ISIC_2019)\Dataset\NV\ISIC_0055601.jpg,isic_0055601,5,f74864dee60ee23b908f48d7933d5b082c16fdd4e9aa3b631c5caae6a531cb7f,20677,2
C:\SRS(ISIC_2019)\Dataset\NV\ISIC_0055611.jpg,isic_0055611,5,e16fcf1cb11da8a7a1c59a3cdd5f91c8f815d37c123b334298dc3c1b6abb752f,20680,2
C:\SRS(ISIC_2019)\Dataset\NV\ISIC_0055640.jpg,isic_0055640,5,8ca76151ee9850c8ed829ffe85e67897529254e4004db8b7b355824cb670ddaa,20688,2
C:\SRS(ISIC_2019)\Dataset\NV\ISIC_0055715.jpg,isic_0055715,5,c9295f177338be8fb7fcf029b33c80ecf1f5431b63cce61da6e17725a791ca78,20703,2
C:\SRS(ISIC_2019)\Dataset\NV\ISIC_0055723.jpg,isic_0055723,5,c3df0e322fd5f79274c0701301e3b7a373066b61d7ae598b5ceafa01d7b6009c,20705,2
C:\SRS(ISIC_2019)\Dataset\NV\ISIC_0055731.jpg,isic_0055731,5,ec0f79075c58f5cd0ab886b041b62c3044d2a8165eeec1787d28b11cda38b96e,20708,2
C:\SRS(ISIC_2019)\Dataset\NV\ISIC_0055860.jpg,isic_0055860,5,4d6391a13f162bef5d8a6f26c4e805f372ba80f5036c1afcee812aad8fcdc080,20729,2
C:\SRS(ISIC_2019)\Dataset\NV\ISIC_0055872.jpg,isic_0055872,5,d7355bde0b8f4ca3de7563c526ad0848423479ea48078566a7b74efb0b7bf84d,20733,2
C:\SRS(ISIC_2019)\Dataset\NV\ISIC_0055909.jpg,isic_0055909,5,9d1e599990d6c5c588b82e7a92c7583ca1064b1a25191d60eacd054ed9e8a212,20740,2
C:\SRS(ISIC_2019)\Dataset\NV\ISIC_0055919.jpg,isic_0055919,5,eef947a74238802bccd5b1bb5ef57a84402996f5cec58543f9abd221d92c955e,20743,2
C:\SRS(ISIC_2019)\Dataset\NV\ISIC_0055970.jpg,isic_0055970,5,5938262b5c2db6f32230a0f63343e2a896a05736c53151b3309ed3264d193392,20754,2
C:\SRS(ISIC_2019)\Dataset\NV\ISIC_0055996.jpg,isic_0055996,5,dfcacbc54caac3f1b69f10218ae03f3ce1720c6ddd5e04de8bbf403d23da7f20,20760,2
C:\SRS(ISIC_2019)\Dataset\NV\ISIC_0056008.jpg,isic_0056008,5,f0f2020a5067b90634a35adb65554e50bbbee32d2d7f5a770e31d44ec02ff354,20762,2
C:\SRS(ISIC_2019)\Dataset\NV\ISIC_0056012.jpg,isic_0056012,5,c6fd6b33ff59a1b97ccce8bb46d4e377fbb7eb63b3917381d33c8550e7aece43,20764,2
C:\SRS(ISIC_2019)\Dataset\NV\ISIC_0056104.jpg,isic_0056104,5,202ed89510f2e7badac6b242c4922554f975eb5edc4fbeec000315c3f51f695f,20779,2
C:\SRS(ISIC_2019)\Dataset\NV\ISIC_0056108.jpg,isic_0056108,5,e39e64c89323cf961f8a1bda1bbadd18b418e0a960f117caa242e0433e45505c,20780,2
C:\SRS(ISIC_2019)\Dataset\NV\ISIC_0056110.jpg,isic_0056110,5,e45ce6467b8a2835fc09cd585768023b90f4d7006373b36c38bf46ec91de3676,20781,2
C:\SRS(ISIC_2019)\Dataset\NV\ISIC_0056171.jpg,isic_0056171,5,1f4e90161da52ae4f82fc25cd795b23bec638ebe40f4cb57c5e857245a10a13f,20791,2
C:\SRS(ISIC_2019)\Dataset\NV\ISIC_0056222.jpg,isic_0056222,5,fa33c21fb3ad7a540bd907fc0ee5b5bbdac4f0014c4c685cdecb582c26bd7442,20799,2
C:\SRS(ISIC_2019)\Dataset\NV\ISIC_0056270.jpg,isic_0056270,5,f678df9c28ee684a98cdcd3089a5ac5bf4ed8486b2eb0d75d11fe4a572e6529c,20808,2
C:\SRS(ISIC_2019)\Dataset\NV\ISIC_0056274.jpg,isic_0056274,5,1a0940f135474676892fda9eb7a7fcb635750292cf396c5e0e1fd64aefe85763,20809,2
C:\SRS(ISIC_2019)\Dataset\NV\ISIC_0056286.jpg,isic_0056286,5,483e6a84ef679f1945cc509b27015aa7feed4deae8eba20278e9129bc3f93d31,20813,2
C:\SRS(ISIC_2019)\Dataset\NV\ISIC_0056294.jpg,isic_0056294,5,73db79b06c1376b5ca76a5cc198da91ce9cfa7c2f3b69decf304cacd55ae209d,20815,2
C:\SRS(ISIC_2019)\Dataset\NV\ISIC_0056305.jpg,isic_0056305,5,ef75605906eded2a33d9a1e86a61e6275ef19b4f588308b9e2cde718fdc66fb2,20818,2
C:\SRS(ISIC_2019)\Dataset\NV\ISIC_0056326.jpg,isic_0056326,5,5bcb01ef9ff3f033dbc4c3660bb432248f961bd4a9c73a31930edbaa2afa6714,20823,2
C:\SRS(ISIC_2019)\Dataset\NV\ISIC_0056327.jpg,isic_0056327,5,52438f2e0b47490520f6dfd3875fcbfe93b38e49e6e39539a0520fd580531576,20824,2
C:\SRS(ISIC_2019)\Dataset\NV\ISIC_0056334.jpg,isic_0056334,5,ace85bd1e02d3f447c97a1eef4fdae4c45e5c9a265b24817a3c7e54f7dde0e6f,20826,2
C:\SRS(ISIC_2019)\Dataset\NV\ISIC_0056353.jpg,isic_0056353,5,8cebb762a6b22d41834892785879cf0f2cbf1db074dce31bc8ba8709c22b0997,20834,2
C:\SRS(ISIC_2019)\Dataset\NV\ISIC_0056356.jpg,isic_0056356,5,7dff2ee4363d9d41cff8edf2128dcbef014d02029209cd4f949a60aa770d80c0,20836,2
C:\SRS(ISIC_2019)\Dataset\NV\ISIC_0056391.jpg,isic_0056391,5,6e2b6ab4e629a6fa7dd1e608b21c5203d7b58c2de4e351de315fb99bb574aedb,20843,2
C:\SRS(ISIC_2019)\Dataset\NV\ISIC_0056418.jpg,isic_0056418,5,ccd723b9caa1e24194b6e41bd53849ef2d67f283cfcab979239948f12bf31636,20849,2
C:\SRS(ISIC_2019)\Dataset\NV\ISIC_0056430.jpg,isic_0056430,5,0ef09cc5a8881700ddd269c0af564842699adec185d24227310d8fde3002b6e1,20851,2
C:\SRS(ISIC_2019)\Dataset\NV\ISIC_0056439.jpg,isic_0056439,5,ae8d8a4c97aff254207bc815d4fcd1a7b6d0c6e05907ce6d95cbc119eeda74ab,20852,2
C:\SRS(ISIC_2019)\Dataset\NV\ISIC_0056442.jpg,isic_0056442,5,07a575162a877af158a8f605e0c0c90e6fe96022c9f01d4312967742083f6db4,20854,2
C:\SRS(ISIC_2019)\Dataset\NV\ISIC_0056451.jpg,isic_0056451,5,f6b519cb6c775e39cdbf20c31f6da03651cefb51a9e0f03071a3d1489a3d04aa,20857,2
C:\SRS(ISIC_2019)\Dataset\NV\ISIC_0056470.jpg,isic_0056470,5,a18e6a093ada93103e71362ec1da9d25f5b5a0863c1a3183704be6e31336b3c9,20866,2
C:\SRS(ISIC_2019)\Dataset\NV\ISIC_0056508.jpg,isic_0056508,5,629b47357f5f6a33f6f35eb5499be89978818362aa1a02ef27b23dfd1ae832fb,20872,2
C:\SRS(ISIC_2019)\Dataset\NV\ISIC_0056544.jpg,isic_0056544,5,9f043641932196771d439c00735bb17f894a4b1dda5630cb9d71f23e1e137707,20882,2
C:\SRS(ISIC_2019)\Dataset\NV\ISIC_0056555.jpg,isic_0056555,5,df37a015b58d4db9a6d9427e9f01c46e099fc83d5097cc56c6cf000ec00e75a9,20885,2
C:\SRS(ISIC_2019)\Dataset\NV\ISIC_0056581.jpg,isic_0056581,5,f92c26c45786dfa448a64fa8feff7c6e84bd25e02ddd4d3a7d8a25adef3d2aae,20894,2
C:\SRS(ISIC_2019)\Dataset\NV\ISIC_0056618.jpg,isic_0056618,5,cd5a0c18116809511f95fdd16c65d8310294c229ad6d451123f893b670f3bf63,20900,2
C:\SRS(ISIC_2019)\Dataset\NV\ISIC_0056689.jpg,isic_0056689,5,06917285655b6077e301374c848244844712df8b6be4d106e5dd6edfec66b2eb,20912,2
C:\SRS(ISIC_2019)\Dataset\NV\ISIC_0056707.jpg,isic_0056707,5,00cbc37283cbecc4ade6ba936086666fe0e7a1c50c273566bd1ba33ce8a0a629,20918,2
C:\SRS(ISIC_2019)\Dataset\NV\ISIC_0056738.jpg,isic_0056738,5,4173bbbc8eb18205731fedbf0082bb68728c8e9d1d2eaa6b49dffb08e4a6c031,20924,2
C:\SRS(ISIC_2019)\Dataset\NV\ISIC_0056772.jpg,isic_0056772,5,ac5bed5ad08ac63ead838162efc90a3a58f59c8a43a4b2c95b7fe9b60c1fb728,20930,2
C:\SRS(ISIC_2019)\Dataset\NV\ISIC_0056778.jpg,isic_0056778,5,ff2f66a849c0f5a3715d328d43615a87016d634f3fe72df31507fdc4dca60a27,20931,2
C:\SRS(ISIC_2019)\Dataset\NV\ISIC_0056855.jpg,isic_0056855,5,dac1c6078fec231db9aac0358898600c898c989fb0e887d1501863e45fd364fc,20953,2
C:\SRS(ISIC_2019)\Dataset\NV\ISIC_0056872.jpg,isic_0056872,5,d649ddf624cf3ec3459aef0fa082266fdd0e0d3ac4b25aea92787cbf933474a3,20957,2
C:\SRS(ISIC_2019)\Dataset\NV\ISIC_0056897.jpg,isic_0056897,5,e70399d632d8c079313f4d0919432ebef29d9807f0ef96a1fe2bbb8d98ca4954,20963,2
C:\SRS(ISIC_2019)\Dataset\NV\ISIC_0056923.jpg,isic_0056923,5,11f2cbf68762a7c513d9473fe0034c3b18d7b45655d304257bcf5d75203ecb56,20966,2
C:\SRS(ISIC_2019)\Dataset\NV\ISIC_0056943.jpg,isic_0056943,5,cf6a7efa38bfed5f42c9a41f1f9c045d34aa21d7b7534fc93092d2c520efe9ea,20970,2
C:\SRS(ISIC_2019)\Dataset\NV\ISIC_0056945.jpg,isic_0056945,5,cd13c09ff42b1bebd118c3f5d2c63c971e5259f0022e6b4d9bb012bc45fa15e5,20971,2
C:\SRS(ISIC_2019)\Dataset\NV\ISIC_0056989.jpg,isic_0056989,5,016ab565ee29e102c52f4f41f7404fe7df3ba37aaaa792d4e9b11e612c242ad2,20979,2
C:\SRS(ISIC_2019)\Dataset\NV\ISIC_0057017.jpg,isic_0057017,5,ba218e10f2fceb0ab060360457b75a247a97e6e6c8df5411936c0a244a63dbd4,20988,2
C:\SRS(ISIC_2019)\Dataset\NV\ISIC_0057039.jpg,isic_0057039,5,30c802db545ed3d0bc62a9a4ee8376268d917e8ba9404c975e781fabc45d2ee0,20993,2
C:\SRS(ISIC_2019)\Dataset\NV\ISIC_0057047.jpg,isic_0057047,5,39898a968e35e5ddd1eab8750300339c1b1f3725a516c2ab3f6bbbf971b30e76,20994,2
C:\SRS(ISIC_2019)\Dataset\NV\ISIC_0057055.jpg,isic_0057055,5,462ffc10aaa14f60219aaae1b7e0a65a0d356b7b3e5003c09f75f8b170a0f403,20995,2
C:\SRS(ISIC_2019)\Dataset\NV\ISIC_0057074.jpg,isic_0057074,5,1c13f259f9065dcaba3d10cd873430f8b5899995a58ca1ec42b502eebd71a14a,21000,2
C:\SRS(ISIC_2019)\Dataset\NV\ISIC_0057095.jpg,isic_0057095,5,e5c81ae549506d8a45d1731166e36a7c28c07f1d948c80cda531cc04144a734b,21004,2
C:\SRS(ISIC_2019)\Dataset\NV\ISIC_0057106.jpg,isic_0057106,5,d219169e5f29cf8786cb5243da8c9ed35caefa6e4d1d886985d85833dc894b2a,21007,2
C:\SRS(ISIC_2019)\Dataset\NV\ISIC_0057108.jpg,isic_0057108,5,81b0f0565053c2d0aa4da4a50faa670bdc01c30d6083d509138a94c5313c6314,21008,2
C:\SRS(ISIC_2019)\Dataset\NV\ISIC_0057140.jpg,isic_0057140,5,d548e505e48d08e07e3b2470efaa958bdea86f946a9f6ee57ae137c44e3b5840,21013,2
C:\SRS(ISIC_2019)\Dataset\NV\ISIC_0057240.jpg,isic_0057240,5,286306064008039a3ddf0a8a29d987b01d3c06efeea5dc63e55548dae593ba8f,21035,2
C:\SRS(ISIC_2019)\Dataset\NV\ISIC_0057256.jpg,isic_0057256,5,75712f8f5e77af2d64ab760875238b3e27a76a13fbd7c0f4d831cacde15de713,21039,2
C:\SRS(ISIC_2019)\Dataset\NV\ISIC_0057321.jpg,isic_0057321,5,b082022b9b0ba8a0a86da278ab7c3b7afedd1d344dbb86d6e9d1cb1d6f27a6ae,21049,2
C:\SRS(ISIC_2019)\Dataset\NV\ISIC_0057330.jpg,isic_0057330,5,9c819ad7ceaebba991601c8876b544b21b8f6a293eba896b7d46d374536b08a6,21050,2
C:\SRS(ISIC_2019)\Dataset\NV\ISIC_0057377.jpg,isic_0057377,5,9783a2f613e82e7b0c4c3761cea0e05e6776d30cd97027c1e92ec020e0cdc425,21060,2
C:\SRS(ISIC_2019)\Dataset\NV\ISIC_0057443.jpg,isic_0057443,5,b89070a1e56e9e7c01635f1bafac1052b114b168cb3721050dee398a5f297c63,21075,2
C:\SRS(ISIC_2019)\Dataset\NV\ISIC_0057451.jpg,isic_0057451,5,95625f53c5ddffa391ae26355ed0f64dcb1582f5a5423947e92421ebc7808321,21077,2
C:\SRS(ISIC_2019)\Dataset\NV\ISIC_0057459.jpg,isic_0057459,5,7874d2ca92770518c597dec12d2f9bcf61c82f81fece39ead3999e0de5a334cb,21079,2
C:\SRS(ISIC_2019)\Dataset\NV\ISIC_0057475.jpg,isic_0057475,5,f8c366528ca29d9e165986dcfe9f138aba938ae79e0a534819603f26c0e41039,21081,2
C:\SRS(ISIC_2019)\Dataset\NV\ISIC_0057481.jpg,isic_0057481,5,d938855ccb76d78345c98a077854c376d6e9c7948a4bbe4fb1c92b66415d7309,21083,2
C:\SRS(ISIC_2019)\Dataset\NV\ISIC_0057544.jpg,isic_0057544,5,7def9f4234b4759c493292a7fac4bba95c3cc2e20c83a13cc544a799cbd84f1b,21097,2
C:\SRS(ISIC_2019)\Dataset\NV\ISIC_0057589.jpg,isic_0057589,5,b764bdbc89000168d1ede11530dbe678e587a1a99bf19da2d5ac9b1e05962f6f,21102,2
C:\SRS(ISIC_2019)\Dataset\NV\ISIC_0057605.jpg,isic_0057605,5,c0ecd9464ca199cc8d4cffeab55522f1ffed28cd746587488a60403f825f06d5,21104,2
C:\SRS(ISIC_2019)\Dataset\NV\ISIC_0057607.jpg,isic_0057607,5,c1871d0ae41dcb1b14ef7db4198458c49ba3c84e6810c50749bc60e0925b27c8,21105,2
C:\SRS(ISIC_2019)\Dataset\NV\ISIC_0057639.jpg,isic_0057639,5,37b01c3d6c8e9a16f7677574577b4a493228bb302084c67e36cf1ad6147457c5,21109,2
C:\SRS(ISIC_2019)\Dataset\NV\ISIC_0057790.jpg,isic_0057790,5,59a258c68beb000455d288a6dc7cb50faac6cf32fd5e1c1fbef9c789aaa57e03,21140,2
C:\SRS(ISIC_2019)\Dataset\NV\ISIC_0057816.jpg,isic_0057816,5,25e995cb18b12b5bcdf1d412aa1d212dfd52abf100ee0ac03a2d8d10d448082b,21147,2
C:\SRS(ISIC_2019)\Dataset\NV\ISIC_0057818.jpg,isic_0057818,5,433a24426d7aacac844ef79223e59ea779d43a0e28e7880009ac0490f5d64915,21149,2
C:\SRS(ISIC_2019)\Dataset\NV\ISIC_0057854.jpg,isic_0057854,5,10c3abc7c97045abc45ae3138063826897288db2dd694e8eb7a98caba2a31152,21153,2
C:\SRS(ISIC_2019)\Dataset\NV\ISIC_0057871.jpg,isic_0057871,5,1d1a8ebd51d0c4c802003e1841e61d4a93e3115f5e490f796c9c76bcc1fde5c5,21158,2
C:\SRS(ISIC_2019)\Dataset\NV\ISIC_0057873.jpg,isic_0057873,5,9220126a26d679ca858e4f9a68ef563a5bfd3400bab4ec3ddc226a02723c1603,21160,2
C:\SRS(ISIC_2019)\Dataset\NV\ISIC_0057875.jpg,isic_0057875,5,3d22acade267fe03a7c0e43ac80a3512339bca7e5a35d217a25682b6c55741fb,21162,2
C:\SRS(ISIC_2019)\Dataset\NV\ISIC_0057877.jpg,isic_0057877,5,a68d88533bdfaf46eb2369f20a92cf2a7612ece668492af65538b674e4b94716,21163,2
C:\SRS(ISIC_2019)\Dataset\NV\ISIC_0057897.jpg,isic_0057897,5,021eb6147928752075c6691cbbb471ccf9c053117c0f0f80a44bd0c61cd20e3e,21167,2
C:\SRS(ISIC_2019)\Dataset\NV\ISIC_0057940.jpg,isic_0057940,5,a35c6e6ff241a3716bddbdb42c2c25b83dd50fed428b0767a7f73903d0e57dc0,21177,2
C:\SRS(ISIC_2019)\Dataset\NV\ISIC_0058049.jpg,isic_0058049,5,3474d000b145c5216aee6808af7cc964ec44bbc39764fbafb54f9a744ba0d69a,21195,2
C:\SRS(ISIC_2019)\Dataset\NV\ISIC_0058054.jpg,isic_0058054,5,f713bb5426a8aebc8046180d3ae4e99327a4de7a32c396cb47d2c117c824a349,21196,2
C:\SRS(ISIC_2019)\Dataset\NV\ISIC_0058079.jpg,isic_0058079,5,67ec46c969e009c2355dccf387404695559fbc8042cb96a7a0ed19bc101556c8,21203,2
C:\SRS(ISIC_2019)\Dataset\NV\ISIC_0058105.jpg,isic_0058105,5,07f1bc07a9c06298c4499de2334a0ac936138300b65b59fac131e3f301eeee6e,21208,2
C:\SRS(ISIC_2019)\Dataset\NV\ISIC_0058180.jpg,isic_0058180,5,229ed46d6e82e6cec0c2b36419924dacfe8ad7f35e1eb1fe31e47e1ec447c005,21226,2
C:\SRS(ISIC_2019)\Dataset\NV\ISIC_0058184.jpg,isic_0058184,5,670a887a8b34ae61bdab2d6e19a3b96ddcdf229d7361867d2af4ea6e55ce971d,21228,2
C:\SRS(ISIC_2019)\Dataset\NV\ISIC_0058248.jpg,isic_0058248,5,959493ba1bcf3dc71801fe510cb480b7b5ba1fd05e75df0462bbc1487b25ec54,21243,2
C:\SRS(ISIC_2019)\Dataset\NV\ISIC_0058251.jpg,isic_0058251,5,405fcb1af15991452360eb7386790add8a724f65b67faf3e8f19f39825e75e86,21244,2
C:\SRS(ISIC_2019)\Dataset\NV\ISIC_0058274.jpg,isic_0058274,5,a32db419020e2a220e431939db121290c1f5d46cd8108c714c406f8580cd628c,21247,2
C:\SRS(ISIC_2019)\Dataset\NV\ISIC_0058351.jpg,isic_0058351,5,57564aac86068c05caa3c20d691e96fba2ff71f0343ee2508b4f7347b895cff7,21254,2
C:\SRS(ISIC_2019)\Dataset\NV\ISIC_0058357.jpg,isic_0058357,5,a07bdee23d284e66fbe0c443f4750d8a9b2829b796e3c1f895ddec1cb52e5b4e,21257,2
C:\SRS(ISIC_2019)\Dataset\NV\ISIC_0058385.jpg,isic_0058385,5,35a6b6c70f634b0c9d31889303e240f89aa745374c4b46253d45b7fb739ac880,21263,2
C:\SRS(ISIC_2019)\Dataset\NV\ISIC_0058436.jpg,isic_0058436,5,e4ee7f2ed9a94aaa646e1a6e84dfa9ba507fce88f16e176c8d0127b935104a7b,21271,2
C:\SRS(ISIC_2019)\Dataset\NV\ISIC_0058489.jpg,isic_0058489,5,7cfd34d524e3c09b58b6f42404268f346a3e39cc0b8e37a6fc8ca94bb1137e02,21279,2
C:\SRS(ISIC_2019)\Dataset\NV\ISIC_0058505.jpg,isic_0058505,5,7aed0d52411386e896809372f33bbeadc138e5c1278b33ece8df268d6272bff5,21283,2
C:\SRS(ISIC_2019)\Dataset\NV\ISIC_0058530.jpg,isic_0058530,5,1b2df907bd7952404772f05d7177d6631a2889e5d1a1bcdcc16c141d737e3bb1,21288,2
C:\SRS(ISIC_2019)\Dataset\NV\ISIC_0058588.jpg,isic_0058588,5,a512c615008a5a23a30a3adfb0cd30edf695e968405ca201141b8edd343403b7,21302,2
C:\SRS(ISIC_2019)\Dataset\NV\ISIC_0058615.jpg,isic_0058615,5,390c6a3c2d1b8b01a288ffddbe50a585d47f9cffb733a58c4bfdc5ab34defd05,21308,2
C:\SRS(ISIC_2019)\Dataset\NV\ISIC_0058656.jpg,isic_0058656,5,8794cf4b0afcb420418d8a3dc098dea58ca766915c63abb020907d9662c9fb2b,21317,2
C:\SRS(ISIC_2019)\Dataset\NV\ISIC_0058730.jpg,isic_0058730,5,8ac2e258cd99f20f553de1a5ee8a8c41fea84b412119530e84a4bb182b783152,21334,2
C:\SRS(ISIC_2019)\Dataset\NV\ISIC_0058764.jpg,isic_0058764,5,064bf8c92247fbad892f5dbb326569e1cb9917ee22e5281688687f5f17c558fd,21344,2
C:\SRS(ISIC_2019)\Dataset\NV\ISIC_0058799.jpg,isic_0058799,5,3a9497f7a4ab890f16ddcf67e7f1d32265ff74788c6852e9dbef8e5bac4fb05b,21348,2
C:\SRS(ISIC_2019)\Dataset\NV\ISIC_0058801.jpg,isic_0058801,5,e019968517d759ce5fc2dd036a6c5d78dff94ec00cfc18e1770932c7ca0a8dcb,21349,2
C:\SRS(ISIC_2019)\Dataset\NV\ISIC_0058808.jpg,isic_0058808,5,d039ed21f80bc75318ef04c80e7a174545493f383649e3134ed55565a6280a26,21353,2
C:\SRS(ISIC_2019)\Dataset\NV\ISIC_0058820.jpg,isic_0058820,5,e511d62d2c8668253504a0819fb8e927ac88b8ab2c7e1ef5581971ee9470375c,21357,2
C:\SRS(ISIC_2019)\Dataset\NV\ISIC_0058835.jpg,isic_0058835,5,de6afa7283ff47793814996431c63aa37b637f0e3acb237e40244c611e39daed,21365,2
C:\SRS(ISIC_2019)\Dataset\NV\ISIC_0058871.jpg,isic_0058871,5,7fd7d7003765a2473583865936d7a4d7dab7135927c5600c033ecbd9b452999b,21369,2
C:\SRS(ISIC_2019)\Dataset\NV\ISIC_0058895.jpg,isic_0058895,5,b94695662763e5e04dd358de8c2b70e1b946c98e6f95a8c14e4d925523241b20,21376,2
C:\SRS(ISIC_2019)\Dataset\NV\ISIC_0058913.jpg,isic_0058913,5,64ea576944659d842af7c1897f8eaa2afab52fa802db4a73621042ddcdbbd42c,21380,2
C:\SRS(ISIC_2019)\Dataset\NV\ISIC_0058914.jpg,isic_0058914,5,9cba16e4ad31d89be52351fb66b83785628cd77faf9ecab739a252d69e7c308c,21381,2
C:\SRS(ISIC_2019)\Dataset\NV\ISIC_0058954.jpg,isic_0058954,5,5f7070b7b49a4864de935ee3da60bde10e1bee5ae1b6e09eddd995fec4a6c39f,21388,2
C:\SRS(ISIC_2019)\Dataset\NV\ISIC_0058979.jpg,isic_0058979,5,155980fde4cf1091ffb15618fcb46c7e2e8aeb8a16a305c6dcbb2aec2dcfb481,21392,2
C:\SRS(ISIC_2019)\Dataset\NV\ISIC_0059008.jpg,isic_0059008,5,2e2c033c992e3ccc79810dc3b85a836a8b8568c6e4fcffbc4551d300e7f0bef4,21399,2
C:\SRS(ISIC_2019)\Dataset\NV\ISIC_0059044.jpg,isic_0059044,5,ff6422248354624263bf8cb87f1d6d42e1e536a81969296ba01d23cfef0afa47,21407,2
C:\SRS(ISIC_2019)\Dataset\NV\ISIC_0059072.jpg,isic_0059072,5,21e698b1a011da4a77a77fbae189160323e689cf27ebbb8accfaf2ea568fa1d7,21413,2
C:\SRS(ISIC_2019)\Dataset\NV\ISIC_0059158.jpg,isic_0059158,5,7abd97117af171e698ca44ff505cedf9210f237ed856f48cfcb135d7c8c88df4,21425,2
C:\SRS(ISIC_2019)\Dataset\NV\ISIC_0059183.jpg,isic_0059183,5,8ffb36bb3af16ca625f51730582e957a3bc7c450b217cf42db58fb362dcd9be7,21429,2
C:\SRS(ISIC_2019)\Dataset\NV\ISIC_0059230.jpg,isic_0059230,5,cbbd99b8776abbb16a8be90c477094ea4629c4a3c98ebe5e0b14efc61838ac7f,21439,2
C:\SRS(ISIC_2019)\Dataset\NV\ISIC_0059235.jpg,isic_0059235,5,a52cdb0083497f2bece5f14841785e85fb870f6ace4bd65da535724d03101070,21440,2
C:\SRS(ISIC_2019)\Dataset\NV\ISIC_0059252.jpg,isic_0059252,5,fff3b3d59a6ea86cddf1449a15c3ab5a9a71a1bb9358ea7f9992d06c80ee2ce2,21444,2
C:\SRS(ISIC_2019)\Dataset\NV\ISIC_0059266.jpg,isic_0059266,5,8e65f5d01194378c366badfdc4d3fbc26ada94811d6cdddaca3c8d8b9fbe7be6,21446,2
C:\SRS(ISIC_2019)\Dataset\NV\ISIC_0059274.jpg,isic_0059274,5,cf78da4cd8215583c0feafdaba2e40934df336337c1ccceea0f19f07e5930c23,21448,2
C:\SRS(ISIC_2019)\Dataset\NV\ISIC_0059287.jpg,isic_0059287,5,a05b08356cf7192e123db8022fce445541114138cd32b6d3688f8940d0b78f5f,21452,2
C:\SRS(ISIC_2019)\Dataset\NV\ISIC_0059292.jpg,isic_0059292,5,fb3901d42350fbf3aee44e4bcbefb8838d152f2d06f00d79a5e9c1d87a32164a,21454,2
C:\SRS(ISIC_2019)\Dataset\NV\ISIC_0059299.jpg,isic_0059299,5,309e1c03583ab2870bc52d107055d6ebe2ef8f2f06e88c0558c1c100499cdbb8,21455,2
C:\SRS(ISIC_2019)\Dataset\NV\ISIC_0059303.jpg,isic_0059303,5,44ae021e584b5ef1cba95897502a2eeee2beaf764759b848e2bb353be069e14e,21457,2
C:\SRS(ISIC_2019)\Dataset\NV\ISIC_0059308.jpg,isic_0059308,5,c13b45d4ff601091fed0e9e4366775567a23cae6ece06e33e54e39a5d07e1b0f,21458,2
C:\SRS(ISIC_2019)\Dataset\NV\ISIC_0059341.jpg,isic_0059341,5,c521ab363445d0b45b9a10ae4f30bed2c1f07a2d268d7eae73110731849e1ef7,21464,2
C:\SRS(ISIC_2019)\Dataset\NV\ISIC_0059380.jpg,isic_0059380,5,4a59bdd58611928034fcb0fc811b07489a96acf01a4aced924b1c9fea33d28b3,21476,2
C:\SRS(ISIC_2019)\Dataset\NV\ISIC_0059390.jpg,isic_0059390,5,1408b1807b1e7e5914661daee2f3740adddff2ec04d5fab6f306bde776f9982d,21479,2
C:\SRS(ISIC_2019)\Dataset\NV\ISIC_0059418.jpg,isic_0059418,5,45dac6c2f33c96114b266926c989b2837ed22fea467fae0626f4f530fd481e8b,21485,2
C:\SRS(ISIC_2019)\Dataset\NV\ISIC_0059438.jpg,isic_0059438,5,2540b296c73c784678b079709dfe4a788357083e07a2099472d67c39cb3091fb,21492,2
C:\SRS(ISIC_2019)\Dataset\NV\ISIC_0059439.jpg,isic_0059439,5,7da0bcec4fd93f3905debd969857141e3f6cea1b4d4b71026b525324820ba094,21493,2
C:\SRS(ISIC_2019)\Dataset\NV\ISIC_0059470.jpg,isic_0059470,5,e703d7394f1de9be6a09d5c0e3f6cd7f0bcf20374512e33498475b572d4a13fd,21501,2
C:\SRS(ISIC_2019)\Dataset\NV\ISIC_0059501.jpg,isic_0059501,5,3eb0610e7d0ceaff6d1f9c3c502bfff4eb2a9567dcdbcf91f47ce9e5c7a4bb4a,21504,2
C:\SRS(ISIC_2019)\Dataset\NV\ISIC_0059510.jpg,isic_0059510,5,a0fa8dbed89b2422fb35f3c67f496a96e5857176554deb7af3e91ca26a5d1a0f,21506,2
C:\SRS(ISIC_2019)\Dataset\NV\ISIC_0059519.jpg,isic_0059519,5,c930453ba6d34d32b40c0be639c0ad9a83e9924c61621f43e87f74613145e629,21507,2
C:\SRS(ISIC_2019)\Dataset\NV\ISIC_0059522.jpg,isic_0059522,5,109be9ed4320c003be990f9afa1c49cd46e61709e3d6396b2539c0a879153362,21508,2
C:\SRS(ISIC_2019)\Dataset\NV\ISIC_0059526.jpg,isic_0059526,5,9f4951c97a1d802b1adaa6c901a2ef237fca72a9c7d8add162f0f39a6e252b33,21509,2
C:\SRS(ISIC_2019)\Dataset\NV\ISIC_0059529.jpg,isic_0059529,5,afde5680a548bddba7d903d912d655a99ebad13c711b1b1236b5879041fe1c00,21511,2
C:\SRS(ISIC_2019)\Dataset\NV\ISIC_0059536.jpg,isic_0059536,5,a322f95860f7772b343d250ad2df0c4d0236cde4403ed680a25860b6574fa24f,21514,2
C:\SRS(ISIC_2019)\Dataset\NV\ISIC_0059609.jpg,isic_0059609,5,806aaf0203840382333249a3bd60b16cee96b5979dd1df372b3bdf8980463df6,21527,2
C:\SRS(ISIC_2019)\Dataset\NV\ISIC_0059625.jpg,isic_0059625,5,efa4fc141ac6daa33d68253302f32ee27eb0a3d92e6905750da37f412cfd0063,21531,2
C:\SRS(ISIC_2019)\Dataset\NV\ISIC_0059659.jpg,isic_0059659,5,13052c3da7084876da4d423c2b0391ca098c0a2a1c1a2b5405e60557840d94b9,21539,2
C:\SRS(ISIC_2019)\Dataset\NV\ISIC_0059681.jpg,isic_0059681,5,8c1314319cf5e75775f5060914ac268803cc56d4b23bcb843eac2a131f79ab9e,21543,2
C:\SRS(ISIC_2019)\Dataset\NV\ISIC_0059691.jpg,isic_0059691,5,0a2b000e16e1c9727e7948a0f3da1a6e21d11a098668da965ba34f9bc220fd9e,21545,2
C:\SRS(ISIC_2019)\Dataset\NV\ISIC_0059711.jpg,isic_0059711,5,49346f0b2f51e146378bdc1d575da3917620366e84ce76e2a0cabf29fec0546d,21552,2
C:\SRS(ISIC_2019)\Dataset\NV\ISIC_0059716.jpg,isic_0059716,5,c9c60703fe208029c534f115a0c1cf63114044411e4d0a7dbbaa7d33c7996806,21555,2
C:\SRS(ISIC_2019)\Dataset\NV\ISIC_0059751.jpg,isic_0059751,5,dc848211f7012c9d89a6830d77c6fe553f2447d0eff7959c4c6626522adf633a,21565,2
C:\SRS(ISIC_2019)\Dataset\NV\ISIC_0059753.jpg,isic_0059753,5,213737cfcbbe8103702321dc73b2e41d738079fb71676bbda6bea94046c0224b,21566,2
C:\SRS(ISIC_2019)\Dataset\NV\ISIC_0059797.jpg,isic_0059797,5,4aabf3d5f85dec4f296df16ff075b470eaf4862db8c64d0819d5d6176c8327b7,21576,2
C:\SRS(ISIC_2019)\Dataset\NV\ISIC_0059803.jpg,isic_0059803,5,e392e249bab84ee253eb77482a0286d8777658c13cbe3b583bf42896ae6ad7cf,21577,2
C:\SRS(ISIC_2019)\Dataset\NV\ISIC_0059812.jpg,isic_0059812,5,db50405f6df1a145903752d44e0a6825ca688e64c774e0175a2d7fc826e16ac4,21580,2
C:\SRS(ISIC_2019)\Dataset\NV\ISIC_0059846.jpg,isic_0059846,5,45f31b82dbf71bdc4f10679d77392d8a08bba1c2cfc4c52cb686bf65e97b04e9,21586,2
C:\SRS(ISIC_2019)\Dataset\NV\ISIC_0059862.jpg,isic_0059862,5,1bf23390b5a2f463bcb244c759cb634614f5e4a5b5785e455796c5eb6208ad03,21587,2
C:\SRS(ISIC_2019)\Dataset\NV\ISIC_0059868.jpg,isic_0059868,5,f599ca6d05cbcea5f5012024ceb4feb9f945b16b835d443fa5c32d97089a9c3c,21589,2
C:\SRS(ISIC_2019)\Dataset\NV\ISIC_0059939.jpg,isic_0059939,5,d7ac019db4042141e9282b0f981dbdc87a4b1aaaf3a83833899f1287398a0d01,21603,2
C:\SRS(ISIC_2019)\Dataset\NV\ISIC_0059964.jpg,isic_0059964,5,64ab47c71ec8d7a14ae47b8a7c990b640787492f2ca79465c5d681e880bf1bef,21608,2
C:\SRS(ISIC_2019)\Dataset\NV\ISIC_0060023.jpg,isic_0060023,5,108b86c10f2df7e7ebc46e535ba47e7ede0cfbd576a2788b3c10d07c75954d6a,21617,2
C:\SRS(ISIC_2019)\Dataset\NV\ISIC_0060034.jpg,isic_0060034,5,4dc7f129d002ae03b5c451b05c079c50a523d10239ccccf5860adb71b29d1793,21620,2
C:\SRS(ISIC_2019)\Dataset\NV\ISIC_0060054.jpg,isic_0060054,5,d7ea2075434141d3f9d0401d70a9f05cf37b2eb14fe99a0d2d08ff6763e45afb,21629,2
C:\SRS(ISIC_2019)\Dataset\NV\ISIC_0060088.jpg,isic_0060088,5,5039b2effe31fc1dccf0100c7188ae82e0dd6618b1e88e3ed5576a049f36318f,21636,2
C:\SRS(ISIC_2019)\Dataset\NV\ISIC_0060106.jpg,isic_0060106,5,58f999f8161aba5bdffc74ec02e1d962bc96493311a128d3554fabdf6a2c1dae,21639,2
C:\SRS(ISIC_2019)\Dataset\NV\ISIC_0060138.jpg,isic_0060138,5,8d9b8a26bd6cde66ae6a554dbca2f7dfb188d3071eb24d5bb924b92d3ed68543,21644,2
C:\SRS(ISIC_2019)\Dataset\NV\ISIC_0060164.jpg,isic_0060164,5,1a619b4f1207d41fb80bbfb203f12fa7a58b6e1581a6abe292259d26cd910e8c,21648,2
C:\SRS(ISIC_2019)\Dataset\NV\ISIC_0060203.jpg,isic_0060203,5,9e59d12509f4ba657881cc6fa0b70f752901c3b5b1085ea0981351d39bd79bb4,21654,2
C:\SRS(ISIC_2019)\Dataset\NV\ISIC_0060255.jpg,isic_0060255,5,c2d94d274773c5cecdb723dc60253db005a0d724d10206d6b2b785dc659ed836,21663,2
C:\SRS(ISIC_2019)\Dataset\NV\ISIC_0060276.jpg,isic_0060276,5,e902b12d7c7b2f628e495807156676d854f5cb18fb23159ec5f1e7fc2a3d8899,21669,2
C:\SRS(ISIC_2019)\Dataset\NV\ISIC_0060279.jpg,isic_0060279,5,ce225ad25dadd0fbcddc521f4fac59cfad681319f91c8fa940413c381d85a476,21670,2
C:\SRS(ISIC_2019)\Dataset\NV\ISIC_0060325.jpg,isic_0060325,5,be7b1a823a63abbd6dbfd48878c037774281ad1b80923209b5fa061855d4d207,21682,2
C:\SRS(ISIC_2019)\Dataset\NV\ISIC_0060329.jpg,isic_0060329,5,83df93015da11a22e798846ab7a4223c5a7575af28b4310e4d897f77832a13da,21683,2
C:\SRS(ISIC_2019)\Dataset\NV\ISIC_0060336.jpg,isic_0060336,5,03610052020817dc23e59db1136d6c7bd78d9a3ebcd4be8c4b6fedcc81f6a06a,21685,2
C:\SRS(ISIC_2019)\Dataset\NV\ISIC_0060352.jpg,isic_0060352,5,09db1c80ffb07b5545def101837bf572d2d984760665161a1e6cf6bf041743ef,21687,2
C:\SRS(ISIC_2019)\Dataset\NV\ISIC_0060427.jpg,isic_0060427,5,14914128ccc878f7c8fef89cfbc3acd590e886b9a518f15fa0aa193b03e70273,21697,2
C:\SRS(ISIC_2019)\Dataset\NV\ISIC_0060447.jpg,isic_0060447,5,43733a12e70ce146e11fec54d1d9a58fcf2b5e57001ed8db618c27d2553444c3,21701,2
C:\SRS(ISIC_2019)\Dataset\NV\ISIC_0060452.jpg,isic_0060452,5,02e8cb46608025a98e97f758b1ca7eebf0c0094094bceba9d4bd87081b79e6c8,21704,2
C:\SRS(ISIC_2019)\Dataset\NV\ISIC_0060457.jpg,isic_0060457,5,943c2acdbf22de0db5336856aad151c4bcc1288fc8070579961b7e3576295644,21707,2
C:\SRS(ISIC_2019)\Dataset\NV\ISIC_0060471.jpg,isic_0060471,5,9e85ec0ad6847e357017ec95678316b24fa15088ff0c63833fad4bac4c5c8ff3,21712,2
C:\SRS(ISIC_2019)\Dataset\NV\ISIC_0060496.jpg,isic_0060496,5,2a25d52f56540f7c38a3a83524ada5c9666a96d458efdb25a11bf1cbcbe7e9f2,21719,2
C:\SRS(ISIC_2019)\Dataset\NV\ISIC_0060572.jpg,isic_0060572,5,379c17601d2e11bf9e543e9d0ecad42903a96ab35f40b67ec0e8132d0d2e3660,21737,2
C:\SRS(ISIC_2019)\Dataset\NV\ISIC_0060635.jpg,isic_0060635,5,6e73778e212f0b49590a1eb4f6c153fbd14d4c9e70a0e4f081727e29f82ab58f,21751,2
C:\SRS(ISIC_2019)\Dataset\NV\ISIC_0060667.jpg,isic_0060667,5,01a629bbf6cbb5e9a70b77236e52109aabe631539ea852cfc559dbb4b0aeb496,21756,2
C:\SRS(ISIC_2019)\Dataset\NV\ISIC_0060753.jpg,isic_0060753,5,493aef6f7ee6c92419a2a21fc79f87a8af3d8bb0ee97c3610fd3fe45e4dc9547,21773,2
C:\SRS(ISIC_2019)\Dataset\NV\ISIC_0060839.jpg,isic_0060839,5,45804a6f545fd1655ead254bfd9be07b88a7aec8bd9eb7bf7b97ef6c7f10be07,21785,2
C:\SRS(ISIC_2019)\Dataset\NV\ISIC_0060840.jpg,isic_0060840,5,5e3ece1bee6c239866b56a195ebb2b3dc757cf33ea8c37035edb326118558595,21786,2
C:\SRS(ISIC_2019)\Dataset\NV\ISIC_0060904.jpg,isic_0060904,5,1f319c867df35f0d0204e654fcd3a228188f5189a1268d02598ed3b96fd162b9,21800,2
C:\SRS(ISIC_2019)\Dataset\NV\ISIC_0060924.jpg,isic_0060924,5,8b2618f2597d77a8f5c17133788fabdad655e533f5239c321ebcc1ed0c60d58a,21806,2
C:\SRS(ISIC_2019)\Dataset\NV\ISIC_0060940.jpg,isic_0060940,5,f77b56ece9c0443cbe9143e2a04c164f643d37d0efda7417615f84a431396d42,21809,2
C:\SRS(ISIC_2019)\Dataset\NV\ISIC_0060945.jpg,isic_0060945,5,b81880f96b8c5f95f7e660c8477ab8329e94d6b04c10b6d643204bb0adf5622a,21811,2
C:\SRS(ISIC_2019)\Dataset\NV\ISIC_0060948.jpg,isic_0060948,5,3f83b3b71ed203c7c172937ff176bd25145a3527e51ad434b2f705d250fc090d,21812,2
C:\SRS(ISIC_2019)\Dataset\NV\ISIC_0060976.jpg,isic_0060976,5,1dbfc60843e90cbf74624fb3c12a5a5f7f9e3b5a01e713f6b895350395324ad6,21818,2
C:\SRS(ISIC_2019)\Dataset\NV\ISIC_0061005.jpg,isic_0061005,5,356b13de3f8e4e870458c9948008a018c55496009ef29f90303673c202e0e715,21823,2
C:\SRS(ISIC_2019)\Dataset\NV\ISIC_0061117.jpg,isic_0061117,5,4e157e74b91ba8a8f861afecd276a1e8ddb35aa563334df6a594cf0db8145a58,21838,2
C:\SRS(ISIC_2019)\Dataset\NV\ISIC_0061164.jpg,isic_0061164,5,b05d2899d52d6aedf2860c42170f72d9497137a72abc8dd090407db9f5df4080,21843,2
C:\SRS(ISIC_2019)\Dataset\NV\ISIC_0061212.jpg,isic_0061212,5,1380489711bfbbb9b5ae686ad1eb45f392f02a675320f8756e5cc3faafa3134a,21849,2
C:\SRS(ISIC_2019)\Dataset\NV\ISIC_0061230.jpg,isic_0061230,5,45d005f50f2bd264a0aecff66c9180555fd3cd33d8207fa9195794feecb67695,21853,2
C:\SRS(ISIC_2019)\Dataset\NV\ISIC_0061241.jpg,isic_0061241,5,79cc41555f1e4e8d6607716c17dc517cb046858ee2e2d8bf4f1854f0f47cfe4c,21855,2
C:\SRS(ISIC_2019)\Dataset\NV\ISIC_0061272.jpg,isic_0061272,5,efac2a2de06528ec935a940c921cdb41f094c18d5cd15bbe0f0660acc11bb19b,21859,2
C:\SRS(ISIC_2019)\Dataset\NV\ISIC_0061274.jpg,isic_0061274,5,4ee1bb766f6472f12d5e9c22d57fe6182a2424ac7fb137b8959019527cab3744,21861,2
C:\SRS(ISIC_2019)\Dataset\NV\ISIC_0061304.jpg,isic_0061304,5,22c6687f9872651b8d7e548dc315e41482ed546599bf6f475041e815deedc5bb,21868,2
C:\SRS(ISIC_2019)\Dataset\NV\ISIC_0061354.jpg,isic_0061354,5,649641f4e3958fbe2ced57a1cf29f3f5a04f746061742d69836cbf0e5a75efc9,21877,2
C:\SRS(ISIC_2019)\Dataset\NV\ISIC_0061381.jpg,isic_0061381,5,e6e37f7d532b175c2db7773a1a85c1f82b659651ec77c342f554841e36ab46b1,21879,2
C:\SRS(ISIC_2019)\Dataset\NV\ISIC_0061395.jpg,isic_0061395,5,825ddbff7651e18803703288f10526cda8c7d344bf33ceb8d2ac59f27a6b84ef,21880,2
C:\SRS(ISIC_2019)\Dataset\NV\ISIC_0061488.jpg,isic_0061488,5,ac1998a305d0916ef90c64c6543d41555db968da43be36b8283852b085db979a,21895,2
C:\SRS(ISIC_2019)\Dataset\NV\ISIC_0061501.jpg,isic_0061501,5,2581b09777164ab3ca5742307efabe23520eea2ddfc0f413f1e6e94f09cdf26e,21897,2
C:\SRS(ISIC_2019)\Dataset\NV\ISIC_0061535.jpg,isic_0061535,5,1d31dbe52ef694a240d85d49985896c6fd72ce6761cb48e8e6757cf5ba9b4815,21901,2
C:\SRS(ISIC_2019)\Dataset\NV\ISIC_0061545.jpg,isic_0061545,5,86f800db71100fc1bb4714dbc56d20ebc3cddec4c980b0554f4c4db73b862c9b,21904,2
C:\SRS(ISIC_2019)\Dataset\NV\ISIC_0061546.jpg,isic_0061546,5,84c529e7e53b1e856bba46a7165c9da4f3322b442d351521ab3c453b00e14096,21905,2
C:\SRS(ISIC_2019)\Dataset\NV\ISIC_0061551.jpg,isic_0061551,5,c2c348fcd864c2e316a3a1bd1860544ec8328f43236baba6dbaf55613c1dd200,21906,2
C:\SRS(ISIC_2019)\Dataset\NV\ISIC_0061565.jpg,isic_0061565,5,d0261b25024e839eb05031705e35fe3f5e59596a0f3258a2308331af2b941608,21912,2
C:\SRS(ISIC_2019)\Dataset\NV\ISIC_0061590.jpg,isic_0061590,5,09b7f46bdbaa685943562b20714ca1624d36e814f20fb8be43a6460dbb67ba70,21916,2
C:\SRS(ISIC_2019)\Dataset\NV\ISIC_0061594.jpg,isic_0061594,5,0854ec16d4d6cc7df0125da638ab13eca9d142beb02dcb413fa111d612ab302a,21917,2
C:\SRS(ISIC_2019)\Dataset\NV\ISIC_0061607.jpg,isic_0061607,5,e1a5957461bfe393fa6b1827400c23459225e5bbb439994401a1b4c6f7baf2e8,21919,2
C:\SRS(ISIC_2019)\Dataset\NV\ISIC_0061627.jpg,isic_0061627,5,8685bda6be25d42132f1652fa771ec4ee2da0db3162d5b7f8b6f301878f03cff,21923,2
C:\SRS(ISIC_2019)\Dataset\NV\ISIC_0061632.jpg,isic_0061632,5,654e9adfbb273ef9c5202c5260a63f282e1324e26f2661f8ba88c9b7d578f156,21925,2
C:\SRS(ISIC_2019)\Dataset\NV\ISIC_0061668.jpg,isic_0061668,5,cb7439186a40824a6810dc6ed0c259db630e08f966c85ed478d69ac8e23a264b,21933,2
C:\SRS(ISIC_2019)\Dataset\NV\ISIC_0061702.jpg,isic_0061702,5,d2c5d9bda3d02592dd8758237536f05d9052879fe72aca055a3cba3f696fd2d9,21938,2
C:\SRS(ISIC_2019)\Dataset\NV\ISIC_0061706.jpg,isic_0061706,5,044138b4d96f0e0236d4778dc6ac8f1caf69b91ab96d65012943e3f0c26c55d5,21939,2
C:\SRS(ISIC_2019)\Dataset\NV\ISIC_0061729.jpg,isic_0061729,5,285dc52dc14ce02150bbf45cd82acd57f5b2914415af475b839e429d85a0009a,21943,2
C:\SRS(ISIC_2019)\Dataset\NV\ISIC_0061733.jpg,isic_0061733,5,dd1944d8280e319a77b9424ef2b05c0c0168f34dee07faa9a4cc2eab2fecb9d9,21945,2
C:\SRS(ISIC_2019)\Dataset\NV\ISIC_0061734.jpg,isic_0061734,5,35e4dd79006ea5a3cd578f1d08301dda99c12e86c91c69aee23e655dd7a9c0d3,21946,2
C:\SRS(ISIC_2019)\Dataset\NV\ISIC_0061737.jpg,isic_0061737,5,3cc5e85b92c165ab8817aa964b5427c8efb6ef585a2ca31d67e5d050ef6fc5b8,21947,2
C:\SRS(ISIC_2019)\Dataset\NV\ISIC_0061745.jpg,isic_0061745,5,0f92537a575f78493603d80eab9abb00a352bae7c0822ead9c5c14ae570a253e,21949,2
C:\SRS(ISIC_2019)\Dataset\NV\ISIC_0061772.jpg,isic_0061772,5,1cd6930a964fd39a0700fcab8ed76406263d6466b521c185d83674155c23596b,21953,2
C:\SRS(ISIC_2019)\Dataset\NV\ISIC_0061800.jpg,isic_0061800,5,705727c027f8e72686bd22123d86bd198c0550757e662a3d72e196bf830b0fec,21960,2
C:\SRS(ISIC_2019)\Dataset\NV\ISIC_0061846.jpg,isic_0061846,5,6d7c901b10d0ccbb99a9fa2142d2380da401ce2ac20e627e1dcfc097c6cca472,21972,2
C:\SRS(ISIC_2019)\Dataset\NV\ISIC_0061860.jpg,isic_0061860,5,9ad788963b1fcb7de3f77456657537534d535850b4c81abaef32b1886dc73641,21979,2
C:\SRS(ISIC_2019)\Dataset\NV\ISIC_0061903.jpg,isic_0061903,5,17fd7d36274a9cfc195b5c4be870eed4e8cfc6ddf153995b1c6fd61535d93d59,21984,2
C:\SRS(ISIC_2019)\Dataset\NV\ISIC_0062049.jpg,isic_0062049,5,12c7a9c9ad882861105c4cb37211bca6cde3fc0689618a03579e1d1a3cb86569,22012,2
C:\SRS(ISIC_2019)\Dataset\NV\ISIC_0062050.jpg,isic_0062050,5,4ff4f25eac04592184b303a9cd2b4dbd069d13ce2749f20c6a096777455de8e7,22013,2
C:\SRS(ISIC_2019)\Dataset\NV\ISIC_0062113.jpg,isic_0062113,5,43ebbc76002428ff41f85371987423586e94603cbdc90bebfab82c136e4b24d9,22026,2
C:\SRS(ISIC_2019)\Dataset\NV\ISIC_0062185.jpg,isic_0062185,5,49b384e7db9bbeecc5f8f862843f714f913bf12736a60516194bb82951637e06,22041,2
C:\SRS(ISIC_2019)\Dataset\NV\ISIC_0062193.jpg,isic_0062193,5,bffebdbcea017482629a21bd6b370c69a0604f3262a923e24b3d7a9b3420d4c1,22044,2
C:\SRS(ISIC_2019)\Dataset\NV\ISIC_0062215.jpg,isic_0062215,5,1e3345f241162a6dac76905be3a724886bc9c262c2db5398eede63a22c67f4b5,22051,2
C:\SRS(ISIC_2019)\Dataset\NV\ISIC_0062221.jpg,isic_0062221,5,f2619aed902608632802c774aa05bdba5a202b8d863ed608321c2e8698fd24d4,22052,2
C:\SRS(ISIC_2019)\Dataset\NV\ISIC_0062223.jpg,isic_0062223,5,3c87e6ade74161eb9ecac0de590f32f90ff83bbb52e31a1aeffd73eccc431224,22053,2
C:\SRS(ISIC_2019)\Dataset\NV\ISIC_0062246.jpg,isic_0062246,5,e54b25e621784c5beedbc871ce366eb1384d1cefd30c7f68699e9eeec49d86cd,22055,2
C:\SRS(ISIC_2019)\Dataset\NV\ISIC_0062292.jpg,isic_0062292,5,85ea17eaaa297ba239ed7836db6a782f1b1671558ca3e7394a4b8c0bcff2573b,22064,2
C:\SRS(ISIC_2019)\Dataset\NV\ISIC_0062295.jpg,isic_0062295,5,c77ae2df6b1a44a22cd3172e785ddc86b09490962fe9fb8048de145bf7a87768,22066,2
C:\SRS(ISIC_2019)\Dataset\NV\ISIC_0062311.jpg,isic_0062311,5,b1501dffdd885251cec31bce5d3bdea286dab7d347f6411d4bd1d741e0453528,22071,2
C:\SRS(ISIC_2019)\Dataset\NV\ISIC_0062357.jpg,isic_0062357,5,ce10d6f1b12d272c4e8b84d4bf72195884251b4a3779d9b784f5d48da7b2381f,22083,2
C:\SRS(ISIC_2019)\Dataset\NV\ISIC_0062404.jpg,isic_0062404,5,57ee2e5bebe089cef9c1263562236e2af04305292a6f5a3c01f4608a62dbba73,22095,2
C:\SRS(ISIC_2019)\Dataset\NV\ISIC_0062417.jpg,isic_0062417,5,24ff18a3083f15e5b3eca128536b322f571354c623c9c7d734901fb1e4e3877d,22097,2
C:\SRS(ISIC_2019)\Dataset\NV\ISIC_0062422.jpg,isic_0062422,5,f113fbcedbef7351527cf839cfee258b7c9571edb68bfba2b4e2cc21b081862c,22100,2
C:\SRS(ISIC_2019)\Dataset\NV\ISIC_0062456.jpg,isic_0062456,5,d05d733a00bf2b6a0b6f94bf024d993b9bf4c07bcd05f80c6a1efaaebc0f1697,22109,2
C:\SRS(ISIC_2019)\Dataset\NV\ISIC_0062484.jpg,isic_0062484,5,d03e7372e3919503ba409fd0a615cbcf067de8ae30a343f6878ca648c5fe4eff,22115,2
C:\SRS(ISIC_2019)\Dataset\NV\ISIC_0062498.jpg,isic_0062498,5,7d75b2370abea0f02f36b41ed845b15d924f9ad764a1157ad73e5df52801c4be,22120,2
C:\SRS(ISIC_2019)\Dataset\NV\ISIC_0062503.jpg,isic_0062503,5,986ad1661a302942aca24841e2a1e56bcd54df15a1d5f12a48691666adb26776,22122,2
C:\SRS(ISIC_2019)\Dataset\NV\ISIC_0062506.jpg,isic_0062506,5,9d0e91700e2932f3dd8b628682f5206aa9f97fdc51fdd9fcbc5420ebc04ff6df,22123,2
C:\SRS(ISIC_2019)\Dataset\NV\ISIC_0062507.jpg,isic_0062507,5,dddf1afd3ef81369cab498d7d3f25061d157364aaa1052f8e7a4e813b83e0f0c,22124,2
C:\SRS(ISIC_2019)\Dataset\NV\ISIC_0062537.jpg,isic_0062537,5,d64c840b4b8ec037a04498725805fc165960a1a8ddafc6fdb3179413f2582c95,22131,2
C:\SRS(ISIC_2019)\Dataset\NV\ISIC_0062548.jpg,isic_0062548,5,5583f2e2fb580f5a48f72569fe1857a335c01861883ca192cf9c2e127eab4d2d,22136,2
C:\SRS(ISIC_2019)\Dataset\NV\ISIC_0062648.jpg,isic_0062648,5,4a173ad4e1938222b0183942cffe6bf93b9331731aec1270c7361b89de552e38,22151,2
C:\SRS(ISIC_2019)\Dataset\NV\ISIC_0062655.jpg,isic_0062655,5,6bde32a20413cc5dbfd0a5162cf3e6485a39e779d3c5f12b3d7ff4b8419f6646,22152,2
C:\SRS(ISIC_2019)\Dataset\NV\ISIC_0062703.jpg,isic_0062703,5,a8110b80f4c8a10bb948e5f52aa0e91720ec2211aff6891c0a28fcdd965a6d4d,22160,2
C:\SRS(ISIC_2019)\Dataset\NV\ISIC_0062718.jpg,isic_0062718,5,80c7e4e7cba4e9d5ce50b34148bf04449710ab37d3ea94d60783fb796675ea65,22165,2
C:\SRS(ISIC_2019)\Dataset\NV\ISIC_0062731.jpg,isic_0062731,5,408fc1cabe332eaf33aae1fcfc69142100aff3c7ef38d7037dd6e3b080495898,22168,2
C:\SRS(ISIC_2019)\Dataset\NV\ISIC_0062750.jpg,isic_0062750,5,b4f9697fb14b7ba41f440e374baa8b661c347c56b43eca1a9123e134293674ca,22172,2
C:\SRS(ISIC_2019)\Dataset\NV\ISIC_0062785.jpg,isic_0062785,5,b2b4ec929450eba81f75e4ce4a7f5c6711e57e9d9c72dfe7f55f21be66b18613,22181,2
C:\SRS(ISIC_2019)\Dataset\NV\ISIC_0062801.jpg,isic_0062801,5,514f84c9c5beb06400ed6270079a47eb231773b723eb00cacb2ed242ec51b5b7,22185,2
C:\SRS(ISIC_2019)\Dataset\NV\ISIC_0062812.jpg,isic_0062812,5,6d7d173c6e61be69a58fa14d2e4f18ff647ce733c11bbc20dd8eb139438adf3e,22189,2
C:\SRS(ISIC_2019)\Dataset\NV\ISIC_0062863.jpg,isic_0062863,5,86ccdfa68bee1131ca09f94b46bf72f168a39a154b3ba04674af95dbf72daab7,22204,2
C:\SRS(ISIC_2019)\Dataset\NV\ISIC_0062911.jpg,isic_0062911,5,f85d5ec60fac3890771b496c0947bce639c0255b631e8d92eeaaf3a754b111b6,22215,2
C:\SRS(ISIC_2019)\Dataset\NV\ISIC_0062979.jpg,isic_0062979,5,b8c6f51ab93471dcf305da5d141a86283e3ae3c2cb961ad23efe81eaa2a719a8,22229,2
C:\SRS(ISIC_2019)\Dataset\NV\ISIC_0063015.jpg,isic_0063015,5,8d68de52316880074371b7808130f2a4f73a77e0329368101dcfce666872fa0a,22237,2
C:\SRS(ISIC_2019)\Dataset\NV\ISIC_0063020.jpg,isic_0063020,5,9345fa9b62d9aa27dc7099993affc474d158666af1bafc7bc2953c3d2842472b,22238,2
C:\SRS(ISIC_2019)\Dataset\NV\ISIC_0063051.jpg,isic_0063051,5,87bc33d12cc7cb727fcc30bb56602204cd501eaa02d9d513969e5673e19ac87d,22245,2
C:\SRS(ISIC_2019)\Dataset\NV\ISIC_0063062.jpg,isic_0063062,5,e3e802b642d5a88d83f52905c78db1f44a43a2c5cf8344627d261e3dcd46d3ae,22247,2
C:\SRS(ISIC_2019)\Dataset\NV\ISIC_0063079.jpg,isic_0063079,5,3da6025c40d436b579742fc712b44b867dec89a78034a29298f07e8df1e1788c,22248,2
C:\SRS(ISIC_2019)\Dataset\NV\ISIC_0063088.jpg,isic_0063088,5,bfe6fd4cc929accd71ff412f41a2958e78d19b9ed23ff59e7f9af2a8166e4d0b,22250,2
C:\SRS(ISIC_2019)\Dataset\NV\ISIC_0063092.jpg,isic_0063092,5,8e4990e544204b03a2088a1debca40912a3fd61df03e60032080ef0fa836c8f5,22251,2
C:\SRS(ISIC_2019)\Dataset\NV\ISIC_0063123.jpg,isic_0063123,5,655228bc1f4c31b4ba578a64f6782182c5cc9b9df604ccae9be14aaf4519d09d,22257,2
C:\SRS(ISIC_2019)\Dataset\NV\ISIC_0063128.jpg,isic_0063128,5,9a0c8ebf59ef61deca26f38e85f941800f5e11447b6819712f9e45df2b879b02,22258,2
C:\SRS(ISIC_2019)\Dataset\NV\ISIC_0063155.jpg,isic_0063155,5,72aab0837f3c0d21ba3cd44bb69294970e6688082eba1fd867be3ee36a89cbf7,22262,2
C:\SRS(ISIC_2019)\Dataset\NV\ISIC_0063238.jpg,isic_0063238,5,66164d903043f03877141d0dfe3bd190c146d6e641b8921d1e9ad2c520735dc0,22275,2
C:\SRS(ISIC_2019)\Dataset\NV\ISIC_0063244.jpg,isic_0063244,5,8c72b2a70b994d409f5a1fd539bcd34980517041415fcd05ac5addd20c866b1d,22277,2
C:\SRS(ISIC_2019)\Dataset\NV\ISIC_0063252.jpg,isic_0063252,5,b94c90bfd30713ae028f18aa787a446392a330ae49008c81ce75ee550834a2f6,22280,2
C:\SRS(ISIC_2019)\Dataset\NV\ISIC_0063267.jpg,isic_0063267,5,4a5708648046ba5a0228c3cabce0331753b548a45bd22133a721ab010ea8c120,22282,2
C:\SRS(ISIC_2019)\Dataset\NV\ISIC_0063299.jpg,isic_0063299,5,ee4cfaf015fa51a92516db8de47ccb1100851e03bd2ba8a3580646f5e9b36661,22286,2
C:\SRS(ISIC_2019)\Dataset\NV\ISIC_0063309.jpg,isic_0063309,5,1226dc8a900dcd25352b177ee964b504697d489a7e03f3dcfd7919f65e3b7290,22287,2
C:\SRS(ISIC_2019)\Dataset\NV\ISIC_0063312.jpg,isic_0063312,5,c7d8331bf9a00cc4c5d82428c373db1d64eacaf18264e15d0c909f080d550213,22288,2
C:\SRS(ISIC_2019)\Dataset\NV\ISIC_0063313.jpg,isic_0063313,5,0f1e9429e7bd1fae6972954642ec515c2375e1c1ba5a960901f2d73f8396d2a2,22289,2
C:\SRS(ISIC_2019)\Dataset\NV\ISIC_0063327.jpg,isic_0063327,5,b89102cba10dceed3c0f4e5d2d1897e5a027ecd8860572be82177d2debb4025c,22295,2
C:\SRS(ISIC_2019)\Dataset\NV\ISIC_0063378.jpg,isic_0063378,5,19b6efcc17cb02d77b6501967965dcb366182ef509003864884b47d6bb7982ab,22303,2
C:\SRS(ISIC_2019)\Dataset\NV\ISIC_0063385.jpg,isic_0063385,5,304b98daddee17616ce0f5a667039a51ba13b0226052126acfe4ea4c517315d9,22305,2
C:\SRS(ISIC_2019)\Dataset\NV\ISIC_0063386.jpg,isic_0063386,5,7a3a407b208dd06512c4de13d0633d2f7ec093ceec7a05ab6baea09ff12e5441,22306,2
C:\SRS(ISIC_2019)\Dataset\NV\ISIC_0063388.jpg,isic_0063388,5,a4da656feb8e2bfeb825e3e47199b2ea99b44e4115553db816e95b6e7b06bbcb,22307,2
C:\SRS(ISIC_2019)\Dataset\NV\ISIC_0063389.jpg,isic_0063389,5,01d57808dcd2f6b8b48a2710cd5dd43d9353592ff871e6f701ad04843febb778,22308,2
C:\SRS(ISIC_2019)\Dataset\NV\ISIC_0063473.jpg,isic_0063473,5,7caea5cc80c08bd5f3ec0c8c42ec5c0c4db995774a8df1b00c7cb9f9bafd438c,22326,2
C:\SRS(ISIC_2019)\Dataset\NV\ISIC_0063516.jpg,isic_0063516,5,d498515f0b85d8277e03879078bed11b1b2514ee80f4fb624eac6d840e7063d5,22335,2
C:\SRS(ISIC_2019)\Dataset\NV\ISIC_0063518.jpg,isic_0063518,5,6655e0853014e448eb47e6f52fb4d83d04f832740227cc323ec2059910638e1b,22336,2
C:\SRS(ISIC_2019)\Dataset\NV\ISIC_0063589.jpg,isic_0063589,5,23a692176a6119ec272dcfcd875fc82914affdc6f43bbf019f667949a9372142,22351,2
C:\SRS(ISIC_2019)\Dataset\NV\ISIC_0063600.jpg,isic_0063600,5,5ed736a75570ee797f4bec20da28e9c9ac6c7c8053593f6a85b6260cc4426daf,22355,2
C:\SRS(ISIC_2019)\Dataset\NV\ISIC_0063650.jpg,isic_0063650,5,fe4ed6b6baea6f92fff96e148192ec2f6ad5d3a99fc939335c5d9a70852d7c2c,22370,2
C:\SRS(ISIC_2019)\Dataset\NV\ISIC_0063659.jpg,isic_0063659,5,96332e512671f4bed75bca58945011ed4734a587fdd2d9af6196d04173b9855e,23983,2
C:\SRS(ISIC_2019)\Dataset\NV\ISIC_0063681.jpg,isic_0063681,5,68679d2e87ab19c86c91d47c8bdcd0444f502c79413036cd030acc8a64f78983,22377,2
C:\SRS(ISIC_2019)\Dataset\NV\ISIC_0063735.jpg,isic_0063735,5,c051fe384770c5e1186df2db2ed9a355f733b9122561f85ba391b5c4303941e7,22388,2
C:\SRS(ISIC_2019)\Dataset\NV\ISIC_0063765.jpg,isic_0063765,5,d2100b2483758d823bdc678489f72f0a26252c02c6724fbfa1f05971dc03aec7,22394,2
C:\SRS(ISIC_2019)\Dataset\NV\ISIC_0063768.jpg,isic_0063768,5,82bd4bd14f22e9ba17d57abf177ff451f878df680008ec5acaa3757c5ecf13bd,22395,2
C:\SRS(ISIC_2019)\Dataset\NV\ISIC_0063801.jpg,isic_0063801,5,96a4f053b1d87441aaf05d6d7e5915c0afc98b9cbc1d7b3d1960de16e068c212,22400,2
C:\SRS(ISIC_2019)\Dataset\NV\ISIC_0063804.jpg,isic_0063804,5,2e51f0042d95c8cb11ba04908e290d0a001a63e4bbca840f51815f0eb2c50343,22401,2
C:\SRS(ISIC_2019)\Dataset\NV\ISIC_0063805.jpg,isic_0063805,5,ac911b2b2cd4a22df10ac4364b6cc5412c67544843e15c49cb6b81ea27217fe4,22402,2
C:\SRS(ISIC_2019)\Dataset\NV\ISIC_0063834.jpg,isic_0063834,5,96e6ea6272ee2eb3125f75940db17d1472709390ecd83f9c63d4d864187b9bac,22407,2
C:\SRS(ISIC_2019)\Dataset\NV\ISIC_0063838.jpg,isic_0063838,5,99fd079fcb96ff93dba3db15991d37a0579a53d615941d118ec63368594cc27c,22409,2
C:\SRS(ISIC_2019)\Dataset\NV\ISIC_0063843.jpg,isic_0063843,5,ed938c954e469864d51ee8c0b08e4c9f4bf5283b1ec142580dd7f6de201f38a2,22410,2
C:\SRS(ISIC_2019)\Dataset\NV\ISIC_0063850.jpg,isic_0063850,5,7ba43de3799088ce533506ee848668cfdc7eeaa68a15d5a40e242f6e14b6f62c,22412,2
C:\SRS(ISIC_2019)\Dataset\NV\ISIC_0063853.jpg,isic_0063853,5,03f858fbc2600faed153d47ddf9bca3ac860335fe849e69339868277f932762f,22413,2
C:\SRS(ISIC_2019)\Dataset\NV\ISIC_0063869.jpg,isic_0063869,5,c337e293fe048d213a6f70479dc929201e82750620254a915da31e1025a7c8c9,22415,2
C:\SRS(ISIC_2019)\Dataset\NV\ISIC_0063880.jpg,isic_0063880,5,df156d9d6a5f1f0504df316587965dfa2f3d13e601f5a8c6ad4868c5d799f887,22418,2
C:\SRS(ISIC_2019)\Dataset\NV\ISIC_0063882.jpg,isic_0063882,5,73aaa9856eeeb84d2b53ed58801509d796dc8a634ceddda1081a5fac38eb50f1,22419,2
C:\SRS(ISIC_2019)\Dataset\NV\ISIC_0063906.jpg,isic_0063906,5,ff0318574ff42b173662f84d427718d8079f93ab1bed4ae8c6c923be6d92eaeb,22424,2
C:\SRS(ISIC_2019)\Dataset\NV\ISIC_0063910.jpg,isic_0063910,5,959c09b86acedfc192dfbc2bc34c0b4767b3cf57de4d61c57faf640b8a7b8ee9,22426,2
C:\SRS(ISIC_2019)\Dataset\NV\ISIC_0063943.jpg,isic_0063943,5,ffdef72ec170971b212f6a06b70c0aaa6dfcb72cbe904aba03fbc38f2aae64af,22434,2
C:\SRS(ISIC_2019)\Dataset\NV\ISIC_0063949.jpg,isic_0063949,5,acce22ae0c56e019a0a2a1e2617eca40e5eb39c231ca5a111ea992720db2d795,22436,2
C:\SRS(ISIC_2019)\Dataset\NV\ISIC_0063963.jpg,isic_0063963,5,46719434e848494af81fc53cb85714f05bd69d98519686b95827b1c535617cef,22440,2
C:\SRS(ISIC_2019)\Dataset\NV\ISIC_0063965.jpg,isic_0063965,5,334ced4bc1b62a7adc8fd7c27b62e32f4fa1337a067185cebf6bc8c4acfa305f,22441,2
C:\SRS(ISIC_2019)\Dataset\NV\ISIC_0063990.jpg,isic_0063990,5,7fc8a25a0bf6c1bd0c28807f1c10a20311723c38eb323d524e4fb44337c27934,22447,2
C:\SRS(ISIC_2019)\Dataset\NV\ISIC_0064028.jpg,isic_0064028,5,a05d5f836e4656e532d2970a914cf8a188e3798b86a70117aabd19858cd3786b,22457,2
C:\SRS(ISIC_2019)\Dataset\NV\ISIC_0064039.jpg,isic_0064039,5,a37529fcfa2ba6aae6a1b49f5032884c4a59e630732611ab5b1e1d59d84c4e5d,22460,2
C:\SRS(ISIC_2019)\Dataset\NV\ISIC_0064042.jpg,isic_0064042,5,f083aeb7caef8a2797f94b4c9772e80d5504dc5e82965673ac3596cbaee1215d,22461,2
C:\SRS(ISIC_2019)\Dataset\NV\ISIC_0064108.jpg,isic_0064108,5,a2ac4112a456ae286d2d5e3697ba6a3dffabd1c10a55a6e809a4f0c798b17b5a,22473,2
C:\SRS(ISIC_2019)\Dataset\NV\ISIC_0064139.jpg,isic_0064139,5,75adf20041193bcca59883ef4bac22d6abd8a5319faf65cdb7e33cf08d90822a,22478,2
C:\SRS(ISIC_2019)\Dataset\NV\ISIC_0064142.jpg,isic_0064142,5,5bd174567d24bcfeca98cd38891e856dbfecc114d7e1b026190113dc3f819472,22479,2
C:\SRS(ISIC_2019)\Dataset\NV\ISIC_0064153.jpg,isic_0064153,5,4907709234ee65ecf975833cf3ce0be4793761448614b5357a03ffeab4e55e5e,22481,2
C:\SRS(ISIC_2019)\Dataset\NV\ISIC_0064160.jpg,isic_0064160,5,30356e973c66f85ac4ed132a4055b3367db375f5ab72b018253d299d0ef46e40,22483,2
C:\SRS(ISIC_2019)\Dataset\NV\ISIC_0064166.jpg,isic_0064166,5,86839ed1cb4ba828481540cafce42b10d808cc2d82238b3317b620624a45ec8e,22484,2
C:\SRS(ISIC_2019)\Dataset\NV\ISIC_0064173.jpg,isic_0064173,5,479b86723271ef03889f0d716127f2f052064555f774fc4d1148d77a0e8c1372,22485,2
C:\SRS(ISIC_2019)\Dataset\NV\ISIC_0064191.jpg,isic_0064191,5,275b1ee85fbae489e09235aa014038a30d6198d202560e588791bac793aefcf9,22490,2
C:\SRS(ISIC_2019)\Dataset\NV\ISIC_0064219.jpg,isic_0064219,5,b9c09f6200c9a3a3dc00d53c5391fd0663f47db0becaf33f7ef30180a6cbfba7,22497,2
C:\SRS(ISIC_2019)\Dataset\NV\ISIC_0064227.jpg,isic_0064227,5,0defd46bee00306f16822c1ced0f008b2fa9d7f5f79374c107b2896cc83712fb,22499,2
C:\SRS(ISIC_2019)\Dataset\NV\ISIC_0064251.jpg,isic_0064251,5,53797b4490b7b4bf4c657642af678098d7a865e946fe1cf29a97546e801965ef,22502,2
C:\SRS(ISIC_2019)\Dataset\NV\ISIC_0064260.jpg,isic_0064260,5,1f8f129be8c6497ef6640255bdc58139207260fb507ddf718c0409b8cd0c0bdc,22504,2
C:\SRS(ISIC_2019)\Dataset\NV\ISIC_0064263.jpg,isic_0064263,5,d2a1bc9d2e7177cd34429442a07b3ef67c683c08ff025f02e678d5d544cff095,22505,2
C:\SRS(ISIC_2019)\Dataset\NV\ISIC_0064265.jpg,isic_0064265,5,a6fe86a7b382f5bba7e0d63959be97eb52bafd93faec8ac261b1422d3ebf02a7,22506,2
C:\SRS(ISIC_2019)\Dataset\NV\ISIC_0064316.jpg,isic_0064316,5,147fa8eb7cbb4416a3bf6eed85e42014eabacfe99d54d9a070573ff30ed4b4cd,22518,2
C:\SRS(ISIC_2019)\Dataset\NV\ISIC_0064318.jpg,isic_0064318,5,e60def8cc6a60502a579873e9d3d354cbef2f6f711d6d9d610d18c08359aa572,22519,2
C:\SRS(ISIC_2019)\Dataset\NV\ISIC_0064319.jpg,isic_0064319,5,70e7e484ba459e3a7545c83a9c90f3b6ef1be975cbec3f61c8e564ddde2a6bd1,22520,2
C:\SRS(ISIC_2019)\Dataset\NV\ISIC_0064335.jpg,isic_0064335,5,f005a5ca33fb56780984255635cdbf69160af8786103872509242b5e8ae2bb0b,22523,2
C:\SRS(ISIC_2019)\Dataset\NV\ISIC_0064362.jpg,isic_0064362,5,bbe3722012325b52581d4a6aa5bf369b566f51589cae6f4a0645c7833d9e5bba,22525,2
C:\SRS(ISIC_2019)\Dataset\NV\ISIC_0064367.jpg,isic_0064367,5,4b0ab00188b9f0fb60fdf9957f97e4b5657621284385a6e2bcb07611dd6cd4b2,22528,2
C:\SRS(ISIC_2019)\Dataset\NV\ISIC_0064382.jpg,isic_0064382,5,1f1386d4f61fa69c81ff40b2dc8264fba592bdf42ebbc2632290c06d5ab7dfc1,22531,2
C:\SRS(ISIC_2019)\Dataset\NV\ISIC_0064401.jpg,isic_0064401,5,3427451443175a838d18caf10284bf695e5b52b4f7a8d3095476efb0fc0b9577,22537,2
C:\SRS(ISIC_2019)\Dataset\NV\ISIC_0064449.jpg,isic_0064449,5,be5057659f37159b112d95798ba0382721f974072ee86b16798d04c22358adc1,22546,2
C:\SRS(ISIC_2019)\Dataset\NV\ISIC_0064468.jpg,isic_0064468,5,e7d294f843406f05d96fb3bbd139d7d535d5061b27ede7358abc854b808b385c,22550,2
C:\SRS(ISIC_2019)\Dataset\NV\ISIC_0064485.jpg,isic_0064485,5,fd2f4ea8c0b91e7b09a31b203c9db989d44f7346007cd7eb388461bd97ca1068,22554,2
C:\SRS(ISIC_2019)\Dataset\NV\ISIC_0064489.jpg,isic_0064489,5,7334fbe392146c5ba1ac56c3bc0db0dc24b8758297a56dacddef60715e191b76,22557,2
C:\SRS(ISIC_2019)\Dataset\NV\ISIC_0064501.jpg,isic_0064501,5,3eabdf0169f94c681231bd2e437fef97b9b691b2425d5ad8ae863cfe3ee50fd7,22560,2
C:\SRS(ISIC_2019)\Dataset\NV\ISIC_0064523.jpg,isic_0064523,5,4fd14f0fe70df42c2a9a90faa34b5ff10a86bdbd2d6d57484d1a78a50eac0e27,22562,2
C:\SRS(ISIC_2019)\Dataset\NV\ISIC_0064525.jpg,isic_0064525,5,f663f683c2ee18264727ba5d64551ef0d7cb6300f2881ee7b59af1720a81742c,22563,2
C:\SRS(ISIC_2019)\Dataset\NV\ISIC_0064561.jpg,isic_0064561,5,58ce82a6bcbdacbec70b100a15115263761fccd56271b784f99a6fd65402f0c7,22573,2
C:\SRS(ISIC_2019)\Dataset\NV\ISIC_0064616.jpg,isic_0064616,5,08b88b288002ff5ceb3a7198b225344981425cac3e9e8f1e562a00a8f6c6530b,22581,2
C:\SRS(ISIC_2019)\Dataset\NV\ISIC_0064627.jpg,isic_0064627,5,b21e520b1d9084223e405775c4710f44b25e22f9f6f1322c67377c1daff51c2b,22582,2
C:\SRS(ISIC_2019)\Dataset\NV\ISIC_0064634.jpg,isic_0064634,5,98d7be1442ff414b32d16ac714571688f8840827e55f668ba2ac31f94631e46a,22583,2
C:\SRS(ISIC_2019)\Dataset\NV\ISIC_0064648.jpg,isic_0064648,5,fe2fea350764f4b3cac78752c00dbecd4f17fe31b00f5c3ca736d03bed1344bf,22587,2
C:\SRS(ISIC_2019)\Dataset\NV\ISIC_0064691.jpg,isic_0064691,5,b88b3dbccbce1b6d0fb0434aa319520eed1ba379ddcc288ff2a20a5800ba07c9,22599,2
C:\SRS(ISIC_2019)\Dataset\NV\ISIC_0064709.jpg,isic_0064709,5,9155ec4772e3431aadc49a3ca6e1a7f2bf5eb689d2a4cc44ce28d4e6f81424b1,22606,2
C:\SRS(ISIC_2019)\Dataset\NV\ISIC_0064710.jpg,isic_0064710,5,ef048ad268508d878e9e02e0e74dffd973a71d80f6c2f951a02ba2f09958ba50,22607,2
C:\SRS(ISIC_2019)\Dataset\NV\ISIC_0064799.jpg,isic_0064799,5,eb95bb80af67d06a14afbd14071bcfbf165be38336e99e6d19c4f0787234f2e5,22626,2
C:\SRS(ISIC_2019)\Dataset\NV\ISIC_0064853.jpg,isic_0064853,5,81f56fcdbd9781bfbfc68e35f6e6b0b65b03f7208572e2807671c30c92a8c8e2,22638,2
C:\SRS(ISIC_2019)\Dataset\NV\ISIC_0064858.jpg,isic_0064858,5,707d8834961747d895e5ad2cb1c34444f8a26dfb09c53d35c185053205b5f989,22640,2
C:\SRS(ISIC_2019)\Dataset\NV\ISIC_0064865.jpg,isic_0064865,5,8f091aac9c553384c304543a0fba80c99a3fc61fdc8b6941ba7b3a2d78b4ac9f,22641,2
C:\SRS(ISIC_2019)\Dataset\NV\ISIC_0064866.jpg,isic_0064866,5,8d98e51397f0d0d09e7810b0a5ac36771e8c73081789c0031c91a2d3bf2c323d,22642,2
C:\SRS(ISIC_2019)\Dataset\NV\ISIC_0064912.jpg,isic_0064912,5,0df2d8b47f2bd322e2c661d0265149bc80795e254d3223b41d49d2b1b20bb7ba,22650,2
C:\SRS(ISIC_2019)\Dataset\NV\ISIC_0065072.jpg,isic_0065072,5,a1775a7123f1ea377fcbd8f68eed10c69c9ae463e822abe18ab23d67bc4afd9b,22677,2
C:\SRS(ISIC_2019)\Dataset\NV\ISIC_0065102.jpg,isic_0065102,5,019169a986e9b2d4ca8ffe998412a5d339e04192f07c05af23a9b4739e5cf2e3,22681,2
C:\SRS(ISIC_2019)\Dataset\NV\ISIC_0065158.jpg,isic_0065158,5,6a65b8a5736316c638a8bf6a45b70a87feef8e41513a7fd79fef2b3d52d1e330,22690,2
C:\SRS(ISIC_2019)\Dataset\NV\ISIC_0065163.jpg,isic_0065163,5,aba0eba4182fa693838b573232f32af66b3636ad122486002aa277b6eeb144bc,22692,2
C:\SRS(ISIC_2019)\Dataset\NV\ISIC_0065200.jpg,isic_0065200,5,b4d02dd92f3fb2eff13ebe2ba5a618ec3bf59654b08c90c0fc46b3997431820e,22697,2
C:\SRS(ISIC_2019)\Dataset\NV\ISIC_0065201.jpg,isic_0065201,5,972053a15020a3e0ffd8d3068bc3f1caf3ffb7f0e59f7b05999b8bf3db688472,22698,2
C:\SRS(ISIC_2019)\Dataset\NV\ISIC_0065223.jpg,isic_0065223,5,69ebce8be5814fb1a855316662829eaa3866185048614a1c0ee0bf689fe44049,22705,2
C:\SRS(ISIC_2019)\Dataset\NV\ISIC_0065275.jpg,isic_0065275,5,680c28ec0fc3ef04829d4f9ea94697185569fa509dc7aceab7ebcac1e024afa1,22720,2
C:\SRS(ISIC_2019)\Dataset\NV\ISIC_0065285.jpg,isic_0065285,5,5d0f09f10d91081f4d53cdcfdfcde67d10b624d3b70f78cc3c4e4c3e92e48e9e,22723,2
C:\SRS(ISIC_2019)\Dataset\NV\ISIC_0065323.jpg,isic_0065323,5,9e7db51d5016519d412ea432385b3f2fcf23c18b61b9c0d2bb2d36ce1008bd1e,22734,2
C:\SRS(ISIC_2019)\Dataset\NV\ISIC_0065333.jpg,isic_0065333,5,42402b912b2be7ad99f1931efd4f3980ef0ea4704d8561d1375a90b95734ffee,22737,2
C:\SRS(ISIC_2019)\Dataset\NV\ISIC_0065377.jpg,isic_0065377,5,1b8e511d8df4ea980eefec0a2deb29f513e9d5166b6e21a1355668d2a0e8fa18,22748,2
C:\SRS(ISIC_2019)\Dataset\NV\ISIC_0065380.jpg,isic_0065380,5,5aa02efd58c42de527f14cf93750ae7d2e870d9a2bcbbb8a2c5554a71a3c7629,22750,2
C:\SRS(ISIC_2019)\Dataset\NV\ISIC_0065403.jpg,isic_0065403,5,454cf7a20fd2256c2fbbf7e02fb6a00f4986753690f9055656eefd3259080b05,22757,2
C:\SRS(ISIC_2019)\Dataset\NV\ISIC_0065493.jpg,isic_0065493,5,9585727415ee4d7b38c7c3ab3d5244a8c6322f071a7a468b3f533947b191535f,22774,2
C:\SRS(ISIC_2019)\Dataset\NV\ISIC_0065501.jpg,isic_0065501,5,20485688bdaa6fdb2a87cc63afb65b1aeb87c87f2a293ed91ec97494b2e90159,22775,2
C:\SRS(ISIC_2019)\Dataset\NV\ISIC_0065506.jpg,isic_0065506,5,15bbdcf8f45adc8b34ee9ad212a73b4864d88b43d14775c41a413114939442d4,22777,2
C:\SRS(ISIC_2019)\Dataset\NV\ISIC_0065517.jpg,isic_0065517,5,7698feaaf755fb483eab511889f3c6191e2f45c10ab77c78def03eab9e8d4c2a,22780,2
C:\SRS(ISIC_2019)\Dataset\NV\ISIC_0065614.jpg,isic_0065614,5,f863af3011002a437e87b0d35d91878a780ea0ac79ca05af034464654901c0bc,22804,2
C:\SRS(ISIC_2019)\Dataset\NV\ISIC_0065619.jpg,isic_0065619,5,52a4319b5b49903a6ae1388443315f47d923c49d6859fe7bf4d6761d44aa332a,22806,2
C:\SRS(ISIC_2019)\Dataset\NV\ISIC_0065672.jpg,isic_0065672,5,eacb71b144737ae1b5bbe1668275a22042a1e252058a2d74c047e3b1a63c9d7b,22814,2
C:\SRS(ISIC_2019)\Dataset\NV\ISIC_0065756.jpg,isic_0065756,5,82c69c305b893d1fb8f60d454bbec5b8227f4d5b0a726167276c65a078efc069,22826,2
C:\SRS(ISIC_2019)\Dataset\NV\ISIC_0065808.jpg,isic_0065808,5,b2aeceac5a024106652dba58614db72423f5a64cac8288ab49e2a5fa15629219,22838,2
C:\SRS(ISIC_2019)\Dataset\NV\ISIC_0065812.jpg,isic_0065812,5,5b1cef6b98a9472d54e17af1f11f4830d01e5a2aaa2edf4aadb7105d4367c58c,22840,2
C:\SRS(ISIC_2019)\Dataset\NV\ISIC_0065837.jpg,isic_0065837,5,87489f92313a5df9cfd20a7d7f2cec0377b0d6483c5d741113a61c77ea82f7dc,22845,2
C:\SRS(ISIC_2019)\Dataset\NV\ISIC_0065854.jpg,isic_0065854,5,571c1435b98645017f5e7ba9b234f199e7c4918c626bc4d37200d92d806f1cbf,22851,2
C:\SRS(ISIC_2019)\Dataset\NV\ISIC_0065900.jpg,isic_0065900,5,bfee6f475fcdb673bc9eb82f2a36394857f6ee128ed6b00841ab18c70e786af6,22856,2
C:\SRS(ISIC_2019)\Dataset\NV\ISIC_0065907.jpg,isic_0065907,5,a9156108d2186a8c44a2997a546177bbed406f07ced83d7c82ed0f3995ea2eae,22857,2
C:\SRS(ISIC_2019)\Dataset\NV\ISIC_0065995.jpg,isic_0065995,5,26238ff7641411f797ac7b5a1c6d9e25e57f7bcc9a9ecb3a9267c49e1409c372,22874,2
C:\SRS(ISIC_2019)\Dataset\NV\ISIC_0066003.jpg,isic_0066003,5,635e958e794e0a169be10a23f2434bc2e36a75859a81d68bae8fb1efc03fc5bc,22877,2
C:\SRS(ISIC_2019)\Dataset\NV\ISIC_0066113.jpg,isic_0066113,5,b3dfe8c55705273ab1242d66d5ea26138472eb72fc6e4bb246cfbe24cbe5d1c0,22900,2
C:\SRS(ISIC_2019)\Dataset\NV\ISIC_0066130.jpg,isic_0066130,5,9147527f1f4a68f5b089688a7b7841e0bf84823c5a423aab5d1dd6d30cab7853,22902,2
C:\SRS(ISIC_2019)\Dataset\NV\ISIC_0066153.jpg,isic_0066153,5,d74ba31f8d571bfdb943883bd57f9d7f04ab292dca2fe63307cc21af57b413a3,22906,2
C:\SRS(ISIC_2019)\Dataset\NV\ISIC_0066174.jpg,isic_0066174,5,283e01e142ee20659afe54d334fdbb2702f8f019f9a36b4a364ab51fd0c4de50,22908,2
C:\SRS(ISIC_2019)\Dataset\NV\ISIC_0066193.jpg,isic_0066193,5,9bc368f87d094b052e44ea33287389f8be77af7a2335995d76d7c5eb7a2242eb,22910,2
C:\SRS(ISIC_2019)\Dataset\NV\ISIC_0066285.jpg,isic_0066285,5,4d862923d502540a3faf2f4b8a74ddb06200c6208776970da2504afcafb1e763,22931,2
C:\SRS(ISIC_2019)\Dataset\NV\ISIC_0066327.jpg,isic_0066327,5,5bd777cd488964fcc13dbd6ccfdfbe85963bac4a3fa8d9a8108e9e18fe0c0066,22940,2
C:\SRS(ISIC_2019)\Dataset\NV\ISIC_0066330.jpg,isic_0066330,5,20f7a19ca0ae80d563a8d4e7ca4f314d8255a8ca0c6f45e03670a9d76eab694c,22942,2
C:\SRS(ISIC_2019)\Dataset\NV\ISIC_0066339.jpg,isic_0066339,5,903bda56ac158268e64f5169b0fb4a34bc93d590addcbcd859fa22f2eda2bf42,22943,2
C:\SRS(ISIC_2019)\Dataset\NV\ISIC_0066383.jpg,isic_0066383,5,348326a65c59bcdb36564af07a37836fbbe1471dea0a01daac36a061c336fe73,22953,2
C:\SRS(ISIC_2019)\Dataset\NV\ISIC_0066480.jpg,isic_0066480,5,2d2cce0a6568c2a01bdb4328e3c1e1d33538d4ad5a497aa306d988859b6f543b,22972,2
C:\SRS(ISIC_2019)\Dataset\NV\ISIC_0066527.jpg,isic_0066527,5,905c090ef93dc245d89790ea07359df78233efe04d7e2fc984a0559420c599e5,22978,2
C:\SRS(ISIC_2019)\Dataset\NV\ISIC_0066550.jpg,isic_0066550,5,4fd171af75c21afddea5b09f09fe45b332ab47f384a5888ab7fdc4c61777e47b,22983,2
C:\SRS(ISIC_2019)\Dataset\NV\ISIC_0066565.jpg,isic_0066565,5,ae0539553ac4be6231b3a6372d893ed83be573ec7a29a49ba71c25b4e3a7831f,22985,2
C:\SRS(ISIC_2019)\Dataset\NV\ISIC_0066574.jpg,isic_0066574,5,89aff5c96484a0a5a9fc9956e2ebd770a6c41a4813b08fb4d5e99933e5f066b5,22987,2
C:\SRS(ISIC_2019)\Dataset\NV\ISIC_0066579.jpg,isic_0066579,5,ce7db7378f3a9a87835502670de19508b2f67e62c8708e678f5ff24c5db1ee6c,22988,2
C:\SRS(ISIC_2019)\Dataset\NV\ISIC_0066604.jpg,isic_0066604,5,b2d9cb62a215b2990550d8a114383ad264d9595b97e5bdc077161f312870c82f,22993,2
C:\SRS(ISIC_2019)\Dataset\NV\ISIC_0066636.jpg,isic_0066636,5,8f2d0e39b150bd2f8c2e2f7c29ea4f56bb2d8264326e8535ebb861a5b30ebe63,23000,2
C:\SRS(ISIC_2019)\Dataset\NV\ISIC_0066641.jpg,isic_0066641,5,a368aa029d130f98528bc392fb6ddb15346ce8adfd2a1c7a4187ec369b261014,23002,2
C:\SRS(ISIC_2019)\Dataset\NV\ISIC_0066661.jpg,isic_0066661,5,b8cfcb944576d978b940f9fbfb892ed2518f7564f19bf1bc7ba2ab34ac871872,23007,2
C:\SRS(ISIC_2019)\Dataset\NV\ISIC_0066711.jpg,isic_0066711,5,2c9e2dbbba3b02635ec0667014b58ae979d783e64e5a72e7351a20c08a4c2bdb,23015,2
C:\SRS(ISIC_2019)\Dataset\NV\ISIC_0066728.jpg,isic_0066728,5,30e3c0e829f500fe14dc5e9da0aba4d621f1632a188bffbc1a492090151bc4e0,23021,2
C:\SRS(ISIC_2019)\Dataset\NV\ISIC_0066739.jpg,isic_0066739,5,4b6521941dc6b710c3685c938317ae8fc3f9665f84028f4cd9dfb1009f3d4a03,23023,2
C:\SRS(ISIC_2019)\Dataset\NV\ISIC_0066746.jpg,isic_0066746,5,9c030118f5eb031edbcac2e7551f09899f53c6d0d7593c77413b6f3a8afef224,23026,2
C:\SRS(ISIC_2019)\Dataset\NV\ISIC_0066779.jpg,isic_0066779,5,09abe0ead194859aabacbbeb85dece0b78217291ae661845ab8e992c595bcc64,23031,2
C:\SRS(ISIC_2019)\Dataset\NV\ISIC_0066784.jpg,isic_0066784,5,c995cc9cffed09e8bbce7d9de2c6e66486e2dd7715a616bb8d573d184f16ba9e,23033,2
C:\SRS(ISIC_2019)\Dataset\NV\ISIC_0066797.jpg,isic_0066797,5,05621fb7f87f9dc70d8546092de09ddba02337a4df1991462d0a5663a8e1d511,23036,2
C:\SRS(ISIC_2019)\Dataset\NV\ISIC_0066818.jpg,isic_0066818,5,09b08d84d347cde891c6dbbb22263ca6c206e6d8b79349d2c741272e6e16fab0,23040,2
C:\SRS(ISIC_2019)\Dataset\NV\ISIC_0066868.jpg,isic_0066868,5,ab534713ef6c206e55e1e202fd07645f77e8062ef44f5a4441bb0dcf5f4d8bc6,23047,2
C:\SRS(ISIC_2019)\Dataset\NV\ISIC_0066876.jpg,isic_0066876,5,a653990268bc7702a01a8c21a9bd3d8ea10b66bd2095d3fe8c7e4e9125ffd094,23051,2
C:\SRS(ISIC_2019)\Dataset\NV\ISIC_0066926.jpg,isic_0066926,5,d55a23d799a011b5e9122c4f5857677e734fec2ca7895dde067fb17cc2744653,23056,2
C:\SRS(ISIC_2019)\Dataset\NV\ISIC_0067007.jpg,isic_0067007,5,1a0d85f1c119fc7fbb26efb7d509bb2f51621086fa7b6cf2aa76ab0fdcd47642,23071,2
C:\SRS(ISIC_2019)\Dataset\NV\ISIC_0067015.jpg,isic_0067015,5,7c52204b962d6645a58602fe287f64a126a79c37e130ca4728fca76f9f682d08,23075,2
C:\SRS(ISIC_2019)\Dataset\NV\ISIC_0067040.jpg,isic_0067040,5,a8d5667e933932a78fb901bbb0ca6f0677e163147da9859995f56ff052114127,23084,2
C:\SRS(ISIC_2019)\Dataset\NV\ISIC_0067077.jpg,isic_0067077,5,c8b4ba8969ca49af00a7adaf8215ac302f771f5c4e1af312de6f1a0445f3b25f,23093,2
C:\SRS(ISIC_2019)\Dataset\NV\ISIC_0067165.jpg,isic_0067165,5,ebf4bc3f7c421fec0d7be0c4de99a15cca6acb54cae280e5535ddafa453c1eff,23107,2
C:\SRS(ISIC_2019)\Dataset\NV\ISIC_0067195.jpg,isic_0067195,5,3755774ed6f9a4aa9c9a9a9a4a01fb987d546b95396beeeb153c31223c63a054,23114,2
C:\SRS(ISIC_2019)\Dataset\NV\ISIC_0067196.jpg,isic_0067196,5,02d439ccc1cfc965369acd1d0f98c59aa24e8756b1f60b816f9161370b331f4a,23115,2
C:\SRS(ISIC_2019)\Dataset\NV\ISIC_0067219.jpg,isic_0067219,5,c84dd841376b532f388fda85975abd165e20b2245d05fa4b2d7cfad7c51f1728,23119,2
C:\SRS(ISIC_2019)\Dataset\NV\ISIC_0067252.jpg,isic_0067252,5,7251a0e283fe598ed10d341868db0a9d03c73ea62d195b0d9ca218800cb3a098,23128,2
C:\SRS(ISIC_2019)\Dataset\NV\ISIC_0067290.jpg,isic_0067290,5,03111875d53a9e33a7ee1c130813a8f054a6813cea0a6657264091e99c291edc,23135,2
C:\SRS(ISIC_2019)\Dataset\NV\ISIC_0067292.jpg,isic_0067292,5,fa0e4447f417348f4dcff361a8ace28952d88ecd7e69be71e67cfd216a01cd07,23136,2
C:\SRS(ISIC_2019)\Dataset\NV\ISIC_0067340.jpg,isic_0067340,5,ee3dcd303a482ebc2036f46c05db15b8f321da4032a7789fb9be0743113b4d23,23149,2
C:\SRS(ISIC_2019)\Dataset\NV\ISIC_0067344.jpg,isic_0067344,5,688a32b8fa80b41eb10e84fd9d180dcb2878039b47503477dc2b18c85071b8d5,23151,2
C:\SRS(ISIC_2019)\Dataset\NV\ISIC_0067348.jpg,isic_0067348,5,1c67feff084d1721d101023121b0be559a99a914e5196a5c0800e825ed044a6d,23152,2
C:\SRS(ISIC_2019)\Dataset\NV\ISIC_0067358.jpg,isic_0067358,5,9bad5d7bbd609502a929da752c274ea075dbab4a4320de54e731d5892647067f,23154,2
C:\SRS(ISIC_2019)\Dataset\NV\ISIC_0067371.jpg,isic_0067371,5,e868a2f62acae5ec4b680db30f1fc33c10dea71d60fc6e1a284b4da942aba573,23156,2
C:\SRS(ISIC_2019)\Dataset\NV\ISIC_0067391.jpg,isic_0067391,5,f039c6f92c8a1c0b6b500232b7eb81ccaf0f2561bce360e1a65a6f779c0d0dba,23160,2
C:\SRS(ISIC_2019)\Dataset\NV\ISIC_0067442.jpg,isic_0067442,5,7cc966751c7d64d94745783fd3c798c0042e5bf116e39ae098b11ad53d8e1984,23171,2
C:\SRS(ISIC_2019)\Dataset\NV\ISIC_0067453.jpg,isic_0067453,5,9dffff7cd00717a79fbb33fb4d71e84cc41be44c35daf9caf04d9de1069af98f,23177,2
C:\SRS(ISIC_2019)\Dataset\NV\ISIC_0067455.jpg,isic_0067455,5,a0c8643f108ac3ebdef119c5beb8b668d45fbf3165b29123770dd3df65471553,23178,2
C:\SRS(ISIC_2019)\Dataset\NV\ISIC_0067476.jpg,isic_0067476,5,9e0ad7e7da63887d663d030173e8f54b4def5d151f590c57d524e3b6b407377e,23186,2
C:\SRS(ISIC_2019)\Dataset\NV\ISIC_0067506.jpg,isic_0067506,5,a703962393a8e1151044db48659fc9a6ed1c99c1bf62302db57f42405fd77f1c,23192,2
C:\SRS(ISIC_2019)\Dataset\NV\ISIC_0067526.jpg,isic_0067526,5,1d02807355bf9cc675c113874dc6d6bb94f9edaf333995784ce7b55ddee18111,23196,2
C:\SRS(ISIC_2019)\Dataset\NV\ISIC_0067538.jpg,isic_0067538,5,a5169152be23cd738c015dffb33407813817784df090c198be2562e1d77589ad,23198,2
C:\SRS(ISIC_2019)\Dataset\NV\ISIC_0067637.jpg,isic_0067637,5,0372d781ba28151b4952ab21f73481810d71ad3a9d5b75c190a8840235cdaeb2,23212,2
C:\SRS(ISIC_2019)\Dataset\NV\ISIC_0067650.jpg,isic_0067650,5,9fdab70e97d5180b532fbd123ad42ced04a4e0adeb05b87501526fd49a5421b2,23217,2
C:\SRS(ISIC_2019)\Dataset\NV\ISIC_0067669.jpg,isic_0067669,5,ba2e536835e038a789bdccfb2039fe701919f8d5b8bab5a40f57d3995a4e8c7b,23222,2
C:\SRS(ISIC_2019)\Dataset\NV\ISIC_0067687.jpg,isic_0067687,5,532b36d3d65fc692919174870c434c5952d64780e2108b34cd4cc18583dcb5bf,23228,2
C:\SRS(ISIC_2019)\Dataset\NV\ISIC_0067703.jpg,isic_0067703,5,65325f201b8d928f62ad280834e2e4a2195688fbf5c32d282bfe73308e788fa3,23232,2
C:\SRS(ISIC_2019)\Dataset\NV\ISIC_0067741.jpg,isic_0067741,5,090a0173a6e37c6aad1457bc9735d946ea323efeae327ab8975596560fb808f5,23242,2
C:\SRS(ISIC_2019)\Dataset\NV\ISIC_0067752.jpg,isic_0067752,5,f8b7ca82635fdb54199adc49d2d76afb08fe1ceada88b5b7d2e529d670aaf873,23246,2
C:\SRS(ISIC_2019)\Dataset\NV\ISIC_0067775.jpg,isic_0067775,5,be6547666fe41738cfdf837897c15434b7ccce49c0e524d053df54dd7ef3d070,23251,2
C:\SRS(ISIC_2019)\Dataset\NV\ISIC_0067796.jpg,isic_0067796,5,2743a5fb20adda33fbb951ebf87f0d3aa6ae6bb8fcebc070f3f238fe8c9d61a5,23254,2
C:\SRS(ISIC_2019)\Dataset\NV\ISIC_0067838.jpg,isic_0067838,5,c0fc23249917ef415c8b8f67ffb48d1ddb576a65f268b02b5862a5b4c9d7a5d4,23262,2
C:\SRS(ISIC_2019)\Dataset\NV\ISIC_0067842.jpg,isic_0067842,5,312439854519425c4a4b48b197bd84dc4bd520e5d5ad15ef6d03b1be706f8a58,23265,2
C:\SRS(ISIC_2019)\Dataset\NV\ISIC_0067866.jpg,isic_0067866,5,2e32eddc5fc3fdf83c90ee28d185b6ba384d810ebacdfc3e7ea8a92a7ef92564,23271,2
C:\SRS(ISIC_2019)\Dataset\NV\ISIC_0067906.jpg,isic_0067906,5,f6a34fb3432d488c71d9699824540b32047c37829f806daa4317aa7cd973f974,23280,2
C:\SRS(ISIC_2019)\Dataset\NV\ISIC_0067955.jpg,isic_0067955,5,af90eb99cdbb514909378882ec19c04a8dddb829dab31ae7ced2a0688eeb3051,23292,2
C:\SRS(ISIC_2019)\Dataset\NV\ISIC_0067986.jpg,isic_0067986,5,c42e5347d56d3858cae5ec1adae54976ee5b08d98052e6287985243439508144,23301,2
C:\SRS(ISIC_2019)\Dataset\NV\ISIC_0068001.jpg,isic_0068001,5,d8190042bbeddcc3b4c5c67d606d17c2c20d3e523e009ae1f835bd55df8db382,23303,2
C:\SRS(ISIC_2019)\Dataset\NV\ISIC_0068028.jpg,isic_0068028,5,4bbe0f55400bb12b8d438ac6bcadb8a107b954bf4dac3ccb682c9c2f97107fa1,23307,2
C:\SRS(ISIC_2019)\Dataset\NV\ISIC_0068062.jpg,isic_0068062,5,7d6cb60aacbad7328d3fcaa01e161971ef727545ee721df1509af94693ad9d09,23314,2
C:\SRS(ISIC_2019)\Dataset\NV\ISIC_0068081.jpg,isic_0068081,5,dd49ee1082d04570beb28b2287195ff73fb14d86ebfffd70af4eddadef985f24,23316,2
C:\SRS(ISIC_2019)\Dataset\NV\ISIC_0068130.jpg,isic_0068130,5,754a49187d746861b934e0e519c44e5a8e408040a26affdfad1650cd98fe4cea,23329,2
C:\SRS(ISIC_2019)\Dataset\NV\ISIC_0068144.jpg,isic_0068144,5,15cd3e8016d8c37502e0d75dab1bbd6b6fd6283e4ba2e413c627a362a430ddaa,23333,2
C:\SRS(ISIC_2019)\Dataset\NV\ISIC_0068155.jpg,isic_0068155,5,1bbf9905dac62d741318b3fc97c20507e05ed442544d53292f392ff5ffb1c89d,23336,2
C:\SRS(ISIC_2019)\Dataset\NV\ISIC_0068158.jpg,isic_0068158,5,a130a7378fca4343ce74d38ad86a79a88465d65a22e4af522f624e118ff242b0,23338,2
C:\SRS(ISIC_2019)\Dataset\NV\ISIC_0068174.jpg,isic_0068174,5,6cac16588a718a05b2b0d1e5250ddb8f992a060ba4b49e63ca079943bdc41dd1,23344,2
C:\SRS(ISIC_2019)\Dataset\NV\ISIC_0068180.jpg,isic_0068180,5,184c48430b16a7391793d72019b0fc8c2657e4b4f5d31759b1eeb686f765d92b,23346,2
C:\SRS(ISIC_2019)\Dataset\NV\ISIC_0068185.jpg,isic_0068185,5,8a63a5d347d0dd9937b15d59d63f6519f72abc995ecc935bb5403a8823ceee4d,23348,2
C:\SRS(ISIC_2019)\Dataset\NV\ISIC_0068187.jpg,isic_0068187,5,6ecdfb6f375dc193baec934f50b96167194c64778fc24da660a2b586ac7d2f96,23349,2
C:\SRS(ISIC_2019)\Dataset\NV\ISIC_0068195.jpg,isic_0068195,5,fe7d15d06e974b037456a72f3db131e0f5774add7f3ec83b2344643eb67f4f6a,23351,2
C:\SRS(ISIC_2019)\Dataset\NV\ISIC_0068201.jpg,isic_0068201,5,52ec298ed7f931cb335c0753bf6433d97a29464c230e7d7bbef4d6e34b3b6ddb,23353,2
C:\SRS(ISIC_2019)\Dataset\NV\ISIC_0068210.jpg,isic_0068210,5,b1b07f3164d04af1b8cc58746dfd0c87bc3400c75dc8298a47e7f9be05871ed3,23357,2
C:\SRS(ISIC_2019)\Dataset\NV\ISIC_0068215.jpg,isic_0068215,5,8e77e2e29955072f9fd546130e86aff462f266e157564b9316adf20067c08650,23358,2
C:\SRS(ISIC_2019)\Dataset\NV\ISIC_0068223.jpg,isic_0068223,5,d846855ac26d3ee8a286759d09750172238689c4204048b5c1ac1ec3187c00fe,23360,2
C:\SRS(ISIC_2019)\Dataset\NV\ISIC_0068251.jpg,isic_0068251,5,0e3d03e1a8ce3f8149ef8c255009a4aa8c811a434ea4f18a1bb4f2fd170b32e0,23368,2
C:\SRS(ISIC_2019)\Dataset\NV\ISIC_0068272.jpg,isic_0068272,5,5c273abfc23e81289476a2f2abf6ef9e3b79c494cc597228613bf7354aaf50ab,23373,2
C:\SRS(ISIC_2019)\Dataset\NV\ISIC_0068314.jpg,isic_0068314,5,85d09fe8f5b59cac49ea69b3852cdaf1689623d0b28f69397a660d6975a65da2,23377,2
C:\SRS(ISIC_2019)\Dataset\NV\ISIC_0068333.jpg,isic_0068333,5,a448c11eff9371d24511ba3bc79cc5344955f034a9495b8a6ace8768271b282c,23382,2
C:\SRS(ISIC_2019)\Dataset\NV\ISIC_0068337.jpg,isic_0068337,5,8f13392dbba440b7f79dfadcc38e4ae10419e64b9049c97ccc23afc2d9bb77ac,23383,2
C:\SRS(ISIC_2019)\Dataset\NV\ISIC_0068379.jpg,isic_0068379,5,d8a60a62777b736849da39b1cc2827cb783af61f8361ebefd7a80c6aa0a7f7fb,23393,2
C:\SRS(ISIC_2019)\Dataset\NV\ISIC_0068416.jpg,isic_0068416,5,5ceda1c0361ad9f2295ef57056f2cc9e7e7ecaf0c501db090b377bebeba85138,23401,2
C:\SRS(ISIC_2019)\Dataset\NV\ISIC_0068457.jpg,isic_0068457,5,a640243b514aa2bfbcc430ead181c50b91a8915ca1e8d578385b65410692ac98,23415,2
C:\SRS(ISIC_2019)\Dataset\NV\ISIC_0068458.jpg,isic_0068458,5,ec2664e89b1f5747bdd21f365e51efc8e7f72284fa2b75ee2323385f6283bcd1,23416,2
C:\SRS(ISIC_2019)\Dataset\NV\ISIC_0068466.jpg,isic_0068466,5,f28301c974de1dc915ae3d0c0bf9c45a0ed5f82fd5d8e84a2f4ab7940fda8c12,23418,2
C:\SRS(ISIC_2019)\Dataset\NV\ISIC_0068494.jpg,isic_0068494,5,e46bb4db9afe46c06b145616c355d040a1e8f63ea53eaf79073eb65448c11a57,23426,2
C:\SRS(ISIC_2019)\Dataset\NV\ISIC_0068552.jpg,isic_0068552,5,5cbf5625bfd17fd50f70b6be11ee8ed3192fe1436f2f1474e2f2875f46cbf0e0,23440,2
C:\SRS(ISIC_2019)\Dataset\NV\ISIC_0068574.jpg,isic_0068574,5,280010fe17f071bb057f10edf72c5bdfd0f2cc44afbd2a3d62759b92724f1dd5,23446,2
C:\SRS(ISIC_2019)\Dataset\NV\ISIC_0068668.jpg,isic_0068668,5,efd4acc59779a6a426381bcbdcd8f0ab274e3bf35125b6ed336755b0edb8d322,23468,2
C:\SRS(ISIC_2019)\Dataset\NV\ISIC_0068675.jpg,isic_0068675,5,f220a2fec1468f8132e428568b1fa6987efc69c1cd8390e65a368c0156015631,23470,2
C:\SRS(ISIC_2019)\Dataset\NV\ISIC_0068684.jpg,isic_0068684,5,40ae2c39f0777a44413a2c500c95c5004a1074ab256db675e31c9f4eaf1e6dc3,23472,2
C:\SRS(ISIC_2019)\Dataset\NV\ISIC_0068726.jpg,isic_0068726,5,46677c40f44f80430f89004b354ea1bb696364a1cc0ea9a6197e6f554ba8e057,23484,2
C:\SRS(ISIC_2019)\Dataset\NV\ISIC_0068750.jpg,isic_0068750,5,4546525e8c9d9d43e9a0b0e2afa2bfc5ac0e2acf120d5772a043ca5884d268fa,23493,2
C:\SRS(ISIC_2019)\Dataset\NV\ISIC_0068806.jpg,isic_0068806,5,29a694deeea8a994309b9507cfc07ec2887ece4ea4aecd01bf7d4646d5f96521,23497,2
C:\SRS(ISIC_2019)\Dataset\NV\ISIC_0068827.jpg,isic_0068827,5,aa2786c25a2dc9a38a30dd3f3d055d339e62b0d574251fa4c505c0689773b18c,23501,2
C:\SRS(ISIC_2019)\Dataset\NV\ISIC_0068829.jpg,isic_0068829,5,7691b1603ad91946ca4ff504d66fe072a417af17338bb0a58f70498694c75d52,23502,2
C:\SRS(ISIC_2019)\Dataset\NV\ISIC_0068858.jpg,isic_0068858,5,a4b166519f3d2a057cfdbc86628990b48bc5a3c9402110c4e40a5f04b89b7bc4,23508,2
C:\SRS(ISIC_2019)\Dataset\NV\ISIC_0068861.jpg,isic_0068861,5,420fb1eb1ef03e2d5e03ac35f49aa51dafcb17d0e2dab69f22a667bec24501b3,23509,2
C:\SRS(ISIC_2019)\Dataset\NV\ISIC_0068867.jpg,isic_0068867,5,9df2955093ebc7fbe4b97be463cfcae131d278ab40347578d2fbab6126b26b15,23513,2
C:\SRS(ISIC_2019)\Dataset\NV\ISIC_0068893.jpg,isic_0068893,5,f733ae68f7d31e1c2d6b79c0fd7838375eadd1886cb259ec692282a4e26a6534,23521,2
C:\SRS(ISIC_2019)\Dataset\NV\ISIC_0068939.jpg,isic_0068939,5,276c82df1814a5c0c367b229b7b3e30e0e0ab72ad17c8b0c0b9aeedc906a872e,23531,2
C:\SRS(ISIC_2019)\Dataset\NV\ISIC_0068942.jpg,isic_0068942,5,f28b051100dc4e9b1de570e53de426525150601f3bd132afa7a04e1a6da36f97,23532,2
C:\SRS(ISIC_2019)\Dataset\NV\ISIC_0068945.jpg,isic_0068945,5,49b2b5062879bed99b5e1eb4b612d79caa16cddbd9688e3f930241e385ed93a5,23534,2
C:\SRS(ISIC_2019)\Dataset\NV\ISIC_0068992.jpg,isic_0068992,5,36386706750176a54490fcc655682e53f335297bb8557afc6bda2524176eeabd,23543,2
C:\SRS(ISIC_2019)\Dataset\NV\ISIC_0069026.jpg,isic_0069026,5,6b3be92e5034fbfccf0af5774aae337964359916279ae4eacbeb409a0efad950,23549,2
C:\SRS(ISIC_2019)\Dataset\NV\ISIC_0069056.jpg,isic_0069056,5,b6f24622ea769f2c6dfa5cd6dba1547e0d1b1b6b3a2b60e35b9c18d9c7e66942,23556,2
C:\SRS(ISIC_2019)\Dataset\NV\ISIC_0069095.jpg,isic_0069095,5,01584797c28ccfced4e0a6fbc07d0b612f982f07f8c7da1db1157e9c8d1dcb73,23563,2
C:\SRS(ISIC_2019)\Dataset\NV\ISIC_0069115.jpg,isic_0069115,5,6b0512b1070bec5f77c3d84dc4117887e547b3fc933f6a43242277326894b75c,23569,2
C:\SRS(ISIC_2019)\Dataset\NV\ISIC_0069127.jpg,isic_0069127,5,c61b2f987961f6285bd03b5fb471b1438a7297b9d944faea662218b598703f75,23573,2
C:\SRS(ISIC_2019)\Dataset\NV\ISIC_0069157.jpg,isic_0069157,5,eceedfbaa524da04299b3cd7aad230efb9b9e6acea7a9224cb129c781f31b34b,23581,2
C:\SRS(ISIC_2019)\Dataset\NV\ISIC_0069175.jpg,isic_0069175,5,3d87717daa0a3182ea50cc34ea4b491b4904f0a93e7c57e50a1dee66b86fd5bf,23584,2
C:\SRS(ISIC_2019)\Dataset\NV\ISIC_0069183.jpg,isic_0069183,5,975da6aca7034182d95d85b428bbb5d06b900d5fe9dfd3aa356ad6c6ee9b6e78,23587,2
C:\SRS(ISIC_2019)\Dataset\NV\ISIC_0069213.jpg,isic_0069213,5,b63f47fcb07ba13345349cf71a4da29ed6eaacbf44ef45f55b05c066bb6f69ee,23595,2
C:\SRS(ISIC_2019)\Dataset\NV\ISIC_0069229.jpg,isic_0069229,5,a44dae562b5ae824dc5d6dedadc6c05d1a1cf3d60ec93670b9b872e428bc5ca7,23600,2
C:\SRS(ISIC_2019)\Dataset\NV\ISIC_0069243.jpg,isic_0069243,5,971565afbce5e918a01e4efbe5156e0bc77f9de389c20398f8478449d73a3b46,23604,2
C:\SRS(ISIC_2019)\Dataset\NV\ISIC_0069296.jpg,isic_0069296,5,17d982d0a45fa85c499a3b7f90d1e300db336d7bbf471768cce5587928317202,23609,2
C:\SRS(ISIC_2019)\Dataset\NV\ISIC_0069305.jpg,isic_0069305,5,a04fa19745f6ca80030cc571add344bd3897a719217cd24f6a0ab7ffe46e8d93,23612,2
C:\SRS(ISIC_2019)\Dataset\NV\ISIC_0069363.jpg,isic_0069363,5,97bd8fb9eb5d5216bebb4e99df78722dfc064071cd605250419b6fbc9840ac5e,23631,2
C:\SRS(ISIC_2019)\Dataset\NV\ISIC_0069364.jpg,isic_0069364,5,b8b2f98fac900b741b0261c2e2d0ead72949f6a4d9fc5490d5b1ffcfb8d5a31d,23632,2
C:\SRS(ISIC_2019)\Dataset\NV\ISIC_0069367.jpg,isic_0069367,5,49b51955e3d14a765f25ec1be7168d181967d8392743ad9bd4c10c95ee80898c,23633,2
C:\SRS(ISIC_2019)\Dataset\NV\ISIC_0069449.jpg,isic_0069449,5,309fef9e9ff90007b5e3a369f40231824feb908912961b4c4c1a6281052abc38,23652,2
C:\SRS(ISIC_2019)\Dataset\NV\ISIC_0069464.jpg,isic_0069464,5,837e49bb1adc80b2a89318a9ec5a943443c83acb0bb606ec7db10274bf3f12e3,23657,2
C:\SRS(ISIC_2019)\Dataset\NV\ISIC_0069492.jpg,isic_0069492,5,819aab7d0824255d5e37a8557c3f5c8e16e8f47e8e4012ac728b90b09ceb9aa5,23660,2
C:\SRS(ISIC_2019)\Dataset\NV\ISIC_0069529.jpg,isic_0069529,5,70a0ecd6dbd7ba07bdd763c0cc685305317fa80f4ca7ff1327dfea29f8a04011,23668,2
C:\SRS(ISIC_2019)\Dataset\NV\ISIC_0069547.jpg,isic_0069547,5,7500fdb511c1fe1ecfbe51c3045e8c0a52410c4bf48aef66785e24b796a70f7d,23673,2
C:\SRS(ISIC_2019)\Dataset\NV\ISIC_0069549.jpg,isic_0069549,5,3f4984999948d7fffc667c0bc5b3bb2d720105861a08886a45db0607c16ba514,23674,2
C:\SRS(ISIC_2019)\Dataset\NV\ISIC_0069565.jpg,isic_0069565,5,801d9afdf95bc0b8cb87fefd39c6f96be7e103d01c53b3654391a98ada503c4f,23679,2
C:\SRS(ISIC_2019)\Dataset\NV\ISIC_0069584.jpg,isic_0069584,5,5dc557a3e488da9f09b80eab2938fd34bd00565ef41b893e0738e69e7409e335,23685,2
C:\SRS(ISIC_2019)\Dataset\NV\ISIC_0069603.jpg,isic_0069603,5,16020e95e5f624ac10d8b24ad694817a78ab404ac175998bf7b2936261225d3f,23688,2
C:\SRS(ISIC_2019)\Dataset\NV\ISIC_0069678.jpg,isic_0069678,5,9e3389877597abfa33605d416e0523726f30afb3a8a61f711b8af59d452c2370,23704,2
C:\SRS(ISIC_2019)\Dataset\NV\ISIC_0069780.jpg,isic_0069780,5,bc893fc6f87a5be4d9080f19d1ca0029ff817d9310bb2d0d51a768b85bc3d32b,23724,2
C:\SRS(ISIC_2019)\Dataset\NV\ISIC_0069816.jpg,isic_0069816,5,f6cd2b1efd87328a269eb4b734bae381e1af38fd87e2084a220f99d4e2a8ad95,23729,2
C:\SRS(ISIC_2019)\Dataset\NV\ISIC_0069832.jpg,isic_0069832,5,7d117a36826ecbf6504c083b098674a548860bf83a0c79693f1984859de85ed6,23734,2
C:\SRS(ISIC_2019)\Dataset\NV\ISIC_0069847.jpg,isic_0069847,5,18134048ab77032491cadb329fafacf60a11b523462a7fbeda782b38329cbb06,23740,2
C:\SRS(ISIC_2019)\Dataset\NV\ISIC_0069905.jpg,isic_0069905,5,26d759eccf4366789a95f04397f49cd833f7fdcdb2fc4fb2b449040dbe3b81b9,23752,2
C:\SRS(ISIC_2019)\Dataset\NV\ISIC_0069935.jpg,isic_0069935,5,170c4b5d3b0d999b02ebe8901f815ee313594e0e359e18c8b4c8a4feccc72b74,23758,2
C:\SRS(ISIC_2019)\Dataset\NV\ISIC_0069937.jpg,isic_0069937,5,d9c7bdb71d8662a591110ff2ab08acac59508031d4abdf03f59685208f4a5ffc,23759,2
C:\SRS(ISIC_2019)\Dataset\NV\ISIC_0070001.jpg,isic_0070001,5,914e372f303a9729258ebb7ef67192643a45aa8e98e008be1cd7f9072d0178eb,23773,2
C:\SRS(ISIC_2019)\Dataset\NV\ISIC_0070003.jpg,isic_0070003,5,5171df5c22c1d695ddf08347e72b4cc6b564a7e0f2c2cccbb81eba20c825b6e5,23774,2
C:\SRS(ISIC_2019)\Dataset\NV\ISIC_0070025.jpg,isic_0070025,5,2ce6d8366071dbf4de8672418b5cbf3a88c9f57b3cb28647c91d623a3de85aa7,23777,2
C:\SRS(ISIC_2019)\Dataset\NV\ISIC_0070043.jpg,isic_0070043,5,32e8729beeac971085db3c23d851b5c8ccea150607dafe4afc26caaf2a090f80,23782,2
C:\SRS(ISIC_2019)\Dataset\NV\ISIC_0070076.jpg,isic_0070076,5,9ec2d1985060d678db186e3d76a595004ccae6bb2a4c5e0b6b723f881a1386e1,23788,2
C:\SRS(ISIC_2019)\Dataset\NV\ISIC_0070142.jpg,isic_0070142,5,cddaf1f180610928bd319bbfa3ead4d30328f72188b047669f7398d0f3073965,23801,2
C:\SRS(ISIC_2019)\Dataset\NV\ISIC_0070169.jpg,isic_0070169,5,6cb9eed5f54977f270d6dc4d57de7a5d3dfe7274eebf26968fa4a3e369d1f64b,23802,2
C:\SRS(ISIC_2019)\Dataset\NV\ISIC_0070228.jpg,isic_0070228,5,faa5c38fc76786e824ce2d6e84d5aa27dd1739fcb877bed3c90a4a5dbe6e1ea9,23816,2
C:\SRS(ISIC_2019)\Dataset\NV\ISIC_0070281.jpg,isic_0070281,5,005e380d35302b412a1c96565e72129a7c1d4d43f06977a407a7115e33330e06,23828,2
C:\SRS(ISIC_2019)\Dataset\NV\ISIC_0070317.jpg,isic_0070317,5,aa2a6bdf38fa61017f47ea0b3fa64f948da6ad5f414593b1c8f72370f4f74a26,23836,2
C:\SRS(ISIC_2019)\Dataset\NV\ISIC_0070322.jpg,isic_0070322,5,3a86db14d672f27b55d4659c6230d918a47427dd816040da0baa69ffaa62a558,23837,2
C:\SRS(ISIC_2019)\Dataset\NV\ISIC_0070340.jpg,isic_0070340,5,6e5675d5dcbe9c79123d8fff150cae1d79a21b43198e32c9bd1b694045f849bd,23840,2
C:\SRS(ISIC_2019)\Dataset\NV\ISIC_0070373.jpg,isic_0070373,5,c7b2555fac80913e9343cb89ebdd0f8130540ddbd98f6f38903a6e048b1ab91a,23844,2
C:\SRS(ISIC_2019)\Dataset\NV\ISIC_0070375.jpg,isic_0070375,5,9c79e991412f3b39d9ca30566f39701dd4516fffba682d8d2ec60dda6c628c4c,23845,2
C:\SRS(ISIC_2019)\Dataset\NV\ISIC_0070395.jpg,isic_0070395,5,a47e791e448780307bd68efa55c0b65b53ef2a7f3b5ed2a589e19bec6219f612,23848,2
C:\SRS(ISIC_2019)\Dataset\NV\ISIC_0070415.jpg,isic_0070415,5,409549847d5a9bc8b1f1c6af25bba0c5417383665d90a9e26ed38d09777d76d1,23852,2
C:\SRS(ISIC_2019)\Dataset\NV\ISIC_0070438.jpg,isic_0070438,5,aa8f28fa262831ef69ab5c27642bcbb52da4368bc694ff99d0a6004b8e50425a,23853,2
C:\SRS(ISIC_2019)\Dataset\NV\ISIC_0070469.jpg,isic_0070469,5,5acea3f60ee5d5d1451fa83c6a789bb2c9e1c002e85d10db593fbf12847040bd,23857,2
C:\SRS(ISIC_2019)\Dataset\NV\ISIC_0070509.jpg,isic_0070509,5,27df4ec52d4864aff22e3803ec47e71d0c6ef3de370b7ea6cea726b6defa52db,23862,2
C:\SRS(ISIC_2019)\Dataset\NV\ISIC_0070544.jpg,isic_0070544,5,41a94669d3ec56108437962f2929950934ea0e58abc69ed6e72f9161a2406dbd,23869,2
C:\SRS(ISIC_2019)\Dataset\NV\ISIC_0070547.jpg,isic_0070547,5,a828e5b54f582eecce770abd9bbd8e1375389c42a66b14f5537f832223eadb44,23870,2
C:\SRS(ISIC_2019)\Dataset\NV\ISIC_0070571.jpg,isic_0070571,5,5ab0fa52e65344e13e3011f30c31ed6a09c02a57b4cca111c012f719795d13e0,23875,2
C:\SRS(ISIC_2019)\Dataset\NV\ISIC_0070597.jpg,isic_0070597,5,a832996acdc5808aa5753f5fa3cf0870cb623d9686a57427d69e2f7bae4a94ea,23880,2
C:\SRS(ISIC_2019)\Dataset\NV\ISIC_0070609.jpg,isic_0070609,5,6a7c9378afb5cc387bfb77dee187755e24b52146b8f6bf90c2f8e48f35371991,23884,2
C:\SRS(ISIC_2019)\Dataset\NV\ISIC_0070613.jpg,isic_0070613,5,cf674295a4a4ee34ad17f7a7783227771a3ec39fc6c45f81df7b8749c552aa6d,23885,2
C:\SRS(ISIC_2019)\Dataset\NV\ISIC_0070617.jpg,isic_0070617,5,f2c1d3c4ef0cfe9b1b7bb162f9605ad526a10d47dd0f196608345d5ea2aad003,23886,2
C:\SRS(ISIC_2019)\Dataset\NV\ISIC_0070631.jpg,isic_0070631,5,13a1d63bc2b93756009f32081800716b87ff9f509dae714404963c71af882a09,23889,2
C:\SRS(ISIC_2019)\Dataset\NV\ISIC_0070633.jpg,isic_0070633,5,55af10306e7664c8baa3301344563301ef681138c8e930e42734e2a94dae3baf,23890,2
C:\SRS(ISIC_2019)\Dataset\NV\ISIC_0070659.jpg,isic_0070659,5,12472df8a6700b334b1ab9c206cb2dca9403eccb3c218d9cae414d017c861e2d,23897,2
C:\SRS(ISIC_2019)\Dataset\NV\ISIC_0070678.jpg,isic_0070678,5,3953c988aad904eddcd73c434d91e30c20bd2b5bbcc9896e430937a932fe368b,23902,2
C:\SRS(ISIC_2019)\Dataset\NV\ISIC_0070692.jpg,isic_0070692,5,d0a2c501af37ea51741a05d67cb92615f83f77a76bf8f090ee1e0f6a88059d82,23905,2
C:\SRS(ISIC_2019)\Dataset\NV\ISIC_0070699.jpg,isic_0070699,5,20a0dc414a930ed9a252c039ed756479edfcaedb45748ef94eb37ee42f8025a4,23909,2
C:\SRS(ISIC_2019)\Dataset\NV\ISIC_0070787.jpg,isic_0070787,5,9fa89000655757cc414ea5f031c8610a2e59ff7f445c51160cf984166b794f9a,23930,2
C:\SRS(ISIC_2019)\Dataset\NV\ISIC_0070800.jpg,isic_0070800,5,0aae9696db1fae83f4aa0e9a5d5dbf4e1a2b0afe4e2da46d2e2dac8b3e0a08ad,23931,2
C:\SRS(ISIC_2019)\Dataset\NV\ISIC_0070882.jpg,isic_0070882,5,3e6b50e666c6afb3020ba2e56d01795fd0689472f2ea5e411b9de994aaa23bfa,23946,2
C:\SRS(ISIC_2019)\Dataset\NV\ISIC_0070900.jpg,isic_0070900,5,1bbfdc30bcc6a742673a8dc9ca9bcd84e1fce3ac50bfdf6fc0cc27e1c90ad6db,23954,2
C:\SRS(ISIC_2019)\Dataset\NV\ISIC_0070915.jpg,isic_0070915,5,aba465ac08c18f6ae3e0a7687d2479a4ab7f0714ffa572816801c4112c2d20c6,23956,2
C:\SRS(ISIC_2019)\Dataset\NV\ISIC_0070923.jpg,isic_0070923,5,55dc5138343636f7f809db3038b5827cec2967819e5a1a433b09605f042d7061,23957,2
C:\SRS(ISIC_2019)\Dataset\NV\ISIC_0070928.jpg,isic_0070928,5,267d6e6c1a9df95437e11b46201a98bca9475ef0e4dc28cfe06835be1526852e,23958,2
C:\SRS(ISIC_2019)\Dataset\NV\ISIC_0071019.jpg,isic_0071019,5,28a7ae4dd1460a9cc7aedda353cfbaa16e0e5e17ba0721c696b36a73d53afa36,23971,2
C:\SRS(ISIC_2019)\Dataset\NV\ISIC_0071031.jpg,isic_0071031,5,9a4afe8f96f7c8d54bb2c236c0c843eb2fe9d7641b2a6e8d58eb6b5f5ffa5af4,23975,2
C:\SRS(ISIC_2019)\Dataset\NV\ISIC_0071066.jpg,isic_0071066,5,17083dd5b31e65f02591f73a7ee6b085561d5e660c76ff4f6181a27a765c0a0f,23980,2
C:\SRS(ISIC_2019)\Dataset\NV\ISIC_0071072.jpg,isic_0071072,5,ff5ddd21da8ffb1f0c73629047bbb5b534826c846ede53458ef1fef918d0b75e,23982,2
C:\SRS(ISIC_2019)\Dataset\NV\ISIC_0071073.jpg,isic_0071073,5,96332e512671f4bed75bca58945011ed4734a587fdd2d9af6196d04173b9855e,23983,2
C:\SRS(ISIC_2019)\Dataset\NV\ISIC_0071078.jpg,isic_0071078,5,064b54a96494fc5b771984f95635127d52c699bf9b5dad7ee81c688e680b507f,23984,2
C:\SRS(ISIC_2019)\Dataset\NV\ISIC_0071091.jpg,isic_0071091,5,7298dd7055871f233cb3bff8d5759204bc7aa4c21cec2fc12f312acb3e5042a2,23985,2
C:\SRS(ISIC_2019)\Dataset\NV\ISIC_0071097.jpg,isic_0071097,5,40e41e33a24217eae266fd1837d1ba82d8bdbbb7b4679645ff8a658acf4bee19,23988,2
C:\SRS(ISIC_2019)\Dataset\NV\ISIC_0071103.jpg,isic_0071103,5,14c60c5433795f019488d0058ef509e14961e0ef567e1fe60dce540ccad6b8cb,23989,2
C:\SRS(ISIC_2019)\Dataset\NV\ISIC_0071118.jpg,isic_0071118,5,40174aec13251f2fe4b4bc8a0255b9fcf6d0f402c8bb0a14fb3bbdc1e2029be6,23994,2
C:\SRS(ISIC_2019)\Dataset\NV\ISIC_0071143.jpg,isic_0071143,5,0b2a729b3485c8d92c7ac39a92eafa16f97a15749546cbc7f1aba9dc8da84188,24000,2
C:\SRS(ISIC_2019)\Dataset\NV\ISIC_0071175.jpg,isic_0071175,5,78c47d96ea117420c072a983faf9478c34485398610f60f19ce3b43f0fc83a8a,24009,2
C:\SRS(ISIC_2019)\Dataset\NV\ISIC_0071177.jpg,isic_0071177,5,afe9112dfca6ce921309072aa504163783fe1af349e45a3f303cec63a26e4af4,24010,2
C:\SRS(ISIC_2019)\Dataset\NV\ISIC_0071283.jpg,isic_0071283,5,9a823444d42ecf83349e9207c5f4f532a3123a49d45452878f2002e619dc58d7,24025,2
C:\SRS(ISIC_2019)\Dataset\NV\ISIC_0071302.jpg,isic_0071302,5,cf8846b5352e63c4407d5a0efc68d3198ace498813a59ef58a03f98226875a69,24031,2
C:\SRS(ISIC_2019)\Dataset\NV\ISIC_0071343.jpg,isic_0071343,5,b406d9ae4cddcb544d34119993eee93fc4e1718395dc324b34bcaddbccfc5adb,24041,2
C:\SRS(ISIC_2019)\Dataset\NV\ISIC_0071375.jpg,isic_0071375,5,f18a2301827c050a4e47784bffe2a8fac1fe3fa5442a348d7a49ac3861429dd3,24051,2
C:\SRS(ISIC_2019)\Dataset\NV\ISIC_0071389.jpg,isic_0071389,5,2acb057121bf02c31272a9270ed44ff55bc552599af29e0282f70e97c96c55b6,24054,2
C:\SRS(ISIC_2019)\Dataset\NV\ISIC_0071391.jpg,isic_0071391,5,bc578a442fb8df2f42eeb69c83248055e9959a2ca75fc59c85b030a69c420430,24055,2
C:\SRS(ISIC_2019)\Dataset\NV\ISIC_0071403.jpg,isic_0071403,5,83103fdd5a3b649b58e9e6012e0b6171523201438671ce240ee3e4ac15b58578,24056,2
C:\SRS(ISIC_2019)\Dataset\NV\ISIC_0071432.jpg,isic_0071432,5,73d3eca0da2589b500671137195a4d71a49273d88e7b458b073cb21c470fb275,24060,2
C:\SRS(ISIC_2019)\Dataset\NV\ISIC_0071498.jpg,isic_0071498,5,3f935e82ea6eb1831609d6773482503630448fb4af6f56ad191770a70c1d1a9f,24079,2
C:\SRS(ISIC_2019)\Dataset\NV\ISIC_0071499.jpg,isic_0071499,5,2486fbc44a2a08d4e7ab3466b4e640f74134b94476ff749cd3a47eb5bd2bb128,24080,2
C:\SRS(ISIC_2019)\Dataset\NV\ISIC_0071506.jpg,isic_0071506,5,a9b0133f21130fa495683e24088da2aefa8ff94d90110282cf1cdce943f56c6a,24083,2
C:\SRS(ISIC_2019)\Dataset\NV\ISIC_0071552.jpg,isic_0071552,5,138f8cd4dc0dbc5d0c8f37b798d06151bcfd6a025f1f281af3a5175ea239bfd2,24094,2
C:\SRS(ISIC_2019)\Dataset\NV\ISIC_0071582.jpg,isic_0071582,5,08070dbf306ad3dd13ecad37a579a31234cfa79cad076290a2049c5eb634278c,24100,2
C:\SRS(ISIC_2019)\Dataset\NV\ISIC_0071590.jpg,isic_0071590,5,8a44338a26f9bce63d6d11316abdb374d94dd46618856166c9cc980ea79d5d19,24102,2
C:\SRS(ISIC_2019)\Dataset\NV\ISIC_0071618.jpg,isic_0071618,5,601189bb0af21dc60bf0df58e10d98d9368d494c5b92fb8c63f751e97802f153,24107,2
C:\SRS(ISIC_2019)\Dataset\NV\ISIC_0071647.jpg,isic_0071647,5,46207246b477669c26508e8542ce4bc4453d89b4a591342d47ae842710e20de4,24115,2
C:\SRS(ISIC_2019)\Dataset\NV\ISIC_0071687.jpg,isic_0071687,5,e9b77cfeb3834e567bb4fb46367902d17c58146cc72f34d283c2c6cda3c2bec5,24122,2
C:\SRS(ISIC_2019)\Dataset\NV\ISIC_0071704.jpg,isic_0071704,5,368cf75bd14dad56f8cb6cf35c8c816082d57f52be86e4609784bc8f216e2d11,24126,2
C:\SRS(ISIC_2019)\Dataset\NV\ISIC_0071718.jpg,isic_0071718,5,2262ec2b6559afcb2464e5d1d45bc4bd56849609a576982e6905fdf9cac337c2,24127,2
C:\SRS(ISIC_2019)\Dataset\NV\ISIC_0071739.jpg,isic_0071739,5,95e2e3a4cf3c7d9e480b9eaf026381341beec472e3f22c99e7e1e24249d3b91d,24132,2
C:\SRS(ISIC_2019)\Dataset\NV\ISIC_0071819.jpg,isic_0071819,5,6a7598fba9a04c65c15bc4b0f4b1f0941cc9fd2ac39b4e1e4c8314f396b61062,24144,2
C:\SRS(ISIC_2019)\Dataset\NV\ISIC_0071823.jpg,isic_0071823,5,2e9c3b3b7cb966231c2b775335f781bcba30fbb600312a9ff5ba64457a0ba752,24147,2
C:\SRS(ISIC_2019)\Dataset\NV\ISIC_0071863.jpg,isic_0071863,5,43a8247cecde3c5d9dbff700709023437ab32eb148d6424397e5dbdc89a8172b,24160,2
C:\SRS(ISIC_2019)\Dataset\NV\ISIC_0071945.jpg,isic_0071945,5,08d938afb5bc1cdce59d1bc18ae01354924f08db5b5f1a36a7ba0ae0ed1b37a7,24179,2
C:\SRS(ISIC_2019)\Dataset\NV\ISIC_0071947.jpg,isic_0071947,5,2c8d92d66a3e01ea13b169859855a537b93ee51bd5949aab3976f862184bc1ec,24180,2
C:\SRS(ISIC_2019)\Dataset\NV\ISIC_0071954.jpg,isic_0071954,5,de8f8b56a81ae7024b6d3de7d098d782bf90c0ee0c3b478a94c1d4acd0cb3568,24181,2
C:\SRS(ISIC_2019)\Dataset\NV\ISIC_0071986.jpg,isic_0071986,5,d152e9e5cbb4f8a75b0da1f1d192183ec4ad279961d5e1a5a087c37693edc563,24186,2
C:\SRS(ISIC_2019)\Dataset\NV\ISIC_0072005.jpg,isic_0072005,5,3dea0768f584524f68eeb163f4650120a4ed3b69a0211997df71d671f3242b9b,24189,2
C:\SRS(ISIC_2019)\Dataset\NV\ISIC_0072007.jpg,isic_0072007,5,c0e5847228d9fb61b92385929c359176db3408eb4a36f2c5f0301a387f651169,24190,2
C:\SRS(ISIC_2019)\Dataset\NV\ISIC_0072043.jpg,isic_0072043,5,c2a5f83f06f7d1dcc9fb29f3019118c9dedc7faf8a0034b5d1d99241512ca47a,24198,2
C:\SRS(ISIC_2019)\Dataset\NV\ISIC_0072056.jpg,isic_0072056,5,7e1d2042fcb98aec8cb4920bf7c59e7fddcb4203ec0e0d5db33fa98833569112,24200,2
C:\SRS(ISIC_2019)\Dataset\NV\ISIC_0072074.jpg,isic_0072074,5,dd5f11e5440b569110ea035c5bba21b6c974eaba44e9424fd8d566eb368d66ee,24203,2
C:\SRS(ISIC_2019)\Dataset\NV\ISIC_0072081.jpg,isic_0072081,5,37397b108a22360cf1c7a60a00c3211e4f0eeb6e9b7e24ea20bb84dc4f59c389,24206,2
C:\SRS(ISIC_2019)\Dataset\NV\ISIC_0072115.jpg,isic_0072115,5,394945169a92809f71bf13448dc36bf540df2916ef76a1346247d986fc3871f1,24218,2
C:\SRS(ISIC_2019)\Dataset\NV\ISIC_0072116.jpg,isic_0072116,5,ff83083a0ef0796131df02e91400e8078b3a919107c2b84a59bd8452708c01ea,24219,2
C:\SRS(ISIC_2019)\Dataset\NV\ISIC_0072120.jpg,isic_0072120,5,c5730dbf54ce54554874fb0590460b31293d08683e9e17e9c8641a717c5a42dd,24220,2
C:\SRS(ISIC_2019)\Dataset\NV\ISIC_0072167.jpg,isic_0072167,5,57a885293f81660285ee1367ed00930b83efbe78f80af8ec5d3a1f1370658c20,24228,2
C:\SRS(ISIC_2019)\Dataset\NV\ISIC_0072202.jpg,isic_0072202,5,8fcb2dd3622e83d6c382ef1ef2a1cc4f0a3a2c28aac452b5d519d48738814b6e,24236,2
C:\SRS(ISIC_2019)\Dataset\NV\ISIC_0072210.jpg,isic_0072210,5,2d7ab26348e8f2c29b6311f121dad647a20ad8f172e492ac8087031f4d837d99,24239,2
C:\SRS(ISIC_2019)\Dataset\NV\ISIC_0072249.jpg,isic_0072249,5,d00b5c732e5791daa6188882bc0d1236735a9fb44735b9a3691ff880c2ba0489,24246,2
C:\SRS(ISIC_2019)\Dataset\NV\ISIC_0072283.jpg,isic_0072283,5,48524cb522b8e8a5ebbde433f4f1f48fc5d9e11c68eaa074f9272d292dfd3d31,24251,2
C:\SRS(ISIC_2019)\Dataset\NV\ISIC_0072290.jpg,isic_0072290,5,0492590bc99c800cb148acab03541ca0450946fffd16afecc03d12f726361d50,24253,2
C:\SRS(ISIC_2019)\Dataset\NV\ISIC_0072295.jpg,isic_0072295,5,84ad19233a467e56438f58d017827357afe4492956e07e19d93093b324d74ce1,24254,2
C:\SRS(ISIC_2019)\Dataset\NV\ISIC_0072298.jpg,isic_0072298,5,4ea3729eaef09184a433b6508758df12879f7c5238d1d9a59ae84f4378c1238a,24255,2
C:\SRS(ISIC_2019)\Dataset\NV\ISIC_0072319.jpg,isic_0072319,5,d99f7552895f18c2876df0d7cf83a951e54debe1c55273e27620f6767841d3ed,24259,2
C:\SRS(ISIC_2019)\Dataset\NV\ISIC_0072329.jpg,isic_0072329,5,34f30d5424d6bbf64152fa5b9eeeac6767c0e1a65b61410618d6488de2fdf7c7,24263,2
C:\SRS(ISIC_2019)\Dataset\NV\ISIC_0072333.jpg,isic_0072333,5,f3b2d04f59f2595829000a21b09feac0d46c80d988d9f083965b2177e48a6116,24265,2
C:\SRS(ISIC_2019)\Dataset\NV\ISIC_0072340.jpg,isic_0072340,5,01d3a94d7e7ea0a21c0bc78375313a568e528992d0b56437457e7dec04fbe45b,24267,2
C:\SRS(ISIC_2019)\Dataset\NV\ISIC_0072367.jpg,isic_0072367,5,25ab93920cb9e550541a52c05cd31ee49744aee0485408aa5a34df4c15760be4,24269,2
C:\SRS(ISIC_2019)\Dataset\NV\ISIC_0072368.jpg,isic_0072368,5,73d06f58965ea2bb0b6d74169612a3141c57f39dd92b243063191fe81dcd9505,24270,2
C:\SRS(ISIC_2019)\Dataset\NV\ISIC_0072394.jpg,isic_0072394,5,27dbe73bb30127e8a7c81c340297d9214d2472f3994ece4b3d70ce55382a1411,24274,2
C:\SRS(ISIC_2019)\Dataset\NV\ISIC_0072403.jpg,isic_0072403,5,d47d637518813e510e8776dba4a8b12979c8181abaa0ea4469994f490fc7720f,24275,2
C:\SRS(ISIC_2019)\Dataset\NV\ISIC_0072412.jpg,isic_0072412,5,27f59b62acbe5a3d8673482adb75ee39e07566e041da4afedea5fb5e4567856a,24277,2
C:\SRS(ISIC_2019)\Dataset\NV\ISIC_0072443.jpg,isic_0072443,5,2ad59302e2df696360f088d8d005e9e37168c3809871226004ff8b2ce3ba105b,24282,2
C:\SRS(ISIC_2019)\Dataset\NV\ISIC_0072472.jpg,isic_0072472,5,c877723c6d0b15ad19fe4ce2dabeec7ad2ab0b0249f52eb1cd260a3bb7065031,24290,2
C:\SRS(ISIC_2019)\Dataset\NV\ISIC_0072518.jpg,isic_0072518,5,abb92311712ffb2701654efb2c53bb3c99ba5e063152ea6781015af90459c571,24297,2
C:\SRS(ISIC_2019)\Dataset\NV\ISIC_0072609.jpg,isic_0072609,5,5cc4b606220426c3d456e696578dd7911ddb75d4e19bddff64490e906eca8a19,24315,2
C:\SRS(ISIC_2019)\Dataset\NV\ISIC_0072637.jpg,isic_0072637,5,557eacd4d1ed58fd36da5d57c78e4ba18b81f1531e193aed9a4628a3cdb60115,24321,2
C:\SRS(ISIC_2019)\Dataset\NV\ISIC_0072659.jpg,isic_0072659,5,58f3ac964ea8022f656f51ca423ce150699ec7f5a2a963eed096d5d403ea6de9,24327,2
C:\SRS(ISIC_2019)\Dataset\NV\ISIC_0072675.jpg,isic_0072675,5,bbf9f50aec6512eb55b0319db3276cccd7fa82c82e54f80b275e14b39deac8c1,24330,2
C:\SRS(ISIC_2019)\Dataset\NV\ISIC_0072687.jpg,isic_0072687,5,f6ec65f6c2eae7f0d16e7710def8001c9dbf271898d8fe435b67839d505ebd78,24332,2
C:\SRS(ISIC_2019)\Dataset\NV\ISIC_0072710.jpg,isic_0072710,5,006f6e2bca9b47d71fe30a3c738e92e40c9afdfd069dfe403e3dcdfc785c735f,24336,2
C:\SRS(ISIC_2019)\Dataset\NV\ISIC_0072729.jpg,isic_0072729,5,8ff74cb02baf742d7491f77e2c6866ae2a1471de0cdbc971054f6becee0af956,24341,2
C:\SRS(ISIC_2019)\Dataset\NV\ISIC_0072742.jpg,isic_0072742,5,2567a1af9bbb2f4a4bb6b12e8deccd6069dc1ac5bfe7052232a2ac5593e85c7d,24343,2
C:\SRS(ISIC_2019)\Dataset\NV\ISIC_0072745.jpg,isic_0072745,5,8c4f1ce13584034a0d2b5c746b1727c7e1235ca54cb887e1afe1b1a91d5f3fc1,24344,2
C:\SRS(ISIC_2019)\Dataset\NV\ISIC_0072771.jpg,isic_0072771,5,5d0e4695237bb03f50f3b97c6ec27f101cfa509fb1a063671afb519b71682001,24350,2
C:\SRS(ISIC_2019)\Dataset\NV\ISIC_0072796.jpg,isic_0072796,5,91abf9611cec5fd6582225b1daaf68cf7a77e5c1bf10e98c98bfcbb8b77f7a4b,24356,2
C:\SRS(ISIC_2019)\Dataset\NV\ISIC_0072798.jpg,isic_0072798,5,e9925f617eb1aecdfa678608390c10942a89efd15d86cf25b155276fa85ae58a,24357,2
C:\SRS(ISIC_2019)\Dataset\NV\ISIC_0072806.jpg,isic_0072806,5,76cec66be7e1f0e53f143e4e99f323b59e4da05022c5be4f1f08eb1b5f7f4c11,24359,2
C:\SRS(ISIC_2019)\Dataset\NV\ISIC_0072836.jpg,isic_0072836,5,639f7e3c07ebb80ffee23f997c4bd5b41308efd74029d55e7e115d93c56d286c,24362,2
C:\SRS(ISIC_2019)\Dataset\NV\ISIC_0072837.jpg,isic_0072837,5,f1d3e8d95612c1b70d630ed6fdece8fda854247789c290bd83835e68e68bc34d,24363,2
C:\SRS(ISIC_2019)\Dataset\NV\ISIC_0072838.jpg,isic_0072838,5,a2141d0e1ad9e7bad830dd69a421d77c104db70903c595956b8bbce88f22efb9,24364,2
C:\SRS(ISIC_2019)\Dataset\NV\ISIC_0072855.jpg,isic_0072855,5,5c3e65daee126688cfa02db2d4579f71dc918035e792bfe0b851a6542b8137f3,24369,2
C:\SRS(ISIC_2019)\Dataset\NV\ISIC_0072885.jpg,isic_0072885,5,1e28ea332dabeb42daae8ffee0e32d962f97a204004d3d2e31400b0086de3e0b,24378,2
C:\SRS(ISIC_2019)\Dataset\NV\ISIC_0072957.jpg,isic_0072957,5,d9a3571b59cfeb89b7fdd1ee980e1e9e435c3a366733baca31a1425a6a28ef6f,24389,2
C:\SRS(ISIC_2019)\Dataset\NV\ISIC_0072960.jpg,isic_0072960,5,4fc0725198541f0f22dab33d4b6891be1c24986c9f9451410305c7a6f627a9c1,24390,2
C:\SRS(ISIC_2019)\Dataset\NV\ISIC_0073008.jpg,isic_0073008,5,11bd5fab9d8a48b519016a48aaa30835f36ddfd1fb996c8e7b23f098afdcc77f,24399,2
C:\SRS(ISIC_2019)\Dataset\NV\ISIC_0073015.jpg,isic_0073015,5,899f92bbb75ac8aeba59867976ca1d3f09002ac4484948db8d8e8c6da64ed876,24400,2
C:\SRS(ISIC_2019)\Dataset\NV\ISIC_0073058.jpg,isic_0073058,5,566f1e98b60571a376a98119450978ec2a1509a2f21bbeca8a76abbfbaa34390,24407,2
C:\SRS(ISIC_2019)\Dataset\NV\ISIC_0073069.jpg,isic_0073069,5,1c6f48dd5536a4e449d6f751e7892d9e58b4474d98161552aaaf8efdeff85d5b,24408,2
C:\SRS(ISIC_2019)\Dataset\NV\ISIC_0073125.jpg,isic_0073125,5,4297ee11ded08e967bae01dc33349b39122f1c3e5b655b93cf40ba33c9313ead,24415,2
C:\SRS(ISIC_2019)\Dataset\NV\ISIC_0073144.jpg,isic_0073144,5,b73dc1a3dbd74ac4a04fdfdb6af58ee73b243b1ae68c9eb6b7ad2f39498b1f42,24419,2
C:\SRS(ISIC_2019)\Dataset\NV\ISIC_0073187.jpg,isic_0073187,5,117227fd517f3e384808579df8d4ace2d6b6f36777d2131ad9b6acf09cd0890f,24430,2
C:\SRS(ISIC_2019)\Dataset\NV\ISIC_0073201.jpg,isic_0073201,5,4cece8d39a5c6bd0d081111593a1a0b1966ec1c19f9299bf2111399d8613d202,24432,2
C:\SRS(ISIC_2019)\Dataset\NV\ISIC_0073219.jpg,isic_0073219,5,209fea32428b0ebfb3bfc2c95d3fe2a8ab12ee7073662c16c12c3be8857ed36b,24438,2
C:\SRS(ISIC_2019)\Dataset\NV\ISIC_0073220.jpg,isic_0073220,5,753af587615ce3accf74b78c48753c597a4a93ed761d7c8dfd30e76839f32e2c,24439,2
C:\SRS(ISIC_2019)\Dataset\NV\ISIC_0073251.jpg,isic_0073251,5,88c32960ee577dff322d4540b329872b363cc4e4b7a7773887995a13b70f3aca,24445,2
C:\SRS(ISIC_2019)\Dataset\SCC\ISIC_0024329.jpg,isic_0024329,6,343e4bc5295611175b7131ea5b52037cd5b50376fe08d7210c898ce3444a2cf8,24446,2
C:\SRS(ISIC_2019)\Dataset\SCC\ISIC_0024450.jpg,isic_0024450,6,bbeaa31a6971fc15e6faf649610109e28726606291c4b84e9944e4db2197a883,24449,2
C:\SRS(ISIC_2019)\Dataset\SCC\ISIC_0024463.jpg,isic_0024463,6,3e1bed546edf0fb34cd4e2c1622045baf5f1a2ca7cae211af969914c1bb4c2ee,24450,2
C:\SRS(ISIC_2019)\Dataset\SCC\ISIC_0024925.jpg,isic_0024925,6,044da6e6c2dd4967422e6aa9571ce857c99feeb742ef9df27ef8a7f5643e591d,24460,2
C:\SRS(ISIC_2019)\Dataset\SCC\ISIC_0024946.jpg,isic_0024946,6,7e4c8d3c52042ce1080356b5b7f00000d7f1b07f521fcaa7c40b50649ba0e695,24461,2
C:\SRS(ISIC_2019)\Dataset\SCC\ISIC_0025247.jpg,isic_0025247,6,9b388355dcd7d3cd4cc727e22e08cc1667f238d74aa50f5c46422ddf57c5fe79,24469,2
C:\SRS(ISIC_2019)\Dataset\SCC\ISIC_0025264.jpg,isic_0025264,6,4443710c5bb2e1c86229018afa42419be4ffd58642fe2ce229254ef2a17e5d3b,24470,2
C:\SRS(ISIC_2019)\Dataset\SCC\ISIC_0025319.jpg,isic_0025319,6,508474f9aad776e2f16aa8be6a6312b42aaa42dd76420778383f1d66802a0741,24471,2
C:\SRS(ISIC_2019)\Dataset\SCC\ISIC_0025350.jpg,isic_0025350,6,b2aaf7fc51aaa7c9c8f9876ed52b9db14ca5a7f5882743acbfcaa01f82f5ff75,24473,2
C:\SRS(ISIC_2019)\Dataset\SCC\ISIC_0025808.jpg,isic_0025808,6,f434411d63bdceefc75842d3ab2cd2f7a43f3b26c510498ecc126129ce130559,24483,2
C:\SRS(ISIC_2019)\Dataset\SCC\ISIC_0025811.jpg,isic_0025811,6,c3720e1713d4c408f75d83ca34a071a5a03569cfa65b08f3f8815895cf2f238c,24484,2
C:\SRS(ISIC_2019)\Dataset\SCC\ISIC_0025831.jpg,isic_0025831,6,37dbfa394b3a1211b24cceb43abcdbeeca67efc0cb48209e36f7f943f96848b9,24485,2
C:\SRS(ISIC_2019)\Dataset\SCC\ISIC_0025948.jpg,isic_0025948,6,f1b399321cd0013d714734020b05b6b1e736146241a142cbfbe66a169b5cf0c6,24486,2
C:\SRS(ISIC_2019)\Dataset\SCC\ISIC_0026100.jpg,isic_0026100,6,463089ba2a584067c7f9409a9058f60aee96f23aed9ab1555c7853f9295b78fe,24489,2
C:\SRS(ISIC_2019)\Dataset\SCC\ISIC_0026138.jpg,isic_0026138,6,d4cb281c25dd2fc78e977b6a75fd52c70ff794c33b775258b31ea14398e76f5e,24491,2
C:\SRS(ISIC_2019)\Dataset\SCC\ISIC_0026466.jpg,isic_0026466,6,74be90d7abc52c078448e6d2795dd922184310d2047f118d986ff3061271547a,24501,2
C:\SRS(ISIC_2019)\Dataset\SCC\ISIC_0026522.jpg,isic_0026522,6,b642c5165cce2ea6e1b73dcdab5c674a741cc3c3259a93e4768308d744622ecf,24503,2
C:\SRS(ISIC_2019)\Dataset\SCC\ISIC_0026981.jpg,isic_0026981,6,8d9757d655a9a0d6ecbb75050e1769359d0c5d40e90114f528b7c2dd306c9780,24509,2
C:\SRS(ISIC_2019)\Dataset\SCC\ISIC_0028132.jpg,isic_0028132,6,219d3cfdde71dc466e515fc5ea0c2e29fa60e20c89aa2d6e79087a324e94068d,24531,2
C:\SRS(ISIC_2019)\Dataset\SCC\ISIC_0028224.jpg,isic_0028224,6,835d9dc495a75360e79e19a44e390898ee0c138bc3bd19b53db2a401756de241,24533,2
C:\SRS(ISIC_2019)\Dataset\SCC\ISIC_0028372.jpg,isic_0028372,6,4c1a86ab9faa108242333fe18c7edbd85d3c4f5f5386399c6eb174d8bfd88224,24537,2
C:\SRS(ISIC_2019)\Dataset\SCC\ISIC_0028872.jpg,isic_0028872,6,68481f314093951f84f24dbdaf7dcb79372d6a0e80e02d8458b55dc2ba621c7e,24546,2
C:\SRS(ISIC_2019)\Dataset\SCC\ISIC_0029462.jpg,isic_0029462,6,cd91decfce40e2fae222f379195b1ff506db71a4a0d14a8f07919e6f199cb474,24558,2
C:\SRS(ISIC_2019)\Dataset\SCC\ISIC_0029573.jpg,isic_0029573,6,2bd868f5af48a53bb09080e305cc7bd3bb280a08c1fdb6e7649d72edd242771e,24564,2
C:\SRS(ISIC_2019)\Dataset\SCC\ISIC_0029634.jpg,isic_0029634,6,8d9cdaecad8cd47bf48357e154aaea48c04907446ed15f6f1764f1e4de61effa,24568,2
C:\SRS(ISIC_2019)\Dataset\SCC\ISIC_0030191.jpg,isic_0030191,6,e68f23410a81efb1ab2547ff8579cbae1cdbdfeef48e28abe9ae70a32a669ba4,24578,2
C:\SRS(ISIC_2019)\Dataset\SCC\ISIC_0030245.jpg,isic_0030245,6,05be1faa4a2e0addbd313d1cfead6d62860db9c14862de9ece115893fde8e0f0,24579,2
C:\SRS(ISIC_2019)\Dataset\SCC\ISIC_0030280.jpg,isic_0030280,6,f04b25eb287e018257c7a5ee1c9b57a65cb363f7df6b88379a69707e7e1d58a2,24580,2
C:\SRS(ISIC_2019)\Dataset\SCC\ISIC_0030297.jpg,isic_0030297,6,16eafcfca46c2fc7834f636c9a58abb70437a3c2b3873a75355a9d7a60bf6b5d,24581,2
C:\SRS(ISIC_2019)\Dataset\SCC\ISIC_0030375.jpg,isic_0030375,6,2b11c10095bb5ba4cf75ba3a835d2816a8cce3d61bf0be80788b1726c04e9a37,24583,2
C:\SRS(ISIC_2019)\Dataset\SCC\ISIC_0030549.jpg,isic_0030549,6,291fe2bf930e28086488a1f3f704cb7f5f8ca318bb23838bd5498c5ccc1391d6,24586,2
C:\SRS(ISIC_2019)\Dataset\SCC\ISIC_0030591.jpg,isic_0030591,6,ae3ed190bc0ed034b9b6f1fc9fa5db7f3ee71e6dba8bb9a7cdfdc711ec6a5a24,24587,2
C:\SRS(ISIC_2019)\Dataset\SCC\ISIC_0031191.jpg,isic_0031191,6,3e1e54e6ba1d71dd759c74555a68a2bf19653c530d7bb81e7928b74c77d5d30f,24604,2
C:\SRS(ISIC_2019)\Dataset\SCC\ISIC_0031211.jpg,isic_0031211,6,d9b8a4d471226ca4df847ae1904a002bb05054f8f90a1c439119e51ae2494b94,24606,2
C:\SRS(ISIC_2019)\Dataset\SCC\ISIC_0031286.jpg,isic_0031286,6,d24bbc1d1393ea0135e73ebe26974c0b3a5fc319efeebd24728f9ccee0f876f6,24607,2
C:\SRS(ISIC_2019)\Dataset\SCC\ISIC_0031672.jpg,isic_0031672,6,b2733fd33319f981c158131868ad27df951628785f7dd1d10b1fe8c9ba4f1002,24613,2
C:\SRS(ISIC_2019)\Dataset\SCC\ISIC_0032238.jpg,isic_0032238,6,48aa25aefd4fbd7398c70ccc7bcdec239d50399de4ce6ba91b970b11dbf3a6b6,24627,2
C:\SRS(ISIC_2019)\Dataset\SCC\ISIC_0054057.jpg,isic_0054057,6,b0eccb0b93ef81e6a034e6b28e6e174058d08c4440b58097650cdda8bafe5114,24658,2
C:\SRS(ISIC_2019)\Dataset\SCC\ISIC_0054163.jpg,isic_0054163,6,fe59c0410a976201958cfee60e5e0c1c48cbdd0da04fc45dc348c1dac7a3dd62,24660,2
C:\SRS(ISIC_2019)\Dataset\SCC\ISIC_0054315.jpg,isic_0054315,6,5337a616268267ed02a62cf8a5cae54df055932db6eee512ed3891a400665b6c,24663,2
C:\SRS(ISIC_2019)\Dataset\SCC\ISIC_0054515.jpg,isic_0054515,6,f311118eaea5fa7f88a069e5129ac98cd64926a3b1689c53579ebba8efc4932f,24667,2
C:\SRS(ISIC_2019)\Dataset\SCC\ISIC_0055131.jpg,isic_0055131,6,a0933bdad12d512b6f1d106d84e125acb8aa0799f4800b61d770e04571137d50,24680,2
C:\SRS(ISIC_2019)\Dataset\SCC\ISIC_0055328.jpg,isic_0055328,6,3efdf497aead3120907a85cf17de81141ba910bb3f3d753e80f28819135b295d,24685,2
C:\SRS(ISIC_2019)\Dataset\SCC\ISIC_0055920.jpg,isic_0055920,6,5d625f3994a04a84763d3a22c7824045fed9a9cdf001d05e21da4b085a217c16,24694,2
C:\SRS(ISIC_2019)\Dataset\SCC\ISIC_0056150.jpg,isic_0056150,6,a23fd6aa52d28e6bebdc635072a4165dc1d31fd129046ed9cf78997732b0f05a,24701,2
C:\SRS(ISIC_2019)\Dataset\SCC\ISIC_0056493.jpg,isic_0056493,6,b65010f3fee98a8ce0481a5d8d6ef377191880c743abd389c8bca21f305d76cd,24706,2
C:\SRS(ISIC_2019)\Dataset\SCC\ISIC_0056611.jpg,isic_0056611,6,7f14ee6c90613c50e4d10b57812239bd92bd9461754820dc4c6523831ae142e2,24708,2
C:\SRS(ISIC_2019)\Dataset\SCC\ISIC_0056913.jpg,isic_0056913,6,79810d094186f723888993f4142bdcae13fc5b37a7022dcd60c6db57ff90d071,24715,2
C:\SRS(ISIC_2019)\Dataset\SCC\ISIC_0057043.jpg,isic_0057043,6,8a13c0ecf24a43ad62936ddcdfad270d1d101bf2dd4c3bc046932fed91bbb26f,24720,2
C:\SRS(ISIC_2019)\Dataset\SCC\ISIC_0057131.jpg,isic_0057131,6,ce25ad2f16eb1f47ad3ff0b92c80868c827ac777c8152ab0bc06d4425c024070,24723,2
C:\SRS(ISIC_2019)\Dataset\SCC\ISIC_0057415.jpg,isic_0057415,6,1326665b32bc9a8d0fbd4e0469b5ec5d120f6a32bd63bc2935b0244bf13b6086,24731,2
C:\SRS(ISIC_2019)\Dataset\SCC\ISIC_0057883.jpg,isic_0057883,6,31bdfda17f238af3a8e5ae67d0374b59ef23b9fb226979fa651d32c0f7e005a6,24743,2
C:\SRS(ISIC_2019)\Dataset\SCC\ISIC_0059152.jpg,isic_0059152,6,5868c6dad845321702fe0c86695b9c7e718338837473b8ec4c86def46152f2bc,24776,2
C:\SRS(ISIC_2019)\Dataset\SCC\ISIC_0059277.jpg,isic_0059277,6,fdb55cdcabde9e28f0b3886865faf8f7d07b9f9acbcc64628d7fcdc5c39fc968,24777,2
C:\SRS(ISIC_2019)\Dataset\SCC\ISIC_0059342.jpg,isic_0059342,6,e7d46d107a65452c8685a22248ce607d170edb987a26b5717294cb0edabf457f,24778,2
C:\SRS(ISIC_2019)\Dataset\SCC\ISIC_0059395.jpg,isic_0059395,6,055f6b11a0be52e80f04b6ec4639d6564d92070d7356e4c498816543b902ab52,24779,2
C:\SRS(ISIC_2019)\Dataset\SCC\ISIC_0059403.jpg,isic_0059403,6,be6370e493f8bcbd6c70d216d00c57fd3b73e625007266a4f91c01cbd485c498,24780,2
C:\SRS(ISIC_2019)\Dataset\SCC\ISIC_0060280.jpg,isic_0060280,6,2819cea0c770735e8537d91079c6eca76d16ce3b83d28b128598f80335a0b503,24795,2
C:\SRS(ISIC_2019)\Dataset\SCC\ISIC_0060331.jpg,isic_0060331,6,ede5ded621759153b0d90c7e0a35064ccc63dbe3002ec2cc36c51f294133f8b5,24797,2
C:\SRS(ISIC_2019)\Dataset\SCC\ISIC_0060366.jpg,isic_0060366,6,3ad6e46135397eabb9ec98a3b97ff32ae42fe19e61c8cd8af95fe23e8dfcba5b,24801,2
C:\SRS(ISIC_2019)\Dataset\SCC\ISIC_0060580.jpg,isic_0060580,6,9a589b6d51ca558955940f49092dd597e473962ba47c09b945044abde1027336,24804,2
C:\SRS(ISIC_2019)\Dataset\SCC\ISIC_0060623.jpg,isic_0060623,6,62286584f527536c4f0414b61ad79ec746df69dbb0653ba45afff4575dae7487,24805,2
C:\SRS(ISIC_2019)\Dataset\SCC\ISIC_0061016.jpg,isic_0061016,6,2bd95bb3cdee81d3cb87047f41cd600e5ed1cee13b166a28f6b158c4c36ee160,24814,2
C:\SRS(ISIC_2019)\Dataset\SCC\ISIC_0061046.jpg,isic_0061046,6,fe8be8bca23a1cc479061b9ecdcbf723e2c7fa48697f6b4de4420e56c7bda2d1,24816,2
C:\SRS(ISIC_2019)\Dataset\SCC\ISIC_0061240.jpg,isic_0061240,6,f303f1e9dcbbce6318bee3a5920d2a2ec6cb618163042874133079264fc7f328,24824,2
C:\SRS(ISIC_2019)\Dataset\SCC\ISIC_0061263.jpg,isic_0061263,6,37a5dfbeaeae5e9632644c2d1fa88d52bca3ac1e6e7bd05bbe7ba7594cb54487,24826,2
C:\SRS(ISIC_2019)\Dataset\SCC\ISIC_0061322.jpg,isic_0061322,6,306ef92cd599f780151d39f7d659d00e8cb118ed5f39e73645211efd0bd4c906,24827,2
C:\SRS(ISIC_2019)\Dataset\SCC\ISIC_0061388.jpg,isic_0061388,6,b2e0abd912a4d5e8d3c9ae494c8c42de0ecd345b28b7f53bdfc146b1fa9fb340,24828,2
C:\SRS(ISIC_2019)\Dataset\SCC\ISIC_0061896.jpg,isic_0061896,6,b2e9b468e3dd11acae284ed47b15c6050709ba57a1147b6dc0217b945e79df64,24835,2
C:\SRS(ISIC_2019)\Dataset\SCC\ISIC_0062117.jpg,isic_0062117,6,3d33acab42f5845fc604203d91f5ac2e52b229f2d888c5af936f8e7f97959bcf,24839,2
C:\SRS(ISIC_2019)\Dataset\SCC\ISIC_0062479.jpg,isic_0062479,6,5739a9155195270e24672a565d172ae91aaa52c16ec6f1d002aba35a30d66641,24846,2
C:\SRS(ISIC_2019)\Dataset\SCC\ISIC_0063217.jpg,isic_0063217,6,b4d8f4677678dda3f11ea0c9b0a85d6cb0ee5e454973a957e66a2e447c1d629f,24859,2
C:\SRS(ISIC_2019)\Dataset\SCC\ISIC_0063559.jpg,isic_0063559,6,9a738d9b5a518b4b8bc8dd6dd49392b0bab9c2ac0ad37275e158fc595b0cd329,24865,2
C:\SRS(ISIC_2019)\Dataset\SCC\ISIC_0063631.jpg,isic_0063631,6,eb67abdcb9ac8fbf85992835941dfbdeee37d8aa976b36d7b5f8309785a64ee9,24868,2
C:\SRS(ISIC_2019)\Dataset\SCC\ISIC_0063746.jpg,isic_0063746,6,460afe28dd0a4530817024622d3f06c59627537118b94c92ef322667a7352772,24871,2
C:\SRS(ISIC_2019)\Dataset\SCC\ISIC_0064386.jpg,isic_0064386,6,3186d8c63aa46ab1edb27ca6cdffac768ebaa17a0b998df79a5658024f0171ef,24886,2
C:\SRS(ISIC_2019)\Dataset\SCC\ISIC_0064579.jpg,isic_0064579,6,716832c790bc5305c30271e9ee92b8394dd7236d012ee4afbbe0b7126970a666,24890,2
C:\SRS(ISIC_2019)\Dataset\SCC\ISIC_0065778.jpg,isic_0065778,6,d5a16659962b2fd6f8718303045db9031be5b60dffd3674828c8d362928be3e1,24910,2
C:\SRS(ISIC_2019)\Dataset\SCC\ISIC_0065888.jpg,isic_0065888,6,954bc25e5cc52e4b25cfdd6185c36e53b30267344f8e53efd14ed70b231af31e,24913,2
C:\SRS(ISIC_2019)\Dataset\SCC\ISIC_0066377.jpg,isic_0066377,6,a7cd5abe79e552ad5614c3bfc6eabdf70f6b649c3d8a2f05ae59c19a15192f87,24918,2
C:\SRS(ISIC_2019)\Dataset\SCC\ISIC_0066938.jpg,isic_0066938,6,e456e6bbc83f9b75d0e61be9455ed4a071d006c7bd5b80185437129116ea0434,24932,2
C:\SRS(ISIC_2019)\Dataset\SCC\ISIC_0067044.jpg,isic_0067044,6,7e28d6a745995c60c57847266fbeba168c26dc8b29ad02c5e3e2a8ded797cdab,24934,2
C:\SRS(ISIC_2019)\Dataset\SCC\ISIC_0067075.jpg,isic_0067075,6,bdca4a238cde1fdf2e43c6f7952ab689fbf42946805f0ee8f505e5dd4c56d5ae,24936,2
C:\SRS(ISIC_2019)\Dataset\SCC\ISIC_0067709.jpg,isic_0067709,6,6084d714a6247615b1bd43331cbb307be59add785398965f85fe9220f2c04ccb,24949,2
C:\SRS(ISIC_2019)\Dataset\SCC\ISIC_0067803.jpg,isic_0067803,6,0fb5e6acc84fbf5d8a1f4d9662179a9335db31ccc45dde57b5606767cd1f227d,24950,2
C:\SRS(ISIC_2019)\Dataset\SCC\ISIC_0067868.jpg,isic_0067868,6,16582c3892902826567bb03ebcfeb52e3e7cc33b3cfb157d3630c50d6e2b4e4f,24951,2
C:\SRS(ISIC_2019)\Dataset\SCC\ISIC_0067971.jpg,isic_0067971,6,dfa473621be30fce4a55845f92c14a8270620b69d6335099344f2f86f084a992,24956,2
C:\SRS(ISIC_2019)\Dataset\SCC\ISIC_0068067.jpg,isic_0068067,6,6864f000c11e0becff1786c23e0560ebf50f5e91226c07616e1af5e446a95e50,24958,2
C:\SRS(ISIC_2019)\Dataset\SCC\ISIC_0068203.jpg,isic_0068203,6,95cc9cc55b3d8869b06762c7fbac55929fbd09f9db1f184e9df5ce26a896948c,24960,2
C:\SRS(ISIC_2019)\Dataset\SCC\ISIC_0068367.jpg,isic_0068367,6,67d543f04b21af7e001376ab4c20314b5d5168e9f092ade241f8352fd2ae95c8,24964,2
C:\SRS(ISIC_2019)\Dataset\SCC\ISIC_0068390.jpg,isic_0068390,6,744e7cedf1d8c4c711b871cc39ce846d3e4a244b3cad119b9ed3b0bc8fc977ca,24967,2
C:\SRS(ISIC_2019)\Dataset\SCC\ISIC_0068498.jpg,isic_0068498,6,64e75fd70394679e5b92a15c198ef860ec161bb078547e7ca6c09d0eb1030805,24972,2
C:\SRS(ISIC_2019)\Dataset\SCC\ISIC_0068842.jpg,isic_0068842,6,dada62312a81d76fa7ef6e7ef15ca55825e9d7bc9ba6eac5fa8463ecd9db1b47,24982,2
C:\SRS(ISIC_2019)\Dataset\SCC\ISIC_0069388.jpg,isic_0069388,6,fd2a850c3241b41d8379e8a0ff32d6fad8c6fb7a5b7a94114be8957c262fc797,24994,2
C:\SRS(ISIC_2019)\Dataset\SCC\ISIC_0069446.jpg,isic_0069446,6,e2e08ac7cef29bf944d1594adea89101f56c9854624c0824f20b6e00adc38920,24997,2
C:\SRS(ISIC_2019)\Dataset\SCC\ISIC_0069695.jpg,isic_0069695,6,9874d2d82a25a437df00b9f508381fa8bab98f6cf945c4e318b2d166091ec1d6,25000,2
C:\SRS(ISIC_2019)\Dataset\SCC\ISIC_0070083.jpg,isic_0070083,6,888e14a96dc20871f47222e67fb8aa2ff7d7fde67f596d5ca6db67fe395240b8,25008,2
C:\SRS(ISIC_2019)\Dataset\SCC\ISIC_0070286.jpg,isic_0070286,6,1c4b4338cfc8ee14e0aeda70fc82a01f026a69fe95b756ab9e819d9b4e610224,25013,2
C:\SRS(ISIC_2019)\Dataset\SCC\ISIC_0070338.jpg,isic_0070338,6,07e8980953ec1cc083c448f34c7a68c8c7345e638b862e1611ea07dbf5577960,25015,2
C:\SRS(ISIC_2019)\Dataset\SCC\ISIC_0070421.jpg,isic_0070421,6,1515fdb083687c348d5344f86155ee375b9e246e0be3ee887eb152833889d32f,25018,2
C:\SRS(ISIC_2019)\Dataset\SCC\ISIC_0071071.jpg,isic_0071071,6,70266167e389ca192d2018c2983623d3cfd537af1f70e6e7f199fcf30244431e,25028,2
C:\SRS(ISIC_2019)\Dataset\SCC\ISIC_0071151.jpg,isic_0071151,6,5262cd1fd5d647b5d959bcbf9889015e75ce43cdfa35287da00a34f0148609df,25030,2
C:\SRS(ISIC_2019)\Dataset\SCC\ISIC_0071318.jpg,isic_0071318,6,274f582cf412ed9b0733ba28e10f4232edfdc67d8ab7e6c2c7df2222d8e5047e,25034,2
C:\SRS(ISIC_2019)\Dataset\SCC\ISIC_0071322.jpg,isic_0071322,6,e5e1d125c879bbfa85bd77a9f9a056c83a36961698b983a334ab2223710bff9c,25035,2
C:\SRS(ISIC_2019)\Dataset\SCC\ISIC_0071786.jpg,isic_0071786,6,74136b3471ecc518001ef03740f207f0c2aafbe197cf81ec23c946020e6bbe84,25041,2
C:\SRS(ISIC_2019)\Dataset\SCC\ISIC_0071976.jpg,isic_0071976,6,5954beaa89c3d6b96b6d9fcf34a06da53165b041a0b54a8123d1da7acc14f812,25048,2
C:\SRS(ISIC_2019)\Dataset\SCC\ISIC_0072114.jpg,isic_0072114,6,52db6241d82b505df2aec2450ba3c34bae526ecebb9d142e4e118de6b69b85aa,25050,2
C:\SRS(ISIC_2019)\Dataset\SCC\ISIC_0072135.jpg,isic_0072135,6,2f8b4fd7c045beeeca50e8300f175f7045f50d1ffade0af7fc6863f05f3252f1,25051,2
C:\SRS(ISIC_2019)\Dataset\SCC\ISIC_0072933.jpg,isic_0072933,6,990bbd52487d03559aca74537f8c3850e2b5e68c669ee583af4e2298fd4ff190,25067,2
C:\SRS(ISIC_2019)\Dataset\VASC\ISIC_0024904.jpg,isic_0024904,7,af436c8552bd3c2fe003e90956412cb13089f641bf678e75990ad8d754703ca3,25083,2
C:\SRS(ISIC_2019)\Dataset\VASC\ISIC_0025244.jpg,isic_0025244,7,a9d38c52aa3b0bfdfad36c571c1067fdb4e8b5f32ad5f85ea399d403844b1cb1,25085,2
C:\SRS(ISIC_2019)\Dataset\VASC\ISIC_0025249.jpg,isic_0025249,7,86b8f9c1bfe308d95577932c51826278230049bd84ef5f37b8df541f27de751d,25086,2
C:\SRS(ISIC_2019)\Dataset\VASC\ISIC_0025596.jpg,isic_0025596,7,4d7299ed107af5d76a8526788eae842872acfb87027e918aac06ea8b4d5c0609,25092,2
C:\SRS(ISIC_2019)\Dataset\VASC\ISIC_0025677.jpg,isic_0025677,7,50b053a5c09b7f261059c7acc8c423a4cb9d80263cc6057d5893dd1d6fa366bf,25097,2
C:\SRS(ISIC_2019)\Dataset\VASC\ISIC_0025707.jpg,isic_0025707,7,6d6a72a9cc690b886fd2d114286074fba91a46fca1e0b3851b6d4d5a886c0981,25099,2
C:\SRS(ISIC_2019)\Dataset\VASC\ISIC_0026393.jpg,isic_0026393,7,9e64699b593543b60f0b753f413faf411ff928a67395ef5f678cd5767eb353b7,25108,2
C:\SRS(ISIC_2019)\Dataset\VASC\ISIC_0027256.jpg,isic_0027256,7,2e5b5c39298727d3795704ea54aa35d0d39fe24daae9808107cb7d1e3f075b45,25117,2
C:\SRS(ISIC_2019)\Dataset\VASC\ISIC_0027563.jpg,isic_0027563,7,a3d8748d5daae974120d7801ea2e30b1b58593f7cc6a101bf04fc431331cb26b,25121,2
C:\SRS(ISIC_2019)\Dataset\VASC\ISIC_0027856.jpg,isic_0027856,7,4898406f1bbf66276d56124e6dfc43cd05f9cf463f7433a592065a7d5c327c94,25125,2
C:\SRS(ISIC_2019)\Dataset\VASC\ISIC_0027903.jpg,isic_0027903,7,476c8d5e8bf60a0b40452d8dd51dc0d981c0948710fe57987014ab6608a285c0,25127,2
C:\SRS(ISIC_2019)\Dataset\VASC\ISIC_0028146.jpg,isic_0028146,7,9ad7323672c1a455f91dc52ef99bbb3362ea98e8ff33d974483a8310cca61fc2,25130,2
C:\SRS(ISIC_2019)\Dataset\VASC\ISIC_0028188.jpg,isic_0028188,7,f2dbe6b49b15233e2caee549c25b9dfd21e8469f25af4e3f919697effd1ad0a7,25132,2
C:\SRS(ISIC_2019)\Dataset\VASC\ISIC_0028680.jpg,isic_0028680,7,c7e2fb77a944637418901061d7a784dad2a835587e0a5cba2a3d0aa02939fcf2,25135,2
C:\SRS(ISIC_2019)\Dataset\VASC\ISIC_0028885.jpg,isic_0028885,7,ff35439c212aff95c48c85501cce1a475f11efa4f3ae38e2f2cfbf6fe33ae742,25137,2
C:\SRS(ISIC_2019)\Dataset\VASC\ISIC_0029742.jpg,isic_0029742,7,03317efe7ce35e6af243a7b230965e94036a6dea6763532429f7add3a87db41b,25145,2
C:\SRS(ISIC_2019)\Dataset\VASC\ISIC_0031093.jpg,isic_0031093,7,c826f50d35224f3173165d7834e35b7d85607bbac8a10eba47c399414b72e2c3,25159,2
C:\SRS(ISIC_2019)\Dataset\VASC\ISIC_0031103.jpg,isic_0031103,7,f165175132d67f8e7125dbff9c638d0a92a9e44fb6618f403e63e1050c43b335,25160,2
C:\SRS(ISIC_2019)\Dataset\VASC\ISIC_0031346.jpg,isic_0031346,7,6a2cdaf6d541a22d8a4a340e38bbcc2d6c05d291cd060de371c2ce2a4a51c4cd,25167,2
C:\SRS(ISIC_2019)\Dataset\VASC\ISIC_0031950.jpg,isic_0031950,7,f429d323a3e75f0c4c97c4109c80d754e8eb8afddc12637e58f27aea2c27ea0f,25173,2
C:\SRS(ISIC_2019)\Dataset\VASC\ISIC_0031996.jpg,isic_0031996,7,6d33cf3acc273826dc791b4572bdd274319ac7cea8e123b8ce9ee326e48b6b17,25175,2
C:\SRS(ISIC_2019)\Dataset\VASC\ISIC_0032919.jpg,isic_0032919,7,38a152973254fda96f63df5311f445911b83d627b141ec61c110690ed7d9a4b7,25193,2
C:\SRS(ISIC_2019)\Dataset\VASC\ISIC_0033123.jpg,isic_0033123,7,8d044dc880e93fdb8e1297136d70cd71c603c7b8aa1eb144fb106a3b331c2eab,25197,2
C:\SRS(ISIC_2019)\Dataset\VASC\ISIC_0033450.jpg,isic_0033450,7,def458ff88e667d8c21eee5c03393fb7c3352f7b643c634cc2c96c6df64e923b,25203,2
C:\SRS(ISIC_2019)\Dataset\VASC\ISIC_0034214.jpg,isic_0034214,7,8266e4062977285b49613c1f854677c1954f4836987a5e2bf087a84a02531f38,25215,2
C:\SRS(ISIC_2019)\Dataset\VASC\ISIC_0054532.jpg,isic_0054532,7,3ad79f0cdcffd48c46ef765eb4735a6f3cb06c6df8147d0439c4aea321a25159,25220,2
C:\SRS(ISIC_2019)\Dataset\VASC\ISIC_0055316.jpg,isic_0055316,7,14ef9c06e6acb6e978a03f394125af40e88f40999c26f4fd348e817b8a8e1c1c,25225,2
C:\SRS(ISIC_2019)\Dataset\VASC\ISIC_0055342.jpg,isic_0055342,7,4d354cc0cf149896232dc926db2de00a05f8ff76352be9164fd485c7bcf61a41,25226,2
C:\SRS(ISIC_2019)\Dataset\VASC\ISIC_0061674.jpg,isic_0061674,7,3279c0a28c4dc547555fa748004bcfc6296c4b1d470114a427e7d25aee7159d9,25255,2
C:\SRS(ISIC_2019)\Dataset\VASC\ISIC_0062550.jpg,isic_0062550,7,495f0e78b91c90422584d7b6a7894c8b046091ebe682c87142a5311a17429225,25257,2
C:\SRS(ISIC_2019)\Dataset\VASC\ISIC_0064315.jpg,isic_0064315,7,7eab43467fb38703e92e908698d30e567ba41c53875452f6b551e0022ce7f268,25263,2
C:\SRS(ISIC_2019)\Dataset\VASC\ISIC_0064323.jpg,isic_0064323,7,e8dd6b067cd16b56a2bbf84c562452b243f1bd8b30c017ec9380cdca1230b1a6,25264,2
C:\SRS(ISIC_2019)\Dataset\VASC\ISIC_0064621.jpg,isic_0064621,7,aee66b772b419426dc9ec92edba4b9b772aba24907df004cc5a17759f86385e3,25266,2
C:\SRS(ISIC_2019)\Dataset\VASC\ISIC_0065149.jpg,isic_0065149,7,f33eb6bc3047101053e42f61fcc237b9ca21ae367be37ef81757c90e950f6c47,25271,2
C:\SRS(ISIC_2019)\Dataset\VASC\ISIC_0065503.jpg,isic_0065503,7,c3bba51895b4ad33032721278ac56134df94e33418ea62f7ee6f9effda065de3,25273,2
C:\SRS(ISIC_2019)\Dataset\VASC\ISIC_0065906.jpg,isic_0065906,7,c39b3d19055fc558383b6c397f717f73983a11254cfe0d296cdbc04f1e38c49b,25275,2
C:\SRS(ISIC_2019)\Dataset\VASC\ISIC_0066461.jpg,isic_0066461,7,892321c808871eafb315b349b6f3ee71a7d6ae6021c05305ee6b5947e8eb4a69,25278,2
C:\SRS(ISIC_2019)\Dataset\VASC\ISIC_0067029.jpg,isic_0067029,7,895717f9eb8cb10fd1859894b9bdb1a231a349877fbbccb895bfb01347c81ee6,25283,2
C:\SRS(ISIC_2019)\Dataset\VASC\ISIC_0067382.jpg,isic_0067382,7,91a4df430e23b4865b81b6d85a2bc0c28051dfbd6c7533127c286a990921565e,25288,2
C:\SRS(ISIC_2019)\Dataset\VASC\ISIC_0068281.jpg,isic_0068281,7,4c8258820bd7deec5d8e4d49e9faede7548f0f16703a163035b8a006b8bc7974,25290,2
C:\SRS(ISIC_2019)\Dataset\VASC\ISIC_0068870.jpg,isic_0068870,7,c7d71d3dc68fe46f21ea86bf43d050876e4bb96130098eadd1bf42a80218890e,25293,2
C:\SRS(ISIC_2019)\Dataset\VASC\ISIC_0070899.jpg,isic_0070899,7,620a8f1527a37258989d26857a9f1ce320508a9f1523f8c3c1a329cf452cb3cb,25304,2
C:\SRS(ISIC_2019)\Dataset\VASC\ISIC_0070904.jpg,isic_0070904,7,ed486fe5a4bf21e254ee8ef4e913072404d3bae4c8b44d9456bede7d7ad42392,25305,2
C:\SRS(ISIC_2019)\Dataset\VASC\ISIC_0071337.jpg,isic_0071337,7,781d4b4918ad98a8e59c0c09392c582b00bc2eb4df6c1fe05eadd2d0b7fc27ba,25311,2
C:\SRS(ISIC_2019)\Dataset\VASC\ISIC_0071543.jpg,isic_0071543,7,cd6d97480302ca43b0885c336bb4e4ff41ac0e4284e1155558479da81f115974,25313,2
